
[92mpre-flight checks passed[0m

2026-04-07 11:06:25.567 [INFO] utils.log: logging to file: /opt/polytrader/bot/data/logs/2026-04-07_11-06-25.log
[92m[1m2026-04-07 11:06:25.567 [INFO] __main__: starting polymarket bot — mode=paper[0m
2026-04-07 11:06:25.567 [INFO] __main__: data paths: bankroll=/opt/polytrader/bot/data/paper/bankroll.json journal=/opt/polytrader/bot/data/paper/journal.jsonl state=/opt/polytrader/bot/data/paper/state.json results=/opt/polytrader/bot/data/paper/results
2026-04-07 11:06:25.570 [INFO] shared.ipc: IPC server listening on 0.0.0.0:19731
2026-04-07 11:06:25.616 [INFO] __main__: gamma API: reachable
2026-04-07 11:06:25.616 [INFO] shared.volatility_tracker: vol cache stale (41.4 min old, limit=30.0 min) — discarding
2026-04-07 11:06:25.617 [INFO] shared.chop_detector: chop cache stale (41.4 min old, limit=30.0 min) — discarding
2026-04-07 11:06:25.758 [INFO] utils.reconnect: rtds connected to wss://ws-live-data.polymarket.com
2026-04-07 11:06:25.758 [INFO] market_data.rtds_ws: RTDS subscribed to chainlink
2026-04-07 11:06:26.465 [INFO] utils.reconnect: binance connected to wss://stream.binance.com:9443/stream?streams=btcusdt@trade/btcusdt@depth5@100ms
2026-04-07 11:06:28.121 [INFO] __main__: price feeds live: binance=68234.13 chainlink=68226.42 — waiting for depth stream
[92m[1m2026-04-07 11:06:28.121 [INFO] __main__: all feeds live: binance=68234.13 chainlink=68226.42 obi=0.2645[0m
2026-04-07 11:06:28.122 [INFO] __main__: no signal file provided -- waiting for orchestrator to deliver first signal...
[93m2026-04-07 11:10:00.131 [INFO] __main__: pre-signal warmup: vol=0 prices chop=1 windows (0 min credited)[0m
[93m2026-04-07 11:15:00.201 [INFO] __main__: pre-signal warmup: vol=1 prices chop=2 windows (5 min credited)[0m
[93m2026-04-07 11:20:00.044 [INFO] __main__: pre-signal warmup: vol=2 prices chop=3 windows (10 min credited)[0m
2026-04-07 11:22:17.014 [INFO] shared.ipc: IPC: received authenticated signal_update (summary=signals_summary_1775560936.json)
2026-04-07 11:22:17.014 [INFO] __main__: received new signal from orchestrator: rank=1 side=Up
2026-04-07 11:22:17.030 [INFO] __main__: first signal received from orchestrator: rank=1 side=up signal_id=up_280.0_180.0_0.07_0.05
2026-04-07 11:22:17.030 [INFO] __main__: SIGNAL_SWAP_ACTIVE: {"rank":1,"side":"up","observeFromS":280.0,"observeToS":180.0,"minDeltaPct":0.07,"maxVariancePct":0.05,"trainWinRatePct":81.4,"oosWinRatePct":94.34,"oosBhAdjustedPValue":1.10475e-06,"oosMatches":53,"avgEntryPrice":0.8704,"evPerTrade":0.043,"smartScore":26.78,"wfFoldsAppeared":5,"wfTotalTestFolds":6,"wfFoldIndices":[3,4,5,6,7]}
[92m2026-04-07 11:22:17.030 [INFO] __main__: paper trading mode — orders will be simulated (balance=$1000.00)[0m
[93m2026-04-07 11:22:17.031 [INFO] __main__: warmup credit: vol=2_prices chop=3_windows — crediting 10 min toward warmup (20 min remaining)[0m
[96m[1m2026-04-07 11:22:17.031 [INFO] strategy.window_tracker: new window: btc-updown-5m-1775560800 (ts=1775560800)[0m
2026-04-07 11:22:17.111 [INFO] utils.reconnect: clob-market connected to wss://ws-subscriptions-clob.polymarket.com/ws/market
2026-04-07 11:22:17.111 [INFO] market_data.clob_market_ws: CLOB market subscribed for tokens up=429890740139 down=454086747797
[96m2026-04-07 11:22:17.116 [INFO] __main__: REGIME vol_stddev=0.000% chop_flips=5.0 sprt=dormant llr=0.00 age=0w bankroll=$1000.00[0m
[96m2026-04-07 11:22:17.116 [INFO] __main__: KELLY wr_adj=83.8% base=94.3% vol_disc=0.0% chop_disc=7.5% feedback=+0.0%[0m
[96m2026-04-07 11:22:17.116 [INFO] __main__: window open price captured: 68252.13 (chainlink)[0m
[2m2026-04-07 11:22:17.367 [INFO] __main__: STATUS t=163s delta=0.0009% dir=up agree=True chain=68252.74 bin=68256.69 open=68252.13 obi=-0.0962 ask_up=0.25 ask_dn=0.76 bid_up=0.24 bid_dn=0.75 halted=False[0m
[2m2026-04-07 11:22:47.458 [INFO] __main__: STATUS t=133s delta=0.0041% dir=up agree=True chain=68254.92 bin=68275.83 open=68252.13 obi=-0.8698 ask_up=0.34 ask_dn=0.67 bid_up=0.33 bid_dn=0.66 halted=False[0m
[2m2026-04-07 11:23:17.553 [INFO] __main__: STATUS t=102s delta=0.0258% dir=up agree=True chain=68269.71 bin=68277.66 open=68252.13 obi=0.4148 ask_up=0.32 ask_dn=0.69 bid_up=0.31 bid_dn=0.68 halted=False[0m
[2m2026-04-07 11:23:47.645 [INFO] __main__: STATUS t=72s delta=0.0933% dir=up agree=True chain=68315.79 bin=68309.48 open=68252.13 obi=-0.8883 ask_up=0.67 ask_dn=0.36 bid_up=0.64 bid_dn=0.33 halted=False[0m
[2m2026-04-07 11:24:17.752 [INFO] __main__: STATUS t=42s delta=0.0736% dir=up agree=True chain=68302.33 bin=68300.29 open=68252.13 obi=-0.2468 ask_up=0.45 ask_dn=0.56 bid_up=0.44 bid_dn=0.55 halted=False[0m
[2m2026-04-07 11:24:47.839 [INFO] __main__: STATUS t=12s delta=0.0565% dir=up agree=True chain=68290.69 bin=68294.48 open=68252.13 obi=-0.7571 ask_up=0.37 ask_dn=0.64 bid_up=0.36 bid_dn=0.63 halted=False[0m
[37m2026-04-07 11:25:00.128 [INFO] execution.paper_trading: paper window_ts=1775560800 [SKIP] pnl=0.0000 direction=up outcome=up - balance=$1000.00 bid_up=0.96 ask_up=0.97 bid_dn=0.03 ask_dn=0.04[0m
[93m[1m2026-04-07 11:25:00.130 [INFO] risk.position_tracker: WINDOW_SUMMARY window_pnl=$0.0000 session_pnl=$0.0000 won=$0.0000 lost=$0.0000 wr=0.0% (0/0) consec_losses=0[0m
[96m2026-04-07 11:25:00.131 [INFO] __main__: REGIME chop_detected flips=10 delta_range=0.1526% avg_flips=6.2 over=4_windows[0m
[37m2026-04-07 11:25:00.132 [INFO] __main__: WINDOW_DECISION [SKIP] rank=1 side=up pnl=$0.0000 entry=0.00 size=$0.00 (conditions not met)[0m
[96m[1m2026-04-07 11:25:00.132 [INFO] strategy.window_tracker: new window: btc-updown-5m-1775561100 (ts=1775561100)[0m
[96m2026-04-07 11:25:00.210 [INFO] __main__: REGIME vol_stddev=0.000% chop_flips=6.2 sprt=dormant llr=0.00 age=1w bankroll=$1000.00[0m
[96m2026-04-07 11:25:00.210 [INFO] __main__: KELLY wr_adj=83.8% base=94.3% vol_disc=0.0% chop_disc=7.5% feedback=+0.0%[0m
[96m2026-04-07 11:25:00.210 [INFO] __main__: window open price captured: 68296.02 (chainlink)[0m
2026-04-07 11:25:00.228 [INFO] market_data.clob_market_ws: CLOB market subscribed for tokens up=102153057403 down=162969783861
[2m2026-04-07 11:25:18.012 [INFO] __main__: STATUS t=282s delta=-0.0128% dir=down agree=True chain=68287.30 bin=68294.48 open=68296.02 obi=0.0877 ask_up=0.50 ask_dn=0.51 bid_up=0.49 bid_dn=0.50 halted=False[0m
[2m2026-04-07 11:25:48.106 [INFO] __main__: STATUS t=252s delta=0.0402% dir=up agree=True chain=68323.49 bin=68336.01 open=68296.02 obi=0.9954 ask_up=0.71 ask_dn=0.30 bid_up=0.70 bid_dn=0.29 halted=False[0m
[2m2026-04-07 11:26:18.197 [INFO] __main__: STATUS t=222s delta=0.1397% dir=up agree=True chain=68391.46 bin=68401.00 open=68296.02 obi=0.8624 ask_up=0.92 ask_dn=0.09 bid_up=0.91 bid_dn=0.08 halted=False[0m
[2m2026-04-07 11:26:48.297 [INFO] __main__: STATUS t=192s delta=0.1556% dir=up agree=True chain=68402.26 bin=68410.10 open=68296.02 obi=-0.0066 ask_up=0.96 ask_dn=0.05 bid_up=0.95 bid_dn=0.04 halted=False[0m
[37m2026-04-07 11:27:00.084 [INFO] strategy.momentum_signal: [SKIP] rank=1 side=up reason=conditions_not_met latest_pct=0.1540 need=>=0.07 stddev=0.0591 max_var=0.050[0m
[2m2026-04-07 11:27:18.395 [INFO] __main__: STATUS t=162s delta=0.1322% dir=up agree=True chain=68386.31 bin=68391.08 open=68296.02 obi=-0.7681 ask_up=0.98 ask_dn=0.03 bid_up=0.97 bid_dn=0.02 halted=False[0m
[2m2026-04-07 11:27:48.484 [INFO] __main__: STATUS t=132s delta=0.1293% dir=up agree=True chain=68384.31 bin=68390.62 open=68296.02 obi=-0.5137 ask_up=0.98 ask_dn=0.03 bid_up=0.97 bid_dn=0.02 halted=False[0m
[2m2026-04-07 11:28:18.586 [INFO] __main__: STATUS t=101s delta=0.1217% dir=up agree=True chain=68379.17 bin=68381.54 open=68296.02 obi=0.2464 ask_up=0.98 ask_dn=0.03 bid_up=0.97 bid_dn=0.02 halted=False[0m
[2m2026-04-07 11:28:48.682 [INFO] __main__: STATUS t=71s delta=0.1436% dir=up agree=True chain=68394.08 bin=68400.98 open=68296.02 obi=0.9990 ask_up=1.00 ask_dn=0.01 bid_up=0.99 bid_dn=0.01 halted=False[0m
[2m2026-04-07 11:29:18.776 [INFO] __main__: STATUS t=41s delta=0.1416% dir=up agree=True chain=68392.71 bin=68400.99 open=68296.02 obi=-0.0030 ask_up=1.00 ask_dn=0.01 bid_up=0.99 bid_dn=0.01 halted=False[0m
[2m2026-04-07 11:29:48.882 [INFO] __main__: STATUS t=11s delta=0.1227% dir=up agree=True chain=68379.79 bin=68388.01 open=68296.02 obi=-0.9180 ask_up=1.00 ask_dn=0.00 bid_up=1.00 bid_dn=0.00 halted=False[0m
[37m2026-04-07 11:30:00.171 [INFO] execution.paper_trading: paper window_ts=1775561100 [SKIP] pnl=0.0000 direction=up outcome=up - balance=$1000.00 bid_up=1.00 ask_up=1.00 bid_dn=0.00 ask_dn=0.00[0m
[93m[1m2026-04-07 11:30:00.171 [INFO] risk.position_tracker: WINDOW_SUMMARY window_pnl=$0.0000 session_pnl=$0.0000 won=$0.0000 lost=$0.0000 wr=0.0% (0/0) consec_losses=0[0m
[96m2026-04-07 11:30:00.173 [INFO] __main__: REGIME chop_detected flips=3 delta_range=0.1722% avg_flips=5.6 over=5_windows[0m
[37m2026-04-07 11:30:00.174 [INFO] __main__: WINDOW_DECISION [SKIP] rank=1 side=up pnl=$0.0000 entry=0.00 size=$0.00 (conditions not met)[0m
[96m[1m2026-04-07 11:30:00.174 [INFO] strategy.window_tracker: new window: btc-updown-5m-1775561400 (ts=1775561400)[0m
[96m2026-04-07 11:30:00.278 [INFO] __main__: REGIME vol_stddev=0.000% chop_flips=5.6 sprt=dormant llr=0.00 age=2w bankroll=$1000.00[0m
[96m2026-04-07 11:30:00.279 [INFO] __main__: KELLY wr_adj=83.8% base=94.3% vol_disc=0.0% chop_disc=7.5% feedback=+0.0%[0m
[96m2026-04-07 11:30:00.279 [INFO] __main__: window open price captured: 68371.31 (chainlink)[0m
2026-04-07 11:30:00.453 [INFO] market_data.clob_market_ws: CLOB market subscribed for tokens up=102735091927 down=113156002758
[2m2026-04-07 11:30:19.090 [INFO] __main__: STATUS t=281s delta=-0.0175% dir=down agree=True chain=68359.31 bin=68363.97 open=68371.31 obi=0.0378 ask_up=0.45 ask_dn=0.56 bid_up=0.44 bid_dn=0.55 halted=False[0m
[2m2026-04-07 11:30:49.175 [INFO] __main__: STATUS t=251s delta=-0.0601% dir=down agree=True chain=68330.21 bin=68334.01 open=68371.31 obi=-0.8278 ask_up=0.27 ask_dn=0.74 bid_up=0.26 bid_dn=0.73 halted=False[0m
[2m2026-04-07 11:31:19.270 [INFO] __main__: STATUS t=221s delta=-0.0769% dir=down agree=True chain=68318.75 bin=68325.38 open=68371.31 obi=-0.7058 ask_up=0.21 ask_dn=0.80 bid_up=0.20 bid_dn=0.79 halted=False[0m
[2m2026-04-07 11:31:49.357 [INFO] __main__: STATUS t=191s delta=-0.0571% dir=down agree=True chain=68332.26 bin=68335.72 open=68371.31 obi=-0.0484 ask_up=0.26 ask_dn=0.75 bid_up=0.25 bid_dn=0.74 halted=False[0m
[37m2026-04-07 11:32:00.140 [INFO] strategy.momentum_signal: [SKIP] rank=1 side=up reason=conditions_not_met latest_pct=-0.0612 need=>=0.07 stddev=0.0199 max_var=0.050[0m
[2m2026-04-07 11:32:19.453 [INFO] __main__: STATUS t=161s delta=-0.0650% dir=down agree=True chain=68326.88 bin=68313.22 open=68371.31 obi=-0.3590 ask_up=0.16 ask_dn=0.85 bid_up=0.15 bid_dn=0.84 halted=False[0m
[2m2026-04-07 11:32:49.545 [INFO] __main__: STATUS t=130s delta=-0.1089% dir=down agree=True chain=68296.86 bin=68300.29 open=68371.31 obi=0.1667 ask_up=0.08 ask_dn=0.93 bid_up=0.07 bid_dn=0.92 halted=False[0m
[2m2026-04-07 11:33:19.635 [INFO] __main__: STATUS t=100s delta=-0.1247% dir=down agree=True chain=68286.02 bin=68290.14 open=68371.31 obi=-0.6670 ask_up=0.04 ask_dn=0.97 bid_up=0.03 bid_dn=0.96 halted=False[0m
[2m2026-04-07 11:33:49.730 [INFO] __main__: STATUS t=70s delta=-0.1288% dir=down agree=True chain=68283.24 bin=68287.25 open=68371.31 obi=-0.9039 ask_up=0.02 ask_dn=0.99 bid_up=0.01 bid_dn=0.98 halted=False[0m
[2m2026-04-07 11:34:19.824 [INFO] __main__: STATUS t=40s delta=-0.1098% dir=down agree=True chain=68296.22 bin=68303.20 open=68371.31 obi=0.0412 ask_up=0.01 ask_dn=1.00 bid_up=0.01 bid_dn=0.99 halted=False[0m
[2m2026-04-07 11:34:49.917 [INFO] __main__: STATUS t=10s delta=-0.0780% dir=down agree=True chain=68317.95 bin=68323.00 open=68371.31 obi=0.1548 ask_up=0.01 ask_dn=1.00 bid_up=0.01 bid_dn=0.99 halted=False[0m
[37m2026-04-07 11:35:00.202 [INFO] execution.paper_trading: paper window_ts=1775561400 [SKIP] pnl=0.0000 direction=down outcome=down - balance=$1000.00 bid_up=0.01 ask_up=0.01 bid_dn=0.99 ask_dn=1.00[0m
[93m[1m2026-04-07 11:35:00.202 [INFO] risk.position_tracker: WINDOW_SUMMARY window_pnl=$0.0000 session_pnl=$0.0000 won=$0.0000 lost=$0.0000 wr=0.0% (0/0) consec_losses=0[0m
[37m2026-04-07 11:35:00.205 [INFO] __main__: WINDOW_DECISION [SKIP] rank=1 side=up pnl=$0.0000 entry=0.00 size=$0.00 (conditions not met)[0m
[96m[1m2026-04-07 11:35:00.205 [INFO] strategy.window_tracker: new window: btc-updown-5m-1775561700 (ts=1775561700)[0m
[96m2026-04-07 11:35:00.274 [INFO] __main__: REGIME vol_stddev=0.000% chop_flips=4.7 sprt=dormant llr=0.00 age=3w bankroll=$1000.00[0m
[96m2026-04-07 11:35:00.274 [INFO] __main__: KELLY wr_adj=85.1% base=94.3% vol_disc=0.0% chop_disc=6.3% feedback=+0.0%[0m
[96m2026-04-07 11:35:00.274 [INFO] __main__: window open price captured: 68316.05 (chainlink)[0m
2026-04-07 11:35:00.674 [INFO] market_data.clob_market_ws: CLOB market subscribed for tokens up=675853058150 down=974580269112
[2m2026-04-07 11:35:20.080 [INFO] __main__: STATUS t=280s delta=-0.0151% dir=down agree=True chain=68305.74 bin=68313.21 open=68316.05 obi=-0.9624 ask_up=0.41 ask_dn=0.60 bid_up=0.40 bid_dn=0.59 halted=False[0m
[2m2026-04-07 11:35:50.164 [INFO] __main__: STATUS t=250s delta=0.0161% dir=up agree=True chain=68327.08 bin=68332.78 open=68316.05 obi=0.3964 ask_up=0.63 ask_dn=0.38 bid_up=0.62 bid_dn=0.37 halted=False[0m
[2m2026-04-07 11:36:20.267 [INFO] __main__: STATUS t=220s delta=0.0161% dir=up agree=True chain=68327.05 bin=68330.69 open=68316.05 obi=-0.1457 ask_up=0.61 ask_dn=0.40 bid_up=0.60 bid_dn=0.39 halted=False[0m
[2m2026-04-07 11:36:50.357 [INFO] __main__: STATUS t=190s delta=0.0174% dir=up agree=True chain=68327.90 bin=68334.11 open=68316.05 obi=-0.2873 ask_up=0.63 ask_dn=0.38 bid_up=0.62 bid_dn=0.37 halted=False[0m
[37m2026-04-07 11:37:00.140 [INFO] strategy.momentum_signal: [SKIP] rank=1 side=up reason=conditions_not_met latest_pct=0.0264 need=>=0.07 stddev=0.0128 max_var=0.050[0m
[2m2026-04-07 11:37:20.450 [INFO] __main__: STATUS t=160s delta=-0.0011% dir=down agree=False chain=68315.29 bin=68317.28 open=68316.05 obi=0.6730 ask_up=0.53 ask_dn=0.48 bid_up=0.52 bid_dn=0.47 halted=False[0m
2026-04-07 11:37:30.918 [INFO] shared.ipc: IPC: received authenticated signal_update (summary=signals_summary_1775561850.json)
2026-04-07 11:37:30.918 [INFO] __main__: received new signal from orchestrator: rank=1 side=Up
[2m2026-04-07 11:37:50.546 [INFO] __main__: STATUS t=129s delta=0.1178% dir=up agree=True chain=68396.51 bin=68415.39 open=68316.05 obi=0.5900 ask_up=0.95 ask_dn=0.06 bid_up=0.94 bid_dn=0.05 halted=False[0m
[2m2026-04-07 11:38:20.637 [INFO] __main__: STATUS t=99s delta=0.1472% dir=up agree=True chain=68416.60 bin=68418.17 open=68316.05 obi=0.9222 ask_up=0.98 ask_dn=0.03 bid_up=0.97 bid_dn=0.02 halted=False[0m
[2m2026-04-07 11:38:50.739 [INFO] __main__: STATUS t=69s delta=0.1316% dir=up agree=True chain=68405.93 bin=68408.15 open=68316.05 obi=0.7847 ask_up=1.00 ask_dn=0.01 bid_up=0.99 bid_dn=0.01 halted=False[0m
[2m2026-04-07 11:39:20.853 [INFO] __main__: STATUS t=39s delta=0.1591% dir=up agree=True chain=68424.74 bin=68431.58 open=68316.05 obi=-0.1722 ask_up=1.00 ask_dn=0.01 bid_up=0.99 bid_dn=0.01 halted=False[0m
[2m2026-04-07 11:39:50.957 [INFO] __main__: STATUS t=9s delta=0.1627% dir=up agree=True chain=68427.19 bin=68433.70 open=68316.05 obi=0.0187 ask_up=1.00 ask_dn=0.01 bid_up=0.99 bid_dn=0.01 halted=False[0m
[37m2026-04-07 11:40:00.241 [INFO] execution.paper_trading: paper window_ts=1775561700 [SKIP] pnl=0.0000 direction=up outcome=up - balance=$1000.00 bid_up=0.99 ask_up=1.00 bid_dn=0.01 ask_dn=0.01[0m
[93m[1m2026-04-07 11:40:00.241 [INFO] risk.position_tracker: WINDOW_SUMMARY window_pnl=$0.0000 session_pnl=$0.0000 won=$0.0000 lost=$0.0000 wr=0.0% (0/0) consec_losses=0[0m
[96m2026-04-07 11:40:00.243 [INFO] __main__: REGIME chop_detected flips=6 delta_range=0.2163% avg_flips=5.0 over=6_windows[0m
[37m2026-04-07 11:40:00.244 [INFO] __main__: WINDOW_DECISION [SKIP] rank=1 side=up pnl=$0.0000 entry=0.00 size=$0.00 (conditions not met)[0m
2026-04-07 11:40:00.245 [INFO] __main__: Signal changed: up_280.0_180.0_0.07_0.05 -> up_280.0_150.0_0.07_0.05 (age was 4 windows)
2026-04-07 11:40:00.245 [INFO] __main__: SIGNAL_SWAP_ACTIVE: {"rank":1,"side":"up","observeFromS":280.0,"observeToS":150.0,"minDeltaPct":0.07,"maxVariancePct":0.05,"trainWinRatePct":91.14,"oosWinRatePct":95.12,"oosBhAdjustedPValue":3.67122e-14,"oosMatches":41,"avgEntryPrice":0.8905,"evPerTrade":0.0307,"smartScore":12.43,"wfFoldsAppeared":4,"wfTotalTestFolds":6,"wfFoldIndices":[3,4,6,7]}
2026-04-07 11:40:00.245 [INFO] __main__: switched to new signal: #1 up (previous: #1 up)
[96m[1m2026-04-07 11:40:00.245 [INFO] strategy.window_tracker: new window: btc-updown-5m-1775562000 (ts=1775562000)[0m
[96m2026-04-07 11:40:00.348 [INFO] __main__: REGIME vol_stddev=0.095% chop_flips=5.0 sprt=dormant llr=0.00 age=0w bankroll=$1000.00[0m
[96m2026-04-07 11:40:00.349 [INFO] __main__: KELLY wr_adj=84.6% base=95.1% vol_disc=0.0% chop_disc=7.5% feedback=+0.0%[0m
[96m2026-04-07 11:40:00.349 [INFO] __main__: window open price captured: 68426.17 (chainlink)[0m
2026-04-07 11:40:00.903 [INFO] market_data.clob_market_ws: CLOB market subscribed for tokens up=136745910981 down=951638133085
[2m2026-04-07 11:40:21.191 [INFO] __main__: STATUS t=279s delta=-0.0498% dir=down agree=True chain=68392.10 bin=68391.47 open=68426.17 obi=-0.6139 ask_up=0.28 ask_dn=0.73 bid_up=0.27 bid_dn=0.72 halted=False[0m
[2m2026-04-07 11:40:51.281 [INFO] __main__: STATUS t=249s delta=-0.0456% dir=down agree=True chain=68394.97 bin=68402.80 open=68426.17 obi=0.9910 ask_up=0.32 ask_dn=0.69 bid_up=0.31 bid_dn=0.68 halted=False[0m
[2m2026-04-07 11:41:21.384 [INFO] __main__: STATUS t=219s delta=-0.0112% dir=down agree=True chain=68418.48 bin=68422.99 open=68426.17 obi=0.3776 ask_up=0.43 ask_dn=0.58 bid_up=0.42 bid_dn=0.57 halted=False[0m
[2m2026-04-07 11:41:51.475 [INFO] __main__: STATUS t=189s delta=-0.0286% dir=down agree=True chain=68406.61 bin=68411.60 open=68426.17 obi=0.3566 ask_up=0.34 ask_dn=0.67 bid_up=0.33 bid_dn=0.66 halted=False[0m
[2m2026-04-07 11:42:21.481 [INFO] __main__: STATUS t=159s delta=-0.0319% dir=down agree=True chain=68404.35 bin=68404.76 open=68426.17 obi=-0.5411 ask_up=0.26 ask_dn=0.75 bid_up=0.25 bid_dn=0.74 halted=False[0m
[37m2026-04-07 11:42:30.007 [INFO] strategy.momentum_signal: [SKIP] rank=1 side=up reason=conditions_not_met latest_pct=-0.0537 need=>=0.07 stddev=0.0212 max_var=0.050[0m
[2m2026-04-07 11:42:51.572 [INFO] __main__: STATUS t=128s delta=-0.0678% dir=down agree=True chain=68379.79 bin=68388.01 open=68426.17 obi=-0.6964 ask_up=0.13 ask_dn=0.88 bid_up=0.12 bid_dn=0.87 halted=False[0m
[2m2026-04-07 11:43:21.678 [INFO] __main__: STATUS t=98s delta=-0.0604% dir=down agree=True chain=68384.84 bin=68389.69 open=68426.17 obi=0.2256 ask_up=0.12 ask_dn=0.89 bid_up=0.11 bid_dn=0.88 halted=False[0m
[2m2026-04-07 11:43:51.775 [INFO] __main__: STATUS t=68s delta=-0.0386% dir=down agree=True chain=68399.79 bin=68409.52 open=68426.17 obi=0.3362 ask_up=0.17 ask_dn=0.84 bid_up=0.16 bid_dn=0.83 halted=False[0m
[2m2026-04-07 11:44:21.895 [INFO] __main__: STATUS t=38s delta=-0.0382% dir=down agree=True chain=68400.05 bin=68409.52 open=68426.17 obi=0.3256 ask_up=0.08 ask_dn=0.93 bid_up=0.07 bid_dn=0.92 halted=False[0m
[2m2026-04-07 11:44:51.986 [INFO] __main__: STATUS t=8s delta=-0.0351% dir=down agree=True chain=68402.12 bin=68408.09 open=68426.17 obi=0.6910 ask_up=0.01 ask_dn=1.00 bid_up=0.02 bid_dn=0.99 halted=False[0m
[37m2026-04-07 11:45:00.017 [INFO] execution.paper_trading: paper window_ts=1775562000 [SKIP] pnl=0.0000 direction=down outcome=down - balance=$1000.00 bid_up=0.02 ask_up=0.01 bid_dn=0.99 ask_dn=1.00[0m
[93m[1m2026-04-07 11:45:00.018 [INFO] risk.position_tracker: WINDOW_SUMMARY window_pnl=$0.0000 session_pnl=$0.0000 won=$0.0000 lost=$0.0000 wr=0.0% (0/0) consec_losses=0[0m
[37m2026-04-07 11:45:00.024 [INFO] __main__: WINDOW_DECISION [SKIP] rank=1 side=up pnl=$0.0000 entry=0.00 size=$0.00 (conditions not met)[0m
[96m[1m2026-04-07 11:45:00.024 [INFO] strategy.window_tracker: new window: btc-updown-5m-1775562300 (ts=1775562300)[0m
[96m2026-04-07 11:45:00.106 [INFO] __main__: WARMUP complete after 30 min — full Kelly sizing active[0m
[96m2026-04-07 11:45:00.106 [INFO] __main__: REGIME vol_stddev=0.090% chop_flips=3.8 sprt=dormant llr=0.00 age=1w bankroll=$1000.00[0m
[96m2026-04-07 11:45:00.107 [INFO] __main__: KELLY wr_adj=89.0% base=95.1% vol_disc=0.0% chop_disc=3.1% feedback=+0.0%[0m
[96m2026-04-07 11:45:00.107 [INFO] __main__: window open price captured: 68401.79 (chainlink)[0m
2026-04-07 11:45:00.124 [INFO] market_data.clob_market_ws: CLOB market subscribed for tokens up=350590726571 down=909835444453
[2m2026-04-07 11:45:22.183 [INFO] __main__: STATUS t=278s delta=0.0036% dir=up agree=True chain=68404.23 bin=68409.76 open=68401.79 obi=-0.5102 ask_up=0.51 ask_dn=0.50 bid_up=0.50 bid_dn=0.49 halted=False[0m
[2m2026-04-07 11:45:52.279 [INFO] __main__: STATUS t=248s delta=0.0014% dir=up agree=False chain=68402.74 bin=68400.56 open=68401.79 obi=-0.4836 ask_up=0.45 ask_dn=0.56 bid_up=0.44 bid_dn=0.55 halted=False[0m
[2m2026-04-07 11:46:22.382 [INFO] __main__: STATUS t=218s delta=-0.0148% dir=down agree=True chain=68391.69 bin=68398.25 open=68401.79 obi=-0.9935 ask_up=0.40 ask_dn=0.61 bid_up=0.39 bid_dn=0.60 halted=False[0m
[2m2026-04-07 11:46:52.463 [INFO] __main__: STATUS t=188s delta=-0.0283% dir=down agree=True chain=68382.42 bin=68384.30 open=68401.79 obi=0.2570 ask_up=0.32 ask_dn=0.69 bid_up=0.31 bid_dn=0.68 halted=False[0m
[2m2026-04-07 11:47:22.556 [INFO] __main__: STATUS t=157s delta=-0.0028% dir=down agree=False chain=68399.86 bin=68403.57 open=68401.79 obi=-0.9447 ask_up=0.40 ask_dn=0.61 bid_up=0.39 bid_dn=0.60 halted=False[0m
[37m2026-04-07 11:47:30.085 [INFO] strategy.momentum_signal: [SKIP] rank=1 side=up reason=conditions_not_met latest_pct=0.0026 need=>=0.07 stddev=0.0124 max_var=0.050[0m
[2m2026-04-07 11:47:52.650 [INFO] __main__: STATUS t=127s delta=-0.0008% dir=down agree=False chain=68401.23 bin=68407.47 open=68401.79 obi=-0.2145 ask_up=0.46 ask_dn=0.55 bid_up=0.45 bid_dn=0.54 halted=False[0m
[2m2026-04-07 11:48:22.751 [INFO] __main__: STATUS t=97s delta=-0.0155% dir=down agree=True chain=68391.18 bin=68394.14 open=68401.79 obi=0.0934 ask_up=0.32 ask_dn=0.69 bid_up=0.31 bid_dn=0.68 halted=False[0m
[2m2026-04-07 11:48:52.841 [INFO] __main__: STATUS t=67s delta=-0.0074% dir=down agree=False chain=68396.74 bin=68402.87 open=68401.79 obi=0.2313 ask_up=0.41 ask_dn=0.60 bid_up=0.40 bid_dn=0.59 halted=False[0m
[2m2026-04-07 11:49:22.930 [INFO] __main__: STATUS t=37s delta=0.0159% dir=up agree=True chain=68412.64 bin=68418.02 open=68401.79 obi=0.3803 ask_up=0.73 ask_dn=0.28 bid_up=0.72 bid_dn=0.27 halted=False[0m
[2m2026-04-07 11:49:53.017 [INFO] __main__: STATUS t=7s delta=0.0305% dir=up agree=True chain=68422.68 bin=68430.04 open=68401.79 obi=-0.7060 ask_up=1.00 ask_dn=0.99 bid_up=0.01 bid_dn=0.01 halted=False[0m
[37m2026-04-07 11:50:00.041 [INFO] execution.paper_trading: paper window_ts=1775562300 [SKIP] pnl=0.0000 direction=up outcome=up - balance=$1000.00 bid_up=0.99 ask_up=1.00 bid_dn=0.01 ask_dn=0.01[0m
[93m[1m2026-04-07 11:50:00.041 [INFO] risk.position_tracker: WINDOW_SUMMARY window_pnl=$0.0000 session_pnl=$0.0000 won=$0.0000 lost=$0.0000 wr=0.0% (0/0) consec_losses=0[0m
[96m2026-04-07 11:50:00.046 [INFO] __main__: REGIME chop_detected flips=7 delta_range=0.0665% avg_flips=4.5 over=6_windows[0m
[37m2026-04-07 11:50:00.047 [INFO] __main__: WINDOW_DECISION [SKIP] rank=1 side=up pnl=$0.0000 entry=0.00 size=$0.00 (conditions not met)[0m
[96m[1m2026-04-07 11:50:00.056 [INFO] strategy.window_tracker: new window: btc-updown-5m-1775562600 (ts=1775562600)[0m
[96m2026-04-07 11:50:00.227 [INFO] __main__: REGIME vol_stddev=0.084% chop_flips=4.5 sprt=dormant llr=0.00 age=2w bankroll=$1000.00[0m
[96m2026-04-07 11:50:00.228 [INFO] __main__: KELLY wr_adj=86.5% base=95.1% vol_disc=0.0% chop_disc=5.6% feedback=+0.0%[0m
[96m2026-04-07 11:50:00.228 [INFO] __main__: window open price captured: 68422.52 (chainlink)[0m
2026-04-07 11:50:00.355 [INFO] market_data.clob_market_ws: CLOB market subscribed for tokens up=307390705562 down=899088656163
[2m2026-04-07 11:50:23.048 [INFO] __main__: STATUS t=277s delta=-0.0343% dir=down agree=True chain=68399.02 bin=68402.64 open=68422.52 obi=-0.6002 ask_up=0.33 ask_dn=0.68 bid_up=0.32 bid_dn=0.67 halted=False[0m
[2m2026-04-07 11:50:53.139 [INFO] __main__: STATUS t=247s delta=-0.0412% dir=down agree=True chain=68394.35 bin=68400.60 open=68422.52 obi=0.5647 ask_up=0.99 ask_dn=0.99 bid_up=0.01 bid_dn=0.01 halted=False[0m
[2m2026-04-07 11:51:23.233 [INFO] __main__: STATUS t=217s delta=-0.0305% dir=down agree=True chain=68401.68 bin=68398.61 open=68422.52 obi=-0.4434 ask_up=0.40 ask_dn=0.61 bid_up=0.39 bid_dn=0.60 halted=False[0m
[2m2026-04-07 11:51:53.321 [INFO] __main__: STATUS t=187s delta=-0.0649% dir=down agree=True chain=68378.13 bin=68382.54 open=68422.52 obi=0.0807 ask_up=0.22 ask_dn=0.79 bid_up=0.21 bid_dn=0.78 halted=False[0m
[2m2026-04-07 11:52:23.417 [INFO] __main__: STATUS t=157s delta=-0.0882% dir=down agree=True chain=68362.14 bin=68363.16 open=68422.52 obi=-0.9977 ask_up=0.10 ask_dn=0.91 bid_up=0.09 bid_dn=0.90 halted=False[0m
[37m2026-04-07 11:52:30.192 [INFO] strategy.momentum_signal: [SKIP] rank=1 side=up reason=conditions_not_met latest_pct=-0.0928 need=>=0.07 stddev=0.0201 max_var=0.050[0m
2026-04-07 11:52:44.853 [INFO] shared.ipc: IPC: received authenticated signal_update (summary=signals_summary_1775562764.json)
2026-04-07 11:52:44.853 [INFO] __main__: received new signal from orchestrator: rank=1 side=Up
[2m2026-04-07 11:52:53.511 [INFO] __main__: STATUS t=126s delta=-0.1116% dir=down agree=True chain=68346.18 bin=68350.10 open=68422.52 obi=0.0143 ask_up=0.05 ask_dn=0.96 bid_up=0.04 bid_dn=0.95 halted=False[0m
[2m2026-04-07 11:53:23.601 [INFO] __main__: STATUS t=96s delta=-0.1112% dir=down agree=True chain=68346.44 bin=68358.02 open=68422.52 obi=0.5168 ask_up=0.03 ask_dn=0.98 bid_up=0.02 bid_dn=0.97 halted=False[0m
[2m2026-04-07 11:53:53.689 [INFO] __main__: STATUS t=66s delta=-0.0860% dir=down agree=True chain=68363.69 bin=68360.06 open=68422.52 obi=0.5308 ask_up=0.03 ask_dn=0.98 bid_up=0.02 bid_dn=0.97 halted=False[0m
[2m2026-04-07 11:54:23.847 [INFO] __main__: STATUS t=36s delta=-0.1450% dir=down agree=True chain=68323.27 bin=68322.82 open=68422.52 obi=-0.4379 ask_up=0.01 ask_dn=1.00 bid_up=0.01 bid_dn=0.99 halted=False[0m
[2m2026-04-07 11:54:53.950 [INFO] __main__: STATUS t=6s delta=-0.1399% dir=down agree=True chain=68326.82 bin=68333.98 open=68422.52 obi=0.6707 ask_up=0.01 ask_dn=1.00 bid_up=0.01 bid_dn=0.99 halted=False[0m
[37m2026-04-07 11:55:00.225 [INFO] execution.paper_trading: paper window_ts=1775562600 [SKIP] pnl=0.0000 direction=down outcome=down - balance=$1000.00 bid_up=0.01 ask_up=0.01 bid_dn=0.99 ask_dn=1.00[0m
[93m[1m2026-04-07 11:55:00.226 [INFO] risk.position_tracker: WINDOW_SUMMARY window_pnl=$0.0000 session_pnl=$0.0000 won=$0.0000 lost=$0.0000 wr=0.0% (0/0) consec_losses=0[0m
[37m2026-04-07 11:55:00.228 [INFO] __main__: WINDOW_DECISION [SKIP] rank=1 side=up pnl=$0.0000 entry=0.00 size=$0.00 (conditions not met)[0m
2026-04-07 11:55:00.229 [INFO] __main__: Signal changed: up_280.0_150.0_0.07_0.05 -> up_280.0_180.0_0.07_0.05 (age was 3 windows)
2026-04-07 11:55:00.229 [INFO] __main__: SIGNAL_SWAP_ACTIVE: {"rank":1,"side":"up","observeFromS":280.0,"observeToS":180.0,"minDeltaPct":0.07,"maxVariancePct":0.05,"trainWinRatePct":80.95,"oosWinRatePct":94.34,"oosBhAdjustedPValue":1.13844e-06,"oosMatches":53,"avgEntryPrice":0.8704,"evPerTrade":0.043,"smartScore":26.78,"wfFoldsAppeared":5,"wfTotalTestFolds":6,"wfFoldIndices":[3,4,5,6,7]}
2026-04-07 11:55:00.229 [INFO] __main__: switched to new signal: #1 up (previous: #1 up)
[96m[1m2026-04-07 11:55:00.229 [INFO] strategy.window_tracker: new window: btc-updown-5m-1775562900 (ts=1775562900)[0m
[96m2026-04-07 11:55:00.287 [INFO] __main__: REGIME vol_stddev=0.095% chop_flips=2.8 sprt=dormant llr=0.00 age=0w bankroll=$1000.00[0m
[96m2026-04-07 11:55:00.287 [INFO] __main__: window open price captured: 68329.13 (chainlink)[0m
2026-04-07 11:55:00.582 [INFO] market_data.clob_market_ws: CLOB market subscribed for tokens up=109684245031 down=501535557285
[2m2026-04-07 11:55:24.111 [INFO] __main__: STATUS t=276s delta=0.0006% dir=up agree=True chain=68329.55 bin=68338.00 open=68329.13 obi=0.1050 ask_up=0.99 ask_dn=0.55 bid_up=0.01 bid_dn=0.54 halted=False[0m
[2m2026-04-07 11:55:54.202 [INFO] __main__: STATUS t=246s delta=0.0208% dir=up agree=True chain=68343.37 bin=68355.19 open=68329.13 obi=0.9607 ask_up=0.61 ask_dn=0.40 bid_up=0.60 bid_dn=0.39 halted=False[0m
[2m2026-04-07 11:56:24.306 [INFO] __main__: STATUS t=216s delta=0.0270% dir=up agree=True chain=68347.57 bin=68355.52 open=68329.13 obi=-0.8882 ask_up=0.58 ask_dn=0.43 bid_up=0.57 bid_dn=0.42 halted=False[0m
[2m2026-04-07 11:56:54.405 [INFO] __main__: STATUS t=186s delta=-0.0150% dir=down agree=False chain=68318.91 bin=68335.28 open=68329.13 obi=0.6085 ask_up=0.34 ask_dn=0.67 bid_up=0.33 bid_dn=0.66 halted=False[0m
[37m2026-04-07 11:57:00.173 [INFO] strategy.momentum_signal: [SKIP] rank=1 side=up reason=conditions_not_met latest_pct=0.0243 need=>=0.07 stddev=0.0166 max_var=0.050[0m
[2m2026-04-07 11:57:24.513 [INFO] __main__: STATUS t=155s delta=0.0291% dir=up agree=True chain=68348.98 bin=68355.11 open=68329.13 obi=0.4735 ask_up=0.65 ask_dn=0.36 bid_up=0.64 bid_dn=0.35 halted=False[0m
[2m2026-04-07 11:57:54.600 [INFO] __main__: STATUS t=125s delta=0.0250% dir=up agree=True chain=68346.21 bin=68352.01 open=68329.13 obi=0.8705 ask_up=0.65 ask_dn=0.36 bid_up=0.64 bid_dn=0.35 halted=False[0m
[2m2026-04-07 11:58:24.688 [INFO] __main__: STATUS t=95s delta=0.0518% dir=up agree=True chain=68364.51 bin=68371.05 open=68329.13 obi=0.8073 ask_up=0.79 ask_dn=0.22 bid_up=0.78 bid_dn=0.21 halted=False[0m
[2m2026-04-07 11:58:54.774 [INFO] __main__: STATUS t=65s delta=0.0445% dir=up agree=True chain=68359.54 bin=68364.67 open=68329.13 obi=0.7023 ask_up=0.75 ask_dn=0.26 bid_up=0.74 bid_dn=0.25 halted=False[0m
[2m2026-04-07 11:59:24.867 [INFO] __main__: STATUS t=35s delta=0.0319% dir=up agree=True chain=68350.90 bin=68357.09 open=68329.13 obi=-0.7383 ask_up=0.71 ask_dn=0.30 bid_up=0.70 bid_dn=0.29 halted=False[0m
[2m2026-04-07 11:59:54.957 [INFO] __main__: STATUS t=5s delta=0.0149% dir=up agree=True chain=68339.28 bin=68345.74 open=68329.13 obi=0.4983 ask_up=0.71 ask_dn=0.31 bid_up=0.69 bid_dn=0.29 halted=False[0m
[37m2026-04-07 12:00:00.225 [INFO] execution.paper_trading: paper window_ts=1775562900 [SKIP] pnl=0.0000 direction=up outcome=up - balance=$1000.00 bid_up=0.90 ask_up=0.91 bid_dn=0.09 ask_dn=0.10[0m
[93m[1m2026-04-07 12:00:00.225 [INFO] risk.position_tracker: WINDOW_SUMMARY window_pnl=$0.0000 session_pnl=$0.0000 won=$0.0000 lost=$0.0000 wr=0.0% (0/0) consec_losses=0[0m
[96m2026-04-07 12:00:00.231 [INFO] __main__: REGIME chop_detected flips=6 delta_range=0.0711% avg_flips=3.3 over=6_windows[0m
[37m2026-04-07 12:00:00.232 [INFO] __main__: WINDOW_DECISION [SKIP] rank=1 side=up pnl=$0.0000 entry=0.00 size=$0.00 (conditions not met)[0m
[96m[1m2026-04-07 12:00:00.233 [INFO] strategy.window_tracker: new window: btc-updown-5m-1775563200 (ts=1775563200)[0m
[96m2026-04-07 12:00:00.376 [INFO] __main__: REGIME vol_stddev=0.089% chop_flips=3.3 sprt=dormant llr=0.00 age=1w bankroll=$1000.00[0m
[96m2026-04-07 12:00:00.377 [INFO] __main__: KELLY wr_adj=90.1% base=94.3% vol_disc=0.0% chop_disc=1.3% feedback=+0.0%[0m
[96m2026-04-07 12:00:00.377 [INFO] __main__: window open price captured: 68337.16 (chainlink)[0m
2026-04-07 12:00:00.785 [INFO] market_data.clob_market_ws: CLOB market subscribed for tokens up=150872349017 down=109789400912
[2m2026-04-07 12:00:24.985 [INFO] __main__: STATUS t=275s delta=-0.0289% dir=down agree=True chain=68317.43 bin=68314.37 open=68337.16 obi=-0.9119 ask_up=0.30 ask_dn=0.71 bid_up=0.29 bid_dn=0.70 halted=False[0m
[2m2026-04-07 12:00:55.075 [INFO] __main__: STATUS t=245s delta=0.0190% dir=up agree=True chain=68350.13 bin=68355.10 open=68337.16 obi=-0.7022 ask_up=0.55 ask_dn=0.46 bid_up=0.54 bid_dn=0.45 halted=False[0m
[2m2026-04-07 12:01:25.171 [INFO] __main__: STATUS t=215s delta=-0.0082% dir=down agree=True chain=68331.55 bin=68333.27 open=68337.16 obi=-0.2477 ask_up=0.42 ask_dn=0.59 bid_up=0.41 bid_dn=0.58 halted=False[0m
[2m2026-04-07 12:01:55.262 [INFO] __main__: STATUS t=185s delta=0.0446% dir=up agree=True chain=68367.62 bin=68376.01 open=68337.16 obi=-0.4380 ask_up=0.72 ask_dn=0.29 bid_up=0.71 bid_dn=0.28 halted=False[0m
[37m2026-04-07 12:02:00.034 [INFO] strategy.momentum_signal: [SKIP] rank=1 side=up reason=conditions_not_met latest_pct=0.0569 need=>=0.07 stddev=0.0249 max_var=0.050[0m
[2m2026-04-07 12:02:25.361 [INFO] __main__: STATUS t=155s delta=0.0162% dir=up agree=True chain=68348.23 bin=68345.11 open=68337.16 obi=-0.8126 ask_up=0.49 ask_dn=0.55 bid_up=0.45 bid_dn=0.51 halted=False[0m
[2m2026-04-07 12:02:55.454 [INFO] __main__: STATUS t=125s delta=0.0224% dir=up agree=True chain=68352.46 bin=68359.90 open=68337.16 obi=0.9864 ask_up=0.63 ask_dn=0.38 bid_up=0.62 bid_dn=0.37 halted=False[0m
[2m2026-04-07 12:03:25.556 [INFO] __main__: STATUS t=94s delta=0.0438% dir=up agree=True chain=68367.12 bin=68379.74 open=68337.16 obi=-0.4524 ask_up=0.86 ask_dn=0.15 bid_up=0.85 bid_dn=0.14 halted=False[0m
[2m2026-04-07 12:03:55.650 [INFO] __main__: STATUS t=64s delta=0.0388% dir=up agree=True chain=68363.68 bin=68369.42 open=68337.16 obi=-0.7694 ask_up=0.86 ask_dn=0.15 bid_up=0.85 bid_dn=0.14 halted=False[0m
[2m2026-04-07 12:04:25.746 [INFO] __main__: STATUS t=34s delta=0.0469% dir=up agree=True chain=68369.23 bin=68375.87 open=68337.16 obi=-0.3759 ask_up=0.96 ask_dn=0.05 bid_up=0.95 bid_dn=0.04 halted=False[0m
[2m2026-04-07 12:04:55.850 [INFO] __main__: STATUS t=4s delta=0.0659% dir=up agree=True chain=68382.20 bin=68391.09 open=68337.16 obi=0.6319 ask_up=1.00 ask_dn=0.01 bid_up=0.99 bid_dn=0.01 halted=False[0m
[37m2026-04-07 12:05:00.117 [INFO] execution.paper_trading: paper window_ts=1775563200 [SKIP] pnl=0.0000 direction=up outcome=up - balance=$1000.00 bid_up=0.99 ask_up=1.00 bid_dn=0.01 ask_dn=0.01[0m
[93m[1m2026-04-07 12:05:00.117 [INFO] risk.position_tracker: WINDOW_SUMMARY window_pnl=$0.0000 session_pnl=$0.0000 won=$0.0000 lost=$0.0000 wr=0.0% (0/0) consec_losses=0[0m
[96m2026-04-07 12:05:00.123 [INFO] __main__: REGIME chop_detected flips=7 delta_range=0.1113% avg_flips=4.5 over=6_windows[0m
[37m2026-04-07 12:05:00.125 [INFO] __main__: WINDOW_DECISION [SKIP] rank=1 side=up pnl=$0.0000 entry=0.00 size=$0.00 (conditions not met)[0m
[96m[1m2026-04-07 12:05:00.125 [INFO] strategy.window_tracker: new window: btc-updown-5m-1775563500 (ts=1775563500)[0m
[96m2026-04-07 12:05:00.210 [INFO] __main__: REGIME vol_stddev=0.087% chop_flips=4.5 sprt=dormant llr=0.00 age=2w bankroll=$1000.00[0m
[96m2026-04-07 12:05:00.210 [INFO] __main__: KELLY wr_adj=85.7% base=94.3% vol_disc=0.0% chop_disc=5.6% feedback=+0.0%[0m
[96m2026-04-07 12:05:00.211 [INFO] __main__: window open price captured: 68385.16 (chainlink)[0m
2026-04-07 12:05:01.035 [INFO] market_data.clob_market_ws: CLOB market subscribed for tokens up=704078068919 down=210978817727
[2m2026-04-07 12:05:26.048 [INFO] __main__: STATUS t=274s delta=0.0164% dir=up agree=True chain=68396.37 bin=68402.80 open=68385.16 obi=0.3049 ask_up=0.60 ask_dn=0.41 bid_up=0.59 bid_dn=0.40 halted=False[0m
[2m2026-04-07 12:05:56.129 [INFO] __main__: STATUS t=244s delta=0.0145% dir=up agree=True chain=68395.08 bin=68400.57 open=68385.16 obi=-0.2644 ask_up=0.58 ask_dn=0.43 bid_up=0.57 bid_dn=0.42 halted=False[0m
[2m2026-04-07 12:06:26.241 [INFO] __main__: STATUS t=214s delta=0.0383% dir=up agree=True chain=68411.33 bin=68417.02 open=68385.16 obi=-0.6235 ask_up=0.72 ask_dn=0.29 bid_up=0.71 bid_dn=0.28 halted=False[0m
[2m2026-04-07 12:06:56.334 [INFO] __main__: STATUS t=184s delta=-0.1354% dir=down agree=True chain=68292.57 bin=68242.32 open=68385.16 obi=-0.8666 ask_up=0.27 ask_dn=0.86 bid_up=0.14 bid_dn=0.73 halted=False[0m
[37m2026-04-07 12:07:00.096 [INFO] strategy.momentum_signal: [SKIP] rank=1 side=up reason=conditions_not_met latest_pct=-0.2716 need=>=0.07 stddev=0.0924 max_var=0.050[0m
[2m2026-04-07 12:07:26.433 [INFO] __main__: STATUS t=154s delta=-0.2860% dir=down agree=True chain=68189.56 bin=68177.39 open=68385.16 obi=0.6562 ask_up=0.05 ask_dn=0.96 bid_up=0.04 bid_dn=0.95 halted=False[0m
[2m2026-04-07 12:07:56.528 [INFO] __main__: STATUS t=123s delta=-0.3354% dir=down agree=True chain=68155.81 bin=68140.23 open=68385.16 obi=-0.4642 ask_up=0.02 ask_dn=0.99 bid_up=0.01 bid_dn=0.98 halted=False[0m
2026-04-07 12:07:58.767 [INFO] shared.ipc: IPC: received authenticated signal_update (summary=signals_summary_1775563678.json)
2026-04-07 12:07:58.767 [INFO] __main__: received new signal from orchestrator: rank=1 side=Up
[2m2026-04-07 12:08:26.622 [INFO] __main__: STATUS t=93s delta=-0.3531% dir=down agree=True chain=68143.70 bin=68096.80 open=68385.16 obi=0.0465 ask_up=0.03 ask_dn=0.98 bid_up=0.02 bid_dn=0.97 halted=False[0m
[2m2026-04-07 12:08:56.718 [INFO] __main__: STATUS t=63s delta=-0.4148% dir=down agree=True chain=68101.48 bin=68104.50 open=68385.16 obi=0.7250 ask_up=0.01 ask_dn=1.00 bid_up=0.01 bid_dn=0.99 halted=False[0m
[2m2026-04-07 12:09:26.817 [INFO] __main__: STATUS t=33s delta=-0.3388% dir=down agree=True chain=68153.50 bin=68158.48 open=68385.16 obi=0.3856 ask_up=0.01 ask_dn=1.00 bid_up=0.01 bid_dn=0.99 halted=False[0m
[2m2026-04-07 12:09:56.918 [INFO] __main__: STATUS t=3s delta=-0.3237% dir=down agree=True chain=68163.77 bin=68162.46 open=68385.16 obi=-0.0469 ask_up=0.01 ask_dn=1.00 bid_up=0.01 bid_dn=0.99 halted=False[0m
[37m2026-04-07 12:10:00.182 [INFO] execution.paper_trading: paper window_ts=1775563500 [SKIP] pnl=0.0000 direction=down outcome=down - balance=$1000.00 bid_up=0.01 ask_up=0.01 bid_dn=0.99 ask_dn=1.00[0m
[93m[1m2026-04-07 12:10:00.182 [INFO] risk.position_tracker: WINDOW_SUMMARY window_pnl=$0.0000 session_pnl=$0.0000 won=$0.0000 lost=$0.0000 wr=0.0% (0/0) consec_losses=0[0m
[37m2026-04-07 12:10:00.186 [INFO] __main__: WINDOW_DECISION [SKIP] rank=1 side=up pnl=$0.0000 entry=0.00 size=$0.00 (conditions not met)[0m
[95m2026-04-07 12:10:00.186 [INFO] __main__: Signal refreshed (same pattern): up_280.0_180.0_0.07_0.05 — rank 1->1, keeping SPRT state (age=3w, trades=0, LLR=0.00)[0m
2026-04-07 12:10:00.186 [INFO] __main__: SIGNAL_SWAP_ACTIVE: {"rank":1,"side":"up","observeFromS":280.0,"observeToS":180.0,"minDeltaPct":0.07,"maxVariancePct":0.05,"trainWinRatePct":80.95,"oosWinRatePct":94.23,"oosBhAdjustedPValue":9.91119e-07,"oosMatches":52,"avgEntryPrice":0.8687,"evPerTrade":0.0437,"smartScore":26.7,"wfFoldsAppeared":5,"wfTotalTestFolds":6,"wfFoldIndices":[3,4,5,6,7]}
2026-04-07 12:10:00.187 [INFO] __main__: switched to new signal: #1 up (previous: #1 up)
[96m[1m2026-04-07 12:10:00.187 [INFO] strategy.window_tracker: new window: btc-updown-5m-1775563800 (ts=1775563800)[0m
2026-04-07 12:10:00.249 [INFO] market_data.clob_market_ws: CLOB market subscribed for tokens up=257223306205 down=363750354521
[96m2026-04-07 12:10:00.255 [INFO] __main__: REGIME vol_stddev=0.127% chop_flips=3.8 sprt=dormant llr=0.00 age=3w bankroll=$1000.00[0m
[96m2026-04-07 12:10:00.255 [INFO] __main__: KELLY wr_adj=86.1% base=94.2% vol_disc=2.0% chop_disc=3.1% feedback=+0.0%[0m
[96m2026-04-07 12:10:00.255 [INFO] __main__: window open price captured: 68163.49 (chainlink)[0m
[2m2026-04-07 12:10:27.111 [INFO] __main__: STATUS t=273s delta=0.0218% dir=up agree=True chain=68178.32 bin=68181.58 open=68163.49 obi=0.8847 ask_up=0.57 ask_dn=0.45 bid_up=0.55 bid_dn=0.43 halted=False[0m
[2m2026-04-07 12:10:57.198 [INFO] __main__: STATUS t=243s delta=0.0003% dir=up agree=True chain=68163.73 bin=68172.00 open=68163.49 obi=0.8949 ask_up=0.56 ask_dn=0.45 bid_up=0.55 bid_dn=0.44 halted=False[0m
[2m2026-04-07 12:11:27.278 [INFO] __main__: STATUS t=213s delta=0.0732% dir=up agree=True chain=68213.42 bin=68222.92 open=68163.49 obi=0.2601 ask_up=0.70 ask_dn=0.31 bid_up=0.69 bid_dn=0.30 halted=False[0m
[2m2026-04-07 12:11:57.362 [INFO] __main__: STATUS t=183s delta=0.1218% dir=up agree=True chain=68246.52 bin=68250.00 open=68163.49 obi=0.5403 ask_up=0.99 ask_dn=0.99 bid_up=0.01 bid_dn=0.01 halted=False[0m
[37m2026-04-07 12:12:00.123 [INFO] strategy.momentum_signal: [SKIP] rank=1 side=up reason=conditions_not_met latest_pct=0.1269 need=>=0.07 stddev=0.0550 max_var=0.050[0m
[2m2026-04-07 12:12:27.468 [INFO] __main__: STATUS t=153s delta=0.1381% dir=up agree=True chain=68257.63 bin=68273.37 open=68163.49 obi=0.7813 ask_up=0.92 ask_dn=0.09 bid_up=0.91 bid_dn=0.08 halted=False[0m
[2m2026-04-07 12:12:57.556 [INFO] __main__: STATUS t=122s delta=0.2135% dir=up agree=True chain=68309.02 bin=68309.89 open=68163.49 obi=-0.8002 ask_up=0.98 ask_dn=0.03 bid_up=0.97 bid_dn=0.02 halted=False[0m
[2m2026-04-07 12:13:27.647 [INFO] __main__: STATUS t=92s delta=0.1442% dir=up agree=True chain=68261.77 bin=68268.97 open=68163.49 obi=-0.9875 ask_up=0.98 ask_dn=0.02 bid_up=0.98 bid_dn=0.02 halted=False[0m
[2m2026-04-07 12:13:57.742 [INFO] __main__: STATUS t=62s delta=0.1604% dir=up agree=True chain=68272.81 bin=68255.01 open=68163.49 obi=-0.8307 ask_up=0.97 ask_dn=0.03 bid_up=0.97 bid_dn=0.03 halted=False[0m
[2m2026-04-07 12:14:27.843 [INFO] __main__: STATUS t=32s delta=0.1480% dir=up agree=True chain=68264.37 bin=68270.50 open=68163.49 obi=0.1001 ask_up=1.00 ask_dn=0.01 bid_up=0.99 bid_dn=0.00 halted=False[0m
[2m2026-04-07 12:14:57.946 [INFO] __main__: STATUS t=2s delta=0.1498% dir=up agree=True chain=68265.59 bin=68270.20 open=68163.49 obi=0.3337 ask_up=1.00 ask_dn=0.00 bid_up=1.00 bid_dn=0.01 halted=False[0m
[37m2026-04-07 12:15:00.204 [INFO] execution.paper_trading: paper window_ts=1775563800 [SKIP] pnl=0.0000 direction=up outcome=up - balance=$1000.00 bid_up=1.00 ask_up=1.00 bid_dn=0.01 ask_dn=0.00[0m
[93m[1m2026-04-07 12:15:00.204 [INFO] risk.position_tracker: WINDOW_SUMMARY window_pnl=$0.0000 session_pnl=$0.0000 won=$0.0000 lost=$0.0000 wr=0.0% (0/0) consec_losses=0[0m
[96m2026-04-07 12:15:00.210 [INFO] __main__: REGIME chop_detected flips=5 delta_range=0.2636% avg_flips=4.5 over=6_windows[0m
[37m2026-04-07 12:15:00.212 [INFO] __main__: WINDOW_DECISION [SKIP] rank=1 side=up pnl=$0.0000 entry=0.00 size=$0.00 (conditions not met)[0m
[96m[1m2026-04-07 12:15:00.213 [INFO] strategy.window_tracker: new window: btc-updown-5m-1775564100 (ts=1775564100)[0m
[96m2026-04-07 12:15:00.310 [INFO] __main__: REGIME vol_stddev=0.130% chop_flips=4.5 sprt=dormant llr=0.00 age=4w bankroll=$1000.00[0m
[96m2026-04-07 12:15:00.310 [INFO] __main__: KELLY wr_adj=83.3% base=94.2% vol_disc=2.3% chop_disc=5.6% feedback=+0.0%[0m
[96m2026-04-07 12:15:00.311 [INFO] __main__: window open price captured: 68265.42 (chainlink)[0m
2026-04-07 12:15:00.514 [INFO] market_data.clob_market_ws: CLOB market subscribed for tokens up=715279384163 down=425353128735
[2m2026-04-07 12:15:28.170 [INFO] __main__: STATUS t=272s delta=-0.0352% dir=down agree=True chain=68241.40 bin=68243.61 open=68265.42 obi=0.8148 ask_up=0.39 ask_dn=0.62 bid_up=0.38 bid_dn=0.61 halted=False[0m
[2m2026-04-07 12:15:58.256 [INFO] __main__: STATUS t=242s delta=-0.0637% dir=down agree=True chain=68221.93 bin=68227.86 open=68265.42 obi=-0.2142 ask_up=0.32 ask_dn=0.69 bid_up=0.31 bid_dn=0.68 halted=False[0m
[2m2026-04-07 12:16:28.368 [INFO] __main__: STATUS t=212s delta=-0.0986% dir=down agree=True chain=68198.14 bin=68201.01 open=68265.42 obi=0.0235 ask_up=0.21 ask_dn=0.80 bid_up=0.20 bid_dn=0.79 halted=False[0m
[2m2026-04-07 12:16:58.450 [INFO] __main__: STATUS t=182s delta=-0.0621% dir=down agree=True chain=68223.00 bin=68226.70 open=68265.42 obi=-0.0637 ask_up=0.29 ask_dn=0.72 bid_up=0.28 bid_dn=0.71 halted=False[0m
[37m2026-04-07 12:17:00.209 [INFO] strategy.momentum_signal: [SKIP] rank=1 side=up reason=conditions_not_met latest_pct=-0.0567 need=>=0.07 stddev=0.0185 max_var=0.050[0m
[2m2026-04-07 12:17:28.553 [INFO] __main__: STATUS t=151s delta=-0.0755% dir=down agree=True chain=68213.91 bin=68218.74 open=68265.42 obi=0.8669 ask_up=0.25 ask_dn=0.76 bid_up=0.24 bid_dn=0.75 halted=False[0m
[2m2026-04-07 12:17:58.639 [INFO] __main__: STATUS t=121s delta=-0.0783% dir=down agree=True chain=68212.00 bin=68217.08 open=68265.42 obi=0.3800 ask_up=0.20 ask_dn=0.81 bid_up=0.19 bid_dn=0.80 halted=False[0m
[2m2026-04-07 12:18:28.730 [INFO] __main__: STATUS t=91s delta=-0.0225% dir=down agree=True chain=68250.07 bin=68253.31 open=68265.42 obi=0.3802 ask_up=0.40 ask_dn=0.61 bid_up=0.39 bid_dn=0.60 halted=False[0m
[2m2026-04-07 12:18:58.820 [INFO] __main__: STATUS t=61s delta=0.0726% dir=up agree=True chain=68315.01 bin=68320.77 open=68265.42 obi=0.2200 ask_up=0.91 ask_dn=0.10 bid_up=0.90 bid_dn=0.09 halted=False[0m
[2m2026-04-07 12:19:28.935 [INFO] __main__: STATUS t=31s delta=0.1214% dir=up agree=True chain=68348.29 bin=68352.34 open=68265.42 obi=-0.5961 ask_up=1.00 ask_dn=0.01 bid_up=0.99 bid_dn=0.01 halted=False[0m
[2m2026-04-07 12:19:59.033 [INFO] __main__: STATUS t=1s delta=0.0811% dir=up agree=True chain=68320.75 bin=68330.80 open=68265.42 obi=0.7597 ask_up=1.00 ask_dn=0.01 bid_up=0.99 bid_dn=0.01 halted=False[0m
[37m2026-04-07 12:20:00.040 [INFO] execution.paper_trading: paper window_ts=1775564100 [SKIP] pnl=0.0000 direction=up outcome=up - balance=$1000.00 bid_up=0.99 ask_up=1.00 bid_dn=0.01 ask_dn=0.01[0m
[93m[1m2026-04-07 12:20:00.040 [INFO] risk.position_tracker: WINDOW_SUMMARY window_pnl=$0.0000 session_pnl=$0.0000 won=$0.0000 lost=$0.0000 wr=0.0% (0/0) consec_losses=0[0m
[96m2026-04-07 12:20:00.053 [INFO] __main__: REGIME chop_detected flips=8 delta_range=0.2618% avg_flips=4.7 over=6_windows[0m
[37m2026-04-07 12:20:00.062 [INFO] __main__: WINDOW_DECISION [SKIP] rank=1 side=up pnl=$0.0000 entry=0.00 size=$0.00 (conditions not met)[0m
[96m[1m2026-04-07 12:20:00.062 [INFO] strategy.window_tracker: new window: btc-updown-5m-1775564400 (ts=1775564400)[0m
[96m2026-04-07 12:20:00.242 [INFO] __main__: REGIME vol_stddev=0.127% chop_flips=4.7 sprt=dormant llr=0.00 age=5w bankroll=$1000.00[0m
[96m2026-04-07 12:20:00.242 [INFO] __main__: KELLY wr_adj=82.9% base=94.2% vol_disc=2.0% chop_disc=6.3% feedback=+0.0%[0m
[96m2026-04-07 12:20:00.242 [INFO] __main__: window open price captured: 68322.28 (chainlink)[0m
2026-04-07 12:20:00.742 [INFO] market_data.clob_market_ws: CLOB market subscribed for tokens up=445725981884 down=669178543323
[2m2026-04-07 12:20:29.095 [INFO] __main__: STATUS t=271s delta=-0.0552% dir=down agree=True chain=68284.57 bin=68278.64 open=68322.28 obi=0.0510 ask_up=0.31 ask_dn=0.70 bid_up=0.30 bid_dn=0.69 halted=False[0m
[2m2026-04-07 12:20:59.182 [INFO] __main__: STATUS t=241s delta=-0.0459% dir=down agree=True chain=68290.89 bin=68292.98 open=68322.28 obi=-0.3977 ask_up=0.38 ask_dn=0.63 bid_up=0.37 bid_dn=0.62 halted=False[0m
[2m2026-04-07 12:21:29.272 [INFO] __main__: STATUS t=211s delta=-0.0302% dir=down agree=True chain=68301.67 bin=68308.34 open=68322.28 obi=0.4416 ask_up=0.42 ask_dn=0.59 bid_up=0.41 bid_dn=0.58 halted=False[0m
[2m2026-04-07 12:21:59.361 [INFO] __main__: STATUS t=181s delta=0.0259% dir=up agree=True chain=68339.96 bin=68349.99 open=68322.28 obi=0.1682 ask_up=0.61 ask_dn=0.40 bid_up=0.60 bid_dn=0.39 halted=False[0m
[37m2026-04-07 12:22:00.116 [INFO] strategy.momentum_signal: [SKIP] rank=1 side=up reason=conditions_not_met latest_pct=0.0406 need=>=0.07 stddev=0.0248 max_var=0.050[0m
[2m2026-04-07 12:22:29.457 [INFO] __main__: STATUS t=151s delta=0.0825% dir=up agree=True chain=68378.67 bin=68384.83 open=68322.28 obi=0.7812 ask_up=0.81 ask_dn=0.20 bid_up=0.80 bid_dn=0.19 halted=False[0m
[2m2026-04-07 12:22:59.545 [INFO] __main__: STATUS t=120s delta=0.1254% dir=up agree=True chain=68407.97 bin=68410.86 open=68322.28 obi=-0.1311 ask_up=0.91 ask_dn=0.10 bid_up=0.90 bid_dn=0.09 halted=False[0m
2026-04-07 12:23:13.038 [INFO] shared.ipc: IPC: received authenticated signal_update (summary=signals_summary_1775564592.json)
2026-04-07 12:23:13.038 [INFO] __main__: received new signal from orchestrator: rank=1 side=Up
[2m2026-04-07 12:23:29.642 [INFO] __main__: STATUS t=90s delta=0.0889% dir=up agree=True chain=68383.05 bin=68374.04 open=68322.28 obi=0.3193 ask_up=0.82 ask_dn=0.19 bid_up=0.81 bid_dn=0.18 halted=False[0m
[2m2026-04-07 12:23:59.734 [INFO] __main__: STATUS t=60s delta=0.0670% dir=up agree=True chain=68368.05 bin=68370.29 open=68322.28 obi=-0.9901 ask_up=0.85 ask_dn=0.16 bid_up=0.84 bid_dn=0.15 halted=False[0m
[2m2026-04-07 12:24:29.858 [INFO] __main__: STATUS t=30s delta=0.1055% dir=up agree=True chain=68394.34 bin=68393.58 open=68322.28 obi=-0.2577 ask_up=1.00 ask_dn=0.01 bid_up=0.99 bid_dn=0.01 halted=False[0m
[2m2026-04-07 12:24:59.957 [INFO] __main__: STATUS t=0s delta=0.1157% dir=up agree=True chain=68401.34 bin=68394.03 open=68322.28 obi=-0.3990 ask_up=1.00 ask_dn=0.01 bid_up=0.99 bid_dn=0.01 halted=False[0m
[37m2026-04-07 12:25:00.209 [INFO] execution.paper_trading: paper window_ts=1775564400 [SKIP] pnl=0.0000 direction=up outcome=up - balance=$1000.00 bid_up=0.99 ask_up=1.00 bid_dn=0.01 ask_dn=0.01[0m
[93m[1m2026-04-07 12:25:00.209 [INFO] risk.position_tracker: WINDOW_SUMMARY window_pnl=$0.0000 session_pnl=$0.0000 won=$0.0000 lost=$0.0000 wr=0.0% (0/0) consec_losses=0[0m
[37m2026-04-07 12:25:00.212 [INFO] __main__: WINDOW_DECISION [SKIP] rank=1 side=up pnl=$0.0000 entry=0.00 size=$0.00 (conditions not met)[0m
[95m2026-04-07 12:25:00.212 [INFO] __main__: Signal refreshed (same pattern): up_280.0_180.0_0.07_0.05 — rank 1->1, keeping SPRT state (age=6w, trades=0, LLR=0.00)[0m
2026-04-07 12:25:00.213 [INFO] __main__: SIGNAL_SWAP_ACTIVE: {"rank":1,"side":"up","observeFromS":280.0,"observeToS":180.0,"minDeltaPct":0.07,"maxVariancePct":0.05,"trainWinRatePct":80.95,"oosWinRatePct":94.23,"oosBhAdjustedPValue":1.3345e-06,"oosMatches":52,"avgEntryPrice":0.8687,"evPerTrade":0.0437,"smartScore":25.53,"wfFoldsAppeared":5,"wfTotalTestFolds":6,"wfFoldIndices":[3,4,5,6,7]}
2026-04-07 12:25:00.213 [INFO] __main__: switched to new signal: #1 up (previous: #1 up)
[96m[1m2026-04-07 12:25:00.213 [INFO] strategy.window_tracker: new window: btc-updown-5m-1775564700 (ts=1775564700)[0m
[96m2026-04-07 12:25:00.292 [INFO] __main__: REGIME vol_stddev=0.126% chop_flips=5.0 sprt=dormant llr=0.00 age=6w bankroll=$1000.00[0m
[96m2026-04-07 12:25:00.292 [INFO] __main__: KELLY wr_adj=81.7% base=94.2% vol_disc=2.0% chop_disc=7.5% feedback=+0.0%[0m
[96m2026-04-07 12:25:00.292 [INFO] __main__: window open price captured: 68401.34 (chainlink)[0m
2026-04-07 12:25:00.949 [INFO] market_data.clob_market_ws: CLOB market subscribed for tokens up=100850917171 down=916775790146
[2m2026-04-07 12:25:30.129 [INFO] __main__: STATUS t=270s delta=-0.0054% dir=down agree=False chain=68397.63 bin=68402.00 open=68401.34 obi=0.9530 ask_up=0.52 ask_dn=0.49 bid_up=0.51 bid_dn=0.48 halted=False[0m
[2m2026-04-07 12:26:00.227 [INFO] __main__: STATUS t=240s delta=0.0107% dir=up agree=True chain=68408.68 bin=68413.17 open=68401.34 obi=-0.7078 ask_up=0.53 ask_dn=0.48 bid_up=0.52 bid_dn=0.47 halted=False[0m
[2m2026-04-07 12:26:30.326 [INFO] __main__: STATUS t=210s delta=0.0046% dir=up agree=True chain=68404.50 bin=68413.17 open=68401.34 obi=0.3705 ask_up=0.54 ask_dn=0.47 bid_up=0.53 bid_dn=0.46 halted=False[0m
[37m2026-04-07 12:27:00.159 [INFO] strategy.momentum_signal: [SKIP] rank=1 side=up reason=conditions_not_met latest_pct=-0.0019 need=>=0.07 stddev=0.0088 max_var=0.050[0m
[2m2026-04-07 12:27:00.411 [INFO] __main__: STATUS t=180s delta=-0.0064% dir=down agree=True chain=68396.94 bin=68400.01 open=68401.34 obi=-0.1848 ask_up=0.50 ask_dn=0.51 bid_up=0.49 bid_dn=0.50 halted=False[0m
[2m2026-04-07 12:27:30.490 [INFO] __main__: STATUS t=150s delta=-0.0025% dir=down agree=False chain=68399.62 bin=68405.26 open=68401.34 obi=0.0278 ask_up=0.52 ask_dn=0.49 bid_up=0.51 bid_dn=0.48 halted=False[0m
[2m2026-04-07 12:28:00.576 [INFO] __main__: STATUS t=119s delta=0.0057% dir=up agree=True chain=68405.24 bin=68409.99 open=68401.34 obi=0.9230 ask_up=0.60 ask_dn=0.41 bid_up=0.59 bid_dn=0.40 halted=False[0m
[2m2026-04-07 12:28:30.667 [INFO] __main__: STATUS t=89s delta=0.0048% dir=up agree=True chain=68404.61 bin=68408.00 open=68401.34 obi=-0.2841 ask_up=0.56 ask_dn=0.45 bid_up=0.55 bid_dn=0.44 halted=False[0m
[2m2026-04-07 12:29:00.759 [INFO] __main__: STATUS t=59s delta=-0.0001% dir=down agree=False chain=68401.24 bin=68404.62 open=68401.34 obi=-0.3417 ask_up=0.57 ask_dn=0.44 bid_up=0.56 bid_dn=0.43 halted=False[0m
[2m2026-04-07 12:29:30.837 [INFO] __main__: STATUS t=29s delta=-0.0086% dir=down agree=True chain=68395.44 bin=68400.33 open=68401.34 obi=0.2542 ask_up=0.58 ask_dn=0.43 bid_up=0.57 bid_dn=0.42 halted=False[0m
[37m2026-04-07 12:30:00.176 [INFO] execution.paper_trading: paper window_ts=1775564700 [SKIP] pnl=0.0000 direction=up outcome=up - balance=$1000.00 bid_up=0.99 ask_up=1.00 bid_dn=0.01 ask_dn=0.01[0m
[93m[1m2026-04-07 12:30:00.177 [INFO] risk.position_tracker: WINDOW_SUMMARY window_pnl=$0.0000 session_pnl=$0.0000 won=$0.0000 lost=$0.0000 wr=0.0% (0/0) consec_losses=0[0m
[96m2026-04-07 12:30:00.178 [INFO] __main__: REGIME chop_detected flips=19 delta_range=0.0392% avg_flips=7.2 over=6_windows[0m
[37m2026-04-07 12:30:00.179 [INFO] __main__: WINDOW_DECISION [SKIP] rank=1 side=up pnl=$0.0000 entry=0.00 size=$0.00 (conditions not met)[0m
[96m[1m2026-04-07 12:30:00.179 [INFO] strategy.window_tracker: new window: btc-updown-5m-1775565000 (ts=1775565000)[0m
[96m2026-04-07 12:30:00.261 [INFO] __main__: REGIME vol_stddev=0.122% chop_flips=7.2 sprt=dormant llr=0.00 age=7w bankroll=$1000.00[0m
[96m2026-04-07 12:30:00.262 [INFO] __main__: KELLY wr_adj=82.1% base=94.2% vol_disc=1.7% chop_disc=7.5% feedback=+0.0%[0m
[96m2026-04-07 12:30:00.263 [INFO] __main__: window open price captured: 68418.71 (chainlink)[0m
[2m2026-04-07 12:30:01.016 [INFO] __main__: STATUS t=299s delta=0.0000% dir=none agree=True chain=68418.71 bin=68423.33 open=68418.71 obi=0.7308 ask_up=0.00 ask_dn=0.00 bid_up=0.00 bid_dn=0.00 halted=False[0m
2026-04-07 12:30:01.160 [INFO] market_data.clob_market_ws: CLOB market subscribed for tokens up=359741537614 down=425634365167
[2m2026-04-07 12:30:31.150 [INFO] __main__: STATUS t=269s delta=0.0215% dir=up agree=True chain=68433.40 bin=68438.01 open=68418.71 obi=-0.0944 ask_up=0.55 ask_dn=0.46 bid_up=0.54 bid_dn=0.45 halted=False[0m
[2m2026-04-07 12:31:01.239 [INFO] __main__: STATUS t=239s delta=0.0384% dir=up agree=True chain=68444.96 bin=68451.17 open=68418.71 obi=-0.8938 ask_up=0.60 ask_dn=0.41 bid_up=0.59 bid_dn=0.40 halted=False[0m
[2m2026-04-07 12:31:31.338 [INFO] __main__: STATUS t=209s delta=0.0631% dir=up agree=True chain=68461.91 bin=68467.45 open=68418.71 obi=-0.2630 ask_up=0.69 ask_dn=0.32 bid_up=0.68 bid_dn=0.31 halted=False[0m
[37m2026-04-07 12:32:00.171 [INFO] strategy.momentum_signal: [SKIP] rank=1 side=up reason=conditions_not_met latest_pct=-0.0206 need=>=0.07 stddev=0.0202 max_var=0.050[0m
[2m2026-04-07 12:32:01.430 [INFO] __main__: STATUS t=179s delta=-0.0205% dir=down agree=True chain=68404.69 bin=68404.59 open=68418.71 obi=-0.9967 ask_up=0.36 ask_dn=0.65 bid_up=0.35 bid_dn=0.64 halted=False[0m
[2m2026-04-07 12:32:31.526 [INFO] __main__: STATUS t=148s delta=-0.0514% dir=down agree=True chain=68383.54 bin=68386.35 open=68418.71 obi=0.3128 ask_up=0.27 ask_dn=0.74 bid_up=0.26 bid_dn=0.73 halted=False[0m
[2m2026-04-07 12:33:01.612 [INFO] __main__: STATUS t=118s delta=-0.0679% dir=down agree=True chain=68372.24 bin=68373.42 open=68418.71 obi=0.3749 ask_up=0.16 ask_dn=0.85 bid_up=0.15 bid_dn=0.84 halted=False[0m
[2m2026-04-07 12:33:31.703 [INFO] __main__: STATUS t=88s delta=-0.1060% dir=down agree=True chain=68346.18 bin=68352.37 open=68418.71 obi=0.1356 ask_up=0.08 ask_dn=0.93 bid_up=0.07 bid_dn=0.92 halted=False[0m
[2m2026-04-07 12:34:01.792 [INFO] __main__: STATUS t=58s delta=-0.1134% dir=down agree=True chain=68341.09 bin=68345.41 open=68418.71 obi=-0.4239 ask_up=0.04 ask_dn=0.97 bid_up=0.03 bid_dn=0.96 halted=False[0m
[2m2026-04-07 12:34:31.890 [INFO] __main__: STATUS t=28s delta=-0.0995% dir=down agree=True chain=68350.64 bin=68352.38 open=68418.71 obi=0.9799 ask_up=0.02 ask_dn=0.99 bid_up=0.01 bid_dn=0.98 halted=False[0m
[37m2026-04-07 12:35:00.241 [INFO] execution.paper_trading: paper window_ts=1775565000 [SKIP] pnl=0.0000 direction=down outcome=down - balance=$1000.00 bid_up=0.01 ask_up=0.01 bid_dn=0.99 ask_dn=1.00[0m
[93m[1m2026-04-07 12:35:00.242 [INFO] risk.position_tracker: WINDOW_SUMMARY window_pnl=$0.0000 session_pnl=$0.0000 won=$0.0000 lost=$0.0000 wr=0.0% (0/0) consec_losses=0[0m
[37m2026-04-07 12:35:00.244 [INFO] __main__: WINDOW_DECISION [SKIP] rank=1 side=up pnl=$0.0000 entry=0.00 size=$0.00 (conditions not met)[0m
[96m[1m2026-04-07 12:35:00.244 [INFO] strategy.window_tracker: new window: btc-updown-5m-1775565300 (ts=1775565300)[0m
[96m2026-04-07 12:35:00.324 [INFO] __main__: REGIME vol_stddev=0.121% chop_flips=6.2 sprt=dormant llr=0.00 age=8w bankroll=$1000.00[0m
[96m2026-04-07 12:35:00.324 [INFO] __main__: KELLY wr_adj=82.2% base=94.2% vol_disc=1.6% chop_disc=7.5% feedback=+0.0%[0m
[96m2026-04-07 12:35:00.324 [INFO] __main__: window open price captured: 68354.48 (chainlink)[0m
2026-04-07 12:35:00.378 [INFO] market_data.clob_market_ws: CLOB market subscribed for tokens up=267759954809 down=709688632138
[2m2026-04-07 12:35:02.081 [INFO] __main__: STATUS t=298s delta=0.0012% dir=up agree=True chain=68355.29 bin=68356.51 open=68354.48 obi=-0.7087 ask_up=0.48 ask_dn=0.53 bid_up=0.47 bid_dn=0.52 halted=False[0m
[2m2026-04-07 12:35:32.180 [INFO] __main__: STATUS t=268s delta=-0.0239% dir=down agree=True chain=68338.11 bin=68342.51 open=68354.48 obi=0.2523 ask_up=0.41 ask_dn=0.60 bid_up=0.40 bid_dn=0.59 halted=False[0m
[2m2026-04-07 12:36:02.272 [INFO] __main__: STATUS t=238s delta=0.0313% dir=up agree=True chain=68375.86 bin=68385.81 open=68354.48 obi=0.8456 ask_up=0.67 ask_dn=0.34 bid_up=0.66 bid_dn=0.33 halted=False[0m
[2m2026-04-07 12:36:32.363 [INFO] __main__: STATUS t=208s delta=0.0533% dir=up agree=True chain=68390.94 bin=68396.51 open=68354.48 obi=-0.0232 ask_up=0.71 ask_dn=0.30 bid_up=0.70 bid_dn=0.29 halted=False[0m
[37m2026-04-07 12:37:00.196 [INFO] strategy.momentum_signal: [SKIP] rank=1 side=up reason=conditions_not_met latest_pct=0.0698 need=>=0.07 stddev=0.0329 max_var=0.050[0m
[2m2026-04-07 12:37:02.455 [INFO] __main__: STATUS t=178s delta=0.0574% dir=up agree=True chain=68393.69 bin=68402.21 open=68354.48 obi=0.1222 ask_up=0.69 ask_dn=0.32 bid_up=0.68 bid_dn=0.31 halted=False[0m
[2m2026-04-07 12:37:32.542 [INFO] __main__: STATUS t=147s delta=0.0688% dir=up agree=True chain=68401.49 bin=68406.45 open=68354.48 obi=-0.2933 ask_up=0.77 ask_dn=0.24 bid_up=0.76 bid_dn=0.23 halted=False[0m
[2m2026-04-07 12:38:02.640 [INFO] __main__: STATUS t=117s delta=0.0675% dir=up agree=True chain=68400.60 bin=68411.04 open=68354.48 obi=0.9487 ask_up=0.86 ask_dn=0.15 bid_up=0.85 bid_dn=0.14 halted=False[0m
2026-04-07 12:38:27.135 [INFO] shared.ipc: IPC: received authenticated signal_update (summary=signals_summary_1775565506.json)
2026-04-07 12:38:27.135 [INFO] __main__: received new signal from orchestrator: rank=1 side=Up
[2m2026-04-07 12:38:32.729 [INFO] __main__: STATUS t=87s delta=0.0895% dir=up agree=True chain=68415.68 bin=68423.33 open=68354.48 obi=-0.6436 ask_up=0.89 ask_dn=0.12 bid_up=0.88 bid_dn=0.11 halted=False[0m
[2m2026-04-07 12:39:02.841 [INFO] __main__: STATUS t=57s delta=0.0419% dir=up agree=True chain=68383.10 bin=68386.06 open=68354.48 obi=-0.3680 ask_up=0.75 ask_dn=0.26 bid_up=0.74 bid_dn=0.25 halted=False[0m
[2m2026-04-07 12:39:32.935 [INFO] __main__: STATUS t=27s delta=0.0583% dir=up agree=True chain=68394.31 bin=68400.79 open=68354.48 obi=0.7862 ask_up=0.97 ask_dn=0.04 bid_up=0.96 bid_dn=0.03 halted=False[0m
[37m2026-04-07 12:40:00.026 [INFO] execution.paper_trading: paper window_ts=1775565300 [SKIP] pnl=0.0000 direction=up outcome=up - balance=$1000.00 bid_up=0.99 ask_up=1.00 bid_dn=0.01 ask_dn=0.01[0m
[93m[1m2026-04-07 12:40:00.026 [INFO] risk.position_tracker: WINDOW_SUMMARY window_pnl=$0.0000 session_pnl=$0.0000 won=$0.0000 lost=$0.0000 wr=0.0% (0/0) consec_losses=0[0m
[96m2026-04-07 12:40:00.053 [INFO] __main__: REGIME chop_detected flips=3 delta_range=0.1265% avg_flips=6.3 over=6_windows[0m
[37m2026-04-07 12:40:00.058 [INFO] __main__: WINDOW_DECISION [SKIP] rank=1 side=up pnl=$0.0000 entry=0.00 size=$0.00 (conditions not met)[0m
[95m2026-04-07 12:40:00.058 [INFO] __main__: Signal refreshed (same pattern): up_280.0_180.0_0.07_0.05 — rank 1->1, keeping SPRT state (age=9w, trades=0, LLR=0.00)[0m
2026-04-07 12:40:00.064 [INFO] __main__: SIGNAL_SWAP_ACTIVE: {"rank":1,"side":"up","observeFromS":280.0,"observeToS":180.0,"minDeltaPct":0.07,"maxVariancePct":0.05,"trainWinRatePct":80.95,"oosWinRatePct":94.23,"oosBhAdjustedPValue":9.8949e-07,"oosMatches":52,"avgEntryPrice":0.8687,"evPerTrade":0.0437,"smartScore":24.86,"wfFoldsAppeared":5,"wfTotalTestFolds":6,"wfFoldIndices":[3,4,5,6,7]}
2026-04-07 12:40:00.064 [INFO] __main__: switched to new signal: #1 up (previous: #1 up)
[96m[1m2026-04-07 12:40:00.065 [INFO] strategy.window_tracker: new window: btc-updown-5m-1775565600 (ts=1775565600)[0m
[96m2026-04-07 12:40:00.299 [INFO] __main__: REGIME vol_stddev=0.118% chop_flips=6.3 sprt=dormant llr=0.00 age=9w bankroll=$1000.00[0m
[96m2026-04-07 12:40:00.299 [INFO] __main__: KELLY wr_adj=82.3% base=94.2% vol_disc=1.4% chop_disc=7.5% feedback=+0.0%[0m
[96m2026-04-07 12:40:00.299 [INFO] __main__: window open price captured: 68407.92 (chainlink)[0m
2026-04-07 12:40:00.609 [INFO] market_data.clob_market_ws: CLOB market subscribed for tokens up=461415283493 down=104595672394
[2m2026-04-07 12:40:03.069 [INFO] __main__: STATUS t=297s delta=0.0008% dir=up agree=False chain=68408.44 bin=68398.17 open=68407.92 obi=-0.9497 ask_up=0.39 ask_dn=0.62 bid_up=0.38 bid_dn=0.61 halted=False[0m
[2m2026-04-07 12:40:33.164 [INFO] __main__: STATUS t=267s delta=-0.0205% dir=down agree=True chain=68393.87 bin=68399.54 open=68407.92 obi=0.7071 ask_up=0.46 ask_dn=0.55 bid_up=0.45 bid_dn=0.54 halted=False[0m
[2m2026-04-07 12:41:03.269 [INFO] __main__: STATUS t=237s delta=-0.0229% dir=down agree=True chain=68392.26 bin=68397.97 open=68407.92 obi=0.5594 ask_up=0.45 ask_dn=0.56 bid_up=0.44 bid_dn=0.55 halted=False[0m
[2m2026-04-07 12:41:33.358 [INFO] __main__: STATUS t=207s delta=-0.0090% dir=down agree=True chain=68401.76 bin=68386.96 open=68407.92 obi=-0.4201 ask_up=0.35 ask_dn=0.66 bid_up=0.34 bid_dn=0.65 halted=False[0m
[37m2026-04-07 12:42:00.180 [INFO] strategy.momentum_signal: [SKIP] rank=1 side=up reason=conditions_not_met latest_pct=-0.0282 need=>=0.07 stddev=0.0140 max_var=0.050[0m
[2m2026-04-07 12:42:03.442 [INFO] __main__: STATUS t=177s delta=-0.0391% dir=down agree=True chain=68381.15 bin=68388.62 open=68407.92 obi=0.2629 ask_up=0.41 ask_dn=0.60 bid_up=0.40 bid_dn=0.59 halted=False[0m
[2m2026-04-07 12:42:33.542 [INFO] __main__: STATUS t=146s delta=-0.0612% dir=down agree=True chain=68366.03 bin=68373.78 open=68407.92 obi=-0.5048 ask_up=0.25 ask_dn=0.76 bid_up=0.24 bid_dn=0.75 halted=False[0m
[2m2026-04-07 12:43:03.633 [INFO] __main__: STATUS t=116s delta=-0.0544% dir=down agree=True chain=68370.70 bin=68373.78 open=68407.92 obi=0.1614 ask_up=0.23 ask_dn=0.78 bid_up=0.22 bid_dn=0.77 halted=False[0m
[2m2026-04-07 12:43:33.734 [INFO] __main__: STATUS t=86s delta=-0.0957% dir=down agree=True chain=68342.45 bin=68342.94 open=68407.92 obi=0.1523 ask_up=0.06 ask_dn=0.95 bid_up=0.05 bid_dn=0.94 halted=False[0m
[2m2026-04-07 12:44:03.829 [INFO] __main__: STATUS t=56s delta=-0.1128% dir=down agree=True chain=68330.78 bin=68334.36 open=68407.92 obi=-0.3409 ask_up=0.02 ask_dn=0.99 bid_up=0.01 bid_dn=0.98 halted=False[0m
[2m2026-04-07 12:44:33.927 [INFO] __main__: STATUS t=26s delta=-0.1411% dir=down agree=True chain=68311.37 bin=68314.16 open=68407.92 obi=-0.1398 ask_up=0.01 ask_dn=1.00 bid_up=0.01 bid_dn=0.99 halted=False[0m
[37m2026-04-07 12:45:00.026 [INFO] execution.paper_trading: paper window_ts=1775565600 [SKIP] pnl=0.0000 direction=down outcome=down - balance=$1000.00 bid_up=0.01 ask_up=0.01 bid_dn=0.99 ask_dn=1.00[0m
[93m[1m2026-04-07 12:45:00.026 [INFO] risk.position_tracker: WINDOW_SUMMARY window_pnl=$0.0000 session_pnl=$0.0000 won=$0.0000 lost=$0.0000 wr=0.0% (0/0) consec_losses=0[0m
[37m2026-04-07 12:45:00.044 [INFO] __main__: WINDOW_DECISION [SKIP] rank=1 side=up pnl=$0.0000 entry=0.00 size=$0.00 (conditions not met)[0m
[96m[1m2026-04-07 12:45:00.048 [INFO] strategy.window_tracker: new window: btc-updown-5m-1775565900 (ts=1775565900)[0m
[96m2026-04-07 12:45:00.217 [INFO] __main__: REGIME vol_stddev=0.120% chop_flips=5.7 sprt=dormant llr=0.00 age=10w bankroll=$1000.00[0m
[96m2026-04-07 12:45:00.218 [INFO] __main__: KELLY wr_adj=82.2% base=94.2% vol_disc=1.5% chop_disc=7.5% feedback=+0.0%[0m
[96m2026-04-07 12:45:00.218 [INFO] __main__: window open price captured: 68315.45 (chainlink)[0m
2026-04-07 12:45:00.819 [INFO] market_data.clob_market_ws: CLOB market subscribed for tokens up=107783429358 down=677530170499
[2m2026-04-07 12:45:03.984 [INFO] __main__: STATUS t=296s delta=-0.0026% dir=down agree=False chain=68313.66 bin=68320.63 open=68315.45 obi=0.2099 ask_up=0.52 ask_dn=0.49 bid_up=0.51 bid_dn=0.48 halted=False[0m
[2m2026-04-07 12:45:34.078 [INFO] __main__: STATUS t=266s delta=-0.0790% dir=down agree=True chain=68261.52 bin=68265.95 open=68315.45 obi=-0.3992 ask_up=0.24 ask_dn=0.77 bid_up=0.23 bid_dn=0.76 halted=False[0m
[2m2026-04-07 12:46:04.181 [INFO] __main__: STATUS t=236s delta=-0.0262% dir=down agree=True chain=68297.57 bin=68311.36 open=68315.45 obi=-0.4270 ask_up=0.45 ask_dn=0.56 bid_up=0.44 bid_dn=0.55 halted=False[0m
[2m2026-04-07 12:46:34.272 [INFO] __main__: STATUS t=206s delta=0.0192% dir=up agree=True chain=68328.60 bin=68334.37 open=68315.45 obi=-0.5088 ask_up=0.59 ask_dn=0.42 bid_up=0.58 bid_dn=0.41 halted=False[0m
[37m2026-04-07 12:47:00.102 [INFO] strategy.momentum_signal: [SKIP] rank=1 side=up reason=conditions_not_met latest_pct=0.0123 need=>=0.07 stddev=0.0329 max_var=0.050[0m
[2m2026-04-07 12:47:04.368 [INFO] __main__: STATUS t=176s delta=0.0038% dir=up agree=True chain=68318.05 bin=68328.93 open=68315.45 obi=0.6400 ask_up=0.57 ask_dn=0.44 bid_up=0.56 bid_dn=0.43 halted=False[0m
[2m2026-04-07 12:47:34.462 [INFO] __main__: STATUS t=146s delta=0.0024% dir=up agree=True chain=68317.09 bin=68320.90 open=68315.45 obi=-0.6769 ask_up=0.49 ask_dn=0.52 bid_up=0.48 bid_dn=0.51 halted=False[0m
[2m2026-04-07 12:48:04.551 [INFO] __main__: STATUS t=115s delta=0.0039% dir=up agree=True chain=68318.15 bin=68324.01 open=68315.45 obi=-0.6119 ask_up=0.49 ask_dn=0.52 bid_up=0.48 bid_dn=0.51 halted=False[0m
[2m2026-04-07 12:48:34.640 [INFO] __main__: STATUS t=85s delta=-0.0009% dir=down agree=True chain=68314.86 bin=68310.00 open=68315.45 obi=-0.9321 ask_up=0.40 ask_dn=0.62 bid_up=0.38 bid_dn=0.60 halted=False[0m
[2m2026-04-07 12:49:04.738 [INFO] __main__: STATUS t=55s delta=-0.1152% dir=down agree=True chain=68236.73 bin=68239.37 open=68315.45 obi=-0.7714 ask_up=0.01 ask_dn=1.00 bid_up=0.01 bid_dn=0.99 halted=False[0m
[2m2026-04-07 12:49:34.848 [INFO] __main__: STATUS t=25s delta=-0.0597% dir=down agree=True chain=68274.68 bin=68280.27 open=68315.45 obi=-0.4272 ask_up=0.02 ask_dn=0.99 bid_up=0.01 bid_dn=0.98 halted=False[0m
[37m2026-04-07 12:50:00.186 [INFO] execution.paper_trading: paper window_ts=1775565900 [SKIP] pnl=0.0000 direction=down outcome=down - balance=$1000.00 bid_up=0.01 ask_up=0.01 bid_dn=0.99 ask_dn=1.00[0m
[93m[1m2026-04-07 12:50:00.186 [INFO] risk.position_tracker: WINDOW_SUMMARY window_pnl=$0.0000 session_pnl=$0.0000 won=$0.0000 lost=$0.0000 wr=0.0% (0/0) consec_losses=0[0m
[96m2026-04-07 12:50:00.189 [INFO] __main__: REGIME chop_detected flips=13 delta_range=0.1413% avg_flips=6.5 over=6_windows[0m
[37m2026-04-07 12:50:00.191 [INFO] __main__: WINDOW_DECISION [SKIP] rank=1 side=up pnl=$0.0000 entry=0.00 size=$0.00 (conditions not met)[0m
[96m[1m2026-04-07 12:50:00.191 [INFO] strategy.window_tracker: new window: btc-updown-5m-1775566200 (ts=1775566200)[0m
[96m2026-04-07 12:50:00.275 [INFO] __main__: REGIME vol_stddev=0.118% chop_flips=6.5 sprt=dormant llr=0.00 age=11w bankroll=$1000.00[0m
[96m2026-04-07 12:50:00.275 [INFO] __main__: KELLY wr_adj=82.4% base=94.2% vol_disc=1.3% chop_disc=7.5% feedback=+0.0%[0m
[96m2026-04-07 12:50:00.275 [INFO] __main__: window open price captured: 68267.75 (chainlink)[0m
2026-04-07 12:50:01.026 [INFO] market_data.clob_market_ws: CLOB market subscribed for tokens up=398953672908 down=680233716574
[2m2026-04-07 12:50:05.046 [INFO] __main__: STATUS t=295s delta=0.0122% dir=up agree=True chain=68276.07 bin=68280.27 open=68267.75 obi=-0.7290 ask_up=0.54 ask_dn=0.47 bid_up=0.53 bid_dn=0.46 halted=False[0m
[2m2026-04-07 12:50:35.134 [INFO] __main__: STATUS t=265s delta=-0.0048% dir=down agree=False chain=68264.47 bin=68268.00 open=68267.75 obi=-0.6132 ask_up=0.49 ask_dn=0.52 bid_up=0.48 bid_dn=0.51 halted=False[0m
[2m2026-04-07 12:51:05.219 [INFO] __main__: STATUS t=235s delta=0.0033% dir=up agree=True chain=68270.01 bin=68273.98 open=68267.75 obi=-0.6335 ask_up=0.53 ask_dn=0.48 bid_up=0.52 bid_dn=0.47 halted=False[0m
[2m2026-04-07 12:51:35.310 [INFO] __main__: STATUS t=205s delta=0.0113% dir=up agree=True chain=68275.46 bin=68280.27 open=68267.75 obi=-0.1494 ask_up=0.59 ask_dn=0.42 bid_up=0.58 bid_dn=0.41 halted=False[0m
[37m2026-04-07 12:52:00.137 [INFO] strategy.momentum_signal: [SKIP] rank=1 side=up reason=conditions_not_met latest_pct=0.0418 need=>=0.07 stddev=0.0172 max_var=0.050[0m
[2m2026-04-07 12:52:05.430 [INFO] __main__: STATUS t=175s delta=0.0312% dir=up agree=True chain=68289.08 bin=68296.29 open=68267.75 obi=-0.9413 ask_up=0.67 ask_dn=0.34 bid_up=0.66 bid_dn=0.33 halted=False[0m
[2m2026-04-07 12:52:35.522 [INFO] __main__: STATUS t=144s delta=0.0575% dir=up agree=True chain=68306.97 bin=68317.71 open=68267.75 obi=0.0927 ask_up=0.86 ask_dn=0.15 bid_up=0.85 bid_dn=0.14 halted=False[0m
[2m2026-04-07 12:53:05.611 [INFO] __main__: STATUS t=114s delta=0.0727% dir=up agree=True chain=68317.37 bin=68322.77 open=68267.75 obi=-0.3287 ask_up=0.87 ask_dn=0.14 bid_up=0.86 bid_dn=0.13 halted=False[0m
[2m2026-04-07 12:53:35.703 [INFO] __main__: STATUS t=84s delta=0.1022% dir=up agree=True chain=68337.54 bin=68341.66 open=68267.75 obi=-0.7427 ask_up=0.97 ask_dn=0.04 bid_up=0.96 bid_dn=0.03 halted=False[0m
2026-04-07 12:53:41.034 [INFO] shared.ipc: IPC: received authenticated signal_update (summary=signals_summary_1775566420.json)
2026-04-07 12:53:41.034 [INFO] __main__: received new signal from orchestrator: rank=1 side=Up
[2m2026-04-07 12:54:05.819 [INFO] __main__: STATUS t=54s delta=0.1012% dir=up agree=True chain=68336.85 bin=68342.09 open=68267.75 obi=0.8723 ask_up=0.99 ask_dn=0.02 bid_up=0.98 bid_dn=0.01 halted=False[0m
[2m2026-04-07 12:54:35.919 [INFO] __main__: STATUS t=24s delta=0.1015% dir=up agree=True chain=68337.02 bin=68342.01 open=68267.75 obi=-0.9516 ask_up=1.00 ask_dn=0.01 bid_up=0.99 bid_dn=0.01 halted=False[0m
[37m2026-04-07 12:55:00.250 [INFO] execution.paper_trading: paper window_ts=1775566200 [SKIP] pnl=0.0000 direction=up outcome=up - balance=$1000.00 bid_up=0.99 ask_up=1.00 bid_dn=0.01 ask_dn=0.01[0m
[93m[1m2026-04-07 12:55:00.250 [INFO] risk.position_tracker: WINDOW_SUMMARY window_pnl=$0.0000 session_pnl=$0.0000 won=$0.0000 lost=$0.0000 wr=0.0% (0/0) consec_losses=0[0m
[96m2026-04-07 12:55:00.252 [INFO] __main__: REGIME chop_detected flips=7 delta_range=0.1235% avg_flips=7.3 over=6_windows[0m
[37m2026-04-07 12:55:00.253 [INFO] __main__: WINDOW_DECISION [SKIP] rank=1 side=up pnl=$0.0000 entry=0.00 size=$0.00 (conditions not met)[0m
2026-04-07 12:55:00.253 [INFO] __main__: Signal changed: up_280.0_180.0_0.07_0.05 -> up_280.0_150.0_0.07_0.05 (age was 12 windows)
2026-04-07 12:55:00.253 [INFO] __main__: SIGNAL_SWAP_ACTIVE: {"rank":1,"side":"up","observeFromS":280.0,"observeToS":150.0,"minDeltaPct":0.07,"maxVariancePct":0.05,"trainWinRatePct":91.03,"oosWinRatePct":97.73,"oosBhAdjustedPValue":4.27071e-14,"oosMatches":44,"avgEntryPrice":0.8734,"evPerTrade":0.0739,"smartScore":35.18,"wfFoldsAppeared":4,"wfTotalTestFolds":6,"wfFoldIndices":[3,4,6,7]}
2026-04-07 12:55:00.254 [INFO] __main__: switched to new signal: #1 up (previous: #1 up)
[96m[1m2026-04-07 12:55:00.254 [INFO] strategy.window_tracker: new window: btc-updown-5m-1775566500 (ts=1775566500)[0m
[96m2026-04-07 12:55:00.320 [INFO] __main__: REGIME vol_stddev=0.117% chop_flips=7.3 sprt=dormant llr=0.00 age=0w bankroll=$1000.00[0m
[96m2026-04-07 12:55:00.321 [INFO] __main__: KELLY wr_adj=86.0% base=97.7% vol_disc=1.3% chop_disc=7.5% feedback=+0.0%[0m
[96m2026-04-07 12:55:00.321 [INFO] __main__: window open price captured: 68334.38 (chainlink)[0m
2026-04-07 12:55:01.255 [INFO] market_data.clob_market_ws: CLOB market subscribed for tokens up=899290426566 down=283549798372
[2m2026-04-07 12:55:06.094 [INFO] __main__: STATUS t=294s delta=-0.0006% dir=down agree=True chain=68333.97 bin=68324.20 open=68334.38 obi=-0.7890 ask_up=0.52 ask_dn=0.49 bid_up=0.51 bid_dn=0.48 halted=False[0m
[2m2026-04-07 12:55:36.184 [INFO] __main__: STATUS t=264s delta=-0.0018% dir=down agree=False chain=68333.14 bin=68338.34 open=68334.38 obi=-0.9900 ask_up=0.46 ask_dn=0.55 bid_up=0.45 bid_dn=0.54 halted=False[0m
[2m2026-04-07 12:56:06.296 [INFO] __main__: STATUS t=234s delta=0.2783% dir=up agree=True chain=68524.55 bin=68490.04 open=68334.38 obi=-0.3626 ask_up=0.93 ask_dn=0.08 bid_up=0.92 bid_dn=0.07 halted=False[0m
[2m2026-04-07 12:56:36.379 [INFO] __main__: STATUS t=204s delta=0.1029% dir=up agree=True chain=68404.72 bin=68456.47 open=68334.38 obi=-0.6892 ask_up=0.91 ask_dn=0.10 bid_up=0.90 bid_dn=0.09 halted=False[0m
[2m2026-04-07 12:57:06.479 [INFO] __main__: STATUS t=174s delta=0.1714% dir=up agree=True chain=68451.52 bin=68438.67 open=68334.38 obi=0.3524 ask_up=0.91 ask_dn=0.11 bid_up=0.89 bid_dn=0.09 halted=False[0m
[37m2026-04-07 12:57:30.048 [INFO] strategy.momentum_signal: [SKIP] rank=1 side=up reason=conditions_not_met latest_pct=0.1430 need=>=0.07 stddev=0.0854 max_var=0.050[0m
[2m2026-04-07 12:57:36.568 [INFO] __main__: STATUS t=143s delta=0.1447% dir=up agree=True chain=68433.27 bin=68437.70 open=68334.38 obi=-0.0309 ask_up=0.95 ask_dn=0.06 bid_up=0.94 bid_dn=0.05 halted=False[0m
[2m2026-04-07 12:58:06.666 [INFO] __main__: STATUS t=113s delta=0.1252% dir=up agree=True chain=68419.93 bin=68424.26 open=68334.38 obi=-0.0094 ask_up=0.98 ask_dn=0.05 bid_up=0.95 bid_dn=0.02 halted=False[0m
[2m2026-04-07 12:58:36.761 [INFO] __main__: STATUS t=83s delta=0.1331% dir=up agree=True chain=68425.34 bin=68428.36 open=68334.38 obi=-0.2392 ask_up=0.99 ask_dn=0.02 bid_up=0.98 bid_dn=0.01 halted=False[0m
[2m2026-04-07 12:59:06.858 [INFO] __main__: STATUS t=53s delta=0.1254% dir=up agree=True chain=68420.06 bin=68422.28 open=68334.38 obi=-0.2546 ask_up=0.99 ask_dn=0.02 bid_up=0.98 bid_dn=0.01 halted=False[0m
[2m2026-04-07 12:59:36.956 [INFO] __main__: STATUS t=23s delta=0.0615% dir=up agree=True chain=68376.39 bin=68380.08 open=68334.38 obi=-0.3137 ask_up=0.98 ask_dn=0.03 bid_up=0.97 bid_dn=0.02 halted=False[0m
[37m2026-04-07 13:00:00.030 [INFO] execution.paper_trading: paper window_ts=1775566500 [SKIP] pnl=0.0000 direction=up outcome=up - balance=$1000.00 bid_up=0.99 ask_up=1.00 bid_dn=0.01 ask_dn=0.01[0m
[93m[1m2026-04-07 13:00:00.030 [INFO] risk.position_tracker: WINDOW_SUMMARY window_pnl=$0.0000 session_pnl=$0.0000 won=$0.0000 lost=$0.0000 wr=0.0% (0/0) consec_losses=0[0m
[96m2026-04-07 13:00:00.035 [INFO] __main__: REGIME chop_detected flips=3 delta_range=0.3676% avg_flips=4.7 over=6_windows[0m
[37m2026-04-07 13:00:00.040 [INFO] __main__: WINDOW_DECISION [SKIP] rank=1 side=up pnl=$0.0000 entry=0.00 size=$0.00 (conditions not met)[0m
[96m[1m2026-04-07 13:00:00.046 [INFO] strategy.window_tracker: new window: btc-updown-5m-1775566800 (ts=1775566800)[0m
[96m2026-04-07 13:00:00.189 [INFO] __main__: REGIME vol_stddev=0.115% chop_flips=4.7 sprt=dormant llr=0.00 age=1w bankroll=$1000.00[0m
[96m2026-04-07 13:00:00.189 [INFO] __main__: KELLY wr_adj=87.3% base=97.7% vol_disc=1.2% chop_disc=6.3% feedback=+0.0%[0m
[96m2026-04-07 13:00:00.190 [INFO] __main__: window open price captured: 68391.01 (chainlink)[0m
2026-04-07 13:00:00.472 [INFO] market_data.clob_market_ws: CLOB market subscribed for tokens up=108236120615 down=703283326384
[2m2026-04-07 13:00:07.035 [INFO] __main__: STATUS t=293s delta=-0.0102% dir=down agree=True chain=68384.04 bin=68386.00 open=68391.01 obi=0.9926 ask_up=0.51 ask_dn=0.50 bid_up=0.50 bid_dn=0.49 halted=False[0m
[2m2026-04-07 13:00:37.123 [INFO] __main__: STATUS t=263s delta=-0.0001% dir=down agree=False chain=68390.94 bin=68396.01 open=68391.01 obi=0.0487 ask_up=0.51 ask_dn=0.50 bid_up=0.50 bid_dn=0.49 halted=False[0m
[2m2026-04-07 13:01:07.332 [INFO] __main__: STATUS t=233s delta=-0.0059% dir=down agree=True chain=68386.95 bin=68385.40 open=68391.01 obi=-0.7266 ask_up=0.45 ask_dn=0.56 bid_up=0.44 bid_dn=0.55 halted=False[0m
[2m2026-04-07 13:01:37.416 [INFO] __main__: STATUS t=203s delta=0.0170% dir=up agree=True chain=68402.66 bin=68405.62 open=68391.01 obi=-0.4686 ask_up=0.55 ask_dn=0.46 bid_up=0.54 bid_dn=0.45 halted=False[0m
[2m2026-04-07 13:02:07.507 [INFO] __main__: STATUS t=172s delta=0.0282% dir=up agree=True chain=68410.31 bin=68410.06 open=68391.01 obi=-0.8360 ask_up=0.62 ask_dn=0.39 bid_up=0.61 bid_dn=0.38 halted=False[0m
[37m2026-04-07 13:02:30.070 [INFO] strategy.momentum_signal: [SKIP] rank=1 side=up reason=conditions_not_met latest_pct=0.0368 need=>=0.07 stddev=0.0130 max_var=0.050[0m
[2m2026-04-07 13:02:37.590 [INFO] __main__: STATUS t=142s delta=0.0220% dir=up agree=True chain=68406.04 bin=68410.17 open=68391.01 obi=-0.1454 ask_up=0.59 ask_dn=0.42 bid_up=0.58 bid_dn=0.41 halted=False[0m
[2m2026-04-07 13:03:07.681 [INFO] __main__: STATUS t=112s delta=-0.0006% dir=down agree=False chain=68390.58 bin=68394.47 open=68391.01 obi=-0.7279 ask_up=0.49 ask_dn=0.52 bid_up=0.48 bid_dn=0.51 halted=False[0m
[2m2026-04-07 13:03:37.759 [INFO] __main__: STATUS t=82s delta=-0.0189% dir=down agree=True chain=68378.09 bin=68382.62 open=68391.01 obi=-0.2654 ask_up=0.36 ask_dn=0.65 bid_up=0.35 bid_dn=0.64 halted=False[0m
[2m2026-04-07 13:04:07.858 [INFO] __main__: STATUS t=52s delta=-0.0022% dir=down agree=False chain=68389.47 bin=68394.93 open=68391.01 obi=0.5836 ask_up=0.49 ask_dn=0.52 bid_up=0.48 bid_dn=0.51 halted=False[0m
[2m2026-04-07 13:04:37.949 [INFO] __main__: STATUS t=22s delta=0.0425% dir=up agree=True chain=68420.09 bin=68443.03 open=68391.01 obi=0.4010 ask_up=0.97 ask_dn=0.04 bid_up=0.96 bid_dn=0.03 halted=False[0m
[37m2026-04-07 13:05:00.025 [INFO] execution.paper_trading: paper window_ts=1775566800 [SKIP] pnl=0.0000 direction=up outcome=up - balance=$1000.00 bid_up=0.99 ask_up=1.00 bid_dn=0.01 ask_dn=0.01[0m
[93m[1m2026-04-07 13:05:00.038 [INFO] risk.position_tracker: WINDOW_SUMMARY window_pnl=$0.0000 session_pnl=$0.0000 won=$0.0000 lost=$0.0000 wr=0.0% (0/0) consec_losses=0[0m
[96m2026-04-07 13:05:00.040 [INFO] __main__: REGIME chop_detected flips=11 delta_range=0.1016% avg_flips=6.3 over=6_windows[0m
[37m2026-04-07 13:05:00.040 [INFO] __main__: WINDOW_DECISION [SKIP] rank=1 side=up pnl=$0.0000 entry=0.00 size=$0.00 (conditions not met)[0m
[96m[1m2026-04-07 13:05:00.041 [INFO] strategy.window_tracker: new window: btc-updown-5m-1775567100 (ts=1775567100)[0m
[96m2026-04-07 13:05:00.146 [INFO] __main__: REGIME vol_stddev=0.113% chop_flips=6.3 sprt=dormant llr=0.00 age=2w bankroll=$1000.00[0m
[96m2026-04-07 13:05:00.154 [INFO] __main__: KELLY wr_adj=86.2% base=97.7% vol_disc=1.0% chop_disc=7.5% feedback=+0.0%[0m
[96m2026-04-07 13:05:00.154 [INFO] __main__: window open price captured: 68436.20 (chainlink)[0m
2026-04-07 13:05:00.704 [INFO] market_data.clob_market_ws: CLOB market subscribed for tokens up=267192289829 down=218206351059
[2m2026-04-07 13:05:08.185 [INFO] __main__: STATUS t=292s delta=0.0006% dir=up agree=True chain=68436.60 bin=68449.81 open=68436.20 obi=0.8944 ask_up=0.55 ask_dn=0.46 bid_up=0.54 bid_dn=0.45 halted=False[0m
[2m2026-04-07 13:05:38.273 [INFO] __main__: STATUS t=262s delta=0.1110% dir=up agree=True chain=68512.16 bin=68525.99 open=68436.20 obi=-0.0220 ask_up=0.87 ask_dn=0.14 bid_up=0.86 bid_dn=0.13 halted=False[0m
[2m2026-04-07 13:06:08.401 [INFO] __main__: STATUS t=232s delta=0.1597% dir=up agree=True chain=68545.52 bin=68621.99 open=68436.20 obi=0.5739 ask_up=0.91 ask_dn=0.10 bid_up=0.90 bid_dn=0.09 halted=False[0m
2026-04-07 13:06:25.851 [INFO] utils.reconnect: rtds connected to wss://ws-live-data.polymarket.com
2026-04-07 13:06:25.852 [INFO] market_data.rtds_ws: RTDS subscribed to chainlink
[2m2026-04-07 13:06:38.489 [INFO] __main__: STATUS t=202s delta=0.2607% dir=up agree=True chain=68614.63 bin=68622.54 open=68436.20 obi=0.4162 ask_up=0.98 ask_dn=0.03 bid_up=0.97 bid_dn=0.02 halted=False[0m
[2m2026-04-07 13:07:08.587 [INFO] __main__: STATUS t=171s delta=0.2680% dir=up agree=True chain=68619.63 bin=68622.54 open=68436.20 obi=0.3384 ask_up=1.00 ask_dn=0.01 bid_up=0.01 bid_dn=0.01 halted=False[0m
[37m2026-04-07 13:07:30.151 [INFO] strategy.momentum_signal: [SKIP] rank=1 side=up reason=conditions_not_met latest_pct=0.2715 need=>=0.07 stddev=0.0694 max_var=0.050[0m
[2m2026-04-07 13:07:38.678 [INFO] __main__: STATUS t=141s delta=0.2592% dir=up agree=True chain=68613.60 bin=68624.63 open=68436.20 obi=0.6523 ask_up=0.99 ask_dn=0.02 bid_up=0.98 bid_dn=0.01 halted=False[0m
[2m2026-04-07 13:08:08.767 [INFO] __main__: STATUS t=111s delta=0.2708% dir=up agree=True chain=68621.56 bin=68627.92 open=68436.20 obi=-0.1263 ask_up=1.00 ask_dn=0.01 bid_up=0.99 bid_dn=0.01 halted=False[0m
[2m2026-04-07 13:08:38.862 [INFO] __main__: STATUS t=81s delta=0.2542% dir=up agree=True chain=68610.14 bin=68616.23 open=68436.20 obi=0.3836 ask_up=1.00 ask_dn=0.00 bid_up=1.00 bid_dn=0.00 halted=False[0m
2026-04-07 13:08:55.367 [INFO] shared.ipc: IPC: received authenticated signal_update (summary=signals_summary_1775567335.json)
2026-04-07 13:08:55.367 [INFO] __main__: received new signal from orchestrator: rank=1 side=Up
[2m2026-04-07 13:09:08.982 [INFO] __main__: STATUS t=51s delta=0.2369% dir=up agree=True chain=68598.30 bin=68603.78 open=68436.20 obi=-0.5982 ask_up=1.00 ask_dn=0.01 bid_up=0.99 bid_dn=0.00 halted=False[0m
[2m2026-04-07 13:09:39.079 [INFO] __main__: STATUS t=21s delta=0.2241% dir=up agree=True chain=68589.57 bin=68598.41 open=68436.20 obi=-0.8703 ask_up=1.00 ask_dn=0.00 bid_up=1.00 bid_dn=0.00 halted=False[0m
[37m2026-04-07 13:10:00.175 [INFO] execution.paper_trading: paper window_ts=1775567100 [SKIP] pnl=0.0000 direction=up outcome=up - balance=$1000.00 bid_up=1.00 ask_up=1.00 bid_dn=0.00 ask_dn=0.00[0m
[93m[1m2026-04-07 13:10:00.180 [INFO] risk.position_tracker: WINDOW_SUMMARY window_pnl=$0.0000 session_pnl=$0.0000 won=$0.0000 lost=$0.0000 wr=0.0% (0/0) consec_losses=0[0m
[37m2026-04-07 13:10:00.200 [INFO] __main__: WINDOW_DECISION [SKIP] rank=1 side=up pnl=$0.0000 entry=0.00 size=$0.00 (conditions not met)[0m
[95m2026-04-07 13:10:00.201 [INFO] __main__: Signal refreshed (same pattern): up_280.0_150.0_0.07_0.05 — rank 1->1, keeping SPRT state (age=3w, trades=0, LLR=0.00)[0m
2026-04-07 13:10:00.205 [INFO] __main__: SIGNAL_SWAP_ACTIVE: {"rank":1,"side":"up","observeFromS":280.0,"observeToS":150.0,"minDeltaPct":0.07,"maxVariancePct":0.05,"trainWinRatePct":91.03,"oosWinRatePct":97.62,"oosBhAdjustedPValue":4.09151e-14,"oosMatches":42,"avgEntryPrice":0.8736,"evPerTrade":0.0726,"smartScore":33.01,"wfFoldsAppeared":4,"wfTotalTestFolds":6,"wfFoldIndices":[3,4,6,7]}
2026-04-07 13:10:00.207 [INFO] __main__: switched to new signal: #1 up (previous: #1 up)
[96m[1m2026-04-07 13:10:00.208 [INFO] strategy.window_tracker: new window: btc-updown-5m-1775567400 (ts=1775567400)[0m
[96m2026-04-07 13:10:00.282 [INFO] __main__: REGIME vol_stddev=0.119% chop_flips=6.0 sprt=dormant llr=0.00 age=3w bankroll=$1000.00[0m
[96m2026-04-07 13:10:00.283 [INFO] __main__: KELLY wr_adj=85.7% base=97.6% vol_disc=1.4% chop_disc=7.5% feedback=+0.0%[0m
[96m2026-04-07 13:10:00.284 [INFO] __main__: window open price captured: 68578.62 (chainlink)[0m
2026-04-07 13:10:00.932 [INFO] market_data.clob_market_ws: CLOB market subscribed for tokens up=992759388228 down=739375748720
[2m2026-04-07 13:10:09.315 [INFO] __main__: STATUS t=291s delta=-0.0004% dir=down agree=True chain=68578.32 bin=68575.58 open=68578.62 obi=-0.0169 ask_up=0.48 ask_dn=0.53 bid_up=0.47 bid_dn=0.52 halted=False[0m
[2m2026-04-07 13:10:39.407 [INFO] __main__: STATUS t=261s delta=-0.0191% dir=down agree=True chain=68565.54 bin=68570.71 open=68578.62 obi=-0.0556 ask_up=0.45 ask_dn=0.56 bid_up=0.44 bid_dn=0.55 halted=False[0m
[2m2026-04-07 13:11:09.508 [INFO] __main__: STATUS t=230s delta=-0.0157% dir=down agree=True chain=68567.83 bin=68572.36 open=68578.62 obi=0.4003 ask_up=0.47 ask_dn=0.54 bid_up=0.46 bid_dn=0.53 halted=False[0m
[2m2026-04-07 13:11:39.595 [INFO] __main__: STATUS t=200s delta=-0.0315% dir=down agree=True chain=68557.01 bin=68564.89 open=68578.62 obi=-0.5578 ask_up=0.40 ask_dn=0.61 bid_up=0.39 bid_dn=0.60 halted=False[0m
[2m2026-04-07 13:12:09.696 [INFO] __main__: STATUS t=170s delta=-0.0396% dir=down agree=True chain=68551.47 bin=68557.76 open=68578.62 obi=0.0176 ask_up=0.32 ask_dn=0.69 bid_up=0.31 bid_dn=0.68 halted=False[0m
[37m2026-04-07 13:12:30.011 [INFO] strategy.momentum_signal: [SKIP] rank=1 side=up reason=conditions_not_met latest_pct=-0.0213 need=>=0.07 stddev=0.0124 max_var=0.050[0m
[2m2026-04-07 13:12:39.786 [INFO] __main__: STATUS t=140s delta=-0.0032% dir=down agree=False chain=68576.45 bin=68586.91 open=68578.62 obi=0.6116 ask_up=0.53 ask_dn=0.48 bid_up=0.52 bid_dn=0.47 halted=False[0m
[2m2026-04-07 13:13:09.881 [INFO] __main__: STATUS t=110s delta=-0.0280% dir=down agree=True chain=68559.41 bin=68566.29 open=68578.62 obi=-0.8310 ask_up=0.32 ask_dn=0.69 bid_up=0.31 bid_dn=0.68 halted=False[0m
[2m2026-04-07 13:13:39.970 [INFO] __main__: STATUS t=80s delta=-0.0556% dir=down agree=True chain=68540.51 bin=68547.14 open=68578.62 obi=-0.1096 ask_up=0.15 ask_dn=0.86 bid_up=0.14 bid_dn=0.85 halted=False[0m
[2m2026-04-07 13:14:10.165 [INFO] __main__: STATUS t=50s delta=-0.0628% dir=down agree=True chain=68535.56 bin=68522.00 open=68578.62 obi=-0.9495 ask_up=0.03 ask_dn=0.98 bid_up=0.02 bid_dn=0.97 halted=False[0m
[2m2026-04-07 13:14:40.261 [INFO] __main__: STATUS t=20s delta=-0.1233% dir=down agree=True chain=68494.03 bin=68513.47 open=68578.62 obi=0.9532 ask_up=0.01 ask_dn=1.00 bid_up=0.01 bid_dn=0.99 halted=False[0m
[37m2026-04-07 13:15:00.099 [INFO] execution.paper_trading: paper window_ts=1775567400 [SKIP] pnl=0.0000 direction=up outcome=up - balance=$1000.00 bid_up=0.99 ask_up=1.00 bid_dn=0.02 ask_dn=0.01[0m
[93m[1m2026-04-07 13:15:00.104 [INFO] risk.position_tracker: WINDOW_SUMMARY window_pnl=$0.0000 session_pnl=$0.0000 won=$0.0000 lost=$0.0000 wr=0.0% (0/0) consec_losses=0[0m
[96m2026-04-07 13:15:00.110 [INFO] __main__: REGIME chop_detected flips=7 delta_range=0.2043% avg_flips=7.0 over=6_windows[0m
[37m2026-04-07 13:15:00.110 [INFO] __main__: WINDOW_DECISION [SKIP] rank=1 side=up pnl=$0.0000 entry=0.00 size=$0.00 (conditions not met)[0m
[96m[1m2026-04-07 13:15:00.111 [INFO] strategy.window_tracker: new window: btc-updown-5m-1775567700 (ts=1775567700)[0m
[96m2026-04-07 13:15:00.161 [INFO] __main__: REGIME vol_stddev=0.119% chop_flips=7.0 sprt=dormant llr=0.00 age=4w bankroll=$1000.00[0m
[96m2026-04-07 13:15:00.161 [INFO] __main__: KELLY wr_adj=85.7% base=97.6% vol_disc=1.4% chop_disc=7.5% feedback=+0.0%[0m
[96m2026-04-07 13:15:00.161 [INFO] __main__: window open price captured: 68614.67 (chainlink)[0m
2026-04-07 13:15:00.181 [INFO] market_data.clob_market_ws: CLOB market subscribed for tokens up=751064403502 down=491524166944
[2m2026-04-07 13:15:10.500 [INFO] __main__: STATUS t=289s delta=0.0021% dir=up agree=True chain=68616.12 bin=68625.19 open=68614.67 obi=0.7718 ask_up=0.52 ask_dn=0.49 bid_up=0.51 bid_dn=0.48 halted=False[0m
[2m2026-04-07 13:15:40.588 [INFO] __main__: STATUS t=259s delta=-0.0021% dir=down agree=False chain=68613.26 bin=68621.77 open=68614.67 obi=0.0090 ask_up=0.52 ask_dn=0.49 bid_up=0.51 bid_dn=0.48 halted=False[0m
[2m2026-04-07 13:16:10.672 [INFO] __main__: STATUS t=229s delta=-0.0126% dir=down agree=True chain=68606.05 bin=68604.48 open=68614.67 obi=-0.4203 ask_up=0.44 ask_dn=0.58 bid_up=0.42 bid_dn=0.56 halted=False[0m
[2m2026-04-07 13:16:40.768 [INFO] __main__: STATUS t=199s delta=-0.0587% dir=down agree=True chain=68574.37 bin=68581.54 open=68614.67 obi=-0.5380 ask_up=0.28 ask_dn=0.73 bid_up=0.27 bid_dn=0.72 halted=False[0m
[2m2026-04-07 13:17:10.868 [INFO] __main__: STATUS t=169s delta=-0.0851% dir=down agree=True chain=68556.30 bin=68567.44 open=68614.67 obi=-0.2684 ask_up=0.19 ask_dn=0.82 bid_up=0.18 bid_dn=0.81 halted=False[0m
[37m2026-04-07 13:17:30.174 [INFO] strategy.momentum_signal: [SKIP] rank=1 side=up reason=conditions_not_met latest_pct=-0.0841 need=>=0.07 stddev=0.0385 max_var=0.050[0m
[2m2026-04-07 13:17:40.957 [INFO] __main__: STATUS t=139s delta=-0.1021% dir=down agree=True chain=68544.59 bin=68556.99 open=68614.67 obi=-0.8931 ask_up=0.13 ask_dn=0.88 bid_up=0.12 bid_dn=0.87 halted=False[0m
[2m2026-04-07 13:18:11.056 [INFO] __main__: STATUS t=109s delta=-0.1281% dir=down agree=True chain=68526.75 bin=68536.54 open=68614.67 obi=-0.6440 ask_up=0.05 ask_dn=0.96 bid_up=0.04 bid_dn=0.95 halted=False[0m
[2m2026-04-07 13:18:41.148 [INFO] __main__: STATUS t=79s delta=-0.1245% dir=down agree=True chain=68529.26 bin=68536.53 open=68614.67 obi=0.1704 ask_up=0.03 ask_dn=0.98 bid_up=0.02 bid_dn=0.97 halted=False[0m
[2m2026-04-07 13:19:11.260 [INFO] __main__: STATUS t=49s delta=-0.1333% dir=down agree=True chain=68523.20 bin=68530.54 open=68614.67 obi=-0.1195 ask_up=0.02 ask_dn=0.99 bid_up=0.01 bid_dn=0.98 halted=False[0m
[2m2026-04-07 13:19:41.356 [INFO] __main__: STATUS t=19s delta=-0.1432% dir=down agree=True chain=68516.40 bin=68527.20 open=68614.67 obi=-0.2281 ask_up=0.01 ask_dn=1.00 bid_up=0.01 bid_dn=0.99 halted=False[0m
[37m2026-04-07 13:20:00.168 [INFO] execution.paper_trading: paper window_ts=1775567700 [SKIP] pnl=0.0000 direction=down outcome=down - balance=$1000.00 bid_up=0.01 ask_up=0.01 bid_dn=0.99 ask_dn=1.00[0m
[93m[1m2026-04-07 13:20:00.168 [INFO] risk.position_tracker: WINDOW_SUMMARY window_pnl=$0.0000 session_pnl=$0.0000 won=$0.0000 lost=$0.0000 wr=0.0% (0/0) consec_losses=0[0m
[96m2026-04-07 13:20:00.170 [INFO] __main__: REGIME chop_detected flips=8 delta_range=0.1587% avg_flips=6.2 over=6_windows[0m
[37m2026-04-07 13:20:00.170 [INFO] __main__: WINDOW_DECISION [SKIP] rank=1 side=up pnl=$0.0000 entry=0.00 size=$0.00 (conditions not met)[0m
[96m[1m2026-04-07 13:20:00.171 [INFO] strategy.window_tracker: new window: btc-updown-5m-1775568000 (ts=1775568000)[0m
[96m2026-04-07 13:20:00.229 [INFO] __main__: REGIME vol_stddev=0.123% chop_flips=6.2 sprt=dormant llr=0.00 age=5w bankroll=$1000.00[0m
[96m2026-04-07 13:20:00.229 [INFO] __main__: KELLY wr_adj=85.4% base=97.6% vol_disc=1.7% chop_disc=7.5% feedback=+0.0%[0m
[96m2026-04-07 13:20:00.230 [INFO] __main__: window open price captured: 68515.31 (chainlink)[0m
2026-04-07 13:20:00.476 [INFO] market_data.clob_market_ws: CLOB market subscribed for tokens up=791074734216 down=466938613487
[2m2026-04-07 13:20:11.511 [INFO] __main__: STATUS t=288s delta=-0.0023% dir=down agree=False chain=68513.73 bin=68520.31 open=68515.31 obi=-0.0676 ask_up=0.49 ask_dn=0.52 bid_up=0.48 bid_dn=0.51 halted=False[0m
[2m2026-04-07 13:20:41.588 [INFO] __main__: STATUS t=258s delta=0.0174% dir=up agree=True chain=68527.23 bin=68535.24 open=68515.31 obi=0.0135 ask_up=0.60 ask_dn=0.41 bid_up=0.59 bid_dn=0.40 halted=False[0m
[2m2026-04-07 13:21:11.667 [INFO] __main__: STATUS t=228s delta=-0.0038% dir=down agree=False chain=68512.70 bin=68526.12 open=68515.31 obi=-0.4830 ask_up=0.47 ask_dn=0.54 bid_up=0.46 bid_dn=0.53 halted=False[0m
[2m2026-04-07 13:21:41.753 [INFO] __main__: STATUS t=198s delta=0.0004% dir=up agree=True chain=68515.60 bin=68526.12 open=68515.31 obi=-0.3716 ask_up=0.51 ask_dn=0.50 bid_up=0.50 bid_dn=0.49 halted=False[0m
[2m2026-04-07 13:22:11.867 [INFO] __main__: STATUS t=168s delta=-0.0796% dir=down agree=True chain=68460.77 bin=68470.16 open=68515.31 obi=-0.7760 ask_up=0.15 ask_dn=0.86 bid_up=0.14 bid_dn=0.85 halted=False[0m
[37m2026-04-07 13:22:30.180 [INFO] strategy.momentum_signal: [SKIP] rank=1 side=up reason=conditions_not_met latest_pct=-0.0659 need=>=0.07 stddev=0.0381 max_var=0.050[0m
[2m2026-04-07 13:22:41.965 [INFO] __main__: STATUS t=138s delta=-0.0502% dir=down agree=True chain=68480.92 bin=68488.47 open=68515.31 obi=0.7364 ask_up=0.28 ask_dn=0.73 bid_up=0.27 bid_dn=0.72 halted=False[0m
[2m2026-04-07 13:23:12.072 [INFO] __main__: STATUS t=108s delta=-0.0210% dir=down agree=True chain=68500.95 bin=68511.52 open=68515.31 obi=-0.1272 ask_up=0.35 ask_dn=0.66 bid_up=0.34 bid_dn=0.65 halted=False[0m
[2m2026-04-07 13:23:42.160 [INFO] __main__: STATUS t=78s delta=-0.0425% dir=down agree=True chain=68486.18 bin=68496.01 open=68515.31 obi=-0.6150 ask_up=0.18 ask_dn=0.83 bid_up=0.17 bid_dn=0.82 halted=False[0m
[2m2026-04-07 13:24:12.244 [INFO] __main__: STATUS t=48s delta=-0.0424% dir=down agree=True chain=68486.29 bin=68492.36 open=68515.31 obi=0.3143 ask_up=0.14 ask_dn=0.87 bid_up=0.13 bid_dn=0.86 halted=False[0m
[2m2026-04-07 13:24:42.331 [INFO] __main__: STATUS t=18s delta=-0.0351% dir=down agree=True chain=68491.28 bin=68497.33 open=68515.31 obi=-0.4503 ask_up=0.04 ask_dn=0.97 bid_up=0.03 bid_dn=0.96 halted=False[0m
[37m2026-04-07 13:25:00.142 [INFO] execution.paper_trading: paper window_ts=1775568000 [SKIP] pnl=0.0000 direction=down outcome=down - balance=$1000.00 bid_up=0.01 ask_up=0.01 bid_dn=0.99 ask_dn=1.00[0m
[93m[1m2026-04-07 13:25:00.142 [INFO] risk.position_tracker: WINDOW_SUMMARY window_pnl=$0.0000 session_pnl=$0.0000 won=$0.0000 lost=$0.0000 wr=0.0% (0/0) consec_losses=0[0m
[96m2026-04-07 13:25:00.144 [INFO] __main__: REGIME chop_detected flips=15 delta_range=0.1018% avg_flips=7.5 over=6_windows[0m
[37m2026-04-07 13:25:00.144 [INFO] __main__: WINDOW_DECISION [SKIP] rank=1 side=up pnl=$0.0000 entry=0.00 size=$0.00 (conditions not met)[0m
[96m[1m2026-04-07 13:25:00.144 [INFO] strategy.window_tracker: new window: btc-updown-5m-1775568300 (ts=1775568300)[0m
[96m2026-04-07 13:25:00.231 [INFO] __main__: REGIME vol_stddev=0.123% chop_flips=7.5 sprt=dormant llr=0.00 age=6w bankroll=$1000.00[0m
[96m2026-04-07 13:25:00.231 [INFO] __main__: KELLY wr_adj=85.4% base=97.6% vol_disc=1.7% chop_disc=7.5% feedback=+0.0%[0m
[96m2026-04-07 13:25:00.231 [INFO] __main__: window open price captured: 68488.32 (chainlink)[0m
2026-04-07 13:25:00.688 [INFO] market_data.clob_market_ws: CLOB market subscribed for tokens up=113879328128 down=100507429349
[2m2026-04-07 13:25:12.519 [INFO] __main__: STATUS t=287s delta=0.0105% dir=up agree=True chain=68495.49 bin=68494.84 open=68488.32 obi=-0.9998 ask_up=0.53 ask_dn=0.48 bid_up=0.52 bid_dn=0.47 halted=False[0m
[2m2026-04-07 13:25:42.601 [INFO] __main__: STATUS t=257s delta=-0.0055% dir=down agree=False chain=68484.53 bin=68489.54 open=68488.32 obi=-0.5216 ask_up=0.47 ask_dn=0.54 bid_up=0.46 bid_dn=0.53 halted=False[0m
[2m2026-04-07 13:26:12.682 [INFO] __main__: STATUS t=227s delta=-0.0080% dir=down agree=False chain=68482.86 bin=68489.54 open=68488.32 obi=0.1447 ask_up=0.52 ask_dn=0.49 bid_up=0.51 bid_dn=0.48 halted=False[0m
[2m2026-04-07 13:26:42.775 [INFO] __main__: STATUS t=197s delta=-0.0119% dir=down agree=True chain=68480.19 bin=68486.80 open=68488.32 obi=-0.6264 ask_up=0.45 ask_dn=0.56 bid_up=0.44 bid_dn=0.55 halted=False[0m
[2m2026-04-07 13:27:12.885 [INFO] __main__: STATUS t=167s delta=-0.0278% dir=down agree=True chain=68469.31 bin=68474.13 open=68488.32 obi=0.9778 ask_up=0.38 ask_dn=0.63 bid_up=0.37 bid_dn=0.62 halted=False[0m
[37m2026-04-07 13:27:30.190 [INFO] strategy.momentum_signal: [SKIP] rank=1 side=up reason=conditions_not_met latest_pct=-0.0207 need=>=0.07 stddev=0.0118 max_var=0.050[0m
[2m2026-04-07 13:27:42.982 [INFO] __main__: STATUS t=137s delta=-0.0541% dir=down agree=True chain=68451.26 bin=68461.57 open=68488.32 obi=-0.8651 ask_up=0.19 ask_dn=0.82 bid_up=0.18 bid_dn=0.81 halted=False[0m
[2m2026-04-07 13:28:13.072 [INFO] __main__: STATUS t=107s delta=-0.0139% dir=down agree=True chain=68478.80 bin=68485.85 open=68488.32 obi=0.2165 ask_up=0.99 ask_dn=0.60 bid_up=0.01 bid_dn=0.58 halted=False[0m
[2m2026-04-07 13:28:43.165 [INFO] __main__: STATUS t=77s delta=-0.0269% dir=down agree=True chain=68469.89 bin=68479.01 open=68488.32 obi=-0.5600 ask_up=0.25 ask_dn=0.76 bid_up=0.24 bid_dn=0.75 halted=False[0m
[2m2026-04-07 13:29:13.261 [INFO] __main__: STATUS t=47s delta=-0.0239% dir=down agree=True chain=68471.97 bin=68481.32 open=68488.32 obi=-0.8687 ask_up=0.17 ask_dn=0.84 bid_up=0.16 bid_dn=0.83 halted=False[0m
[2m2026-04-07 13:29:43.350 [INFO] __main__: STATUS t=17s delta=-0.0167% dir=down agree=True chain=68476.91 bin=68481.32 open=68488.32 obi=0.6067 ask_up=0.17 ask_dn=0.84 bid_up=0.16 bid_dn=0.83 halted=False[0m
[37m2026-04-07 13:30:00.159 [INFO] execution.paper_trading: paper window_ts=1775568300 [SKIP] pnl=0.0000 direction=down outcome=down - balance=$1000.00 bid_up=0.01 ask_up=0.01 bid_dn=0.99 ask_dn=1.00[0m
[93m[1m2026-04-07 13:30:00.159 [INFO] risk.position_tracker: WINDOW_SUMMARY window_pnl=$0.0000 session_pnl=$0.0000 won=$0.0000 lost=$0.0000 wr=0.0% (0/0) consec_losses=0[0m
[96m2026-04-07 13:30:00.162 [INFO] __main__: REGIME chop_detected flips=5 delta_range=0.0646% avg_flips=7.8 over=6_windows[0m
[37m2026-04-07 13:30:00.164 [INFO] __main__: WINDOW_DECISION [SKIP] rank=1 side=up pnl=$0.0000 entry=0.00 size=$0.00 (conditions not met)[0m
[96m[1m2026-04-07 13:30:00.165 [INFO] strategy.window_tracker: new window: btc-updown-5m-1775568600 (ts=1775568600)[0m
[96m2026-04-07 13:30:00.246 [INFO] __main__: REGIME vol_stddev=0.122% chop_flips=7.8 sprt=dormant llr=0.00 age=7w bankroll=$1000.00[0m
[96m2026-04-07 13:30:00.247 [INFO] __main__: KELLY wr_adj=85.5% base=97.6% vol_disc=1.6% chop_disc=7.5% feedback=+0.0%[0m
[96m2026-04-07 13:30:00.247 [INFO] __main__: window open price captured: 68475.72 (chainlink)[0m
2026-04-07 13:30:00.906 [INFO] market_data.clob_market_ws: CLOB market subscribed for tokens up=635646906962 down=112539437732
[2m2026-04-07 13:30:13.545 [INFO] __main__: STATUS t=286s delta=0.0497% dir=up agree=True chain=68509.77 bin=68544.70 open=68475.72 obi=0.1313 ask_up=0.72 ask_dn=0.29 bid_up=0.71 bid_dn=0.28 halted=False[0m
[2m2026-04-07 13:30:43.632 [INFO] __main__: STATUS t=256s delta=0.0508% dir=up agree=True chain=68510.53 bin=68514.19 open=68475.72 obi=-0.1762 ask_up=0.63 ask_dn=0.38 bid_up=0.62 bid_dn=0.37 halted=False[0m
2026-04-07 13:30:45.568 [INFO] shared.ipc: IPC: received authenticated signal_update (summary=signals_summary_1775568647.json)
2026-04-07 13:30:45.568 [INFO] __main__: received new signal from orchestrator: rank=1 side=Up
[2m2026-04-07 13:31:13.726 [INFO] __main__: STATUS t=226s delta=-0.0228% dir=down agree=True chain=68460.08 bin=68464.43 open=68475.72 obi=0.6586 ask_up=0.44 ask_dn=0.57 bid_up=0.43 bid_dn=0.56 halted=False[0m
[2m2026-04-07 13:31:43.814 [INFO] __main__: STATUS t=196s delta=-0.0859% dir=down agree=True chain=68416.87 bin=68412.75 open=68475.72 obi=0.8411 ask_up=0.22 ask_dn=0.79 bid_up=0.21 bid_dn=0.78 halted=False[0m
[2m2026-04-07 13:32:13.914 [INFO] __main__: STATUS t=166s delta=-0.0112% dir=down agree=True chain=68468.06 bin=68468.97 open=68475.72 obi=0.5440 ask_up=0.43 ask_dn=0.58 bid_up=0.42 bid_dn=0.57 halted=False[0m
[37m2026-04-07 13:32:30.213 [INFO] strategy.momentum_signal: [SKIP] rank=1 side=up reason=conditions_not_met latest_pct=0.0060 need=>=0.07 stddev=0.0447 max_var=0.050[0m
[2m2026-04-07 13:32:43.998 [INFO] __main__: STATUS t=136s delta=-0.0423% dir=down agree=True chain=68446.73 bin=68453.55 open=68475.72 obi=-0.9478 ask_up=0.31 ask_dn=0.70 bid_up=0.30 bid_dn=0.69 halted=False[0m
[2m2026-04-07 13:33:14.087 [INFO] __main__: STATUS t=106s delta=-0.0391% dir=down agree=True chain=68448.97 bin=68448.49 open=68475.72 obi=-0.9575 ask_up=0.30 ask_dn=0.71 bid_up=0.29 bid_dn=0.70 halted=False[0m
[2m2026-04-07 13:33:44.177 [INFO] __main__: STATUS t=76s delta=-0.0627% dir=down agree=True chain=68432.82 bin=68471.85 open=68475.72 obi=0.2275 ask_up=0.33 ask_dn=0.73 bid_up=0.27 bid_dn=0.67 halted=False[0m
[2m2026-04-07 13:34:14.267 [INFO] __main__: STATUS t=46s delta=-0.0213% dir=down agree=True chain=68461.12 bin=68439.93 open=68475.72 obi=-0.5330 ask_up=0.14 ask_dn=0.87 bid_up=0.13 bid_dn=0.86 halted=False[0m
[2m2026-04-07 13:34:44.356 [INFO] __main__: STATUS t=16s delta=-0.0517% dir=down agree=True chain=68440.32 bin=68446.00 open=68475.72 obi=-0.3371 ask_up=0.03 ask_dn=0.98 bid_up=0.02 bid_dn=0.97 halted=False[0m
[37m2026-04-07 13:35:00.161 [INFO] execution.paper_trading: paper window_ts=1775568600 [SKIP] pnl=0.0000 direction=down outcome=down - balance=$1000.00 bid_up=0.01 ask_up=0.01 bid_dn=0.99 ask_dn=1.00[0m
[93m[1m2026-04-07 13:35:00.161 [INFO] risk.position_tracker: WINDOW_SUMMARY window_pnl=$0.0000 session_pnl=$0.0000 won=$0.0000 lost=$0.0000 wr=0.0% (0/0) consec_losses=0[0m
[96m2026-04-07 13:35:00.163 [INFO] __main__: REGIME chop_detected flips=7 delta_range=0.2259% avg_flips=7.2 over=6_windows[0m
[37m2026-04-07 13:35:00.163 [INFO] __main__: WINDOW_DECISION [SKIP] rank=1 side=up pnl=$0.0000 entry=0.00 size=$0.00 (conditions not met)[0m
[95m2026-04-07 13:35:00.164 [INFO] __main__: Signal refreshed (same pattern): up_280.0_150.0_0.07_0.05 — rank 1->1, keeping SPRT state (age=8w, trades=0, LLR=0.00)[0m
2026-04-07 13:35:00.164 [INFO] __main__: SIGNAL_SWAP_ACTIVE: {"rank":1,"side":"up","observeFromS":280.0,"observeToS":150.0,"minDeltaPct":0.07,"maxVariancePct":0.05,"trainWinRatePct":91.14,"oosWinRatePct":97.62,"oosBhAdjustedPValue":1.83178e-14,"oosMatches":42,"avgEntryPrice":0.8736,"evPerTrade":0.0726,"smartScore":33.23,"wfFoldsAppeared":4,"wfTotalTestFolds":6,"wfFoldIndices":[3,4,6,7]}
2026-04-07 13:35:00.164 [INFO] __main__: switched to new signal: #1 up (previous: #1 up)
[96m[1m2026-04-07 13:35:00.165 [INFO] strategy.window_tracker: new window: btc-updown-5m-1775568900 (ts=1775568900)[0m
[96m2026-04-07 13:35:00.242 [INFO] __main__: REGIME vol_stddev=0.122% chop_flips=7.2 sprt=dormant llr=0.00 age=8w bankroll=$1000.00[0m
[96m2026-04-07 13:35:00.242 [INFO] __main__: KELLY wr_adj=85.5% base=97.6% vol_disc=1.6% chop_disc=7.5% feedback=+0.0%[0m
[96m2026-04-07 13:35:00.242 [INFO] __main__: window open price captured: 68413.77 (chainlink)[0m
2026-04-07 13:35:01.115 [INFO] market_data.clob_market_ws: CLOB market subscribed for tokens up=850971893583 down=111751847553
[2m2026-04-07 13:35:14.537 [INFO] __main__: STATUS t=285s delta=-0.0053% dir=down agree=True chain=68410.15 bin=68399.87 open=68413.77 obi=-0.8722 ask_up=0.51 ask_dn=0.50 bid_up=0.50 bid_dn=0.49 halted=False[0m
[2m2026-04-07 13:35:44.624 [INFO] __main__: STATUS t=255s delta=0.0167% dir=up agree=True chain=68425.19 bin=68421.52 open=68413.77 obi=-0.9972 ask_up=0.51 ask_dn=0.50 bid_up=0.50 bid_dn=0.49 halted=False[0m
[2m2026-04-07 13:36:14.713 [INFO] __main__: STATUS t=225s delta=0.0746% dir=up agree=True chain=68464.81 bin=68467.92 open=68413.77 obi=-0.9990 ask_up=0.68 ask_dn=0.33 bid_up=0.67 bid_dn=0.32 halted=False[0m
[2m2026-04-07 13:36:44.800 [INFO] __main__: STATUS t=195s delta=0.0428% dir=up agree=True chain=68443.03 bin=68424.01 open=68413.77 obi=-0.8000 ask_up=0.99 ask_dn=0.99 bid_up=0.01 bid_dn=0.01 halted=False[0m
[2m2026-04-07 13:37:14.911 [INFO] __main__: STATUS t=165s delta=0.0620% dir=up agree=True chain=68456.21 bin=68453.56 open=68413.77 obi=0.8238 ask_up=0.65 ask_dn=0.36 bid_up=0.64 bid_dn=0.35 halted=False[0m
[37m2026-04-07 13:37:30.211 [INFO] strategy.momentum_signal: [SKIP] rank=1 side=up reason=conditions_not_met latest_pct=0.0248 need=>=0.07 stddev=0.0376 max_var=0.050[0m
[2m2026-04-07 13:37:45.008 [INFO] __main__: STATUS t=135s delta=0.0901% dir=up agree=True chain=68475.42 bin=68475.65 open=68413.77 obi=-0.6091 ask_up=0.81 ask_dn=0.20 bid_up=0.80 bid_dn=0.19 halted=False[0m
[2m2026-04-07 13:38:15.113 [INFO] __main__: STATUS t=105s delta=0.0836% dir=up agree=True chain=68470.98 bin=68476.90 open=68413.77 obi=0.9154 ask_up=0.99 ask_dn=0.99 bid_up=0.01 bid_dn=0.01 halted=False[0m
[2m2026-04-07 13:38:45.204 [INFO] __main__: STATUS t=75s delta=0.1220% dir=up agree=True chain=68497.24 bin=68505.51 open=68413.77 obi=0.3240 ask_up=0.96 ask_dn=0.05 bid_up=0.95 bid_dn=0.04 halted=False[0m
[2m2026-04-07 13:39:15.299 [INFO] __main__: STATUS t=45s delta=0.0435% dir=up agree=True chain=68443.50 bin=68439.70 open=68413.77 obi=-0.9272 ask_up=0.75 ask_dn=0.26 bid_up=0.74 bid_dn=0.25 halted=False[0m
[2m2026-04-07 13:39:45.383 [INFO] __main__: STATUS t=15s delta=-0.0540% dir=down agree=True chain=68376.85 bin=68405.46 open=68413.77 obi=-0.2781 ask_up=0.31 ask_dn=0.72 bid_up=0.28 bid_dn=0.69 halted=False[0m
[37m2026-04-07 13:40:00.180 [INFO] execution.paper_trading: paper window_ts=1775568900 [SKIP] pnl=0.0000 direction=down outcome=down - balance=$1000.00 bid_up=0.01 ask_up=0.01 bid_dn=0.99 ask_dn=1.00[0m
[93m[1m2026-04-07 13:40:00.180 [INFO] risk.position_tracker: WINDOW_SUMMARY window_pnl=$0.0000 session_pnl=$0.0000 won=$0.0000 lost=$0.0000 wr=0.0% (0/0) consec_losses=0[0m
[96m2026-04-07 13:40:00.182 [INFO] __main__: REGIME chop_detected flips=14 delta_range=0.1880% avg_flips=9.3 over=6_windows[0m
[37m2026-04-07 13:40:00.182 [INFO] __main__: WINDOW_DECISION [SKIP] rank=1 side=up pnl=$0.0000 entry=0.00 size=$0.00 (conditions not met)[0m
[96m[1m2026-04-07 13:40:00.183 [INFO] strategy.window_tracker: new window: btc-updown-5m-1775569200 (ts=1775569200)[0m
[96m2026-04-07 13:40:00.279 [INFO] __main__: REGIME vol_stddev=0.117% chop_flips=9.3 sprt=dormant llr=0.00 age=9w bankroll=$1000.00[0m
[96m2026-04-07 13:40:00.279 [INFO] __main__: KELLY wr_adj=85.8% base=97.6% vol_disc=1.3% chop_disc=7.5% feedback=+0.0%[0m
[96m2026-04-07 13:40:00.279 [INFO] __main__: window open price captured: 68397.04 (chainlink)[0m
2026-04-07 13:40:00.336 [INFO] market_data.clob_market_ws: CLOB market subscribed for tokens up=316663019874 down=866136250192
[2m2026-04-07 13:40:15.632 [INFO] __main__: STATUS t=284s delta=0.0112% dir=up agree=True chain=68404.67 bin=68426.58 open=68397.04 obi=-0.9998 ask_up=0.59 ask_dn=0.42 bid_up=0.58 bid_dn=0.41 halted=False[0m
[2m2026-04-07 13:40:45.719 [INFO] __main__: STATUS t=254s delta=0.0232% dir=up agree=True chain=68412.92 bin=68418.27 open=68397.04 obi=-0.9499 ask_up=0.60 ask_dn=0.41 bid_up=0.59 bid_dn=0.40 halted=False[0m
[2m2026-04-07 13:41:15.817 [INFO] __main__: STATUS t=224s delta=0.0079% dir=up agree=False chain=68402.44 bin=68383.78 open=68397.04 obi=-0.9844 ask_up=0.54 ask_dn=0.47 bid_up=0.53 bid_dn=0.46 halted=False[0m
2026-04-07 13:41:31.323 [INFO] shared.ipc: IPC: received authenticated signal_update (summary=signals_summary_1775569293.json)
2026-04-07 13:41:31.323 [INFO] __main__: received new signal from orchestrator: rank=1 side=Up
[2m2026-04-07 13:41:45.908 [INFO] __main__: STATUS t=194s delta=0.0256% dir=up agree=True chain=68414.54 bin=68418.00 open=68397.04 obi=-0.8588 ask_up=0.60 ask_dn=0.41 bid_up=0.59 bid_dn=0.40 halted=False[0m
[2m2026-04-07 13:42:16.012 [INFO] __main__: STATUS t=164s delta=0.0486% dir=up agree=True chain=68430.30 bin=68435.54 open=68397.04 obi=-0.7599 ask_up=0.69 ask_dn=0.32 bid_up=0.68 bid_dn=0.31 halted=False[0m
[96m2026-04-07 13:42:30.049 [INFO] strategy.momentum_signal: KELLY sizing: p_adj=0.858 base=0.946 vol_disc=0.013 chop_disc=0.075 feedback=+0.000[0m
[96m2026-04-07 13:42:30.050 [INFO] strategy.momentum_signal: KELLY bet: entry=0.77 raw_f=0.383 frac_f=0.096 bankroll=$1000.00 kelly_bet=$25.00 sprt=1.00 final=$25.00[0m
[92m[1m2026-04-07 13:42:30.050 [INFO] strategy.momentum_signal: FIRED rank=1 side=up t=150.0s dir=0.0700% stddev=0.0287% n=518 oos_wr=97.6% bh_p=1.83e-14 avg_entry=0.87 ask=0.77 size=$25.00[0m
2026-04-07 13:42:30.050 [INFO] execution.paper_trading: paper momentum1 maker: id=paper-1 price=0.76 size=32.8947 [resting]
2026-04-07 13:42:30.050 [INFO] strategy.momentum_signal: MAKER PLACED rank=1 side=up price=0.76 (ask=0.77 -1tick) size=$25.00 timeout=20s
[92m[1m2026-04-07 13:42:33.057 [INFO] execution.paper_trading: paper momentum1 maker fill: id=paper-1 price=0.76[0m
2026-04-07 13:42:33.058 [INFO] strategy.momentum_signal: MAKER FILLED rank=1 side=up price=0.76 size=$25.00
[2m2026-04-07 13:42:46.095 [INFO] __main__: STATUS t=134s delta=0.0541% dir=up agree=True chain=68434.04 bin=68432.87 open=68397.04 obi=-0.6722 ask_up=0.68 ask_dn=0.33 bid_up=0.67 bid_dn=0.32 halted=False[0m
[2m2026-04-07 13:43:16.189 [INFO] __main__: STATUS t=104s delta=0.0035% dir=up agree=True chain=68399.44 bin=68400.01 open=68397.04 obi=-0.5991 ask_up=0.55 ask_dn=0.46 bid_up=0.54 bid_dn=0.45 halted=False[0m
[2m2026-04-07 13:43:46.281 [INFO] __main__: STATUS t=74s delta=-0.0273% dir=down agree=True chain=68378.39 bin=68361.74 open=68397.04 obi=-0.6047 ask_up=0.26 ask_dn=0.75 bid_up=0.25 bid_dn=0.74 halted=False[0m
[2m2026-04-07 13:44:16.389 [INFO] __main__: STATUS t=44s delta=-0.0753% dir=down agree=True chain=68345.57 bin=68347.45 open=68397.04 obi=-0.5174 ask_up=0.06 ask_dn=0.95 bid_up=0.05 bid_dn=0.94 halted=False[0m
[2m2026-04-07 13:44:46.487 [INFO] __main__: STATUS t=14s delta=-0.1390% dir=down agree=True chain=68302.00 bin=68328.25 open=68397.04 obi=0.7550 ask_up=0.01 ask_dn=1.00 bid_up=0.01 bid_dn=0.99 halted=False[0m
[91m[1m2026-04-07 13:45:00.039 [INFO] execution.paper_trading: paper window_ts=1775569200 [LOSS] pnl=-25.0000 direction=down outcome=down rule#1(fill) balance=$975.00 bid_up=0.01 ask_up=0.01 bid_dn=0.99 ask_dn=1.00[0m
[93m[1m2026-04-07 13:45:00.040 [INFO] risk.position_tracker: WINDOW_SUMMARY window_pnl=$-25.0000 session_pnl=$-25.0000 won=$0.0000 lost=$25.0000 wr=0.0% (0/1) consec_losses=1[0m
[96m2026-04-07 13:45:00.049 [INFO] __main__: REGIME chop_detected flips=12 delta_range=0.2207% avg_flips=10.2 over=6_windows[0m
[91m[1m2026-04-07 13:45:00.050 [INFO] __main__: WINDOW_DECISION [LOSS] rank=1 side=up pnl=$-25.0000 entry=0.76 size=$25.00[0m
[95m2026-04-07 13:45:00.053 [INFO] __main__: Signal refreshed (same pattern): up_280.0_150.0_0.07_0.05 — rank 1->1, keeping SPRT state (age=10w, trades=1, LLR=0.70)[0m
2026-04-07 13:45:00.054 [INFO] __main__: SIGNAL_SWAP_ACTIVE: {"rank":1,"side":"up","observeFromS":280.0,"observeToS":150.0,"minDeltaPct":0.07,"maxVariancePct":0.05,"trainWinRatePct":91.14,"oosWinRatePct":97.56,"oosBhAdjustedPValue":1.82998e-14,"oosMatches":41,"avgEntryPrice":0.871,"evPerTrade":0.0746,"smartScore":33.3,"wfFoldsAppeared":4,"wfTotalTestFolds":6,"wfFoldIndices":[3,4,6,7]}
2026-04-07 13:45:00.056 [INFO] __main__: switched to new signal: #1 up (previous: #1 up)
[96m[1m2026-04-07 13:45:00.056 [INFO] strategy.window_tracker: new window: btc-updown-5m-1775569500 (ts=1775569500)[0m
[96m2026-04-07 13:45:00.161 [INFO] __main__: REGIME vol_stddev=0.119% chop_flips=10.2 sprt=dormant llr=0.70 age=10w bankroll=$974.84[0m
[96m2026-04-07 13:45:00.161 [INFO] __main__: KELLY wr_adj=85.7% base=97.6% vol_disc=1.4% chop_disc=7.5% feedback=+0.0%[0m
[96m2026-04-07 13:45:00.161 [INFO] __main__: window open price captured: 68337.82 (chainlink)[0m
2026-04-07 13:45:00.553 [INFO] market_data.clob_market_ws: CLOB market subscribed for tokens up=859869919767 down=180710796120
[2m2026-04-07 13:45:16.736 [INFO] __main__: STATUS t=283s delta=-0.0584% dir=down agree=True chain=68297.92 bin=68309.65 open=68337.82 obi=0.0158 ask_up=0.43 ask_dn=0.58 bid_up=0.42 bid_dn=0.57 halted=False[0m
[2m2026-04-07 13:45:46.825 [INFO] __main__: STATUS t=253s delta=-0.0435% dir=down agree=True chain=68308.10 bin=68310.00 open=68337.82 obi=-0.6433 ask_up=0.38 ask_dn=0.63 bid_up=0.37 bid_dn=0.62 halted=False[0m
[2m2026-04-07 13:46:16.939 [INFO] __main__: STATUS t=223s delta=-0.0600% dir=down agree=True chain=68296.81 bin=68302.95 open=68337.82 obi=0.5516 ask_up=0.99 ask_dn=0.99 bid_up=0.01 bid_dn=0.01 halted=False[0m
[2m2026-04-07 13:46:47.026 [INFO] __main__: STATUS t=193s delta=-0.0856% dir=down agree=True chain=68279.30 bin=68290.49 open=68337.82 obi=0.9963 ask_up=0.29 ask_dn=0.72 bid_up=0.28 bid_dn=0.71 halted=False[0m
[2m2026-04-07 13:47:17.123 [INFO] __main__: STATUS t=163s delta=-0.1316% dir=down agree=True chain=68247.87 bin=68251.18 open=68337.82 obi=-0.8802 ask_up=0.14 ask_dn=0.87 bid_up=0.13 bid_dn=0.86 halted=False[0m
[37m2026-04-07 13:47:30.153 [INFO] strategy.momentum_signal: [SKIP] rank=1 side=up reason=conditions_not_met latest_pct=-0.1338 need=>=0.07 stddev=0.0350 max_var=0.050[0m
[2m2026-04-07 13:47:47.198 [INFO] __main__: STATUS t=133s delta=-0.1358% dir=down agree=True chain=68244.99 bin=68249.25 open=68337.82 obi=-0.1067 ask_up=0.08 ask_dn=0.93 bid_up=0.07 bid_dn=0.92 halted=False[0m
[2m2026-04-07 13:48:17.291 [INFO] __main__: STATUS t=103s delta=-0.1374% dir=down agree=True chain=68243.93 bin=68242.01 open=68337.82 obi=-0.2415 ask_up=0.04 ask_dn=0.97 bid_up=0.03 bid_dn=0.96 halted=False[0m
[2m2026-04-07 13:48:47.382 [INFO] __main__: STATUS t=73s delta=-0.2037% dir=down agree=True chain=68198.58 bin=68220.85 open=68337.82 obi=0.7395 ask_up=0.01 ask_dn=1.00 bid_up=0.01 bid_dn=0.99 halted=False[0m
[2m2026-04-07 13:49:17.493 [INFO] __main__: STATUS t=43s delta=-0.1564% dir=down agree=True chain=68230.97 bin=68238.86 open=68337.82 obi=-0.7791 ask_up=0.01 ask_dn=1.00 bid_up=0.01 bid_dn=0.99 halted=False[0m
[2m2026-04-07 13:49:47.584 [INFO] __main__: STATUS t=12s delta=-0.0835% dir=down agree=True chain=68280.73 bin=68286.94 open=68337.82 obi=0.3886 ask_up=0.02 ask_dn=0.99 bid_up=0.01 bid_dn=0.98 halted=False[0m
[37m2026-04-07 13:50:00.127 [INFO] execution.paper_trading: paper window_ts=1775569500 [SKIP] pnl=0.0000 direction=down outcome=down - balance=$975.00 bid_up=0.01 ask_up=0.01 bid_dn=0.99 ask_dn=1.00[0m
[93m[1m2026-04-07 13:50:00.127 [INFO] risk.position_tracker: WINDOW_SUMMARY window_pnl=$0.0000 session_pnl=$-25.0000 won=$0.0000 lost=$25.0000 wr=0.0% (0/1) consec_losses=1[0m
[37m2026-04-07 13:50:00.132 [INFO] __main__: WINDOW_DECISION [SKIP] rank=1 side=up pnl=$0.0000 entry=0.00 size=$0.00 (conditions not met)[0m
[96m[1m2026-04-07 13:50:00.132 [INFO] strategy.window_tracker: new window: btc-updown-5m-1775569800 (ts=1775569800)[0m
[96m2026-04-07 13:50:00.252 [INFO] __main__: REGIME vol_stddev=0.119% chop_flips=9.2 sprt=dormant llr=0.70 age=11w bankroll=$974.84[0m
[96m2026-04-07 13:50:00.252 [INFO] __main__: KELLY wr_adj=85.6% base=97.6% vol_disc=1.4% chop_disc=7.5% feedback=+0.0%[0m
[96m2026-04-07 13:50:00.252 [INFO] __main__: window open price captured: 68282.75 (chainlink)[0m
2026-04-07 13:50:00.770 [INFO] market_data.clob_market_ws: CLOB market subscribed for tokens up=921131146069 down=326824388753
[2m2026-04-07 13:50:17.816 [INFO] __main__: STATUS t=282s delta=-0.0188% dir=down agree=True chain=68269.89 bin=68273.94 open=68282.75 obi=0.7314 ask_up=0.47 ask_dn=0.54 bid_up=0.46 bid_dn=0.53 halted=False[0m
[2m2026-04-07 13:50:47.903 [INFO] __main__: STATUS t=252s delta=0.0695% dir=up agree=True chain=68330.22 bin=68337.87 open=68282.75 obi=-0.4121 ask_up=0.71 ask_dn=0.30 bid_up=0.70 bid_dn=0.29 halted=False[0m
[2m2026-04-07 13:51:17.990 [INFO] __main__: STATUS t=222s delta=0.0554% dir=up agree=True chain=68320.57 bin=68353.00 open=68282.75 obi=0.3723 ask_up=0.76 ask_dn=0.26 bid_up=0.74 bid_dn=0.24 halted=False[0m
[2m2026-04-07 13:51:48.064 [INFO] __main__: STATUS t=192s delta=0.0926% dir=up agree=True chain=68345.95 bin=68335.28 open=68282.75 obi=-0.9354 ask_up=0.74 ask_dn=0.27 bid_up=0.73 bid_dn=0.26 halted=False[0m
[2m2026-04-07 13:52:18.151 [INFO] __main__: STATUS t=162s delta=0.0961% dir=up agree=True chain=68348.38 bin=68354.51 open=68282.75 obi=0.4525 ask_up=0.84 ask_dn=0.17 bid_up=0.83 bid_dn=0.16 halted=False[0m
[37m2026-04-07 13:52:30.178 [INFO] strategy.momentum_signal: [SKIP] rank=1 side=up reason=KELLY_NO_EDGE p_adj=0.856 entry=0.91 raw_f=-0.599[0m
[2m2026-04-07 13:52:48.232 [INFO] __main__: STATUS t=132s delta=0.1286% dir=up agree=True chain=68370.54 bin=68374.60 open=68282.75 obi=-0.0383 ask_up=0.92 ask_dn=0.09 bid_up=0.91 bid_dn=0.08 halted=False[0m
[2m2026-04-07 13:53:18.326 [INFO] __main__: STATUS t=102s delta=0.1338% dir=up agree=True chain=68374.12 bin=68364.86 open=68282.75 obi=-0.2494 ask_up=0.93 ask_dn=0.08 bid_up=0.92 bid_dn=0.07 halted=False[0m
[2m2026-04-07 13:53:48.424 [INFO] __main__: STATUS t=72s delta=0.0944% dir=up agree=True chain=68347.18 bin=68341.66 open=68282.75 obi=-0.6654 ask_up=0.90 ask_dn=0.13 bid_up=0.87 bid_dn=0.10 halted=False[0m
[2m2026-04-07 13:54:18.552 [INFO] __main__: STATUS t=41s delta=0.1850% dir=up agree=True chain=68409.09 bin=68415.94 open=68282.75 obi=-0.9597 ask_up=1.00 ask_dn=0.01 bid_up=0.99 bid_dn=0.01 halted=False[0m
[2m2026-04-07 13:54:48.646 [INFO] __main__: STATUS t=11s delta=0.1749% dir=up agree=True chain=68402.19 bin=68409.07 open=68282.75 obi=-0.0886 ask_up=1.00 ask_dn=0.01 bid_up=0.99 bid_dn=0.01 halted=False[0m
[37m2026-04-07 13:55:00.186 [INFO] execution.paper_trading: paper window_ts=1775569800 [SKIP] pnl=0.0000 direction=up outcome=up - balance=$975.00 bid_up=0.99 ask_up=1.00 bid_dn=0.01 ask_dn=0.01[0m
[93m[1m2026-04-07 13:55:00.186 [INFO] risk.position_tracker: WINDOW_SUMMARY window_pnl=$0.0000 session_pnl=$-25.0000 won=$0.0000 lost=$25.0000 wr=0.0% (0/1) consec_losses=1[0m
[96m2026-04-07 13:55:00.188 [INFO] __main__: REGIME chop_detected flips=3 delta_range=0.2148% avg_flips=7.2 over=6_windows[0m
[37m2026-04-07 13:55:00.189 [INFO] __main__: WINDOW_DECISION [SKIP] rank=1 side=up pnl=$0.0000 entry=0.00 size=$0.00 (conditions not met)[0m
[96m[1m2026-04-07 13:55:00.189 [INFO] strategy.window_tracker: new window: btc-updown-5m-1775570100 (ts=1775570100)[0m
[96m2026-04-07 13:55:00.239 [INFO] __main__: REGIME vol_stddev=0.122% chop_flips=7.2 sprt=dormant llr=0.70 age=12w bankroll=$974.84[0m
[96m2026-04-07 13:55:00.239 [INFO] __main__: KELLY wr_adj=85.4% base=97.6% vol_disc=1.7% chop_disc=7.5% feedback=+0.0%[0m
[96m2026-04-07 13:55:00.240 [INFO] __main__: window open price captured: 68414.81 (chainlink)[0m
2026-04-07 13:55:00.980 [INFO] market_data.clob_market_ws: CLOB market subscribed for tokens up=915857961267 down=340358513752
[2m2026-04-07 13:55:18.801 [INFO] __main__: STATUS t=281s delta=0.0182% dir=up agree=True chain=68427.23 bin=68432.74 open=68414.81 obi=0.3014 ask_up=0.50 ask_dn=0.51 bid_up=0.49 bid_dn=0.50 halted=False[0m
[2m2026-04-07 13:55:48.890 [INFO] __main__: STATUS t=251s delta=-0.0121% dir=down agree=False chain=68406.53 bin=68425.08 open=68414.81 obi=0.9982 ask_up=0.42 ask_dn=0.59 bid_up=0.41 bid_dn=0.58 halted=False[0m
[2m2026-04-07 13:56:18.989 [INFO] __main__: STATUS t=221s delta=-0.0647% dir=down agree=True chain=68370.54 bin=68379.55 open=68414.81 obi=-0.3557 ask_up=0.27 ask_dn=0.74 bid_up=0.26 bid_dn=0.73 halted=False[0m
2026-04-07 13:56:44.908 [INFO] shared.ipc: IPC: received authenticated signal_update (summary=signals_summary_1775570206.json)
2026-04-07 13:56:44.908 [INFO] __main__: received new signal from orchestrator: rank=1 side=Up
[2m2026-04-07 13:56:49.078 [INFO] __main__: STATUS t=191s delta=-0.1297% dir=down agree=True chain=68326.05 bin=68289.47 open=68414.81 obi=-0.0239 ask_up=0.09 ask_dn=0.92 bid_up=0.08 bid_dn=0.91 halted=False[0m
[2m2026-04-07 13:57:19.180 [INFO] __main__: STATUS t=161s delta=-0.2297% dir=down agree=True chain=68257.69 bin=68263.67 open=68414.81 obi=0.1253 ask_up=0.04 ask_dn=0.97 bid_up=0.03 bid_dn=0.96 halted=False[0m
[37m2026-04-07 13:57:30.215 [INFO] strategy.momentum_signal: [SKIP] rank=1 side=up reason=conditions_not_met latest_pct=-0.2292 need=>=0.07 stddev=0.0973 max_var=0.050[0m
[2m2026-04-07 13:57:49.269 [INFO] __main__: STATUS t=131s delta=-0.2775% dir=down agree=True chain=68224.99 bin=68238.00 open=68414.81 obi=0.7705 ask_up=0.01 ask_dn=1.00 bid_up=0.01 bid_dn=0.99 halted=False[0m
[2m2026-04-07 13:58:19.374 [INFO] __main__: STATUS t=101s delta=-0.2520% dir=down agree=True chain=68242.39 bin=68254.59 open=68414.81 obi=0.2805 ask_up=0.01 ask_dn=1.00 bid_up=0.01 bid_dn=0.99 halted=False[0m
[2m2026-04-07 13:58:49.465 [INFO] __main__: STATUS t=71s delta=-0.2147% dir=down agree=True chain=68267.91 bin=68275.83 open=68414.81 obi=-0.7363 ask_up=0.01 ask_dn=1.00 bid_up=0.01 bid_dn=0.99 halted=False[0m
[2m2026-04-07 13:59:19.575 [INFO] __main__: STATUS t=40s delta=-0.2191% dir=down agree=True chain=68264.88 bin=68271.64 open=68414.81 obi=0.7518 ask_up=0.01 ask_dn=1.00 bid_up=0.00 bid_dn=0.99 halted=False[0m
[2m2026-04-07 13:59:49.671 [INFO] __main__: STATUS t=10s delta=-0.2508% dir=down agree=True chain=68243.26 bin=68250.18 open=68414.81 obi=-0.8316 ask_up=0.00 ask_dn=1.00 bid_up=0.00 bid_dn=1.00 halted=False[0m
[37m2026-04-07 14:00:00.207 [INFO] execution.paper_trading: paper window_ts=1775570100 [SKIP] pnl=0.0000 direction=down outcome=down - balance=$975.00 bid_up=0.00 ask_up=0.00 bid_dn=1.00 ask_dn=1.00[0m
[93m[1m2026-04-07 14:00:00.207 [INFO] risk.position_tracker: WINDOW_SUMMARY window_pnl=$0.0000 session_pnl=$-25.0000 won=$0.0000 lost=$25.0000 wr=0.0% (0/1) consec_losses=1[0m
[96m2026-04-07 14:00:00.209 [INFO] __main__: REGIME chop_detected flips=3 delta_range=0.3277% avg_flips=6.8 over=6_windows[0m
[37m2026-04-07 14:00:00.209 [INFO] __main__: WINDOW_DECISION [SKIP] rank=1 side=up pnl=$0.0000 entry=0.00 size=$0.00 (conditions not met)[0m
[95m2026-04-07 14:00:00.210 [INFO] __main__: Signal refreshed (same pattern): up_280.0_150.0_0.07_0.05 — rank 1->1, keeping SPRT state (age=13w, trades=1, LLR=0.70)[0m
2026-04-07 14:00:00.210 [INFO] __main__: SIGNAL_SWAP_ACTIVE: {"rank":1,"side":"up","observeFromS":280.0,"observeToS":150.0,"minDeltaPct":0.07,"maxVariancePct":0.05,"trainWinRatePct":91.14,"oosWinRatePct":97.5,"oosBhAdjustedPValue":1.88464e-14,"oosMatches":40,"avgEntryPrice":0.8698,"evPerTrade":0.0753,"smartScore":33.36,"wfFoldsAppeared":4,"wfTotalTestFolds":6,"wfFoldIndices":[3,4,6,7]}
2026-04-07 14:00:00.210 [INFO] __main__: switched to new signal: #1 up (previous: #1 up)
[96m[1m2026-04-07 14:00:00.210 [INFO] strategy.window_tracker: new window: btc-updown-5m-1775570400 (ts=1775570400)[0m
[96m2026-04-07 14:00:00.346 [INFO] __main__: REGIME vol_stddev=0.133% chop_flips=6.8 sprt=dormant llr=0.70 age=13w bankroll=$974.84[0m
[96m2026-04-07 14:00:00.346 [INFO] __main__: KELLY wr_adj=84.5% base=97.5% vol_disc=2.5% chop_disc=7.5% feedback=+0.0%[0m
[96m2026-04-07 14:00:00.346 [INFO] __main__: window open price captured: 68237.20 (chainlink)[0m
2026-04-07 14:00:01.225 [INFO] market_data.clob_market_ws: CLOB market subscribed for tokens up=716793394967 down=555306096295
[2m2026-04-07 14:00:19.703 [INFO] __main__: STATUS t=280s delta=-0.0168% dir=down agree=True chain=68225.74 bin=68223.07 open=68237.20 obi=0.4682 ask_up=0.46 ask_dn=0.55 bid_up=0.45 bid_dn=0.54 halted=False[0m
[2m2026-04-07 14:00:49.795 [INFO] __main__: STATUS t=250s delta=-0.0499% dir=down agree=True chain=68203.14 bin=68213.91 open=68237.20 obi=0.2055 ask_up=0.99 ask_dn=0.99 bid_up=0.01 bid_dn=0.01 halted=False[0m
[2m2026-04-07 14:01:19.917 [INFO] __main__: STATUS t=220s delta=-0.0551% dir=down agree=True chain=68199.58 bin=68205.15 open=68237.20 obi=0.1736 ask_up=0.34 ask_dn=0.67 bid_up=0.33 bid_dn=0.66 halted=False[0m
[2m2026-04-07 14:01:50.010 [INFO] __main__: STATUS t=190s delta=-0.0425% dir=down agree=True chain=68208.20 bin=68208.57 open=68237.20 obi=-0.1965 ask_up=0.33 ask_dn=0.68 bid_up=0.32 bid_dn=0.67 halted=False[0m
[2m2026-04-07 14:02:20.103 [INFO] __main__: STATUS t=160s delta=-0.1514% dir=down agree=True chain=68133.86 bin=68148.58 open=68237.20 obi=-0.9992 ask_up=0.99 ask_dn=0.99 bid_up=0.01 bid_dn=0.01 halted=False[0m
[37m2026-04-07 14:02:30.134 [INFO] strategy.momentum_signal: [SKIP] rank=1 side=up reason=conditions_not_met latest_pct=-0.0721 need=>=0.07 stddev=0.0339 max_var=0.050[0m
[2m2026-04-07 14:02:50.192 [INFO] __main__: STATUS t=130s delta=-0.0172% dir=down agree=False chain=68225.45 bin=68253.99 open=68237.20 obi=-0.1585 ask_up=0.56 ask_dn=0.48 bid_up=0.52 bid_dn=0.44 halted=False[0m
[2m2026-04-07 14:03:20.294 [INFO] __main__: STATUS t=100s delta=-0.0817% dir=down agree=True chain=68181.43 bin=68193.46 open=68237.20 obi=-0.3982 ask_up=0.22 ask_dn=0.79 bid_up=0.21 bid_dn=0.78 halted=False[0m
[2m2026-04-07 14:03:50.384 [INFO] __main__: STATUS t=70s delta=-0.1450% dir=down agree=True chain=68138.26 bin=68144.81 open=68237.20 obi=0.6878 ask_up=0.05 ask_dn=0.96 bid_up=0.04 bid_dn=0.95 halted=False[0m
[2m2026-04-07 14:04:20.473 [INFO] __main__: STATUS t=40s delta=-0.1258% dir=down agree=True chain=68151.38 bin=68157.75 open=68237.20 obi=-0.9147 ask_up=0.03 ask_dn=0.98 bid_up=0.02 bid_dn=0.97 halted=False[0m
[2m2026-04-07 14:04:50.564 [INFO] __main__: STATUS t=9s delta=-0.1814% dir=down agree=True chain=68113.44 bin=68114.21 open=68237.20 obi=0.9021 ask_up=0.01 ask_dn=1.00 bid_up=0.01 bid_dn=0.99 halted=False[0m
[37m2026-04-07 14:05:00.096 [INFO] execution.paper_trading: paper window_ts=1775570400 [SKIP] pnl=0.0000 direction=down outcome=down - balance=$975.00 bid_up=0.01 ask_up=0.01 bid_dn=0.99 ask_dn=1.00[0m
[93m[1m2026-04-07 14:05:00.096 [INFO] risk.position_tracker: WINDOW_SUMMARY window_pnl=$0.0000 session_pnl=$-25.0000 won=$0.0000 lost=$25.0000 wr=0.0% (0/1) consec_losses=1[0m
[96m2026-04-07 14:05:00.098 [INFO] __main__: REGIME chop_detected flips=5 delta_range=0.2159% avg_flips=6.5 over=6_windows[0m
[37m2026-04-07 14:05:00.098 [INFO] __main__: WINDOW_DECISION [SKIP] rank=1 side=up pnl=$0.0000 entry=0.00 size=$0.00 (conditions not met)[0m
[96m[1m2026-04-07 14:05:00.098 [INFO] strategy.window_tracker: new window: btc-updown-5m-1775570700 (ts=1775570700)[0m
[96m2026-04-07 14:05:00.203 [INFO] __main__: REGIME vol_stddev=0.137% chop_flips=6.5 sprt=dormant llr=0.70 age=14w bankroll=$974.84[0m
[96m2026-04-07 14:05:00.203 [INFO] __main__: KELLY wr_adj=84.2% base=97.5% vol_disc=2.8% chop_disc=7.5% feedback=+0.0%[0m
[96m2026-04-07 14:05:00.204 [INFO] __main__: window open price captured: 68106.63 (chainlink)[0m
2026-04-07 14:05:00.447 [INFO] market_data.clob_market_ws: CLOB market subscribed for tokens up=108858058283 down=942575952409
[2m2026-04-07 14:05:20.769 [INFO] __main__: STATUS t=279s delta=-0.0058% dir=down agree=False chain=68102.67 bin=68112.78 open=68106.63 obi=0.8639 ask_up=0.53 ask_dn=0.48 bid_up=0.52 bid_dn=0.47 halted=False[0m
[2m2026-04-07 14:05:50.851 [INFO] __main__: STATUS t=249s delta=0.0263% dir=up agree=True chain=68124.57 bin=68122.01 open=68106.63 obi=-0.8644 ask_up=0.57 ask_dn=0.44 bid_up=0.56 bid_dn=0.43 halted=False[0m
[2m2026-04-07 14:06:20.958 [INFO] __main__: STATUS t=219s delta=-0.1828% dir=down agree=True chain=67982.16 bin=68000.35 open=68106.63 obi=-0.2185 ask_up=0.20 ask_dn=0.81 bid_up=0.19 bid_dn=0.80 halted=False[0m
[2m2026-04-07 14:06:51.049 [INFO] __main__: STATUS t=189s delta=-0.2473% dir=down agree=True chain=67938.19 bin=67896.32 open=68106.63 obi=-0.2003 ask_up=0.05 ask_dn=0.97 bid_up=0.03 bid_dn=0.95 halted=False[0m
[2m2026-04-07 14:07:21.143 [INFO] __main__: STATUS t=159s delta=-0.2915% dir=down agree=True chain=67908.13 bin=67933.84 open=68106.63 obi=0.7529 ask_up=0.06 ask_dn=0.95 bid_up=0.05 bid_dn=0.94 halted=False[0m
[37m2026-04-07 14:07:30.171 [INFO] strategy.momentum_signal: [SKIP] rank=1 side=up reason=conditions_not_met latest_pct=-0.2706 need=>=0.07 stddev=0.1427 max_var=0.050[0m
[2m2026-04-07 14:07:51.231 [INFO] __main__: STATUS t=129s delta=-0.3090% dir=down agree=True chain=67896.19 bin=67890.91 open=68106.63 obi=-0.9992 ask_up=0.03 ask_dn=0.98 bid_up=0.02 bid_dn=0.97 halted=False[0m
[2m2026-04-07 14:08:21.321 [INFO] __main__: STATUS t=99s delta=-0.3794% dir=down agree=True chain=67848.21 bin=67833.75 open=68106.63 obi=-0.6456 ask_up=0.01 ask_dn=1.00 bid_up=0.01 bid_dn=0.99 halted=False[0m
[2m2026-04-07 14:08:51.417 [INFO] __main__: STATUS t=69s delta=-0.3902% dir=down agree=True chain=67840.88 bin=67857.09 open=68106.63 obi=-0.5773 ask_up=0.01 ask_dn=1.00 bid_up=0.01 bid_dn=0.99 halted=False[0m
[2m2026-04-07 14:09:21.543 [INFO] __main__: STATUS t=38s delta=-0.3651% dir=down agree=True chain=67857.97 bin=67862.93 open=68106.63 obi=-0.8285 ask_up=0.01 ask_dn=1.00 bid_up=0.01 bid_dn=0.99 halted=False[0m
[2m2026-04-07 14:09:51.638 [INFO] __main__: STATUS t=8s delta=-0.4298% dir=down agree=True chain=67813.89 bin=67823.33 open=68106.63 obi=0.9802 ask_up=0.01 ask_dn=1.00 bid_up=0.01 bid_dn=0.99 halted=False[0m
[37m2026-04-07 14:10:00.171 [INFO] execution.paper_trading: paper window_ts=1775570700 [SKIP] pnl=0.0000 direction=down outcome=down - balance=$975.00 bid_up=0.01 ask_up=0.01 bid_dn=0.99 ask_dn=1.00[0m
[93m[1m2026-04-07 14:10:00.171 [INFO] risk.position_tracker: WINDOW_SUMMARY window_pnl=$0.0000 session_pnl=$-25.0000 won=$0.0000 lost=$25.0000 wr=0.0% (0/1) consec_losses=1[0m
[96m2026-04-07 14:10:00.190 [INFO] __main__: REGIME chop_detected flips=4 delta_range=0.4986% avg_flips=4.8 over=6_windows[0m
[37m2026-04-07 14:10:00.192 [INFO] __main__: WINDOW_DECISION [SKIP] rank=1 side=up pnl=$0.0000 entry=0.00 size=$0.00 (conditions not met)[0m
[96m[1m2026-04-07 14:10:00.193 [INFO] strategy.window_tracker: new window: btc-updown-5m-1775571000 (ts=1775571000)[0m
[96m2026-04-07 14:10:00.262 [INFO] __main__: REGIME vol_stddev=0.143% chop_flips=4.8 sprt=dormant llr=0.70 age=15w bankroll=$974.84[0m
[96m2026-04-07 14:10:00.262 [INFO] __main__: KELLY wr_adj=84.4% base=97.5% vol_disc=3.2% chop_disc=6.9% feedback=+0.0%[0m
[96m2026-04-07 14:10:00.262 [INFO] __main__: window open price captured: 67849.20 (chainlink)[0m
2026-04-07 14:10:00.682 [INFO] market_data.clob_market_ws: CLOB market subscribed for tokens up=275963143547 down=109493912710
[2m2026-04-07 14:10:21.652 [INFO] __main__: STATUS t=278s delta=0.0114% dir=up agree=True chain=67856.93 bin=67875.60 open=67849.20 obi=0.6237 ask_up=0.58 ask_dn=0.43 bid_up=0.57 bid_dn=0.42 halted=False[0m
[2m2026-04-07 14:10:51.734 [INFO] __main__: STATUS t=248s delta=0.0168% dir=up agree=True chain=67860.58 bin=67886.01 open=67849.20 obi=-0.2261 ask_up=0.58 ask_dn=0.43 bid_up=0.57 bid_dn=0.42 halted=False[0m
[2m2026-04-07 14:11:21.849 [INFO] __main__: STATUS t=218s delta=0.0553% dir=up agree=True chain=67886.71 bin=67890.01 open=67849.20 obi=-0.6005 ask_up=0.64 ask_dn=0.37 bid_up=0.63 bid_dn=0.36 halted=False[0m
[2m2026-04-07 14:11:51.932 [INFO] __main__: STATUS t=188s delta=0.0436% dir=up agree=True chain=67878.81 bin=67899.01 open=67849.20 obi=0.8569 ask_up=0.67 ask_dn=0.34 bid_up=0.66 bid_dn=0.33 halted=False[0m
2026-04-07 14:11:58.958 [INFO] shared.ipc: IPC: received authenticated signal_update (summary=signals_summary_1775571120.json)
2026-04-07 14:11:58.958 [INFO] __main__: received new signal from orchestrator: rank=1 side=Up
[2m2026-04-07 14:12:22.037 [INFO] __main__: STATUS t=158s delta=0.1162% dir=up agree=True chain=67928.08 bin=67937.08 open=67849.20 obi=0.7724 ask_up=0.87 ask_dn=0.14 bid_up=0.86 bid_dn=0.13 halted=False[0m
[37m2026-04-07 14:12:30.057 [INFO] strategy.momentum_signal: [SKIP] rank=1 side=up reason=KELLY_NO_EDGE p_adj=0.844 entry=0.85 raw_f=-0.041[0m
[2m2026-04-07 14:12:52.120 [INFO] __main__: STATUS t=128s delta=0.1014% dir=up agree=True chain=67917.99 bin=67926.32 open=67849.20 obi=-0.0258 ask_up=0.85 ask_dn=0.16 bid_up=0.84 bid_dn=0.15 halted=False[0m
[2m2026-04-07 14:13:22.213 [INFO] __main__: STATUS t=98s delta=0.0758% dir=up agree=True chain=67900.60 bin=67911.52 open=67849.20 obi=-0.2858 ask_up=0.86 ask_dn=0.15 bid_up=0.85 bid_dn=0.14 halted=False[0m
[2m2026-04-07 14:13:52.310 [INFO] __main__: STATUS t=68s delta=0.0610% dir=up agree=True chain=67890.56 bin=67877.66 open=67849.20 obi=-0.1696 ask_up=0.74 ask_dn=0.29 bid_up=0.71 bid_dn=0.26 halted=False[0m
[2m2026-04-07 14:14:22.452 [INFO] __main__: STATUS t=38s delta=0.0282% dir=up agree=True chain=67868.34 bin=67887.62 open=67849.20 obi=0.7449 ask_up=0.88 ask_dn=0.13 bid_up=0.87 bid_dn=0.12 halted=False[0m
[2m2026-04-07 14:14:52.542 [INFO] __main__: STATUS t=7s delta=0.0535% dir=up agree=True chain=67885.48 bin=67891.75 open=67849.20 obi=-0.5010 ask_up=1.00 ask_dn=0.01 bid_up=0.99 bid_dn=0.01 halted=False[0m
[37m2026-04-07 14:15:00.066 [INFO] execution.paper_trading: paper window_ts=1775571000 [SKIP] pnl=0.0000 direction=up outcome=up - balance=$975.00 bid_up=0.99 ask_up=1.00 bid_dn=0.01 ask_dn=0.01[0m
[93m[1m2026-04-07 14:15:00.066 [INFO] risk.position_tracker: WINDOW_SUMMARY window_pnl=$0.0000 session_pnl=$-25.0000 won=$0.0000 lost=$25.0000 wr=0.0% (0/1) consec_losses=1[0m
[37m2026-04-07 14:15:00.069 [INFO] __main__: WINDOW_DECISION [SKIP] rank=1 side=up pnl=$0.0000 entry=0.00 size=$0.00 (conditions not met)[0m
[95m2026-04-07 14:15:00.069 [INFO] __main__: Signal refreshed (same pattern): up_280.0_150.0_0.07_0.05 — rank 1->1, keeping SPRT state (age=16w, trades=1, LLR=0.70)[0m
2026-04-07 14:15:00.069 [INFO] __main__: SIGNAL_SWAP_ACTIVE: {"rank":1,"side":"up","observeFromS":280.0,"observeToS":150.0,"minDeltaPct":0.07,"maxVariancePct":0.05,"trainWinRatePct":91.25,"oosWinRatePct":97.44,"oosBhAdjustedPValue":1.03142e-14,"oosMatches":39,"avgEntryPrice":0.869,"evPerTrade":0.0754,"smartScore":31.77,"wfFoldsAppeared":4,"wfTotalTestFolds":6,"wfFoldIndices":[3,4,6,7]}
2026-04-07 14:15:00.070 [INFO] __main__: switched to new signal: #1 up (previous: #1 up)
[96m[1m2026-04-07 14:15:00.071 [INFO] strategy.window_tracker: new window: btc-updown-5m-1775571300 (ts=1775571300)[0m
[96m2026-04-07 14:15:00.151 [INFO] __main__: REGIME vol_stddev=0.140% chop_flips=3.2 sprt=dormant llr=0.70 age=16w bankroll=$974.84[0m
[96m2026-04-07 14:15:00.151 [INFO] __main__: KELLY wr_adj=90.8% base=97.4% vol_disc=3.0% chop_disc=0.6% feedback=+0.0%[0m
[96m2026-04-07 14:15:00.151 [INFO] __main__: window open price captured: 67883.36 (chainlink)[0m
2026-04-07 14:15:00.903 [INFO] market_data.clob_market_ws: CLOB market subscribed for tokens up=219182322421 down=581913592499
[2m2026-04-07 14:15:22.547 [INFO] __main__: STATUS t=277s delta=-0.0159% dir=down agree=True chain=67872.58 bin=67878.06 open=67883.36 obi=-0.7770 ask_up=0.49 ask_dn=0.52 bid_up=0.48 bid_dn=0.51 halted=False[0m
[2m2026-04-07 14:15:52.630 [INFO] __main__: STATUS t=247s delta=0.0508% dir=up agree=True chain=67917.85 bin=67927.43 open=67883.36 obi=-0.4341 ask_up=0.67 ask_dn=0.34 bid_up=0.66 bid_dn=0.33 halted=False[0m
[2m2026-04-07 14:16:22.718 [INFO] __main__: STATUS t=217s delta=0.1024% dir=up agree=True chain=67952.84 bin=67942.72 open=67883.36 obi=-0.7329 ask_up=0.75 ask_dn=0.27 bid_up=0.73 bid_dn=0.25 halted=False[0m
[2m2026-04-07 14:16:52.805 [INFO] __main__: STATUS t=187s delta=0.0653% dir=up agree=True chain=67927.70 bin=67936.86 open=67883.36 obi=-0.5826 ask_up=0.74 ask_dn=0.27 bid_up=0.73 bid_dn=0.26 halted=False[0m
[2m2026-04-07 14:17:22.913 [INFO] __main__: STATUS t=157s delta=0.0145% dir=up agree=True chain=67893.19 bin=67908.77 open=67883.36 obi=-0.5139 ask_up=0.62 ask_dn=0.39 bid_up=0.61 bid_dn=0.38 halted=False[0m
[37m2026-04-07 14:17:30.185 [INFO] strategy.momentum_signal: [SKIP] rank=1 side=up reason=conditions_not_met latest_pct=0.0384 need=>=0.07 stddev=0.0436 max_var=0.050[0m
[2m2026-04-07 14:17:52.998 [INFO] __main__: STATUS t=127s delta=-0.0150% dir=down agree=True chain=67873.20 bin=67880.12 open=67883.36 obi=-0.2171 ask_up=0.47 ask_dn=0.54 bid_up=0.46 bid_dn=0.53 halted=False[0m
[2m2026-04-07 14:18:23.086 [INFO] __main__: STATUS t=97s delta=-0.1388% dir=down agree=True chain=67789.11 bin=67795.70 open=67883.36 obi=-0.2292 ask_up=0.09 ask_dn=0.93 bid_up=0.07 bid_dn=0.91 halted=False[0m
[2m2026-04-07 14:18:53.179 [INFO] __main__: STATUS t=67s delta=-0.1280% dir=down agree=True chain=67796.44 bin=67804.01 open=67883.36 obi=-0.0664 ask_up=0.99 ask_dn=0.99 bid_up=0.01 bid_dn=0.01 halted=False[0m
[2m2026-04-07 14:19:23.281 [INFO] __main__: STATUS t=37s delta=-0.1778% dir=down agree=True chain=67762.65 bin=67773.99 open=67883.36 obi=-0.0807 ask_up=0.01 ask_dn=1.00 bid_up=0.01 bid_dn=0.99 halted=False[0m
[2m2026-04-07 14:19:53.375 [INFO] __main__: STATUS t=7s delta=-0.0338% dir=down agree=True chain=67860.42 bin=67861.08 open=67883.36 obi=-0.6750 ask_up=0.04 ask_dn=0.97 bid_up=0.03 bid_dn=0.96 halted=False[0m
[37m2026-04-07 14:20:00.147 [INFO] execution.paper_trading: paper window_ts=1775571300 [SKIP] pnl=0.0000 direction=down outcome=down - balance=$975.00 bid_up=0.01 ask_up=0.01 bid_dn=0.99 ask_dn=1.00[0m
[93m[1m2026-04-07 14:20:00.147 [INFO] risk.position_tracker: WINDOW_SUMMARY window_pnl=$0.0000 session_pnl=$-25.0000 won=$0.0000 lost=$25.0000 wr=0.0% (0/1) consec_losses=1[0m
[96m2026-04-07 14:20:00.151 [INFO] __main__: REGIME chop_detected flips=6 delta_range=0.3087% avg_flips=3.8 over=6_windows[0m
[37m2026-04-07 14:20:00.151 [INFO] __main__: WINDOW_DECISION [SKIP] rank=1 side=up pnl=$0.0000 entry=0.00 size=$0.00 (conditions not met)[0m
[96m[1m2026-04-07 14:20:00.151 [INFO] strategy.window_tracker: new window: btc-updown-5m-1775571600 (ts=1775571600)[0m
[96m2026-04-07 14:20:00.213 [INFO] __main__: REGIME vol_stddev=0.138% chop_flips=3.8 sprt=dormant llr=0.70 age=17w bankroll=$974.84[0m
[96m2026-04-07 14:20:00.213 [INFO] __main__: KELLY wr_adj=88.5% base=97.4% vol_disc=2.8% chop_disc=3.1% feedback=+0.0%[0m
[96m2026-04-07 14:20:00.213 [INFO] __main__: window open price captured: 67849.81 (chainlink)[0m
2026-04-07 14:20:01.138 [INFO] market_data.clob_market_ws: CLOB market subscribed for tokens up=906479344146 down=516855654243
[2m2026-04-07 14:20:23.575 [INFO] __main__: STATUS t=276s delta=0.1176% dir=up agree=True chain=67929.59 bin=67922.70 open=67849.81 obi=0.3904 ask_up=0.74 ask_dn=0.28 bid_up=0.72 bid_dn=0.26 halted=False[0m
[2m2026-04-07 14:20:53.665 [INFO] __main__: STATUS t=246s delta=0.0962% dir=up agree=True chain=67915.09 bin=67937.23 open=67849.81 obi=-0.4426 ask_up=0.77 ask_dn=0.24 bid_up=0.76 bid_dn=0.23 halted=False[0m
[2m2026-04-07 14:21:23.760 [INFO] __main__: STATUS t=216s delta=0.0953% dir=up agree=True chain=67914.45 bin=68000.14 open=67849.81 obi=-0.8045 ask_up=0.88 ask_dn=0.18 bid_up=0.82 bid_dn=0.12 halted=False[0m
[2m2026-04-07 14:21:53.851 [INFO] __main__: STATUS t=186s delta=0.3100% dir=up agree=True chain=68060.17 bin=68056.78 open=67849.81 obi=-0.4860 ask_up=0.97 ask_dn=0.04 bid_up=0.96 bid_dn=0.03 halted=False[0m
[2m2026-04-07 14:22:23.941 [INFO] __main__: STATUS t=156s delta=0.2744% dir=up agree=True chain=68036.00 bin=68089.18 open=67849.81 obi=0.6148 ask_up=0.98 ask_dn=0.03 bid_up=0.97 bid_dn=0.02 halted=False[0m
[37m2026-04-07 14:22:30.210 [INFO] strategy.momentum_signal: [SKIP] rank=1 side=up reason=conditions_not_met latest_pct=0.3635 need=>=0.07 stddev=0.0890 max_var=0.050[0m
[2m2026-04-07 14:22:54.037 [INFO] __main__: STATUS t=126s delta=0.3514% dir=up agree=True chain=68088.27 bin=68094.16 open=67849.81 obi=-0.9296 ask_up=1.00 ask_dn=0.01 bid_up=0.99 bid_dn=0.01 halted=False[0m
[2m2026-04-07 14:23:24.137 [INFO] __main__: STATUS t=96s delta=0.3588% dir=up agree=True chain=68093.29 bin=68119.22 open=67849.81 obi=0.9392 ask_up=1.00 ask_dn=0.01 bid_up=0.99 bid_dn=0.01 halted=False[0m
[2m2026-04-07 14:23:54.239 [INFO] __main__: STATUS t=66s delta=0.4154% dir=up agree=True chain=68131.67 bin=68141.52 open=67849.81 obi=-0.1031 ask_up=1.00 ask_dn=0.01 bid_up=0.99 bid_dn=0.01 halted=False[0m
[2m2026-04-07 14:24:24.367 [INFO] __main__: STATUS t=36s delta=0.3962% dir=up agree=True chain=68118.62 bin=68125.96 open=67849.81 obi=-0.9668 ask_up=1.00 ask_dn=0.01 bid_up=0.99 bid_dn=0.01 halted=False[0m
[2m2026-04-07 14:24:54.475 [INFO] __main__: STATUS t=6s delta=0.3944% dir=up agree=True chain=68117.38 bin=68102.56 open=67849.81 obi=-0.9523 ask_up=1.00 ask_dn=0.01 bid_up=0.99 bid_dn=0.01 halted=False[0m
[37m2026-04-07 14:25:00.249 [INFO] execution.paper_trading: paper window_ts=1775571600 [SKIP] pnl=0.0000 direction=up outcome=up - balance=$975.00 bid_up=0.99 ask_up=1.00 bid_dn=0.01 ask_dn=0.01[0m
[93m[1m2026-04-07 14:25:00.249 [INFO] risk.position_tracker: WINDOW_SUMMARY window_pnl=$0.0000 session_pnl=$-25.0000 won=$0.0000 lost=$25.0000 wr=0.0% (0/1) consec_losses=1[0m
[37m2026-04-07 14:25:00.251 [INFO] __main__: WINDOW_DECISION [SKIP] rank=1 side=up pnl=$0.0000 entry=0.00 size=$0.00 (conditions not met)[0m
[96m[1m2026-04-07 14:25:00.253 [INFO] strategy.window_tracker: new window: btc-updown-5m-1775571900 (ts=1775571900)[0m
[96m2026-04-07 14:25:00.315 [INFO] __main__: REGIME vol_stddev=0.155% chop_flips=3.5 sprt=dormant llr=0.70 age=18w bankroll=$974.84[0m
[96m2026-04-07 14:25:00.316 [INFO] __main__: KELLY wr_adj=88.4% base=97.4% vol_disc=4.1% chop_disc=1.9% feedback=+0.0%[0m
[96m2026-04-07 14:25:00.316 [INFO] __main__: window open price captured: 68088.82 (chainlink)[0m
2026-04-07 14:25:00.355 [INFO] market_data.clob_market_ws: CLOB market subscribed for tokens up=108132829543 down=981177617440
[2m2026-04-07 14:25:24.658 [INFO] __main__: STATUS t=275s delta=-0.0188% dir=down agree=False chain=68076.01 bin=68099.16 open=68088.82 obi=0.6752 ask_up=0.45 ask_dn=0.56 bid_up=0.44 bid_dn=0.55 halted=False[0m
[2m2026-04-07 14:25:54.746 [INFO] __main__: STATUS t=245s delta=0.0155% dir=up agree=True chain=68099.37 bin=68122.64 open=68088.82 obi=0.9995 ask_up=0.57 ask_dn=0.44 bid_up=0.56 bid_dn=0.43 halted=False[0m
[2m2026-04-07 14:26:24.845 [INFO] __main__: STATUS t=215s delta=0.0123% dir=up agree=True chain=68097.22 bin=68108.58 open=68088.82 obi=-0.3334 ask_up=0.57 ask_dn=0.44 bid_up=0.56 bid_dn=0.43 halted=False[0m
[2m2026-04-07 14:26:54.921 [INFO] __main__: STATUS t=185s delta=0.0438% dir=up agree=True chain=68118.63 bin=68127.23 open=68088.82 obi=-0.7965 ask_up=0.67 ask_dn=0.34 bid_up=0.66 bid_dn=0.33 halted=False[0m
2026-04-07 14:27:12.622 [INFO] shared.ipc: IPC: received authenticated signal_update (summary=signals_summary_1775572034.json)
2026-04-07 14:27:12.622 [INFO] __main__: received new signal from orchestrator: rank=1 side=Up
[2m2026-04-07 14:27:25.047 [INFO] __main__: STATUS t=155s delta=-0.0459% dir=down agree=True chain=68057.54 bin=68062.53 open=68088.82 obi=-0.1609 ask_up=0.37 ask_dn=0.64 bid_up=0.36 bid_dn=0.63 halted=False[0m
[37m2026-04-07 14:27:30.060 [INFO] strategy.momentum_signal: [SKIP] rank=1 side=up reason=conditions_not_met latest_pct=-0.0663 need=>=0.07 stddev=0.0262 max_var=0.050[0m
[2m2026-04-07 14:27:55.131 [INFO] __main__: STATUS t=125s delta=-0.0923% dir=down agree=True chain=68025.99 bin=68035.76 open=68088.82 obi=0.6925 ask_up=0.21 ask_dn=0.80 bid_up=0.20 bid_dn=0.79 halted=False[0m
[2m2026-04-07 14:28:25.227 [INFO] __main__: STATUS t=95s delta=-0.1002% dir=down agree=True chain=68020.60 bin=68028.30 open=68088.82 obi=0.7145 ask_up=0.13 ask_dn=0.88 bid_up=0.12 bid_dn=0.87 halted=False[0m
[2m2026-04-07 14:28:55.314 [INFO] __main__: STATUS t=65s delta=-0.1072% dir=down agree=True chain=68015.80 bin=68028.31 open=68088.82 obi=0.0689 ask_up=0.07 ask_dn=0.94 bid_up=0.06 bid_dn=0.93 halted=False[0m
[2m2026-04-07 14:29:25.420 [INFO] __main__: STATUS t=35s delta=0.0498% dir=up agree=True chain=68122.75 bin=68126.71 open=68088.82 obi=-0.8100 ask_up=0.78 ask_dn=0.23 bid_up=0.77 bid_dn=0.22 halted=False[0m
[2m2026-04-07 14:29:55.510 [INFO] __main__: STATUS t=4s delta=0.0756% dir=up agree=True chain=68140.30 bin=68150.39 open=68088.82 obi=0.0437 ask_up=1.00 ask_dn=0.01 bid_up=0.99 bid_dn=0.01 halted=False[0m
[37m2026-04-07 14:30:00.027 [INFO] execution.paper_trading: paper window_ts=1775571900 [SKIP] pnl=0.0000 direction=up outcome=up - balance=$975.00 bid_up=0.99 ask_up=1.00 bid_dn=0.01 ask_dn=0.01[0m
[93m[1m2026-04-07 14:30:00.028 [INFO] risk.position_tracker: WINDOW_SUMMARY window_pnl=$0.0000 session_pnl=$-25.0000 won=$0.0000 lost=$25.0000 wr=0.0% (0/1) consec_losses=1[0m
[96m2026-04-07 14:30:00.032 [INFO] __main__: REGIME chop_detected flips=13 delta_range=0.2094% avg_flips=5.2 over=6_windows[0m
[37m2026-04-07 14:30:00.034 [INFO] __main__: WINDOW_DECISION [SKIP] rank=1 side=up pnl=$0.0000 entry=0.00 size=$0.00 (conditions not met)[0m
[95m2026-04-07 14:30:00.035 [INFO] __main__: Signal refreshed (same pattern): up_280.0_150.0_0.07_0.05 — rank 1->1, keeping SPRT state (age=19w, trades=1, LLR=0.70)[0m
2026-04-07 14:30:00.035 [INFO] __main__: SIGNAL_SWAP_ACTIVE: {"rank":1,"side":"up","observeFromS":280.0,"observeToS":150.0,"minDeltaPct":0.07,"maxVariancePct":0.05,"trainWinRatePct":91.25,"oosWinRatePct":100.0,"oosBhAdjustedPValue":8.00581e-15,"oosMatches":37,"avgEntryPrice":0.873,"evPerTrade":0.097,"smartScore":52.76,"wfFoldsAppeared":4,"wfTotalTestFolds":6,"wfFoldIndices":[3,4,6,7]}
2026-04-07 14:30:00.035 [INFO] __main__: switched to new signal: #1 up (previous: #1 up)
[96m[1m2026-04-07 14:30:00.037 [INFO] strategy.window_tracker: new window: btc-updown-5m-1775572200 (ts=1775572200)[0m
[96m2026-04-07 14:30:00.130 [INFO] __main__: REGIME vol_stddev=0.156% chop_flips=5.2 sprt=dormant llr=0.70 age=19w bankroll=$974.84[0m
[96m2026-04-07 14:30:00.130 [INFO] __main__: KELLY wr_adj=85.3% base=100.0% vol_disc=4.2% chop_disc=7.5% feedback=+0.0%[0m
[96m2026-04-07 14:30:00.131 [INFO] __main__: window open price captured: 68141.23 (chainlink)[0m
2026-04-07 14:30:00.569 [INFO] market_data.clob_market_ws: CLOB market subscribed for tokens up=608920849522 down=321669316059
[2m2026-04-07 14:30:25.748 [INFO] __main__: STATUS t=274s delta=-0.0093% dir=down agree=False chain=68134.87 bin=68149.61 open=68141.23 obi=0.9771 ask_up=0.47 ask_dn=0.54 bid_up=0.46 bid_dn=0.53 halted=False[0m
[2m2026-04-07 14:30:55.834 [INFO] __main__: STATUS t=244s delta=-0.0697% dir=down agree=True chain=68093.72 bin=68084.31 open=68141.23 obi=-0.7910 ask_up=0.27 ask_dn=0.74 bid_up=0.26 bid_dn=0.73 halted=False[0m
[2m2026-04-07 14:31:25.941 [INFO] __main__: STATUS t=214s delta=-0.1427% dir=down agree=True chain=68043.97 bin=68050.23 open=68141.23 obi=0.5102 ask_up=0.17 ask_dn=0.84 bid_up=0.16 bid_dn=0.83 halted=False[0m
[2m2026-04-07 14:31:56.022 [INFO] __main__: STATUS t=184s delta=-0.1607% dir=down agree=True chain=68031.76 bin=68030.00 open=68141.23 obi=-0.8075 ask_up=0.08 ask_dn=0.93 bid_up=0.07 bid_dn=0.92 halted=False[0m
[2m2026-04-07 14:32:26.114 [INFO] __main__: STATUS t=154s delta=-0.1618% dir=down agree=True chain=68030.99 bin=68027.24 open=68141.23 obi=-0.9988 ask_up=0.06 ask_dn=0.95 bid_up=0.05 bid_dn=0.94 halted=False[0m
[37m2026-04-07 14:32:30.124 [INFO] strategy.momentum_signal: [SKIP] rank=1 side=up reason=conditions_not_met latest_pct=-0.1740 need=>=0.07 stddev=0.0607 max_var=0.050[0m
[2m2026-04-07 14:32:56.209 [INFO] __main__: STATUS t=124s delta=-0.1420% dir=down agree=True chain=68044.46 bin=68044.70 open=68141.23 obi=0.2360 ask_up=0.07 ask_dn=0.94 bid_up=0.06 bid_dn=0.93 halted=False[0m
[2m2026-04-07 14:33:26.316 [INFO] __main__: STATUS t=94s delta=-0.1029% dir=down agree=True chain=68071.09 bin=68079.94 open=68141.23 obi=0.6331 ask_up=0.11 ask_dn=0.90 bid_up=0.10 bid_dn=0.89 halted=False[0m
[2m2026-04-07 14:33:56.409 [INFO] __main__: STATUS t=64s delta=0.0925% dir=up agree=True chain=68204.27 bin=68193.99 open=68141.23 obi=-0.7556 ask_up=0.82 ask_dn=0.60 bid_up=0.40 bid_dn=0.18 halted=False[0m
[2m2026-04-07 14:34:26.507 [INFO] __main__: STATUS t=33s delta=-0.0059% dir=down agree=True chain=68137.21 bin=68139.32 open=68141.23 obi=-0.9582 ask_up=0.48 ask_dn=0.54 bid_up=0.46 bid_dn=0.52 halted=False[0m
[2m2026-04-07 14:34:56.600 [INFO] __main__: STATUS t=3s delta=-0.0266% dir=down agree=True chain=68123.12 bin=68119.61 open=68141.23 obi=-0.7873 ask_up=0.11 ask_dn=0.91 bid_up=0.09 bid_dn=0.89 halted=False[0m
[37m2026-04-07 14:35:00.119 [INFO] execution.paper_trading: paper window_ts=1775572200 [SKIP] pnl=0.0000 direction=down outcome=down - balance=$975.00 bid_up=0.01 ask_up=0.01 bid_dn=0.99 ask_dn=1.00[0m
[93m[1m2026-04-07 14:35:00.119 [INFO] risk.position_tracker: WINDOW_SUMMARY window_pnl=$0.0000 session_pnl=$-25.0000 won=$0.0000 lost=$25.0000 wr=0.0% (0/1) consec_losses=1[0m
[96m2026-04-07 14:35:00.134 [INFO] __main__: REGIME chop_detected flips=8 delta_range=0.2865% avg_flips=5.7 over=6_windows[0m
[37m2026-04-07 14:35:00.134 [INFO] __main__: WINDOW_DECISION [SKIP] rank=1 side=up pnl=$0.0000 entry=0.00 size=$0.00 (conditions not met)[0m
[96m[1m2026-04-07 14:35:00.135 [INFO] strategy.window_tracker: new window: btc-updown-5m-1775572500 (ts=1775572500)[0m
[96m2026-04-07 14:35:00.202 [INFO] __main__: REGIME vol_stddev=0.155% chop_flips=5.7 sprt=dormant llr=0.70 age=20w bankroll=$974.84[0m
[96m2026-04-07 14:35:00.202 [INFO] __main__: KELLY wr_adj=85.3% base=100.0% vol_disc=4.2% chop_disc=7.5% feedback=+0.0%[0m
[96m2026-04-07 14:35:00.202 [INFO] __main__: window open price captured: 68133.25 (chainlink)[0m
2026-04-07 14:35:00.778 [INFO] market_data.clob_market_ws: CLOB market subscribed for tokens up=109370180717 down=105763925296
[2m2026-04-07 14:35:26.784 [INFO] __main__: STATUS t=273s delta=-0.0933% dir=down agree=True chain=68069.68 bin=68070.97 open=68133.25 obi=0.1887 ask_up=0.46 ask_dn=0.57 bid_up=0.43 bid_dn=0.54 halted=False[0m
[2m2026-04-07 14:35:56.873 [INFO] __main__: STATUS t=243s delta=-0.0845% dir=down agree=True chain=68075.67 bin=68086.61 open=68133.25 obi=0.9515 ask_up=0.41 ask_dn=0.60 bid_up=0.40 bid_dn=0.59 halted=False[0m
[2m2026-04-07 14:36:26.955 [INFO] __main__: STATUS t=213s delta=-0.1078% dir=down agree=True chain=68059.79 bin=68087.10 open=68133.25 obi=-0.5031 ask_up=0.35 ask_dn=0.67 bid_up=0.33 bid_dn=0.65 halted=False[0m
[2m2026-04-07 14:36:57.043 [INFO] __main__: STATUS t=183s delta=-0.0803% dir=down agree=True chain=68078.54 bin=68084.54 open=68133.25 obi=0.2233 ask_up=0.37 ask_dn=0.64 bid_up=0.36 bid_dn=0.63 halted=False[0m
[2m2026-04-07 14:37:27.135 [INFO] __main__: STATUS t=153s delta=-0.0729% dir=down agree=True chain=68083.58 bin=68125.76 open=68133.25 obi=0.3241 ask_up=0.48 ask_dn=0.53 bid_up=0.47 bid_dn=0.52 halted=False[0m
[37m2026-04-07 14:37:30.145 [INFO] strategy.momentum_signal: [SKIP] rank=1 side=up reason=conditions_not_met latest_pct=-0.0110 need=>=0.07 stddev=0.0225 max_var=0.050[0m
[2m2026-04-07 14:37:57.223 [INFO] __main__: STATUS t=123s delta=-0.0171% dir=down agree=True chain=68121.57 bin=68131.95 open=68133.25 obi=-0.8975 ask_up=0.57 ask_dn=0.44 bid_up=0.56 bid_dn=0.43 halted=False[0m
[2m2026-04-07 14:38:27.318 [INFO] __main__: STATUS t=93s delta=-0.0858% dir=down agree=True chain=68074.82 bin=68082.00 open=68133.25 obi=-0.2755 ask_up=0.28 ask_dn=0.73 bid_up=0.27 bid_dn=0.72 halted=False[0m
[2m2026-04-07 14:38:57.404 [INFO] __main__: STATUS t=63s delta=-0.0862% dir=down agree=True chain=68074.53 bin=68079.37 open=68133.25 obi=0.5017 ask_up=0.24 ask_dn=0.77 bid_up=0.23 bid_dn=0.76 halted=False[0m
[2m2026-04-07 14:39:27.503 [INFO] __main__: STATUS t=32s delta=-0.2040% dir=down agree=True chain=67994.28 bin=68015.75 open=68133.25 obi=0.7660 ask_up=0.01 ask_dn=1.00 bid_up=0.01 bid_dn=0.99 halted=False[0m
[2m2026-04-07 14:39:57.602 [INFO] __main__: STATUS t=2s delta=-0.1406% dir=down agree=True chain=68037.46 bin=68051.77 open=68133.25 obi=0.3803 ask_up=0.01 ask_dn=1.00 bid_up=0.01 bid_dn=0.99 halted=False[0m
[37m2026-04-07 14:40:00.112 [INFO] execution.paper_trading: paper window_ts=1775572500 [SKIP] pnl=0.0000 direction=down outcome=down - balance=$975.00 bid_up=0.01 ask_up=0.01 bid_dn=0.99 ask_dn=1.00[0m
[93m[1m2026-04-07 14:40:00.112 [INFO] risk.position_tracker: WINDOW_SUMMARY window_pnl=$0.0000 session_pnl=$-25.0000 won=$0.0000 lost=$25.0000 wr=0.0% (0/1) consec_losses=1[0m
[37m2026-04-07 14:40:00.116 [INFO] __main__: WINDOW_DECISION [SKIP] rank=1 side=up pnl=$0.0000 entry=0.00 size=$0.00 (conditions not met)[0m
[96m[1m2026-04-07 14:40:00.116 [INFO] strategy.window_tracker: new window: btc-updown-5m-1775572800 (ts=1775572800)[0m
[96m2026-04-07 14:40:00.230 [INFO] __main__: REGIME vol_stddev=0.156% chop_flips=5.3 sprt=dormant llr=0.70 age=21w bankroll=$974.84[0m
[96m2026-04-07 14:40:00.231 [INFO] __main__: KELLY wr_adj=85.3% base=100.0% vol_disc=4.2% chop_disc=7.5% feedback=+0.0%[0m
[96m2026-04-07 14:40:00.231 [INFO] __main__: window open price captured: 68036.84 (chainlink)[0m
2026-04-07 14:40:01.008 [INFO] market_data.clob_market_ws: CLOB market subscribed for tokens up=757890506954 down=169824057653
[2m2026-04-07 14:40:27.603 [INFO] __main__: STATUS t=272s delta=0.0040% dir=up agree=True chain=68039.59 bin=68048.20 open=68036.84 obi=0.8101 ask_up=0.53 ask_dn=0.48 bid_up=0.52 bid_dn=0.47 halted=False[0m
[2m2026-04-07 14:40:57.690 [INFO] __main__: STATUS t=242s delta=-0.0120% dir=down agree=False chain=68028.66 bin=68041.39 open=68036.84 obi=-0.2431 ask_up=0.99 ask_dn=0.99 bid_up=0.01 bid_dn=0.01 halted=False[0m
[2m2026-04-07 14:41:27.779 [INFO] __main__: STATUS t=212s delta=0.0566% dir=up agree=True chain=68075.36 bin=68082.66 open=68036.84 obi=-0.0041 ask_up=0.66 ask_dn=0.35 bid_up=0.65 bid_dn=0.34 halted=False[0m
[2m2026-04-07 14:41:57.871 [INFO] __main__: STATUS t=182s delta=0.0612% dir=up agree=True chain=68078.49 bin=68087.07 open=68036.84 obi=-0.1646 ask_up=0.73 ask_dn=0.29 bid_up=0.71 bid_dn=0.27 halted=False[0m
2026-04-07 14:42:26.600 [INFO] shared.ipc: IPC: received authenticated signal_update (summary=signals_summary_1775572948.json)
2026-04-07 14:42:26.600 [INFO] __main__: received new signal from orchestrator: rank=1 side=Up
[2m2026-04-07 14:42:28.006 [INFO] __main__: STATUS t=152s delta=0.0300% dir=up agree=True chain=68057.23 bin=68064.01 open=68036.84 obi=-0.7002 ask_up=0.59 ask_dn=0.42 bid_up=0.58 bid_dn=0.41 halted=False[0m
[37m2026-04-07 14:42:30.013 [INFO] strategy.momentum_signal: [SKIP] rank=1 side=up reason=conditions_not_met latest_pct=0.0399 need=>=0.07 stddev=0.0220 max_var=0.050[0m
[2m2026-04-07 14:42:58.093 [INFO] __main__: STATUS t=122s delta=0.0155% dir=up agree=True chain=68047.39 bin=68045.69 open=68036.84 obi=-0.9118 ask_up=0.50 ask_dn=0.52 bid_up=0.48 bid_dn=0.50 halted=False[0m
[2m2026-04-07 14:43:28.186 [INFO] __main__: STATUS t=92s delta=-0.0487% dir=down agree=True chain=68003.70 bin=68015.25 open=68036.84 obi=-0.9893 ask_up=0.25 ask_dn=0.76 bid_up=0.24 bid_dn=0.75 halted=False[0m
[2m2026-04-07 14:43:58.273 [INFO] __main__: STATUS t=62s delta=-0.0675% dir=down agree=True chain=67990.95 bin=67997.22 open=68036.84 obi=-0.8270 ask_up=0.10 ask_dn=0.91 bid_up=0.09 bid_dn=0.90 halted=False[0m
[2m2026-04-07 14:44:28.397 [INFO] __main__: STATUS t=32s delta=-0.0131% dir=down agree=True chain=68027.95 bin=68020.71 open=68036.84 obi=-0.8240 ask_up=0.16 ask_dn=0.85 bid_up=0.15 bid_dn=0.84 halted=False[0m
[2m2026-04-07 14:44:58.489 [INFO] __main__: STATUS t=2s delta=-0.0501% dir=down agree=True chain=68002.79 bin=67999.61 open=68036.84 obi=-0.9225 ask_up=0.01 ask_dn=1.00 bid_up=0.01 bid_dn=0.99 halted=False[0m
[37m2026-04-07 14:45:00.247 [INFO] execution.paper_trading: paper window_ts=1775572800 [SKIP] pnl=0.0000 direction=down outcome=down - balance=$975.00 bid_up=0.01 ask_up=0.01 bid_dn=0.99 ask_dn=1.00[0m
[93m[1m2026-04-07 14:45:00.247 [INFO] risk.position_tracker: WINDOW_SUMMARY window_pnl=$0.0000 session_pnl=$-25.0000 won=$0.0000 lost=$25.0000 wr=0.0% (0/1) consec_losses=1[0m
[96m2026-04-07 14:45:00.249 [INFO] __main__: REGIME chop_detected flips=13 delta_range=0.1520% avg_flips=7.2 over=6_windows[0m
[37m2026-04-07 14:45:00.250 [INFO] __main__: WINDOW_DECISION [SKIP] rank=1 side=up pnl=$0.0000 entry=0.00 size=$0.00 (conditions not met)[0m
[95m2026-04-07 14:45:00.252 [INFO] __main__: Signal refreshed (same pattern): up_280.0_150.0_0.07_0.05 — rank 1->1, keeping SPRT state (age=22w, trades=1, LLR=0.70)[0m
2026-04-07 14:45:00.252 [INFO] __main__: SIGNAL_SWAP_ACTIVE: {"rank":1,"side":"up","observeFromS":280.0,"observeToS":150.0,"minDeltaPct":0.07,"maxVariancePct":0.05,"trainWinRatePct":91.36,"oosWinRatePct":100.0,"oosBhAdjustedPValue":5.68616e-15,"oosMatches":35,"avgEntryPrice":0.8751,"evPerTrade":0.0949,"smartScore":47.89,"wfFoldsAppeared":4,"wfTotalTestFolds":6,"wfFoldIndices":[3,4,6,7]}
2026-04-07 14:45:00.252 [INFO] __main__: switched to new signal: #1 up (previous: #1 up)
[96m[1m2026-04-07 14:45:00.252 [INFO] strategy.window_tracker: new window: btc-updown-5m-1775573100 (ts=1775573100)[0m
[96m2026-04-07 14:45:00.350 [INFO] __main__: REGIME vol_stddev=0.155% chop_flips=7.2 sprt=dormant llr=0.70 age=22w bankroll=$974.84[0m
[96m2026-04-07 14:45:00.350 [INFO] __main__: KELLY wr_adj=85.4% base=100.0% vol_disc=4.1% chop_disc=7.5% feedback=+0.0%[0m
[96m2026-04-07 14:45:00.350 [INFO] __main__: window open price captured: 67994.08 (chainlink)[0m
2026-04-07 14:45:01.229 [INFO] market_data.clob_market_ws: CLOB market subscribed for tokens up=978768403958 down=675037437552
[2m2026-04-07 14:45:28.686 [INFO] __main__: STATUS t=271s delta=0.0164% dir=up agree=True chain=68005.22 bin=68007.48 open=67994.08 obi=-0.9965 ask_up=0.58 ask_dn=0.43 bid_up=0.57 bid_dn=0.42 halted=False[0m
[2m2026-04-07 14:45:58.774 [INFO] __main__: STATUS t=241s delta=0.0006% dir=up agree=True chain=67994.51 bin=68006.99 open=67994.08 obi=0.2382 ask_up=0.56 ask_dn=0.45 bid_up=0.55 bid_dn=0.44 halted=False[0m
[2m2026-04-07 14:46:28.858 [INFO] __main__: STATUS t=211s delta=0.0639% dir=up agree=True chain=68037.55 bin=68039.45 open=67994.08 obi=-0.9975 ask_up=0.72 ask_dn=0.29 bid_up=0.71 bid_dn=0.28 halted=False[0m
[2m2026-04-07 14:46:58.949 [INFO] __main__: STATUS t=181s delta=0.1922% dir=up agree=True chain=68124.76 bin=68104.43 open=67994.08 obi=-0.8459 ask_up=0.86 ask_dn=0.15 bid_up=0.85 bid_dn=0.14 halted=False[0m
[2m2026-04-07 14:47:29.039 [INFO] __main__: STATUS t=151s delta=0.1822% dir=up agree=True chain=68117.95 bin=68140.01 open=67994.08 obi=0.8227 ask_up=0.96 ask_dn=0.05 bid_up=0.95 bid_dn=0.04 halted=False[0m
[37m2026-04-07 14:47:30.043 [INFO] strategy.momentum_signal: [SKIP] rank=1 side=up reason=conditions_not_met latest_pct=0.2146 need=>=0.07 stddev=0.0894 max_var=0.050[0m
[2m2026-04-07 14:47:59.121 [INFO] __main__: STATUS t=121s delta=0.1665% dir=up agree=True chain=68107.28 bin=68112.78 open=67994.08 obi=0.7740 ask_up=0.94 ask_dn=0.07 bid_up=0.93 bid_dn=0.06 halted=False[0m
[2m2026-04-07 14:48:29.224 [INFO] __main__: STATUS t=91s delta=0.1673% dir=up agree=True chain=68107.84 bin=68115.24 open=67994.08 obi=-0.4259 ask_up=0.97 ask_dn=0.04 bid_up=0.96 bid_dn=0.03 halted=False[0m
[2m2026-04-07 14:48:59.322 [INFO] __main__: STATUS t=61s delta=0.1121% dir=up agree=True chain=68070.28 bin=68082.67 open=67994.08 obi=0.8289 ask_up=0.96 ask_dn=0.05 bid_up=0.95 bid_dn=0.04 halted=False[0m
[2m2026-04-07 14:49:29.428 [INFO] __main__: STATUS t=31s delta=0.1600% dir=up agree=True chain=68102.87 bin=68113.50 open=67994.08 obi=-0.8613 ask_up=1.00 ask_dn=0.01 bid_up=0.99 bid_dn=0.01 halted=False[0m
[2m2026-04-07 14:49:59.527 [INFO] __main__: STATUS t=0s delta=0.1836% dir=up agree=True chain=68118.94 bin=68106.00 open=67994.08 obi=-0.9694 ask_up=1.00 ask_dn=0.00 bid_up=1.00 bid_dn=0.00 halted=False[0m
[37m2026-04-07 14:50:00.030 [INFO] execution.paper_trading: paper window_ts=1775573100 [SKIP] pnl=0.0000 direction=up outcome=up - balance=$975.00 bid_up=1.00 ask_up=1.00 bid_dn=0.00 ask_dn=0.00[0m
[93m[1m2026-04-07 14:50:00.030 [INFO] risk.position_tracker: WINDOW_SUMMARY window_pnl=$0.0000 session_pnl=$-25.0000 won=$0.0000 lost=$25.0000 wr=0.0% (0/1) consec_losses=1[0m
[96m2026-04-07 14:50:00.032 [INFO] __main__: REGIME chop_detected flips=3 delta_range=0.2970% avg_flips=6.7 over=6_windows[0m
[37m2026-04-07 14:50:00.033 [INFO] __main__: WINDOW_DECISION [SKIP] rank=1 side=up pnl=$0.0000 entry=0.00 size=$0.00 (conditions not met)[0m
[96m[1m2026-04-07 14:50:00.033 [INFO] strategy.window_tracker: new window: btc-updown-5m-1775573400 (ts=1775573400)[0m
[96m2026-04-07 14:50:00.128 [INFO] __main__: REGIME vol_stddev=0.159% chop_flips=6.7 sprt=dormant llr=0.70 age=23w bankroll=$974.84[0m
[96m2026-04-07 14:50:00.128 [INFO] __main__: KELLY wr_adj=85.1% base=100.0% vol_disc=4.4% chop_disc=7.5% feedback=+0.0%[0m
[96m2026-04-07 14:50:00.129 [INFO] __main__: window open price captured: 68118.94 (chainlink)[0m
2026-04-07 14:50:00.437 [INFO] market_data.clob_market_ws: CLOB market subscribed for tokens up=579919272680 down=572504792810
[2m2026-04-07 14:50:29.735 [INFO] __main__: STATUS t=270s delta=-0.0032% dir=down agree=False chain=68116.77 bin=68127.51 open=68118.94 obi=0.3288 ask_up=0.54 ask_dn=0.47 bid_up=0.53 bid_dn=0.46 halted=False[0m
[2m2026-04-07 14:50:59.820 [INFO] __main__: STATUS t=240s delta=-0.0669% dir=down agree=True chain=68073.36 bin=68079.21 open=68118.94 obi=-0.9062 ask_up=0.34 ask_dn=0.67 bid_up=0.33 bid_dn=0.66 halted=False[0m
[2m2026-04-07 14:51:29.898 [INFO] __main__: STATUS t=210s delta=-0.0894% dir=down agree=True chain=68058.02 bin=68067.38 open=68118.94 obi=0.6535 ask_up=0.30 ask_dn=0.71 bid_up=0.29 bid_dn=0.70 halted=False[0m
[2m2026-04-07 14:51:59.981 [INFO] __main__: STATUS t=180s delta=-0.1454% dir=down agree=True chain=68019.90 bin=68027.96 open=68118.94 obi=-0.1833 ask_up=0.13 ask_dn=0.88 bid_up=0.12 bid_dn=0.87 halted=False[0m
[2m2026-04-07 14:52:30.070 [INFO] __main__: STATUS t=150s delta=-0.1463% dir=down agree=True chain=68019.30 bin=68019.08 open=68118.94 obi=-0.9151 ask_up=0.11 ask_dn=0.90 bid_up=0.10 bid_dn=0.89 halted=False[0m
[37m2026-04-07 14:52:30.072 [INFO] strategy.momentum_signal: [SKIP] rank=1 side=up reason=conditions_not_met latest_pct=-0.1466 need=>=0.07 stddev=0.0503 max_var=0.050[0m
[2m2026-04-07 14:53:00.163 [INFO] __main__: STATUS t=120s delta=-0.1558% dir=down agree=True chain=68012.84 bin=68022.69 open=68118.94 obi=0.6850 ask_up=0.08 ask_dn=0.93 bid_up=0.07 bid_dn=0.92 halted=False[0m
[2m2026-04-07 14:53:30.253 [INFO] __main__: STATUS t=90s delta=-0.1359% dir=down agree=True chain=68026.35 bin=68034.76 open=68118.94 obi=-0.6217 ask_up=0.06 ask_dn=0.95 bid_up=0.05 bid_dn=0.94 halted=False[0m
[2m2026-04-07 14:54:00.348 [INFO] __main__: STATUS t=60s delta=-0.1394% dir=down agree=True chain=68023.96 bin=68032.57 open=68118.94 obi=-0.8871 ask_up=0.04 ask_dn=0.97 bid_up=0.03 bid_dn=0.96 halted=False[0m
[2m2026-04-07 14:54:30.484 [INFO] __main__: STATUS t=30s delta=-0.1598% dir=down agree=True chain=68010.12 bin=68019.17 open=68118.94 obi=0.0551 ask_up=0.01 ask_dn=1.00 bid_up=0.01 bid_dn=0.99 halted=False[0m
[37m2026-04-07 14:55:00.078 [INFO] execution.paper_trading: paper window_ts=1775573400 [SKIP] pnl=0.0000 direction=down outcome=down - balance=$975.00 bid_up=0.01 ask_up=0.01 bid_dn=0.99 ask_dn=1.00[0m
[93m[1m2026-04-07 14:55:00.079 [INFO] risk.position_tracker: WINDOW_SUMMARY window_pnl=$0.0000 session_pnl=$-25.0000 won=$0.0000 lost=$25.0000 wr=0.0% (0/1) consec_losses=1[0m
[96m2026-04-07 14:55:00.080 [INFO] __main__: REGIME chop_detected flips=4 delta_range=0.1656% avg_flips=7.2 over=6_windows[0m
[37m2026-04-07 14:55:00.081 [INFO] __main__: WINDOW_DECISION [SKIP] rank=1 side=up pnl=$0.0000 entry=0.00 size=$0.00 (conditions not met)[0m
[96m[1m2026-04-07 14:55:00.081 [INFO] strategy.window_tracker: new window: btc-updown-5m-1775573700 (ts=1775573700)[0m
[96m2026-04-07 14:55:00.183 [INFO] __main__: REGIME vol_stddev=0.160% chop_flips=7.2 sprt=dormant llr=0.70 age=24w bankroll=$974.84[0m
[96m2026-04-07 14:55:00.183 [INFO] __main__: KELLY wr_adj=85.0% base=100.0% vol_disc=4.5% chop_disc=7.5% feedback=+0.0%[0m
[96m2026-04-07 14:55:00.184 [INFO] __main__: window open price captured: 68025.73 (chainlink)[0m
2026-04-07 14:55:00.639 [INFO] market_data.clob_market_ws: CLOB market subscribed for tokens up=115534091432 down=488510875342
[2m2026-04-07 14:55:00.685 [INFO] __main__: STATUS t=299s delta=-0.0003% dir=down agree=True chain=68025.51 bin=68019.17 open=68025.73 obi=-0.8153 ask_up=0.99 ask_dn=0.99 bid_up=0.01 bid_dn=0.01 halted=False[0m
[2m2026-04-07 14:55:30.777 [INFO] __main__: STATUS t=269s delta=-0.0511% dir=down agree=True chain=67990.97 bin=68000.01 open=68025.73 obi=-0.6694 ask_up=0.34 ask_dn=0.67 bid_up=0.33 bid_dn=0.66 halted=False[0m
[2m2026-04-07 14:56:00.862 [INFO] __main__: STATUS t=239s delta=-0.0961% dir=down agree=True chain=67960.35 bin=67968.13 open=68025.73 obi=0.8913 ask_up=0.20 ask_dn=0.81 bid_up=0.19 bid_dn=0.80 halted=False[0m
[2m2026-04-07 14:56:30.964 [INFO] __main__: STATUS t=209s delta=-0.1092% dir=down agree=True chain=67951.43 bin=67957.99 open=68025.73 obi=-0.4706 ask_up=0.18 ask_dn=0.83 bid_up=0.17 bid_dn=0.82 halted=False[0m
[2m2026-04-07 14:57:01.051 [INFO] __main__: STATUS t=179s delta=-0.0976% dir=down agree=True chain=67959.36 bin=67972.50 open=68025.73 obi=0.2078 ask_up=0.20 ask_dn=0.81 bid_up=0.19 bid_dn=0.80 halted=False[0m
[37m2026-04-07 14:57:30.131 [INFO] strategy.momentum_signal: [SKIP] rank=1 side=up reason=conditions_not_met latest_pct=-0.0882 need=>=0.07 stddev=0.0316 max_var=0.050[0m
[2m2026-04-07 14:57:31.135 [INFO] __main__: STATUS t=149s delta=-0.1055% dir=down agree=True chain=67953.97 bin=67965.72 open=68025.73 obi=-0.9897 ask_up=0.12 ask_dn=0.89 bid_up=0.11 bid_dn=0.88 halted=False[0m
2026-04-07 14:57:40.519 [INFO] shared.ipc: IPC: received authenticated signal_update (summary=signals_summary_1775573862.json)
2026-04-07 14:57:40.519 [INFO] __main__: received new signal from orchestrator: rank=1 side=Up
[2m2026-04-07 14:58:01.222 [INFO] __main__: STATUS t=119s delta=-0.0938% dir=down agree=True chain=67961.95 bin=67972.51 open=68025.73 obi=0.6759 ask_up=0.13 ask_dn=0.88 bid_up=0.12 bid_dn=0.87 halted=False[0m
[2m2026-04-07 14:58:31.321 [INFO] __main__: STATUS t=89s delta=-0.0672% dir=down agree=True chain=67980.04 bin=67989.68 open=68025.73 obi=0.1878 ask_up=0.14 ask_dn=0.87 bid_up=0.13 bid_dn=0.86 halted=False[0m
[2m2026-04-07 14:59:01.406 [INFO] __main__: STATUS t=59s delta=-0.1685% dir=down agree=True chain=67911.11 bin=67916.01 open=68025.73 obi=0.3862 ask_up=0.01 ask_dn=1.00 bid_up=0.01 bid_dn=0.99 halted=False[0m
[2m2026-04-07 14:59:31.502 [INFO] __main__: STATUS t=28s delta=-0.2236% dir=down agree=True chain=67873.60 bin=67885.99 open=68025.73 obi=0.5232 ask_up=0.01 ask_dn=1.00 bid_up=0.01 bid_dn=0.99 halted=False[0m
[37m2026-04-07 15:00:00.101 [INFO] execution.paper_trading: paper window_ts=1775573700 [SKIP] pnl=0.0000 direction=down outcome=down - balance=$975.00 bid_up=0.01 ask_up=0.01 bid_dn=0.99 ask_dn=1.00[0m
[93m[1m2026-04-07 15:00:00.102 [INFO] risk.position_tracker: WINDOW_SUMMARY window_pnl=$0.0000 session_pnl=$-25.0000 won=$0.0000 lost=$25.0000 wr=0.0% (0/1) consec_losses=1[0m
[37m2026-04-07 15:00:00.106 [INFO] __main__: WINDOW_DECISION [SKIP] rank=1 side=up pnl=$0.0000 entry=0.00 size=$0.00 (conditions not met)[0m
[95m2026-04-07 15:00:00.106 [INFO] __main__: Signal refreshed (same pattern): up_280.0_150.0_0.07_0.05 — rank 1->1, keeping SPRT state (age=25w, trades=1, LLR=0.70)[0m
2026-04-07 15:00:00.107 [INFO] __main__: SIGNAL_SWAP_ACTIVE: {"rank":1,"side":"up","observeFromS":280.0,"observeToS":150.0,"minDeltaPct":0.07,"maxVariancePct":0.05,"trainWinRatePct":91.46,"oosWinRatePct":96.43,"oosBhAdjustedPValue":4.0323e-15,"oosMatches":56,"avgEntryPrice":0.8562,"evPerTrade":0.078,"smartScore":53.97,"wfFoldsAppeared":5,"wfTotalTestFolds":6,"wfFoldIndices":[2,3,4,6,7]}
2026-04-07 15:00:00.107 [INFO] __main__: switched to new signal: #1 up (previous: #1 up)
[96m[1m2026-04-07 15:00:00.108 [INFO] strategy.window_tracker: new window: btc-updown-5m-1775574000 (ts=1775574000)[0m
[96m2026-04-07 15:00:00.239 [INFO] __main__: REGIME vol_stddev=0.164% chop_flips=5.0 sprt=dormant llr=0.70 age=25w bankroll=$974.84[0m
[96m2026-04-07 15:00:00.239 [INFO] __main__: KELLY wr_adj=81.1% base=96.4% vol_disc=4.8% chop_disc=7.5% feedback=+0.0%[0m
[96m2026-04-07 15:00:00.240 [INFO] __main__: window open price captured: 67856.87 (chainlink)[0m
2026-04-07 15:00:00.851 [INFO] market_data.clob_market_ws: CLOB market subscribed for tokens up=659390494650 down=413847785516
[2m2026-04-07 15:00:01.744 [INFO] __main__: STATUS t=298s delta=-0.0081% dir=down agree=True chain=67851.38 bin=67855.57 open=67856.87 obi=-0.9225 ask_up=0.50 ask_dn=0.51 bid_up=0.49 bid_dn=0.50 halted=False[0m
[2m2026-04-07 15:00:31.914 [INFO] __main__: STATUS t=268s delta=-0.0233% dir=down agree=True chain=67841.03 bin=67848.18 open=67856.87 obi=0.4945 ask_up=0.48 ask_dn=0.53 bid_up=0.47 bid_dn=0.52 halted=False[0m
[2m2026-04-07 15:01:02.005 [INFO] __main__: STATUS t=238s delta=0.0018% dir=up agree=True chain=67858.11 bin=67868.78 open=67856.87 obi=-0.9091 ask_up=0.55 ask_dn=0.46 bid_up=0.54 bid_dn=0.45 halted=False[0m
[2m2026-04-07 15:01:32.093 [INFO] __main__: STATUS t=208s delta=0.0280% dir=up agree=True chain=67875.87 bin=67894.99 open=67856.87 obi=0.7870 ask_up=0.66 ask_dn=0.35 bid_up=0.65 bid_dn=0.34 halted=False[0m
[2m2026-04-07 15:02:02.179 [INFO] __main__: STATUS t=178s delta=0.0464% dir=up agree=True chain=67888.37 bin=67908.88 open=67856.87 obi=0.6087 ask_up=0.99 ask_dn=0.99 bid_up=0.01 bid_dn=0.01 halted=False[0m
[37m2026-04-07 15:02:30.007 [INFO] strategy.momentum_signal: [SKIP] rank=1 side=up reason=conditions_not_met latest_pct=0.0282 need=>=0.07 stddev=0.0275 max_var=0.050[0m
[2m2026-04-07 15:02:32.262 [INFO] __main__: STATUS t=148s delta=0.0114% dir=up agree=True chain=67864.62 bin=67876.01 open=67856.87 obi=-0.5436 ask_up=0.59 ask_dn=0.42 bid_up=0.58 bid_dn=0.41 halted=False[0m
[2m2026-04-07 15:03:02.352 [INFO] __main__: STATUS t=118s delta=-0.0427% dir=down agree=True chain=67827.87 bin=67848.47 open=67856.87 obi=-0.4102 ask_up=0.42 ask_dn=0.59 bid_up=0.41 bid_dn=0.58 halted=False[0m
[2m2026-04-07 15:03:32.439 [INFO] __main__: STATUS t=88s delta=-0.0131% dir=down agree=False chain=67848.02 bin=67858.39 open=67856.87 obi=-0.5719 ask_up=0.50 ask_dn=0.51 bid_up=0.49 bid_dn=0.50 halted=False[0m
[2m2026-04-07 15:04:02.539 [INFO] __main__: STATUS t=57s delta=0.0149% dir=up agree=True chain=67866.98 bin=67873.47 open=67856.87 obi=-0.4388 ask_up=0.62 ask_dn=0.39 bid_up=0.61 bid_dn=0.38 halted=False[0m
[2m2026-04-07 15:04:32.629 [INFO] __main__: STATUS t=27s delta=0.0197% dir=up agree=True chain=67870.25 bin=67884.50 open=67856.87 obi=-0.9266 ask_up=0.79 ask_dn=0.22 bid_up=0.78 bid_dn=0.21 halted=False[0m
[37m2026-04-07 15:05:00.220 [INFO] execution.paper_trading: paper window_ts=1775574000 [SKIP] pnl=0.0000 direction=up outcome=up - balance=$975.00 bid_up=0.99 ask_up=1.00 bid_dn=0.01 ask_dn=0.01[0m
[93m[1m2026-04-07 15:05:00.221 [INFO] risk.position_tracker: WINDOW_SUMMARY window_pnl=$0.0000 session_pnl=$-25.0000 won=$0.0000 lost=$25.0000 wr=0.0% (0/1) consec_losses=1[0m
[96m2026-04-07 15:05:00.223 [INFO] __main__: REGIME chop_detected flips=15 delta_range=0.1250% avg_flips=6.2 over=6_windows[0m
[37m2026-04-07 15:05:00.223 [INFO] __main__: WINDOW_DECISION [SKIP] rank=1 side=up pnl=$0.0000 entry=0.00 size=$0.00 (conditions not met)[0m
[96m[1m2026-04-07 15:05:00.223 [INFO] strategy.window_tracker: new window: btc-updown-5m-1775574300 (ts=1775574300)[0m
[96m2026-04-07 15:05:00.280 [INFO] __main__: REGIME vol_stddev=0.163% chop_flips=6.2 sprt=dormant llr=0.70 age=26w bankroll=$974.84[0m
[96m2026-04-07 15:05:00.280 [INFO] __main__: KELLY wr_adj=81.2% base=96.4% vol_disc=4.7% chop_disc=7.5% feedback=+0.0%[0m
[96m2026-04-07 15:05:00.280 [INFO] __main__: window open price captured: 67868.75 (chainlink)[0m
2026-04-07 15:05:01.122 [INFO] market_data.clob_market_ws: CLOB market subscribed for tokens up=911396312902 down=665450070516
[2m2026-04-07 15:05:02.790 [INFO] __main__: STATUS t=297s delta=-0.0000% dir=down agree=True chain=67868.73 bin=67850.00 open=67868.75 obi=-0.8166 ask_up=0.43 ask_dn=0.60 bid_up=0.40 bid_dn=0.57 halted=False[0m
[2m2026-04-07 15:05:32.876 [INFO] __main__: STATUS t=267s delta=-0.1084% dir=down agree=True chain=67795.19 bin=67834.19 open=67868.75 obi=0.2840 ask_up=0.28 ask_dn=0.73 bid_up=0.27 bid_dn=0.72 halted=False[0m
[2m2026-04-07 15:06:02.989 [INFO] __main__: STATUS t=237s delta=-0.1488% dir=down agree=True chain=67767.77 bin=67759.69 open=67868.75 obi=-0.9908 ask_up=0.21 ask_dn=0.80 bid_up=0.20 bid_dn=0.79 halted=False[0m
2026-04-07 15:06:25.947 [INFO] utils.reconnect: rtds connected to wss://ws-live-data.polymarket.com
2026-04-07 15:06:25.948 [INFO] market_data.rtds_ws: RTDS subscribed to chainlink
[2m2026-04-07 15:06:33.080 [INFO] __main__: STATUS t=207s delta=-0.1606% dir=down agree=True chain=67759.79 bin=67771.16 open=67868.75 obi=-0.5128 ask_up=0.12 ask_dn=0.89 bid_up=0.11 bid_dn=0.88 halted=False[0m
[2m2026-04-07 15:07:03.181 [INFO] __main__: STATUS t=177s delta=-0.1526% dir=down agree=True chain=67765.22 bin=67782.00 open=67868.75 obi=-0.1148 ask_up=0.13 ask_dn=0.88 bid_up=0.12 bid_dn=0.87 halted=False[0m
[37m2026-04-07 15:07:30.013 [INFO] strategy.momentum_signal: [SKIP] rank=1 side=up reason=conditions_not_met latest_pct=-0.1382 need=>=0.07 stddev=0.0338 max_var=0.050[0m
[2m2026-04-07 15:07:33.272 [INFO] __main__: STATUS t=147s delta=-0.1560% dir=down agree=True chain=67762.90 bin=67775.00 open=67868.75 obi=0.1464 ask_up=0.09 ask_dn=0.92 bid_up=0.08 bid_dn=0.91 halted=False[0m
[2m2026-04-07 15:08:03.363 [INFO] __main__: STATUS t=117s delta=-0.0994% dir=down agree=True chain=67801.27 bin=67814.33 open=67868.75 obi=-0.3482 ask_up=0.13 ask_dn=0.88 bid_up=0.12 bid_dn=0.87 halted=False[0m
[2m2026-04-07 15:08:33.456 [INFO] __main__: STATUS t=87s delta=-0.0975% dir=down agree=True chain=67802.57 bin=67814.72 open=67868.75 obi=0.2830 ask_up=0.09 ask_dn=0.92 bid_up=0.08 bid_dn=0.91 halted=False[0m
[2m2026-04-07 15:09:03.613 [INFO] __main__: STATUS t=56s delta=-0.0587% dir=down agree=True chain=67828.89 bin=67849.02 open=67868.75 obi=-0.0413 ask_up=0.20 ask_dn=0.81 bid_up=0.19 bid_dn=0.80 halted=False[0m
[2m2026-04-07 15:09:33.706 [INFO] __main__: STATUS t=26s delta=-0.0366% dir=down agree=True chain=67843.93 bin=67855.58 open=67868.75 obi=0.3977 ask_up=0.12 ask_dn=0.89 bid_up=0.11 bid_dn=0.88 halted=False[0m
[37m2026-04-07 15:10:00.033 [INFO] execution.paper_trading: paper window_ts=1775574300 [SKIP] pnl=0.0000 direction=down outcome=down - balance=$975.00 bid_up=0.01 ask_up=0.16 bid_dn=0.84 ask_dn=0.99[0m
[93m[1m2026-04-07 15:10:00.034 [INFO] risk.position_tracker: WINDOW_SUMMARY window_pnl=$0.0000 session_pnl=$-25.0000 won=$0.0000 lost=$25.0000 wr=0.0% (0/1) consec_losses=1[0m
[37m2026-04-07 15:10:00.055 [INFO] __main__: WINDOW_DECISION [SKIP] rank=1 side=up pnl=$0.0000 entry=0.00 size=$0.00 (conditions not met)[0m
[96m[1m2026-04-07 15:10:00.056 [INFO] strategy.window_tracker: new window: btc-updown-5m-1775574600 (ts=1775574600)[0m
[96m2026-04-07 15:10:00.205 [INFO] __main__: REGIME vol_stddev=0.154% chop_flips=5.8 sprt=dormant llr=0.70 age=27w bankroll=$974.84[0m
[96m2026-04-07 15:10:00.205 [INFO] __main__: KELLY wr_adj=81.9% base=96.4% vol_disc=4.1% chop_disc=7.5% feedback=+0.0%[0m
[96m2026-04-07 15:10:00.205 [INFO] __main__: window open price captured: 67863.48 (chainlink)[0m
2026-04-07 15:10:00.345 [INFO] market_data.clob_market_ws: CLOB market subscribed for tokens up=115509232374 down=511227922376
[2m2026-04-07 15:10:03.717 [INFO] __main__: STATUS t=296s delta=0.0346% dir=up agree=True chain=67886.97 bin=67939.13 open=67863.48 obi=0.9992 ask_up=0.68 ask_dn=0.33 bid_up=0.67 bid_dn=0.32 halted=False[0m
[2m2026-04-07 15:10:33.807 [INFO] __main__: STATUS t=266s delta=0.0392% dir=up agree=True chain=67890.11 bin=67922.15 open=67863.48 obi=0.7403 ask_up=0.69 ask_dn=0.32 bid_up=0.68 bid_dn=0.31 halted=False[0m
[2m2026-04-07 15:11:03.906 [INFO] __main__: STATUS t=236s delta=0.0383% dir=up agree=True chain=67889.49 bin=67912.60 open=67863.48 obi=0.7120 ask_up=0.61 ask_dn=0.40 bid_up=0.60 bid_dn=0.39 halted=False[0m
[2m2026-04-07 15:11:34.000 [INFO] __main__: STATUS t=206s delta=0.1317% dir=up agree=True chain=67952.88 bin=67967.36 open=67863.48 obi=-0.8094 ask_up=0.84 ask_dn=0.17 bid_up=0.83 bid_dn=0.16 halted=False[0m
[2m2026-04-07 15:12:04.108 [INFO] __main__: STATUS t=176s delta=0.1309% dir=up agree=True chain=67952.31 bin=67962.65 open=67863.48 obi=-0.1873 ask_up=0.88 ask_dn=0.13 bid_up=0.87 bid_dn=0.12 halted=False[0m
[37m2026-04-07 15:12:30.182 [INFO] strategy.momentum_signal: [SKIP] rank=1 side=up reason=KELLY_NO_EDGE p_adj=0.819 entry=0.93 raw_f=-1.589[0m
[2m2026-04-07 15:12:34.192 [INFO] __main__: STATUS t=146s delta=0.1545% dir=up agree=True chain=67968.33 bin=67980.01 open=67863.48 obi=-0.1587 ask_up=0.93 ask_dn=0.08 bid_up=0.92 bid_dn=0.07 halted=False[0m
2026-04-07 15:12:54.304 [INFO] shared.ipc: IPC: received authenticated signal_update (summary=signals_summary_1775574776.json)
2026-04-07 15:12:54.305 [INFO] __main__: received new signal from orchestrator: rank=1 side=Up
[2m2026-04-07 15:13:04.293 [INFO] __main__: STATUS t=116s delta=0.0554% dir=up agree=True chain=67901.07 bin=67908.83 open=67863.48 obi=-0.9128 ask_up=0.71 ask_dn=0.30 bid_up=0.70 bid_dn=0.29 halted=False[0m
[2m2026-04-07 15:13:34.377 [INFO] __main__: STATUS t=86s delta=0.0225% dir=up agree=True chain=67878.77 bin=67881.62 open=67863.48 obi=-0.8121 ask_up=0.56 ask_dn=0.46 bid_up=0.54 bid_dn=0.44 halted=False[0m
[2m2026-04-07 15:14:04.482 [INFO] __main__: STATUS t=56s delta=0.0090% dir=up agree=True chain=67869.61 bin=67882.00 open=67863.48 obi=0.4149 ask_up=0.60 ask_dn=0.41 bid_up=0.59 bid_dn=0.40 halted=False[0m
[2m2026-04-07 15:14:34.571 [INFO] __main__: STATUS t=25s delta=0.0057% dir=up agree=True chain=67867.37 bin=67883.28 open=67863.48 obi=-0.2979 ask_up=0.62 ask_dn=0.39 bid_up=0.61 bid_dn=0.38 halted=False[0m
[37m2026-04-07 15:15:00.146 [INFO] execution.paper_trading: paper window_ts=1775574600 [SKIP] pnl=0.0000 direction=down outcome=down - balance=$975.00 bid_up=0.42 ask_up=0.43 bid_dn=0.57 ask_dn=0.58[0m
[93m[1m2026-04-07 15:15:00.146 [INFO] risk.position_tracker: WINDOW_SUMMARY window_pnl=$0.0000 session_pnl=$-25.0000 won=$0.0000 lost=$25.0000 wr=0.0% (0/1) consec_losses=1[0m
[96m2026-04-07 15:15:00.148 [INFO] __main__: REGIME chop_detected flips=6 delta_range=0.1853% avg_flips=4.7 over=6_windows[0m
[37m2026-04-07 15:15:00.148 [INFO] __main__: WINDOW_DECISION [SKIP] rank=1 side=up pnl=$0.0000 entry=0.00 size=$0.00 (conditions not met)[0m
[95m2026-04-07 15:15:00.149 [INFO] __main__: Signal refreshed (same pattern): up_280.0_150.0_0.07_0.05 — rank 1->1, keeping SPRT state (age=28w, trades=1, LLR=0.70)[0m
2026-04-07 15:15:00.149 [INFO] __main__: SIGNAL_SWAP_ACTIVE: {"rank":1,"side":"up","observeFromS":280.0,"observeToS":150.0,"minDeltaPct":0.07,"maxVariancePct":0.05,"trainWinRatePct":91.46,"oosWinRatePct":96.3,"oosBhAdjustedPValue":5.22592e-15,"oosMatches":54,"avgEntryPrice":0.8598,"evPerTrade":0.0731,"smartScore":50.35,"wfFoldsAppeared":5,"wfTotalTestFolds":6,"wfFoldIndices":[2,3,4,6,7]}
2026-04-07 15:15:00.149 [INFO] __main__: switched to new signal: #1 up (previous: #1 up)
[96m[1m2026-04-07 15:15:00.149 [INFO] strategy.window_tracker: new window: btc-updown-5m-1775574900 (ts=1775574900)[0m
[96m2026-04-07 15:15:00.238 [INFO] __main__: REGIME vol_stddev=0.153% chop_flips=4.7 sprt=dormant llr=0.70 age=28w bankroll=$974.84[0m
[96m2026-04-07 15:15:00.238 [INFO] __main__: KELLY wr_adj=83.1% base=96.3% vol_disc=4.0% chop_disc=6.3% feedback=+0.0%[0m
[96m2026-04-07 15:15:00.238 [INFO] __main__: window open price captured: 67863.67 (chainlink)[0m
2026-04-07 15:15:00.564 [INFO] market_data.clob_market_ws: CLOB market subscribed for tokens up=973151313877 down=103313853482
[2m2026-04-07 15:15:04.765 [INFO] __main__: STATUS t=295s delta=0.0221% dir=up agree=True chain=67878.68 bin=67914.89 open=67863.67 obi=-0.5295 ask_up=0.99 ask_dn=0.99 bid_up=0.01 bid_dn=0.01 halted=False[0m
[2m2026-04-07 15:15:34.857 [INFO] __main__: STATUS t=265s delta=0.0649% dir=up agree=True chain=67907.70 bin=67927.89 open=67863.67 obi=-0.5906 ask_up=0.70 ask_dn=0.31 bid_up=0.69 bid_dn=0.30 halted=False[0m
[2m2026-04-07 15:16:04.950 [INFO] __main__: STATUS t=235s delta=0.2562% dir=up agree=True chain=68037.53 bin=68061.56 open=67863.67 obi=0.1689 ask_up=0.87 ask_dn=0.19 bid_up=0.81 bid_dn=0.13 halted=False[0m
[2m2026-04-07 15:16:35.041 [INFO] __main__: STATUS t=205s delta=0.2186% dir=up agree=True chain=68012.03 bin=68002.01 open=67863.67 obi=-0.1966 ask_up=0.84 ask_dn=0.17 bid_up=0.83 bid_dn=0.16 halted=False[0m
[2m2026-04-07 15:17:05.132 [INFO] __main__: STATUS t=175s delta=0.1789% dir=up agree=True chain=67985.11 bin=67994.98 open=67863.67 obi=-0.8839 ask_up=0.89 ask_dn=0.12 bid_up=0.88 bid_dn=0.11 halted=False[0m
[37m2026-04-07 15:17:30.205 [INFO] strategy.momentum_signal: [SKIP] rank=1 side=up reason=conditions_not_met latest_pct=0.2009 need=>=0.07 stddev=0.0856 max_var=0.050[0m
[2m2026-04-07 15:17:35.217 [INFO] __main__: STATUS t=145s delta=0.1837% dir=up agree=True chain=67988.32 bin=67990.29 open=67863.67 obi=-0.2603 ask_up=0.91 ask_dn=0.10 bid_up=0.90 bid_dn=0.09 halted=False[0m
[2m2026-04-07 15:18:05.330 [INFO] __main__: STATUS t=115s delta=0.2092% dir=up agree=True chain=68005.61 bin=68015.69 open=67863.67 obi=-0.5404 ask_up=0.97 ask_dn=0.04 bid_up=0.96 bid_dn=0.03 halted=False[0m
[2m2026-04-07 15:18:35.422 [INFO] __main__: STATUS t=85s delta=0.1998% dir=up agree=True chain=67999.24 bin=68001.74 open=67863.67 obi=-0.9705 ask_up=0.99 ask_dn=0.02 bid_up=0.98 bid_dn=0.01 halted=False[0m
[2m2026-04-07 15:19:05.529 [INFO] __main__: STATUS t=54s delta=0.2207% dir=up agree=True chain=68013.45 bin=68033.27 open=67863.67 obi=-0.6777 ask_up=1.00 ask_dn=0.01 bid_up=0.99 bid_dn=0.01 halted=False[0m
[2m2026-04-07 15:19:35.628 [INFO] __main__: STATUS t=24s delta=0.2272% dir=up agree=True chain=68017.84 bin=68036.66 open=67863.67 obi=0.6505 ask_up=1.00 ask_dn=0.01 bid_up=0.99 bid_dn=0.01 halted=False[0m
[37m2026-04-07 15:20:00.207 [INFO] execution.paper_trading: paper window_ts=1775574900 [SKIP] pnl=0.0000 direction=up outcome=up - balance=$975.00 bid_up=0.99 ask_up=1.00 bid_dn=0.01 ask_dn=0.01[0m
[93m[1m2026-04-07 15:20:00.207 [INFO] risk.position_tracker: WINDOW_SUMMARY window_pnl=$0.0000 session_pnl=$-25.0000 won=$0.0000 lost=$25.0000 wr=0.0% (0/1) consec_losses=1[0m
[37m2026-04-07 15:20:00.229 [INFO] __main__: WINDOW_DECISION [SKIP] rank=1 side=up pnl=$0.0000 entry=0.00 size=$0.00 (conditions not met)[0m
[96m[1m2026-04-07 15:20:00.229 [INFO] strategy.window_tracker: new window: btc-updown-5m-1775575200 (ts=1775575200)[0m
[96m2026-04-07 15:20:00.364 [INFO] __main__: REGIME vol_stddev=0.164% chop_flips=4.3 sprt=dormant llr=0.70 age=29w bankroll=$974.84[0m
[96m2026-04-07 15:20:00.364 [INFO] __main__: KELLY wr_adj=83.5% base=96.3% vol_disc=4.8% chop_disc=5.0% feedback=+0.0%[0m
[96m2026-04-07 15:20:00.364 [INFO] __main__: window open price captured: 68033.89 (chainlink)[0m
2026-04-07 15:20:00.762 [INFO] market_data.clob_market_ws: CLOB market subscribed for tokens up=109340110301 down=434693917275
[2m2026-04-07 15:20:05.635 [INFO] __main__: STATUS t=294s delta=-0.0113% dir=down agree=True chain=68026.20 bin=68032.00 open=68033.89 obi=-0.5751 ask_up=0.47 ask_dn=0.54 bid_up=0.46 bid_dn=0.53 halted=False[0m
[2m2026-04-07 15:20:35.725 [INFO] __main__: STATUS t=264s delta=-0.0244% dir=down agree=False chain=68017.28 bin=68034.38 open=68033.89 obi=0.0718 ask_up=0.46 ask_dn=0.55 bid_up=0.45 bid_dn=0.54 halted=False[0m
[2m2026-04-07 15:21:05.821 [INFO] __main__: STATUS t=234s delta=-0.0285% dir=down agree=True chain=68014.51 bin=68017.48 open=68033.89 obi=-0.8711 ask_up=0.43 ask_dn=0.58 bid_up=0.42 bid_dn=0.57 halted=False[0m
[2m2026-04-07 15:21:35.910 [INFO] __main__: STATUS t=204s delta=-0.0977% dir=down agree=True chain=67967.39 bin=67981.76 open=68033.89 obi=0.7496 ask_up=0.25 ask_dn=0.76 bid_up=0.24 bid_dn=0.75 halted=False[0m
[2m2026-04-07 15:22:06.000 [INFO] __main__: STATUS t=174s delta=-0.0602% dir=down agree=True chain=67992.93 bin=68006.75 open=68033.89 obi=0.3533 ask_up=0.32 ask_dn=0.69 bid_up=0.31 bid_dn=0.68 halted=False[0m
[37m2026-04-07 15:22:30.076 [INFO] strategy.momentum_signal: [SKIP] rank=1 side=up reason=conditions_not_met latest_pct=-0.0491 need=>=0.07 stddev=0.0223 max_var=0.050[0m
[2m2026-04-07 15:22:36.093 [INFO] __main__: STATUS t=144s delta=-0.0589% dir=down agree=True chain=67993.81 bin=68026.39 open=68033.89 obi=-0.9475 ask_up=0.38 ask_dn=0.63 bid_up=0.37 bid_dn=0.62 halted=False[0m
[2m2026-04-07 15:23:06.186 [INFO] __main__: STATUS t=114s delta=-0.0367% dir=down agree=True chain=68008.94 bin=68022.00 open=68033.89 obi=-0.2242 ask_up=0.37 ask_dn=0.64 bid_up=0.36 bid_dn=0.63 halted=False[0m
[2m2026-04-07 15:23:36.281 [INFO] __main__: STATUS t=84s delta=-0.0569% dir=down agree=True chain=67995.20 bin=68008.04 open=68033.89 obi=0.3634 ask_up=0.25 ask_dn=0.76 bid_up=0.24 bid_dn=0.75 halted=False[0m
[2m2026-04-07 15:24:06.423 [INFO] __main__: STATUS t=54s delta=-0.0180% dir=down agree=True chain=68021.62 bin=68025.32 open=68033.89 obi=-0.8381 ask_up=0.31 ask_dn=0.70 bid_up=0.30 bid_dn=0.69 halted=False[0m
[2m2026-04-07 15:24:36.500 [INFO] __main__: STATUS t=23s delta=-0.0112% dir=down agree=False chain=68026.26 bin=68036.96 open=68033.89 obi=0.8107 ask_up=0.42 ask_dn=0.59 bid_up=0.41 bid_dn=0.58 halted=False[0m
[37m2026-04-07 15:25:00.072 [INFO] execution.paper_trading: paper window_ts=1775575200 [SKIP] pnl=0.0000 direction=down outcome=down - balance=$975.00 bid_up=0.01 ask_up=0.01 bid_dn=0.99 ask_dn=1.00[0m
[93m[1m2026-04-07 15:25:00.073 [INFO] risk.position_tracker: WINDOW_SUMMARY window_pnl=$0.0000 session_pnl=$-25.0000 won=$0.0000 lost=$25.0000 wr=0.0% (0/1) consec_losses=1[0m
[37m2026-04-07 15:25:00.074 [INFO] __main__: WINDOW_DECISION [SKIP] rank=1 side=up pnl=$0.0000 entry=0.00 size=$0.00 (conditions not met)[0m
[96m[1m2026-04-07 15:25:00.075 [INFO] strategy.window_tracker: new window: btc-updown-5m-1775575500 (ts=1775575500)[0m
[96m2026-04-07 15:25:00.180 [INFO] __main__: REGIME vol_stddev=0.164% chop_flips=4.0 sprt=dormant llr=0.70 age=30w bankroll=$974.84[0m
[96m2026-04-07 15:25:00.183 [INFO] __main__: KELLY wr_adj=84.8% base=96.3% vol_disc=4.8% chop_disc=3.8% feedback=+0.0%[0m
[96m2026-04-07 15:25:00.183 [INFO] __main__: window open price captured: 68016.57 (chainlink)[0m
2026-04-07 15:25:00.970 [INFO] market_data.clob_market_ws: CLOB market subscribed for tokens up=107544549174 down=792256770200
[2m2026-04-07 15:25:06.707 [INFO] __main__: STATUS t=293s delta=0.0025% dir=up agree=True chain=68018.28 bin=68032.70 open=68016.57 obi=0.9961 ask_up=0.48 ask_dn=0.53 bid_up=0.47 bid_dn=0.52 halted=False[0m
[2m2026-04-07 15:25:36.794 [INFO] __main__: STATUS t=263s delta=0.0673% dir=up agree=True chain=68062.31 bin=68081.69 open=68016.57 obi=0.8858 ask_up=0.72 ask_dn=0.29 bid_up=0.71 bid_dn=0.28 halted=False[0m
[2m2026-04-07 15:26:06.885 [INFO] __main__: STATUS t=233s delta=0.1205% dir=up agree=True chain=68098.50 bin=68149.60 open=68016.57 obi=0.7411 ask_up=0.92 ask_dn=0.09 bid_up=0.91 bid_dn=0.08 halted=False[0m
[2m2026-04-07 15:26:36.978 [INFO] __main__: STATUS t=203s delta=0.1771% dir=up agree=True chain=68137.05 bin=68157.06 open=68016.57 obi=-0.8913 ask_up=0.94 ask_dn=0.07 bid_up=0.93 bid_dn=0.06 halted=False[0m
[2m2026-04-07 15:27:07.083 [INFO] __main__: STATUS t=173s delta=0.1707% dir=up agree=True chain=68132.64 bin=68149.98 open=68016.57 obi=0.5040 ask_up=0.95 ask_dn=0.06 bid_up=0.94 bid_dn=0.05 halted=False[0m
[37m2026-04-07 15:27:30.154 [INFO] strategy.momentum_signal: [SKIP] rank=1 side=up reason=KELLY_NO_EDGE p_adj=0.848 entry=0.90 raw_f=-0.524[0m
[2m2026-04-07 15:27:37.176 [INFO] __main__: STATUS t=143s delta=0.1389% dir=up agree=True chain=68111.01 bin=68132.28 open=68016.57 obi=0.7790 ask_up=0.94 ask_dn=0.07 bid_up=0.93 bid_dn=0.06 halted=False[0m
[2m2026-04-07 15:28:07.276 [INFO] __main__: STATUS t=113s delta=0.1850% dir=up agree=True chain=68142.39 bin=68156.27 open=68016.57 obi=-0.3670 ask_up=0.98 ask_dn=0.03 bid_up=0.97 bid_dn=0.02 halted=False[0m
2026-04-07 15:28:08.124 [INFO] shared.ipc: IPC: received authenticated signal_update (summary=signals_summary_1775575690.json)
2026-04-07 15:28:08.124 [INFO] __main__: received new signal from orchestrator: rank=1 side=Up
[2m2026-04-07 15:28:37.368 [INFO] __main__: STATUS t=83s delta=0.1971% dir=up agree=True chain=68150.66 bin=68156.82 open=68016.57 obi=-0.6268 ask_up=1.00 ask_dn=0.01 bid_up=0.99 bid_dn=0.01 halted=False[0m
[2m2026-04-07 15:29:07.467 [INFO] __main__: STATUS t=53s delta=0.1848% dir=up agree=True chain=68142.24 bin=68148.87 open=68016.57 obi=0.7511 ask_up=1.00 ask_dn=0.01 bid_up=0.99 bid_dn=0.01 halted=False[0m
[2m2026-04-07 15:29:37.570 [INFO] __main__: STATUS t=22s delta=0.2063% dir=up agree=True chain=68156.91 bin=68175.64 open=68016.57 obi=-0.0716 ask_up=1.00 ask_dn=0.01 bid_up=0.99 bid_dn=0.01 halted=False[0m
[37m2026-04-07 15:30:00.159 [INFO] execution.paper_trading: paper window_ts=1775575500 [SKIP] pnl=0.0000 direction=up outcome=up - balance=$975.00 bid_up=0.99 ask_up=1.00 bid_dn=0.01 ask_dn=0.01[0m
[93m[1m2026-04-07 15:30:00.159 [INFO] risk.position_tracker: WINDOW_SUMMARY window_pnl=$0.0000 session_pnl=$-25.0000 won=$0.0000 lost=$25.0000 wr=0.0% (0/1) consec_losses=1[0m
[37m2026-04-07 15:30:00.166 [INFO] __main__: WINDOW_DECISION [SKIP] rank=1 side=up pnl=$0.0000 entry=0.00 size=$0.00 (conditions not met)[0m
[95m2026-04-07 15:30:00.166 [INFO] __main__: Signal refreshed (same pattern): up_280.0_150.0_0.07_0.05 — rank 1->1, keeping SPRT state (age=31w, trades=1, LLR=0.70)[0m
2026-04-07 15:30:00.174 [INFO] __main__: SIGNAL_SWAP_ACTIVE: {"rank":1,"side":"up","observeFromS":280.0,"observeToS":150.0,"minDeltaPct":0.07,"maxVariancePct":0.05,"trainWinRatePct":91.57,"oosWinRatePct":96.43,"oosBhAdjustedPValue":2.87354e-15,"oosMatches":56,"avgEntryPrice":0.8611,"evPerTrade":0.0732,"smartScore":50.63,"wfFoldsAppeared":5,"wfTotalTestFolds":6,"wfFoldIndices":[2,3,4,6,7]}
2026-04-07 15:30:00.174 [INFO] __main__: switched to new signal: #1 up (previous: #1 up)
[96m[1m2026-04-07 15:30:00.174 [INFO] strategy.window_tracker: new window: btc-updown-5m-1775575800 (ts=1775575800)[0m
[96m2026-04-07 15:30:00.263 [INFO] __main__: REGIME vol_stddev=0.174% chop_flips=4.0 sprt=dormant llr=0.70 age=31w bankroll=$974.84[0m
[96m2026-04-07 15:30:00.263 [INFO] __main__: KELLY wr_adj=84.2% base=96.4% vol_disc=5.5% chop_disc=3.8% feedback=+0.0%[0m
[96m2026-04-07 15:30:00.264 [INFO] __main__: window open price captured: 68182.03 (chainlink)[0m
2026-04-07 15:30:01.216 [INFO] market_data.clob_market_ws: CLOB market subscribed for tokens up=745914212876 down=361395812695
[2m2026-04-07 15:30:07.788 [INFO] __main__: STATUS t=292s delta=0.0171% dir=up agree=True chain=68193.71 bin=68185.94 open=68182.03 obi=0.8066 ask_up=0.48 ask_dn=0.53 bid_up=0.47 bid_dn=0.52 halted=False[0m
[2m2026-04-07 15:30:37.877 [INFO] __main__: STATUS t=262s delta=-0.0392% dir=down agree=True chain=68155.28 bin=68166.46 open=68182.03 obi=-0.9043 ask_up=0.39 ask_dn=0.62 bid_up=0.38 bid_dn=0.61 halted=False[0m
[2m2026-04-07 15:31:07.964 [INFO] __main__: STATUS t=232s delta=-0.0548% dir=down agree=True chain=68144.69 bin=68155.10 open=68182.03 obi=0.3475 ask_up=0.34 ask_dn=0.67 bid_up=0.33 bid_dn=0.66 halted=False[0m
[2m2026-04-07 15:31:38.054 [INFO] __main__: STATUS t=202s delta=-0.0342% dir=down agree=True chain=68158.72 bin=68173.38 open=68182.03 obi=0.4547 ask_up=0.40 ask_dn=0.61 bid_up=0.39 bid_dn=0.60 halted=False[0m
[2m2026-04-07 15:32:08.154 [INFO] __main__: STATUS t=172s delta=-0.0877% dir=down agree=True chain=68122.24 bin=68132.67 open=68182.03 obi=-0.2338 ask_up=0.18 ask_dn=0.83 bid_up=0.17 bid_dn=0.82 halted=False[0m
[37m2026-04-07 15:32:30.224 [INFO] strategy.momentum_signal: [SKIP] rank=1 side=up reason=conditions_not_met latest_pct=-0.0327 need=>=0.07 stddev=0.0172 max_var=0.050[0m
[2m2026-04-07 15:32:38.246 [INFO] __main__: STATUS t=142s delta=-0.0585% dir=down agree=True chain=68142.17 bin=68156.09 open=68182.03 obi=-0.0528 ask_up=0.27 ask_dn=0.74 bid_up=0.26 bid_dn=0.73 halted=False[0m
[2m2026-04-07 15:33:08.350 [INFO] __main__: STATUS t=112s delta=-0.0336% dir=down agree=True chain=68159.10 bin=68172.15 open=68182.03 obi=0.0554 ask_up=0.36 ask_dn=0.65 bid_up=0.35 bid_dn=0.64 halted=False[0m
[2m2026-04-07 15:33:38.436 [INFO] __main__: STATUS t=82s delta=-0.0329% dir=down agree=True chain=68159.59 bin=68172.54 open=68182.03 obi=0.8823 ask_up=0.36 ask_dn=0.65 bid_up=0.35 bid_dn=0.64 halted=False[0m
[2m2026-04-07 15:34:08.547 [INFO] __main__: STATUS t=51s delta=0.0238% dir=up agree=True chain=68198.29 bin=68209.99 open=68182.03 obi=0.4093 ask_up=0.80 ask_dn=0.24 bid_up=0.76 bid_dn=0.20 halted=False[0m
[2m2026-04-07 15:34:38.644 [INFO] __main__: STATUS t=21s delta=-0.0200% dir=down agree=True chain=68168.36 bin=68168.45 open=68182.03 obi=-0.0854 ask_up=0.19 ask_dn=0.82 bid_up=0.18 bid_dn=0.81 halted=False[0m
[37m2026-04-07 15:35:00.229 [INFO] execution.paper_trading: paper window_ts=1775575800 [SKIP] pnl=0.0000 direction=down outcome=down - balance=$975.00 bid_up=0.01 ask_up=0.01 bid_dn=0.99 ask_dn=1.00[0m
[93m[1m2026-04-07 15:35:00.230 [INFO] risk.position_tracker: WINDOW_SUMMARY window_pnl=$0.0000 session_pnl=$-25.0000 won=$0.0000 lost=$25.0000 wr=0.0% (0/1) consec_losses=1[0m
[96m2026-04-07 15:35:00.232 [INFO] __main__: REGIME chop_detected flips=4 delta_range=0.1197% avg_flips=2.2 over=6_windows[0m
[37m2026-04-07 15:35:00.232 [INFO] __main__: WINDOW_DECISION [SKIP] rank=1 side=up pnl=$0.0000 entry=0.00 size=$0.00 (conditions not met)[0m
[96m[1m2026-04-07 15:35:00.232 [INFO] strategy.window_tracker: new window: btc-updown-5m-1775576100 (ts=1775576100)[0m
[96m2026-04-07 15:35:00.301 [INFO] __main__: REGIME vol_stddev=0.173% chop_flips=2.2 sprt=dormant llr=0.70 age=32w bankroll=$974.84[0m
[96m2026-04-07 15:35:00.302 [INFO] __main__: KELLY wr_adj=87.9% base=96.4% vol_disc=5.5% chop_disc=0.0% feedback=+0.0%[0m
[96m2026-04-07 15:35:00.303 [INFO] __main__: window open price captured: 68143.16 (chainlink)[0m
2026-04-07 15:35:00.430 [INFO] market_data.clob_market_ws: CLOB market subscribed for tokens up=241457311134 down=619426225617
[2m2026-04-07 15:35:08.839 [INFO] __main__: STATUS t=291s delta=-0.0071% dir=down agree=False chain=68138.32 bin=68154.44 open=68143.16 obi=0.3994 ask_up=0.48 ask_dn=0.53 bid_up=0.47 bid_dn=0.52 halted=False[0m
[2m2026-04-07 15:35:38.924 [INFO] __main__: STATUS t=261s delta=-0.0420% dir=down agree=True chain=68114.53 bin=68126.73 open=68143.16 obi=-0.2243 ask_up=0.35 ask_dn=0.66 bid_up=0.34 bid_dn=0.65 halted=False[0m
[2m2026-04-07 15:36:09.027 [INFO] __main__: STATUS t=231s delta=0.0231% dir=up agree=True chain=68158.91 bin=68182.88 open=68143.16 obi=0.7953 ask_up=0.63 ask_dn=0.38 bid_up=0.62 bid_dn=0.37 halted=False[0m
[2m2026-04-07 15:36:39.117 [INFO] __main__: STATUS t=201s delta=0.0547% dir=up agree=True chain=68180.40 bin=68205.15 open=68143.16 obi=0.5014 ask_up=0.70 ask_dn=0.31 bid_up=0.69 bid_dn=0.30 halted=False[0m
[2m2026-04-07 15:37:09.200 [INFO] __main__: STATUS t=171s delta=0.0636% dir=up agree=True chain=68186.49 bin=68199.99 open=68143.16 obi=-0.7161 ask_up=0.72 ask_dn=0.29 bid_up=0.71 bid_dn=0.28 halted=False[0m
[37m2026-04-07 15:37:30.018 [INFO] strategy.momentum_signal: [SKIP] rank=1 side=up reason=conditions_not_met latest_pct=0.0045 need=>=0.07 stddev=0.0333 max_var=0.050[0m
[2m2026-04-07 15:37:39.296 [INFO] __main__: STATUS t=141s delta=0.0243% dir=up agree=True chain=68159.73 bin=68161.69 open=68143.16 obi=-0.8928 ask_up=0.54 ask_dn=0.47 bid_up=0.53 bid_dn=0.46 halted=False[0m
[2m2026-04-07 15:38:09.382 [INFO] __main__: STATUS t=111s delta=0.0586% dir=up agree=True chain=68183.11 bin=68195.18 open=68143.16 obi=-0.9536 ask_up=0.79 ask_dn=0.22 bid_up=0.78 bid_dn=0.21 halted=False[0m
[2m2026-04-07 15:38:39.465 [INFO] __main__: STATUS t=81s delta=0.0501% dir=up agree=True chain=68177.30 bin=68182.17 open=68143.16 obi=-0.6759 ask_up=0.70 ask_dn=0.31 bid_up=0.69 bid_dn=0.30 halted=False[0m
[2m2026-04-07 15:39:09.576 [INFO] __main__: STATUS t=50s delta=-0.0170% dir=down agree=False chain=68131.59 bin=68144.08 open=68143.16 obi=-0.6508 ask_up=0.43 ask_dn=0.58 bid_up=0.42 bid_dn=0.57 halted=False[0m
[2m2026-04-07 15:39:39.665 [INFO] __main__: STATUS t=20s delta=-0.0589% dir=down agree=True chain=68103.02 bin=68094.41 open=68143.16 obi=-0.5674 ask_up=0.03 ask_dn=0.98 bid_up=0.02 bid_dn=0.97 halted=False[0m
[37m2026-04-07 15:40:00.234 [INFO] execution.paper_trading: paper window_ts=1775576100 [SKIP] pnl=0.0000 direction=down outcome=down - balance=$975.00 bid_up=0.01 ask_up=0.01 bid_dn=0.99 ask_dn=1.00[0m
[93m[1m2026-04-07 15:40:00.234 [INFO] risk.position_tracker: WINDOW_SUMMARY window_pnl=$0.0000 session_pnl=$-25.0000 won=$0.0000 lost=$25.0000 wr=0.0% (0/1) consec_losses=1[0m
[96m2026-04-07 15:40:00.238 [INFO] __main__: REGIME chop_detected flips=5 delta_range=0.1612% avg_flips=3.0 over=6_windows[0m
[37m2026-04-07 15:40:00.239 [INFO] __main__: WINDOW_DECISION [SKIP] rank=1 side=up pnl=$0.0000 entry=0.00 size=$0.00 (conditions not met)[0m
[96m[1m2026-04-07 15:40:00.240 [INFO] strategy.window_tracker: new window: btc-updown-5m-1775576400 (ts=1775576400)[0m
[96m2026-04-07 15:40:00.313 [INFO] __main__: REGIME vol_stddev=0.174% chop_flips=3.0 sprt=dormant llr=0.70 age=33w bankroll=$974.84[0m
[96m2026-04-07 15:40:00.313 [INFO] __main__: KELLY wr_adj=87.9% base=96.4% vol_disc=5.5% chop_disc=0.0% feedback=+0.0%[0m
[96m2026-04-07 15:40:00.314 [INFO] __main__: window open price captured: 68108.41 (chainlink)[0m
2026-04-07 15:40:00.634 [INFO] market_data.clob_market_ws: CLOB market subscribed for tokens up=191584473311 down=601607246439
[2m2026-04-07 15:40:09.901 [INFO] __main__: STATUS t=290s delta=0.0081% dir=up agree=True chain=68113.90 bin=68118.76 open=68108.41 obi=-0.5823 ask_up=0.50 ask_dn=0.52 bid_up=0.48 bid_dn=0.50 halted=False[0m
[2m2026-04-07 15:40:39.982 [INFO] __main__: STATUS t=260s delta=0.0062% dir=up agree=True chain=68112.63 bin=68127.13 open=68108.41 obi=0.7779 ask_up=0.52 ask_dn=0.49 bid_up=0.51 bid_dn=0.48 halted=False[0m
[2m2026-04-07 15:41:10.074 [INFO] __main__: STATUS t=230s delta=0.0407% dir=up agree=True chain=68136.15 bin=68151.01 open=68108.41 obi=-0.9666 ask_up=0.64 ask_dn=0.37 bid_up=0.63 bid_dn=0.36 halted=False[0m
[2m2026-04-07 15:41:40.156 [INFO] __main__: STATUS t=200s delta=0.0100% dir=up agree=True chain=68115.22 bin=68128.77 open=68108.41 obi=-0.0266 ask_up=0.52 ask_dn=0.49 bid_up=0.51 bid_dn=0.48 halted=False[0m
[2m2026-04-07 15:42:10.284 [INFO] __main__: STATUS t=170s delta=-0.0114% dir=down agree=False chain=68100.62 bin=68113.02 open=68108.41 obi=0.1078 ask_up=0.99 ask_dn=0.99 bid_up=0.01 bid_dn=0.01 halted=False[0m
[37m2026-04-07 15:42:30.094 [INFO] strategy.momentum_signal: [SKIP] rank=1 side=up reason=conditions_not_met latest_pct=-0.0424 need=>=0.07 stddev=0.0298 max_var=0.050[0m
[2m2026-04-07 15:42:40.374 [INFO] __main__: STATUS t=140s delta=-0.0615% dir=down agree=True chain=68066.49 bin=68078.85 open=68108.41 obi=-0.9475 ask_up=0.16 ask_dn=0.85 bid_up=0.15 bid_dn=0.84 halted=False[0m
[2m2026-04-07 15:43:10.466 [INFO] __main__: STATUS t=110s delta=-0.0423% dir=down agree=True chain=68079.57 bin=68106.73 open=68108.41 obi=0.3433 ask_up=0.28 ask_dn=0.73 bid_up=0.27 bid_dn=0.72 halted=False[0m
2026-04-07 15:43:21.938 [INFO] shared.ipc: IPC: received authenticated signal_update (summary=signals_summary_1775576603.json)
2026-04-07 15:43:21.938 [INFO] __main__: received new signal from orchestrator: rank=1 side=Up
[2m2026-04-07 15:43:40.546 [INFO] __main__: STATUS t=79s delta=-0.0309% dir=down agree=True chain=68087.34 bin=68104.67 open=68108.41 obi=0.8459 ask_up=0.28 ask_dn=0.73 bid_up=0.27 bid_dn=0.72 halted=False[0m
[2m2026-04-07 15:44:10.630 [INFO] __main__: STATUS t=49s delta=-0.0174% dir=down agree=False chain=68096.55 bin=68120.13 open=68108.41 obi=0.0030 ask_up=0.99 ask_dn=0.99 bid_up=0.01 bid_dn=0.01 halted=False[0m
[2m2026-04-07 15:44:40.717 [INFO] __main__: STATUS t=19s delta=0.0173% dir=up agree=True chain=68120.16 bin=68136.14 open=68108.41 obi=-0.8432 ask_up=0.69 ask_dn=0.33 bid_up=0.67 bid_dn=0.31 halted=False[0m
[37m2026-04-07 15:45:00.049 [INFO] execution.paper_trading: paper window_ts=1775576400 [SKIP] pnl=0.0000 direction=down outcome=down - balance=$975.00 bid_up=0.01 ask_up=0.01 bid_dn=0.99 ask_dn=1.00[0m
[93m[1m2026-04-07 15:45:00.049 [INFO] risk.position_tracker: WINDOW_SUMMARY window_pnl=$0.0000 session_pnl=$-25.0000 won=$0.0000 lost=$25.0000 wr=0.0% (0/1) consec_losses=1[0m
[96m2026-04-07 15:45:00.060 [INFO] __main__: REGIME chop_detected flips=7 delta_range=0.1107% avg_flips=3.2 over=6_windows[0m
[37m2026-04-07 15:45:00.062 [INFO] __main__: WINDOW_DECISION [SKIP] rank=1 side=up pnl=$0.0000 entry=0.00 size=$0.00 (conditions not met)[0m
[95m2026-04-07 15:45:00.062 [INFO] __main__: Signal refreshed (same pattern): up_280.0_150.0_0.07_0.05 — rank 1->1, keeping SPRT state (age=34w, trades=1, LLR=0.70)[0m
2026-04-07 15:45:00.062 [INFO] __main__: SIGNAL_SWAP_ACTIVE: {"rank":1,"side":"up","observeFromS":280.0,"observeToS":150.0,"minDeltaPct":0.07,"maxVariancePct":0.05,"trainWinRatePct":91.57,"oosWinRatePct":96.49,"oosBhAdjustedPValue":2.96833e-15,"oosMatches":57,"avgEntryPrice":0.8618,"evPerTrade":0.0732,"smartScore":50.81,"wfFoldsAppeared":5,"wfTotalTestFolds":6,"wfFoldIndices":[2,3,4,6,7]}
2026-04-07 15:45:00.064 [INFO] __main__: switched to new signal: #1 up (previous: #1 up)
[96m[1m2026-04-07 15:45:00.064 [INFO] strategy.window_tracker: new window: btc-updown-5m-1775576700 (ts=1775576700)[0m
[96m2026-04-07 15:45:00.154 [INFO] __main__: REGIME vol_stddev=0.173% chop_flips=3.2 sprt=dormant llr=0.70 age=34w bankroll=$974.84[0m
[96m2026-04-07 15:45:00.154 [INFO] __main__: KELLY wr_adj=87.4% base=96.5% vol_disc=5.5% chop_disc=0.6% feedback=+0.0%[0m
[96m2026-04-07 15:45:00.155 [INFO] __main__: window open price captured: 68096.87 (chainlink)[0m
2026-04-07 15:45:00.833 [INFO] market_data.clob_market_ws: CLOB market subscribed for tokens up=214460579794 down=934681887344
[2m2026-04-07 15:45:10.945 [INFO] __main__: STATUS t=289s delta=-0.0429% dir=down agree=True chain=68067.67 bin=68080.16 open=68096.87 obi=-0.7093 ask_up=0.42 ask_dn=0.59 bid_up=0.41 bid_dn=0.58 halted=False[0m
[2m2026-04-07 15:45:41.041 [INFO] __main__: STATUS t=259s delta=-0.0263% dir=down agree=True chain=68078.95 bin=68096.47 open=68096.87 obi=-0.6558 ask_up=0.48 ask_dn=0.53 bid_up=0.47 bid_dn=0.52 halted=False[0m
[2m2026-04-07 15:46:11.141 [INFO] __main__: STATUS t=229s delta=0.0061% dir=up agree=True chain=68101.04 bin=68106.00 open=68096.87 obi=-0.7310 ask_up=0.61 ask_dn=0.40 bid_up=0.60 bid_dn=0.39 halted=False[0m
[2m2026-04-07 15:46:41.226 [INFO] __main__: STATUS t=199s delta=0.0220% dir=up agree=True chain=68111.83 bin=68129.63 open=68096.87 obi=-0.4347 ask_up=0.66 ask_dn=0.35 bid_up=0.65 bid_dn=0.34 halted=False[0m
[2m2026-04-07 15:47:11.311 [INFO] __main__: STATUS t=169s delta=0.0308% dir=up agree=True chain=68117.83 bin=68137.48 open=68096.87 obi=0.2828 ask_up=0.73 ask_dn=0.28 bid_up=0.72 bid_dn=0.27 halted=False[0m
[37m2026-04-07 15:47:30.114 [INFO] strategy.momentum_signal: [SKIP] rank=1 side=up reason=conditions_not_met latest_pct=0.0348 need=>=0.07 stddev=0.0248 max_var=0.050[0m
[2m2026-04-07 15:47:41.394 [INFO] __main__: STATUS t=139s delta=0.0068% dir=up agree=True chain=68101.52 bin=68106.57 open=68096.87 obi=-0.6514 ask_up=0.61 ask_dn=0.41 bid_up=0.59 bid_dn=0.39 halted=False[0m
[2m2026-04-07 15:48:11.482 [INFO] __main__: STATUS t=109s delta=-0.0459% dir=down agree=True chain=68065.62 bin=68081.46 open=68096.87 obi=0.5054 ask_up=0.37 ask_dn=0.64 bid_up=0.36 bid_dn=0.63 halted=False[0m
[2m2026-04-07 15:48:41.572 [INFO] __main__: STATUS t=78s delta=-0.0257% dir=down agree=False chain=68079.36 bin=68116.06 open=68096.87 obi=0.6104 ask_up=0.50 ask_dn=0.51 bid_up=0.49 bid_dn=0.50 halted=False[0m
[2m2026-04-07 15:49:11.663 [INFO] __main__: STATUS t=48s delta=0.0081% dir=up agree=True chain=68102.38 bin=68114.75 open=68096.87 obi=-0.9375 ask_up=0.71 ask_dn=0.30 bid_up=0.70 bid_dn=0.29 halted=False[0m
[2m2026-04-07 15:49:41.747 [INFO] __main__: STATUS t=18s delta=0.0043% dir=up agree=True chain=68099.77 bin=68117.44 open=68096.87 obi=-0.9270 ask_up=0.85 ask_dn=0.16 bid_up=0.84 bid_dn=0.15 halted=False[0m
[37m2026-04-07 15:50:00.062 [INFO] execution.paper_trading: paper window_ts=1775576700 [SKIP] pnl=0.0000 direction=up outcome=up - balance=$975.00 bid_up=0.99 ask_up=1.00 bid_dn=0.01 ask_dn=0.01[0m
[93m[1m2026-04-07 15:50:00.067 [INFO] risk.position_tracker: WINDOW_SUMMARY window_pnl=$0.0000 session_pnl=$-25.0000 won=$0.0000 lost=$25.0000 wr=0.0% (0/1) consec_losses=1[0m
[96m2026-04-07 15:50:00.077 [INFO] __main__: REGIME chop_detected flips=15 delta_range=0.0974% avg_flips=5.5 over=6_windows[0m
[37m2026-04-07 15:50:00.078 [INFO] __main__: WINDOW_DECISION [SKIP] rank=1 side=up pnl=$0.0000 entry=0.00 size=$0.00 (conditions not met)[0m
[96m[1m2026-04-07 15:50:00.079 [INFO] strategy.window_tracker: new window: btc-updown-5m-1775577000 (ts=1775577000)[0m
[96m2026-04-07 15:50:00.262 [INFO] __main__: REGIME vol_stddev=0.173% chop_flips=5.5 sprt=dormant llr=0.70 age=35w bankroll=$974.84[0m
[96m2026-04-07 15:50:00.263 [INFO] __main__: KELLY wr_adj=80.5% base=96.5% vol_disc=5.4% chop_disc=7.5% feedback=+0.0%[0m
[96m2026-04-07 15:50:00.263 [INFO] __main__: window open price captured: 68110.03 (chainlink)[0m
2026-04-07 15:50:01.024 [INFO] market_data.clob_market_ws: CLOB market subscribed for tokens up=212159249248 down=112934996213
[2m2026-04-07 15:50:11.823 [INFO] __main__: STATUS t=288s delta=0.0121% dir=up agree=True chain=68118.26 bin=68136.52 open=68110.03 obi=0.6024 ask_up=0.58 ask_dn=0.43 bid_up=0.57 bid_dn=0.42 halted=False[0m
[2m2026-04-07 15:50:41.908 [INFO] __main__: STATUS t=258s delta=-0.0253% dir=down agree=True chain=68092.77 bin=68106.20 open=68110.03 obi=-0.9428 ask_up=0.37 ask_dn=0.64 bid_up=0.36 bid_dn=0.63 halted=False[0m
[2m2026-04-07 15:51:12.008 [INFO] __main__: STATUS t=228s delta=-0.0114% dir=down agree=False chain=68102.28 bin=68119.41 open=68110.03 obi=0.3623 ask_up=0.49 ask_dn=0.52 bid_up=0.48 bid_dn=0.51 halted=False[0m
[2m2026-04-07 15:51:42.095 [INFO] __main__: STATUS t=198s delta=-0.0389% dir=down agree=True chain=68083.51 bin=68100.09 open=68110.03 obi=0.9410 ask_up=0.34 ask_dn=0.67 bid_up=0.33 bid_dn=0.66 halted=False[0m
[2m2026-04-07 15:52:12.184 [INFO] __main__: STATUS t=168s delta=-0.0562% dir=down agree=True chain=68071.75 bin=68086.01 open=68110.03 obi=-0.7076 ask_up=0.21 ask_dn=0.80 bid_up=0.20 bid_dn=0.79 halted=False[0m
[37m2026-04-07 15:52:30.239 [INFO] strategy.momentum_signal: [SKIP] rank=1 side=up reason=conditions_not_met latest_pct=-0.0421 need=>=0.07 stddev=0.0203 max_var=0.050[0m
[2m2026-04-07 15:52:42.271 [INFO] __main__: STATUS t=138s delta=-0.0675% dir=down agree=True chain=68064.07 bin=68086.01 open=68110.03 obi=0.3635 ask_up=0.19 ask_dn=0.82 bid_up=0.18 bid_dn=0.81 halted=False[0m
[2m2026-04-07 15:53:12.360 [INFO] __main__: STATUS t=108s delta=-0.0061% dir=down agree=False chain=68105.89 bin=68134.00 open=68110.03 obi=0.9222 ask_up=0.51 ask_dn=0.50 bid_up=0.50 bid_dn=0.49 halted=False[0m
[2m2026-04-07 15:53:42.445 [INFO] __main__: STATUS t=78s delta=0.0225% dir=up agree=True chain=68125.35 bin=68141.57 open=68110.03 obi=0.4262 ask_up=0.68 ask_dn=0.33 bid_up=0.67 bid_dn=0.32 halted=False[0m
[2m2026-04-07 15:54:12.538 [INFO] __main__: STATUS t=47s delta=0.0298% dir=up agree=True chain=68130.30 bin=68150.07 open=68110.03 obi=0.6334 ask_up=0.84 ask_dn=0.17 bid_up=0.83 bid_dn=0.16 halted=False[0m
[2m2026-04-07 15:54:42.628 [INFO] __main__: STATUS t=17s delta=0.0606% dir=up agree=True chain=68151.31 bin=68170.35 open=68110.03 obi=0.4252 ask_up=0.99 ask_dn=0.02 bid_up=0.98 bid_dn=0.01 halted=False[0m
[37m2026-04-07 15:55:00.190 [INFO] execution.paper_trading: paper window_ts=1775577000 [SKIP] pnl=0.0000 direction=up outcome=up - balance=$975.00 bid_up=0.99 ask_up=1.00 bid_dn=0.01 ask_dn=0.01[0m
[93m[1m2026-04-07 15:55:00.190 [INFO] risk.position_tracker: WINDOW_SUMMARY window_pnl=$0.0000 session_pnl=$-25.0000 won=$0.0000 lost=$25.0000 wr=0.0% (0/1) consec_losses=1[0m
[96m2026-04-07 15:55:00.194 [INFO] __main__: REGIME chop_detected flips=4 delta_range=0.1348% avg_flips=5.8 over=6_windows[0m
[37m2026-04-07 15:55:00.195 [INFO] __main__: WINDOW_DECISION [SKIP] rank=1 side=up pnl=$0.0000 entry=0.00 size=$0.00 (conditions not met)[0m
[96m[1m2026-04-07 15:55:00.195 [INFO] strategy.window_tracker: new window: btc-updown-5m-1775577300 (ts=1775577300)[0m
[96m2026-04-07 15:55:00.263 [INFO] __main__: REGIME vol_stddev=0.168% chop_flips=5.8 sprt=dormant llr=0.70 age=36w bankroll=$974.84[0m
[96m2026-04-07 15:55:00.263 [INFO] __main__: KELLY wr_adj=80.9% base=96.5% vol_disc=5.1% chop_disc=7.5% feedback=+0.0%[0m
[96m2026-04-07 15:55:00.263 [INFO] __main__: window open price captured: 68152.50 (chainlink)[0m
2026-04-07 15:55:01.220 [INFO] market_data.clob_market_ws: CLOB market subscribed for tokens up=722900448159 down=984138585530
[2m2026-04-07 15:55:12.814 [INFO] __main__: STATUS t=287s delta=0.0049% dir=up agree=True chain=68155.87 bin=68230.01 open=68152.50 obi=0.9963 ask_up=0.63 ask_dn=0.38 bid_up=0.62 bid_dn=0.37 halted=False[0m
[2m2026-04-07 15:55:42.910 [INFO] __main__: STATUS t=257s delta=0.0057% dir=up agree=True chain=68156.36 bin=68180.93 open=68152.50 obi=-0.9998 ask_up=0.51 ask_dn=0.50 bid_up=0.50 bid_dn=0.49 halted=False[0m
[2m2026-04-07 15:56:13.007 [INFO] __main__: STATUS t=227s delta=0.0001% dir=up agree=True chain=68152.56 bin=68169.93 open=68152.50 obi=0.7605 ask_up=0.54 ask_dn=0.47 bid_up=0.53 bid_dn=0.46 halted=False[0m
[2m2026-04-07 15:56:43.093 [INFO] __main__: STATUS t=197s delta=-0.0124% dir=down agree=False chain=68144.05 bin=68157.47 open=68152.50 obi=-0.8585 ask_up=0.60 ask_dn=0.42 bid_up=0.58 bid_dn=0.40 halted=False[0m
[2m2026-04-07 15:57:13.202 [INFO] __main__: STATUS t=167s delta=-0.0056% dir=down agree=False chain=68148.70 bin=68166.17 open=68152.50 obi=-0.9100 ask_up=0.52 ask_dn=0.49 bid_up=0.51 bid_dn=0.48 halted=False[0m
[37m2026-04-07 15:57:30.002 [INFO] strategy.momentum_signal: [SKIP] rank=1 side=up reason=conditions_not_met latest_pct=0.0025 need=>=0.07 stddev=0.0238 max_var=0.050[0m
[2m2026-04-07 15:57:43.291 [INFO] __main__: STATUS t=137s delta=-0.0086% dir=down agree=False chain=68146.65 bin=68159.37 open=68152.50 obi=-0.6621 ask_up=0.43 ask_dn=0.58 bid_up=0.42 bid_dn=0.57 halted=False[0m
[2m2026-04-07 15:58:13.376 [INFO] __main__: STATUS t=107s delta=-0.0239% dir=down agree=True chain=68136.21 bin=68149.76 open=68152.50 obi=0.0521 ask_up=0.40 ask_dn=0.61 bid_up=0.39 bid_dn=0.60 halted=False[0m
2026-04-07 15:58:36.064 [INFO] shared.ipc: IPC: received authenticated signal_update (summary=signals_summary_1775577518.json)
2026-04-07 15:58:36.065 [INFO] __main__: received new signal from orchestrator: rank=1 side=Up
[2m2026-04-07 15:58:43.465 [INFO] __main__: STATUS t=77s delta=-0.0238% dir=down agree=True chain=68136.30 bin=68149.77 open=68152.50 obi=0.1191 ask_up=0.36 ask_dn=0.65 bid_up=0.35 bid_dn=0.64 halted=False[0m
[2m2026-04-07 15:59:13.557 [INFO] __main__: STATUS t=46s delta=-0.0224% dir=down agree=True chain=68137.23 bin=68152.01 open=68152.50 obi=-0.9776 ask_up=0.22 ask_dn=0.79 bid_up=0.21 bid_dn=0.78 halted=False[0m
[2m2026-04-07 15:59:43.638 [INFO] __main__: STATUS t=16s delta=0.0123% dir=up agree=True chain=68160.86 bin=68176.65 open=68152.50 obi=-0.3476 ask_up=0.73 ask_dn=0.28 bid_up=0.72 bid_dn=0.27 halted=False[0m
[37m2026-04-07 16:00:00.183 [INFO] execution.paper_trading: paper window_ts=1775577300 [SKIP] pnl=0.0000 direction=down outcome=down - balance=$975.00 bid_up=0.28 ask_up=0.42 bid_dn=0.58 ask_dn=0.72[0m
[93m[1m2026-04-07 16:00:00.183 [INFO] risk.position_tracker: WINDOW_SUMMARY window_pnl=$0.0000 session_pnl=$-25.0000 won=$0.0000 lost=$25.0000 wr=0.0% (0/1) consec_losses=1[0m
[96m2026-04-07 16:00:00.185 [INFO] __main__: REGIME chop_detected flips=14 delta_range=0.1454% avg_flips=8.2 over=6_windows[0m
[37m2026-04-07 16:00:00.185 [INFO] __main__: WINDOW_DECISION [SKIP] rank=1 side=up pnl=$0.0000 entry=0.00 size=$0.00 (conditions not met)[0m
[95m2026-04-07 16:00:00.185 [INFO] __main__: Signal refreshed (same pattern): up_280.0_150.0_0.07_0.05 — rank 1->1, keeping SPRT state (age=37w, trades=1, LLR=0.70)[0m
2026-04-07 16:00:00.185 [INFO] __main__: SIGNAL_SWAP_ACTIVE: {"rank":1,"side":"up","observeFromS":280.0,"observeToS":150.0,"minDeltaPct":0.07,"maxVariancePct":0.05,"trainWinRatePct":91.46,"oosWinRatePct":96.36,"oosBhAdjustedPValue":4.17769e-15,"oosMatches":55,"avgEntryPrice":0.8644,"evPerTrade":0.0693,"smartScore":47.91,"wfFoldsAppeared":5,"wfTotalTestFolds":6,"wfFoldIndices":[2,3,4,6,7]}
2026-04-07 16:00:00.186 [INFO] __main__: switched to new signal: #1 up (previous: #1 up)
[96m[1m2026-04-07 16:00:00.186 [INFO] strategy.window_tracker: new window: btc-updown-5m-1775577600 (ts=1775577600)[0m
[96m2026-04-07 16:00:00.323 [INFO] __main__: REGIME vol_stddev=0.160% chop_flips=8.2 sprt=dormant llr=0.70 age=37w bankroll=$974.84[0m
[96m2026-04-07 16:00:00.324 [INFO] __main__: KELLY wr_adj=81.3% base=96.4% vol_disc=4.5% chop_disc=7.5% feedback=+0.0%[0m
[96m2026-04-07 16:00:00.324 [INFO] __main__: window open price captured: 68150.20 (chainlink)[0m
2026-04-07 16:00:00.420 [INFO] market_data.clob_market_ws: CLOB market subscribed for tokens up=346590460681 down=892851316320
[2m2026-04-07 16:00:13.884 [INFO] __main__: STATUS t=286s delta=0.0040% dir=up agree=True chain=68152.93 bin=68158.82 open=68150.20 obi=-0.6982 ask_up=0.46 ask_dn=0.55 bid_up=0.45 bid_dn=0.54 halted=False[0m
[2m2026-04-07 16:00:43.975 [INFO] __main__: STATUS t=256s delta=0.0019% dir=up agree=True chain=68151.51 bin=68158.00 open=68150.20 obi=-0.9762 ask_up=0.52 ask_dn=0.50 bid_up=0.50 bid_dn=0.48 halted=False[0m
[2m2026-04-07 16:01:14.119 [INFO] __main__: STATUS t=226s delta=0.0811% dir=up agree=True chain=68205.50 bin=68223.91 open=68150.20 obi=-0.0128 ask_up=0.78 ask_dn=0.23 bid_up=0.77 bid_dn=0.22 halted=False[0m
[2m2026-04-07 16:01:44.208 [INFO] __main__: STATUS t=196s delta=0.1038% dir=up agree=True chain=68220.93 bin=68234.20 open=68150.20 obi=0.3640 ask_up=0.85 ask_dn=0.16 bid_up=0.84 bid_dn=0.15 halted=False[0m
[2m2026-04-07 16:02:14.342 [INFO] __main__: STATUS t=166s delta=0.1004% dir=up agree=True chain=68218.62 bin=68235.59 open=68150.20 obi=0.7974 ask_up=0.88 ask_dn=0.13 bid_up=0.87 bid_dn=0.12 halted=False[0m
[37m2026-04-07 16:02:30.140 [INFO] strategy.momentum_signal: [SKIP] rank=1 side=up reason=conditions_not_met latest_pct=0.1781 need=>=0.07 stddev=0.0530 max_var=0.050[0m
[2m2026-04-07 16:02:44.436 [INFO] __main__: STATUS t=136s delta=0.2269% dir=up agree=True chain=68304.82 bin=68306.21 open=68150.20 obi=0.3769 ask_up=0.98 ask_dn=0.03 bid_up=0.97 bid_dn=0.02 halted=False[0m
[2m2026-04-07 16:03:14.545 [INFO] __main__: STATUS t=105s delta=0.3759% dir=up agree=True chain=68406.34 bin=68414.96 open=68150.20 obi=-0.1216 ask_up=1.00 ask_dn=0.01 bid_up=0.99 bid_dn=0.01 halted=False[0m
[2m2026-04-07 16:03:44.637 [INFO] __main__: STATUS t=75s delta=0.2260% dir=up agree=True chain=68304.21 bin=68310.32 open=68150.20 obi=-0.5268 ask_up=1.00 ask_dn=0.01 bid_up=0.99 bid_dn=0.01 halted=False[0m
[2m2026-04-07 16:04:14.734 [INFO] __main__: STATUS t=45s delta=0.2421% dir=up agree=True chain=68315.21 bin=68333.16 open=68150.20 obi=-0.9407 ask_up=1.00 ask_dn=0.01 bid_up=0.99 bid_dn=0.01 halted=False[0m
[2m2026-04-07 16:04:44.836 [INFO] __main__: STATUS t=15s delta=0.1710% dir=up agree=True chain=68266.76 bin=68279.80 open=68150.20 obi=0.8605 ask_up=1.00 ask_dn=0.01 bid_up=0.99 bid_dn=0.01 halted=False[0m
[37m2026-04-07 16:05:00.139 [INFO] execution.paper_trading: paper window_ts=1775577600 [SKIP] pnl=0.0000 direction=up outcome=up - balance=$975.00 bid_up=1.00 ask_up=1.00 bid_dn=0.01 ask_dn=0.00[0m
[93m[1m2026-04-07 16:05:00.139 [INFO] risk.position_tracker: WINDOW_SUMMARY window_pnl=$0.0000 session_pnl=$-25.0000 won=$0.0000 lost=$25.0000 wr=0.0% (0/1) consec_losses=1[0m
[96m2026-04-07 16:05:00.141 [INFO] __main__: REGIME chop_detected flips=6 delta_range=0.4450% avg_flips=8.5 over=6_windows[0m
[37m2026-04-07 16:05:00.142 [INFO] __main__: WINDOW_DECISION [SKIP] rank=1 side=up pnl=$0.0000 entry=0.00 size=$0.00 (conditions not met)[0m
[96m[1m2026-04-07 16:05:00.142 [INFO] strategy.window_tracker: new window: btc-updown-5m-1775577900 (ts=1775577900)[0m
[96m2026-04-07 16:05:00.207 [INFO] __main__: REGIME vol_stddev=0.159% chop_flips=8.5 sprt=dormant llr=0.70 age=38w bankroll=$974.84[0m
[96m2026-04-07 16:05:00.208 [INFO] __main__: KELLY wr_adj=81.4% base=96.4% vol_disc=4.4% chop_disc=7.5% feedback=+0.0%[0m
[96m2026-04-07 16:05:00.208 [INFO] __main__: window open price captured: 68266.97 (chainlink)[0m
2026-04-07 16:05:00.642 [INFO] market_data.clob_market_ws: CLOB market subscribed for tokens up=107658590258 down=298528907551
[2m2026-04-07 16:05:15.009 [INFO] __main__: STATUS t=285s delta=-0.0516% dir=down agree=True chain=68231.75 bin=68243.15 open=68266.97 obi=-0.8103 ask_up=0.35 ask_dn=0.66 bid_up=0.34 bid_dn=0.65 halted=False[0m
[2m2026-04-07 16:05:45.112 [INFO] __main__: STATUS t=255s delta=-0.0210% dir=down agree=True chain=68252.66 bin=68260.35 open=68266.97 obi=-0.9535 ask_up=0.41 ask_dn=0.60 bid_up=0.40 bid_dn=0.59 halted=False[0m
[2m2026-04-07 16:06:15.223 [INFO] __main__: STATUS t=225s delta=-0.0445% dir=down agree=True chain=68236.59 bin=68249.26 open=68266.97 obi=-0.1228 ask_up=0.35 ask_dn=0.66 bid_up=0.34 bid_dn=0.65 halted=False[0m
[2m2026-04-07 16:06:45.319 [INFO] __main__: STATUS t=195s delta=-0.0053% dir=down agree=False chain=68263.34 bin=68275.01 open=68266.97 obi=-0.2859 ask_up=0.45 ask_dn=0.56 bid_up=0.44 bid_dn=0.55 halted=False[0m
[2m2026-04-07 16:07:15.424 [INFO] __main__: STATUS t=165s delta=0.0060% dir=up agree=True chain=68271.10 bin=68283.30 open=68266.97 obi=-0.8431 ask_up=0.52 ask_dn=0.50 bid_up=0.50 bid_dn=0.48 halted=False[0m
[37m2026-04-07 16:07:30.222 [INFO] strategy.momentum_signal: [SKIP] rank=1 side=up reason=conditions_not_met latest_pct=-0.0248 need=>=0.07 stddev=0.0181 max_var=0.050[0m
[2m2026-04-07 16:07:45.518 [INFO] __main__: STATUS t=134s delta=-0.0866% dir=down agree=True chain=68207.84 bin=68220.69 open=68266.97 obi=-0.9701 ask_up=0.24 ask_dn=0.77 bid_up=0.23 bid_dn=0.76 halted=False[0m
[2m2026-04-07 16:08:15.620 [INFO] __main__: STATUS t=104s delta=-0.1229% dir=down agree=True chain=68183.10 bin=68192.01 open=68266.97 obi=-0.0623 ask_up=0.10 ask_dn=0.93 bid_up=0.07 bid_dn=0.90 halted=False[0m
[2m2026-04-07 16:08:45.719 [INFO] __main__: STATUS t=74s delta=-0.1423% dir=down agree=True chain=68169.80 bin=68186.45 open=68266.97 obi=0.3901 ask_up=0.04 ask_dn=0.97 bid_up=0.03 bid_dn=0.96 halted=False[0m
[2m2026-04-07 16:09:15.824 [INFO] __main__: STATUS t=44s delta=-0.1897% dir=down agree=True chain=68137.46 bin=68152.62 open=68266.97 obi=-0.7907 ask_up=0.01 ask_dn=1.00 bid_up=0.01 bid_dn=0.99 halted=False[0m
[2m2026-04-07 16:09:45.925 [INFO] __main__: STATUS t=14s delta=-0.2078% dir=down agree=True chain=68125.10 bin=68136.86 open=68266.97 obi=-0.3364 ask_up=0.01 ask_dn=1.00 bid_up=0.01 bid_dn=0.99 halted=False[0m
[37m2026-04-07 16:10:00.221 [INFO] execution.paper_trading: paper window_ts=1775577900 [SKIP] pnl=0.0000 direction=down outcome=down - balance=$975.00 bid_up=0.00 ask_up=0.00 bid_dn=1.00 ask_dn=1.00[0m
[93m[1m2026-04-07 16:10:00.222 [INFO] risk.position_tracker: WINDOW_SUMMARY window_pnl=$0.0000 session_pnl=$-25.0000 won=$0.0000 lost=$25.0000 wr=0.0% (0/1) consec_losses=1[0m
[96m2026-04-07 16:10:00.224 [INFO] __main__: REGIME chop_detected flips=8 delta_range=0.2411% avg_flips=9.0 over=6_windows[0m
[37m2026-04-07 16:10:00.225 [INFO] __main__: WINDOW_DECISION [SKIP] rank=1 side=up pnl=$0.0000 entry=0.00 size=$0.00 (conditions not met)[0m
[96m[1m2026-04-07 16:10:00.225 [INFO] strategy.window_tracker: new window: btc-updown-5m-1775578200 (ts=1775578200)[0m
[96m2026-04-07 16:10:00.315 [INFO] __main__: REGIME vol_stddev=0.144% chop_flips=9.0 sprt=dormant llr=0.70 age=39w bankroll=$974.84[0m
[96m2026-04-07 16:10:00.315 [INFO] __main__: KELLY wr_adj=82.5% base=96.4% vol_disc=3.3% chop_disc=7.5% feedback=+0.0%[0m
[96m2026-04-07 16:10:00.316 [INFO] __main__: window open price captured: 68123.03 (chainlink)[0m
2026-04-07 16:10:00.879 [INFO] market_data.clob_market_ws: CLOB market subscribed for tokens up=241845325173 down=125302364769
[2m2026-04-07 16:10:16.133 [INFO] __main__: STATUS t=284s delta=-0.0300% dir=down agree=True chain=68102.60 bin=68114.78 open=68123.03 obi=0.5716 ask_up=0.43 ask_dn=0.58 bid_up=0.42 bid_dn=0.57 halted=False[0m
[2m2026-04-07 16:10:46.225 [INFO] __main__: STATUS t=254s delta=-0.0179% dir=down agree=True chain=68110.86 bin=68113.66 open=68123.03 obi=-0.8814 ask_up=0.99 ask_dn=0.99 bid_up=0.01 bid_dn=0.01 halted=False[0m
[2m2026-04-07 16:11:16.317 [INFO] __main__: STATUS t=224s delta=-0.0243% dir=down agree=True chain=68106.48 bin=68116.35 open=68123.03 obi=-0.0496 ask_up=0.40 ask_dn=0.61 bid_up=0.39 bid_dn=0.60 halted=False[0m
[2m2026-04-07 16:11:46.399 [INFO] __main__: STATUS t=194s delta=-0.0043% dir=down agree=False chain=68120.13 bin=68132.29 open=68123.03 obi=0.2110 ask_up=0.49 ask_dn=0.52 bid_up=0.48 bid_dn=0.51 halted=False[0m
[2m2026-04-07 16:12:16.508 [INFO] __main__: STATUS t=163s delta=0.0183% dir=up agree=True chain=68135.47 bin=68148.63 open=68123.03 obi=0.0668 ask_up=0.60 ask_dn=0.41 bid_up=0.59 bid_dn=0.40 halted=False[0m
[37m2026-04-07 16:12:30.046 [INFO] strategy.momentum_signal: [SKIP] rank=1 side=up reason=conditions_not_met latest_pct=0.0396 need=>=0.07 stddev=0.0210 max_var=0.050[0m
[2m2026-04-07 16:12:46.593 [INFO] __main__: STATUS t=133s delta=0.0124% dir=up agree=True chain=68131.50 bin=68133.62 open=68123.03 obi=-0.9675 ask_up=0.53 ask_dn=0.48 bid_up=0.52 bid_dn=0.47 halted=False[0m
[2m2026-04-07 16:13:16.685 [INFO] __main__: STATUS t=103s delta=0.0134% dir=up agree=True chain=68132.15 bin=68135.54 open=68123.03 obi=0.1769 ask_up=0.61 ask_dn=0.40 bid_up=0.60 bid_dn=0.39 halted=False[0m
[2m2026-04-07 16:13:46.775 [INFO] __main__: STATUS t=73s delta=-0.0274% dir=down agree=True chain=68104.37 bin=68112.13 open=68123.03 obi=0.4420 ask_up=0.27 ask_dn=0.74 bid_up=0.26 bid_dn=0.73 halted=False[0m
2026-04-07 16:13:49.908 [INFO] shared.ipc: IPC: received authenticated signal_update (summary=signals_summary_1775578431.json)
2026-04-07 16:13:49.909 [INFO] __main__: received new signal from orchestrator: rank=1 side=Up
[2m2026-04-07 16:14:16.881 [INFO] __main__: STATUS t=43s delta=0.0041% dir=up agree=True chain=68125.86 bin=68139.94 open=68123.03 obi=-0.0502 ask_up=0.59 ask_dn=0.42 bid_up=0.58 bid_dn=0.41 halted=False[0m
[2m2026-04-07 16:14:46.980 [INFO] __main__: STATUS t=13s delta=0.0410% dir=up agree=True chain=68150.99 bin=68162.70 open=68123.03 obi=0.0810 ask_up=0.99 ask_dn=0.99 bid_up=0.01 bid_dn=0.01 halted=False[0m
[37m2026-04-07 16:15:00.020 [INFO] execution.paper_trading: paper window_ts=1775578200 [SKIP] pnl=0.0000 direction=up outcome=up - balance=$975.00 bid_up=0.99 ask_up=1.00 bid_dn=0.01 ask_dn=0.01[0m
[93m[1m2026-04-07 16:15:00.020 [INFO] risk.position_tracker: WINDOW_SUMMARY window_pnl=$0.0000 session_pnl=$-25.0000 won=$0.0000 lost=$25.0000 wr=0.0% (0/1) consec_losses=1[0m
[96m2026-04-07 16:15:00.030 [INFO] __main__: REGIME chop_detected flips=7 delta_range=0.0958% avg_flips=9.0 over=6_windows[0m
[37m2026-04-07 16:15:00.030 [INFO] __main__: WINDOW_DECISION [SKIP] rank=1 side=up pnl=$0.0000 entry=0.00 size=$0.00 (conditions not met)[0m
[95m2026-04-07 16:15:00.030 [INFO] __main__: Signal refreshed (same pattern): up_280.0_150.0_0.07_0.05 — rank 1->1, keeping SPRT state (age=40w, trades=1, LLR=0.70)[0m
2026-04-07 16:15:00.031 [INFO] __main__: SIGNAL_SWAP_ACTIVE: {"rank":1,"side":"up","observeFromS":280.0,"observeToS":150.0,"minDeltaPct":0.07,"maxVariancePct":0.05,"trainWinRatePct":91.57,"oosWinRatePct":95.24,"oosBhAdjustedPValue":2.2884e-15,"oosMatches":42,"avgEntryPrice":0.8681,"evPerTrade":0.0543,"smartScore":23.49,"wfFoldsAppeared":4,"wfTotalTestFolds":6,"wfFoldIndices":[2,3,6,7]}
2026-04-07 16:15:00.031 [INFO] __main__: switched to new signal: #1 up (previous: #1 up)
[96m[1m2026-04-07 16:15:00.031 [INFO] strategy.window_tracker: new window: btc-updown-5m-1775578500 (ts=1775578500)[0m
[96m2026-04-07 16:15:00.108 [INFO] __main__: REGIME vol_stddev=0.144% chop_flips=9.0 sprt=dormant llr=0.70 age=40w bankroll=$974.84[0m
[96m2026-04-07 16:15:00.108 [INFO] __main__: KELLY wr_adj=81.4% base=95.2% vol_disc=3.3% chop_disc=7.5% feedback=+0.0%[0m
[96m2026-04-07 16:15:00.108 [INFO] __main__: window open price captured: 68141.94 (chainlink)[0m
2026-04-07 16:15:00.118 [INFO] market_data.clob_market_ws: CLOB market subscribed for tokens up=867687014039 down=269222615452
[2m2026-04-07 16:15:17.163 [INFO] __main__: STATUS t=283s delta=-0.0096% dir=down agree=True chain=68135.37 bin=68136.53 open=68141.94 obi=-0.6077 ask_up=0.48 ask_dn=0.53 bid_up=0.47 bid_dn=0.52 halted=False[0m
[2m2026-04-07 16:15:47.270 [INFO] __main__: STATUS t=253s delta=-0.0366% dir=down agree=True chain=68117.00 bin=68128.10 open=68141.94 obi=-0.3065 ask_up=0.99 ask_dn=0.99 bid_up=0.01 bid_dn=0.01 halted=False[0m
[2m2026-04-07 16:16:17.364 [INFO] __main__: STATUS t=223s delta=0.0299% dir=up agree=True chain=68162.34 bin=68173.87 open=68141.94 obi=-0.7637 ask_up=0.63 ask_dn=0.38 bid_up=0.62 bid_dn=0.37 halted=False[0m
[2m2026-04-07 16:16:47.462 [INFO] __main__: STATUS t=193s delta=0.0513% dir=up agree=True chain=68176.87 bin=68187.83 open=68141.94 obi=-0.2031 ask_up=0.99 ask_dn=0.99 bid_up=0.01 bid_dn=0.01 halted=False[0m
[2m2026-04-07 16:17:17.562 [INFO] __main__: STATUS t=162s delta=0.0513% dir=up agree=True chain=68176.90 bin=68187.83 open=68141.94 obi=-0.4859 ask_up=0.74 ask_dn=0.27 bid_up=0.73 bid_dn=0.26 halted=False[0m
[37m2026-04-07 16:17:30.101 [INFO] strategy.momentum_signal: [SKIP] rank=1 side=up reason=conditions_not_met latest_pct=0.0157 need=>=0.07 stddev=0.0337 max_var=0.050[0m
[2m2026-04-07 16:17:47.655 [INFO] __main__: STATUS t=132s delta=-0.0096% dir=down agree=False chain=68135.40 bin=68155.63 open=68141.94 obi=0.9944 ask_up=0.46 ask_dn=0.56 bid_up=0.44 bid_dn=0.54 halted=False[0m
[2m2026-04-07 16:18:17.749 [INFO] __main__: STATUS t=102s delta=-0.0364% dir=down agree=True chain=68117.13 bin=68126.42 open=68141.94 obi=-0.9734 ask_up=0.29 ask_dn=0.72 bid_up=0.28 bid_dn=0.71 halted=False[0m
[2m2026-04-07 16:18:47.837 [INFO] __main__: STATUS t=72s delta=-0.0465% dir=down agree=True chain=68110.24 bin=68119.61 open=68141.94 obi=-0.2906 ask_up=0.18 ask_dn=0.83 bid_up=0.17 bid_dn=0.82 halted=False[0m
[2m2026-04-07 16:19:17.932 [INFO] __main__: STATUS t=42s delta=-0.0470% dir=down agree=True chain=68109.92 bin=68124.30 open=68141.94 obi=0.7052 ask_up=0.14 ask_dn=0.89 bid_up=0.11 bid_dn=0.86 halted=False[0m
[2m2026-04-07 16:19:48.019 [INFO] __main__: STATUS t=12s delta=-0.0441% dir=down agree=True chain=68111.88 bin=68122.02 open=68141.94 obi=0.0089 ask_up=0.03 ask_dn=0.98 bid_up=0.02 bid_dn=0.97 halted=False[0m
[37m2026-04-07 16:20:00.084 [INFO] execution.paper_trading: paper window_ts=1775578500 [SKIP] pnl=0.0000 direction=down outcome=down - balance=$975.00 bid_up=0.01 ask_up=0.01 bid_dn=0.99 ask_dn=1.00[0m
[93m[1m2026-04-07 16:20:00.084 [INFO] risk.position_tracker: WINDOW_SUMMARY window_pnl=$0.0000 session_pnl=$-25.0000 won=$0.0000 lost=$25.0000 wr=0.0% (0/1) consec_losses=1[0m
[96m2026-04-07 16:20:00.091 [INFO] __main__: REGIME chop_detected flips=4 delta_range=0.1029% avg_flips=7.2 over=6_windows[0m
[37m2026-04-07 16:20:00.091 [INFO] __main__: WINDOW_DECISION [SKIP] rank=1 side=up pnl=$0.0000 entry=0.00 size=$0.00 (conditions not met)[0m
[96m[1m2026-04-07 16:20:00.091 [INFO] strategy.window_tracker: new window: btc-updown-5m-1775578800 (ts=1775578800)[0m
[96m2026-04-07 16:20:00.182 [INFO] __main__: REGIME vol_stddev=0.144% chop_flips=7.2 sprt=dormant llr=0.70 age=41w bankroll=$974.84[0m
[96m2026-04-07 16:20:00.182 [INFO] __main__: KELLY wr_adj=81.4% base=95.2% vol_disc=3.3% chop_disc=7.5% feedback=+0.0%[0m
[96m2026-04-07 16:20:00.183 [INFO] __main__: window open price captured: 68112.09 (chainlink)[0m
2026-04-07 16:20:00.326 [INFO] market_data.clob_market_ws: CLOB market subscribed for tokens up=264315476833 down=461263969920
[2m2026-04-07 16:20:18.247 [INFO] __main__: STATUS t=282s delta=-0.0545% dir=down agree=True chain=68074.99 bin=68085.01 open=68112.09 obi=0.7896 ask_up=0.33 ask_dn=0.69 bid_up=0.31 bid_dn=0.67 halted=False[0m
[2m2026-04-07 16:20:48.342 [INFO] __main__: STATUS t=252s delta=-0.0222% dir=down agree=True chain=68096.99 bin=68107.67 open=68112.09 obi=-0.0755 ask_up=0.99 ask_dn=0.99 bid_up=0.01 bid_dn=0.01 halted=False[0m
[2m2026-04-07 16:21:18.442 [INFO] __main__: STATUS t=222s delta=-0.0087% dir=down agree=False chain=68106.15 bin=68117.78 open=68112.09 obi=-0.2176 ask_up=0.49 ask_dn=0.52 bid_up=0.48 bid_dn=0.51 halted=False[0m
[2m2026-04-07 16:21:48.533 [INFO] __main__: STATUS t=191s delta=0.0184% dir=up agree=True chain=68124.64 bin=68135.04 open=68112.09 obi=0.5142 ask_up=0.99 ask_dn=0.34 bid_up=0.01 bid_dn=0.33 halted=False[0m
[2m2026-04-07 16:22:18.635 [INFO] __main__: STATUS t=161s delta=0.0389% dir=up agree=True chain=68138.61 bin=68153.66 open=68112.09 obi=-0.0651 ask_up=0.78 ask_dn=0.24 bid_up=0.76 bid_dn=0.22 halted=False[0m
[37m2026-04-07 16:22:30.175 [INFO] strategy.momentum_signal: [SKIP] rank=1 side=up reason=conditions_not_met latest_pct=0.0431 need=>=0.07 stddev=0.0297 max_var=0.050[0m
[2m2026-04-07 16:22:48.728 [INFO] __main__: STATUS t=131s delta=0.0020% dir=up agree=True chain=68113.46 bin=68120.29 open=68112.09 obi=-0.3945 ask_up=0.57 ask_dn=0.44 bid_up=0.56 bid_dn=0.43 halted=False[0m
[2m2026-04-07 16:23:18.834 [INFO] __main__: STATUS t=101s delta=0.0667% dir=up agree=True chain=68157.52 bin=68259.78 open=68112.09 obi=-0.7769 ask_up=0.60 ask_dn=0.43 bid_up=0.57 bid_dn=0.40 halted=False[0m
[2m2026-04-07 16:23:48.943 [INFO] __main__: STATUS t=71s delta=0.0590% dir=up agree=True chain=68152.24 bin=68172.16 open=68112.09 obi=-0.9332 ask_up=0.99 ask_dn=0.99 bid_up=0.01 bid_dn=0.01 halted=False[0m
[2m2026-04-07 16:24:19.057 [INFO] __main__: STATUS t=41s delta=0.2322% dir=up agree=True chain=68270.22 bin=68280.54 open=68112.09 obi=-0.5576 ask_up=1.00 ask_dn=0.01 bid_up=0.99 bid_dn=0.01 halted=False[0m
[2m2026-04-07 16:24:49.159 [INFO] __main__: STATUS t=11s delta=0.2237% dir=up agree=True chain=68264.45 bin=68267.03 open=68112.09 obi=0.7169 ask_up=1.00 ask_dn=0.01 bid_up=0.99 bid_dn=0.01 halted=False[0m
[37m2026-04-07 16:25:00.195 [INFO] execution.paper_trading: paper window_ts=1775578800 [SKIP] pnl=0.0000 direction=up outcome=up - balance=$975.00 bid_up=0.99 ask_up=1.00 bid_dn=0.01 ask_dn=0.01[0m
[93m[1m2026-04-07 16:25:00.196 [INFO] risk.position_tracker: WINDOW_SUMMARY window_pnl=$0.0000 session_pnl=$-25.0000 won=$0.0000 lost=$25.0000 wr=0.0% (0/1) consec_losses=1[0m
[96m2026-04-07 16:25:00.204 [INFO] __main__: REGIME chop_detected flips=5 delta_range=0.3228% avg_flips=7.3 over=6_windows[0m
[37m2026-04-07 16:25:00.205 [INFO] __main__: WINDOW_DECISION [SKIP] rank=1 side=up pnl=$0.0000 entry=0.00 size=$0.00 (conditions not met)[0m
[96m[1m2026-04-07 16:25:00.205 [INFO] strategy.window_tracker: new window: btc-updown-5m-1775579100 (ts=1775579100)[0m
[96m2026-04-07 16:25:00.285 [INFO] __main__: REGIME vol_stddev=0.137% chop_flips=7.3 sprt=dormant llr=0.70 age=42w bankroll=$974.84[0m
[96m2026-04-07 16:25:00.285 [INFO] __main__: KELLY wr_adj=82.0% base=95.2% vol_disc=2.8% chop_disc=7.5% feedback=+0.0%[0m
[96m2026-04-07 16:25:00.286 [INFO] __main__: window open price captured: 68296.26 (chainlink)[0m
2026-04-07 16:25:00.544 [INFO] market_data.clob_market_ws: CLOB market subscribed for tokens up=469502090589 down=484843551904
[2m2026-04-07 16:25:19.406 [INFO] __main__: STATUS t=281s delta=0.0675% dir=up agree=True chain=68342.38 bin=68351.62 open=68296.26 obi=0.0908 ask_up=0.66 ask_dn=0.35 bid_up=0.65 bid_dn=0.34 halted=False[0m
[2m2026-04-07 16:25:49.496 [INFO] __main__: STATUS t=251s delta=0.0276% dir=up agree=True chain=68315.10 bin=68323.08 open=68296.26 obi=0.1420 ask_up=0.56 ask_dn=0.45 bid_up=0.55 bid_dn=0.44 halted=False[0m
[2m2026-04-07 16:26:19.592 [INFO] __main__: STATUS t=220s delta=0.0191% dir=up agree=True chain=68309.31 bin=68315.15 open=68296.26 obi=-0.9108 ask_up=0.55 ask_dn=0.46 bid_up=0.54 bid_dn=0.45 halted=False[0m
[2m2026-04-07 16:26:49.672 [INFO] __main__: STATUS t=190s delta=0.0557% dir=up agree=True chain=68334.30 bin=68339.03 open=68296.26 obi=0.2707 ask_up=0.63 ask_dn=0.38 bid_up=0.62 bid_dn=0.37 halted=False[0m
[2m2026-04-07 16:27:19.762 [INFO] __main__: STATUS t=160s delta=0.0722% dir=up agree=True chain=68345.59 bin=68357.67 open=68296.26 obi=-0.7683 ask_up=0.71 ask_dn=0.30 bid_up=0.70 bid_dn=0.29 halted=False[0m
[96m2026-04-07 16:27:30.046 [INFO] strategy.momentum_signal: KELLY sizing: p_adj=0.820 base=0.922 vol_disc=0.028 chop_disc=0.075 feedback=+0.000[0m
[96m2026-04-07 16:27:30.046 [INFO] strategy.momentum_signal: KELLY bet: entry=0.74 raw_f=0.306 frac_f=0.077 bankroll=$974.84 kelly_bet=$24.37 sprt=1.00 final=$24.37[0m
[92m[1m2026-04-07 16:27:30.047 [INFO] strategy.momentum_signal: FIRED rank=1 side=up t=150.0s dir=0.0899% stddev=0.0320% n=518 oos_wr=95.2% bh_p=2.29e-15 avg_entry=0.87 ask=0.74 size=$24.37[0m
2026-04-07 16:27:30.047 [INFO] execution.paper_trading: paper momentum1 maker: id=paper-2 price=0.73 size=33.3836 [resting]
2026-04-07 16:27:30.047 [INFO] strategy.momentum_signal: MAKER PLACED rank=1 side=up price=0.73 (ask=0.74 -1tick) size=$24.37 timeout=20s
[92m[1m2026-04-07 16:27:32.554 [INFO] execution.paper_trading: paper momentum1 maker fill: id=paper-2 price=0.73[0m
2026-04-07 16:27:32.554 [INFO] strategy.momentum_signal: MAKER FILLED rank=1 side=up price=0.73 size=$24.37
[2m2026-04-07 16:27:49.853 [INFO] __main__: STATUS t=130s delta=0.0750% dir=up agree=True chain=68347.46 bin=68355.28 open=68296.26 obi=0.9808 ask_up=0.75 ask_dn=0.26 bid_up=0.74 bid_dn=0.25 halted=False[0m
[2m2026-04-07 16:28:19.943 [INFO] __main__: STATUS t=100s delta=0.0930% dir=up agree=True chain=68359.80 bin=68367.03 open=68296.26 obi=0.4553 ask_up=0.84 ask_dn=0.17 bid_up=0.83 bid_dn=0.16 halted=False[0m
[2m2026-04-07 16:28:50.028 [INFO] __main__: STATUS t=70s delta=0.0388% dir=up agree=True chain=68322.76 bin=68320.76 open=68296.26 obi=-0.9238 ask_up=0.68 ask_dn=0.33 bid_up=0.67 bid_dn=0.32 halted=False[0m
2026-04-07 16:29:03.665 [INFO] shared.ipc: IPC: received authenticated signal_update (summary=signals_summary_1775579345.json)
2026-04-07 16:29:03.665 [INFO] __main__: received new signal from orchestrator: rank=1 side=Up
[2m2026-04-07 16:29:20.125 [INFO] __main__: STATUS t=40s delta=0.0914% dir=up agree=True chain=68358.68 bin=68364.56 open=68296.26 obi=-0.7797 ask_up=0.93 ask_dn=0.08 bid_up=0.92 bid_dn=0.07 halted=False[0m
[2m2026-04-07 16:29:50.219 [INFO] __main__: STATUS t=10s delta=0.1218% dir=up agree=True chain=68379.46 bin=68391.95 open=68296.26 obi=0.7319 ask_up=1.00 ask_dn=0.01 bid_up=0.99 bid_dn=0.01 halted=False[0m
[92m[1m2026-04-07 16:30:00.015 [INFO] execution.paper_trading: paper window_ts=1775579100 [WIN] pnl=9.0136 direction=up outcome=up rule#1(fill) balance=$984.01 bid_up=0.99 ask_up=1.00 bid_dn=0.01 ask_dn=0.01[0m
[93m[1m2026-04-07 16:30:00.015 [INFO] risk.position_tracker: WINDOW_SUMMARY window_pnl=$9.0136 session_pnl=$-15.9864 won=$9.0136 lost=$25.0000 wr=50.0% (1/2) consec_losses=0[0m
[92m[1m2026-04-07 16:30:00.034 [INFO] __main__: WINDOW_DECISION [WIN] rank=1 side=up pnl=$9.0136 entry=0.73 size=$24.37[0m
[95m2026-04-07 16:30:00.051 [INFO] __main__: Signal refreshed (same pattern): up_280.0_150.0_0.07_0.05 — rank 1->1, keeping SPRT state (age=43w, trades=2, LLR=0.65)[0m
2026-04-07 16:30:00.056 [INFO] __main__: SIGNAL_SWAP_ACTIVE: {"rank":1,"side":"up","observeFromS":280.0,"observeToS":150.0,"minDeltaPct":0.07,"maxVariancePct":0.05,"trainWinRatePct":91.46,"oosWinRatePct":95.12,"oosBhAdjustedPValue":3.22317e-15,"oosMatches":41,"avgEntryPrice":0.8698,"evPerTrade":0.0515,"smartScore":21.24,"wfFoldsAppeared":4,"wfTotalTestFolds":6,"wfFoldIndices":[2,3,6,7]}
2026-04-07 16:30:00.056 [INFO] __main__: switched to new signal: #1 up (previous: #1 up)
[96m[1m2026-04-07 16:30:00.056 [INFO] strategy.window_tracker: new window: btc-updown-5m-1775579400 (ts=1775579400)[0m
[96m2026-04-07 16:30:00.244 [INFO] __main__: REGIME vol_stddev=0.138% chop_flips=5.3 sprt=dormant llr=0.65 age=43w bankroll=$983.68[0m
[96m2026-04-07 16:30:00.244 [INFO] __main__: KELLY wr_adj=81.8% base=95.1% vol_disc=2.9% chop_disc=7.5% feedback=+0.0%[0m
[96m2026-04-07 16:30:00.245 [INFO] __main__: window open price captured: 68378.06 (chainlink)[0m
2026-04-07 16:30:00.755 [INFO] market_data.clob_market_ws: CLOB market subscribed for tokens up=237148104016 down=650941499514
[2m2026-04-07 16:30:20.349 [INFO] __main__: STATUS t=280s delta=-0.0674% dir=down agree=True chain=68331.97 bin=68372.19 open=68378.06 obi=0.6797 ask_up=0.40 ask_dn=0.62 bid_up=0.38 bid_dn=0.60 halted=False[0m
[2m2026-04-07 16:30:50.446 [INFO] __main__: STATUS t=250s delta=-0.0602% dir=down agree=True chain=68336.87 bin=68351.96 open=68378.06 obi=-0.7940 ask_up=0.32 ask_dn=0.69 bid_up=0.31 bid_dn=0.68 halted=False[0m
[2m2026-04-07 16:31:20.535 [INFO] __main__: STATUS t=219s delta=-0.1339% dir=down agree=True chain=68286.46 bin=68292.30 open=68378.06 obi=-0.9326 ask_up=0.14 ask_dn=0.87 bid_up=0.13 bid_dn=0.86 halted=False[0m
[2m2026-04-07 16:31:50.621 [INFO] __main__: STATUS t=189s delta=-0.0917% dir=down agree=True chain=68315.39 bin=68329.09 open=68378.06 obi=-0.1120 ask_up=0.21 ask_dn=0.80 bid_up=0.20 bid_dn=0.79 halted=False[0m
[2m2026-04-07 16:32:20.717 [INFO] __main__: STATUS t=159s delta=-0.1050% dir=down agree=True chain=68306.25 bin=68319.18 open=68378.06 obi=0.8864 ask_up=0.17 ask_dn=0.84 bid_up=0.16 bid_dn=0.83 halted=False[0m
[37m2026-04-07 16:32:30.243 [INFO] strategy.momentum_signal: [SKIP] rank=1 side=up reason=conditions_not_met latest_pct=-0.0849 need=>=0.07 stddev=0.0312 max_var=0.050[0m
[2m2026-04-07 16:32:50.802 [INFO] __main__: STATUS t=129s delta=-0.1058% dir=down agree=True chain=68305.69 bin=68316.81 open=68378.06 obi=-0.6732 ask_up=0.09 ask_dn=0.92 bid_up=0.08 bid_dn=0.91 halted=False[0m
[2m2026-04-07 16:33:20.898 [INFO] __main__: STATUS t=99s delta=-0.0705% dir=down agree=True chain=68329.83 bin=68340.18 open=68378.06 obi=0.5351 ask_up=0.17 ask_dn=0.84 bid_up=0.16 bid_dn=0.83 halted=False[0m
[2m2026-04-07 16:33:50.992 [INFO] __main__: STATUS t=69s delta=-0.0676% dir=down agree=True chain=68331.84 bin=68340.83 open=68378.06 obi=-0.6202 ask_up=0.10 ask_dn=0.91 bid_up=0.09 bid_dn=0.90 halted=False[0m
[2m2026-04-07 16:34:21.097 [INFO] __main__: STATUS t=39s delta=-0.0684% dir=down agree=True chain=68331.26 bin=68360.65 open=68378.06 obi=0.7339 ask_up=0.99 ask_dn=0.99 bid_up=0.01 bid_dn=0.01 halted=False[0m
[2m2026-04-07 16:34:51.191 [INFO] __main__: STATUS t=9s delta=-0.0554% dir=down agree=True chain=68340.20 bin=68356.44 open=68378.06 obi=0.1618 ask_up=0.02 ask_dn=0.99 bid_up=0.01 bid_dn=0.98 halted=False[0m
[37m2026-04-07 16:35:00.219 [INFO] execution.paper_trading: paper window_ts=1775579400 [SKIP] pnl=0.0000 direction=down outcome=down - balance=$984.01 bid_up=0.01 ask_up=0.01 bid_dn=0.99 ask_dn=1.00[0m
[93m[1m2026-04-07 16:35:00.219 [INFO] risk.position_tracker: WINDOW_SUMMARY window_pnl=$0.0000 session_pnl=$-15.9864 won=$9.0136 lost=$25.0000 wr=50.0% (1/2) consec_losses=0[0m
[96m2026-04-07 16:35:00.221 [INFO] __main__: REGIME chop_detected flips=3 delta_range=0.1439% avg_flips=4.8 over=6_windows[0m
[37m2026-04-07 16:35:00.223 [INFO] __main__: WINDOW_DECISION [SKIP] rank=1 side=up pnl=$0.0000 entry=0.00 size=$0.00 (conditions not met)[0m
[96m[1m2026-04-07 16:35:00.223 [INFO] strategy.window_tracker: new window: btc-updown-5m-1775579700 (ts=1775579700)[0m
[96m2026-04-07 16:35:00.276 [INFO] __main__: REGIME vol_stddev=0.138% chop_flips=4.8 sprt=dormant llr=0.65 age=44w bankroll=$983.68[0m
[96m2026-04-07 16:35:00.276 [INFO] __main__: KELLY wr_adj=82.4% base=95.1% vol_disc=2.9% chop_disc=6.9% feedback=+0.0%[0m
[96m2026-04-07 16:35:00.277 [INFO] __main__: window open price captured: 68353.88 (chainlink)[0m
2026-04-07 16:35:00.984 [INFO] market_data.clob_market_ws: CLOB market subscribed for tokens up=769249422436 down=734163693057
[2m2026-04-07 16:35:21.343 [INFO] __main__: STATUS t=279s delta=-0.0252% dir=down agree=True chain=68336.65 bin=68342.22 open=68353.88 obi=-0.4958 ask_up=0.41 ask_dn=0.60 bid_up=0.40 bid_dn=0.59 halted=False[0m
[2m2026-04-07 16:35:51.429 [INFO] __main__: STATUS t=249s delta=-0.0421% dir=down agree=False chain=68325.11 bin=68359.81 open=68353.88 obi=0.0090 ask_up=0.39 ask_dn=0.63 bid_up=0.37 bid_dn=0.61 halted=False[0m
[2m2026-04-07 16:36:21.523 [INFO] __main__: STATUS t=218s delta=-0.0395% dir=down agree=True chain=68326.87 bin=68329.31 open=68353.88 obi=-0.9315 ask_up=0.30 ask_dn=0.71 bid_up=0.29 bid_dn=0.70 halted=False[0m
[2m2026-04-07 16:36:51.607 [INFO] __main__: STATUS t=188s delta=-0.0331% dir=down agree=True chain=68331.23 bin=68344.00 open=68353.88 obi=-0.2292 ask_up=0.38 ask_dn=0.63 bid_up=0.37 bid_dn=0.62 halted=False[0m
[2m2026-04-07 16:37:21.707 [INFO] __main__: STATUS t=158s delta=-0.0763% dir=down agree=True chain=68301.73 bin=68305.39 open=68353.88 obi=-0.8902 ask_up=0.15 ask_dn=0.86 bid_up=0.14 bid_dn=0.85 halted=False[0m
[37m2026-04-07 16:37:30.235 [INFO] strategy.momentum_signal: [SKIP] rank=1 side=up reason=conditions_not_met latest_pct=-0.0788 need=>=0.07 stddev=0.0201 max_var=0.050[0m
[2m2026-04-07 16:37:51.799 [INFO] __main__: STATUS t=128s delta=-0.0771% dir=down agree=True chain=68301.19 bin=68313.57 open=68353.88 obi=-0.9925 ask_up=0.16 ask_dn=0.85 bid_up=0.15 bid_dn=0.84 halted=False[0m
[2m2026-04-07 16:38:21.888 [INFO] __main__: STATUS t=98s delta=-0.0617% dir=down agree=True chain=68311.69 bin=68326.00 open=68353.88 obi=0.8176 ask_up=0.19 ask_dn=0.82 bid_up=0.18 bid_dn=0.81 halted=False[0m
[2m2026-04-07 16:38:51.976 [INFO] __main__: STATUS t=68s delta=-0.0606% dir=down agree=True chain=68312.47 bin=68325.99 open=68353.88 obi=-0.2289 ask_up=0.12 ask_dn=0.89 bid_up=0.11 bid_dn=0.88 halted=False[0m
[2m2026-04-07 16:39:22.112 [INFO] __main__: STATUS t=38s delta=-0.0661% dir=down agree=True chain=68308.68 bin=68320.80 open=68353.88 obi=-0.2721 ask_up=0.04 ask_dn=0.97 bid_up=0.03 bid_dn=0.96 halted=False[0m
[2m2026-04-07 16:39:52.214 [INFO] __main__: STATUS t=8s delta=-0.0702% dir=down agree=True chain=68305.88 bin=68315.67 open=68353.88 obi=0.8934 ask_up=0.01 ask_dn=1.00 bid_up=0.01 bid_dn=0.99 halted=False[0m
[37m2026-04-07 16:40:00.240 [INFO] execution.paper_trading: paper window_ts=1775579700 [SKIP] pnl=0.0000 direction=down outcome=down - balance=$984.01 bid_up=0.01 ask_up=0.01 bid_dn=0.99 ask_dn=1.00[0m
[93m[1m2026-04-07 16:40:00.240 [INFO] risk.position_tracker: WINDOW_SUMMARY window_pnl=$0.0000 session_pnl=$-15.9864 won=$9.0136 lost=$25.0000 wr=50.0% (1/2) consec_losses=0[0m
[37m2026-04-07 16:40:00.242 [INFO] __main__: WINDOW_DECISION [SKIP] rank=1 side=up pnl=$0.0000 entry=0.00 size=$0.00 (conditions not met)[0m
[96m[1m2026-04-07 16:40:00.242 [INFO] strategy.window_tracker: new window: btc-updown-5m-1775580000 (ts=1775580000)[0m
[96m2026-04-07 16:40:00.313 [INFO] __main__: REGIME vol_stddev=0.135% chop_flips=3.5 sprt=dormant llr=0.65 age=45w bankroll=$983.68[0m
[96m2026-04-07 16:40:00.313 [INFO] __main__: KELLY wr_adj=87.6% base=95.1% vol_disc=2.7% chop_disc=1.9% feedback=+0.0%[0m
[96m2026-04-07 16:40:00.313 [INFO] __main__: window open price captured: 68311.74 (chainlink)[0m
2026-04-07 16:40:01.188 [INFO] market_data.clob_market_ws: CLOB market subscribed for tokens up=106001926621 down=993946150043
[2m2026-04-07 16:40:22.430 [INFO] __main__: STATUS t=278s delta=-0.0016% dir=down agree=True chain=68310.67 bin=68304.71 open=68311.74 obi=-0.8448 ask_up=0.43 ask_dn=0.60 bid_up=0.40 bid_dn=0.57 halted=False[0m
[2m2026-04-07 16:40:52.527 [INFO] __main__: STATUS t=247s delta=-0.0234% dir=down agree=True chain=68295.72 bin=68311.52 open=68311.74 obi=0.0609 ask_up=0.46 ask_dn=0.55 bid_up=0.45 bid_dn=0.54 halted=False[0m
[2m2026-04-07 16:41:22.620 [INFO] __main__: STATUS t=217s delta=0.0471% dir=up agree=True chain=68343.94 bin=68357.12 open=68311.74 obi=-0.8871 ask_up=0.67 ask_dn=0.34 bid_up=0.66 bid_dn=0.33 halted=False[0m
[2m2026-04-07 16:41:52.703 [INFO] __main__: STATUS t=187s delta=0.0163% dir=up agree=True chain=68322.87 bin=68334.80 open=68311.74 obi=0.8018 ask_up=0.58 ask_dn=0.43 bid_up=0.57 bid_dn=0.42 halted=False[0m
[2m2026-04-07 16:42:22.813 [INFO] __main__: STATUS t=157s delta=0.0061% dir=up agree=True chain=68315.90 bin=68330.00 open=68311.74 obi=-0.1479 ask_up=0.52 ask_dn=0.49 bid_up=0.51 bid_dn=0.48 halted=False[0m
[37m2026-04-07 16:42:30.087 [INFO] strategy.momentum_signal: [SKIP] rank=1 side=up reason=conditions_not_met latest_pct=0.0267 need=>=0.07 stddev=0.0318 max_var=0.050[0m
[2m2026-04-07 16:42:52.899 [INFO] __main__: STATUS t=127s delta=-0.0008% dir=down agree=False chain=68311.16 bin=68329.99 open=68311.74 obi=-0.7989 ask_up=0.46 ask_dn=0.55 bid_up=0.45 bid_dn=0.54 halted=False[0m
[2m2026-04-07 16:43:22.996 [INFO] __main__: STATUS t=97s delta=-0.0075% dir=down agree=False chain=68306.64 bin=68321.11 open=68311.74 obi=0.5213 ask_up=0.44 ask_dn=0.58 bid_up=0.42 bid_dn=0.56 halted=False[0m
[2m2026-04-07 16:43:53.078 [INFO] __main__: STATUS t=67s delta=-0.0261% dir=down agree=True chain=68293.88 bin=68304.64 open=68311.74 obi=-0.9193 ask_up=0.18 ask_dn=0.83 bid_up=0.17 bid_dn=0.82 halted=False[0m
2026-04-07 16:44:17.407 [INFO] shared.ipc: IPC: received authenticated signal_update (summary=signals_summary_1775580259.json)
2026-04-07 16:44:17.407 [INFO] __main__: received new signal from orchestrator: rank=1 side=Up
[2m2026-04-07 16:44:23.212 [INFO] __main__: STATUS t=37s delta=-0.0170% dir=down agree=False chain=68300.14 bin=68313.95 open=68311.74 obi=-0.3814 ask_up=0.26 ask_dn=0.75 bid_up=0.25 bid_dn=0.74 halted=False[0m
[2m2026-04-07 16:44:53.297 [INFO] __main__: STATUS t=7s delta=-0.0168% dir=down agree=False chain=68300.24 bin=68320.28 open=68311.74 obi=0.9026 ask_up=0.38 ask_dn=0.63 bid_up=0.37 bid_dn=0.62 halted=False[0m
[37m2026-04-07 16:45:00.074 [INFO] execution.paper_trading: paper window_ts=1775580000 [SKIP] pnl=0.0000 direction=down outcome=down - balance=$984.01 bid_up=0.11 ask_up=0.14 bid_dn=0.86 ask_dn=0.89[0m
[93m[1m2026-04-07 16:45:00.075 [INFO] risk.position_tracker: WINDOW_SUMMARY window_pnl=$0.0000 session_pnl=$-15.9864 won=$9.0136 lost=$25.0000 wr=50.0% (1/2) consec_losses=0[0m
[96m2026-04-07 16:45:00.081 [INFO] __main__: REGIME chop_detected flips=10 delta_range=0.1269% avg_flips=4.0 over=6_windows[0m
[37m2026-04-07 16:45:00.084 [INFO] __main__: WINDOW_DECISION [SKIP] rank=1 side=up pnl=$0.0000 entry=0.00 size=$0.00 (conditions not met)[0m
[95m2026-04-07 16:45:00.087 [INFO] __main__: Signal refreshed (same pattern): up_280.0_150.0_0.07_0.05 — rank 1->1, keeping SPRT state (age=46w, trades=2, LLR=0.65)[0m
2026-04-07 16:45:00.091 [INFO] __main__: SIGNAL_SWAP_ACTIVE: {"rank":1,"side":"up","observeFromS":280.0,"observeToS":150.0,"minDeltaPct":0.07,"maxVariancePct":0.05,"trainWinRatePct":91.46,"oosWinRatePct":97.5,"oosBhAdjustedPValue":2.02257e-15,"oosMatches":40,"avgEntryPrice":0.8712,"evPerTrade":0.0738,"smartScore":35.09,"wfFoldsAppeared":4,"wfTotalTestFolds":6,"wfFoldIndices":[2,3,6,7]}
2026-04-07 16:45:00.092 [INFO] __main__: switched to new signal: #1 up (previous: #1 up)
[96m[1m2026-04-07 16:45:00.092 [INFO] strategy.window_tracker: new window: btc-updown-5m-1775580300 (ts=1775580300)[0m
[96m2026-04-07 16:45:00.208 [INFO] __main__: REGIME vol_stddev=0.135% chop_flips=4.0 sprt=dormant llr=0.65 age=46w bankroll=$983.68[0m
[96m2026-04-07 16:45:00.208 [INFO] __main__: KELLY wr_adj=88.2% base=97.5% vol_disc=2.6% chop_disc=3.8% feedback=+0.0%[0m
[96m2026-04-07 16:45:00.208 [INFO] __main__: window open price captured: 68308.59 (chainlink)[0m
2026-04-07 16:45:00.426 [INFO] market_data.clob_market_ws: CLOB market subscribed for tokens up=131855493219 down=968527987372
[2m2026-04-07 16:45:23.310 [INFO] __main__: STATUS t=277s delta=0.0383% dir=up agree=True chain=68334.73 bin=68346.86 open=68308.59 obi=0.0274 ask_up=0.65 ask_dn=0.36 bid_up=0.64 bid_dn=0.35 halted=False[0m
[2m2026-04-07 16:45:53.396 [INFO] __main__: STATUS t=247s delta=0.0398% dir=up agree=True chain=68335.79 bin=68346.87 open=68308.59 obi=0.1477 ask_up=0.66 ask_dn=0.35 bid_up=0.65 bid_dn=0.34 halted=False[0m
[2m2026-04-07 16:46:23.490 [INFO] __main__: STATUS t=217s delta=0.0412% dir=up agree=True chain=68336.76 bin=68348.32 open=68308.59 obi=0.0894 ask_up=0.68 ask_dn=0.33 bid_up=0.67 bid_dn=0.32 halted=False[0m
[2m2026-04-07 16:46:53.582 [INFO] __main__: STATUS t=186s delta=0.0495% dir=up agree=True chain=68342.37 bin=68353.57 open=68308.59 obi=-0.3711 ask_up=0.72 ask_dn=0.29 bid_up=0.71 bid_dn=0.28 halted=False[0m
[2m2026-04-07 16:47:23.672 [INFO] __main__: STATUS t=156s delta=0.0599% dir=up agree=True chain=68349.50 bin=68360.78 open=68308.59 obi=0.2430 ask_up=0.79 ask_dn=0.22 bid_up=0.78 bid_dn=0.21 halted=False[0m
[96m2026-04-07 16:47:30.190 [INFO] strategy.momentum_signal: KELLY sizing: p_adj=0.882 base=0.945 vol_disc=0.026 chop_disc=0.037 feedback=+0.000[0m
[96m2026-04-07 16:47:30.191 [INFO] strategy.momentum_signal: KELLY bet: entry=0.78 raw_f=0.462 frac_f=0.115 bankroll=$983.68 kelly_bet=$24.59 sprt=1.00 final=$24.59[0m
[92m[1m2026-04-07 16:47:30.191 [INFO] strategy.momentum_signal: FIRED rank=1 side=up t=149.8s dir=0.0764% stddev=0.0140% n=519 oos_wr=97.5% bh_p=2.02e-15 avg_entry=0.87 ask=0.78 size=$24.59[0m
2026-04-07 16:47:30.191 [INFO] execution.paper_trading: paper momentum1 maker: id=paper-3 price=0.77 size=31.9351 [resting]
2026-04-07 16:47:30.191 [INFO] strategy.momentum_signal: MAKER PLACED rank=1 side=up price=0.77 (ask=0.78 -1tick) size=$24.59 timeout=20s
[92m[1m2026-04-07 16:47:32.698 [INFO] execution.paper_trading: paper momentum1 maker fill: id=paper-3 price=0.77[0m
2026-04-07 16:47:32.698 [INFO] strategy.momentum_signal: MAKER FILLED rank=1 side=up price=0.77 size=$24.59
[2m2026-04-07 16:47:53.755 [INFO] __main__: STATUS t=126s delta=0.0639% dir=up agree=True chain=68352.23 bin=68364.26 open=68308.59 obi=-0.7037 ask_up=0.81 ask_dn=0.20 bid_up=0.80 bid_dn=0.19 halted=False[0m
[2m2026-04-07 16:48:23.839 [INFO] __main__: STATUS t=96s delta=0.0924% dir=up agree=True chain=68371.68 bin=68396.50 open=68308.59 obi=-0.1683 ask_up=0.96 ask_dn=0.05 bid_up=0.95 bid_dn=0.04 halted=False[0m
[2m2026-04-07 16:48:53.926 [INFO] __main__: STATUS t=66s delta=0.0374% dir=up agree=True chain=68334.13 bin=68332.48 open=68308.59 obi=0.2474 ask_up=0.73 ask_dn=0.30 bid_up=0.70 bid_dn=0.27 halted=False[0m
[2m2026-04-07 16:49:24.011 [INFO] __main__: STATUS t=36s delta=-0.0087% dir=down agree=False chain=68302.65 bin=68317.73 open=68308.59 obi=-0.2679 ask_up=0.40 ask_dn=0.61 bid_up=0.39 bid_dn=0.60 halted=False[0m
[2m2026-04-07 16:49:54.093 [INFO] __main__: STATUS t=6s delta=-0.0094% dir=down agree=False chain=68302.18 bin=68313.70 open=68308.59 obi=0.1650 ask_up=0.15 ask_dn=0.86 bid_up=0.14 bid_dn=0.85 halted=False[0m
[91m[1m2026-04-07 16:50:00.109 [INFO] execution.paper_trading: paper window_ts=1775580300 [LOSS] pnl=-24.5900 direction=down outcome=down rule#1(fill) balance=$959.42 bid_up=0.02 ask_up=0.03 bid_dn=0.97 ask_dn=0.98[0m
[93m[1m2026-04-07 16:50:00.114 [INFO] risk.position_tracker: WINDOW_SUMMARY window_pnl=$-24.5900 session_pnl=$-40.5764 won=$9.0136 lost=$49.5900 wr=33.3% (1/3) consec_losses=1[0m
[91m[1m2026-04-07 16:50:00.117 [INFO] __main__: WINDOW_DECISION [LOSS] rank=1 side=up pnl=$-24.5900 entry=0.77 size=$24.59[0m
[96m[1m2026-04-07 16:50:00.118 [INFO] strategy.window_tracker: new window: btc-updown-5m-1775580600 (ts=1775580600)[0m
[96m2026-04-07 16:50:00.189 [INFO] __main__: REGIME vol_stddev=0.130% chop_flips=3.5 sprt=dormant llr=1.35 age=47w bankroll=$958.94[0m
[96m2026-04-07 16:50:00.189 [INFO] __main__: KELLY wr_adj=90.4% base=97.5% vol_disc=2.3% chop_disc=1.9% feedback=+0.0%[0m
[96m2026-04-07 16:50:00.191 [INFO] __main__: window open price captured: 68303.55 (chainlink)[0m
2026-04-07 16:50:00.629 [INFO] market_data.clob_market_ws: CLOB market subscribed for tokens up=395321185609 down=781273969902
[2m2026-04-07 16:50:24.300 [INFO] __main__: STATUS t=276s delta=-0.0402% dir=down agree=True chain=68276.08 bin=68301.99 open=68303.55 obi=0.6582 ask_up=0.49 ask_dn=0.52 bid_up=0.48 bid_dn=0.51 halted=False[0m
[2m2026-04-07 16:50:54.379 [INFO] __main__: STATUS t=246s delta=0.0045% dir=up agree=True chain=68306.60 bin=68319.36 open=68303.55 obi=0.5734 ask_up=0.56 ask_dn=0.45 bid_up=0.55 bid_dn=0.44 halted=False[0m
[2m2026-04-07 16:51:24.478 [INFO] __main__: STATUS t=216s delta=0.0337% dir=up agree=True chain=68326.60 bin=68341.26 open=68303.55 obi=-0.7200 ask_up=0.69 ask_dn=0.32 bid_up=0.68 bid_dn=0.31 halted=False[0m
[2m2026-04-07 16:51:54.562 [INFO] __main__: STATUS t=185s delta=0.0344% dir=up agree=True chain=68327.03 bin=68338.93 open=68303.55 obi=-0.6420 ask_up=0.69 ask_dn=0.32 bid_up=0.68 bid_dn=0.31 halted=False[0m
[2m2026-04-07 16:52:24.644 [INFO] __main__: STATUS t=155s delta=-0.0123% dir=down agree=False chain=68295.18 bin=68311.74 open=68303.55 obi=0.6921 ask_up=0.99 ask_dn=0.99 bid_up=0.01 bid_dn=0.01 halted=False[0m
[37m2026-04-07 16:52:30.166 [INFO] strategy.momentum_signal: [SKIP] rank=1 side=up reason=conditions_not_met latest_pct=0.0110 need=>=0.07 stddev=0.0227 max_var=0.050[0m
[2m2026-04-07 16:52:54.732 [INFO] __main__: STATUS t=125s delta=-0.0516% dir=down agree=True chain=68268.29 bin=68282.95 open=68303.55 obi=-0.7794 ask_up=0.24 ask_dn=0.77 bid_up=0.23 bid_dn=0.76 halted=False[0m
[2m2026-04-07 16:53:24.845 [INFO] __main__: STATUS t=95s delta=-0.1165% dir=down agree=True chain=68223.98 bin=68239.89 open=68303.55 obi=0.7437 ask_up=0.07 ask_dn=0.94 bid_up=0.06 bid_dn=0.93 halted=False[0m
[2m2026-04-07 16:53:54.933 [INFO] __main__: STATUS t=65s delta=-0.1058% dir=down agree=True chain=68231.28 bin=68241.06 open=68303.55 obi=-0.8280 ask_up=0.04 ask_dn=0.97 bid_up=0.03 bid_dn=0.96 halted=False[0m
[2m2026-04-07 16:54:25.038 [INFO] __main__: STATUS t=35s delta=-0.1111% dir=down agree=True chain=68227.68 bin=68241.55 open=68303.55 obi=-0.9383 ask_up=0.01 ask_dn=1.00 bid_up=0.01 bid_dn=0.99 halted=False[0m
[2m2026-04-07 16:54:55.134 [INFO] __main__: STATUS t=5s delta=-0.0932% dir=down agree=True chain=68239.87 bin=68252.37 open=68303.55 obi=-0.6115 ask_up=0.01 ask_dn=1.00 bid_up=0.01 bid_dn=0.99 halted=False[0m
[37m2026-04-07 16:55:00.154 [INFO] execution.paper_trading: paper window_ts=1775580600 [SKIP] pnl=0.0000 direction=down outcome=down - balance=$959.42 bid_up=0.01 ask_up=0.01 bid_dn=0.99 ask_dn=1.00[0m
[93m[1m2026-04-07 16:55:00.154 [INFO] risk.position_tracker: WINDOW_SUMMARY window_pnl=$0.0000 session_pnl=$-40.5764 won=$9.0136 lost=$49.5900 wr=33.3% (1/3) consec_losses=1[0m
[96m2026-04-07 16:55:00.157 [INFO] __main__: REGIME chop_detected flips=4 delta_range=0.1695% avg_flips=3.3 over=6_windows[0m
[37m2026-04-07 16:55:00.158 [INFO] __main__: WINDOW_DECISION [SKIP] rank=1 side=up pnl=$0.0000 entry=0.00 size=$0.00 (conditions not met)[0m
[96m[1m2026-04-07 16:55:00.158 [INFO] strategy.window_tracker: new window: btc-updown-5m-1775580900 (ts=1775580900)[0m
[96m2026-04-07 16:55:00.236 [INFO] __main__: REGIME vol_stddev=0.129% chop_flips=3.3 sprt=dormant llr=1.35 age=48w bankroll=$958.94[0m
[96m2026-04-07 16:55:00.236 [INFO] __main__: KELLY wr_adj=91.1% base=97.5% vol_disc=2.1% chop_disc=1.3% feedback=+0.0%[0m
[96m2026-04-07 16:55:00.236 [INFO] __main__: window open price captured: 68233.51 (chainlink)[0m
2026-04-07 16:55:00.824 [INFO] market_data.clob_market_ws: CLOB market subscribed for tokens up=157228240932 down=606079504145
[2m2026-04-07 16:55:25.344 [INFO] __main__: STATUS t=275s delta=-0.0073% dir=down agree=False chain=68228.50 bin=68239.96 open=68233.51 obi=-0.8731 ask_up=0.47 ask_dn=0.54 bid_up=0.46 bid_dn=0.53 halted=False[0m
[2m2026-04-07 16:55:55.426 [INFO] __main__: STATUS t=245s delta=0.0010% dir=up agree=True chain=68234.18 bin=68246.20 open=68233.51 obi=0.6546 ask_up=0.53 ask_dn=0.48 bid_up=0.52 bid_dn=0.47 halted=False[0m
[2m2026-04-07 16:56:25.529 [INFO] __main__: STATUS t=214s delta=-0.0138% dir=down agree=False chain=68224.06 bin=68236.27 open=68233.51 obi=-0.6014 ask_up=0.44 ask_dn=0.57 bid_up=0.43 bid_dn=0.56 halted=False[0m
[2m2026-04-07 16:56:55.616 [INFO] __main__: STATUS t=184s delta=-0.0564% dir=down agree=True chain=68195.04 bin=68199.77 open=68233.51 obi=0.9097 ask_up=0.22 ask_dn=0.79 bid_up=0.21 bid_dn=0.78 halted=False[0m
[2m2026-04-07 16:57:25.708 [INFO] __main__: STATUS t=154s delta=-0.0522% dir=down agree=True chain=68197.86 bin=68212.65 open=68233.51 obi=-0.0760 ask_up=0.25 ask_dn=0.76 bid_up=0.24 bid_dn=0.75 halted=False[0m
[37m2026-04-07 16:57:30.223 [INFO] strategy.momentum_signal: [SKIP] rank=1 side=up reason=conditions_not_met latest_pct=-0.0306 need=>=0.07 stddev=0.0238 max_var=0.050[0m
[2m2026-04-07 16:57:55.795 [INFO] __main__: STATUS t=124s delta=-0.0298% dir=down agree=True chain=68213.20 bin=68224.85 open=68233.51 obi=-0.4709 ask_up=0.32 ask_dn=0.69 bid_up=0.31 bid_dn=0.68 halted=False[0m
[2m2026-04-07 16:58:25.885 [INFO] __main__: STATUS t=94s delta=-0.0289% dir=down agree=True chain=68213.78 bin=68224.99 open=68233.51 obi=0.6429 ask_up=0.32 ask_dn=0.69 bid_up=0.31 bid_dn=0.68 halted=False[0m
[2m2026-04-07 16:58:55.972 [INFO] __main__: STATUS t=64s delta=-0.0218% dir=down agree=True chain=68218.65 bin=68225.01 open=68233.51 obi=0.9929 ask_up=0.28 ask_dn=0.73 bid_up=0.27 bid_dn=0.72 halted=False[0m
[2m2026-04-07 16:59:26.051 [INFO] __main__: STATUS t=34s delta=-0.0183% dir=down agree=True chain=68221.01 bin=68229.99 open=68233.51 obi=0.5765 ask_up=0.20 ask_dn=0.81 bid_up=0.19 bid_dn=0.80 halted=False[0m
2026-04-07 16:59:31.270 [INFO] shared.ipc: IPC: received authenticated signal_update (summary=signals_summary_1775581173.json)
2026-04-07 16:59:31.270 [INFO] __main__: received new signal from orchestrator: rank=1 side=Up
[2m2026-04-07 16:59:56.144 [INFO] __main__: STATUS t=4s delta=-0.0179% dir=down agree=True chain=68221.31 bin=68229.99 open=68233.51 obi=0.6744 ask_up=0.02 ask_dn=0.99 bid_up=0.01 bid_dn=0.98 halted=False[0m
[37m2026-04-07 17:00:00.158 [INFO] execution.paper_trading: paper window_ts=1775580900 [SKIP] pnl=0.0000 direction=down outcome=down - balance=$959.42 bid_up=0.01 ask_up=0.01 bid_dn=0.99 ask_dn=1.00[0m
[93m[1m2026-04-07 17:00:00.159 [INFO] risk.position_tracker: WINDOW_SUMMARY window_pnl=$0.0000 session_pnl=$-40.5764 won=$9.0136 lost=$49.5900 wr=33.3% (1/3) consec_losses=1[0m
[96m2026-04-07 17:00:00.161 [INFO] __main__: REGIME chop_detected flips=5 delta_range=0.0651% avg_flips=3.8 over=6_windows[0m
[37m2026-04-07 17:00:00.163 [INFO] __main__: WINDOW_DECISION [SKIP] rank=1 side=up pnl=$0.0000 entry=0.00 size=$0.00 (conditions not met)[0m
[95m2026-04-07 17:00:00.164 [INFO] __main__: Signal refreshed (same pattern): up_280.0_150.0_0.07_0.05 — rank 1->1, keeping SPRT state (age=49w, trades=3, LLR=1.35)[0m
2026-04-07 17:00:00.164 [INFO] __main__: SIGNAL_SWAP_ACTIVE: {"rank":1,"side":"up","observeFromS":280.0,"observeToS":150.0,"minDeltaPct":0.07,"maxVariancePct":0.05,"trainWinRatePct":91.57,"oosWinRatePct":95.0,"oosBhAdjustedPValue":1.12955e-15,"oosMatches":40,"avgEntryPrice":0.8695,"evPerTrade":0.0505,"smartScore":19.89,"wfFoldsAppeared":4,"wfTotalTestFolds":6,"wfFoldIndices":[2,3,6,7]}
2026-04-07 17:00:00.165 [INFO] __main__: switched to new signal: #1 up (previous: #1 up)
[96m[1m2026-04-07 17:00:00.165 [INFO] strategy.window_tracker: new window: btc-updown-5m-1775581200 (ts=1775581200)[0m
[96m2026-04-07 17:00:00.247 [INFO] __main__: REGIME vol_stddev=0.117% chop_flips=3.8 sprt=dormant llr=1.35 age=49w bankroll=$958.94[0m
[96m2026-04-07 17:00:00.248 [INFO] __main__: KELLY wr_adj=87.6% base=95.0% vol_disc=1.3% chop_disc=3.1% feedback=+0.0%[0m
[96m2026-04-07 17:00:00.248 [INFO] __main__: window open price captured: 68221.44 (chainlink)[0m
2026-04-07 17:00:01.027 [INFO] market_data.clob_market_ws: CLOB market subscribed for tokens up=989514491750 down=709464886088
[2m2026-04-07 17:00:26.385 [INFO] __main__: STATUS t=274s delta=-0.0394% dir=down agree=True chain=68194.55 bin=68206.06 open=68221.44 obi=0.2707 ask_up=0.35 ask_dn=0.67 bid_up=0.33 bid_dn=0.65 halted=False[0m
[2m2026-04-07 17:00:56.475 [INFO] __main__: STATUS t=244s delta=-0.0117% dir=down agree=False chain=68213.49 bin=68222.01 open=68221.44 obi=-0.9112 ask_up=0.49 ask_dn=0.52 bid_up=0.48 bid_dn=0.51 halted=False[0m
[2m2026-04-07 17:01:26.566 [INFO] __main__: STATUS t=213s delta=-0.0148% dir=down agree=False chain=68211.35 bin=68228.41 open=68221.44 obi=0.8640 ask_up=0.52 ask_dn=0.49 bid_up=0.51 bid_dn=0.48 halted=False[0m
[2m2026-04-07 17:01:56.665 [INFO] __main__: STATUS t=183s delta=0.0086% dir=up agree=True chain=68227.34 bin=68244.76 open=68221.44 obi=-0.8986 ask_up=0.59 ask_dn=0.42 bid_up=0.58 bid_dn=0.41 halted=False[0m
[2m2026-04-07 17:02:26.753 [INFO] __main__: STATUS t=153s delta=0.0857% dir=up agree=True chain=68279.89 bin=68295.53 open=68221.44 obi=-0.5745 ask_up=0.88 ask_dn=0.13 bid_up=0.87 bid_dn=0.12 halted=False[0m
[96m2026-04-07 17:02:30.013 [INFO] strategy.momentum_signal: KELLY sizing: p_adj=0.876 base=0.920 vol_disc=0.013 chop_disc=0.031 feedback=+0.000[0m
[96m2026-04-07 17:02:30.013 [INFO] strategy.momentum_signal: KELLY bet: entry=0.80 raw_f=0.381 frac_f=0.095 bankroll=$958.94 kelly_bet=$23.97 sprt=1.00 final=$23.97[0m
[92m[1m2026-04-07 17:02:30.013 [INFO] strategy.momentum_signal: FIRED rank=1 side=up t=150.0s dir=0.0771% stddev=0.0381% n=518 oos_wr=95.0% bh_p=1.13e-15 avg_entry=0.87 ask=0.80 size=$23.97[0m
2026-04-07 17:02:30.013 [INFO] execution.paper_trading: paper momentum1 maker: id=paper-4 price=0.79 size=30.3418 [resting]
2026-04-07 17:02:30.013 [INFO] strategy.momentum_signal: MAKER PLACED rank=1 side=up price=0.79 (ask=0.80 -1tick) size=$23.97 timeout=20s
[92m[1m2026-04-07 17:02:32.522 [INFO] execution.paper_trading: paper momentum1 maker fill: id=paper-4 price=0.79[0m
2026-04-07 17:02:32.522 [INFO] strategy.momentum_signal: MAKER FILLED rank=1 side=up price=0.79 size=$23.97
[2m2026-04-07 17:02:56.838 [INFO] __main__: STATUS t=123s delta=0.0732% dir=up agree=True chain=68271.40 bin=68285.99 open=68221.44 obi=0.9747 ask_up=0.90 ask_dn=0.11 bid_up=0.89 bid_dn=0.10 halted=False[0m
[2m2026-04-07 17:03:26.992 [INFO] __main__: STATUS t=93s delta=0.0921% dir=up agree=True chain=68284.27 bin=68297.43 open=68221.44 obi=-0.8646 ask_up=0.96 ask_dn=0.05 bid_up=0.95 bid_dn=0.04 halted=False[0m
[2m2026-04-07 17:03:57.086 [INFO] __main__: STATUS t=63s delta=0.1302% dir=up agree=True chain=68310.29 bin=68324.22 open=68221.44 obi=-0.9927 ask_up=0.99 ask_dn=0.02 bid_up=0.98 bid_dn=0.01 halted=False[0m
[2m2026-04-07 17:04:27.192 [INFO] __main__: STATUS t=33s delta=0.1418% dir=up agree=True chain=68318.20 bin=68334.54 open=68221.44 obi=-0.6996 ask_up=1.00 ask_dn=0.01 bid_up=0.99 bid_dn=0.01 halted=False[0m
[2m2026-04-07 17:04:57.290 [INFO] __main__: STATUS t=3s delta=0.1616% dir=up agree=True chain=68331.71 bin=68347.00 open=68221.44 obi=-0.9035 ask_up=1.00 ask_dn=0.01 bid_up=0.99 bid_dn=0.01 halted=False[0m
[92m[1m2026-04-07 17:05:00.055 [INFO] execution.paper_trading: paper window_ts=1775581200 [WIN] pnl=6.3718 direction=up outcome=up rule#1(fill) balance=$965.80 bid_up=0.99 ask_up=1.00 bid_dn=0.01 ask_dn=0.01[0m
[93m[1m2026-04-07 17:05:00.056 [INFO] risk.position_tracker: WINDOW_SUMMARY window_pnl=$6.3718 session_pnl=$-34.2046 won=$15.3854 lost=$49.5900 wr=50.0% (2/4) consec_losses=0[0m
[96m2026-04-07 17:05:00.061 [INFO] __main__: REGIME chop_detected flips=9 delta_range=0.2015% avg_flips=4.8 over=6_windows[0m
[92m[1m2026-04-07 17:05:00.061 [INFO] __main__: WINDOW_DECISION [WIN] rank=1 side=up pnl=$6.3718 entry=0.79 size=$23.97[0m
[2m2026-04-07 17:05:00.061 [INFO] __main__: STATUS signal=up_280.0_150.0_0.07_0.05 age=50w since_last_fire=0w[0m
[96m[1m2026-04-07 17:05:00.063 [INFO] strategy.window_tracker: new window: btc-updown-5m-1775581500 (ts=1775581500)[0m
[96m2026-04-07 17:05:00.174 [INFO] __main__: REGIME vol_stddev=0.120% chop_flips=4.8 sprt=dormant llr=1.29 age=50w bankroll=$965.18[0m
[96m2026-04-07 17:05:00.175 [INFO] __main__: KELLY wr_adj=83.6% base=95.0% vol_disc=1.5% chop_disc=6.9% feedback=+0.0%[0m
[96m2026-04-07 17:05:00.175 [INFO] __main__: window open price captured: 68331.91 (chainlink)[0m
2026-04-07 17:05:00.238 [INFO] market_data.clob_market_ws: CLOB market subscribed for tokens up=459378944647 down=989804548703
[2m2026-04-07 17:05:27.291 [INFO] __main__: STATUS t=273s delta=-0.0274% dir=down agree=True chain=68313.21 bin=68328.00 open=68331.91 obi=-0.8756 ask_up=0.45 ask_dn=0.56 bid_up=0.44 bid_dn=0.55 halted=False[0m
[2m2026-04-07 17:05:57.380 [INFO] __main__: STATUS t=243s delta=-0.0490% dir=down agree=True chain=68298.41 bin=68313.91 open=68331.91 obi=0.2248 ask_up=0.37 ask_dn=0.64 bid_up=0.36 bid_dn=0.63 halted=False[0m
2026-04-07 17:06:26.047 [INFO] utils.reconnect: rtds connected to wss://ws-live-data.polymarket.com
2026-04-07 17:06:26.048 [INFO] market_data.rtds_ws: RTDS subscribed to chainlink
[2m2026-04-07 17:06:27.484 [INFO] __main__: STATUS t=213s delta=-0.0343% dir=down agree=True chain=68308.50 bin=68322.98 open=68331.91 obi=0.6799 ask_up=0.42 ask_dn=0.59 bid_up=0.41 bid_dn=0.58 halted=False[0m
[2m2026-04-07 17:06:57.567 [INFO] __main__: STATUS t=182s delta=-0.0168% dir=down agree=True chain=68320.46 bin=68330.50 open=68331.91 obi=-0.1285 ask_up=0.45 ask_dn=0.56 bid_up=0.44 bid_dn=0.55 halted=False[0m
[2m2026-04-07 17:07:27.683 [INFO] __main__: STATUS t=152s delta=-0.0223% dir=down agree=True chain=68316.69 bin=68326.66 open=68331.91 obi=0.5147 ask_up=0.45 ask_dn=0.56 bid_up=0.44 bid_dn=0.55 halted=False[0m
[37m2026-04-07 17:07:30.191 [INFO] strategy.momentum_signal: [SKIP] rank=1 side=up reason=conditions_not_met latest_pct=-0.0077 need=>=0.07 stddev=0.0160 max_var=0.050[0m
[2m2026-04-07 17:07:57.774 [INFO] __main__: STATUS t=122s delta=-0.0568% dir=down agree=True chain=68293.09 bin=68304.00 open=68331.91 obi=0.9891 ask_up=0.28 ask_dn=0.74 bid_up=0.26 bid_dn=0.72 halted=False[0m
[2m2026-04-07 17:08:27.876 [INFO] __main__: STATUS t=92s delta=-0.0327% dir=down agree=True chain=68309.53 bin=68322.14 open=68331.91 obi=0.0669 ask_up=0.37 ask_dn=0.64 bid_up=0.36 bid_dn=0.63 halted=False[0m
[2m2026-04-07 17:08:57.966 [INFO] __main__: STATUS t=62s delta=-0.0324% dir=down agree=True chain=68309.74 bin=68322.15 open=68331.91 obi=0.0865 ask_up=0.36 ask_dn=0.65 bid_up=0.35 bid_dn=0.64 halted=False[0m
[2m2026-04-07 17:09:28.054 [INFO] __main__: STATUS t=32s delta=0.0081% dir=up agree=True chain=68337.47 bin=68350.23 open=68331.91 obi=0.0877 ask_up=0.84 ask_dn=0.17 bid_up=0.83 bid_dn=0.16 halted=False[0m
[2m2026-04-07 17:09:58.158 [INFO] __main__: STATUS t=2s delta=-0.0249% dir=down agree=False chain=68314.90 bin=68342.87 open=68331.91 obi=-0.7279 ask_up=0.90 ask_dn=0.11 bid_up=0.89 bid_dn=0.10 halted=False[0m
[37m2026-04-07 17:10:00.164 [INFO] execution.paper_trading: paper window_ts=1775581500 [SKIP] pnl=0.0000 direction=down outcome=down - balance=$965.80 bid_up=0.96 ask_up=0.99 bid_dn=0.01 ask_dn=0.04[0m
[93m[1m2026-04-07 17:10:00.164 [INFO] risk.position_tracker: WINDOW_SUMMARY window_pnl=$0.0000 session_pnl=$-34.2046 won=$15.3854 lost=$49.5900 wr=50.0% (2/4) consec_losses=0[0m
[96m2026-04-07 17:10:00.170 [INFO] __main__: REGIME chop_detected flips=4 delta_range=0.0757% avg_flips=5.5 over=6_windows[0m
[37m2026-04-07 17:10:00.172 [INFO] __main__: WINDOW_DECISION [SKIP] rank=1 side=up pnl=$0.0000 entry=0.00 size=$0.00 (conditions not met)[0m
[96m[1m2026-04-07 17:10:00.172 [INFO] strategy.window_tracker: new window: btc-updown-5m-1775581800 (ts=1775581800)[0m
[96m2026-04-07 17:10:00.234 [INFO] __main__: REGIME vol_stddev=0.120% chop_flips=5.5 sprt=dormant llr=1.29 age=51w bankroll=$965.18[0m
[96m2026-04-07 17:10:00.234 [INFO] __main__: KELLY wr_adj=83.0% base=95.0% vol_disc=1.5% chop_disc=7.5% feedback=+0.0%[0m
[96m2026-04-07 17:10:00.235 [INFO] __main__: window open price captured: 68317.83 (chainlink)[0m
2026-04-07 17:10:00.453 [INFO] market_data.clob_market_ws: CLOB market subscribed for tokens up=270807530101 down=662242958817
[2m2026-04-07 17:10:28.322 [INFO] __main__: STATUS t=272s delta=0.0147% dir=up agree=True chain=68327.90 bin=68338.00 open=68317.83 obi=0.9485 ask_up=0.55 ask_dn=0.46 bid_up=0.54 bid_dn=0.45 halted=False[0m
[2m2026-04-07 17:10:58.404 [INFO] __main__: STATUS t=242s delta=0.0260% dir=up agree=True chain=68335.59 bin=68346.64 open=68317.83 obi=0.7334 ask_up=0.59 ask_dn=0.42 bid_up=0.58 bid_dn=0.41 halted=False[0m
[2m2026-04-07 17:11:28.496 [INFO] __main__: STATUS t=212s delta=-0.0413% dir=down agree=True chain=68289.61 bin=68300.09 open=68317.83 obi=-0.0447 ask_up=0.29 ask_dn=0.72 bid_up=0.28 bid_dn=0.71 halted=False[0m
[2m2026-04-07 17:11:58.576 [INFO] __main__: STATUS t=181s delta=-0.0396% dir=down agree=True chain=68290.76 bin=68300.08 open=68317.83 obi=-0.1663 ask_up=0.25 ask_dn=0.76 bid_up=0.24 bid_dn=0.75 halted=False[0m
[2m2026-04-07 17:12:28.680 [INFO] __main__: STATUS t=151s delta=-0.0363% dir=down agree=True chain=68293.02 bin=68303.00 open=68317.83 obi=-0.7269 ask_up=0.23 ask_dn=0.78 bid_up=0.22 bid_dn=0.77 halted=False[0m
[37m2026-04-07 17:12:30.187 [INFO] strategy.momentum_signal: [SKIP] rank=1 side=up reason=conditions_not_met latest_pct=-0.0217 need=>=0.07 stddev=0.0337 max_var=0.050[0m
[2m2026-04-07 17:12:58.761 [INFO] __main__: STATUS t=121s delta=0.0151% dir=up agree=True chain=68328.15 bin=68338.88 open=68317.83 obi=0.7937 ask_up=0.55 ask_dn=0.46 bid_up=0.54 bid_dn=0.45 halted=False[0m
[2m2026-04-07 17:13:28.862 [INFO] __main__: STATUS t=91s delta=0.0024% dir=up agree=True chain=68319.49 bin=68325.94 open=68317.83 obi=-0.9120 ask_up=0.44 ask_dn=0.57 bid_up=0.43 bid_dn=0.56 halted=False[0m
[2m2026-04-07 17:13:58.949 [INFO] __main__: STATUS t=61s delta=-0.0590% dir=down agree=True chain=68277.55 bin=68289.67 open=68317.83 obi=-0.2651 ask_up=0.07 ask_dn=0.94 bid_up=0.06 bid_dn=0.93 halted=False[0m
[2m2026-04-07 17:14:29.062 [INFO] __main__: STATUS t=31s delta=-0.0466% dir=down agree=True chain=68285.96 bin=68294.06 open=68317.83 obi=-0.9267 ask_up=0.04 ask_dn=0.97 bid_up=0.03 bid_dn=0.96 halted=False[0m
[2m2026-04-07 17:14:59.159 [INFO] __main__: STATUS t=1s delta=-0.0383% dir=down agree=True chain=68291.65 bin=68304.63 open=68317.83 obi=0.6365 ask_up=0.01 ask_dn=1.00 bid_up=0.01 bid_dn=0.99 halted=False[0m
[37m2026-04-07 17:15:00.162 [INFO] execution.paper_trading: paper window_ts=1775581800 [SKIP] pnl=0.0000 direction=down outcome=down - balance=$965.80 bid_up=0.01 ask_up=0.01 bid_dn=0.99 ask_dn=1.00[0m
[93m[1m2026-04-07 17:15:00.163 [INFO] risk.position_tracker: WINDOW_SUMMARY window_pnl=$0.0000 session_pnl=$-34.2046 won=$15.3854 lost=$49.5900 wr=50.0% (2/4) consec_losses=0[0m
[96m2026-04-07 17:15:00.164 [INFO] __main__: REGIME chop_detected flips=3 delta_range=0.1071% avg_flips=4.3 over=6_windows[0m
[37m2026-04-07 17:15:00.165 [INFO] __main__: WINDOW_DECISION [SKIP] rank=1 side=up pnl=$0.0000 entry=0.00 size=$0.00 (conditions not met)[0m
[96m[1m2026-04-07 17:15:00.165 [INFO] strategy.window_tracker: new window: btc-updown-5m-1775582100 (ts=1775582100)[0m
[96m2026-04-07 17:15:00.229 [INFO] __main__: REGIME vol_stddev=0.121% chop_flips=4.3 sprt=dormant llr=1.29 age=52w bankroll=$965.18[0m
[96m2026-04-07 17:15:00.229 [INFO] __main__: KELLY wr_adj=85.4% base=95.0% vol_disc=1.6% chop_disc=5.0% feedback=+0.0%[0m
[96m2026-04-07 17:15:00.230 [INFO] __main__: window open price captured: 68292.34 (chainlink)[0m
2026-04-07 17:15:00.647 [INFO] market_data.clob_market_ws: CLOB market subscribed for tokens up=682196051580 down=893064656176
[2m2026-04-07 17:15:29.355 [INFO] __main__: STATUS t=271s delta=-0.0034% dir=down agree=True chain=68290.01 bin=68292.08 open=68292.34 obi=-0.6436 ask_up=0.42 ask_dn=0.59 bid_up=0.41 bid_dn=0.58 halted=False[0m
[2m2026-04-07 17:15:59.439 [INFO] __main__: STATUS t=241s delta=0.0040% dir=up agree=True chain=68295.06 bin=68310.97 open=68292.34 obi=0.9513 ask_up=0.54 ask_dn=0.47 bid_up=0.53 bid_dn=0.46 halted=False[0m
[2m2026-04-07 17:16:29.529 [INFO] __main__: STATUS t=210s delta=0.0510% dir=up agree=True chain=68327.14 bin=68341.07 open=68292.34 obi=0.2773 ask_up=0.75 ask_dn=0.26 bid_up=0.74 bid_dn=0.25 halted=False[0m
[2m2026-04-07 17:16:59.613 [INFO] __main__: STATUS t=180s delta=0.0645% dir=up agree=True chain=68336.37 bin=68344.65 open=68292.34 obi=-0.5367 ask_up=0.75 ask_dn=0.26 bid_up=0.74 bid_dn=0.25 halted=False[0m
[2m2026-04-07 17:17:29.708 [INFO] __main__: STATUS t=150s delta=0.0409% dir=up agree=True chain=68320.27 bin=68331.58 open=68292.34 obi=0.9214 ask_up=0.73 ask_dn=0.28 bid_up=0.72 bid_dn=0.27 halted=False[0m
[37m2026-04-07 17:17:30.210 [INFO] strategy.momentum_signal: [SKIP] rank=1 side=up reason=conditions_not_met latest_pct=0.0575 need=>=0.07 stddev=0.0267 max_var=0.050[0m
[2m2026-04-07 17:17:59.790 [INFO] __main__: STATUS t=120s delta=-0.0225% dir=down agree=True chain=68276.97 bin=68269.46 open=68292.34 obi=-0.8718 ask_up=0.21 ask_dn=0.80 bid_up=0.20 bid_dn=0.79 halted=False[0m
[2m2026-04-07 17:18:29.882 [INFO] __main__: STATUS t=90s delta=-0.0674% dir=down agree=True chain=68246.33 bin=68252.74 open=68292.34 obi=-0.9727 ask_up=0.16 ask_dn=0.85 bid_up=0.15 bid_dn=0.84 halted=False[0m
[2m2026-04-07 17:18:59.971 [INFO] __main__: STATUS t=60s delta=-0.0950% dir=down agree=True chain=68227.49 bin=68238.80 open=68292.34 obi=0.4922 ask_up=0.99 ask_dn=0.99 bid_up=0.01 bid_dn=0.01 halted=False[0m
[2m2026-04-07 17:19:30.078 [INFO] __main__: STATUS t=30s delta=-0.0974% dir=down agree=True chain=68225.85 bin=68251.99 open=68292.34 obi=0.5182 ask_up=0.01 ask_dn=1.00 bid_up=0.01 bid_dn=0.99 halted=False[0m
[2m2026-04-07 17:20:00.168 [INFO] __main__: STATUS t=300s delta=-0.0564% dir=down agree=True chain=68253.81 bin=68269.44 open=68292.34 obi=-0.1228 ask_up=0.01 ask_dn=1.00 bid_up=0.01 bid_dn=0.99 halted=False[0m
[37m2026-04-07 17:20:00.170 [INFO] execution.paper_trading: paper window_ts=1775582100 [SKIP] pnl=0.0000 direction=down outcome=down - balance=$965.80 bid_up=0.01 ask_up=0.01 bid_dn=0.99 ask_dn=1.00[0m
[93m[1m2026-04-07 17:20:00.170 [INFO] risk.position_tracker: WINDOW_SUMMARY window_pnl=$0.0000 session_pnl=$-34.2046 won=$15.3854 lost=$49.5900 wr=50.0% (2/4) consec_losses=0[0m
[96m2026-04-07 17:20:00.177 [INFO] __main__: REGIME chop_detected flips=4 delta_range=0.1816% avg_flips=4.8 over=6_windows[0m
[37m2026-04-07 17:20:00.177 [INFO] __main__: WINDOW_DECISION [SKIP] rank=1 side=up pnl=$0.0000 entry=0.00 size=$0.00 (conditions not met)[0m
[96m[1m2026-04-07 17:20:00.177 [INFO] strategy.window_tracker: new window: btc-updown-5m-1775582400 (ts=1775582400)[0m
[96m2026-04-07 17:20:00.273 [INFO] __main__: REGIME vol_stddev=0.111% chop_flips=4.8 sprt=dormant llr=1.29 age=53w bankroll=$965.18[0m
[96m2026-04-07 17:20:00.273 [INFO] __main__: KELLY wr_adj=84.3% base=95.0% vol_disc=0.8% chop_disc=6.9% feedback=+0.0%[0m
[96m2026-04-07 17:20:00.273 [INFO] __main__: window open price captured: 68253.81 (chainlink)[0m
2026-04-07 17:20:00.847 [INFO] market_data.clob_market_ws: CLOB market subscribed for tokens up=594822229352 down=472415135297
[2m2026-04-07 17:20:30.369 [INFO] __main__: STATUS t=270s delta=-0.0118% dir=down agree=False chain=68245.74 bin=68257.98 open=68253.81 obi=-0.9628 ask_up=0.42 ask_dn=0.59 bid_up=0.41 bid_dn=0.58 halted=False[0m
[2m2026-04-07 17:21:00.463 [INFO] __main__: STATUS t=240s delta=-0.0823% dir=down agree=True chain=68197.64 bin=68206.16 open=68253.81 obi=0.5034 ask_up=0.20 ask_dn=0.81 bid_up=0.19 bid_dn=0.80 halted=False[0m
[2m2026-04-07 17:21:30.553 [INFO] __main__: STATUS t=209s delta=-0.0985% dir=down agree=True chain=68186.55 bin=68198.41 open=68253.81 obi=-0.2079 ask_up=0.14 ask_dn=0.87 bid_up=0.13 bid_dn=0.86 halted=False[0m
[2m2026-04-07 17:22:00.639 [INFO] __main__: STATUS t=179s delta=-0.0898% dir=down agree=True chain=68192.55 bin=68203.48 open=68253.81 obi=-0.9681 ask_up=0.14 ask_dn=0.87 bid_up=0.13 bid_dn=0.86 halted=False[0m
[37m2026-04-07 17:22:30.238 [INFO] strategy.momentum_signal: [SKIP] rank=1 side=up reason=conditions_not_met latest_pct=-0.0415 need=>=0.07 stddev=0.0250 max_var=0.050[0m
[2m2026-04-07 17:22:30.740 [INFO] __main__: STATUS t=149s delta=-0.0567% dir=down agree=True chain=68215.12 bin=68225.49 open=68253.81 obi=0.9346 ask_up=0.22 ask_dn=0.79 bid_up=0.21 bid_dn=0.78 halted=False[0m
[2m2026-04-07 17:23:00.822 [INFO] __main__: STATUS t=119s delta=-0.0371% dir=down agree=True chain=68228.46 bin=68242.00 open=68253.81 obi=-0.7555 ask_up=0.27 ask_dn=0.74 bid_up=0.26 bid_dn=0.73 halted=False[0m
[2m2026-04-07 17:23:30.905 [INFO] __main__: STATUS t=89s delta=-0.0019% dir=down agree=False chain=68252.53 bin=68267.22 open=68253.81 obi=-0.0154 ask_up=0.46 ask_dn=0.55 bid_up=0.45 bid_dn=0.54 halted=False[0m
[2m2026-04-07 17:24:00.990 [INFO] __main__: STATUS t=59s delta=0.0972% dir=up agree=True chain=68320.15 bin=68340.15 open=68253.81 obi=0.9755 ask_up=0.97 ask_dn=0.04 bid_up=0.96 bid_dn=0.03 halted=False[0m
[2m2026-04-07 17:24:31.108 [INFO] __main__: STATUS t=29s delta=0.1495% dir=up agree=True chain=68355.85 bin=68370.53 open=68253.81 obi=-0.5887 ask_up=1.00 ask_dn=0.01 bid_up=0.99 bid_dn=0.01 halted=False[0m
[37m2026-04-07 17:25:00.205 [INFO] execution.paper_trading: paper window_ts=1775582400 [SKIP] pnl=0.0000 direction=up outcome=up - balance=$965.80 bid_up=0.99 ask_up=1.00 bid_dn=0.01 ask_dn=0.01[0m
[93m[1m2026-04-07 17:25:00.206 [INFO] risk.position_tracker: WINDOW_SUMMARY window_pnl=$0.0000 session_pnl=$-34.2046 won=$15.3854 lost=$49.5900 wr=50.0% (2/4) consec_losses=0[0m
[96m2026-04-07 17:25:00.207 [INFO] __main__: REGIME chop_detected flips=4 delta_range=0.2546% avg_flips=4.8 over=6_windows[0m
[37m2026-04-07 17:25:00.210 [INFO] __main__: WINDOW_DECISION [SKIP] rank=1 side=up pnl=$0.0000 entry=0.00 size=$0.00 (conditions not met)[0m
[96m[1m2026-04-07 17:25:00.210 [INFO] strategy.window_tracker: new window: btc-updown-5m-1775582700 (ts=1775582700)[0m
[96m2026-04-07 17:25:00.271 [INFO] __main__: REGIME vol_stddev=0.113% chop_flips=4.8 sprt=dormant llr=1.29 age=54w bankroll=$965.18[0m
[96m2026-04-07 17:25:00.271 [INFO] __main__: KELLY wr_adj=84.2% base=95.0% vol_disc=1.0% chop_disc=6.9% feedback=+0.0%[0m
[96m2026-04-07 17:25:00.271 [INFO] __main__: window open price captured: 68340.73 (chainlink)[0m
2026-04-07 17:25:01.088 [INFO] market_data.clob_market_ws: CLOB market subscribed for tokens up=627178313176 down=104684515646
[2m2026-04-07 17:25:01.274 [INFO] __main__: STATUS t=299s delta=-0.0000% dir=down agree=False chain=68340.72 bin=68355.27 open=68340.73 obi=-0.1846 ask_up=0.52 ask_dn=0.49 bid_up=0.51 bid_dn=0.48 halted=False[0m
[2m2026-04-07 17:25:31.359 [INFO] __main__: STATUS t=269s delta=0.0233% dir=up agree=True chain=68356.67 bin=68369.97 open=68340.73 obi=0.8236 ask_up=0.59 ask_dn=0.42 bid_up=0.58 bid_dn=0.41 halted=False[0m
[2m2026-04-07 17:26:01.448 [INFO] __main__: STATUS t=239s delta=0.0326% dir=up agree=True chain=68363.03 bin=68374.41 open=68340.73 obi=0.8903 ask_up=0.65 ask_dn=0.36 bid_up=0.64 bid_dn=0.35 halted=False[0m
[2m2026-04-07 17:26:31.549 [INFO] __main__: STATUS t=208s delta=0.0731% dir=up agree=True chain=68390.70 bin=68405.80 open=68340.73 obi=-0.6291 ask_up=0.79 ask_dn=0.22 bid_up=0.78 bid_dn=0.21 halted=False[0m
[2m2026-04-07 17:27:01.631 [INFO] __main__: STATUS t=178s delta=0.0650% dir=up agree=True chain=68385.15 bin=68396.12 open=68340.73 obi=-0.2959 ask_up=0.75 ask_dn=0.26 bid_up=0.74 bid_dn=0.25 halted=False[0m
[37m2026-04-07 17:27:30.212 [INFO] strategy.momentum_signal: [SKIP] rank=1 side=up reason=conditions_not_met latest_pct=0.0600 need=>=0.07 stddev=0.0176 max_var=0.050[0m
[2m2026-04-07 17:27:31.717 [INFO] __main__: STATUS t=148s delta=0.0443% dir=up agree=True chain=68371.00 bin=68386.73 open=68340.73 obi=0.4748 ask_up=0.75 ask_dn=0.27 bid_up=0.73 bid_dn=0.25 halted=False[0m
[2m2026-04-07 17:28:01.810 [INFO] __main__: STATUS t=118s delta=0.0589% dir=up agree=True chain=68380.99 bin=68393.92 open=68340.73 obi=-0.1956 ask_up=0.81 ask_dn=0.20 bid_up=0.80 bid_dn=0.19 halted=False[0m
[2m2026-04-07 17:28:31.898 [INFO] __main__: STATUS t=88s delta=0.0394% dir=up agree=True chain=68367.65 bin=68381.10 open=68340.73 obi=-0.7818 ask_up=0.74 ask_dn=0.27 bid_up=0.73 bid_dn=0.26 halted=False[0m
[2m2026-04-07 17:29:01.991 [INFO] __main__: STATUS t=58s delta=0.0394% dir=up agree=True chain=68367.66 bin=68377.29 open=68340.73 obi=-0.8819 ask_up=0.78 ask_dn=0.24 bid_up=0.76 bid_dn=0.22 halted=False[0m
[2m2026-04-07 17:29:32.087 [INFO] __main__: STATUS t=28s delta=0.0409% dir=up agree=True chain=68368.70 bin=68380.40 open=68340.73 obi=-0.4472 ask_up=0.94 ask_dn=0.07 bid_up=0.93 bid_dn=0.06 halted=False[0m
[37m2026-04-07 17:30:00.184 [INFO] execution.paper_trading: paper window_ts=1775582700 [SKIP] pnl=0.0000 direction=up outcome=up - balance=$965.80 bid_up=0.99 ask_up=1.00 bid_dn=0.01 ask_dn=0.01[0m
[93m[1m2026-04-07 17:30:00.184 [INFO] risk.position_tracker: WINDOW_SUMMARY window_pnl=$0.0000 session_pnl=$-34.2046 won=$15.3854 lost=$49.5900 wr=50.0% (2/4) consec_losses=0[0m
[96m2026-04-07 17:30:00.187 [INFO] __main__: REGIME chop_detected flips=3 delta_range=0.1020% avg_flips=4.5 over=6_windows[0m
[37m2026-04-07 17:30:00.189 [INFO] __main__: WINDOW_DECISION [SKIP] rank=1 side=up pnl=$0.0000 entry=0.00 size=$0.00 (conditions not met)[0m
[96m[1m2026-04-07 17:30:00.189 [INFO] strategy.window_tracker: new window: btc-updown-5m-1775583000 (ts=1775583000)[0m
[96m2026-04-07 17:30:00.262 [INFO] __main__: REGIME vol_stddev=0.103% chop_flips=4.5 sprt=dormant llr=1.29 age=55w bankroll=$965.18[0m
[96m2026-04-07 17:30:00.263 [INFO] __main__: KELLY wr_adj=86.2% base=95.0% vol_disc=0.2% chop_disc=5.6% feedback=+0.0%[0m
[96m2026-04-07 17:30:00.263 [INFO] __main__: window open price captured: 68400.81 (chainlink)[0m
2026-04-07 17:30:00.295 [INFO] market_data.clob_market_ws: CLOB market subscribed for tokens up=114816979376 down=213175648475
[2m2026-04-07 17:30:02.282 [INFO] __main__: STATUS t=298s delta=0.0003% dir=up agree=True chain=68401.02 bin=68428.60 open=68400.81 obi=0.8662 ask_up=0.60 ask_dn=0.41 bid_up=0.59 bid_dn=0.40 halted=False[0m
[2m2026-04-07 17:30:32.406 [INFO] __main__: STATUS t=268s delta=0.0796% dir=up agree=True chain=68455.24 bin=68470.49 open=68400.81 obi=0.9196 ask_up=0.78 ask_dn=0.23 bid_up=0.77 bid_dn=0.22 halted=False[0m
[2m2026-04-07 17:31:02.500 [INFO] __main__: STATUS t=237s delta=0.0565% dir=up agree=True chain=68439.46 bin=68445.23 open=68400.81 obi=-0.4190 ask_up=0.64 ask_dn=0.37 bid_up=0.63 bid_dn=0.36 halted=False[0m
[2m2026-04-07 17:31:32.589 [INFO] __main__: STATUS t=207s delta=0.0902% dir=up agree=True chain=68462.50 bin=68473.01 open=68400.81 obi=0.3878 ask_up=0.80 ask_dn=0.21 bid_up=0.79 bid_dn=0.20 halted=False[0m
[2m2026-04-07 17:32:02.699 [INFO] __main__: STATUS t=177s delta=0.1058% dir=up agree=True chain=68473.18 bin=68483.99 open=68400.81 obi=0.8724 ask_up=0.88 ask_dn=0.13 bid_up=0.87 bid_dn=0.12 halted=False[0m
[37m2026-04-07 17:32:30.031 [INFO] strategy.momentum_signal: [SKIP] rank=1 side=up reason=KELLY_NO_EDGE p_adj=0.862 entry=0.92 raw_f=-0.730[0m
[2m2026-04-07 17:32:32.786 [INFO] __main__: STATUS t=147s delta=0.1225% dir=up agree=True chain=68484.57 bin=68507.63 open=68400.81 obi=0.9959 ask_up=0.95 ask_dn=0.06 bid_up=0.94 bid_dn=0.05 halted=False[0m
[2m2026-04-07 17:33:02.886 [INFO] __main__: STATUS t=117s delta=0.1608% dir=up agree=True chain=68510.78 bin=68526.00 open=68400.81 obi=0.3079 ask_up=0.97 ask_dn=0.04 bid_up=0.96 bid_dn=0.03 halted=False[0m
[2m2026-04-07 17:33:32.975 [INFO] __main__: STATUS t=87s delta=0.1549% dir=up agree=True chain=68506.73 bin=68518.00 open=68400.81 obi=0.0293 ask_up=0.99 ask_dn=0.02 bid_up=0.98 bid_dn=0.01 halted=False[0m
[2m2026-04-07 17:34:03.070 [INFO] __main__: STATUS t=57s delta=0.1448% dir=up agree=True chain=68499.88 bin=68488.24 open=68400.81 obi=-0.7743 ask_up=1.00 ask_dn=0.01 bid_up=0.99 bid_dn=0.01 halted=False[0m
[2m2026-04-07 17:34:33.174 [INFO] __main__: STATUS t=27s delta=0.1366% dir=up agree=True chain=68494.26 bin=68504.86 open=68400.81 obi=-0.9898 ask_up=1.00 ask_dn=0.01 bid_up=0.99 bid_dn=0.01 halted=False[0m
[37m2026-04-07 17:35:00.031 [INFO] execution.paper_trading: paper window_ts=1775583000 [SKIP] pnl=0.0000 direction=up outcome=up - balance=$965.80 bid_up=0.99 ask_up=1.00 bid_dn=0.01 ask_dn=0.01[0m
[93m[1m2026-04-07 17:35:00.031 [INFO] risk.position_tracker: WINDOW_SUMMARY window_pnl=$0.0000 session_pnl=$-34.2046 won=$15.3854 lost=$49.5900 wr=50.0% (2/4) consec_losses=0[0m
[37m2026-04-07 17:35:00.047 [INFO] __main__: WINDOW_DECISION [SKIP] rank=1 side=up pnl=$0.0000 entry=0.00 size=$0.00 (conditions not met)[0m
[96m[1m2026-04-07 17:35:00.047 [INFO] strategy.window_tracker: new window: btc-updown-5m-1775583300 (ts=1775583300)[0m
[96m2026-04-07 17:35:00.178 [INFO] __main__: REGIME vol_stddev=0.104% chop_flips=3.0 sprt=dormant llr=1.29 age=56w bankroll=$965.18[0m
[96m2026-04-07 17:35:00.179 [INFO] __main__: KELLY wr_adj=91.7% base=95.0% vol_disc=0.3% chop_disc=0.0% feedback=+0.0%[0m
[96m2026-04-07 17:35:00.179 [INFO] __main__: window open price captured: 68487.06 (chainlink)[0m
2026-04-07 17:35:00.513 [INFO] market_data.clob_market_ws: CLOB market subscribed for tokens up=579445320442 down=394905371287
[2m2026-04-07 17:35:03.195 [INFO] __main__: STATUS t=297s delta=0.0001% dir=up agree=True chain=68487.12 bin=68499.01 open=68487.06 obi=0.8071 ask_up=0.46 ask_dn=0.55 bid_up=0.45 bid_dn=0.54 halted=False[0m
[2m2026-04-07 17:35:33.285 [INFO] __main__: STATUS t=267s delta=0.0190% dir=up agree=True chain=68500.06 bin=68543.67 open=68487.06 obi=-0.0135 ask_up=0.99 ask_dn=0.99 bid_up=0.01 bid_dn=0.01 halted=False[0m
[2m2026-04-07 17:36:03.370 [INFO] __main__: STATUS t=237s delta=0.0832% dir=up agree=True chain=68544.04 bin=68539.43 open=68487.06 obi=0.2937 ask_up=0.65 ask_dn=0.36 bid_up=0.64 bid_dn=0.35 halted=False[0m
[2m2026-04-07 17:36:33.453 [INFO] __main__: STATUS t=207s delta=0.2941% dir=up agree=True chain=68688.46 bin=68714.92 open=68487.06 obi=0.4541 ask_up=0.98 ask_dn=0.03 bid_up=0.97 bid_dn=0.02 halted=False[0m
[2m2026-04-07 17:37:03.539 [INFO] __main__: STATUS t=176s delta=0.7220% dir=up agree=True chain=68981.53 bin=69000.00 open=68487.06 obi=-0.7518 ask_up=1.00 ask_dn=0.01 bid_up=0.99 bid_dn=0.01 halted=False[0m
[37m2026-04-07 17:37:30.131 [INFO] strategy.momentum_signal: [SKIP] rank=1 side=up reason=conditions_not_met latest_pct=0.5912 need=>=0.07 stddev=0.2518 max_var=0.050[0m
[2m2026-04-07 17:37:33.643 [INFO] __main__: STATUS t=146s delta=0.5889% dir=up agree=True chain=68890.38 bin=68900.16 open=68487.06 obi=0.4053 ask_up=1.00 ask_dn=0.01 bid_up=0.99 bid_dn=0.01 halted=False[0m
[2m2026-04-07 17:38:03.749 [INFO] __main__: STATUS t=116s delta=0.5077% dir=up agree=True chain=68834.77 bin=68855.45 open=68487.06 obi=0.9589 ask_up=1.00 ask_dn=0.01 bid_up=0.99 bid_dn=0.01 halted=False[0m
[2m2026-04-07 17:38:33.840 [INFO] __main__: STATUS t=86s delta=0.4939% dir=up agree=True chain=68825.33 bin=68825.00 open=68487.06 obi=-0.3769 ask_up=1.00 ask_dn=0.00 bid_up=1.00 bid_dn=0.00 halted=False[0m
[2m2026-04-07 17:39:03.926 [INFO] __main__: STATUS t=56s delta=0.4259% dir=up agree=True chain=68778.76 bin=68770.09 open=68487.06 obi=-0.9330 ask_up=1.00 ask_dn=0.00 bid_up=1.00 bid_dn=0.00 halted=False[0m
[2m2026-04-07 17:39:34.014 [INFO] __main__: STATUS t=26s delta=0.3434% dir=up agree=True chain=68722.26 bin=68732.59 open=68487.06 obi=0.8804 ask_up=1.00 ask_dn=0.01 bid_up=0.99 bid_dn=0.00 halted=False[0m
[37m2026-04-07 17:40:00.110 [INFO] execution.paper_trading: paper window_ts=1775583300 [SKIP] pnl=0.0000 direction=up outcome=up - balance=$965.80 bid_up=1.00 ask_up=1.00 bid_dn=0.00 ask_dn=0.00[0m
[93m[1m2026-04-07 17:40:00.111 [INFO] risk.position_tracker: WINDOW_SUMMARY window_pnl=$0.0000 session_pnl=$-34.2046 won=$15.3854 lost=$49.5900 wr=50.0% (2/4) consec_losses=0[0m
[96m2026-04-07 17:40:00.114 [INFO] __main__: REGIME chop_detected flips=3 delta_range=0.7270% avg_flips=2.8 over=6_windows[0m
[37m2026-04-07 17:40:00.115 [INFO] __main__: WINDOW_DECISION [SKIP] rank=1 side=up pnl=$0.0000 entry=0.00 size=$0.00 (conditions not met)[0m
[96m[1m2026-04-07 17:40:00.115 [INFO] strategy.window_tracker: new window: btc-updown-5m-1775583600 (ts=1775583600)[0m
[96m2026-04-07 17:40:00.198 [INFO] __main__: REGIME vol_stddev=0.123% chop_flips=2.8 sprt=dormant llr=1.29 age=57w bankroll=$965.18[0m
[96m2026-04-07 17:40:00.200 [INFO] __main__: KELLY wr_adj=90.2% base=95.0% vol_disc=1.8% chop_disc=0.0% feedback=+0.0%[0m
[96m2026-04-07 17:40:00.201 [INFO] __main__: window open price captured: 68736.94 (chainlink)[0m
2026-04-07 17:40:00.738 [INFO] market_data.clob_market_ws: CLOB market subscribed for tokens up=845013333281 down=881332102515
[2m2026-04-07 17:40:04.226 [INFO] __main__: STATUS t=296s delta=-0.0292% dir=down agree=True chain=68716.85 bin=68731.75 open=68736.94 obi=-0.4218 ask_up=0.47 ask_dn=0.54 bid_up=0.46 bid_dn=0.53 halted=False[0m
[2m2026-04-07 17:40:34.315 [INFO] __main__: STATUS t=266s delta=-0.0509% dir=down agree=True chain=68701.98 bin=68709.56 open=68736.94 obi=0.7528 ask_up=0.43 ask_dn=0.58 bid_up=0.42 bid_dn=0.57 halted=False[0m
[2m2026-04-07 17:41:04.409 [INFO] __main__: STATUS t=236s delta=-0.0233% dir=down agree=False chain=68720.92 bin=68742.64 open=68736.94 obi=0.9418 ask_up=0.52 ask_dn=0.49 bid_up=0.51 bid_dn=0.48 halted=False[0m
[2m2026-04-07 17:41:34.486 [INFO] __main__: STATUS t=206s delta=-0.0243% dir=down agree=True chain=68720.27 bin=68730.27 open=68736.94 obi=0.2168 ask_up=0.51 ask_dn=0.50 bid_up=0.50 bid_dn=0.49 halted=False[0m
[2m2026-04-07 17:42:04.600 [INFO] __main__: STATUS t=175s delta=0.0252% dir=up agree=True chain=68754.25 bin=68778.79 open=68736.94 obi=0.8985 ask_up=0.75 ask_dn=0.26 bid_up=0.74 bid_dn=0.25 halted=False[0m
[37m2026-04-07 17:42:30.175 [INFO] strategy.momentum_signal: [SKIP] rank=1 side=up reason=conditions_not_met latest_pct=0.0614 need=>=0.07 stddev=0.0343 max_var=0.050[0m
[2m2026-04-07 17:42:34.692 [INFO] __main__: STATUS t=145s delta=0.0482% dir=up agree=True chain=68770.10 bin=68779.17 open=68736.94 obi=0.5698 ask_up=0.77 ask_dn=0.24 bid_up=0.76 bid_dn=0.23 halted=False[0m
[2m2026-04-07 17:43:04.794 [INFO] __main__: STATUS t=115s delta=0.0226% dir=up agree=True chain=68752.51 bin=68759.72 open=68736.94 obi=-0.5665 ask_up=0.70 ask_dn=0.31 bid_up=0.69 bid_dn=0.30 halted=False[0m
[2m2026-04-07 17:43:34.881 [INFO] __main__: STATUS t=85s delta=-0.0275% dir=down agree=True chain=68718.07 bin=68726.05 open=68736.94 obi=0.8033 ask_up=0.55 ask_dn=0.46 bid_up=0.54 bid_dn=0.45 halted=False[0m
[2m2026-04-07 17:44:04.978 [INFO] __main__: STATUS t=55s delta=-0.0237% dir=down agree=True chain=68720.67 bin=68726.04 open=68736.94 obi=-0.9947 ask_up=0.53 ask_dn=0.50 bid_up=0.50 bid_dn=0.47 halted=False[0m
[2m2026-04-07 17:44:35.065 [INFO] __main__: STATUS t=25s delta=-0.0654% dir=down agree=True chain=68692.00 bin=68690.77 open=68736.94 obi=-0.6934 ask_up=0.08 ask_dn=0.93 bid_up=0.07 bid_dn=0.92 halted=False[0m
[37m2026-04-07 17:45:00.147 [INFO] execution.paper_trading: paper window_ts=1775583600 [SKIP] pnl=0.0000 direction=down outcome=down - balance=$965.80 bid_up=0.01 ask_up=0.01 bid_dn=0.99 ask_dn=1.00[0m
[93m[1m2026-04-07 17:45:00.149 [INFO] risk.position_tracker: WINDOW_SUMMARY window_pnl=$0.0000 session_pnl=$-34.2046 won=$15.3854 lost=$49.5900 wr=50.0% (2/4) consec_losses=0[0m
[96m2026-04-07 17:45:00.153 [INFO] __main__: REGIME chop_detected flips=8 delta_range=0.1369% avg_flips=3.7 over=6_windows[0m
[37m2026-04-07 17:45:00.154 [INFO] __main__: WINDOW_DECISION [SKIP] rank=1 side=up pnl=$0.0000 entry=0.00 size=$0.00 (conditions not met)[0m
[96m[1m2026-04-07 17:45:00.154 [INFO] strategy.window_tracker: new window: btc-updown-5m-1775583900 (ts=1775583900)[0m
[96m2026-04-07 17:45:00.251 [INFO] __main__: REGIME vol_stddev=0.125% chop_flips=3.7 sprt=active_31pct llr=1.29 age=58w bankroll=$965.18[0m
[96m2026-04-07 17:45:00.251 [INFO] __main__: KELLY wr_adj=87.6% base=95.0% vol_disc=1.9% chop_disc=2.5% feedback=+0.0%[0m
[96m2026-04-07 17:45:00.252 [INFO] __main__: window open price captured: 68689.52 (chainlink)[0m
2026-04-07 17:45:00.959 [INFO] market_data.clob_market_ws: CLOB market subscribed for tokens up=549396702032 down=428023795392
[2m2026-04-07 17:45:05.280 [INFO] __main__: STATUS t=295s delta=-0.0087% dir=down agree=False chain=68683.51 bin=68702.40 open=68689.52 obi=0.9268 ask_up=0.48 ask_dn=0.53 bid_up=0.47 bid_dn=0.52 halted=False[0m
2026-04-07 17:45:12.101 [INFO] shared.ipc: IPC: received authenticated signal_update (summary=signals_summary_1775583913.json)
2026-04-07 17:45:12.101 [INFO] __main__: received new signal from orchestrator: rank=1 side=Up
[2m2026-04-07 17:45:35.367 [INFO] __main__: STATUS t=265s delta=0.0128% dir=up agree=True chain=68698.28 bin=68715.36 open=68689.52 obi=-0.9994 ask_up=0.64 ask_dn=0.38 bid_up=0.62 bid_dn=0.36 halted=False[0m
[2m2026-04-07 17:46:05.499 [INFO] __main__: STATUS t=235s delta=0.0233% dir=up agree=True chain=68705.49 bin=68715.35 open=68689.52 obi=0.7783 ask_up=0.60 ask_dn=0.41 bid_up=0.59 bid_dn=0.40 halted=False[0m
[2m2026-04-07 17:46:35.588 [INFO] __main__: STATUS t=204s delta=0.0026% dir=up agree=True chain=68691.33 bin=68690.76 open=68689.52 obi=-0.1800 ask_up=0.45 ask_dn=0.56 bid_up=0.44 bid_dn=0.55 halted=False[0m
[2m2026-04-07 17:47:05.680 [INFO] __main__: STATUS t=174s delta=0.0239% dir=up agree=True chain=68705.91 bin=68726.06 open=68689.52 obi=-0.0827 ask_up=0.66 ask_dn=0.35 bid_up=0.65 bid_dn=0.34 halted=False[0m
[37m2026-04-07 17:47:30.002 [INFO] strategy.momentum_signal: [SKIP] rank=1 side=up reason=conditions_not_met latest_pct=0.0560 need=>=0.07 stddev=0.0169 max_var=0.050[0m
[2m2026-04-07 17:47:35.773 [INFO] __main__: STATUS t=144s delta=0.0436% dir=up agree=True chain=68719.46 bin=68727.99 open=68689.52 obi=0.6690 ask_up=0.69 ask_dn=0.32 bid_up=0.68 bid_dn=0.31 halted=False[0m
[2m2026-04-07 17:48:05.880 [INFO] __main__: STATUS t=114s delta=0.0555% dir=up agree=True chain=68727.63 bin=68731.39 open=68689.52 obi=-0.9533 ask_up=0.72 ask_dn=0.29 bid_up=0.71 bid_dn=0.28 halted=False[0m
[2m2026-04-07 17:48:35.969 [INFO] __main__: STATUS t=84s delta=-0.0248% dir=down agree=True chain=68672.51 bin=68678.59 open=68689.52 obi=0.7917 ask_up=0.36 ask_dn=0.65 bid_up=0.35 bid_dn=0.64 halted=False[0m
[2m2026-04-07 17:49:06.064 [INFO] __main__: STATUS t=54s delta=-0.0150% dir=down agree=False chain=68679.20 bin=68689.86 open=68689.52 obi=0.8123 ask_up=0.47 ask_dn=0.54 bid_up=0.46 bid_dn=0.53 halted=False[0m
[2m2026-04-07 17:49:36.151 [INFO] __main__: STATUS t=24s delta=0.0449% dir=up agree=True chain=68720.38 bin=68731.97 open=68689.52 obi=-0.2994 ask_up=0.94 ask_dn=0.08 bid_up=0.92 bid_dn=0.06 halted=False[0m
[37m2026-04-07 17:50:00.234 [INFO] execution.paper_trading: paper window_ts=1775583900 [SKIP] pnl=0.0000 direction=up outcome=up - balance=$965.80 bid_up=0.99 ask_up=1.00 bid_dn=0.01 ask_dn=0.01[0m
[93m[1m2026-04-07 17:50:00.235 [INFO] risk.position_tracker: WINDOW_SUMMARY window_pnl=$0.0000 session_pnl=$-34.2046 won=$15.3854 lost=$49.5900 wr=50.0% (2/4) consec_losses=0[0m
[96m2026-04-07 17:50:00.236 [INFO] __main__: REGIME chop_detected flips=11 delta_range=0.0946% avg_flips=4.8 over=6_windows[0m
[37m2026-04-07 17:50:00.237 [INFO] __main__: WINDOW_DECISION [SKIP] rank=1 side=up pnl=$0.0000 entry=0.00 size=$0.00 (conditions not met)[0m
[95m2026-04-07 17:50:00.237 [INFO] __main__: Signal refreshed (same pattern): up_280.0_150.0_0.07_0.05 — rank 1->1, keeping SPRT state (age=59w, trades=4, LLR=1.29)[0m
2026-04-07 17:50:00.237 [INFO] __main__: SIGNAL_SWAP_ACTIVE: {"rank":1,"side":"up","observeFromS":280.0,"observeToS":150.0,"minDeltaPct":0.07,"maxVariancePct":0.05,"trainWinRatePct":91.46,"oosWinRatePct":97.06,"oosBhAdjustedPValue":1.15985e-15,"oosMatches":34,"avgEntryPrice":0.8632,"evPerTrade":0.0774,"smartScore":28.42,"wfFoldsAppeared":4,"wfTotalTestFolds":6,"wfFoldIndices":[3,4,6,7]}
2026-04-07 17:50:00.237 [INFO] __main__: switched to new signal: #1 up (previous: #1 up)
[96m[1m2026-04-07 17:50:00.237 [INFO] strategy.window_tracker: new window: btc-updown-5m-1775584200 (ts=1775584200)[0m
[96m2026-04-07 17:50:00.296 [INFO] __main__: REGIME vol_stddev=0.126% chop_flips=4.8 sprt=dormant llr=1.29 age=59w bankroll=$965.18[0m
[96m2026-04-07 17:50:00.297 [INFO] __main__: KELLY wr_adj=85.3% base=97.1% vol_disc=1.9% chop_disc=6.9% feedback=+0.0%[0m
[96m2026-04-07 17:50:00.297 [INFO] __main__: window open price captured: 68727.51 (chainlink)[0m
2026-04-07 17:50:01.164 [INFO] market_data.clob_market_ws: CLOB market subscribed for tokens up=743520937426 down=282511035090
[2m2026-04-07 17:50:06.369 [INFO] __main__: STATUS t=294s delta=-0.0085% dir=down agree=True chain=68721.68 bin=68723.66 open=68727.51 obi=0.9074 ask_up=0.43 ask_dn=0.58 bid_up=0.42 bid_dn=0.57 halted=False[0m
[2m2026-04-07 17:50:36.464 [INFO] __main__: STATUS t=264s delta=-0.0097% dir=down agree=False chain=68720.85 bin=68730.30 open=68727.51 obi=0.0733 ask_up=0.46 ask_dn=0.55 bid_up=0.45 bid_dn=0.54 halted=False[0m
[2m2026-04-07 17:51:06.569 [INFO] __main__: STATUS t=233s delta=-0.0005% dir=down agree=False chain=68727.16 bin=68746.54 open=68727.51 obi=0.2257 ask_up=0.54 ask_dn=0.48 bid_up=0.52 bid_dn=0.46 halted=False[0m
[2m2026-04-07 17:51:36.650 [INFO] __main__: STATUS t=203s delta=0.0408% dir=up agree=True chain=68755.52 bin=68769.01 open=68727.51 obi=0.9086 ask_up=0.68 ask_dn=0.33 bid_up=0.67 bid_dn=0.32 halted=False[0m
[2m2026-04-07 17:52:06.746 [INFO] __main__: STATUS t=173s delta=0.0669% dir=up agree=True chain=68773.49 bin=68766.01 open=68727.51 obi=-0.8078 ask_up=0.69 ask_dn=0.33 bid_up=0.67 bid_dn=0.31 halted=False[0m
[96m2026-04-07 17:52:30.062 [INFO] strategy.momentum_signal: KELLY sizing: p_adj=0.853 base=0.941 vol_disc=0.019 chop_disc=0.069 feedback=+0.000[0m
[96m2026-04-07 17:52:30.062 [INFO] strategy.momentum_signal: KELLY bet: entry=0.82 raw_f=0.182 frac_f=0.045 bankroll=$965.18 kelly_bet=$24.13 sprt=1.00 final=$24.13[0m
[92m[1m2026-04-07 17:52:30.062 [INFO] strategy.momentum_signal: FIRED rank=1 side=up t=149.9s dir=0.1026% stddev=0.0372% n=518 oos_wr=97.1% bh_p=1.16e-15 avg_entry=0.86 ask=0.82 size=$24.13[0m
2026-04-07 17:52:30.062 [INFO] execution.paper_trading: paper momentum1 maker: id=paper-5 price=0.81 size=29.7901 [resting]
2026-04-07 17:52:30.062 [INFO] strategy.momentum_signal: MAKER PLACED rank=1 side=up price=0.81 (ask=0.82 -1tick) size=$24.13 timeout=20s
[92m[1m2026-04-07 17:52:35.326 [INFO] execution.paper_trading: paper momentum1 maker fill: id=paper-5 price=0.81[0m
2026-04-07 17:52:35.326 [INFO] strategy.momentum_signal: MAKER FILLED rank=1 side=up price=0.81 size=$24.13
[2m2026-04-07 17:52:36.830 [INFO] __main__: STATUS t=143s delta=0.0930% dir=up agree=True chain=68791.40 bin=68798.01 open=68727.51 obi=-0.2645 ask_up=0.83 ask_dn=0.18 bid_up=0.82 bid_dn=0.17 halted=False[0m
[2m2026-04-07 17:53:06.942 [INFO] __main__: STATUS t=113s delta=0.1240% dir=up agree=True chain=68812.73 bin=68825.22 open=68727.51 obi=-0.7165 ask_up=0.95 ask_dn=0.06 bid_up=0.94 bid_dn=0.05 halted=False[0m
[2m2026-04-07 17:53:37.028 [INFO] __main__: STATUS t=83s delta=0.1163% dir=up agree=True chain=68807.46 bin=68805.08 open=68727.51 obi=-0.9940 ask_up=0.92 ask_dn=0.09 bid_up=0.91 bid_dn=0.08 halted=False[0m
[2m2026-04-07 17:54:07.115 [INFO] __main__: STATUS t=53s delta=0.0498% dir=up agree=True chain=68761.75 bin=68773.26 open=68727.51 obi=-0.8715 ask_up=0.84 ask_dn=0.17 bid_up=0.83 bid_dn=0.16 halted=False[0m
[2m2026-04-07 17:54:37.206 [INFO] __main__: STATUS t=23s delta=0.0581% dir=up agree=True chain=68767.41 bin=68778.40 open=68727.51 obi=-0.1296 ask_up=0.98 ask_dn=0.03 bid_up=0.97 bid_dn=0.02 halted=False[0m
[92m[1m2026-04-07 17:55:00.024 [INFO] execution.paper_trading: paper window_ts=1775584200 [WIN] pnl=5.6601 direction=up outcome=up rule#1(fill) balance=$971.46 bid_up=0.99 ask_up=1.00 bid_dn=0.01 ask_dn=0.01[0m
[93m[1m2026-04-07 17:55:00.024 [INFO] risk.position_tracker: WINDOW_SUMMARY window_pnl=$5.6601 session_pnl=$-28.5445 won=$21.0455 lost=$49.5900 wr=60.0% (3/5) consec_losses=0[0m
[96m2026-04-07 17:55:00.038 [INFO] __main__: REGIME chop_detected flips=6 delta_range=0.1551% avg_flips=5.2 over=6_windows[0m
[92m[1m2026-04-07 17:55:00.038 [INFO] __main__: WINDOW_DECISION [WIN] rank=1 side=up pnl=$5.6601 entry=0.81 size=$24.13[0m
[96m[1m2026-04-07 17:55:00.041 [INFO] strategy.window_tracker: new window: btc-updown-5m-1775584500 (ts=1775584500)[0m
[96m2026-04-07 17:55:00.156 [INFO] __main__: REGIME vol_stddev=0.125% chop_flips=5.2 sprt=dormant llr=1.23 age=60w bankroll=$970.73[0m
[96m2026-04-07 17:55:00.157 [INFO] __main__: KELLY wr_adj=84.7% base=97.1% vol_disc=1.9% chop_disc=7.5% feedback=+0.0%[0m
[96m2026-04-07 17:55:00.157 [INFO] __main__: window open price captured: 68748.36 (chainlink)[0m
2026-04-07 17:55:00.386 [INFO] market_data.clob_market_ws: CLOB market subscribed for tokens up=497408264406 down=842353023972
[2m2026-04-07 17:55:07.440 [INFO] __main__: STATUS t=293s delta=0.0019% dir=up agree=True chain=68749.66 bin=68765.07 open=68748.36 obi=-0.0003 ask_up=0.51 ask_dn=0.50 bid_up=0.50 bid_dn=0.49 halted=False[0m
[2m2026-04-07 17:55:37.528 [INFO] __main__: STATUS t=262s delta=-0.0093% dir=down agree=False chain=68741.94 bin=68750.00 open=68748.36 obi=-0.4261 ask_up=0.43 ask_dn=0.58 bid_up=0.42 bid_dn=0.57 halted=False[0m
[2m2026-04-07 17:56:07.654 [INFO] __main__: STATUS t=232s delta=-0.0358% dir=down agree=True chain=68723.76 bin=68733.23 open=68748.36 obi=0.1142 ask_up=0.35 ask_dn=0.66 bid_up=0.34 bid_dn=0.65 halted=False[0m
[2m2026-04-07 17:56:37.739 [INFO] __main__: STATUS t=202s delta=-0.0438% dir=down agree=True chain=68718.27 bin=68729.34 open=68748.36 obi=-0.0993 ask_up=0.32 ask_dn=0.69 bid_up=0.31 bid_dn=0.68 halted=False[0m
[2m2026-04-07 17:57:07.826 [INFO] __main__: STATUS t=172s delta=-0.0099% dir=down agree=True chain=68741.57 bin=68744.96 open=68748.36 obi=-0.5790 ask_up=0.39 ask_dn=0.62 bid_up=0.38 bid_dn=0.61 halted=False[0m
[37m2026-04-07 17:57:30.137 [INFO] strategy.momentum_signal: [SKIP] rank=1 side=up reason=conditions_not_met latest_pct=-0.0487 need=>=0.07 stddev=0.0188 max_var=0.050[0m
[2m2026-04-07 17:57:37.907 [INFO] __main__: STATUS t=142s delta=-0.0559% dir=down agree=True chain=68709.95 bin=68730.00 open=68748.36 obi=-0.4187 ask_up=0.33 ask_dn=0.68 bid_up=0.32 bid_dn=0.67 halted=False[0m
[2m2026-04-07 17:58:08.016 [INFO] __main__: STATUS t=112s delta=-0.0734% dir=down agree=True chain=68697.89 bin=68706.41 open=68748.36 obi=-0.1556 ask_up=0.17 ask_dn=0.84 bid_up=0.16 bid_dn=0.83 halted=False[0m
[2m2026-04-07 17:58:38.101 [INFO] __main__: STATUS t=82s delta=-0.0918% dir=down agree=True chain=68685.25 bin=68694.74 open=68748.36 obi=0.2533 ask_up=0.07 ask_dn=0.94 bid_up=0.06 bid_dn=0.93 halted=False[0m
[2m2026-04-07 17:59:08.196 [INFO] __main__: STATUS t=52s delta=-0.0859% dir=down agree=True chain=68689.31 bin=68696.28 open=68748.36 obi=0.9025 ask_up=0.04 ask_dn=0.97 bid_up=0.03 bid_dn=0.96 halted=False[0m
[2m2026-04-07 17:59:38.290 [INFO] __main__: STATUS t=22s delta=-0.0775% dir=down agree=True chain=68695.09 bin=68703.79 open=68748.36 obi=0.2644 ask_up=0.01 ask_dn=1.00 bid_up=0.01 bid_dn=0.99 halted=False[0m
[37m2026-04-07 18:00:00.118 [INFO] execution.paper_trading: paper window_ts=1775584500 [SKIP] pnl=0.0000 direction=down outcome=down - balance=$971.46 bid_up=0.01 ask_up=0.01 bid_dn=0.99 ask_dn=1.00[0m
[93m[1m2026-04-07 18:00:00.119 [INFO] risk.position_tracker: WINDOW_SUMMARY window_pnl=$0.0000 session_pnl=$-28.5445 won=$21.0455 lost=$49.5900 wr=60.0% (3/5) consec_losses=0[0m
[96m2026-04-07 18:00:00.123 [INFO] __main__: REGIME chop_detected flips=3 delta_range=0.1090% avg_flips=5.2 over=6_windows[0m
[37m2026-04-07 18:00:00.123 [INFO] __main__: WINDOW_DECISION [SKIP] rank=1 side=up pnl=$0.0000 entry=0.00 size=$0.00 (conditions not met)[0m
[96m[1m2026-04-07 18:00:00.123 [INFO] strategy.window_tracker: new window: btc-updown-5m-1775584800 (ts=1775584800)[0m
[96m2026-04-07 18:00:00.233 [INFO] __main__: REGIME vol_stddev=0.127% chop_flips=5.2 sprt=dormant llr=1.23 age=61w bankroll=$970.73[0m
[96m2026-04-07 18:00:00.234 [INFO] __main__: KELLY wr_adj=84.5% base=97.1% vol_disc=2.1% chop_disc=7.5% feedback=+0.0%[0m
[96m2026-04-07 18:00:00.234 [INFO] __main__: window open price captured: 68693.79 (chainlink)[0m
2026-04-07 18:00:00.610 [INFO] market_data.clob_market_ws: CLOB market subscribed for tokens up=740103741387 down=108783317195
[2m2026-04-07 18:00:08.305 [INFO] __main__: STATUS t=292s delta=0.0144% dir=up agree=True chain=68703.69 bin=68714.31 open=68693.79 obi=0.7270 ask_up=0.54 ask_dn=0.47 bid_up=0.53 bid_dn=0.46 halted=False[0m
2026-04-07 18:00:25.894 [INFO] shared.ipc: IPC: received authenticated signal_update (summary=signals_summary_1775584827.json)
2026-04-07 18:00:25.894 [INFO] __main__: received new signal from orchestrator: rank=1 side=Up
[2m2026-04-07 18:00:38.396 [INFO] __main__: STATUS t=262s delta=0.0779% dir=up agree=True chain=68747.29 bin=68745.70 open=68693.79 obi=-0.8837 ask_up=0.69 ask_dn=0.32 bid_up=0.68 bid_dn=0.31 halted=False[0m
[2m2026-04-07 18:01:08.503 [INFO] __main__: STATUS t=231s delta=0.0721% dir=up agree=True chain=68743.29 bin=68758.69 open=68693.79 obi=-0.2504 ask_up=0.75 ask_dn=0.26 bid_up=0.74 bid_dn=0.25 halted=False[0m
[2m2026-04-07 18:01:38.591 [INFO] __main__: STATUS t=201s delta=0.0817% dir=up agree=True chain=68749.89 bin=68753.20 open=68693.79 obi=-0.4330 ask_up=0.76 ask_dn=0.25 bid_up=0.75 bid_dn=0.24 halted=False[0m
[2m2026-04-07 18:02:08.696 [INFO] __main__: STATUS t=171s delta=0.0661% dir=up agree=True chain=68739.17 bin=68734.61 open=68693.79 obi=-0.6141 ask_up=0.71 ask_dn=0.30 bid_up=0.70 bid_dn=0.29 halted=False[0m
[96m2026-04-07 18:02:30.008 [INFO] strategy.momentum_signal: KELLY sizing: p_adj=0.845 base=0.941 vol_disc=0.021 chop_disc=0.075 feedback=+0.000[0m
[96m2026-04-07 18:02:30.008 [INFO] strategy.momentum_signal: KELLY bet: entry=0.78 raw_f=0.295 frac_f=0.074 bankroll=$970.73 kelly_bet=$24.27 sprt=1.00 final=$24.27[0m
[92m[1m2026-04-07 18:02:30.008 [INFO] strategy.momentum_signal: FIRED rank=1 side=up t=150.0s dir=0.0839% stddev=0.0116% n=518 oos_wr=97.1% bh_p=1.16e-15 avg_entry=0.86 ask=0.78 size=$24.27[0m
2026-04-07 18:02:30.008 [INFO] execution.paper_trading: paper momentum1 maker: id=paper-6 price=0.77 size=31.5195 [resting]
2026-04-07 18:02:30.008 [INFO] strategy.momentum_signal: MAKER PLACED rank=1 side=up price=0.77 (ask=0.78 -1tick) size=$24.27 timeout=20s
[2m2026-04-07 18:02:38.783 [INFO] __main__: STATUS t=141s delta=0.0797% dir=up agree=True chain=68748.54 bin=68758.90 open=68693.79 obi=-0.0911 ask_up=0.83 ask_dn=0.18 bid_up=0.82 bid_dn=0.17 halted=False[0m
2026-04-07 18:02:50.072 [INFO] execution.paper_trading: paper cancel: paper-6 (maker escalation)
2026-04-07 18:02:50.072 [INFO] execution.paper_trading: paper momentum1 taker: id=paper-7 price=0.84 size=28.8929 [filled]
2026-04-07 18:02:50.072 [INFO] strategy.momentum_signal: TAKER ESCALATION rank=1 side=up maker_price=0.77 taker_price=0.84 elapsed=20.1s size=$24.27
[2m2026-04-07 18:03:08.883 [INFO] __main__: STATUS t=111s delta=0.0875% dir=up agree=True chain=68753.88 bin=68764.63 open=68693.79 obi=-0.8485 ask_up=0.88 ask_dn=0.13 bid_up=0.87 bid_dn=0.12 halted=False[0m
[2m2026-04-07 18:03:38.976 [INFO] __main__: STATUS t=81s delta=0.0808% dir=up agree=True chain=68749.31 bin=68754.33 open=68693.79 obi=-0.5980 ask_up=0.91 ask_dn=0.10 bid_up=0.90 bid_dn=0.09 halted=False[0m
[2m2026-04-07 18:04:09.076 [INFO] __main__: STATUS t=51s delta=0.0734% dir=up agree=True chain=68744.20 bin=68753.23 open=68693.79 obi=-0.9987 ask_up=0.93 ask_dn=0.08 bid_up=0.92 bid_dn=0.07 halted=False[0m
[2m2026-04-07 18:04:39.172 [INFO] __main__: STATUS t=21s delta=-0.0244% dir=down agree=True chain=68677.01 bin=68670.12 open=68693.79 obi=-0.9631 ask_up=0.21 ask_dn=0.82 bid_up=0.18 bid_dn=0.79 halted=False[0m
[91m[1m2026-04-07 18:05:00.240 [INFO] execution.paper_trading: paper window_ts=1775584800 [LOSS] pnl=-24.3625 direction=down outcome=down rule#1(fill) balance=$947.09 bid_up=0.01 ask_up=0.01 bid_dn=0.99 ask_dn=1.00[0m
[93m[1m2026-04-07 18:05:00.240 [INFO] risk.position_tracker: WINDOW_SUMMARY window_pnl=$-24.3625 session_pnl=$-52.9070 won=$21.0455 lost=$73.9525 wr=50.0% (3/6) consec_losses=1[0m
[91m[1m2026-04-07 18:05:00.244 [INFO] __main__: WINDOW_DECISION [LOSS] rank=1 side=up pnl=$-24.3625 entry=0.84 size=$24.27[0m
[95m2026-04-07 18:05:00.244 [INFO] __main__: Signal refreshed (same pattern): up_280.0_150.0_0.07_0.05 — rank 1->1, keeping SPRT state (age=62w, trades=6, LLR=1.94)[0m
2026-04-07 18:05:00.245 [INFO] __main__: SIGNAL_SWAP_ACTIVE: {"rank":1,"side":"up","observeFromS":280.0,"observeToS":150.0,"minDeltaPct":0.07,"maxVariancePct":0.05,"trainWinRatePct":91.46,"oosWinRatePct":95.35,"oosBhAdjustedPValue":1.50827e-15,"oosMatches":43,"avgEntryPrice":0.8816,"evPerTrade":0.0419,"smartScore":17.96,"wfFoldsAppeared":4,"wfTotalTestFolds":6,"wfFoldIndices":[2,3,6,7]}
2026-04-07 18:05:00.245 [INFO] __main__: switched to new signal: #1 up (previous: #1 up)
[96m[1m2026-04-07 18:05:00.245 [INFO] strategy.window_tracker: new window: btc-updown-5m-1775585100 (ts=1775585100)[0m
[96m2026-04-07 18:05:00.306 [INFO] __main__: REGIME vol_stddev=0.125% chop_flips=5.5 sprt=dormant llr=1.94 age=62w bankroll=$946.37[0m
[96m2026-04-07 18:05:00.307 [INFO] __main__: KELLY wr_adj=83.0% base=95.3% vol_disc=1.9% chop_disc=7.5% feedback=+0.0%[0m
[96m2026-04-07 18:05:00.307 [INFO] __main__: window open price captured: 68658.70 (chainlink)[0m
2026-04-07 18:05:00.852 [INFO] market_data.clob_market_ws: CLOB market subscribed for tokens up=110621376893 down=596987701371
[2m2026-04-07 18:05:09.339 [INFO] __main__: STATUS t=291s delta=0.0048% dir=up agree=True chain=68662.03 bin=68670.05 open=68658.70 obi=-0.9655 ask_up=0.46 ask_dn=0.55 bid_up=0.45 bid_dn=0.54 halted=False[0m
[2m2026-04-07 18:05:39.424 [INFO] __main__: STATUS t=261s delta=-0.0173% dir=down agree=False chain=68646.83 bin=68659.92 open=68658.70 obi=-0.1951 ask_up=0.42 ask_dn=0.59 bid_up=0.41 bid_dn=0.58 halted=False[0m
[2m2026-04-07 18:06:09.543 [INFO] __main__: STATUS t=230s delta=-0.0044% dir=down agree=True chain=68655.70 bin=68658.01 open=68658.70 obi=-0.6792 ask_up=0.41 ask_dn=0.60 bid_up=0.40 bid_dn=0.59 halted=False[0m
[2m2026-04-07 18:06:39.633 [INFO] __main__: STATUS t=200s delta=0.0182% dir=up agree=True chain=68671.23 bin=68681.11 open=68658.70 obi=-0.6981 ask_up=0.51 ask_dn=0.50 bid_up=0.50 bid_dn=0.49 halted=False[0m
[2m2026-04-07 18:07:09.729 [INFO] __main__: STATUS t=170s delta=0.0030% dir=up agree=True chain=68660.77 bin=68666.50 open=68658.70 obi=0.0010 ask_up=0.43 ask_dn=0.58 bid_up=0.42 bid_dn=0.57 halted=False[0m
[37m2026-04-07 18:07:30.041 [INFO] strategy.momentum_signal: [SKIP] rank=1 side=up reason=conditions_not_met latest_pct=0.0329 need=>=0.07 stddev=0.0177 max_var=0.050[0m
[2m2026-04-07 18:07:39.822 [INFO] __main__: STATUS t=140s delta=0.0090% dir=up agree=True chain=68664.90 bin=68666.91 open=68658.70 obi=-0.6123 ask_up=0.41 ask_dn=0.60 bid_up=0.40 bid_dn=0.59 halted=False[0m
[2m2026-04-07 18:08:09.918 [INFO] __main__: STATUS t=110s delta=0.0186% dir=up agree=True chain=68671.46 bin=68675.59 open=68658.70 obi=-0.2769 ask_up=0.49 ask_dn=0.52 bid_up=0.48 bid_dn=0.51 halted=False[0m
[2m2026-04-07 18:08:40.009 [INFO] __main__: STATUS t=80s delta=-0.0342% dir=down agree=True chain=68635.21 bin=68645.21 open=68658.70 obi=0.5306 ask_up=0.24 ask_dn=0.77 bid_up=0.23 bid_dn=0.76 halted=False[0m
[2m2026-04-07 18:09:10.150 [INFO] __main__: STATUS t=50s delta=-0.0315% dir=down agree=True chain=68637.10 bin=68643.78 open=68658.70 obi=-0.7059 ask_up=0.13 ask_dn=0.88 bid_up=0.12 bid_dn=0.87 halted=False[0m
[2m2026-04-07 18:09:40.243 [INFO] __main__: STATUS t=20s delta=-0.0244% dir=down agree=True chain=68641.98 bin=68649.99 open=68658.70 obi=-0.5127 ask_up=0.06 ask_dn=0.95 bid_up=0.05 bid_dn=0.94 halted=False[0m
[37m2026-04-07 18:10:00.058 [INFO] execution.paper_trading: paper window_ts=1775585100 [SKIP] pnl=0.0000 direction=down outcome=down - balance=$947.09 bid_up=0.01 ask_up=0.01 bid_dn=0.99 ask_dn=1.00[0m
[93m[1m2026-04-07 18:10:00.058 [INFO] risk.position_tracker: WINDOW_SUMMARY window_pnl=$0.0000 session_pnl=$-52.9070 won=$21.0455 lost=$73.9525 wr=50.0% (3/6) consec_losses=1[0m
[96m2026-04-07 18:10:00.060 [INFO] __main__: REGIME chop_detected flips=11 delta_range=0.0714% avg_flips=6.8 over=6_windows[0m
[37m2026-04-07 18:10:00.060 [INFO] __main__: WINDOW_DECISION [SKIP] rank=1 side=up pnl=$0.0000 entry=0.00 size=$0.00 (conditions not met)[0m
[96m[1m2026-04-07 18:10:00.060 [INFO] strategy.window_tracker: new window: btc-updown-5m-1775585400 (ts=1775585400)[0m
[96m2026-04-07 18:10:00.166 [INFO] __main__: REGIME vol_stddev=0.116% chop_flips=6.8 sprt=dormant llr=1.94 age=63w bankroll=$946.37[0m
[96m2026-04-07 18:10:00.166 [INFO] __main__: KELLY wr_adj=83.7% base=95.3% vol_disc=1.2% chop_disc=7.5% feedback=+0.0%[0m
[96m2026-04-07 18:10:00.167 [INFO] __main__: window open price captured: 68628.99 (chainlink)[0m
2026-04-07 18:10:01.094 [INFO] market_data.clob_market_ws: CLOB market subscribed for tokens up=595137217749 down=109471790077
[2m2026-04-07 18:10:10.453 [INFO] __main__: STATUS t=290s delta=-0.0028% dir=down agree=False chain=68627.08 bin=68632.76 open=68628.99 obi=-0.6974 ask_up=0.47 ask_dn=0.54 bid_up=0.46 bid_dn=0.53 halted=False[0m
[2m2026-04-07 18:10:40.546 [INFO] __main__: STATUS t=259s delta=-0.0225% dir=down agree=True chain=68613.57 bin=68622.30 open=68628.99 obi=-0.6911 ask_up=0.41 ask_dn=0.60 bid_up=0.40 bid_dn=0.59 halted=False[0m
[2m2026-04-07 18:11:10.642 [INFO] __main__: STATUS t=229s delta=-0.0293% dir=down agree=True chain=68608.85 bin=68617.09 open=68628.99 obi=-0.0499 ask_up=0.39 ask_dn=0.62 bid_up=0.38 bid_dn=0.61 halted=False[0m
[2m2026-04-07 18:11:40.733 [INFO] __main__: STATUS t=199s delta=-0.0352% dir=down agree=True chain=68604.86 bin=68617.09 open=68628.99 obi=-0.3729 ask_up=0.38 ask_dn=0.63 bid_up=0.37 bid_dn=0.62 halted=False[0m
[2m2026-04-07 18:12:10.825 [INFO] __main__: STATUS t=169s delta=-0.0111% dir=down agree=False chain=68621.38 bin=68631.37 open=68628.99 obi=-0.7234 ask_up=0.45 ask_dn=0.56 bid_up=0.44 bid_dn=0.55 halted=False[0m
[37m2026-04-07 18:12:30.126 [INFO] strategy.momentum_signal: [SKIP] rank=1 side=up reason=conditions_not_met latest_pct=0.0343 need=>=0.07 stddev=0.0172 max_var=0.050[0m
[2m2026-04-07 18:12:40.907 [INFO] __main__: STATUS t=139s delta=0.0189% dir=up agree=True chain=68641.93 bin=68652.53 open=68628.99 obi=-0.6243 ask_up=0.58 ask_dn=0.43 bid_up=0.57 bid_dn=0.42 halted=False[0m
[2m2026-04-07 18:13:11.052 [INFO] __main__: STATUS t=109s delta=0.0176% dir=up agree=True chain=68641.08 bin=68652.53 open=68628.99 obi=-0.0840 ask_up=0.61 ask_dn=0.40 bid_up=0.60 bid_dn=0.39 halted=False[0m
[2m2026-04-07 18:13:41.140 [INFO] __main__: STATUS t=79s delta=0.0472% dir=up agree=True chain=68661.40 bin=68666.01 open=68628.99 obi=-0.1417 ask_up=0.82 ask_dn=0.19 bid_up=0.81 bid_dn=0.18 halted=False[0m
[2m2026-04-07 18:14:11.240 [INFO] __main__: STATUS t=49s delta=0.0293% dir=up agree=True chain=68649.10 bin=68661.84 open=68628.99 obi=0.6280 ask_up=0.90 ask_dn=0.11 bid_up=0.89 bid_dn=0.10 halted=False[0m
[2m2026-04-07 18:14:41.328 [INFO] __main__: STATUS t=19s delta=0.0204% dir=up agree=True chain=68643.00 bin=68647.54 open=68628.99 obi=0.6051 ask_up=0.99 ask_dn=0.99 bid_up=0.01 bid_dn=0.01 halted=False[0m
[37m2026-04-07 18:15:00.146 [INFO] execution.paper_trading: paper window_ts=1775585400 [SKIP] pnl=0.0000 direction=up outcome=up - balance=$947.09 bid_up=0.99 ask_up=1.00 bid_dn=0.02 ask_dn=0.01[0m
[93m[1m2026-04-07 18:15:00.147 [INFO] risk.position_tracker: WINDOW_SUMMARY window_pnl=$0.0000 session_pnl=$-52.9070 won=$21.0455 lost=$73.9525 wr=50.0% (3/6) consec_losses=1[0m
[37m2026-04-07 18:15:00.154 [INFO] __main__: WINDOW_DECISION [SKIP] rank=1 side=up pnl=$0.0000 entry=0.00 size=$0.00 (conditions not met)[0m
[96m[1m2026-04-07 18:15:00.154 [INFO] strategy.window_tracker: new window: btc-updown-5m-1775585700 (ts=1775585700)[0m
[96m2026-04-07 18:15:00.241 [INFO] __main__: REGIME vol_stddev=0.116% chop_flips=5.7 sprt=dormant llr=1.94 age=64w bankroll=$946.37[0m
[96m2026-04-07 18:15:00.241 [INFO] __main__: KELLY wr_adj=83.7% base=95.3% vol_disc=1.2% chop_disc=7.5% feedback=+0.0%[0m
[96m2026-04-07 18:15:00.241 [INFO] __main__: window open price captured: 68640.40 (chainlink)[0m
2026-04-07 18:15:00.292 [INFO] market_data.clob_market_ws: CLOB market subscribed for tokens up=115337580544 down=140890189282
[2m2026-04-07 18:15:11.552 [INFO] __main__: STATUS t=288s delta=-0.0185% dir=down agree=True chain=68627.70 bin=68634.33 open=68640.40 obi=-0.6820 ask_up=0.42 ask_dn=0.59 bid_up=0.41 bid_dn=0.58 halted=False[0m
[2m2026-04-07 18:15:41.634 [INFO] __main__: STATUS t=258s delta=-0.0571% dir=down agree=True chain=68601.19 bin=68637.00 open=68640.40 obi=0.9990 ask_up=0.25 ask_dn=0.76 bid_up=0.24 bid_dn=0.75 halted=False[0m
[2m2026-04-07 18:16:11.720 [INFO] __main__: STATUS t=228s delta=-0.0085% dir=down agree=False chain=68634.55 bin=68640.99 open=68640.40 obi=-0.1814 ask_up=0.47 ask_dn=0.54 bid_up=0.46 bid_dn=0.53 halted=False[0m
[2m2026-04-07 18:16:41.809 [INFO] __main__: STATUS t=198s delta=0.0089% dir=up agree=True chain=68646.53 bin=68657.03 open=68640.40 obi=-0.6430 ask_up=0.53 ask_dn=0.48 bid_up=0.52 bid_dn=0.47 halted=False[0m
[2m2026-04-07 18:17:11.897 [INFO] __main__: STATUS t=168s delta=0.0339% dir=up agree=True chain=68663.67 bin=68670.75 open=68640.40 obi=0.1075 ask_up=0.67 ask_dn=0.34 bid_up=0.66 bid_dn=0.33 halted=False[0m
[37m2026-04-07 18:17:30.201 [INFO] strategy.momentum_signal: [SKIP] rank=1 side=up reason=conditions_not_met latest_pct=0.0139 need=>=0.07 stddev=0.0288 max_var=0.050[0m
[2m2026-04-07 18:17:41.984 [INFO] __main__: STATUS t=138s delta=-0.0019% dir=down agree=False chain=68639.10 bin=68646.24 open=68640.40 obi=-0.6378 ask_up=0.47 ask_dn=0.54 bid_up=0.46 bid_dn=0.53 halted=False[0m
[2m2026-04-07 18:18:12.083 [INFO] __main__: STATUS t=108s delta=-0.0246% dir=down agree=True chain=68623.53 bin=68615.96 open=68640.40 obi=-0.9871 ask_up=0.26 ask_dn=0.75 bid_up=0.25 bid_dn=0.74 halted=False[0m
[2m2026-04-07 18:18:42.170 [INFO] __main__: STATUS t=78s delta=-0.0553% dir=down agree=True chain=68602.47 bin=68608.37 open=68640.40 obi=0.7307 ask_up=0.14 ask_dn=0.87 bid_up=0.13 bid_dn=0.86 halted=False[0m
[2m2026-04-07 18:19:12.337 [INFO] __main__: STATUS t=48s delta=0.0330% dir=up agree=True chain=68663.03 bin=68669.25 open=68640.40 obi=0.5552 ask_up=0.81 ask_dn=0.20 bid_up=0.80 bid_dn=0.19 halted=False[0m
[2m2026-04-07 18:19:42.429 [INFO] __main__: STATUS t=18s delta=-0.0026% dir=down agree=False chain=68638.63 bin=68644.54 open=68640.40 obi=-0.2712 ask_up=0.43 ask_dn=0.58 bid_up=0.42 bid_dn=0.57 halted=False[0m
[37m2026-04-07 18:20:00.234 [INFO] execution.paper_trading: paper window_ts=1775585700 [SKIP] pnl=0.0000 direction=up outcome=up - balance=$947.09 bid_up=0.96 ask_up=0.97 bid_dn=0.03 ask_dn=0.04[0m
[93m[1m2026-04-07 18:20:00.235 [INFO] risk.position_tracker: WINDOW_SUMMARY window_pnl=$0.0000 session_pnl=$-52.9070 won=$21.0455 lost=$73.9525 wr=50.0% (3/6) consec_losses=1[0m
[96m2026-04-07 18:20:00.236 [INFO] __main__: REGIME chop_detected flips=7 delta_range=0.1044% avg_flips=5.0 over=6_windows[0m
[37m2026-04-07 18:20:00.237 [INFO] __main__: WINDOW_DECISION [SKIP] rank=1 side=up pnl=$0.0000 entry=0.00 size=$0.00 (conditions not met)[0m
[96m[1m2026-04-07 18:20:00.237 [INFO] strategy.window_tracker: new window: btc-updown-5m-1775586000 (ts=1775586000)[0m
[96m2026-04-07 18:20:00.311 [INFO] __main__: REGIME vol_stddev=0.115% chop_flips=5.0 sprt=dormant llr=1.94 age=65w bankroll=$946.37[0m
[96m2026-04-07 18:20:00.311 [INFO] __main__: KELLY wr_adj=83.8% base=95.3% vol_disc=1.1% chop_disc=7.5% feedback=+0.0%[0m
[96m2026-04-07 18:20:00.311 [INFO] __main__: window open price captured: 68643.70 (chainlink)[0m
2026-04-07 18:20:00.503 [INFO] market_data.clob_market_ws: CLOB market subscribed for tokens up=534486969874 down=841268683111
[2m2026-04-07 18:20:12.602 [INFO] __main__: STATUS t=287s delta=-0.0072% dir=down agree=True chain=68638.77 bin=68641.08 open=68643.70 obi=-0.5340 ask_up=0.44 ask_dn=0.57 bid_up=0.43 bid_dn=0.56 halted=False[0m
[2m2026-04-07 18:20:42.693 [INFO] __main__: STATUS t=257s delta=-0.0255% dir=down agree=True chain=68626.21 bin=68631.80 open=68643.70 obi=-0.4236 ask_up=0.38 ask_dn=0.63 bid_up=0.37 bid_dn=0.62 halted=False[0m
[2m2026-04-07 18:21:12.794 [INFO] __main__: STATUS t=227s delta=-0.0552% dir=down agree=True chain=68605.82 bin=68607.64 open=68643.70 obi=0.9826 ask_up=0.29 ask_dn=0.72 bid_up=0.28 bid_dn=0.71 halted=False[0m
[2m2026-04-07 18:21:42.876 [INFO] __main__: STATUS t=197s delta=-0.0613% dir=down agree=True chain=68601.60 bin=68606.06 open=68643.70 obi=0.9448 ask_up=0.25 ask_dn=0.76 bid_up=0.24 bid_dn=0.75 halted=False[0m
[2m2026-04-07 18:22:12.964 [INFO] __main__: STATUS t=167s delta=-0.0279% dir=down agree=True chain=68624.54 bin=68633.60 open=68643.70 obi=-0.1737 ask_up=0.37 ask_dn=0.64 bid_up=0.36 bid_dn=0.63 halted=False[0m
[37m2026-04-07 18:22:30.016 [INFO] strategy.momentum_signal: [SKIP] rank=1 side=up reason=conditions_not_met latest_pct=-0.0104 need=>=0.07 stddev=0.0185 max_var=0.050[0m
[2m2026-04-07 18:22:43.053 [INFO] __main__: STATUS t=137s delta=-0.0235% dir=down agree=True chain=68627.54 bin=68636.55 open=68643.70 obi=0.8448 ask_up=0.38 ask_dn=0.63 bid_up=0.37 bid_dn=0.62 halted=False[0m
[2m2026-04-07 18:23:13.177 [INFO] __main__: STATUS t=107s delta=-0.0061% dir=down agree=True chain=68639.51 bin=68643.54 open=68643.70 obi=-0.3930 ask_up=0.41 ask_dn=0.60 bid_up=0.40 bid_dn=0.59 halted=False[0m
[2m2026-04-07 18:23:43.263 [INFO] __main__: STATUS t=77s delta=-0.0615% dir=down agree=True chain=68601.45 bin=68608.28 open=68643.70 obi=-0.9020 ask_up=0.09 ask_dn=0.92 bid_up=0.08 bid_dn=0.91 halted=False[0m
[2m2026-04-07 18:24:13.371 [INFO] __main__: STATUS t=47s delta=-0.0776% dir=down agree=True chain=68590.41 bin=68595.99 open=68643.70 obi=-0.5956 ask_up=0.04 ask_dn=0.97 bid_up=0.03 bid_dn=0.96 halted=False[0m
[2m2026-04-07 18:24:43.471 [INFO] __main__: STATUS t=17s delta=-0.1274% dir=down agree=True chain=68556.26 bin=68570.60 open=68643.70 obi=0.1261 ask_up=0.99 ask_dn=1.00 bid_up=0.01 bid_dn=0.01 halted=False[0m
[37m2026-04-07 18:25:00.025 [INFO] execution.paper_trading: paper window_ts=1775586000 [SKIP] pnl=0.0000 direction=down outcome=down - balance=$947.09 bid_up=0.01 ask_up=0.01 bid_dn=0.99 ask_dn=1.00[0m
[93m[1m2026-04-07 18:25:00.026 [INFO] risk.position_tracker: WINDOW_SUMMARY window_pnl=$0.0000 session_pnl=$-52.9070 won=$21.0455 lost=$73.9525 wr=50.0% (3/6) consec_losses=1[0m
[96m2026-04-07 18:25:00.032 [INFO] __main__: REGIME chop_detected flips=3 delta_range=0.1573% avg_flips=4.5 over=6_windows[0m
[37m2026-04-07 18:25:00.033 [INFO] __main__: WINDOW_DECISION [SKIP] rank=1 side=up pnl=$0.0000 entry=0.00 size=$0.00 (conditions not met)[0m
[96m[1m2026-04-07 18:25:00.033 [INFO] strategy.window_tracker: new window: btc-updown-5m-1775586300 (ts=1775586300)[0m
[96m2026-04-07 18:25:00.119 [INFO] __main__: REGIME vol_stddev=0.106% chop_flips=4.5 sprt=dormant llr=1.94 age=66w bankroll=$946.37[0m
[96m2026-04-07 18:25:00.120 [INFO] __main__: KELLY wr_adj=86.3% base=95.3% vol_disc=0.5% chop_disc=5.6% feedback=+0.0%[0m
[96m2026-04-07 18:25:00.120 [INFO] __main__: window open price captured: 68571.63 (chainlink)[0m
2026-04-07 18:25:00.714 [INFO] market_data.clob_market_ws: CLOB market subscribed for tokens up=104498522991 down=322520985788
[2m2026-04-07 18:25:13.671 [INFO] __main__: STATUS t=286s delta=0.0073% dir=up agree=False chain=68576.63 bin=68571.00 open=68571.63 obi=-0.8390 ask_up=0.47 ask_dn=0.54 bid_up=0.46 bid_dn=0.53 halted=False[0m
[2m2026-04-07 18:25:43.751 [INFO] __main__: STATUS t=256s delta=0.0124% dir=up agree=True chain=68580.16 bin=68592.09 open=68571.63 obi=-0.0777 ask_up=0.62 ask_dn=0.39 bid_up=0.61 bid_dn=0.38 halted=False[0m
[2m2026-04-07 18:26:13.869 [INFO] __main__: STATUS t=226s delta=0.0096% dir=up agree=True chain=68578.22 bin=68582.04 open=68571.63 obi=0.2745 ask_up=0.55 ask_dn=0.46 bid_up=0.54 bid_dn=0.45 halted=False[0m
[2m2026-04-07 18:26:43.956 [INFO] __main__: STATUS t=196s delta=0.0454% dir=up agree=True chain=68602.76 bin=68608.29 open=68571.63 obi=0.9945 ask_up=0.75 ask_dn=0.26 bid_up=0.74 bid_dn=0.25 halted=False[0m
[2m2026-04-07 18:27:14.047 [INFO] __main__: STATUS t=166s delta=0.0919% dir=up agree=True chain=68634.68 bin=68644.55 open=68571.63 obi=0.8800 ask_up=0.89 ask_dn=0.12 bid_up=0.88 bid_dn=0.11 halted=False[0m
[37m2026-04-07 18:27:30.092 [INFO] strategy.momentum_signal: [SKIP] rank=1 side=up reason=KELLY_NO_EDGE p_adj=0.863 entry=0.93 raw_f=-0.964[0m
[2m2026-04-07 18:27:44.132 [INFO] __main__: STATUS t=136s delta=0.1159% dir=up agree=True chain=68651.12 bin=68657.80 open=68571.63 obi=0.4697 ask_up=0.94 ask_dn=0.07 bid_up=0.93 bid_dn=0.06 halted=False[0m
[2m2026-04-07 18:28:14.237 [INFO] __main__: STATUS t=106s delta=0.0805% dir=up agree=True chain=68626.83 bin=68633.85 open=68571.63 obi=0.8434 ask_up=0.91 ask_dn=0.10 bid_up=0.90 bid_dn=0.09 halted=False[0m
[2m2026-04-07 18:28:44.326 [INFO] __main__: STATUS t=76s delta=0.0693% dir=up agree=True chain=68619.16 bin=68627.88 open=68571.63 obi=0.0777 ask_up=0.90 ask_dn=0.11 bid_up=0.89 bid_dn=0.10 halted=False[0m
[2m2026-04-07 18:29:14.439 [INFO] __main__: STATUS t=46s delta=0.0875% dir=up agree=True chain=68631.63 bin=68643.72 open=68571.63 obi=0.6947 ask_up=0.99 ask_dn=0.99 bid_up=0.01 bid_dn=0.01 halted=False[0m
[2m2026-04-07 18:29:44.534 [INFO] __main__: STATUS t=15s delta=0.1004% dir=up agree=True chain=68640.45 bin=68644.67 open=68571.63 obi=-0.8843 ask_up=1.00 ask_dn=0.01 bid_up=0.99 bid_dn=0.01 halted=False[0m
[37m2026-04-07 18:30:00.085 [INFO] execution.paper_trading: paper window_ts=1775586300 [SKIP] pnl=0.0000 direction=up outcome=up - balance=$947.09 bid_up=0.99 ask_up=1.00 bid_dn=0.01 ask_dn=0.01[0m
[93m[1m2026-04-07 18:30:00.085 [INFO] risk.position_tracker: WINDOW_SUMMARY window_pnl=$0.0000 session_pnl=$-52.9070 won=$21.0455 lost=$73.9525 wr=50.0% (3/6) consec_losses=1[0m
[96m2026-04-07 18:30:00.103 [INFO] __main__: REGIME chop_detected flips=3 delta_range=0.1304% avg_flips=4.5 over=6_windows[0m
[37m2026-04-07 18:30:00.105 [INFO] __main__: WINDOW_DECISION [SKIP] rank=1 side=up pnl=$0.0000 entry=0.00 size=$0.00 (conditions not met)[0m
[96m[1m2026-04-07 18:30:00.105 [INFO] strategy.window_tracker: new window: btc-updown-5m-1775586600 (ts=1775586600)[0m
[96m2026-04-07 18:30:00.216 [INFO] __main__: REGIME vol_stddev=0.105% chop_flips=4.5 sprt=dormant llr=1.94 age=67w bankroll=$946.37[0m
[96m2026-04-07 18:30:00.217 [INFO] __main__: KELLY wr_adj=86.3% base=95.3% vol_disc=0.4% chop_disc=5.6% feedback=+0.0%[0m
[96m2026-04-07 18:30:00.217 [INFO] __main__: window open price captured: 68637.08 (chainlink)[0m
2026-04-07 18:30:00.918 [INFO] market_data.clob_market_ws: CLOB market subscribed for tokens up=435173258562 down=661561669149
[2m2026-04-07 18:30:14.567 [INFO] __main__: STATUS t=285s delta=-0.0070% dir=down agree=False chain=68632.29 bin=68639.95 open=68637.08 obi=-0.6956 ask_up=0.46 ask_dn=0.55 bid_up=0.45 bid_dn=0.54 halted=False[0m
[2m2026-04-07 18:30:44.657 [INFO] __main__: STATUS t=255s delta=0.0355% dir=up agree=True chain=68661.47 bin=68661.03 open=68637.08 obi=0.8986 ask_up=0.67 ask_dn=0.34 bid_up=0.66 bid_dn=0.33 halted=False[0m
[2m2026-04-07 18:31:14.750 [INFO] __main__: STATUS t=225s delta=0.0403% dir=up agree=True chain=68664.75 bin=68673.73 open=68637.08 obi=-0.1420 ask_up=0.69 ask_dn=0.32 bid_up=0.68 bid_dn=0.31 halted=False[0m
[2m2026-04-07 18:31:44.836 [INFO] __main__: STATUS t=195s delta=0.0464% dir=up agree=True chain=68668.94 bin=68677.08 open=68637.08 obi=-0.3149 ask_up=0.73 ask_dn=0.28 bid_up=0.72 bid_dn=0.27 halted=False[0m
[2m2026-04-07 18:32:14.924 [INFO] __main__: STATUS t=165s delta=0.0388% dir=up agree=True chain=68663.73 bin=68668.90 open=68637.08 obi=-0.8854 ask_up=0.68 ask_dn=0.33 bid_up=0.67 bid_dn=0.32 halted=False[0m
[37m2026-04-07 18:32:30.221 [INFO] strategy.momentum_signal: [SKIP] rank=1 side=up reason=conditions_not_met latest_pct=0.0633 need=>=0.07 stddev=0.0127 max_var=0.050[0m
[2m2026-04-07 18:32:45.012 [INFO] __main__: STATUS t=135s delta=0.0811% dir=up agree=True chain=68692.74 bin=68700.00 open=68637.08 obi=0.4143 ask_up=0.90 ask_dn=0.11 bid_up=0.89 bid_dn=0.10 halted=False[0m
[2m2026-04-07 18:33:15.097 [INFO] __main__: STATUS t=105s delta=0.0947% dir=up agree=True chain=68702.11 bin=68707.15 open=68637.08 obi=-0.6470 ask_up=0.93 ask_dn=0.08 bid_up=0.92 bid_dn=0.07 halted=False[0m
[2m2026-04-07 18:33:45.191 [INFO] __main__: STATUS t=75s delta=0.1132% dir=up agree=True chain=68714.80 bin=68723.99 open=68637.08 obi=-0.0104 ask_up=0.98 ask_dn=0.03 bid_up=0.97 bid_dn=0.02 halted=False[0m
[2m2026-04-07 18:34:15.298 [INFO] __main__: STATUS t=45s delta=0.1139% dir=up agree=True chain=68715.27 bin=68720.00 open=68637.08 obi=-0.9102 ask_up=1.00 ask_dn=0.01 bid_up=0.99 bid_dn=0.01 halted=False[0m
[2m2026-04-07 18:34:45.394 [INFO] __main__: STATUS t=15s delta=0.0979% dir=up agree=True chain=68704.30 bin=68706.31 open=68637.08 obi=-0.8841 ask_up=1.00 ask_dn=0.01 bid_up=0.99 bid_dn=0.01 halted=False[0m
[37m2026-04-07 18:35:00.193 [INFO] execution.paper_trading: paper window_ts=1775586600 [SKIP] pnl=0.0000 direction=up outcome=up - balance=$947.09 bid_up=0.99 ask_up=1.00 bid_dn=0.01 ask_dn=0.01[0m
[93m[1m2026-04-07 18:35:00.193 [INFO] risk.position_tracker: WINDOW_SUMMARY window_pnl=$0.0000 session_pnl=$-52.9070 won=$21.0455 lost=$73.9525 wr=50.0% (3/6) consec_losses=1[0m
[96m2026-04-07 18:35:00.195 [INFO] __main__: REGIME chop_detected flips=8 delta_range=0.1363% avg_flips=5.5 over=6_windows[0m
[37m2026-04-07 18:35:00.196 [INFO] __main__: WINDOW_DECISION [SKIP] rank=1 side=up pnl=$0.0000 entry=0.00 size=$0.00 (conditions not met)[0m
[96m[1m2026-04-07 18:35:00.196 [INFO] strategy.window_tracker: new window: btc-updown-5m-1775586900 (ts=1775586900)[0m
[96m2026-04-07 18:35:00.298 [INFO] __main__: REGIME vol_stddev=0.106% chop_flips=5.5 sprt=dormant llr=1.94 age=68w bankroll=$946.37[0m
[96m2026-04-07 18:35:00.298 [INFO] __main__: KELLY wr_adj=84.4% base=95.3% vol_disc=0.4% chop_disc=7.5% feedback=+0.0%[0m
[96m2026-04-07 18:35:00.298 [INFO] __main__: window open price captured: 68700.09 (chainlink)[0m
2026-04-07 18:35:01.135 [INFO] market_data.clob_market_ws: CLOB market subscribed for tokens up=544951170492 down=913640753120
[2m2026-04-07 18:35:15.624 [INFO] __main__: STATUS t=284s delta=-0.0107% dir=down agree=True chain=68692.74 bin=68694.92 open=68700.09 obi=-0.8470 ask_up=0.44 ask_dn=0.57 bid_up=0.43 bid_dn=0.56 halted=False[0m
[2m2026-04-07 18:35:45.717 [INFO] __main__: STATUS t=254s delta=-0.0130% dir=down agree=True chain=68691.18 bin=68696.04 open=68700.09 obi=0.4541 ask_up=0.45 ask_dn=0.56 bid_up=0.44 bid_dn=0.55 halted=False[0m
[2m2026-04-07 18:36:15.824 [INFO] __main__: STATUS t=224s delta=-0.1449% dir=down agree=True chain=68600.55 bin=68600.01 open=68700.09 obi=-0.8814 ask_up=0.08 ask_dn=0.93 bid_up=0.07 bid_dn=0.92 halted=False[0m
[2m2026-04-07 18:36:45.906 [INFO] __main__: STATUS t=194s delta=-0.1716% dir=down agree=True chain=68582.19 bin=68591.27 open=68700.09 obi=-0.5619 ask_up=0.05 ask_dn=0.96 bid_up=0.04 bid_dn=0.95 halted=False[0m
[2m2026-04-07 18:37:16.005 [INFO] __main__: STATUS t=164s delta=-0.1741% dir=down agree=True chain=68580.47 bin=68586.95 open=68700.09 obi=-0.6404 ask_up=0.05 ask_dn=0.96 bid_up=0.04 bid_dn=0.95 halted=False[0m
[37m2026-04-07 18:37:30.050 [INFO] strategy.momentum_signal: [SKIP] rank=1 side=up reason=conditions_not_met latest_pct=-0.1895 need=>=0.07 stddev=0.0751 max_var=0.050[0m
[2m2026-04-07 18:37:46.099 [INFO] __main__: STATUS t=134s delta=-0.1928% dir=down agree=True chain=68567.64 bin=68576.64 open=68700.09 obi=-0.7130 ask_up=0.01 ask_dn=1.00 bid_up=0.01 bid_dn=0.99 halted=False[0m
[2m2026-04-07 18:38:16.197 [INFO] __main__: STATUS t=104s delta=-0.1888% dir=down agree=True chain=68570.38 bin=68575.95 open=68700.09 obi=-0.8959 ask_up=0.01 ask_dn=1.00 bid_up=0.01 bid_dn=0.99 halted=False[0m
[2m2026-04-07 18:38:46.295 [INFO] __main__: STATUS t=74s delta=-0.1892% dir=down agree=True chain=68570.11 bin=68577.89 open=68700.09 obi=0.5672 ask_up=0.01 ask_dn=1.00 bid_up=0.01 bid_dn=0.99 halted=False[0m
[2m2026-04-07 18:39:16.416 [INFO] __main__: STATUS t=44s delta=-0.1737% dir=down agree=True chain=68580.76 bin=68587.77 open=68700.09 obi=-0.3586 ask_up=0.01 ask_dn=1.00 bid_up=0.01 bid_dn=0.99 halted=False[0m
[2m2026-04-07 18:39:46.513 [INFO] __main__: STATUS t=13s delta=-0.1675% dir=down agree=True chain=68585.03 bin=68591.42 open=68700.09 obi=0.2964 ask_up=0.01 ask_dn=1.00 bid_up=0.01 bid_dn=0.99 halted=False[0m
[37m2026-04-07 18:40:00.059 [INFO] execution.paper_trading: paper window_ts=1775586900 [SKIP] pnl=0.0000 direction=down outcome=down - balance=$947.09 bid_up=0.01 ask_up=0.01 bid_dn=0.99 ask_dn=1.00[0m
[93m[1m2026-04-07 18:40:00.059 [INFO] risk.position_tracker: WINDOW_SUMMARY window_pnl=$0.0000 session_pnl=$-52.9070 won=$21.0455 lost=$73.9525 wr=50.0% (3/6) consec_losses=1[0m
[37m2026-04-07 18:40:00.081 [INFO] __main__: WINDOW_DECISION [SKIP] rank=1 side=up pnl=$0.0000 entry=0.00 size=$0.00 (conditions not met)[0m
[96m[1m2026-04-07 18:40:00.081 [INFO] strategy.window_tracker: new window: btc-updown-5m-1775587200 (ts=1775587200)[0m
[96m2026-04-07 18:40:00.202 [INFO] __main__: REGIME vol_stddev=0.112% chop_flips=3.8 sprt=dormant llr=1.94 age=69w bankroll=$946.37[0m
[96m2026-04-07 18:40:00.203 [INFO] __main__: KELLY wr_adj=88.3% base=95.3% vol_disc=0.9% chop_disc=3.1% feedback=+0.0%[0m
[96m2026-04-07 18:40:00.203 [INFO] __main__: window open price captured: 68585.34 (chainlink)[0m
2026-04-07 18:40:00.341 [INFO] market_data.clob_market_ws: CLOB market subscribed for tokens up=904174488219 down=881786121687
[2m2026-04-07 18:40:16.538 [INFO] __main__: STATUS t=283s delta=-0.0163% dir=down agree=True chain=68574.13 bin=68570.52 open=68585.34 obi=-0.9060 ask_up=0.99 ask_dn=0.99 bid_up=0.01 bid_dn=0.01 halted=False[0m
[2m2026-04-07 18:40:46.628 [INFO] __main__: STATUS t=253s delta=-0.0995% dir=down agree=True chain=68517.09 bin=68525.57 open=68585.34 obi=0.7133 ask_up=0.99 ask_dn=0.99 bid_up=0.01 bid_dn=0.01 halted=False[0m
[2m2026-04-07 18:41:16.717 [INFO] __main__: STATUS t=223s delta=-0.0920% dir=down agree=True chain=68522.23 bin=68528.65 open=68585.34 obi=0.6415 ask_up=0.20 ask_dn=0.81 bid_up=0.19 bid_dn=0.80 halted=False[0m
[2m2026-04-07 18:41:46.801 [INFO] __main__: STATUS t=193s delta=-0.0902% dir=down agree=True chain=68523.48 bin=68531.93 open=68585.34 obi=-0.7402 ask_up=0.18 ask_dn=0.83 bid_up=0.17 bid_dn=0.82 halted=False[0m
[2m2026-04-07 18:42:16.936 [INFO] __main__: STATUS t=163s delta=-0.1104% dir=down agree=True chain=68509.63 bin=68516.45 open=68585.34 obi=0.8475 ask_up=0.08 ask_dn=0.93 bid_up=0.07 bid_dn=0.92 halted=False[0m
[37m2026-04-07 18:42:30.224 [INFO] strategy.momentum_signal: [SKIP] rank=1 side=up reason=conditions_not_met latest_pct=-0.0790 need=>=0.07 stddev=0.0175 max_var=0.050[0m
[2m2026-04-07 18:42:47.018 [INFO] __main__: STATUS t=133s delta=-0.1131% dir=down agree=True chain=68507.75 bin=68514.79 open=68585.34 obi=0.7460 ask_up=0.06 ask_dn=0.95 bid_up=0.05 bid_dn=0.94 halted=False[0m
[2m2026-04-07 18:43:17.120 [INFO] __main__: STATUS t=103s delta=-0.0966% dir=down agree=True chain=68519.07 bin=68526.00 open=68585.34 obi=-0.4163 ask_up=0.06 ask_dn=0.95 bid_up=0.05 bid_dn=0.94 halted=False[0m
[2m2026-04-07 18:43:47.206 [INFO] __main__: STATUS t=73s delta=-0.1205% dir=down agree=True chain=68502.70 bin=68522.78 open=68585.34 obi=0.9315 ask_up=0.03 ask_dn=0.98 bid_up=0.02 bid_dn=0.97 halted=False[0m
[2m2026-04-07 18:44:17.302 [INFO] __main__: STATUS t=43s delta=-0.0943% dir=down agree=True chain=68520.65 bin=68530.68 open=68585.34 obi=0.0094 ask_up=0.02 ask_dn=0.99 bid_up=0.01 bid_dn=0.98 halted=False[0m
[2m2026-04-07 18:44:47.398 [INFO] __main__: STATUS t=13s delta=-0.0951% dir=down agree=True chain=68520.14 bin=68526.78 open=68585.34 obi=-0.5852 ask_up=0.01 ask_dn=1.00 bid_up=0.01 bid_dn=0.99 halted=False[0m
[37m2026-04-07 18:45:00.190 [INFO] execution.paper_trading: paper window_ts=1775587200 [SKIP] pnl=0.0000 direction=down outcome=down - balance=$947.09 bid_up=0.01 ask_up=0.01 bid_dn=0.99 ask_dn=1.00[0m
[93m[1m2026-04-07 18:45:00.190 [INFO] risk.position_tracker: WINDOW_SUMMARY window_pnl=$0.0000 session_pnl=$-52.9070 won=$21.0455 lost=$73.9525 wr=50.0% (3/6) consec_losses=1[0m
[37m2026-04-07 18:45:00.194 [INFO] __main__: WINDOW_DECISION [SKIP] rank=1 side=up pnl=$0.0000 entry=0.00 size=$0.00 (conditions not met)[0m
[96m[1m2026-04-07 18:45:00.194 [INFO] strategy.window_tracker: new window: btc-updown-5m-1775587500 (ts=1775587500)[0m
[96m2026-04-07 18:45:00.259 [INFO] __main__: REGIME vol_stddev=0.114% chop_flips=4.0 sprt=dormant llr=1.94 age=70w bankroll=$946.37[0m
[96m2026-04-07 18:45:00.259 [INFO] __main__: KELLY wr_adj=87.5% base=95.3% vol_disc=1.1% chop_disc=3.8% feedback=+0.0%[0m
[96m2026-04-07 18:45:00.260 [INFO] __main__: window open price captured: 68514.71 (chainlink)[0m
2026-04-07 18:45:00.579 [INFO] market_data.clob_market_ws: CLOB market subscribed for tokens up=238533948889 down=298640981783
[2m2026-04-07 18:45:17.587 [INFO] __main__: STATUS t=282s delta=-0.0314% dir=down agree=True chain=68493.19 bin=68506.00 open=68514.71 obi=0.6415 ask_up=0.44 ask_dn=0.57 bid_up=0.43 bid_dn=0.56 halted=False[0m
[2m2026-04-07 18:45:47.677 [INFO] __main__: STATUS t=252s delta=-0.0701% dir=down agree=True chain=68466.68 bin=68476.09 open=68514.71 obi=0.5539 ask_up=0.39 ask_dn=0.65 bid_up=0.35 bid_dn=0.61 halted=False[0m
2026-04-07 18:46:07.010 [INFO] shared.ipc: IPC: received authenticated signal_update (summary=signals_summary_1775587568.json)
2026-04-07 18:46:07.010 [INFO] __main__: received new signal from orchestrator: rank=1 side=Up
[2m2026-04-07 18:46:17.776 [INFO] __main__: STATUS t=222s delta=-0.0422% dir=down agree=True chain=68485.76 bin=68505.58 open=68514.71 obi=0.3189 ask_up=0.40 ask_dn=0.61 bid_up=0.39 bid_dn=0.60 halted=False[0m
[2m2026-04-07 18:46:47.861 [INFO] __main__: STATUS t=192s delta=-0.0402% dir=down agree=True chain=68487.18 bin=68497.49 open=68514.71 obi=-0.5773 ask_up=0.33 ask_dn=0.68 bid_up=0.32 bid_dn=0.67 halted=False[0m
[2m2026-04-07 18:47:17.948 [INFO] __main__: STATUS t=162s delta=-0.0393% dir=down agree=True chain=68487.77 bin=68484.49 open=68514.71 obi=-0.9988 ask_up=0.21 ask_dn=0.80 bid_up=0.20 bid_dn=0.79 halted=False[0m
[37m2026-04-07 18:47:30.231 [INFO] strategy.momentum_signal: [SKIP] rank=1 side=up reason=conditions_not_met latest_pct=-0.0530 need=>=0.07 stddev=0.0139 max_var=0.050[0m
[2m2026-04-07 18:47:48.030 [INFO] __main__: STATUS t=132s delta=-0.0282% dir=down agree=True chain=68495.38 bin=68501.19 open=68514.71 obi=0.4249 ask_up=0.32 ask_dn=0.69 bid_up=0.31 bid_dn=0.68 halted=False[0m
[2m2026-04-07 18:48:18.142 [INFO] __main__: STATUS t=102s delta=-0.0439% dir=down agree=True chain=68484.62 bin=68493.84 open=68514.71 obi=0.5403 ask_up=0.23 ask_dn=0.78 bid_up=0.22 bid_dn=0.77 halted=False[0m
[2m2026-04-07 18:48:48.231 [INFO] __main__: STATUS t=72s delta=-0.0602% dir=down agree=True chain=68473.43 bin=68480.01 open=68514.71 obi=-0.3311 ask_up=0.09 ask_dn=0.92 bid_up=0.08 bid_dn=0.91 halted=False[0m
[2m2026-04-07 18:49:18.317 [INFO] __main__: STATUS t=42s delta=-0.0558% dir=down agree=True chain=68476.45 bin=68469.43 open=68514.71 obi=0.4612 ask_up=0.04 ask_dn=0.97 bid_up=0.03 bid_dn=0.96 halted=False[0m
[2m2026-04-07 18:49:48.424 [INFO] __main__: STATUS t=12s delta=-0.0784% dir=down agree=True chain=68461.00 bin=68470.00 open=68514.71 obi=-0.4641 ask_up=0.01 ask_dn=1.00 bid_up=0.01 bid_dn=0.99 halted=False[0m
[37m2026-04-07 18:50:00.215 [INFO] execution.paper_trading: paper window_ts=1775587500 [SKIP] pnl=0.0000 direction=down outcome=down - balance=$947.09 bid_up=0.01 ask_up=0.01 bid_dn=0.99 ask_dn=1.00[0m
[93m[1m2026-04-07 18:50:00.215 [INFO] risk.position_tracker: WINDOW_SUMMARY window_pnl=$0.0000 session_pnl=$-52.9070 won=$21.0455 lost=$73.9525 wr=50.0% (3/6) consec_losses=1[0m
[37m2026-04-07 18:50:00.219 [INFO] __main__: WINDOW_DECISION [SKIP] rank=1 side=up pnl=$0.0000 entry=0.00 size=$0.00 (conditions not met)[0m
[95m2026-04-07 18:50:00.219 [INFO] __main__: Signal refreshed (same pattern): up_280.0_150.0_0.07_0.05 — rank 1->1, keeping SPRT state (age=71w, trades=6, LLR=1.94)[0m
2026-04-07 18:50:00.219 [INFO] __main__: SIGNAL_SWAP_ACTIVE: {"rank":1,"side":"up","observeFromS":280.0,"observeToS":150.0,"minDeltaPct":0.07,"maxVariancePct":0.05,"trainWinRatePct":91.14,"oosWinRatePct":94.34,"oosBhAdjustedPValue":1.4126e-14,"oosMatches":53,"avgEntryPrice":0.8751,"evPerTrade":0.0383,"smartScore":24.65,"wfFoldsAppeared":5,"wfTotalTestFolds":6,"wfFoldIndices":[2,3,4,6,7]}
2026-04-07 18:50:00.219 [INFO] __main__: switched to new signal: #1 up (previous: #1 up)
[96m[1m2026-04-07 18:50:00.220 [INFO] strategy.window_tracker: new window: btc-updown-5m-1775587800 (ts=1775587800)[0m
[96m2026-04-07 18:50:00.306 [INFO] __main__: REGIME vol_stddev=0.116% chop_flips=3.0 sprt=dormant llr=1.94 age=71w bankroll=$946.37[0m
[96m2026-04-07 18:50:00.306 [INFO] __main__: KELLY wr_adj=90.2% base=94.3% vol_disc=1.2% chop_disc=0.0% feedback=+0.0%[0m
[96m2026-04-07 18:50:00.306 [INFO] __main__: window open price captured: 68462.15 (chainlink)[0m
2026-04-07 18:50:00.805 [INFO] market_data.clob_market_ws: CLOB market subscribed for tokens up=715515734880 down=100666610460
[2m2026-04-07 18:50:18.623 [INFO] __main__: STATUS t=281s delta=0.0162% dir=up agree=True chain=68473.24 bin=68481.62 open=68462.15 obi=0.5893 ask_up=0.53 ask_dn=0.48 bid_up=0.52 bid_dn=0.47 halted=False[0m
[2m2026-04-07 18:50:48.712 [INFO] __main__: STATUS t=251s delta=0.0002% dir=up agree=True chain=68462.26 bin=68479.01 open=68462.15 obi=0.8365 ask_up=0.51 ask_dn=0.50 bid_up=0.50 bid_dn=0.49 halted=False[0m
[2m2026-04-07 18:51:18.816 [INFO] __main__: STATUS t=221s delta=0.0289% dir=up agree=True chain=68481.92 bin=68491.28 open=68462.15 obi=0.3862 ask_up=0.60 ask_dn=0.41 bid_up=0.59 bid_dn=0.40 halted=False[0m
[2m2026-04-07 18:51:48.905 [INFO] __main__: STATUS t=191s delta=-0.0078% dir=down agree=False chain=68456.80 bin=68474.66 open=68462.15 obi=0.9331 ask_up=0.43 ask_dn=0.58 bid_up=0.42 bid_dn=0.57 halted=False[0m
[2m2026-04-07 18:52:19.004 [INFO] __main__: STATUS t=161s delta=0.0073% dir=up agree=True chain=68467.16 bin=68477.89 open=68462.15 obi=0.6797 ask_up=0.48 ask_dn=0.53 bid_up=0.47 bid_dn=0.52 halted=False[0m
[37m2026-04-07 18:52:30.035 [INFO] strategy.momentum_signal: [SKIP] rank=1 side=up reason=conditions_not_met latest_pct=0.0015 need=>=0.07 stddev=0.0120 max_var=0.050[0m
[2m2026-04-07 18:52:49.086 [INFO] __main__: STATUS t=131s delta=-0.0188% dir=down agree=True chain=68449.28 bin=68458.95 open=68462.15 obi=-0.9045 ask_up=0.28 ask_dn=0.73 bid_up=0.27 bid_dn=0.72 halted=False[0m
[2m2026-04-07 18:53:19.178 [INFO] __main__: STATUS t=101s delta=-0.1189% dir=down agree=True chain=68380.77 bin=68391.81 open=68462.15 obi=0.0944 ask_up=0.03 ask_dn=0.98 bid_up=0.02 bid_dn=0.97 halted=False[0m
[2m2026-04-07 18:53:49.271 [INFO] __main__: STATUS t=71s delta=-0.1259% dir=down agree=True chain=68375.98 bin=68387.87 open=68462.15 obi=0.4489 ask_up=0.03 ask_dn=0.98 bid_up=0.02 bid_dn=0.97 halted=False[0m
[2m2026-04-07 18:54:19.383 [INFO] __main__: STATUS t=41s delta=-0.1313% dir=down agree=True chain=68372.23 bin=68396.89 open=68462.15 obi=0.4537 ask_up=0.01 ask_dn=1.00 bid_up=0.01 bid_dn=0.99 halted=False[0m
[2m2026-04-07 18:54:49.482 [INFO] __main__: STATUS t=11s delta=-0.1139% dir=down agree=True chain=68384.16 bin=68396.72 open=68462.15 obi=-0.6106 ask_up=0.01 ask_dn=1.00 bid_up=0.01 bid_dn=0.99 halted=False[0m
[37m2026-04-07 18:55:00.021 [INFO] execution.paper_trading: paper window_ts=1775587800 [SKIP] pnl=0.0000 direction=down outcome=down - balance=$947.09 bid_up=0.01 ask_up=0.01 bid_dn=0.99 ask_dn=1.00[0m
[93m[1m2026-04-07 18:55:00.022 [INFO] risk.position_tracker: WINDOW_SUMMARY window_pnl=$0.0000 session_pnl=$-52.9070 won=$21.0455 lost=$73.9525 wr=50.0% (3/6) consec_losses=1[0m
[96m2026-04-07 18:55:00.026 [INFO] __main__: REGIME chop_detected flips=9 delta_range=0.1982% avg_flips=4.0 over=6_windows[0m
[37m2026-04-07 18:55:00.026 [INFO] __main__: WINDOW_DECISION [SKIP] rank=1 side=up pnl=$0.0000 entry=0.00 size=$0.00 (conditions not met)[0m
[96m[1m2026-04-07 18:55:00.026 [INFO] strategy.window_tracker: new window: btc-updown-5m-1775588100 (ts=1775588100)[0m
[96m2026-04-07 18:55:00.156 [INFO] __main__: REGIME vol_stddev=0.116% chop_flips=4.0 sprt=dormant llr=1.94 age=72w bankroll=$946.37[0m
[96m2026-04-07 18:55:00.156 [INFO] __main__: KELLY wr_adj=86.4% base=94.3% vol_disc=1.2% chop_disc=3.8% feedback=+0.0%[0m
[96m2026-04-07 18:55:00.156 [INFO] __main__: window open price captured: 68382.06 (chainlink)[0m
2026-04-07 18:55:01.022 [INFO] market_data.clob_market_ws: CLOB market subscribed for tokens up=736557430607 down=105080255298
[2m2026-04-07 18:55:19.710 [INFO] __main__: STATUS t=280s delta=-0.0393% dir=down agree=True chain=68355.19 bin=68358.10 open=68382.06 obi=-0.1342 ask_up=0.33 ask_dn=0.68 bid_up=0.32 bid_dn=0.67 halted=False[0m
[2m2026-04-07 18:55:49.794 [INFO] __main__: STATUS t=250s delta=-0.0409% dir=down agree=True chain=68354.11 bin=68369.80 open=68382.06 obi=0.8094 ask_up=0.38 ask_dn=0.63 bid_up=0.37 bid_dn=0.62 halted=False[0m
[2m2026-04-07 18:56:19.903 [INFO] __main__: STATUS t=220s delta=-0.0402% dir=down agree=True chain=68354.57 bin=68358.10 open=68382.06 obi=0.1642 ask_up=0.27 ask_dn=0.74 bid_up=0.26 bid_dn=0.73 halted=False[0m
[2m2026-04-07 18:56:49.985 [INFO] __main__: STATUS t=190s delta=-0.0533% dir=down agree=True chain=68345.63 bin=68359.99 open=68382.06 obi=0.7682 ask_up=0.25 ask_dn=0.76 bid_up=0.24 bid_dn=0.75 halted=False[0m
[2m2026-04-07 18:57:20.102 [INFO] __main__: STATUS t=160s delta=-0.0019% dir=down agree=False chain=68380.78 bin=68393.32 open=68382.06 obi=-0.7119 ask_up=0.47 ask_dn=0.54 bid_up=0.46 bid_dn=0.53 halted=False[0m
[37m2026-04-07 18:57:30.127 [INFO] strategy.momentum_signal: [SKIP] rank=1 side=up reason=conditions_not_met latest_pct=0.0321 need=>=0.07 stddev=0.0238 max_var=0.050[0m
[2m2026-04-07 18:57:50.187 [INFO] __main__: STATUS t=130s delta=0.0860% dir=up agree=True chain=68440.90 bin=68451.27 open=68382.06 obi=-0.6048 ask_up=0.87 ask_dn=0.14 bid_up=0.86 bid_dn=0.13 halted=False[0m
[2m2026-04-07 18:58:20.284 [INFO] __main__: STATUS t=100s delta=0.0646% dir=up agree=True chain=68426.26 bin=68440.54 open=68382.06 obi=0.7994 ask_up=0.87 ask_dn=0.14 bid_up=0.86 bid_dn=0.13 halted=False[0m
[2m2026-04-07 18:58:50.372 [INFO] __main__: STATUS t=70s delta=0.0611% dir=up agree=True chain=68423.86 bin=68437.40 open=68382.06 obi=0.8451 ask_up=0.89 ask_dn=0.12 bid_up=0.88 bid_dn=0.11 halted=False[0m
[2m2026-04-07 18:59:20.455 [INFO] __main__: STATUS t=40s delta=0.0600% dir=up agree=True chain=68423.11 bin=68433.66 open=68382.06 obi=0.9967 ask_up=0.95 ask_dn=0.06 bid_up=0.94 bid_dn=0.05 halted=False[0m
[2m2026-04-07 18:59:50.554 [INFO] __main__: STATUS t=9s delta=0.0735% dir=up agree=True chain=68432.32 bin=68442.52 open=68382.06 obi=0.5808 ask_up=1.00 ask_dn=0.01 bid_up=0.99 bid_dn=0.01 halted=False[0m
[37m2026-04-07 19:00:00.101 [INFO] execution.paper_trading: paper window_ts=1775588100 [SKIP] pnl=0.0000 direction=up outcome=up - balance=$947.09 bid_up=0.99 ask_up=1.00 bid_dn=0.01 ask_dn=0.01[0m
[93m[1m2026-04-07 19:00:00.102 [INFO] risk.position_tracker: WINDOW_SUMMARY window_pnl=$0.0000 session_pnl=$-52.9070 won=$21.0455 lost=$73.9525 wr=50.0% (3/6) consec_losses=1[0m
[96m2026-04-07 19:00:00.106 [INFO] __main__: REGIME chop_detected flips=4 delta_range=0.1456% avg_flips=4.2 over=6_windows[0m
[37m2026-04-07 19:00:00.107 [INFO] __main__: WINDOW_DECISION [SKIP] rank=1 side=up pnl=$0.0000 entry=0.00 size=$0.00 (conditions not met)[0m
[96m[1m2026-04-07 19:00:00.107 [INFO] strategy.window_tracker: new window: btc-updown-5m-1775588400 (ts=1775588400)[0m
[96m2026-04-07 19:00:00.218 [INFO] __main__: REGIME vol_stddev=0.117% chop_flips=4.2 sprt=dormant llr=1.94 age=73w bankroll=$946.37[0m
[96m2026-04-07 19:00:00.222 [INFO] __main__: KELLY wr_adj=85.7% base=94.3% vol_disc=1.3% chop_disc=4.4% feedback=+0.0%[0m
[96m2026-04-07 19:00:00.222 [INFO] __main__: window open price captured: 68430.29 (chainlink)[0m
2026-04-07 19:00:00.222 [INFO] market_data.clob_market_ws: CLOB market subscribed for tokens up=110340056039 down=758114449277
[2m2026-04-07 19:00:20.598 [INFO] __main__: STATUS t=279s delta=-0.0328% dir=down agree=True chain=68407.86 bin=68420.57 open=68430.29 obi=-0.3293 ask_up=0.99 ask_dn=0.99 bid_up=0.01 bid_dn=0.01 halted=False[0m
[2m2026-04-07 19:00:50.693 [INFO] __main__: STATUS t=249s delta=-0.0507% dir=down agree=True chain=68395.61 bin=68407.70 open=68430.29 obi=0.7859 ask_up=0.33 ask_dn=0.68 bid_up=0.32 bid_dn=0.67 halted=False[0m
[2m2026-04-07 19:01:20.788 [INFO] __main__: STATUS t=219s delta=-0.0653% dir=down agree=True chain=68385.63 bin=68396.07 open=68430.29 obi=-0.9161 ask_up=0.23 ask_dn=0.78 bid_up=0.22 bid_dn=0.77 halted=False[0m
2026-04-07 19:01:21.230 [INFO] shared.ipc: IPC: received authenticated signal_update (summary=signals_summary_1775588483.json)
2026-04-07 19:01:21.230 [INFO] __main__: received new signal from orchestrator: rank=1 side=Up
[2m2026-04-07 19:01:50.871 [INFO] __main__: STATUS t=189s delta=-0.0609% dir=down agree=True chain=68388.61 bin=68401.99 open=68430.29 obi=-0.0036 ask_up=0.26 ask_dn=0.75 bid_up=0.25 bid_dn=0.74 halted=False[0m
[2m2026-04-07 19:02:20.960 [INFO] __main__: STATUS t=159s delta=0.0025% dir=up agree=True chain=68432.03 bin=68449.15 open=68430.29 obi=0.5917 ask_up=0.59 ask_dn=0.42 bid_up=0.58 bid_dn=0.41 halted=False[0m
[37m2026-04-07 19:02:30.238 [INFO] strategy.momentum_signal: [SKIP] rank=1 side=up reason=conditions_not_met latest_pct=0.0300 need=>=0.07 stddev=0.0245 max_var=0.050[0m
[2m2026-04-07 19:02:51.048 [INFO] __main__: STATUS t=129s delta=-0.0016% dir=down agree=False chain=68429.20 bin=68445.67 open=68430.29 obi=0.9994 ask_up=0.58 ask_dn=0.43 bid_up=0.57 bid_dn=0.42 halted=False[0m
[2m2026-04-07 19:03:21.140 [INFO] __main__: STATUS t=99s delta=0.0438% dir=up agree=True chain=68460.24 bin=68476.26 open=68430.29 obi=-0.8941 ask_up=0.82 ask_dn=0.19 bid_up=0.81 bid_dn=0.18 halted=False[0m
[2m2026-04-07 19:03:51.218 [INFO] __main__: STATUS t=69s delta=-0.0014% dir=down agree=False chain=68429.35 bin=68439.88 open=68430.29 obi=-0.8151 ask_up=0.51 ask_dn=0.50 bid_up=0.50 bid_dn=0.49 halted=False[0m
[2m2026-04-07 19:04:21.323 [INFO] __main__: STATUS t=39s delta=-0.0145% dir=down agree=False chain=68420.37 bin=68436.35 open=68430.29 obi=0.9060 ask_up=0.47 ask_dn=0.54 bid_up=0.46 bid_dn=0.53 halted=False[0m
[2m2026-04-07 19:04:51.417 [INFO] __main__: STATUS t=9s delta=0.0148% dir=up agree=True chain=68440.42 bin=68453.86 open=68430.29 obi=0.5347 ask_up=0.95 ask_dn=0.06 bid_up=0.94 bid_dn=0.05 halted=False[0m
[37m2026-04-07 19:05:00.197 [INFO] execution.paper_trading: paper window_ts=1775588400 [SKIP] pnl=0.0000 direction=up outcome=up - balance=$947.09 bid_up=0.93 ask_up=0.99 bid_dn=0.01 ask_dn=0.07[0m
[93m[1m2026-04-07 19:05:00.197 [INFO] risk.position_tracker: WINDOW_SUMMARY window_pnl=$0.0000 session_pnl=$-52.9070 won=$21.0455 lost=$73.9525 wr=50.0% (3/6) consec_losses=1[0m
[96m2026-04-07 19:05:00.198 [INFO] __main__: REGIME chop_detected flips=8 delta_range=0.1149% avg_flips=4.2 over=6_windows[0m
[37m2026-04-07 19:05:00.198 [INFO] __main__: WINDOW_DECISION [SKIP] rank=1 side=up pnl=$0.0000 entry=0.00 size=$0.00 (conditions not met)[0m
[95m2026-04-07 19:05:00.199 [INFO] __main__: Signal refreshed (same pattern): up_280.0_150.0_0.07_0.05 — rank 1->1, keeping SPRT state (age=74w, trades=6, LLR=1.94)[0m
2026-04-07 19:05:00.199 [INFO] __main__: SIGNAL_SWAP_ACTIVE: {"rank":1,"side":"up","observeFromS":280.0,"observeToS":150.0,"minDeltaPct":0.07,"maxVariancePct":0.05,"trainWinRatePct":91.25,"oosWinRatePct":94.44,"oosBhAdjustedPValue":1.03231e-14,"oosMatches":54,"avgEntryPrice":0.8757,"evPerTrade":0.0387,"smartScore":24.54,"wfFoldsAppeared":5,"wfTotalTestFolds":6,"wfFoldIndices":[2,3,4,6,7]}
2026-04-07 19:05:00.199 [INFO] __main__: switched to new signal: #1 up (previous: #1 up)
[96m[1m2026-04-07 19:05:00.199 [INFO] strategy.window_tracker: new window: btc-updown-5m-1775588700 (ts=1775588700)[0m
[96m2026-04-07 19:05:00.258 [INFO] __main__: REGIME vol_stddev=0.113% chop_flips=4.2 sprt=dormant llr=1.94 age=74w bankroll=$946.37[0m
[96m2026-04-07 19:05:00.259 [INFO] __main__: KELLY wr_adj=86.1% base=94.4% vol_disc=0.9% chop_disc=4.4% feedback=+0.0%[0m
[96m2026-04-07 19:05:00.259 [INFO] __main__: window open price captured: 68441.56 (chainlink)[0m
2026-04-07 19:05:00.449 [INFO] market_data.clob_market_ws: CLOB market subscribed for tokens up=417526983338 down=940272369230
[2m2026-04-07 19:05:21.602 [INFO] __main__: STATUS t=278s delta=-0.0352% dir=down agree=True chain=68417.49 bin=68423.70 open=68441.56 obi=-0.3983 ask_up=0.38 ask_dn=0.63 bid_up=0.37 bid_dn=0.62 halted=False[0m
[2m2026-04-07 19:05:51.693 [INFO] __main__: STATUS t=248s delta=-0.0666% dir=down agree=True chain=68395.97 bin=68408.89 open=68441.56 obi=0.8292 ask_up=0.31 ask_dn=0.70 bid_up=0.30 bid_dn=0.69 halted=False[0m
[2m2026-04-07 19:06:21.783 [INFO] __main__: STATUS t=218s delta=-0.1092% dir=down agree=True chain=68366.82 bin=68373.14 open=68441.56 obi=-0.7604 ask_up=0.15 ask_dn=0.86 bid_up=0.14 bid_dn=0.85 halted=False[0m
2026-04-07 19:06:26.147 [INFO] utils.reconnect: rtds connected to wss://ws-live-data.polymarket.com
2026-04-07 19:06:26.148 [INFO] market_data.rtds_ws: RTDS subscribed to chainlink
[2m2026-04-07 19:06:51.888 [INFO] __main__: STATUS t=188s delta=-0.0964% dir=down agree=True chain=68375.55 bin=68389.13 open=68441.56 obi=-0.8296 ask_up=0.17 ask_dn=0.84 bid_up=0.16 bid_dn=0.83 halted=False[0m
[2m2026-04-07 19:07:21.984 [INFO] __main__: STATUS t=158s delta=-0.1322% dir=down agree=True chain=68351.05 bin=68362.47 open=68441.56 obi=0.7584 ask_up=0.08 ask_dn=0.93 bid_up=0.07 bid_dn=0.92 halted=False[0m
[37m2026-04-07 19:07:30.011 [INFO] strategy.momentum_signal: [SKIP] rank=1 side=up reason=conditions_not_met latest_pct=-0.1099 need=>=0.07 stddev=0.0262 max_var=0.050[0m
[2m2026-04-07 19:07:52.078 [INFO] __main__: STATUS t=128s delta=-0.0989% dir=down agree=True chain=68373.86 bin=68389.87 open=68441.56 obi=-0.7990 ask_up=0.09 ask_dn=0.92 bid_up=0.08 bid_dn=0.91 halted=False[0m
[2m2026-04-07 19:08:22.175 [INFO] __main__: STATUS t=98s delta=-0.0169% dir=down agree=True chain=68429.97 bin=68426.95 open=68441.56 obi=0.7517 ask_up=0.44 ask_dn=0.60 bid_up=0.40 bid_dn=0.56 halted=False[0m
[2m2026-04-07 19:08:52.263 [INFO] __main__: STATUS t=68s delta=-0.0243% dir=down agree=True chain=68424.91 bin=68426.39 open=68441.56 obi=0.9969 ask_up=0.27 ask_dn=0.74 bid_up=0.26 bid_dn=0.73 halted=False[0m
[2m2026-04-07 19:09:22.381 [INFO] __main__: STATUS t=38s delta=-0.0620% dir=down agree=True chain=68399.10 bin=68412.04 open=68441.56 obi=-0.2196 ask_up=0.14 ask_dn=0.87 bid_up=0.13 bid_dn=0.86 halted=False[0m
[2m2026-04-07 19:09:52.479 [INFO] __main__: STATUS t=8s delta=-0.0663% dir=down agree=True chain=68396.18 bin=68412.09 open=68441.56 obi=0.6697 ask_up=0.03 ask_dn=0.98 bid_up=0.02 bid_dn=0.97 halted=False[0m
[37m2026-04-07 19:10:00.056 [INFO] execution.paper_trading: paper window_ts=1775588700 [SKIP] pnl=0.0000 direction=down outcome=down - balance=$947.09 bid_up=0.01 ask_up=0.01 bid_dn=0.99 ask_dn=1.00[0m
[93m[1m2026-04-07 19:10:00.066 [INFO] risk.position_tracker: WINDOW_SUMMARY window_pnl=$0.0000 session_pnl=$-52.9070 won=$21.0455 lost=$73.9525 wr=50.0% (3/6) consec_losses=1[0m
[37m2026-04-07 19:10:00.072 [INFO] __main__: WINDOW_DECISION [SKIP] rank=1 side=up pnl=$0.0000 entry=0.00 size=$0.00 (conditions not met)[0m
[96m[1m2026-04-07 19:10:00.072 [INFO] strategy.window_tracker: new window: btc-updown-5m-1775589000 (ts=1775589000)[0m
[96m2026-04-07 19:10:00.174 [INFO] __main__: REGIME vol_stddev=0.113% chop_flips=4.3 sprt=dormant llr=1.94 age=75w bankroll=$946.37[0m
[96m2026-04-07 19:10:00.174 [INFO] __main__: KELLY wr_adj=85.4% base=94.4% vol_disc=1.0% chop_disc=5.0% feedback=+0.0%[0m
[96m2026-04-07 19:10:00.175 [INFO] __main__: window open price captured: 68398.71 (chainlink)[0m
2026-04-07 19:10:00.680 [INFO] market_data.clob_market_ws: CLOB market subscribed for tokens up=539106696486 down=714607169751
[2m2026-04-07 19:10:22.499 [INFO] __main__: STATUS t=278s delta=0.0198% dir=up agree=True chain=68412.28 bin=68427.68 open=68398.71 obi=0.2440 ask_up=0.60 ask_dn=0.41 bid_up=0.59 bid_dn=0.40 halted=False[0m
[2m2026-04-07 19:10:52.584 [INFO] __main__: STATUS t=247s delta=0.0703% dir=up agree=True chain=68446.78 bin=68461.99 open=68398.71 obi=0.2299 ask_up=0.77 ask_dn=0.24 bid_up=0.76 bid_dn=0.23 halted=False[0m
[2m2026-04-07 19:11:22.666 [INFO] __main__: STATUS t=217s delta=0.0645% dir=up agree=True chain=68442.83 bin=68450.81 open=68398.71 obi=-0.7023 ask_up=0.72 ask_dn=0.29 bid_up=0.71 bid_dn=0.28 halted=False[0m
[2m2026-04-07 19:11:52.758 [INFO] __main__: STATUS t=187s delta=0.1103% dir=up agree=True chain=68474.15 bin=68478.54 open=68398.71 obi=-0.1549 ask_up=0.86 ask_dn=0.15 bid_up=0.85 bid_dn=0.14 halted=False[0m
[2m2026-04-07 19:12:22.872 [INFO] __main__: STATUS t=157s delta=0.0215% dir=up agree=True chain=68413.44 bin=68424.09 open=68398.71 obi=0.6981 ask_up=0.66 ask_dn=0.35 bid_up=0.65 bid_dn=0.34 halted=False[0m
[37m2026-04-07 19:12:30.143 [INFO] strategy.momentum_signal: [SKIP] rank=1 side=up reason=conditions_not_met latest_pct=0.0471 need=>=0.07 stddev=0.0272 max_var=0.050[0m
[2m2026-04-07 19:12:52.957 [INFO] __main__: STATUS t=127s delta=0.0170% dir=up agree=True chain=68410.35 bin=68424.01 open=68398.71 obi=-0.7651 ask_up=0.63 ask_dn=0.38 bid_up=0.62 bid_dn=0.37 halted=False[0m
[2m2026-04-07 19:13:23.108 [INFO] __main__: STATUS t=97s delta=0.0333% dir=up agree=True chain=68421.50 bin=68440.25 open=68398.71 obi=0.9248 ask_up=0.82 ask_dn=0.19 bid_up=0.81 bid_dn=0.18 halted=False[0m
[2m2026-04-07 19:13:53.198 [INFO] __main__: STATUS t=67s delta=0.0297% dir=up agree=True chain=68419.05 bin=68425.13 open=68398.71 obi=-0.7499 ask_up=0.70 ask_dn=0.31 bid_up=0.69 bid_dn=0.30 halted=False[0m
[2m2026-04-07 19:14:23.297 [INFO] __main__: STATUS t=37s delta=0.0576% dir=up agree=True chain=68438.09 bin=68454.30 open=68398.71 obi=0.1258 ask_up=0.97 ask_dn=0.04 bid_up=0.96 bid_dn=0.03 halted=False[0m
[2m2026-04-07 19:14:53.397 [INFO] __main__: STATUS t=7s delta=0.0655% dir=up agree=True chain=68443.48 bin=68457.30 open=68398.71 obi=-0.2995 ask_up=1.00 ask_dn=0.01 bid_up=0.99 bid_dn=0.01 halted=False[0m
[37m2026-04-07 19:15:00.175 [INFO] execution.paper_trading: paper window_ts=1775589000 [SKIP] pnl=0.0000 direction=up outcome=up - balance=$947.09 bid_up=0.99 ask_up=1.00 bid_dn=0.01 ask_dn=0.01[0m
[93m[1m2026-04-07 19:15:00.175 [INFO] risk.position_tracker: WINDOW_SUMMARY window_pnl=$0.0000 session_pnl=$-52.9070 won=$21.0455 lost=$73.9525 wr=50.0% (3/6) consec_losses=1[0m
[37m2026-04-07 19:15:00.178 [INFO] __main__: WINDOW_DECISION [SKIP] rank=1 side=up pnl=$0.0000 entry=0.00 size=$0.00 (conditions not met)[0m
[96m[1m2026-04-07 19:15:00.178 [INFO] strategy.window_tracker: new window: btc-updown-5m-1775589300 (ts=1775589300)[0m
[96m2026-04-07 19:15:00.233 [INFO] __main__: REGIME vol_stddev=0.114% chop_flips=4.2 sprt=dormant llr=1.94 age=76w bankroll=$946.37[0m
[96m2026-04-07 19:15:00.233 [INFO] __main__: KELLY wr_adj=86.0% base=94.4% vol_disc=1.0% chop_disc=4.4% feedback=+0.0%[0m
[96m2026-04-07 19:15:00.234 [INFO] __main__: window open price captured: 68443.89 (chainlink)[0m
2026-04-07 19:15:00.883 [INFO] market_data.clob_market_ws: CLOB market subscribed for tokens up=944370178983 down=103451313725
[2m2026-04-07 19:15:23.562 [INFO] __main__: STATUS t=276s delta=0.0084% dir=up agree=True chain=68449.65 bin=68469.64 open=68443.89 obi=0.7067 ask_up=0.58 ask_dn=0.43 bid_up=0.57 bid_dn=0.42 halted=False[0m
[2m2026-04-07 19:15:53.636 [INFO] __main__: STATUS t=246s delta=0.0542% dir=up agree=True chain=68481.00 bin=68498.00 open=68443.89 obi=0.8780 ask_up=0.74 ask_dn=0.27 bid_up=0.73 bid_dn=0.26 halted=False[0m
[2m2026-04-07 19:16:23.727 [INFO] __main__: STATUS t=216s delta=0.0986% dir=up agree=True chain=68511.36 bin=68506.83 open=68443.89 obi=-0.5058 ask_up=0.82 ask_dn=0.19 bid_up=0.81 bid_dn=0.18 halted=False[0m
2026-04-07 19:16:35.192 [INFO] shared.ipc: IPC: received authenticated signal_update (summary=signals_summary_1775589397.json)
2026-04-07 19:16:35.192 [INFO] __main__: received new signal from orchestrator: rank=1 side=Up
[2m2026-04-07 19:16:53.813 [INFO] __main__: STATUS t=186s delta=0.1364% dir=up agree=True chain=68537.21 bin=68550.00 open=68443.89 obi=0.7994 ask_up=0.93 ask_dn=0.08 bid_up=0.92 bid_dn=0.07 halted=False[0m
[2m2026-04-07 19:17:23.916 [INFO] __main__: STATUS t=156s delta=0.1490% dir=up agree=True chain=68545.89 bin=68556.11 open=68443.89 obi=-0.3996 ask_up=0.94 ask_dn=0.07 bid_up=0.93 bid_dn=0.06 halted=False[0m
[37m2026-04-07 19:17:30.189 [INFO] strategy.momentum_signal: [SKIP] rank=1 side=up reason=conditions_not_met latest_pct=0.1640 need=>=0.07 stddev=0.0503 max_var=0.050[0m
[2m2026-04-07 19:17:54.002 [INFO] __main__: STATUS t=126s delta=0.1051% dir=up agree=True chain=68515.84 bin=68526.08 open=68443.89 obi=-0.9760 ask_up=0.89 ask_dn=0.12 bid_up=0.88 bid_dn=0.11 halted=False[0m
[2m2026-04-07 19:18:24.093 [INFO] __main__: STATUS t=96s delta=0.1285% dir=up agree=True chain=68531.82 bin=68543.30 open=68443.89 obi=-0.0495 ask_up=0.96 ask_dn=0.05 bid_up=0.95 bid_dn=0.04 halted=False[0m
[2m2026-04-07 19:18:54.171 [INFO] __main__: STATUS t=66s delta=0.1085% dir=up agree=True chain=68518.13 bin=68566.00 open=68443.89 obi=0.9887 ask_up=0.98 ask_dn=0.03 bid_up=0.97 bid_dn=0.02 halted=False[0m
[2m2026-04-07 19:19:24.269 [INFO] __main__: STATUS t=36s delta=0.2082% dir=up agree=True chain=68586.41 bin=68598.53 open=68443.89 obi=0.6381 ask_up=1.00 ask_dn=0.01 bid_up=0.99 bid_dn=0.01 halted=False[0m
[2m2026-04-07 19:19:54.366 [INFO] __main__: STATUS t=6s delta=0.3810% dir=up agree=True chain=68704.63 bin=68715.59 open=68443.89 obi=0.9639 ask_up=1.00 ask_dn=0.00 bid_up=1.00 bid_dn=0.01 halted=False[0m
[37m2026-04-07 19:20:00.146 [INFO] execution.paper_trading: paper window_ts=1775589300 [SKIP] pnl=0.0000 direction=up outcome=up - balance=$947.09 bid_up=1.00 ask_up=1.00 bid_dn=0.01 ask_dn=0.00[0m
[93m[1m2026-04-07 19:20:00.146 [INFO] risk.position_tracker: WINDOW_SUMMARY window_pnl=$0.0000 session_pnl=$-52.9070 won=$21.0455 lost=$73.9525 wr=50.0% (3/6) consec_losses=1[0m
[37m2026-04-07 19:20:00.148 [INFO] __main__: WINDOW_DECISION [SKIP] rank=1 side=up pnl=$0.0000 entry=0.00 size=$0.00 (conditions not met)[0m
[95m2026-04-07 19:20:00.149 [INFO] __main__: Signal refreshed (same pattern): up_280.0_150.0_0.07_0.05 — rank 1->1, keeping SPRT state (age=77w, trades=6, LLR=1.94)[0m
2026-04-07 19:20:00.149 [INFO] __main__: SIGNAL_SWAP_ACTIVE: {"rank":1,"side":"up","observeFromS":280.0,"observeToS":150.0,"minDeltaPct":0.07,"maxVariancePct":0.05,"trainWinRatePct":91.36,"oosWinRatePct":94.87,"oosBhAdjustedPValue":5.90363e-15,"oosMatches":39,"avgEntryPrice":0.8649,"evPerTrade":0.0538,"smartScore":18.88,"wfFoldsAppeared":4,"wfTotalTestFolds":6,"wfFoldIndices":[3,4,6,7]}
2026-04-07 19:20:00.149 [INFO] __main__: switched to new signal: #1 up (previous: #1 up)
[96m[1m2026-04-07 19:20:00.149 [INFO] strategy.window_tracker: new window: btc-updown-5m-1775589600 (ts=1775589600)[0m
[96m2026-04-07 19:20:00.261 [INFO] __main__: REGIME vol_stddev=0.136% chop_flips=4.2 sprt=dormant llr=1.94 age=77w bankroll=$946.37[0m
[96m2026-04-07 19:20:00.261 [INFO] __main__: KELLY wr_adj=84.8% base=94.9% vol_disc=2.7% chop_disc=4.4% feedback=+0.0%[0m
[96m2026-04-07 19:20:00.261 [INFO] __main__: window open price captured: 68726.44 (chainlink)[0m
2026-04-07 19:20:01.117 [INFO] market_data.clob_market_ws: CLOB market subscribed for tokens up=801960783752 down=898980215450
[2m2026-04-07 19:20:24.609 [INFO] __main__: STATUS t=275s delta=0.0563% dir=up agree=True chain=68765.13 bin=68815.21 open=68726.44 obi=0.4280 ask_up=0.70 ask_dn=0.32 bid_up=0.68 bid_dn=0.30 halted=False[0m
[2m2026-04-07 19:20:54.703 [INFO] __main__: STATUS t=245s delta=-0.0825% dir=down agree=True chain=68669.72 bin=68699.99 open=68726.44 obi=-0.9451 ask_up=0.35 ask_dn=0.66 bid_up=0.34 bid_dn=0.65 halted=False[0m
[2m2026-04-07 19:21:24.795 [INFO] __main__: STATUS t=215s delta=-0.1495% dir=down agree=True chain=68623.70 bin=68645.11 open=68726.44 obi=0.7333 ask_up=0.18 ask_dn=0.83 bid_up=0.17 bid_dn=0.82 halted=False[0m
[2m2026-04-07 19:21:54.887 [INFO] __main__: STATUS t=185s delta=-0.1417% dir=down agree=True chain=68629.04 bin=68631.80 open=68726.44 obi=-0.1635 ask_up=0.14 ask_dn=0.87 bid_up=0.13 bid_dn=0.86 halted=False[0m
[2m2026-04-07 19:22:24.971 [INFO] __main__: STATUS t=155s delta=-0.1720% dir=down agree=True chain=68608.20 bin=68616.97 open=68726.44 obi=-0.6274 ask_up=0.09 ask_dn=0.92 bid_up=0.08 bid_dn=0.91 halted=False[0m
[37m2026-04-07 19:22:30.239 [INFO] strategy.momentum_signal: [SKIP] rank=1 side=up reason=conditions_not_met latest_pct=-0.1493 need=>=0.07 stddev=0.0746 max_var=0.050[0m
[2m2026-04-07 19:22:55.060 [INFO] __main__: STATUS t=125s delta=-0.1498% dir=down agree=True chain=68623.47 bin=68640.69 open=68726.44 obi=0.1935 ask_up=0.10 ask_dn=0.91 bid_up=0.09 bid_dn=0.90 halted=False[0m
[2m2026-04-07 19:23:25.143 [INFO] __main__: STATUS t=95s delta=-0.2156% dir=down agree=True chain=68578.29 bin=68598.92 open=68726.44 obi=0.9992 ask_up=0.02 ask_dn=0.99 bid_up=0.01 bid_dn=0.98 halted=False[0m
[2m2026-04-07 19:23:55.243 [INFO] __main__: STATUS t=65s delta=-0.1729% dir=down agree=True chain=68607.59 bin=68614.91 open=68726.44 obi=0.6866 ask_up=0.02 ask_dn=0.99 bid_up=0.01 bid_dn=0.98 halted=False[0m
[2m2026-04-07 19:24:25.390 [INFO] __main__: STATUS t=35s delta=-0.2379% dir=down agree=True chain=68562.96 bin=68568.22 open=68726.44 obi=-0.6556 ask_up=0.01 ask_dn=1.00 bid_up=0.01 bid_dn=0.99 halted=False[0m
[2m2026-04-07 19:24:55.486 [INFO] __main__: STATUS t=5s delta=-0.2026% dir=down agree=True chain=68587.19 bin=68608.35 open=68726.44 obi=-0.2028 ask_up=0.01 ask_dn=1.00 bid_up=0.01 bid_dn=0.99 halted=False[0m
[37m2026-04-07 19:25:00.008 [INFO] execution.paper_trading: paper window_ts=1775589600 [SKIP] pnl=0.0000 direction=down outcome=down - balance=$947.09 bid_up=0.01 ask_up=0.01 bid_dn=0.99 ask_dn=1.00[0m
[93m[1m2026-04-07 19:25:00.008 [INFO] risk.position_tracker: WINDOW_SUMMARY window_pnl=$0.0000 session_pnl=$-52.9070 won=$21.0455 lost=$73.9525 wr=50.0% (3/6) consec_losses=1[0m
[37m2026-04-07 19:25:00.011 [INFO] __main__: WINDOW_DECISION [SKIP] rank=1 side=up pnl=$0.0000 entry=0.00 size=$0.00 (conditions not met)[0m
[96m[1m2026-04-07 19:25:00.011 [INFO] strategy.window_tracker: new window: btc-updown-5m-1775589900 (ts=1775589900)[0m
[96m2026-04-07 19:25:00.109 [INFO] __main__: REGIME vol_stddev=0.140% chop_flips=3.0 sprt=dormant llr=1.94 age=78w bankroll=$946.37[0m
[96m2026-04-07 19:25:00.109 [INFO] __main__: KELLY wr_adj=88.9% base=94.9% vol_disc=3.0% chop_disc=0.0% feedback=+0.0%[0m
[96m2026-04-07 19:25:00.109 [INFO] __main__: window open price captured: 68593.65 (chainlink)[0m
2026-04-07 19:25:00.331 [INFO] market_data.clob_market_ws: CLOB market subscribed for tokens up=762477156075 down=111938147249
[2m2026-04-07 19:25:25.684 [INFO] __main__: STATUS t=274s delta=-0.0293% dir=down agree=True chain=68573.52 bin=68578.01 open=68593.65 obi=-0.6488 ask_up=0.39 ask_dn=0.62 bid_up=0.38 bid_dn=0.61 halted=False[0m
[2m2026-04-07 19:25:55.767 [INFO] __main__: STATUS t=244s delta=0.0154% dir=up agree=True chain=68604.23 bin=68616.20 open=68593.65 obi=-0.1499 ask_up=0.56 ask_dn=0.45 bid_up=0.55 bid_dn=0.44 halted=False[0m
[2m2026-04-07 19:26:25.850 [INFO] __main__: STATUS t=214s delta=0.0216% dir=up agree=True chain=68608.49 bin=68614.31 open=68593.65 obi=0.9911 ask_up=0.57 ask_dn=0.45 bid_up=0.55 bid_dn=0.43 halted=False[0m
[2m2026-04-07 19:26:55.932 [INFO] __main__: STATUS t=184s delta=-0.0145% dir=down agree=True chain=68583.71 bin=68593.58 open=68593.65 obi=-0.7393 ask_up=0.44 ask_dn=0.58 bid_up=0.42 bid_dn=0.56 halted=False[0m
[2m2026-04-07 19:27:26.019 [INFO] __main__: STATUS t=154s delta=-0.0105% dir=down agree=False chain=68586.42 bin=68600.00 open=68593.65 obi=-0.9647 ask_up=0.44 ask_dn=0.57 bid_up=0.43 bid_dn=0.56 halted=False[0m
[37m2026-04-07 19:27:30.033 [INFO] strategy.momentum_signal: [SKIP] rank=1 side=up reason=conditions_not_met latest_pct=0.0093 need=>=0.07 stddev=0.0284 max_var=0.050[0m
[2m2026-04-07 19:27:56.108 [INFO] __main__: STATUS t=124s delta=0.0334% dir=up agree=True chain=68616.58 bin=68631.95 open=68593.65 obi=-0.8738 ask_up=0.99 ask_dn=0.99 bid_up=0.01 bid_dn=0.01 halted=False[0m
[2m2026-04-07 19:28:26.254 [INFO] __main__: STATUS t=94s delta=0.0052% dir=up agree=True chain=68597.18 bin=68611.98 open=68593.65 obi=0.9798 ask_up=0.56 ask_dn=0.45 bid_up=0.55 bid_dn=0.44 halted=False[0m
[2m2026-04-07 19:28:56.338 [INFO] __main__: STATUS t=64s delta=0.0063% dir=up agree=True chain=68597.96 bin=68612.76 open=68593.65 obi=0.1014 ask_up=0.63 ask_dn=0.38 bid_up=0.62 bid_dn=0.37 halted=False[0m
[2m2026-04-07 19:29:26.432 [INFO] __main__: STATUS t=34s delta=-0.0085% dir=down agree=False chain=68587.81 bin=68600.30 open=68593.65 obi=0.0053 ask_up=0.47 ask_dn=0.54 bid_up=0.46 bid_dn=0.53 halted=False[0m
[2m2026-04-07 19:29:56.520 [INFO] __main__: STATUS t=3s delta=-0.0251% dir=down agree=True chain=68576.43 bin=68570.77 open=68593.65 obi=-0.8234 ask_up=0.01 ask_dn=1.00 bid_up=0.01 bid_dn=0.99 halted=False[0m
[37m2026-04-07 19:30:00.035 [INFO] execution.paper_trading: paper window_ts=1775589900 [SKIP] pnl=0.0000 direction=down outcome=down - balance=$947.09 bid_up=0.01 ask_up=0.01 bid_dn=0.99 ask_dn=1.00[0m
[93m[1m2026-04-07 19:30:00.035 [INFO] risk.position_tracker: WINDOW_SUMMARY window_pnl=$0.0000 session_pnl=$-52.9070 won=$21.0455 lost=$73.9525 wr=50.0% (3/6) consec_losses=1[0m
[96m2026-04-07 19:30:00.037 [INFO] __main__: REGIME chop_detected flips=11 delta_range=0.1238% avg_flips=4.2 over=6_windows[0m
[37m2026-04-07 19:30:00.039 [INFO] __main__: WINDOW_DECISION [SKIP] rank=1 side=up pnl=$0.0000 entry=0.00 size=$0.00 (conditions not met)[0m
[96m[1m2026-04-07 19:30:00.039 [INFO] strategy.window_tracker: new window: btc-updown-5m-1775590200 (ts=1775590200)[0m
[96m2026-04-07 19:30:00.108 [INFO] __main__: REGIME vol_stddev=0.140% chop_flips=4.2 sprt=dormant llr=1.94 age=79w bankroll=$946.37[0m
[96m2026-04-07 19:30:00.108 [INFO] __main__: KELLY wr_adj=84.5% base=94.9% vol_disc=3.0% chop_disc=4.4% feedback=+0.0%[0m
[96m2026-04-07 19:30:00.108 [INFO] __main__: window open price captured: 68568.32 (chainlink)[0m
2026-04-07 19:30:00.510 [INFO] market_data.clob_market_ws: CLOB market subscribed for tokens up=218471926144 down=666789264821
[2m2026-04-07 19:30:26.689 [INFO] __main__: STATUS t=273s delta=-0.0291% dir=down agree=True chain=68548.40 bin=68537.08 open=68568.32 obi=0.5537 ask_up=0.33 ask_dn=0.68 bid_up=0.32 bid_dn=0.67 halted=False[0m
[2m2026-04-07 19:30:56.771 [INFO] __main__: STATUS t=243s delta=-0.0383% dir=down agree=True chain=68542.09 bin=68551.99 open=68568.32 obi=-0.9984 ask_up=0.38 ask_dn=0.63 bid_up=0.37 bid_dn=0.62 halted=False[0m
[2m2026-04-07 19:31:26.867 [INFO] __main__: STATUS t=213s delta=-0.0906% dir=down agree=True chain=68506.23 bin=68509.65 open=68568.32 obi=-0.7684 ask_up=0.20 ask_dn=0.81 bid_up=0.19 bid_dn=0.80 halted=False[0m
2026-04-07 19:31:49.137 [INFO] shared.ipc: IPC: received authenticated signal_update (summary=signals_summary_1775590308.json)
2026-04-07 19:31:49.138 [INFO] __main__: received new signal from orchestrator: rank=1 side=Up
[2m2026-04-07 19:31:56.945 [INFO] __main__: STATUS t=183s delta=-0.1109% dir=down agree=True chain=68492.28 bin=68502.96 open=68568.32 obi=-0.0364 ask_up=0.14 ask_dn=0.87 bid_up=0.13 bid_dn=0.86 halted=False[0m
[2m2026-04-07 19:32:27.031 [INFO] __main__: STATUS t=153s delta=-0.0659% dir=down agree=True chain=68523.12 bin=68535.26 open=68568.32 obi=0.9528 ask_up=0.23 ask_dn=0.78 bid_up=0.22 bid_dn=0.77 halted=False[0m
[37m2026-04-07 19:32:30.040 [INFO] strategy.momentum_signal: [SKIP] rank=1 side=up reason=conditions_not_met latest_pct=-0.0134 need=>=0.07 stddev=0.0315 max_var=0.050[0m
[2m2026-04-07 19:32:57.110 [INFO] __main__: STATUS t=123s delta=-0.0352% dir=down agree=True chain=68544.22 bin=68556.87 open=68568.32 obi=-0.0421 ask_up=0.27 ask_dn=0.74 bid_up=0.26 bid_dn=0.73 halted=False[0m
[2m2026-04-07 19:33:27.206 [INFO] __main__: STATUS t=93s delta=-0.1077% dir=down agree=True chain=68494.46 bin=68503.41 open=68568.32 obi=0.4069 ask_up=0.09 ask_dn=0.92 bid_up=0.08 bid_dn=0.91 halted=False[0m
[2m2026-04-07 19:33:57.289 [INFO] __main__: STATUS t=63s delta=-0.1105% dir=down agree=True chain=68492.52 bin=68504.71 open=68568.32 obi=0.8434 ask_up=0.03 ask_dn=0.98 bid_up=0.02 bid_dn=0.97 halted=False[0m
[2m2026-04-07 19:34:27.389 [INFO] __main__: STATUS t=33s delta=-0.1169% dir=down agree=True chain=68488.15 bin=68500.01 open=68568.32 obi=0.0644 ask_up=0.01 ask_dn=1.00 bid_up=0.01 bid_dn=0.99 halted=False[0m
[2m2026-04-07 19:34:57.493 [INFO] __main__: STATUS t=3s delta=-0.1239% dir=down agree=True chain=68483.36 bin=68495.54 open=68568.32 obi=0.1327 ask_up=0.01 ask_dn=1.00 bid_up=0.01 bid_dn=0.99 halted=False[0m
[37m2026-04-07 19:35:00.008 [INFO] execution.paper_trading: paper window_ts=1775590200 [SKIP] pnl=0.0000 direction=down outcome=down - balance=$947.09 bid_up=0.01 ask_up=0.01 bid_dn=0.99 ask_dn=1.00[0m
[93m[1m2026-04-07 19:35:00.008 [INFO] risk.position_tracker: WINDOW_SUMMARY window_pnl=$0.0000 session_pnl=$-52.9070 won=$21.0455 lost=$73.9525 wr=50.0% (3/6) consec_losses=1[0m
[96m2026-04-07 19:35:00.013 [INFO] __main__: REGIME chop_detected flips=3 delta_range=0.1354% avg_flips=3.3 over=6_windows[0m
[37m2026-04-07 19:35:00.019 [INFO] __main__: WINDOW_DECISION [SKIP] rank=1 side=up pnl=$0.0000 entry=0.00 size=$0.00 (conditions not met)[0m
[95m2026-04-07 19:35:00.019 [INFO] __main__: Signal refreshed (same pattern): up_280.0_150.0_0.07_0.05 — rank 1->1, keeping SPRT state (age=80w, trades=6, LLR=1.94)[0m
2026-04-07 19:35:00.019 [INFO] __main__: SIGNAL_SWAP_ACTIVE: {"rank":1,"side":"up","observeFromS":280.0,"observeToS":150.0,"minDeltaPct":0.07,"maxVariancePct":0.05,"trainWinRatePct":91.25,"oosWinRatePct":95.12,"oosBhAdjustedPValue":9.91814e-15,"oosMatches":41,"avgEntryPrice":0.8678,"evPerTrade":0.0534,"smartScore":20.48,"wfFoldsAppeared":4,"wfTotalTestFolds":6,"wfFoldIndices":[3,4,6,7]}
2026-04-07 19:35:00.019 [INFO] __main__: switched to new signal: #1 up (previous: #1 up)
[96m[1m2026-04-07 19:35:00.020 [INFO] strategy.window_tracker: new window: btc-updown-5m-1775590500 (ts=1775590500)[0m
[96m2026-04-07 19:35:00.123 [INFO] __main__: REGIME vol_stddev=0.140% chop_flips=3.3 sprt=dormant llr=1.94 age=80w bankroll=$946.37[0m
[96m2026-04-07 19:35:00.123 [INFO] __main__: KELLY wr_adj=87.9% base=95.1% vol_disc=3.0% chop_disc=1.3% feedback=+0.0%[0m
[96m2026-04-07 19:35:00.124 [INFO] __main__: window open price captured: 68483.54 (chainlink)[0m
2026-04-07 19:35:00.705 [INFO] market_data.clob_market_ws: CLOB market subscribed for tokens up=562644024843 down=110420660985
[2m2026-04-07 19:35:27.704 [INFO] __main__: STATUS t=272s delta=-0.0441% dir=down agree=True chain=68453.34 bin=68466.70 open=68483.54 obi=-0.6682 ask_up=0.35 ask_dn=0.66 bid_up=0.34 bid_dn=0.65 halted=False[0m
[2m2026-04-07 19:35:57.790 [INFO] __main__: STATUS t=242s delta=-0.0496% dir=down agree=True chain=68449.60 bin=68461.83 open=68483.54 obi=0.8551 ask_up=0.35 ask_dn=0.66 bid_up=0.34 bid_dn=0.65 halted=False[0m
[2m2026-04-07 19:36:27.870 [INFO] __main__: STATUS t=212s delta=-0.0282% dir=down agree=True chain=68464.21 bin=68475.10 open=68483.54 obi=-0.1858 ask_up=0.37 ask_dn=0.64 bid_up=0.36 bid_dn=0.63 halted=False[0m
[2m2026-04-07 19:36:57.963 [INFO] __main__: STATUS t=182s delta=-0.0131% dir=down agree=False chain=68474.54 bin=68488.34 open=68483.54 obi=0.1634 ask_up=0.46 ask_dn=0.55 bid_up=0.45 bid_dn=0.54 halted=False[0m
[2m2026-04-07 19:37:28.061 [INFO] __main__: STATUS t=152s delta=-0.0059% dir=down agree=True chain=68479.51 bin=68481.84 open=68483.54 obi=-0.8401 ask_up=0.38 ask_dn=0.63 bid_up=0.37 bid_dn=0.62 halted=False[0m
[37m2026-04-07 19:37:30.067 [INFO] strategy.momentum_signal: [SKIP] rank=1 side=up reason=conditions_not_met latest_pct=-0.0025 need=>=0.07 stddev=0.0213 max_var=0.050[0m
[2m2026-04-07 19:37:58.149 [INFO] __main__: STATUS t=122s delta=0.0278% dir=up agree=True chain=68502.56 bin=68518.77 open=68483.54 obi=-0.6320 ask_up=0.63 ask_dn=0.38 bid_up=0.62 bid_dn=0.37 halted=False[0m
[2m2026-04-07 19:38:28.245 [INFO] __main__: STATUS t=92s delta=0.0171% dir=up agree=True chain=68495.26 bin=68509.19 open=68483.54 obi=-0.8473 ask_up=0.59 ask_dn=0.42 bid_up=0.58 bid_dn=0.41 halted=False[0m
[2m2026-04-07 19:38:58.339 [INFO] __main__: STATUS t=62s delta=-0.0133% dir=down agree=False chain=68474.42 bin=68490.28 open=68483.54 obi=-0.2724 ask_up=0.43 ask_dn=0.59 bid_up=0.41 bid_dn=0.57 halted=False[0m
[2m2026-04-07 19:39:28.434 [INFO] __main__: STATUS t=32s delta=-0.0138% dir=down agree=False chain=68474.10 bin=68486.00 open=68483.54 obi=-0.8038 ask_up=0.30 ask_dn=0.71 bid_up=0.29 bid_dn=0.70 halted=False[0m
[2m2026-04-07 19:39:58.525 [INFO] __main__: STATUS t=1s delta=-0.0301% dir=down agree=True chain=68462.96 bin=68477.47 open=68483.54 obi=0.9851 ask_up=0.01 ask_dn=1.00 bid_up=0.01 bid_dn=0.99 halted=False[0m
[37m2026-04-07 19:40:00.031 [INFO] execution.paper_trading: paper window_ts=1775590500 [SKIP] pnl=0.0000 direction=down outcome=down - balance=$947.09 bid_up=0.01 ask_up=0.01 bid_dn=0.99 ask_dn=1.00[0m
[93m[1m2026-04-07 19:40:00.031 [INFO] risk.position_tracker: WINDOW_SUMMARY window_pnl=$0.0000 session_pnl=$-52.9070 won=$21.0455 lost=$73.9525 wr=50.0% (3/6) consec_losses=1[0m
[96m2026-04-07 19:40:00.035 [INFO] __main__: REGIME chop_detected flips=4 delta_range=0.0865% avg_flips=3.7 over=6_windows[0m
[37m2026-04-07 19:40:00.035 [INFO] __main__: WINDOW_DECISION [SKIP] rank=1 side=up pnl=$0.0000 entry=0.00 size=$0.00 (conditions not met)[0m
[96m[1m2026-04-07 19:40:00.035 [INFO] strategy.window_tracker: new window: btc-updown-5m-1775590800 (ts=1775590800)[0m
[96m2026-04-07 19:40:00.104 [INFO] __main__: REGIME vol_stddev=0.116% chop_flips=3.7 sprt=dormant llr=1.94 age=81w bankroll=$946.37[0m
[96m2026-04-07 19:40:00.105 [INFO] __main__: KELLY wr_adj=88.4% base=95.1% vol_disc=1.2% chop_disc=2.5% feedback=+0.0%[0m
[96m2026-04-07 19:40:00.105 [INFO] __main__: window open price captured: 68465.02 (chainlink)[0m
2026-04-07 19:40:00.908 [INFO] market_data.clob_market_ws: CLOB market subscribed for tokens up=104476312425 down=155160028975
[2m2026-04-07 19:40:28.751 [INFO] __main__: STATUS t=271s delta=-0.0108% dir=down agree=False chain=68457.59 bin=68475.76 open=68465.02 obi=0.6906 ask_up=0.47 ask_dn=0.55 bid_up=0.45 bid_dn=0.53 halted=False[0m
[2m2026-04-07 19:40:58.840 [INFO] __main__: STATUS t=241s delta=0.0482% dir=up agree=True chain=68498.05 bin=68515.10 open=68465.02 obi=0.9820 ask_up=0.99 ask_dn=0.99 bid_up=0.01 bid_dn=0.01 halted=False[0m
[2m2026-04-07 19:41:28.932 [INFO] __main__: STATUS t=211s delta=0.0562% dir=up agree=True chain=68503.52 bin=68501.44 open=68465.02 obi=-0.9958 ask_up=0.66 ask_dn=0.35 bid_up=0.65 bid_dn=0.34 halted=False[0m
[2m2026-04-07 19:41:59.018 [INFO] __main__: STATUS t=181s delta=0.0424% dir=up agree=True chain=68494.06 bin=68508.20 open=68465.02 obi=-0.6363 ask_up=0.70 ask_dn=0.31 bid_up=0.69 bid_dn=0.30 halted=False[0m
[2m2026-04-07 19:42:29.119 [INFO] __main__: STATUS t=151s delta=0.0080% dir=up agree=True chain=68470.47 bin=68486.47 open=68465.02 obi=-0.2846 ask_up=0.55 ask_dn=0.46 bid_up=0.54 bid_dn=0.45 halted=False[0m
[37m2026-04-07 19:42:30.122 [INFO] strategy.momentum_signal: [SKIP] rank=1 side=up reason=conditions_not_met latest_pct=0.0313 need=>=0.07 stddev=0.0247 max_var=0.050[0m
[2m2026-04-07 19:42:59.202 [INFO] __main__: STATUS t=121s delta=0.0060% dir=up agree=True chain=68469.11 bin=68484.47 open=68465.02 obi=0.8984 ask_up=0.59 ask_dn=0.42 bid_up=0.58 bid_dn=0.41 halted=False[0m
[2m2026-04-07 19:43:29.293 [INFO] __main__: STATUS t=91s delta=0.0267% dir=up agree=True chain=68483.27 bin=68496.40 open=68465.02 obi=0.4349 ask_up=0.73 ask_dn=0.28 bid_up=0.72 bid_dn=0.27 halted=False[0m
[2m2026-04-07 19:43:59.379 [INFO] __main__: STATUS t=61s delta=-0.0071% dir=down agree=False chain=68460.15 bin=68470.17 open=68465.02 obi=-0.1095 ask_up=0.45 ask_dn=0.56 bid_up=0.44 bid_dn=0.55 halted=False[0m
[2m2026-04-07 19:44:29.464 [INFO] __main__: STATUS t=31s delta=0.0617% dir=up agree=True chain=68507.28 bin=68532.04 open=68465.02 obi=0.7165 ask_up=0.96 ask_dn=0.05 bid_up=0.95 bid_dn=0.04 halted=False[0m
[2m2026-04-07 19:44:59.559 [INFO] __main__: STATUS t=0s delta=0.0817% dir=up agree=True chain=68520.95 bin=68534.95 open=68465.02 obi=0.0833 ask_up=1.00 ask_dn=0.01 bid_up=0.99 bid_dn=0.01 halted=False[0m
[37m2026-04-07 19:45:00.063 [INFO] execution.paper_trading: paper window_ts=1775590800 [SKIP] pnl=0.0000 direction=up outcome=up - balance=$947.09 bid_up=0.99 ask_up=1.00 bid_dn=0.01 ask_dn=0.01[0m
[93m[1m2026-04-07 19:45:00.063 [INFO] risk.position_tracker: WINDOW_SUMMARY window_pnl=$0.0000 session_pnl=$-52.9070 won=$21.0455 lost=$73.9525 wr=50.0% (3/6) consec_losses=1[0m
[96m2026-04-07 19:45:00.065 [INFO] __main__: REGIME chop_detected flips=8 delta_range=0.1281% avg_flips=4.8 over=6_windows[0m
[37m2026-04-07 19:45:00.065 [INFO] __main__: WINDOW_DECISION [SKIP] rank=1 side=up pnl=$0.0000 entry=0.00 size=$0.00 (conditions not met)[0m
[96m[1m2026-04-07 19:45:00.065 [INFO] strategy.window_tracker: new window: btc-updown-5m-1775591100 (ts=1775591100)[0m
[96m2026-04-07 19:45:00.159 [INFO] __main__: REGIME vol_stddev=0.117% chop_flips=4.8 sprt=dormant llr=1.94 age=82w bankroll=$946.37[0m
[96m2026-04-07 19:45:00.159 [INFO] __main__: KELLY wr_adj=84.0% base=95.1% vol_disc=1.3% chop_disc=6.9% feedback=+0.0%[0m
[96m2026-04-07 19:45:00.159 [INFO] __main__: window open price captured: 68523.51 (chainlink)[0m
2026-04-07 19:45:00.169 [INFO] market_data.clob_market_ws: CLOB market subscribed for tokens up=267619304626 down=612350287832
[2m2026-04-07 19:45:29.807 [INFO] __main__: STATUS t=270s delta=-0.0635% dir=down agree=True chain=68480.03 bin=68489.52 open=68523.51 obi=0.0287 ask_up=0.33 ask_dn=0.68 bid_up=0.32 bid_dn=0.67 halted=False[0m
[2m2026-04-07 19:45:59.903 [INFO] __main__: STATUS t=240s delta=0.4666% dir=up agree=True chain=68843.26 bin=68836.98 open=68523.51 obi=-0.1612 ask_up=0.96 ask_dn=0.07 bid_up=0.93 bid_dn=0.04 halted=False[0m
[2m2026-04-07 19:46:29.999 [INFO] __main__: STATUS t=210s delta=0.2849% dir=up agree=True chain=68718.73 bin=68728.00 open=68523.51 obi=-0.9399 ask_up=0.94 ask_dn=0.07 bid_up=0.93 bid_dn=0.06 halted=False[0m
[2m2026-04-07 19:47:00.092 [INFO] __main__: STATUS t=180s delta=0.5012% dir=up agree=True chain=68866.94 bin=68927.58 open=68523.51 obi=-0.9992 ask_up=0.98 ask_dn=0.03 bid_up=0.97 bid_dn=0.02 halted=False[0m
2026-04-07 19:47:03.266 [INFO] shared.ipc: IPC: received authenticated signal_update (summary=signals_summary_1775591222.json)
2026-04-07 19:47:03.266 [INFO] __main__: received new signal from orchestrator: rank=1 side=Up
[2m2026-04-07 19:47:30.189 [INFO] __main__: STATUS t=150s delta=0.4550% dir=up agree=True chain=68835.29 bin=68865.73 open=68523.51 obi=-0.0086 ask_up=0.99 ask_dn=0.02 bid_up=0.98 bid_dn=0.01 halted=False[0m
[37m2026-04-07 19:47:30.190 [INFO] strategy.momentum_signal: [SKIP] rank=1 side=up reason=conditions_not_met latest_pct=0.4994 need=>=0.07 stddev=0.1976 max_var=0.050[0m
[2m2026-04-07 19:48:00.286 [INFO] __main__: STATUS t=120s delta=0.5253% dir=up agree=True chain=68883.43 bin=68927.21 open=68523.51 obi=-0.4080 ask_up=1.00 ask_dn=0.01 bid_up=0.99 bid_dn=0.01 halted=False[0m
[2m2026-04-07 19:48:30.381 [INFO] __main__: STATUS t=90s delta=0.5839% dir=up agree=True chain=68923.63 bin=68924.87 open=68523.51 obi=-0.9987 ask_up=1.00 ask_dn=0.01 bid_up=0.99 bid_dn=0.00 halted=False[0m
[2m2026-04-07 19:49:00.471 [INFO] __main__: STATUS t=60s delta=0.5135% dir=up agree=True chain=68875.39 bin=68887.92 open=68523.51 obi=0.5847 ask_up=1.00 ask_dn=0.01 bid_up=0.99 bid_dn=0.00 halted=False[0m
[2m2026-04-07 19:49:30.559 [INFO] __main__: STATUS t=29s delta=0.4831% dir=up agree=True chain=68854.57 bin=68877.99 open=68523.51 obi=0.0998 ask_up=1.00 ask_dn=0.00 bid_up=1.00 bid_dn=0.00 halted=False[0m
[37m2026-04-07 19:50:00.172 [INFO] execution.paper_trading: paper window_ts=1775591100 [SKIP] pnl=0.0000 direction=up outcome=up - balance=$947.09 bid_up=1.00 ask_up=1.00 bid_dn=0.00 ask_dn=0.00[0m
[93m[1m2026-04-07 19:50:00.172 [INFO] risk.position_tracker: WINDOW_SUMMARY window_pnl=$0.0000 session_pnl=$-52.9070 won=$21.0455 lost=$73.9525 wr=50.0% (3/6) consec_losses=1[0m
[37m2026-04-07 19:50:00.175 [INFO] __main__: WINDOW_DECISION [SKIP] rank=1 side=up pnl=$0.0000 entry=0.00 size=$0.00 (conditions not met)[0m
2026-04-07 19:50:00.175 [INFO] __main__: Signal changed: up_280.0_150.0_0.07_0.05 -> up_280.0_160.0_0.07_0.05 (age was 83 windows)
2026-04-07 19:50:00.175 [INFO] __main__: SIGNAL_SWAP_ACTIVE: {"rank":1,"side":"up","observeFromS":280.0,"observeToS":160.0,"minDeltaPct":0.07,"maxVariancePct":0.05,"trainWinRatePct":91.03,"oosWinRatePct":94.12,"oosBhAdjustedPValue":3.08173e-13,"oosMatches":51,"avgEntryPrice":0.8816,"evPerTrade":0.0296,"smartScore":18.77,"wfFoldsAppeared":5,"wfTotalTestFolds":6,"wfFoldIndices":[2,4,5,6,7]}
2026-04-07 19:50:00.175 [INFO] __main__: switched to new signal: #1 up (previous: #1 up)
[96m[1m2026-04-07 19:50:00.176 [INFO] strategy.window_tracker: new window: btc-updown-5m-1775591400 (ts=1775591400)[0m
[96m2026-04-07 19:50:00.274 [INFO] __main__: REGIME vol_stddev=0.148% chop_flips=4.8 sprt=dormant llr=0.00 age=0w bankroll=$946.37[0m
[96m2026-04-07 19:50:00.274 [INFO] __main__: KELLY wr_adj=80.6% base=94.1% vol_disc=3.6% chop_disc=6.9% feedback=+0.0%[0m
[96m2026-04-07 19:50:00.275 [INFO] __main__: window open price captured: 68817.93 (chainlink)[0m
2026-04-07 19:50:00.389 [INFO] market_data.clob_market_ws: CLOB market subscribed for tokens up=558623117045 down=345730054364
[2m2026-04-07 19:50:00.776 [INFO] __main__: STATUS t=299s delta=0.0033% dir=up agree=True chain=68820.23 bin=68875.52 open=68817.93 obi=0.9990 ask_up=0.60 ask_dn=0.41 bid_up=0.59 bid_dn=0.40 halted=False[0m
[2m2026-04-07 19:50:30.896 [INFO] __main__: STATUS t=269s delta=0.1042% dir=up agree=True chain=68889.62 bin=68888.38 open=68817.93 obi=0.7709 ask_up=0.67 ask_dn=0.36 bid_up=0.64 bid_dn=0.33 halted=False[0m
[2m2026-04-07 19:51:00.976 [INFO] __main__: STATUS t=239s delta=0.1348% dir=up agree=True chain=68910.73 bin=68945.99 open=68817.93 obi=0.9508 ask_up=0.79 ask_dn=0.22 bid_up=0.78 bid_dn=0.21 halted=False[0m
[2m2026-04-07 19:51:31.084 [INFO] __main__: STATUS t=209s delta=0.2529% dir=up agree=True chain=68991.97 bin=69003.18 open=68817.93 obi=-0.7208 ask_up=0.99 ask_dn=0.99 bid_up=0.01 bid_dn=0.01 halted=False[0m
[2m2026-04-07 19:52:01.180 [INFO] __main__: STATUS t=179s delta=0.2411% dir=up agree=True chain=68983.87 bin=69000.00 open=68817.93 obi=0.2720 ask_up=0.93 ask_dn=0.08 bid_up=0.92 bid_dn=0.07 halted=False[0m
[37m2026-04-07 19:52:20.241 [INFO] strategy.momentum_signal: [SKIP] rank=1 side=up reason=conditions_not_met latest_pct=0.3650 need=>=0.07 stddev=0.0763 max_var=0.050[0m
[2m2026-04-07 19:52:31.270 [INFO] __main__: STATUS t=149s delta=0.3543% dir=up agree=True chain=69061.75 bin=69075.79 open=68817.93 obi=-0.8831 ask_up=0.98 ask_dn=0.03 bid_up=0.97 bid_dn=0.02 halted=False[0m
[2m2026-04-07 19:53:01.365 [INFO] __main__: STATUS t=119s delta=0.2890% dir=up agree=True chain=69016.83 bin=69037.52 open=68817.93 obi=-0.9071 ask_up=0.99 ask_dn=0.02 bid_up=0.98 bid_dn=0.01 halted=False[0m
[2m2026-04-07 19:53:31.464 [INFO] __main__: STATUS t=89s delta=0.2722% dir=up agree=True chain=69005.26 bin=69016.24 open=68817.93 obi=-0.7759 ask_up=0.99 ask_dn=0.01 bid_up=0.99 bid_dn=0.01 halted=False[0m
[2m2026-04-07 19:54:01.573 [INFO] __main__: STATUS t=58s delta=0.3020% dir=up agree=True chain=69025.78 bin=69037.51 open=68817.93 obi=-0.7211 ask_up=1.00 ask_dn=0.01 bid_up=0.99 bid_dn=0.00 halted=False[0m
[2m2026-04-07 19:54:31.669 [INFO] __main__: STATUS t=28s delta=0.2761% dir=up agree=True chain=69007.92 bin=69020.10 open=68817.93 obi=-0.7522 ask_up=1.00 ask_dn=0.00 bid_up=1.00 bid_dn=0.00 halted=False[0m
[37m2026-04-07 19:55:00.029 [INFO] execution.paper_trading: paper window_ts=1775591400 [SKIP] pnl=0.0000 direction=up outcome=up - balance=$947.09 bid_up=1.00 ask_up=1.00 bid_dn=0.00 ask_dn=0.00[0m
[93m[1m2026-04-07 19:55:00.034 [INFO] risk.position_tracker: WINDOW_SUMMARY window_pnl=$0.0000 session_pnl=$-52.9070 won=$21.0455 lost=$73.9525 wr=50.0% (3/6) consec_losses=1[0m
[37m2026-04-07 19:55:00.038 [INFO] __main__: WINDOW_DECISION [SKIP] rank=1 side=up pnl=$0.0000 entry=0.00 size=$0.00 (conditions not met)[0m
[96m[1m2026-04-07 19:55:00.043 [INFO] strategy.window_tracker: new window: btc-updown-5m-1775591700 (ts=1775591700)[0m
[96m2026-04-07 19:55:00.195 [INFO] __main__: REGIME vol_stddev=0.160% chop_flips=4.5 sprt=dormant llr=0.00 age=1w bankroll=$946.37[0m
[96m2026-04-07 19:55:00.195 [INFO] __main__: KELLY wr_adj=81.0% base=94.1% vol_disc=4.5% chop_disc=5.6% feedback=+0.0%[0m
[96m2026-04-07 19:55:00.195 [INFO] __main__: window open price captured: 69027.97 (chainlink)[0m
2026-04-07 19:55:00.614 [INFO] market_data.clob_market_ws: CLOB market subscribed for tokens up=899780713647 down=284932327653
[2m2026-04-07 19:55:01.705 [INFO] __main__: STATUS t=298s delta=-0.0046% dir=down agree=False chain=69024.79 bin=69072.31 open=69027.97 obi=0.7737 ask_up=0.59 ask_dn=0.44 bid_up=0.56 bid_dn=0.41 halted=False[0m
[2m2026-04-07 19:55:31.800 [INFO] __main__: STATUS t=268s delta=0.0732% dir=up agree=True chain=69078.53 bin=69083.45 open=69027.97 obi=0.1616 ask_up=0.63 ask_dn=0.39 bid_up=0.61 bid_dn=0.37 halted=False[0m
[2m2026-04-07 19:56:01.880 [INFO] __main__: STATUS t=238s delta=0.0409% dir=up agree=True chain=69056.18 bin=69072.73 open=69027.97 obi=0.7434 ask_up=0.57 ask_dn=0.44 bid_up=0.56 bid_dn=0.43 halted=False[0m
[2m2026-04-07 19:56:31.966 [INFO] __main__: STATUS t=208s delta=0.0390% dir=up agree=True chain=69054.89 bin=69068.00 open=69027.97 obi=0.3470 ask_up=0.61 ask_dn=0.40 bid_up=0.60 bid_dn=0.39 halted=False[0m
[2m2026-04-07 19:57:02.056 [INFO] __main__: STATUS t=178s delta=0.0419% dir=up agree=True chain=69056.89 bin=69065.37 open=69027.97 obi=0.9177 ask_up=0.64 ask_dn=0.38 bid_up=0.62 bid_dn=0.36 halted=False[0m
[37m2026-04-07 19:57:20.099 [INFO] strategy.momentum_signal: [SKIP] rank=1 side=up reason=conditions_not_met latest_pct=-0.0063 need=>=0.07 stddev=0.0199 max_var=0.050[0m
[2m2026-04-07 19:57:32.132 [INFO] __main__: STATUS t=148s delta=-0.0352% dir=down agree=True chain=69003.67 bin=69000.96 open=69027.97 obi=-0.3732 ask_up=0.33 ask_dn=0.68 bid_up=0.32 bid_dn=0.67 halted=False[0m
[2m2026-04-07 19:58:02.212 [INFO] __main__: STATUS t=118s delta=-0.0492% dir=down agree=True chain=68993.99 bin=69000.97 open=69027.97 obi=-0.4345 ask_up=0.28 ask_dn=0.73 bid_up=0.27 bid_dn=0.72 halted=False[0m
[2m2026-04-07 19:58:32.303 [INFO] __main__: STATUS t=88s delta=-0.1072% dir=down agree=True chain=68954.00 bin=68972.38 open=69027.97 obi=-0.2549 ask_up=0.10 ask_dn=0.91 bid_up=0.09 bid_dn=0.90 halted=False[0m
[2m2026-04-07 19:59:02.407 [INFO] __main__: STATUS t=58s delta=-0.1163% dir=down agree=True chain=68947.71 bin=68984.61 open=69027.97 obi=0.9945 ask_up=0.10 ask_dn=0.91 bid_up=0.09 bid_dn=0.90 halted=False[0m
[2m2026-04-07 19:59:32.506 [INFO] __main__: STATUS t=27s delta=-0.0866% dir=down agree=True chain=68968.17 bin=68986.31 open=69027.97 obi=-0.9016 ask_up=0.02 ask_dn=0.99 bid_up=0.01 bid_dn=0.98 halted=False[0m
[37m2026-04-07 20:00:00.090 [INFO] execution.paper_trading: paper window_ts=1775591700 [SKIP] pnl=0.0000 direction=down outcome=down - balance=$947.09 bid_up=0.02 ask_up=0.07 bid_dn=0.93 ask_dn=0.98[0m
[93m[1m2026-04-07 20:00:00.090 [INFO] risk.position_tracker: WINDOW_SUMMARY window_pnl=$0.0000 session_pnl=$-52.9070 won=$21.0455 lost=$73.9525 wr=50.0% (3/6) consec_losses=1[0m
[37m2026-04-07 20:00:00.092 [INFO] __main__: WINDOW_DECISION [SKIP] rank=1 side=up pnl=$0.0000 entry=0.00 size=$0.00 (conditions not met)[0m
[96m[1m2026-04-07 20:00:00.092 [INFO] strategy.window_tracker: new window: btc-updown-5m-1775592000 (ts=1775592000)[0m
[96m2026-04-07 20:00:00.201 [INFO] __main__: REGIME vol_stddev=0.159% chop_flips=3.0 sprt=dormant llr=0.00 age=2w bankroll=$946.37[0m
[96m2026-04-07 20:00:00.201 [INFO] __main__: KELLY wr_adj=86.7% base=94.1% vol_disc=4.4% chop_disc=0.0% feedback=+0.0%[0m
[96m2026-04-07 20:00:00.202 [INFO] __main__: window open price captured: 69007.52 (chainlink)[0m
2026-04-07 20:00:00.826 [INFO] market_data.clob_market_ws: CLOB market subscribed for tokens up=396433854015 down=151658504132
[2m2026-04-07 20:00:02.713 [INFO] __main__: STATUS t=297s delta=-0.0063% dir=down agree=False chain=69003.16 bin=69056.47 open=69007.52 obi=0.9969 ask_up=0.60 ask_dn=0.41 bid_up=0.59 bid_dn=0.40 halted=False[0m
[2m2026-04-07 20:00:32.876 [INFO] __main__: STATUS t=267s delta=0.0697% dir=up agree=True chain=69055.64 bin=69066.80 open=69007.52 obi=-0.5452 ask_up=0.65 ask_dn=0.36 bid_up=0.64 bid_dn=0.35 halted=False[0m
[2m2026-04-07 20:01:02.978 [INFO] __main__: STATUS t=237s delta=0.1391% dir=up agree=True chain=69103.53 bin=69111.83 open=69007.52 obi=-0.7518 ask_up=0.83 ask_dn=0.18 bid_up=0.82 bid_dn=0.17 halted=False[0m
[2m2026-04-07 20:01:33.070 [INFO] __main__: STATUS t=207s delta=0.3828% dir=up agree=True chain=69271.69 bin=69360.55 open=69007.52 obi=0.8053 ask_up=0.98 ask_dn=0.03 bid_up=0.97 bid_dn=0.02 halted=False[0m
[2m2026-04-07 20:02:03.166 [INFO] __main__: STATUS t=177s delta=0.4905% dir=up agree=True chain=69346.02 bin=69347.48 open=69007.52 obi=-0.5635 ask_up=1.00 ask_dn=0.01 bid_up=0.99 bid_dn=0.01 halted=False[0m
2026-04-07 20:02:17.199 [INFO] shared.ipc: IPC: received authenticated signal_update (summary=signals_summary_1775592136.json)
2026-04-07 20:02:17.199 [INFO] __main__: received new signal from orchestrator: rank=1 side=Up
[37m2026-04-07 20:02:20.213 [INFO] strategy.momentum_signal: [SKIP] rank=1 side=up reason=conditions_not_met latest_pct=0.4334 need=>=0.07 stddev=0.1905 max_var=0.050[0m
[2m2026-04-07 20:02:33.250 [INFO] __main__: STATUS t=147s delta=0.3960% dir=up agree=True chain=69280.77 bin=69288.48 open=69007.52 obi=-0.8752 ask_up=0.98 ask_dn=0.03 bid_up=0.97 bid_dn=0.02 halted=False[0m
[2m2026-04-07 20:03:03.337 [INFO] __main__: STATUS t=117s delta=0.5595% dir=up agree=True chain=69393.63 bin=69401.22 open=69007.52 obi=0.6841 ask_up=1.00 ask_dn=0.01 bid_up=0.99 bid_dn=0.01 halted=False[0m
[2m2026-04-07 20:03:33.437 [INFO] __main__: STATUS t=87s delta=0.5532% dir=up agree=True chain=69389.29 bin=69399.02 open=69007.52 obi=0.7570 ask_up=1.00 ask_dn=0.01 bid_up=0.99 bid_dn=0.01 halted=False[0m
[2m2026-04-07 20:04:03.551 [INFO] __main__: STATUS t=56s delta=0.5322% dir=up agree=True chain=69374.80 bin=69387.81 open=69007.52 obi=0.6544 ask_up=1.00 ask_dn=0.01 bid_up=0.99 bid_dn=0.01 halted=False[0m
[2m2026-04-07 20:04:33.648 [INFO] __main__: STATUS t=26s delta=0.4568% dir=up agree=True chain=69322.72 bin=69332.66 open=69007.52 obi=0.0960 ask_up=1.00 ask_dn=0.01 bid_up=0.99 bid_dn=0.01 halted=False[0m
[37m2026-04-07 20:05:00.240 [INFO] execution.paper_trading: paper window_ts=1775592000 [SKIP] pnl=0.0000 direction=up outcome=up - balance=$947.09 bid_up=1.00 ask_up=1.00 bid_dn=0.00 ask_dn=0.00[0m
[93m[1m2026-04-07 20:05:00.241 [INFO] risk.position_tracker: WINDOW_SUMMARY window_pnl=$0.0000 session_pnl=$-52.9070 won=$21.0455 lost=$73.9525 wr=50.0% (3/6) consec_losses=1[0m
[37m2026-04-07 20:05:00.243 [INFO] __main__: WINDOW_DECISION [SKIP] rank=1 side=up pnl=$0.0000 entry=0.00 size=$0.00 (conditions not met)[0m
[95m2026-04-07 20:05:00.243 [INFO] __main__: Signal refreshed (same pattern): up_280.0_160.0_0.07_0.05 — rank 1->1, keeping SPRT state (age=3w, trades=0, LLR=0.00)[0m
2026-04-07 20:05:00.244 [INFO] __main__: SIGNAL_SWAP_ACTIVE: {"rank":1,"side":"up","observeFromS":280.0,"observeToS":160.0,"minDeltaPct":0.07,"maxVariancePct":0.05,"trainWinRatePct":90.91,"oosWinRatePct":93.88,"oosBhAdjustedPValue":4.40871e-13,"oosMatches":49,"avgEntryPrice":0.8788,"evPerTrade":0.03,"smartScore":18.39,"wfFoldsAppeared":5,"wfTotalTestFolds":6,"wfFoldIndices":[2,4,5,6,7]}
2026-04-07 20:05:00.244 [INFO] __main__: switched to new signal: #1 up (previous: #1 up)
[96m[1m2026-04-07 20:05:00.244 [INFO] strategy.window_tracker: new window: btc-updown-5m-1775592300 (ts=1775592300)[0m
[96m2026-04-07 20:05:00.317 [INFO] __main__: REGIME vol_stddev=0.186% chop_flips=2.8 sprt=dormant llr=0.00 age=3w bankroll=$946.37[0m
[96m2026-04-07 20:05:00.318 [INFO] __main__: KELLY wr_adj=84.4% base=93.9% vol_disc=6.4% chop_disc=0.0% feedback=+0.0%[0m
[96m2026-04-07 20:05:00.318 [INFO] __main__: window open price captured: 69358.75 (chainlink)[0m
2026-04-07 20:05:01.084 [INFO] market_data.clob_market_ws: CLOB market subscribed for tokens up=340112917489 down=168161623987
[2m2026-04-07 20:05:03.845 [INFO] __main__: STATUS t=296s delta=-0.0119% dir=down agree=True chain=69350.50 bin=69354.66 open=69358.75 obi=-0.6844 ask_up=0.43 ask_dn=0.58 bid_up=0.42 bid_dn=0.57 halted=False[0m
[2m2026-04-07 20:05:33.928 [INFO] __main__: STATUS t=266s delta=0.0281% dir=up agree=True chain=69378.26 bin=69391.08 open=69358.75 obi=-0.2575 ask_up=0.54 ask_dn=0.47 bid_up=0.53 bid_dn=0.46 halted=False[0m
[2m2026-04-07 20:06:04.045 [INFO] __main__: STATUS t=236s delta=0.1106% dir=up agree=True chain=69435.44 bin=69416.72 open=69358.75 obi=0.8708 ask_up=0.67 ask_dn=0.34 bid_up=0.66 bid_dn=0.33 halted=False[0m
[2m2026-04-07 20:06:34.132 [INFO] __main__: STATUS t=206s delta=0.1290% dir=up agree=True chain=69448.23 bin=69476.35 open=69358.75 obi=0.7551 ask_up=0.82 ask_dn=0.19 bid_up=0.81 bid_dn=0.18 halted=False[0m
[2m2026-04-07 20:07:04.222 [INFO] __main__: STATUS t=176s delta=0.2193% dir=up agree=True chain=69510.87 bin=69525.19 open=69358.75 obi=0.1635 ask_up=0.92 ask_dn=0.09 bid_up=0.91 bid_dn=0.08 halted=False[0m
[37m2026-04-07 20:07:20.020 [INFO] strategy.momentum_signal: [SKIP] rank=1 side=up reason=conditions_not_met latest_pct=0.2389 need=>=0.07 stddev=0.0713 max_var=0.050[0m
[2m2026-04-07 20:07:34.312 [INFO] __main__: STATUS t=146s delta=0.2309% dir=up agree=True chain=69518.91 bin=69528.01 open=69358.75 obi=0.9822 ask_up=0.98 ask_dn=0.03 bid_up=0.97 bid_dn=0.02 halted=False[0m
[2m2026-04-07 20:08:04.401 [INFO] __main__: STATUS t=116s delta=0.2145% dir=up agree=True chain=69507.55 bin=69534.00 open=69358.75 obi=0.8987 ask_up=0.99 ask_dn=0.02 bid_up=0.98 bid_dn=0.01 halted=False[0m
[2m2026-04-07 20:08:34.487 [INFO] __main__: STATUS t=86s delta=0.2038% dir=up agree=True chain=69500.08 bin=69502.21 open=69358.75 obi=0.4195 ask_up=0.99 ask_dn=0.02 bid_up=0.98 bid_dn=0.01 halted=False[0m
[2m2026-04-07 20:09:04.578 [INFO] __main__: STATUS t=55s delta=0.1785% dir=up agree=True chain=69482.57 bin=69503.99 open=69358.75 obi=0.8741 ask_up=0.99 ask_dn=0.02 bid_up=0.98 bid_dn=0.01 halted=False[0m
[2m2026-04-07 20:09:34.674 [INFO] __main__: STATUS t=25s delta=0.1164% dir=up agree=True chain=69439.50 bin=69441.69 open=69358.75 obi=-0.5317 ask_up=1.00 ask_dn=0.01 bid_up=0.99 bid_dn=0.01 halted=False[0m
[37m2026-04-07 20:10:00.020 [INFO] execution.paper_trading: paper window_ts=1775592300 [SKIP] pnl=0.0000 direction=up outcome=up - balance=$947.09 bid_up=1.00 ask_up=1.00 bid_dn=0.00 ask_dn=0.00[0m
[93m[1m2026-04-07 20:10:00.021 [INFO] risk.position_tracker: WINDOW_SUMMARY window_pnl=$0.0000 session_pnl=$-52.9070 won=$21.0455 lost=$73.9525 wr=50.0% (3/6) consec_losses=1[0m
[96m2026-04-07 20:10:00.028 [INFO] __main__: REGIME chop_detected flips=5 delta_range=0.2549% avg_flips=3.0 over=6_windows[0m
[37m2026-04-07 20:10:00.028 [INFO] __main__: WINDOW_DECISION [SKIP] rank=1 side=up pnl=$0.0000 entry=0.00 size=$0.00 (conditions not met)[0m
[96m[1m2026-04-07 20:10:00.028 [INFO] strategy.window_tracker: new window: btc-updown-5m-1775592600 (ts=1775592600)[0m
[96m2026-04-07 20:10:00.164 [INFO] __main__: REGIME vol_stddev=0.185% chop_flips=3.0 sprt=dormant llr=0.00 age=4w bankroll=$946.37[0m
[96m2026-04-07 20:10:00.164 [INFO] __main__: KELLY wr_adj=84.5% base=93.9% vol_disc=6.4% chop_disc=0.0% feedback=+0.0%[0m
[96m2026-04-07 20:10:00.165 [INFO] __main__: window open price captured: 69420.44 (chainlink)[0m
2026-04-07 20:10:00.278 [INFO] market_data.clob_market_ws: CLOB market subscribed for tokens up=197618965179 down=104914919033
[2m2026-04-07 20:10:04.700 [INFO] __main__: STATUS t=295s delta=0.0114% dir=up agree=True chain=69428.33 bin=69450.00 open=69420.44 obi=0.6258 ask_up=0.50 ask_dn=0.51 bid_up=0.49 bid_dn=0.50 halted=False[0m
[2m2026-04-07 20:10:34.781 [INFO] __main__: STATUS t=265s delta=0.0393% dir=up agree=True chain=69447.72 bin=69447.21 open=69420.44 obi=-0.8765 ask_up=0.56 ask_dn=0.45 bid_up=0.55 bid_dn=0.44 halted=False[0m
[2m2026-04-07 20:11:04.870 [INFO] __main__: STATUS t=235s delta=-0.0048% dir=down agree=False chain=69417.08 bin=69423.42 open=69420.44 obi=0.7121 ask_up=0.50 ask_dn=0.51 bid_up=0.49 bid_dn=0.50 halted=False[0m
[2m2026-04-07 20:11:34.965 [INFO] __main__: STATUS t=205s delta=-0.0264% dir=down agree=True chain=69402.14 bin=69405.53 open=69420.44 obi=0.4431 ask_up=0.42 ask_dn=0.59 bid_up=0.41 bid_dn=0.58 halted=False[0m
[2m2026-04-07 20:12:05.064 [INFO] __main__: STATUS t=175s delta=0.0022% dir=up agree=True chain=69422.00 bin=69430.70 open=69420.44 obi=0.8746 ask_up=0.55 ask_dn=0.46 bid_up=0.54 bid_dn=0.45 halted=False[0m
[37m2026-04-07 20:12:20.104 [INFO] strategy.momentum_signal: [SKIP] rank=1 side=up reason=conditions_not_met latest_pct=-0.0052 need=>=0.07 stddev=0.0214 max_var=0.050[0m
[2m2026-04-07 20:12:35.151 [INFO] __main__: STATUS t=145s delta=-0.0488% dir=down agree=True chain=69386.53 bin=69397.99 open=69420.44 obi=0.8733 ask_up=0.38 ask_dn=0.63 bid_up=0.37 bid_dn=0.62 halted=False[0m
[2m2026-04-07 20:13:05.233 [INFO] __main__: STATUS t=115s delta=-0.0374% dir=down agree=True chain=69394.51 bin=69398.61 open=69420.44 obi=-0.3578 ask_up=0.35 ask_dn=0.66 bid_up=0.34 bid_dn=0.65 halted=False[0m
[2m2026-04-07 20:13:35.327 [INFO] __main__: STATUS t=85s delta=-0.0034% dir=down agree=False chain=69418.05 bin=69427.84 open=69420.44 obi=0.2194 ask_up=0.50 ask_dn=0.51 bid_up=0.49 bid_dn=0.50 halted=False[0m
[2m2026-04-07 20:14:05.420 [INFO] __main__: STATUS t=55s delta=-0.0185% dir=down agree=True chain=69407.59 bin=69415.87 open=69420.44 obi=0.2088 ask_up=0.44 ask_dn=0.57 bid_up=0.43 bid_dn=0.56 halted=False[0m
[2m2026-04-07 20:14:35.504 [INFO] __main__: STATUS t=24s delta=-0.0111% dir=down agree=False chain=69412.73 bin=69425.91 open=69420.44 obi=0.9695 ask_up=0.56 ask_dn=0.45 bid_up=0.55 bid_dn=0.44 halted=False[0m
[37m2026-04-07 20:15:00.084 [INFO] execution.paper_trading: paper window_ts=1775592600 [SKIP] pnl=0.0000 direction=up outcome=up - balance=$947.09 bid_up=0.99 ask_up=1.00 bid_dn=0.01 ask_dn=0.01[0m
[93m[1m2026-04-07 20:15:00.085 [INFO] risk.position_tracker: WINDOW_SUMMARY window_pnl=$0.0000 session_pnl=$-52.9070 won=$21.0455 lost=$73.9525 wr=50.0% (3/6) consec_losses=1[0m
[96m2026-04-07 20:15:00.091 [INFO] __main__: REGIME chop_detected flips=9 delta_range=0.0917% avg_flips=3.2 over=6_windows[0m
[37m2026-04-07 20:15:00.097 [INFO] __main__: WINDOW_DECISION [SKIP] rank=1 side=up pnl=$0.0000 entry=0.00 size=$0.00 (conditions not met)[0m
[96m[1m2026-04-07 20:15:00.097 [INFO] strategy.window_tracker: new window: btc-updown-5m-1775592900 (ts=1775592900)[0m
[96m2026-04-07 20:15:00.168 [INFO] __main__: REGIME vol_stddev=0.185% chop_flips=3.2 sprt=dormant llr=0.00 age=5w bankroll=$946.37[0m
[96m2026-04-07 20:15:00.168 [INFO] __main__: KELLY wr_adj=83.9% base=93.9% vol_disc=6.4% chop_disc=0.6% feedback=+0.0%[0m
[96m2026-04-07 20:15:00.169 [INFO] __main__: window open price captured: 69436.15 (chainlink)[0m
2026-04-07 20:15:00.486 [INFO] market_data.clob_market_ws: CLOB market subscribed for tokens up=953163281073 down=316280962024
[2m2026-04-07 20:15:05.693 [INFO] __main__: STATUS t=294s delta=0.0058% dir=up agree=True chain=69440.19 bin=69439.47 open=69436.15 obi=-0.9990 ask_up=0.48 ask_dn=0.53 bid_up=0.47 bid_dn=0.52 halted=False[0m
[2m2026-04-07 20:15:35.793 [INFO] __main__: STATUS t=264s delta=-0.0616% dir=down agree=True chain=69393.40 bin=69414.51 open=69436.15 obi=-0.5568 ask_up=0.46 ask_dn=0.64 bid_up=0.36 bid_dn=0.54 halted=False[0m
[2m2026-04-07 20:16:05.889 [INFO] __main__: STATUS t=234s delta=-0.1827% dir=down agree=True chain=69309.30 bin=69317.51 open=69436.15 obi=-0.6175 ask_up=0.10 ask_dn=0.91 bid_up=0.09 bid_dn=0.90 halted=False[0m
[2m2026-04-07 20:16:35.976 [INFO] __main__: STATUS t=204s delta=-0.1993% dir=down agree=True chain=69297.79 bin=69304.16 open=69436.15 obi=0.9834 ask_up=0.05 ask_dn=0.96 bid_up=0.04 bid_dn=0.95 halted=False[0m
[2m2026-04-07 20:17:06.067 [INFO] __main__: STATUS t=174s delta=-0.1565% dir=down agree=True chain=69327.48 bin=69338.81 open=69436.15 obi=-0.8909 ask_up=0.10 ask_dn=0.91 bid_up=0.09 bid_dn=0.90 halted=False[0m
[37m2026-04-07 20:17:20.108 [INFO] strategy.momentum_signal: [SKIP] rank=1 side=up reason=conditions_not_met latest_pct=-0.1298 need=>=0.07 stddev=0.0636 max_var=0.050[0m
2026-04-07 20:17:31.105 [INFO] shared.ipc: IPC: received authenticated signal_update (summary=signals_summary_1775593050.json)
2026-04-07 20:17:31.106 [INFO] __main__: received new signal from orchestrator: rank=1 side=Up
[2m2026-04-07 20:17:36.154 [INFO] __main__: STATUS t=144s delta=-0.1397% dir=down agree=True chain=69339.14 bin=69349.99 open=69436.15 obi=0.5494 ask_up=0.09 ask_dn=0.92 bid_up=0.08 bid_dn=0.91 halted=False[0m
[2m2026-04-07 20:18:06.270 [INFO] __main__: STATUS t=114s delta=-0.0308% dir=down agree=True chain=69414.74 bin=69403.07 open=69436.15 obi=0.9843 ask_up=0.20 ask_dn=0.81 bid_up=0.19 bid_dn=0.80 halted=False[0m
[2m2026-04-07 20:18:36.355 [INFO] __main__: STATUS t=84s delta=-0.0614% dir=down agree=True chain=69393.51 bin=69435.03 open=69436.15 obi=0.9478 ask_up=0.35 ask_dn=0.75 bid_up=0.25 bid_dn=0.65 halted=False[0m
[2m2026-04-07 20:19:06.447 [INFO] __main__: STATUS t=54s delta=-0.0582% dir=down agree=True chain=69395.73 bin=69406.77 open=69436.15 obi=-0.3326 ask_up=0.15 ask_dn=0.86 bid_up=0.14 bid_dn=0.85 halted=False[0m
[2m2026-04-07 20:19:36.537 [INFO] __main__: STATUS t=23s delta=-0.1178% dir=down agree=True chain=69354.35 bin=69359.99 open=69436.15 obi=-0.2699 ask_up=0.01 ask_dn=1.00 bid_up=0.01 bid_dn=0.99 halted=False[0m
[37m2026-04-07 20:20:00.110 [INFO] execution.paper_trading: paper window_ts=1775592900 [SKIP] pnl=0.0000 direction=down outcome=down - balance=$947.09 bid_up=0.01 ask_up=0.01 bid_dn=0.99 ask_dn=1.00[0m
[93m[1m2026-04-07 20:20:00.110 [INFO] risk.position_tracker: WINDOW_SUMMARY window_pnl=$0.0000 session_pnl=$-52.9070 won=$21.0455 lost=$73.9525 wr=50.0% (3/6) consec_losses=1[0m
[96m2026-04-07 20:20:00.112 [INFO] __main__: REGIME chop_detected flips=4 delta_range=0.2381% avg_flips=3.7 over=6_windows[0m
[37m2026-04-07 20:20:00.113 [INFO] __main__: WINDOW_DECISION [SKIP] rank=1 side=up pnl=$0.0000 entry=0.00 size=$0.00 (conditions not met)[0m
2026-04-07 20:20:00.114 [INFO] __main__: Signal changed: up_280.0_160.0_0.07_0.05 -> up_280.0_150.0_0.07_0.05 (age was 6 windows)
2026-04-07 20:20:00.114 [INFO] __main__: SIGNAL_SWAP_ACTIVE: {"rank":1,"side":"up","observeFromS":280.0,"observeToS":150.0,"minDeltaPct":0.07,"maxVariancePct":0.05,"trainWinRatePct":91.14,"oosWinRatePct":93.75,"oosBhAdjustedPValue":1.05675e-14,"oosMatches":32,"avgEntryPrice":0.8516,"evPerTrade":0.0559,"smartScore":10.13,"wfFoldsAppeared":3,"wfTotalTestFolds":6,"wfFoldIndices":[3,6,7]}
2026-04-07 20:20:00.114 [INFO] __main__: switched to new signal: #1 up (previous: #1 up)
[96m[1m2026-04-07 20:20:00.115 [INFO] strategy.window_tracker: new window: btc-updown-5m-1775593200 (ts=1775593200)[0m
[96m2026-04-07 20:20:00.207 [INFO] __main__: REGIME vol_stddev=0.187% chop_flips=3.7 sprt=dormant llr=0.00 age=0w bankroll=$946.37[0m
[96m2026-04-07 20:20:00.208 [INFO] __main__: KELLY wr_adj=81.7% base=93.8% vol_disc=6.5% chop_disc=2.5% feedback=+0.0%[0m
[96m2026-04-07 20:20:00.208 [INFO] __main__: window open price captured: 69372.76 (chainlink)[0m
2026-04-07 20:20:00.687 [INFO] market_data.clob_market_ws: CLOB market subscribed for tokens up=748592686330 down=140291924486
[2m2026-04-07 20:20:06.736 [INFO] __main__: STATUS t=293s delta=0.0049% dir=up agree=True chain=69376.19 bin=69388.19 open=69372.76 obi=-0.2207 ask_up=0.52 ask_dn=0.50 bid_up=0.50 bid_dn=0.48 halted=False[0m
[2m2026-04-07 20:20:36.828 [INFO] __main__: STATUS t=263s delta=-0.0736% dir=down agree=True chain=69321.72 bin=69330.20 open=69372.76 obi=-0.6411 ask_up=0.28 ask_dn=0.73 bid_up=0.27 bid_dn=0.72 halted=False[0m
[2m2026-04-07 20:21:06.922 [INFO] __main__: STATUS t=233s delta=-0.1413% dir=down agree=True chain=69274.74 bin=69286.72 open=69372.76 obi=-0.5914 ask_up=0.14 ask_dn=0.87 bid_up=0.13 bid_dn=0.86 halted=False[0m
[2m2026-04-07 20:21:37.015 [INFO] __main__: STATUS t=203s delta=-0.1200% dir=down agree=True chain=69289.52 bin=69292.11 open=69372.76 obi=-0.9251 ask_up=0.12 ask_dn=0.89 bid_up=0.11 bid_dn=0.88 halted=False[0m
[2m2026-04-07 20:22:07.110 [INFO] __main__: STATUS t=173s delta=-0.1291% dir=down agree=True chain=69283.22 bin=69298.26 open=69372.76 obi=0.6513 ask_up=0.11 ask_dn=0.90 bid_up=0.10 bid_dn=0.89 halted=False[0m
[37m2026-04-07 20:22:30.184 [INFO] strategy.momentum_signal: [SKIP] rank=1 side=up reason=conditions_not_met latest_pct=-0.0889 need=>=0.07 stddev=0.0247 max_var=0.050[0m
[2m2026-04-07 20:22:37.208 [INFO] __main__: STATUS t=143s delta=-0.0937% dir=down agree=True chain=69307.73 bin=69319.09 open=69372.76 obi=-0.3525 ask_up=0.16 ask_dn=0.85 bid_up=0.15 bid_dn=0.84 halted=False[0m
[2m2026-04-07 20:23:07.294 [INFO] __main__: STATUS t=113s delta=-0.0665% dir=down agree=True chain=69326.61 bin=69336.16 open=69372.76 obi=0.5388 ask_up=0.20 ask_dn=0.81 bid_up=0.19 bid_dn=0.80 halted=False[0m
[2m2026-04-07 20:23:37.386 [INFO] __main__: STATUS t=83s delta=-0.1078% dir=down agree=True chain=69297.99 bin=69310.01 open=69372.76 obi=-0.3500 ask_up=0.04 ask_dn=0.97 bid_up=0.03 bid_dn=0.96 halted=False[0m
[2m2026-04-07 20:24:07.503 [INFO] __main__: STATUS t=52s delta=-0.1058% dir=down agree=True chain=69299.37 bin=69306.02 open=69372.76 obi=-0.5173 ask_up=0.03 ask_dn=0.98 bid_up=0.02 bid_dn=0.97 halted=False[0m
[2m2026-04-07 20:24:37.599 [INFO] __main__: STATUS t=22s delta=-0.1206% dir=down agree=True chain=69289.08 bin=69294.65 open=69372.76 obi=0.7797 ask_up=0.01 ask_dn=1.00 bid_up=0.01 bid_dn=0.99 halted=False[0m
[37m2026-04-07 20:25:00.176 [INFO] execution.paper_trading: paper window_ts=1775593200 [SKIP] pnl=0.0000 direction=down outcome=down - balance=$947.09 bid_up=0.01 ask_up=0.01 bid_dn=0.99 ask_dn=1.00[0m
[93m[1m2026-04-07 20:25:00.176 [INFO] risk.position_tracker: WINDOW_SUMMARY window_pnl=$0.0000 session_pnl=$-52.9070 won=$21.0455 lost=$73.9525 wr=50.0% (3/6) consec_losses=1[0m
[37m2026-04-07 20:25:00.179 [INFO] __main__: WINDOW_DECISION [SKIP] rank=1 side=up pnl=$0.0000 entry=0.00 size=$0.00 (conditions not met)[0m
[96m[1m2026-04-07 20:25:00.179 [INFO] strategy.window_tracker: new window: btc-updown-5m-1775593500 (ts=1775593500)[0m
[96m2026-04-07 20:25:00.256 [INFO] __main__: REGIME vol_stddev=0.187% chop_flips=4.0 sprt=dormant llr=0.00 age=1w bankroll=$946.37[0m
[96m2026-04-07 20:25:00.256 [INFO] __main__: KELLY wr_adj=80.5% base=93.8% vol_disc=6.5% chop_disc=3.8% feedback=+0.0%[0m
[96m2026-04-07 20:25:00.257 [INFO] __main__: window open price captured: 69315.45 (chainlink)[0m
2026-04-07 20:25:00.906 [INFO] market_data.clob_market_ws: CLOB market subscribed for tokens up=159087943808 down=114758243338
[2m2026-04-07 20:25:07.794 [INFO] __main__: STATUS t=292s delta=0.0057% dir=up agree=True chain=69319.41 bin=69330.33 open=69315.45 obi=-0.9438 ask_up=0.50 ask_dn=0.51 bid_up=0.49 bid_dn=0.50 halted=False[0m
[2m2026-04-07 20:25:37.879 [INFO] __main__: STATUS t=262s delta=0.0229% dir=up agree=True chain=69331.36 bin=69342.30 open=69315.45 obi=0.7274 ask_up=0.58 ask_dn=0.43 bid_up=0.57 bid_dn=0.42 halted=False[0m
[2m2026-04-07 20:26:07.974 [INFO] __main__: STATUS t=232s delta=0.0484% dir=up agree=True chain=69349.01 bin=69358.37 open=69315.45 obi=-0.2955 ask_up=0.66 ask_dn=0.35 bid_up=0.65 bid_dn=0.34 halted=False[0m
[2m2026-04-07 20:26:38.064 [INFO] __main__: STATUS t=202s delta=-0.0243% dir=down agree=True chain=69298.59 bin=69306.21 open=69315.45 obi=-0.6107 ask_up=0.40 ask_dn=0.61 bid_up=0.39 bid_dn=0.60 halted=False[0m
[2m2026-04-07 20:27:08.181 [INFO] __main__: STATUS t=172s delta=-0.0115% dir=down agree=True chain=69307.50 bin=69315.14 open=69315.45 obi=-0.2521 ask_up=0.44 ask_dn=0.57 bid_up=0.43 bid_dn=0.56 halted=False[0m
[37m2026-04-07 20:27:30.248 [INFO] strategy.momentum_signal: [SKIP] rank=1 side=up reason=conditions_not_met latest_pct=0.0089 need=>=0.07 stddev=0.0233 max_var=0.050[0m
[2m2026-04-07 20:27:38.271 [INFO] __main__: STATUS t=142s delta=-0.0100% dir=down agree=False chain=69308.55 bin=69327.34 open=69315.45 obi=0.9985 ask_up=0.45 ask_dn=0.56 bid_up=0.44 bid_dn=0.55 halted=False[0m
[2m2026-04-07 20:28:08.402 [INFO] __main__: STATUS t=112s delta=0.0149% dir=up agree=True chain=69325.78 bin=69339.68 open=69315.45 obi=-0.2767 ask_up=0.59 ask_dn=0.42 bid_up=0.58 bid_dn=0.41 halted=False[0m
[2m2026-04-07 20:28:38.488 [INFO] __main__: STATUS t=82s delta=0.0462% dir=up agree=True chain=69347.50 bin=69365.18 open=69315.45 obi=0.9875 ask_up=0.88 ask_dn=0.14 bid_up=0.86 bid_dn=0.12 halted=False[0m
[2m2026-04-07 20:29:08.590 [INFO] __main__: STATUS t=51s delta=0.0971% dir=up agree=True chain=69382.76 bin=69388.49 open=69315.45 obi=-0.4517 ask_up=0.96 ask_dn=0.05 bid_up=0.95 bid_dn=0.04 halted=False[0m
[2m2026-04-07 20:29:38.685 [INFO] __main__: STATUS t=21s delta=0.0580% dir=up agree=True chain=69355.65 bin=69361.65 open=69315.45 obi=0.1857 ask_up=0.99 ask_dn=0.03 bid_up=0.97 bid_dn=0.01 halted=False[0m
[37m2026-04-07 20:30:00.034 [INFO] execution.paper_trading: paper window_ts=1775593500 [SKIP] pnl=0.0000 direction=up outcome=up - balance=$947.09 bid_up=0.99 ask_up=1.00 bid_dn=0.01 ask_dn=0.01[0m
[93m[1m2026-04-07 20:30:00.034 [INFO] risk.position_tracker: WINDOW_SUMMARY window_pnl=$0.0000 session_pnl=$-52.9070 won=$21.0455 lost=$73.9525 wr=50.0% (3/6) consec_losses=1[0m
[37m2026-04-07 20:30:00.036 [INFO] __main__: WINDOW_DECISION [SKIP] rank=1 side=up pnl=$0.0000 entry=0.00 size=$0.00 (conditions not met)[0m
[96m[1m2026-04-07 20:30:00.036 [INFO] strategy.window_tracker: new window: btc-updown-5m-1775593800 (ts=1775593800)[0m
2026-04-07 20:30:00.108 [INFO] market_data.clob_market_ws: CLOB market subscribed for tokens up=236053136059 down=171523267708
[96m2026-04-07 20:30:00.132 [INFO] __main__: REGIME vol_stddev=0.186% chop_flips=4.0 sprt=dormant llr=0.00 age=2w bankroll=$946.37[0m
[96m2026-04-07 20:30:00.132 [INFO] __main__: KELLY wr_adj=80.5% base=93.8% vol_disc=6.5% chop_disc=3.8% feedback=+0.0%[0m
[96m2026-04-07 20:30:00.132 [INFO] __main__: window open price captured: 69354.63 (chainlink)[0m
[2m2026-04-07 20:30:08.912 [INFO] __main__: STATUS t=291s delta=0.0077% dir=up agree=True chain=69359.97 bin=69364.16 open=69354.63 obi=0.0252 ask_up=0.49 ask_dn=0.52 bid_up=0.48 bid_dn=0.51 halted=False[0m
[2m2026-04-07 20:30:39.005 [INFO] __main__: STATUS t=261s delta=0.0091% dir=up agree=True chain=69360.95 bin=69366.39 open=69354.63 obi=0.9238 ask_up=0.99 ask_dn=0.99 bid_up=0.01 bid_dn=0.01 halted=False[0m
[2m2026-04-07 20:31:09.101 [INFO] __main__: STATUS t=231s delta=0.0130% dir=up agree=True chain=69363.64 bin=69374.28 open=69354.63 obi=-0.6299 ask_up=0.55 ask_dn=0.46 bid_up=0.54 bid_dn=0.45 halted=False[0m
[2m2026-04-07 20:31:39.192 [INFO] __main__: STATUS t=201s delta=0.0368% dir=up agree=True chain=69380.17 bin=69381.22 open=69354.63 obi=-0.9066 ask_up=0.60 ask_dn=0.41 bid_up=0.59 bid_dn=0.40 halted=False[0m
[2m2026-04-07 20:32:09.286 [INFO] __main__: STATUS t=171s delta=0.0218% dir=up agree=True chain=69369.77 bin=69380.62 open=69354.63 obi=-0.5198 ask_up=0.59 ask_dn=0.42 bid_up=0.58 bid_dn=0.41 halted=False[0m
[37m2026-04-07 20:32:30.091 [INFO] strategy.momentum_signal: [SKIP] rank=1 side=up reason=conditions_not_met latest_pct=0.0375 need=>=0.07 stddev=0.0097 max_var=0.050[0m
[2m2026-04-07 20:32:39.370 [INFO] __main__: STATUS t=141s delta=0.0224% dir=up agree=True chain=69370.16 bin=69380.63 open=69354.63 obi=-0.7960 ask_up=0.59 ask_dn=0.42 bid_up=0.58 bid_dn=0.41 halted=False[0m
2026-04-07 20:32:44.940 [INFO] shared.ipc: IPC: received authenticated signal_update (summary=signals_summary_1775593964.json)
2026-04-07 20:32:44.940 [INFO] __main__: received new signal from orchestrator: rank=1 side=Up
[2m2026-04-07 20:33:09.468 [INFO] __main__: STATUS t=111s delta=-0.0069% dir=down agree=True chain=69349.84 bin=69354.40 open=69354.63 obi=0.2533 ask_up=0.42 ask_dn=0.59 bid_up=0.41 bid_dn=0.58 halted=False[0m
[2m2026-04-07 20:33:39.553 [INFO] __main__: STATUS t=80s delta=-0.0298% dir=down agree=True chain=69333.98 bin=69349.98 open=69354.63 obi=0.2573 ask_up=0.33 ask_dn=0.68 bid_up=0.32 bid_dn=0.67 halted=False[0m
[2m2026-04-07 20:34:09.645 [INFO] __main__: STATUS t=50s delta=0.0244% dir=up agree=True chain=69371.54 bin=69378.83 open=69354.63 obi=-0.9950 ask_up=0.63 ask_dn=0.40 bid_up=0.60 bid_dn=0.37 halted=False[0m
[2m2026-04-07 20:34:39.740 [INFO] __main__: STATUS t=20s delta=0.0631% dir=up agree=True chain=69398.39 bin=69405.56 open=69354.63 obi=-0.2180 ask_up=0.97 ask_dn=0.04 bid_up=0.96 bid_dn=0.03 halted=False[0m
[37m2026-04-07 20:35:00.055 [INFO] execution.paper_trading: paper window_ts=1775593800 [SKIP] pnl=0.0000 direction=up outcome=up - balance=$947.09 bid_up=0.87 ask_up=0.88 bid_dn=0.12 ask_dn=0.13[0m
[93m[1m2026-04-07 20:35:00.058 [INFO] risk.position_tracker: WINDOW_SUMMARY window_pnl=$0.0000 session_pnl=$-52.9070 won=$21.0455 lost=$73.9525 wr=50.0% (3/6) consec_losses=1[0m
[96m2026-04-07 20:35:00.061 [INFO] __main__: REGIME chop_detected flips=4 delta_range=0.1139% avg_flips=4.3 over=6_windows[0m
[37m2026-04-07 20:35:00.062 [INFO] __main__: WINDOW_DECISION [SKIP] rank=1 side=up pnl=$0.0000 entry=0.00 size=$0.00 (conditions not met)[0m
[95m2026-04-07 20:35:00.063 [INFO] __main__: Signal refreshed (same pattern): up_280.0_150.0_0.07_0.05 — rank 1->1, keeping SPRT state (age=3w, trades=0, LLR=0.00)[0m
2026-04-07 20:35:00.063 [INFO] __main__: SIGNAL_SWAP_ACTIVE: {"rank":1,"side":"up","observeFromS":280.0,"observeToS":150.0,"minDeltaPct":0.07,"maxVariancePct":0.05,"trainWinRatePct":91.14,"oosWinRatePct":94.87,"oosBhAdjustedPValue":7.87779e-15,"oosMatches":39,"avgEntryPrice":0.8582,"evPerTrade":0.0605,"smartScore":21.78,"wfFoldsAppeared":4,"wfTotalTestFolds":6,"wfFoldIndices":[3,5,6,7]}
2026-04-07 20:35:00.063 [INFO] __main__: switched to new signal: #1 up (previous: #1 up)
[96m[1m2026-04-07 20:35:00.063 [INFO] strategy.window_tracker: new window: btc-updown-5m-1775594100 (ts=1775594100)[0m
[96m2026-04-07 20:35:00.134 [INFO] __main__: REGIME vol_stddev=0.186% chop_flips=4.3 sprt=dormant llr=0.00 age=3w bankroll=$946.37[0m
[96m2026-04-07 20:35:00.134 [INFO] __main__: KELLY wr_adj=80.4% base=94.9% vol_disc=6.5% chop_disc=5.0% feedback=+0.0%[0m
[96m2026-04-07 20:35:00.135 [INFO] __main__: window open price captured: 69357.37 (chainlink)[0m
2026-04-07 20:35:00.314 [INFO] market_data.clob_market_ws: CLOB market subscribed for tokens up=111183286001 down=449156279600
[2m2026-04-07 20:35:09.925 [INFO] __main__: STATUS t=290s delta=-0.0121% dir=down agree=False chain=69348.97 bin=69369.97 open=69357.37 obi=0.5503 ask_up=0.53 ask_dn=0.48 bid_up=0.52 bid_dn=0.47 halted=False[0m
[2m2026-04-07 20:35:40.011 [INFO] __main__: STATUS t=260s delta=0.0317% dir=up agree=True chain=69379.39 bin=69387.95 open=69357.37 obi=-0.9697 ask_up=0.63 ask_dn=0.38 bid_up=0.62 bid_dn=0.37 halted=False[0m
[2m2026-04-07 20:36:10.111 [INFO] __main__: STATUS t=230s delta=-0.0240% dir=down agree=True chain=69340.73 bin=69315.02 open=69357.37 obi=-0.9990 ask_up=0.37 ask_dn=0.66 bid_up=0.34 bid_dn=0.63 halted=False[0m
[2m2026-04-07 20:36:40.202 [INFO] __main__: STATUS t=200s delta=-0.1292% dir=down agree=True chain=69267.73 bin=69274.57 open=69357.37 obi=-0.9478 ask_up=0.15 ask_dn=0.86 bid_up=0.14 bid_dn=0.85 halted=False[0m
[2m2026-04-07 20:37:10.301 [INFO] __main__: STATUS t=170s delta=-0.1869% dir=down agree=True chain=69227.73 bin=69226.63 open=69357.37 obi=-0.9503 ask_up=0.06 ask_dn=0.95 bid_up=0.05 bid_dn=0.94 halted=False[0m
[37m2026-04-07 20:37:30.110 [INFO] strategy.momentum_signal: [SKIP] rank=1 side=up reason=conditions_not_met latest_pct=-0.2025 need=>=0.07 stddev=0.0895 max_var=0.050[0m
[2m2026-04-07 20:37:40.396 [INFO] __main__: STATUS t=140s delta=-0.2054% dir=down agree=True chain=69214.93 bin=69228.82 open=69357.37 obi=0.9976 ask_up=0.04 ask_dn=0.97 bid_up=0.03 bid_dn=0.96 halted=False[0m
[2m2026-04-07 20:38:10.492 [INFO] __main__: STATUS t=110s delta=-0.1571% dir=down agree=True chain=69248.43 bin=69250.61 open=69357.37 obi=-0.9818 ask_up=0.04 ask_dn=0.97 bid_up=0.03 bid_dn=0.96 halted=False[0m
[2m2026-04-07 20:38:40.586 [INFO] __main__: STATUS t=79s delta=-0.0805% dir=down agree=True chain=69301.57 bin=69309.08 open=69357.37 obi=-0.9817 ask_up=0.12 ask_dn=0.89 bid_up=0.11 bid_dn=0.88 halted=False[0m
[2m2026-04-07 20:39:10.679 [INFO] __main__: STATUS t=49s delta=-0.0804% dir=down agree=True chain=69301.61 bin=69307.57 open=69357.37 obi=0.9978 ask_up=0.04 ask_dn=0.97 bid_up=0.03 bid_dn=0.96 halted=False[0m
[2m2026-04-07 20:39:40.771 [INFO] __main__: STATUS t=19s delta=-0.1207% dir=down agree=True chain=69273.67 bin=69280.71 open=69357.37 obi=-0.9871 ask_up=0.01 ask_dn=1.00 bid_up=0.01 bid_dn=0.99 halted=False[0m
[37m2026-04-07 20:40:00.089 [INFO] execution.paper_trading: paper window_ts=1775594100 [SKIP] pnl=0.0000 direction=down outcome=down - balance=$947.09 bid_up=0.01 ask_up=0.01 bid_dn=0.99 ask_dn=1.00[0m
[93m[1m2026-04-07 20:40:00.089 [INFO] risk.position_tracker: WINDOW_SUMMARY window_pnl=$0.0000 session_pnl=$-52.9070 won=$21.0455 lost=$73.9525 wr=50.0% (3/6) consec_losses=1[0m
[96m2026-04-07 20:40:00.092 [INFO] __main__: REGIME chop_detected flips=4 delta_range=0.2443% avg_flips=4.2 over=6_windows[0m
[37m2026-04-07 20:40:00.093 [INFO] __main__: WINDOW_DECISION [SKIP] rank=1 side=up pnl=$0.0000 entry=0.00 size=$0.00 (conditions not met)[0m
[96m[1m2026-04-07 20:40:00.094 [INFO] strategy.window_tracker: new window: btc-updown-5m-1775594400 (ts=1775594400)[0m
[96m2026-04-07 20:40:00.215 [INFO] __main__: REGIME vol_stddev=0.185% chop_flips=4.2 sprt=dormant llr=0.00 age=4w bankroll=$946.37[0m
[96m2026-04-07 20:40:00.215 [INFO] __main__: KELLY wr_adj=81.2% base=94.9% vol_disc=6.3% chop_disc=4.4% feedback=+0.0%[0m
[96m2026-04-07 20:40:00.215 [INFO] __main__: window open price captured: 69268.96 (chainlink)[0m
2026-04-07 20:40:00.528 [INFO] market_data.clob_market_ws: CLOB market subscribed for tokens up=803029479262 down=298430624563
[2m2026-04-07 20:40:11.002 [INFO] __main__: STATUS t=289s delta=0.0051% dir=up agree=True chain=69272.53 bin=69276.25 open=69268.96 obi=-0.1953 ask_up=0.50 ask_dn=0.51 bid_up=0.49 bid_dn=0.50 halted=False[0m
[2m2026-04-07 20:40:41.085 [INFO] __main__: STATUS t=259s delta=0.0074% dir=up agree=True chain=69274.12 bin=69278.27 open=69268.96 obi=0.3744 ask_up=0.51 ask_dn=0.50 bid_up=0.50 bid_dn=0.49 halted=False[0m
[2m2026-04-07 20:41:11.176 [INFO] __main__: STATUS t=229s delta=0.0135% dir=up agree=True chain=69278.33 bin=69284.33 open=69268.96 obi=-0.9901 ask_up=0.53 ask_dn=0.48 bid_up=0.52 bid_dn=0.47 halted=False[0m
[2m2026-04-07 20:41:41.264 [INFO] __main__: STATUS t=199s delta=0.0168% dir=up agree=True chain=69280.63 bin=69286.21 open=69268.96 obi=0.8100 ask_up=0.57 ask_dn=0.44 bid_up=0.56 bid_dn=0.43 halted=False[0m
[2m2026-04-07 20:42:11.356 [INFO] __main__: STATUS t=169s delta=0.0554% dir=up agree=True chain=69307.30 bin=69319.52 open=69268.96 obi=-0.6707 ask_up=0.73 ask_dn=0.28 bid_up=0.72 bid_dn=0.27 halted=False[0m
[37m2026-04-07 20:42:30.164 [INFO] strategy.momentum_signal: [SKIP] rank=1 side=up reason=KELLY_NO_EDGE p_adj=0.812 entry=0.82 raw_f=-0.047[0m
[2m2026-04-07 20:42:41.443 [INFO] __main__: STATUS t=139s delta=0.0721% dir=up agree=True chain=69318.91 bin=69323.70 open=69268.96 obi=-0.0240 ask_up=0.76 ask_dn=0.25 bid_up=0.75 bid_dn=0.24 halted=False[0m
[2m2026-04-07 20:43:11.548 [INFO] __main__: STATUS t=108s delta=0.0572% dir=up agree=True chain=69308.59 bin=69324.52 open=69268.96 obi=0.4439 ask_up=0.82 ask_dn=0.19 bid_up=0.81 bid_dn=0.18 halted=False[0m
[2m2026-04-07 20:43:41.646 [INFO] __main__: STATUS t=78s delta=0.0681% dir=up agree=True chain=69316.11 bin=69325.79 open=69268.96 obi=-0.7593 ask_up=0.87 ask_dn=0.14 bid_up=0.86 bid_dn=0.13 halted=False[0m
[2m2026-04-07 20:44:11.743 [INFO] __main__: STATUS t=48s delta=0.0677% dir=up agree=True chain=69315.88 bin=69325.80 open=69268.96 obi=-0.8464 ask_up=0.95 ask_dn=0.06 bid_up=0.94 bid_dn=0.05 halted=False[0m
[2m2026-04-07 20:44:41.838 [INFO] __main__: STATUS t=18s delta=0.0129% dir=up agree=True chain=69277.90 bin=69288.31 open=69268.96 obi=-0.4927 ask_up=0.73 ask_dn=0.28 bid_up=0.72 bid_dn=0.27 halted=False[0m
[37m2026-04-07 20:45:00.143 [INFO] execution.paper_trading: paper window_ts=1775594400 [SKIP] pnl=0.0000 direction=up outcome=up - balance=$947.09 bid_up=0.99 ask_up=1.00 bid_dn=0.01 ask_dn=0.01[0m
[93m[1m2026-04-07 20:45:00.144 [INFO] risk.position_tracker: WINDOW_SUMMARY window_pnl=$0.0000 session_pnl=$-52.9070 won=$21.0455 lost=$73.9525 wr=50.0% (3/6) consec_losses=1[0m
[96m2026-04-07 20:45:00.150 [INFO] __main__: REGIME chop_detected flips=3 delta_range=0.1048% avg_flips=3.2 over=6_windows[0m
[37m2026-04-07 20:45:00.151 [INFO] __main__: WINDOW_DECISION [SKIP] rank=1 side=up pnl=$0.0000 entry=0.00 size=$0.00 (conditions not met)[0m
[96m[1m2026-04-07 20:45:00.152 [INFO] strategy.window_tracker: new window: btc-updown-5m-1775594700 (ts=1775594700)[0m
[96m2026-04-07 20:45:00.240 [INFO] __main__: REGIME vol_stddev=0.182% chop_flips=3.2 sprt=dormant llr=0.00 age=5w bankroll=$946.37[0m
[96m2026-04-07 20:45:00.240 [INFO] __main__: KELLY wr_adj=85.1% base=94.9% vol_disc=6.1% chop_disc=0.6% feedback=+0.0%[0m
[96m2026-04-07 20:45:00.240 [INFO] __main__: window open price captured: 69291.61 (chainlink)[0m
2026-04-07 20:45:00.726 [INFO] market_data.clob_market_ws: CLOB market subscribed for tokens up=618239408509 down=276982009718
[2m2026-04-07 20:45:12.025 [INFO] __main__: STATUS t=288s delta=-0.0328% dir=down agree=True chain=69268.86 bin=69273.05 open=69291.61 obi=0.0033 ask_up=0.41 ask_dn=0.60 bid_up=0.40 bid_dn=0.59 halted=False[0m
[2m2026-04-07 20:45:42.108 [INFO] __main__: STATUS t=258s delta=-0.0334% dir=down agree=True chain=69268.49 bin=69280.75 open=69291.61 obi=-0.9724 ask_up=0.44 ask_dn=0.57 bid_up=0.43 bid_dn=0.56 halted=False[0m
[2m2026-04-07 20:46:12.199 [INFO] __main__: STATUS t=228s delta=-0.0164% dir=down agree=True chain=69280.25 bin=69283.96 open=69291.61 obi=-0.9967 ask_up=0.42 ask_dn=0.61 bid_up=0.39 bid_dn=0.58 halted=False[0m
[2m2026-04-07 20:46:42.287 [INFO] __main__: STATUS t=198s delta=-0.0828% dir=down agree=True chain=69234.26 bin=69246.09 open=69291.61 obi=-0.9895 ask_up=0.18 ask_dn=0.83 bid_up=0.17 bid_dn=0.82 halted=False[0m
[2m2026-04-07 20:47:12.372 [INFO] __main__: STATUS t=168s delta=-0.1162% dir=down agree=True chain=69211.07 bin=69218.89 open=69291.61 obi=0.5046 ask_up=0.12 ask_dn=0.89 bid_up=0.11 bid_dn=0.88 halted=False[0m
[37m2026-04-07 20:47:30.172 [INFO] strategy.momentum_signal: [SKIP] rank=1 side=up reason=conditions_not_met latest_pct=-0.0802 need=>=0.07 stddev=0.0365 max_var=0.050[0m
[2m2026-04-07 20:47:42.463 [INFO] __main__: STATUS t=138s delta=-0.0961% dir=down agree=True chain=69225.02 bin=69249.47 open=69291.61 obi=0.9876 ask_up=0.23 ask_dn=0.78 bid_up=0.22 bid_dn=0.77 halted=False[0m
2026-04-07 20:47:59.025 [INFO] shared.ipc: IPC: received authenticated signal_update (summary=signals_summary_1775594878.json)
2026-04-07 20:47:59.025 [INFO] __main__: received new signal from orchestrator: rank=1 side=Up
[2m2026-04-07 20:48:12.577 [INFO] __main__: STATUS t=107s delta=-0.0280% dir=down agree=True chain=69272.24 bin=69283.92 open=69291.61 obi=-0.0145 ask_up=0.40 ask_dn=0.61 bid_up=0.39 bid_dn=0.60 halted=False[0m
[2m2026-04-07 20:48:42.668 [INFO] __main__: STATUS t=77s delta=-0.0571% dir=down agree=True chain=69252.01 bin=69263.24 open=69291.61 obi=-0.5429 ask_up=0.18 ask_dn=0.83 bid_up=0.17 bid_dn=0.82 halted=False[0m
[2m2026-04-07 20:49:12.759 [INFO] __main__: STATUS t=47s delta=-0.0964% dir=down agree=True chain=69224.82 bin=69242.65 open=69291.61 obi=0.9595 ask_up=0.04 ask_dn=0.97 bid_up=0.03 bid_dn=0.96 halted=False[0m
[2m2026-04-07 20:49:42.849 [INFO] __main__: STATUS t=17s delta=-0.0758% dir=down agree=True chain=69239.11 bin=69250.43 open=69291.61 obi=0.8801 ask_up=0.02 ask_dn=0.99 bid_up=0.01 bid_dn=0.98 halted=False[0m
[37m2026-04-07 20:50:00.156 [INFO] execution.paper_trading: paper window_ts=1775594700 [SKIP] pnl=0.0000 direction=down outcome=down - balance=$947.09 bid_up=0.01 ask_up=0.01 bid_dn=0.99 ask_dn=1.00[0m
[93m[1m2026-04-07 20:50:00.156 [INFO] risk.position_tracker: WINDOW_SUMMARY window_pnl=$0.0000 session_pnl=$-52.9070 won=$21.0455 lost=$73.9525 wr=50.0% (3/6) consec_losses=1[0m
[37m2026-04-07 20:50:00.159 [INFO] __main__: WINDOW_DECISION [SKIP] rank=1 side=up pnl=$0.0000 entry=0.00 size=$0.00 (conditions not met)[0m
2026-04-07 20:50:00.159 [INFO] __main__: Signal changed: up_280.0_150.0_0.07_0.05 -> up_280.0_160.0_0.07_0.05 (age was 6 windows)
2026-04-07 20:50:00.160 [INFO] __main__: SIGNAL_SWAP_ACTIVE: {"rank":1,"side":"up","observeFromS":280.0,"observeToS":160.0,"minDeltaPct":0.07,"maxVariancePct":0.05,"trainWinRatePct":91.03,"oosWinRatePct":92.86,"oosBhAdjustedPValue":1.65114e-13,"oosMatches":56,"avgEntryPrice":0.8718,"evPerTrade":0.0268,"smartScore":22.32,"wfFoldsAppeared":6,"wfTotalTestFolds":6,"wfFoldIndices":[2,3,4,5,6,7]}
2026-04-07 20:50:00.160 [INFO] __main__: switched to new signal: #1 up (previous: #1 up)
[96m[1m2026-04-07 20:50:00.160 [INFO] strategy.window_tracker: new window: btc-updown-5m-1775595000 (ts=1775595000)[0m
[96m2026-04-07 20:50:00.252 [INFO] __main__: REGIME vol_stddev=0.182% chop_flips=2.5 sprt=dormant llr=0.00 age=0w bankroll=$946.37[0m
[96m2026-04-07 20:50:00.252 [INFO] __main__: KELLY wr_adj=83.7% base=92.9% vol_disc=6.1% chop_disc=0.0% feedback=+0.0%[0m
[96m2026-04-07 20:50:00.252 [INFO] __main__: window open price captured: 69245.12 (chainlink)[0m
2026-04-07 20:50:00.937 [INFO] market_data.clob_market_ws: CLOB market subscribed for tokens up=661343908744 down=602200661098
[2m2026-04-07 20:50:13.040 [INFO] __main__: STATUS t=287s delta=-0.0033% dir=down agree=False chain=69242.83 bin=69253.89 open=69245.12 obi=-0.0253 ask_up=0.48 ask_dn=0.53 bid_up=0.47 bid_dn=0.52 halted=False[0m
[2m2026-04-07 20:50:43.133 [INFO] __main__: STATUS t=257s delta=0.0205% dir=up agree=True chain=69259.30 bin=69268.47 open=69245.12 obi=0.7521 ask_up=0.58 ask_dn=0.43 bid_up=0.57 bid_dn=0.42 halted=False[0m
[2m2026-04-07 20:51:13.221 [INFO] __main__: STATUS t=227s delta=0.0105% dir=up agree=True chain=69252.41 bin=69258.93 open=69245.12 obi=-0.2840 ask_up=0.53 ask_dn=0.48 bid_up=0.52 bid_dn=0.47 halted=False[0m
[2m2026-04-07 20:51:43.305 [INFO] __main__: STATUS t=197s delta=-0.0154% dir=down agree=True chain=69234.48 bin=69239.45 open=69245.12 obi=-0.9973 ask_up=0.41 ask_dn=0.60 bid_up=0.40 bid_dn=0.59 halted=False[0m
[2m2026-04-07 20:52:13.419 [INFO] __main__: STATUS t=167s delta=0.0192% dir=up agree=True chain=69258.39 bin=69265.70 open=69245.12 obi=-0.9950 ask_up=0.55 ask_dn=0.46 bid_up=0.54 bid_dn=0.45 halted=False[0m
[37m2026-04-07 20:52:20.191 [INFO] strategy.momentum_signal: [SKIP] rank=1 side=up reason=conditions_not_met latest_pct=0.0157 need=>=0.07 stddev=0.0121 max_var=0.050[0m
[2m2026-04-07 20:52:43.506 [INFO] __main__: STATUS t=136s delta=0.0182% dir=up agree=True chain=69257.72 bin=69262.55 open=69245.12 obi=-0.9391 ask_up=0.54 ask_dn=0.48 bid_up=0.52 bid_dn=0.46 halted=False[0m
[2m2026-04-07 20:53:13.595 [INFO] __main__: STATUS t=106s delta=-0.0123% dir=down agree=True chain=69236.59 bin=69227.42 open=69245.12 obi=-0.7167 ask_up=0.34 ask_dn=0.74 bid_up=0.26 bid_dn=0.66 halted=False[0m
[2m2026-04-07 20:53:43.681 [INFO] __main__: STATUS t=76s delta=-0.0607% dir=down agree=True chain=69203.10 bin=69218.60 open=69245.12 obi=0.9900 ask_up=0.23 ask_dn=0.78 bid_up=0.22 bid_dn=0.77 halted=False[0m
[2m2026-04-07 20:54:13.824 [INFO] __main__: STATUS t=46s delta=-0.0462% dir=down agree=True chain=69213.15 bin=69217.35 open=69245.12 obi=-0.9942 ask_up=0.06 ask_dn=0.95 bid_up=0.05 bid_dn=0.94 halted=False[0m
[2m2026-04-07 20:54:43.917 [INFO] __main__: STATUS t=16s delta=-0.0797% dir=down agree=True chain=69189.95 bin=69199.61 open=69245.12 obi=-0.9987 ask_up=0.01 ask_dn=1.00 bid_up=0.01 bid_dn=0.99 halted=False[0m
[37m2026-04-07 20:55:00.220 [INFO] execution.paper_trading: paper window_ts=1775595000 [SKIP] pnl=0.0000 direction=down outcome=down - balance=$947.09 bid_up=0.01 ask_up=0.01 bid_dn=0.99 ask_dn=1.00[0m
[93m[1m2026-04-07 20:55:00.220 [INFO] risk.position_tracker: WINDOW_SUMMARY window_pnl=$0.0000 session_pnl=$-52.9070 won=$21.0455 lost=$73.9525 wr=50.0% (3/6) consec_losses=1[0m
[96m2026-04-07 20:55:00.222 [INFO] __main__: REGIME chop_detected flips=11 delta_range=0.1428% avg_flips=4.0 over=6_windows[0m
[37m2026-04-07 20:55:00.222 [INFO] __main__: WINDOW_DECISION [SKIP] rank=1 side=up pnl=$0.0000 entry=0.00 size=$0.00 (conditions not met)[0m
[96m[1m2026-04-07 20:55:00.222 [INFO] strategy.window_tracker: new window: btc-updown-5m-1775595300 (ts=1775595300)[0m
[96m2026-04-07 20:55:00.270 [INFO] __main__: REGIME vol_stddev=0.181% chop_flips=4.0 sprt=dormant llr=0.00 age=1w bankroll=$946.37[0m
[96m2026-04-07 20:55:00.270 [INFO] __main__: KELLY wr_adj=80.1% base=92.9% vol_disc=6.0% chop_disc=3.8% feedback=+0.0%[0m
[96m2026-04-07 20:55:00.270 [INFO] __main__: window open price captured: 69183.16 (chainlink)[0m
2026-04-07 20:55:01.158 [INFO] market_data.clob_market_ws: CLOB market subscribed for tokens up=105831048080 down=971695696560
[2m2026-04-07 20:55:14.084 [INFO] __main__: STATUS t=286s delta=0.0536% dir=up agree=True chain=69220.26 bin=69229.97 open=69183.16 obi=-0.9135 ask_up=0.69 ask_dn=0.33 bid_up=0.67 bid_dn=0.31 halted=False[0m
[2m2026-04-07 20:55:44.181 [INFO] __main__: STATUS t=256s delta=0.0350% dir=up agree=True chain=69207.36 bin=69220.72 open=69183.16 obi=0.7129 ask_up=0.62 ask_dn=0.40 bid_up=0.60 bid_dn=0.38 halted=False[0m
[2m2026-04-07 20:56:14.274 [INFO] __main__: STATUS t=226s delta=0.0692% dir=up agree=True chain=69231.02 bin=69241.77 open=69183.16 obi=0.9397 ask_up=0.74 ask_dn=0.27 bid_up=0.73 bid_dn=0.26 halted=False[0m
[2m2026-04-07 20:56:44.362 [INFO] __main__: STATUS t=196s delta=0.1280% dir=up agree=True chain=69271.74 bin=69291.06 open=69183.16 obi=0.5594 ask_up=0.89 ask_dn=0.12 bid_up=0.88 bid_dn=0.11 halted=False[0m
[2m2026-04-07 20:57:14.460 [INFO] __main__: STATUS t=166s delta=0.1486% dir=up agree=True chain=69285.97 bin=69300.00 open=69183.16 obi=-0.8661 ask_up=0.92 ask_dn=0.09 bid_up=0.91 bid_dn=0.08 halted=False[0m
[37m2026-04-07 20:57:20.229 [INFO] strategy.momentum_signal: [SKIP] rank=1 side=up reason=KELLY_NO_EDGE p_adj=0.801 entry=0.92 raw_f=-1.492[0m
[2m2026-04-07 20:57:44.548 [INFO] __main__: STATUS t=135s delta=0.1367% dir=up agree=True chain=69277.74 bin=69287.50 open=69183.16 obi=-0.7215 ask_up=0.93 ask_dn=0.08 bid_up=0.92 bid_dn=0.07 halted=False[0m
[2m2026-04-07 20:58:14.646 [INFO] __main__: STATUS t=105s delta=0.1378% dir=up agree=True chain=69278.48 bin=69286.19 open=69183.16 obi=0.1026 ask_up=0.95 ask_dn=0.06 bid_up=0.94 bid_dn=0.05 halted=False[0m
[2m2026-04-07 20:58:44.743 [INFO] __main__: STATUS t=75s delta=0.1585% dir=up agree=True chain=69292.83 bin=69300.00 open=69183.16 obi=0.1771 ask_up=0.98 ask_dn=0.03 bid_up=0.97 bid_dn=0.02 halted=False[0m
[2m2026-04-07 20:59:14.839 [INFO] __main__: STATUS t=45s delta=0.1684% dir=up agree=True chain=69299.69 bin=69308.63 open=69183.16 obi=-0.0636 ask_up=1.00 ask_dn=0.01 bid_up=0.99 bid_dn=0.01 halted=False[0m
[2m2026-04-07 20:59:44.936 [INFO] __main__: STATUS t=15s delta=0.1821% dir=up agree=True chain=69309.16 bin=69319.39 open=69183.16 obi=-0.2700 ask_up=1.00 ask_dn=0.00 bid_up=1.00 bid_dn=0.01 halted=False[0m
[37m2026-04-07 21:00:00.242 [INFO] execution.paper_trading: paper window_ts=1775595300 [SKIP] pnl=0.0000 direction=up outcome=up - balance=$947.09 bid_up=1.00 ask_up=1.00 bid_dn=0.01 ask_dn=0.00[0m
[93m[1m2026-04-07 21:00:00.242 [INFO] risk.position_tracker: WINDOW_SUMMARY window_pnl=$0.0000 session_pnl=$-52.9070 won=$21.0455 lost=$73.9525 wr=50.0% (3/6) consec_losses=1[0m
[37m2026-04-07 21:00:00.245 [INFO] __main__: WINDOW_DECISION [SKIP] rank=1 side=up pnl=$0.0000 entry=0.00 size=$0.00 (conditions not met)[0m
[96m[1m2026-04-07 21:00:00.245 [INFO] strategy.window_tracker: new window: btc-updown-5m-1775595600 (ts=1775595600)[0m
[96m2026-04-07 21:00:00.312 [INFO] __main__: REGIME vol_stddev=0.183% chop_flips=4.0 sprt=dormant llr=0.00 age=2w bankroll=$946.37[0m
[96m2026-04-07 21:00:00.312 [INFO] __main__: KELLY wr_adj=79.9% base=92.9% vol_disc=6.2% chop_disc=3.8% feedback=+0.0%[0m
[96m2026-04-07 21:00:00.312 [INFO] __main__: window open price captured: 69309.51 (chainlink)[0m
2026-04-07 21:00:00.386 [INFO] market_data.clob_market_ws: CLOB market subscribed for tokens up=706213547421 down=129576703505
[2m2026-04-07 21:00:15.166 [INFO] __main__: STATUS t=285s delta=0.0647% dir=up agree=True chain=69354.34 bin=69370.33 open=69309.51 obi=0.0511 ask_up=0.99 ask_dn=0.99 bid_up=0.01 bid_dn=0.01 halted=False[0m
[2m2026-04-07 21:00:45.253 [INFO] __main__: STATUS t=255s delta=0.0538% dir=up agree=True chain=69346.77 bin=69348.43 open=69309.51 obi=-0.9965 ask_up=0.66 ask_dn=0.38 bid_up=0.62 bid_dn=0.34 halted=False[0m
[2m2026-04-07 21:01:15.354 [INFO] __main__: STATUS t=225s delta=0.0522% dir=up agree=True chain=69345.70 bin=69362.99 open=69309.51 obi=-0.9554 ask_up=0.68 ask_dn=0.33 bid_up=0.67 bid_dn=0.32 halted=False[0m
[2m2026-04-07 21:01:45.443 [INFO] __main__: STATUS t=195s delta=0.0484% dir=up agree=True chain=69343.08 bin=69354.26 open=69309.51 obi=0.1119 ask_up=0.99 ask_dn=0.99 bid_up=0.01 bid_dn=0.01 halted=False[0m
[2m2026-04-07 21:02:15.532 [INFO] __main__: STATUS t=164s delta=0.0636% dir=up agree=True chain=69353.60 bin=69368.57 open=69309.51 obi=-0.1191 ask_up=0.80 ask_dn=0.21 bid_up=0.79 bid_dn=0.20 halted=False[0m
[37m2026-04-07 21:02:20.046 [INFO] strategy.momentum_signal: [SKIP] rank=1 side=up reason=KELLY_NO_EDGE p_adj=0.799 entry=0.90 raw_f=-1.009[0m
[2m2026-04-07 21:02:45.622 [INFO] __main__: STATUS t=134s delta=0.1021% dir=up agree=True chain=69380.24 bin=69400.10 open=69309.51 obi=-0.0092 ask_up=0.93 ask_dn=0.08 bid_up=0.92 bid_dn=0.07 halted=False[0m
2026-04-07 21:03:13.020 [INFO] shared.ipc: IPC: received authenticated signal_update (summary=signals_summary_1775595792.json)
2026-04-07 21:03:13.020 [INFO] __main__: received new signal from orchestrator: rank=1 side=Up
[2m2026-04-07 21:03:15.717 [INFO] __main__: STATUS t=104s delta=0.0867% dir=up agree=True chain=69369.58 bin=69386.53 open=69309.51 obi=-0.8486 ask_up=0.89 ask_dn=0.12 bid_up=0.88 bid_dn=0.11 halted=False[0m
[2m2026-04-07 21:03:45.807 [INFO] __main__: STATUS t=74s delta=0.0846% dir=up agree=True chain=69368.17 bin=69382.74 open=69309.51 obi=0.3213 ask_up=0.95 ask_dn=0.06 bid_up=0.94 bid_dn=0.05 halted=False[0m
[2m2026-04-07 21:04:15.900 [INFO] __main__: STATUS t=44s delta=0.0856% dir=up agree=True chain=69368.86 bin=69384.62 open=69309.51 obi=0.6661 ask_up=0.99 ask_dn=0.02 bid_up=0.98 bid_dn=0.01 halted=False[0m
[2m2026-04-07 21:04:45.998 [INFO] __main__: STATUS t=14s delta=0.0916% dir=up agree=True chain=69373.03 bin=69389.99 open=69309.51 obi=0.8465 ask_up=1.00 ask_dn=0.01 bid_up=0.99 bid_dn=0.01 halted=False[0m
[37m2026-04-07 21:05:00.043 [INFO] execution.paper_trading: paper window_ts=1775595600 [SKIP] pnl=0.0000 direction=up outcome=up - balance=$947.09 bid_up=0.99 ask_up=1.00 bid_dn=0.01 ask_dn=0.01[0m
[93m[1m2026-04-07 21:05:00.044 [INFO] risk.position_tracker: WINDOW_SUMMARY window_pnl=$0.0000 session_pnl=$-52.9070 won=$21.0455 lost=$73.9525 wr=50.0% (3/6) consec_losses=1[0m
[37m2026-04-07 21:05:00.046 [INFO] __main__: WINDOW_DECISION [SKIP] rank=1 side=up pnl=$0.0000 entry=0.00 size=$0.00 (conditions not met)[0m
[95m2026-04-07 21:05:00.046 [INFO] __main__: Signal refreshed (same pattern): up_280.0_160.0_0.07_0.05 — rank 1->1, keeping SPRT state (age=3w, trades=0, LLR=0.00)[0m
2026-04-07 21:05:00.046 [INFO] __main__: SIGNAL_SWAP_ACTIVE: {"rank":1,"side":"up","observeFromS":280.0,"observeToS":160.0,"minDeltaPct":0.07,"maxVariancePct":0.05,"trainWinRatePct":91.03,"oosWinRatePct":92.73,"oosBhAdjustedPValue":1.65028e-13,"oosMatches":55,"avgEntryPrice":0.8673,"evPerTrade":0.03,"smartScore":25.28,"wfFoldsAppeared":6,"wfTotalTestFolds":6,"wfFoldIndices":[2,3,4,5,6,7]}
2026-04-07 21:05:00.046 [INFO] __main__: switched to new signal: #1 up (previous: #1 up)
[96m[1m2026-04-07 21:05:00.047 [INFO] strategy.window_tracker: new window: btc-updown-5m-1775595900 (ts=1775595900)[0m
[96m2026-04-07 21:05:00.128 [INFO] __main__: REGIME vol_stddev=0.183% chop_flips=3.5 sprt=dormant llr=0.00 age=3w bankroll=$946.37[0m
[96m2026-04-07 21:05:00.128 [INFO] __main__: KELLY wr_adj=81.7% base=92.7% vol_disc=6.2% chop_disc=1.9% feedback=+0.0%[0m
[96m2026-04-07 21:05:00.128 [INFO] __main__: window open price captured: 69373.54 (chainlink)[0m
2026-04-07 21:05:00.608 [INFO] market_data.clob_market_ws: CLOB market subscribed for tokens up=601099070776 down=138388519137
[2m2026-04-07 21:05:16.181 [INFO] __main__: STATUS t=284s delta=0.0032% dir=up agree=True chain=69375.73 bin=69434.68 open=69373.54 obi=0.9820 ask_up=0.99 ask_dn=0.99 bid_up=0.01 bid_dn=0.01 halted=False[0m
[2m2026-04-07 21:05:46.278 [INFO] __main__: STATUS t=254s delta=0.2977% dir=up agree=True chain=69580.07 bin=69595.35 open=69373.54 obi=0.0779 ask_up=0.95 ask_dn=0.06 bid_up=0.94 bid_dn=0.05 halted=False[0m
[2m2026-04-07 21:06:16.381 [INFO] __main__: STATUS t=224s delta=0.4188% dir=up agree=True chain=69664.05 bin=69696.02 open=69373.54 obi=0.7411 ask_up=0.99 ask_dn=0.02 bid_up=0.98 bid_dn=0.01 halted=False[0m
2026-04-07 21:06:26.238 [INFO] utils.reconnect: rtds connected to wss://ws-live-data.polymarket.com
2026-04-07 21:06:26.238 [INFO] market_data.rtds_ws: RTDS subscribed to chainlink
[2m2026-04-07 21:06:46.481 [INFO] __main__: STATUS t=194s delta=0.6212% dir=up agree=True chain=69804.48 bin=69917.67 open=69373.54 obi=0.8665 ask_up=1.00 ask_dn=0.01 bid_up=0.99 bid_dn=0.01 halted=False[0m
[2m2026-04-07 21:07:16.578 [INFO] __main__: STATUS t=163s delta=0.7161% dir=up agree=True chain=69870.35 bin=69890.35 open=69373.54 obi=-0.6596 ask_up=1.00 ask_dn=0.01 bid_up=0.99 bid_dn=0.01 halted=False[0m
[37m2026-04-07 21:07:20.093 [INFO] strategy.momentum_signal: [SKIP] rank=1 side=up reason=conditions_not_met latest_pct=0.8122 need=>=0.07 stddev=0.1881 max_var=0.050[0m
[2m2026-04-07 21:07:46.679 [INFO] __main__: STATUS t=133s delta=0.7849% dir=up agree=True chain=69918.05 bin=69937.73 open=69373.54 obi=0.8170 ask_up=1.00 ask_dn=0.01 bid_up=0.99 bid_dn=0.01 halted=False[0m
[2m2026-04-07 21:08:16.782 [INFO] __main__: STATUS t=103s delta=0.7234% dir=up agree=True chain=69875.37 bin=69892.39 open=69373.54 obi=-0.0222 ask_up=1.00 ask_dn=0.01 bid_up=0.99 bid_dn=0.01 halted=False[0m
[2m2026-04-07 21:08:46.880 [INFO] __main__: STATUS t=73s delta=0.7642% dir=up agree=True chain=69903.67 bin=69914.22 open=69373.54 obi=-0.7924 ask_up=1.00 ask_dn=0.99 bid_up=0.01 bid_dn=0.00 halted=False[0m
[2m2026-04-07 21:09:16.975 [INFO] __main__: STATUS t=43s delta=0.7532% dir=up agree=True chain=69896.05 bin=69911.80 open=69373.54 obi=0.9194 ask_up=1.00 ask_dn=0.00 bid_up=1.00 bid_dn=0.00 halted=False[0m
[2m2026-04-07 21:09:47.075 [INFO] __main__: STATUS t=13s delta=0.7415% dir=up agree=True chain=69887.95 bin=69899.95 open=69373.54 obi=0.8780 ask_up=1.00 ask_dn=0.00 bid_up=1.00 bid_dn=0.00 halted=False[0m
[37m2026-04-07 21:10:00.130 [INFO] execution.paper_trading: paper window_ts=1775595900 [SKIP] pnl=0.0000 direction=up outcome=up - balance=$947.09 bid_up=1.00 ask_up=1.00 bid_dn=0.00 ask_dn=0.00[0m
[93m[1m2026-04-07 21:10:00.130 [INFO] risk.position_tracker: WINDOW_SUMMARY window_pnl=$0.0000 session_pnl=$-52.9070 won=$21.0455 lost=$73.9525 wr=50.0% (3/6) consec_losses=1[0m
[37m2026-04-07 21:10:00.133 [INFO] __main__: WINDOW_DECISION [SKIP] rank=1 side=up pnl=$0.0000 entry=0.00 size=$0.00 (conditions not met)[0m
[96m[1m2026-04-07 21:10:00.135 [INFO] strategy.window_tracker: new window: btc-updown-5m-1775596200 (ts=1775596200)[0m
[96m2026-04-07 21:10:00.244 [INFO] __main__: REGIME vol_stddev=0.228% chop_flips=3.2 sprt=dormant llr=0.00 age=4w bankroll=$946.37[0m
[96m2026-04-07 21:10:00.245 [INFO] __main__: KELLY wr_adj=81.6% base=92.7% vol_disc=7.5% chop_disc=0.6% feedback=+0.0%[0m
[96m2026-04-07 21:10:00.245 [INFO] __main__: window open price captured: 69882.72 (chainlink)[0m
2026-04-07 21:10:00.831 [INFO] market_data.clob_market_ws: CLOB market subscribed for tokens up=791405743411 down=219702241144
[2m2026-04-07 21:10:17.309 [INFO] __main__: STATUS t=283s delta=0.0255% dir=up agree=True chain=69900.52 bin=69918.43 open=69882.72 obi=-0.9452 ask_up=0.54 ask_dn=0.47 bid_up=0.53 bid_dn=0.46 halted=False[0m
[2m2026-04-07 21:10:47.397 [INFO] __main__: STATUS t=253s delta=0.0797% dir=up agree=True chain=69938.45 bin=69956.34 open=69882.72 obi=0.2375 ask_up=0.67 ask_dn=0.34 bid_up=0.66 bid_dn=0.33 halted=False[0m
[2m2026-04-07 21:11:17.495 [INFO] __main__: STATUS t=223s delta=0.2264% dir=up agree=True chain=70040.94 bin=70074.20 open=69882.72 obi=-0.1922 ask_up=0.99 ask_dn=0.99 bid_up=0.01 bid_dn=0.01 halted=False[0m
[2m2026-04-07 21:11:47.588 [INFO] __main__: STATUS t=192s delta=0.2464% dir=up agree=True chain=70054.93 bin=70052.02 open=69882.72 obi=-0.8179 ask_up=0.93 ask_dn=0.08 bid_up=0.92 bid_dn=0.07 halted=False[0m
[2m2026-04-07 21:12:17.680 [INFO] __main__: STATUS t=162s delta=0.2760% dir=up agree=True chain=70075.61 bin=70100.01 open=69882.72 obi=0.6077 ask_up=0.97 ask_dn=0.04 bid_up=0.96 bid_dn=0.03 halted=False[0m
[37m2026-04-07 21:12:20.192 [INFO] strategy.momentum_signal: [SKIP] rank=1 side=up reason=conditions_not_met latest_pct=0.3252 need=>=0.07 stddev=0.0896 max_var=0.050[0m
[2m2026-04-07 21:12:47.777 [INFO] __main__: STATUS t=132s delta=0.3216% dir=up agree=True chain=70107.43 bin=70166.75 open=69882.72 obi=0.9976 ask_up=0.99 ask_dn=0.02 bid_up=0.98 bid_dn=0.01 halted=False[0m
[2m2026-04-07 21:13:17.882 [INFO] __main__: STATUS t=102s delta=0.4136% dir=up agree=True chain=70171.77 bin=70193.30 open=69882.72 obi=0.5822 ask_up=1.00 ask_dn=0.01 bid_up=0.99 bid_dn=0.01 halted=False[0m
[2m2026-04-07 21:13:47.977 [INFO] __main__: STATUS t=72s delta=0.3383% dir=up agree=True chain=70119.14 bin=70110.85 open=69882.72 obi=-0.9708 ask_up=1.00 ask_dn=0.01 bid_up=0.99 bid_dn=0.01 halted=False[0m
[2m2026-04-07 21:14:18.101 [INFO] __main__: STATUS t=42s delta=0.2597% dir=up agree=True chain=70064.23 bin=70070.05 open=69882.72 obi=-0.2683 ask_up=1.00 ask_dn=0.01 bid_up=0.99 bid_dn=0.01 halted=False[0m
[2m2026-04-07 21:14:48.202 [INFO] __main__: STATUS t=12s delta=0.2471% dir=up agree=True chain=70055.41 bin=70068.52 open=69882.72 obi=-0.9760 ask_up=1.00 ask_dn=0.01 bid_up=0.99 bid_dn=0.01 halted=False[0m
[37m2026-04-07 21:15:00.241 [INFO] execution.paper_trading: paper window_ts=1775596200 [SKIP] pnl=0.0000 direction=up outcome=up - balance=$947.09 bid_up=0.99 ask_up=1.00 bid_dn=0.01 ask_dn=0.01[0m
[93m[1m2026-04-07 21:15:00.242 [INFO] risk.position_tracker: WINDOW_SUMMARY window_pnl=$0.0000 session_pnl=$-52.9070 won=$21.0455 lost=$73.9525 wr=50.0% (3/6) consec_losses=1[0m
[37m2026-04-07 21:15:00.244 [INFO] __main__: WINDOW_DECISION [SKIP] rank=1 side=up pnl=$0.0000 entry=0.00 size=$0.00 (conditions not met)[0m
[96m[1m2026-04-07 21:15:00.244 [INFO] strategy.window_tracker: new window: btc-updown-5m-1775596500 (ts=1775596500)[0m
[96m2026-04-07 21:15:00.297 [INFO] __main__: REGIME vol_stddev=0.228% chop_flips=2.8 sprt=dormant llr=0.00 age=5w bankroll=$946.37[0m
[96m2026-04-07 21:15:00.298 [INFO] __main__: KELLY wr_adj=82.2% base=92.7% vol_disc=7.5% chop_disc=0.0% feedback=+0.0%[0m
[96m2026-04-07 21:15:00.298 [INFO] __main__: window open price captured: 69990.17 (chainlink)[0m
2026-04-07 21:15:01.042 [INFO] market_data.clob_market_ws: CLOB market subscribed for tokens up=635212697549 down=912776351493
[2m2026-04-07 21:15:18.413 [INFO] __main__: STATUS t=282s delta=0.0046% dir=up agree=True chain=69993.37 bin=70001.76 open=69990.17 obi=-0.8399 ask_up=0.99 ask_dn=0.99 bid_up=0.01 bid_dn=0.01 halted=False[0m
[2m2026-04-07 21:15:48.504 [INFO] __main__: STATUS t=251s delta=-0.0168% dir=down agree=False chain=69978.43 bin=69993.18 open=69990.17 obi=-0.8942 ask_up=0.49 ask_dn=0.53 bid_up=0.47 bid_dn=0.51 halted=False[0m
[2m2026-04-07 21:16:18.599 [INFO] __main__: STATUS t=221s delta=-0.0860% dir=down agree=True chain=69929.95 bin=69951.17 open=69990.17 obi=0.6131 ask_up=0.34 ask_dn=0.67 bid_up=0.33 bid_dn=0.66 halted=False[0m
[2m2026-04-07 21:16:48.683 [INFO] __main__: STATUS t=191s delta=-0.1314% dir=down agree=True chain=69898.22 bin=69909.69 open=69990.17 obi=-0.4765 ask_up=0.21 ask_dn=0.80 bid_up=0.20 bid_dn=0.79 halted=False[0m
[2m2026-04-07 21:17:18.771 [INFO] __main__: STATUS t=161s delta=-0.1354% dir=down agree=True chain=69895.42 bin=69889.52 open=69990.17 obi=-0.1300 ask_up=0.10 ask_dn=0.91 bid_up=0.09 bid_dn=0.90 halted=False[0m
[37m2026-04-07 21:17:20.027 [INFO] strategy.momentum_signal: [SKIP] rank=1 side=up reason=conditions_not_met latest_pct=-0.1438 need=>=0.07 stddev=0.0570 max_var=0.050[0m
[2m2026-04-07 21:17:48.862 [INFO] __main__: STATUS t=131s delta=-0.1657% dir=down agree=True chain=69874.20 bin=69896.29 open=69990.17 obi=-0.5646 ask_up=0.11 ask_dn=0.90 bid_up=0.10 bid_dn=0.89 halted=False[0m
[2m2026-04-07 21:18:18.970 [INFO] __main__: STATUS t=101s delta=-0.1717% dir=down agree=True chain=69870.02 bin=69881.33 open=69990.17 obi=-0.9963 ask_up=0.04 ask_dn=0.97 bid_up=0.03 bid_dn=0.96 halted=False[0m
2026-04-07 21:18:27.031 [INFO] shared.ipc: IPC: received authenticated signal_update (summary=signals_summary_1775596706.json)
2026-04-07 21:18:27.031 [INFO] __main__: received new signal from orchestrator: rank=1 side=Up
[2m2026-04-07 21:18:49.065 [INFO] __main__: STATUS t=71s delta=-0.2746% dir=down agree=True chain=69797.99 bin=69790.70 open=69990.17 obi=-0.9614 ask_up=0.01 ask_dn=1.00 bid_up=0.01 bid_dn=0.99 halted=False[0m
[2m2026-04-07 21:19:19.165 [INFO] __main__: STATUS t=41s delta=-0.3126% dir=down agree=True chain=69771.38 bin=69798.97 open=69990.17 obi=0.8486 ask_up=0.01 ask_dn=1.00 bid_up=0.01 bid_dn=0.99 halted=False[0m
[2m2026-04-07 21:19:49.265 [INFO] __main__: STATUS t=11s delta=-0.2645% dir=down agree=True chain=69805.06 bin=69820.23 open=69990.17 obi=0.9408 ask_up=0.01 ask_dn=1.00 bid_up=0.01 bid_dn=0.99 halted=False[0m
[37m2026-04-07 21:20:00.054 [INFO] execution.paper_trading: paper window_ts=1775596500 [SKIP] pnl=0.0000 direction=down outcome=down - balance=$947.09 bid_up=0.01 ask_up=0.00 bid_dn=1.00 ask_dn=1.00[0m
[93m[1m2026-04-07 21:20:00.054 [INFO] risk.position_tracker: WINDOW_SUMMARY window_pnl=$0.0000 session_pnl=$-52.9070 won=$21.0455 lost=$73.9525 wr=50.0% (3/6) consec_losses=1[0m
[96m2026-04-07 21:20:00.057 [INFO] __main__: REGIME chop_detected flips=8 delta_range=0.3512% avg_flips=4.2 over=6_windows[0m
[37m2026-04-07 21:20:00.058 [INFO] __main__: WINDOW_DECISION [SKIP] rank=1 side=up pnl=$0.0000 entry=0.00 size=$0.00 (conditions not met)[0m
[95m2026-04-07 21:20:00.058 [INFO] __main__: Signal refreshed (same pattern): up_280.0_160.0_0.07_0.05 — rank 1->1, keeping SPRT state (age=6w, trades=0, LLR=0.00)[0m
2026-04-07 21:20:00.058 [INFO] __main__: SIGNAL_SWAP_ACTIVE: {"rank":1,"side":"up","observeFromS":280.0,"observeToS":160.0,"minDeltaPct":0.07,"maxVariancePct":0.05,"trainWinRatePct":91.03,"oosWinRatePct":92.98,"oosBhAdjustedPValue":1.60569e-13,"oosMatches":57,"avgEntryPrice":0.8672,"evPerTrade":0.0326,"smartScore":28.28,"wfFoldsAppeared":6,"wfTotalTestFolds":6,"wfFoldIndices":[2,3,4,5,6,7]}
2026-04-07 21:20:00.058 [INFO] __main__: switched to new signal: #1 up (previous: #1 up)
[96m[1m2026-04-07 21:20:00.059 [INFO] strategy.window_tracker: new window: btc-updown-5m-1775596800 (ts=1775596800)[0m
[96m2026-04-07 21:20:00.132 [INFO] __main__: REGIME vol_stddev=0.230% chop_flips=4.2 sprt=dormant llr=0.00 age=6w bankroll=$946.37[0m
[96m2026-04-07 21:20:00.133 [INFO] __main__: KELLY wr_adj=78.1% base=93.0% vol_disc=7.5% chop_disc=4.4% feedback=+0.0%[0m
[96m2026-04-07 21:20:00.133 [INFO] __main__: window open price captured: 69822.45 (chainlink)[0m
2026-04-07 21:20:00.243 [INFO] market_data.clob_market_ws: CLOB market subscribed for tokens up=830048736440 down=771445102457
[2m2026-04-07 21:20:19.450 [INFO] __main__: STATUS t=281s delta=-0.0204% dir=down agree=True chain=69808.23 bin=69820.22 open=69822.45 obi=-0.9948 ask_up=0.99 ask_dn=0.99 bid_up=0.01 bid_dn=0.01 halted=False[0m
[2m2026-04-07 21:20:49.541 [INFO] __main__: STATUS t=250s delta=-0.0203% dir=down agree=True chain=69808.25 bin=69820.26 open=69822.45 obi=-0.9311 ask_up=0.41 ask_dn=0.60 bid_up=0.40 bid_dn=0.59 halted=False[0m
[2m2026-04-07 21:21:19.636 [INFO] __main__: STATUS t=220s delta=-0.0278% dir=down agree=True chain=69803.06 bin=69817.82 open=69822.45 obi=0.8423 ask_up=0.39 ask_dn=0.62 bid_up=0.38 bid_dn=0.61 halted=False[0m
[2m2026-04-07 21:21:49.717 [INFO] __main__: STATUS t=190s delta=-0.0618% dir=down agree=True chain=69779.32 bin=69807.78 open=69822.45 obi=-0.0655 ask_up=0.33 ask_dn=0.71 bid_up=0.29 bid_dn=0.67 halted=False[0m
[2m2026-04-07 21:22:19.803 [INFO] __main__: STATUS t=160s delta=-0.0364% dir=down agree=True chain=69797.00 bin=69809.99 open=69822.45 obi=0.9405 ask_up=0.35 ask_dn=0.66 bid_up=0.34 bid_dn=0.65 halted=False[0m
[37m2026-04-07 21:22:20.056 [INFO] strategy.momentum_signal: [SKIP] rank=1 side=up reason=conditions_not_met latest_pct=-0.0178 need=>=0.07 stddev=0.0147 max_var=0.050[0m
[2m2026-04-07 21:22:49.887 [INFO] __main__: STATUS t=130s delta=0.0156% dir=up agree=True chain=69833.38 bin=69847.35 open=69822.45 obi=0.5736 ask_up=0.53 ask_dn=0.48 bid_up=0.52 bid_dn=0.47 halted=False[0m
[2m2026-04-07 21:23:19.975 [INFO] __main__: STATUS t=100s delta=-0.0068% dir=down agree=False chain=69817.71 bin=69830.23 open=69822.45 obi=0.2880 ask_up=0.40 ask_dn=0.62 bid_up=0.38 bid_dn=0.60 halted=False[0m
[2m2026-04-07 21:23:50.065 [INFO] __main__: STATUS t=70s delta=-0.0189% dir=down agree=True chain=69809.26 bin=69821.43 open=69822.45 obi=-0.0155 ask_up=0.36 ask_dn=0.65 bid_up=0.35 bid_dn=0.64 halted=False[0m
[2m2026-04-07 21:24:20.153 [INFO] __main__: STATUS t=40s delta=-0.1014% dir=down agree=True chain=69751.64 bin=69758.14 open=69822.45 obi=-0.9207 ask_up=0.04 ask_dn=0.97 bid_up=0.03 bid_dn=0.96 halted=False[0m
[2m2026-04-07 21:24:50.252 [INFO] __main__: STATUS t=10s delta=-0.1435% dir=down agree=True chain=69722.27 bin=69734.53 open=69822.45 obi=-0.9758 ask_up=0.01 ask_dn=1.00 bid_up=0.01 bid_dn=0.99 halted=False[0m
[37m2026-04-07 21:25:00.039 [INFO] execution.paper_trading: paper window_ts=1775596800 [SKIP] pnl=0.0000 direction=down outcome=down - balance=$947.09 bid_up=0.01 ask_up=0.01 bid_dn=0.99 ask_dn=1.00[0m
[93m[1m2026-04-07 21:25:00.039 [INFO] risk.position_tracker: WINDOW_SUMMARY window_pnl=$0.0000 session_pnl=$-52.9070 won=$21.0455 lost=$73.9525 wr=50.0% (3/6) consec_losses=1[0m
[37m2026-04-07 21:25:00.041 [INFO] __main__: WINDOW_DECISION [SKIP] rank=1 side=up pnl=$0.0000 entry=0.00 size=$0.00 (conditions not met)[0m
[96m[1m2026-04-07 21:25:00.048 [INFO] strategy.window_tracker: new window: btc-updown-5m-1775597100 (ts=1775597100)[0m
[96m2026-04-07 21:25:00.154 [INFO] __main__: REGIME vol_stddev=0.229% chop_flips=2.7 sprt=dormant llr=0.00 age=7w bankroll=$946.37[0m
[96m2026-04-07 21:25:00.154 [INFO] __main__: KELLY wr_adj=82.5% base=93.0% vol_disc=7.5% chop_disc=0.0% feedback=+0.0%[0m
[96m2026-04-07 21:25:00.155 [INFO] __main__: window open price captured: 69728.91 (chainlink)[0m
2026-04-07 21:25:00.456 [INFO] market_data.clob_market_ws: CLOB market subscribed for tokens up=822980204431 down=146521789433
[2m2026-04-07 21:25:20.467 [INFO] __main__: STATUS t=280s delta=-0.0045% dir=down agree=False chain=69725.79 bin=69735.85 open=69728.91 obi=0.4494 ask_up=0.45 ask_dn=0.56 bid_up=0.44 bid_dn=0.55 halted=False[0m
[2m2026-04-07 21:25:50.553 [INFO] __main__: STATUS t=249s delta=-0.0309% dir=down agree=True chain=69707.37 bin=69717.56 open=69728.91 obi=-0.8650 ask_up=0.37 ask_dn=0.64 bid_up=0.36 bid_dn=0.63 halted=False[0m
[2m2026-04-07 21:26:20.646 [INFO] __main__: STATUS t=219s delta=-0.0867% dir=down agree=True chain=69668.48 bin=69671.90 open=69728.91 obi=-0.3716 ask_up=0.21 ask_dn=0.80 bid_up=0.20 bid_dn=0.79 halted=False[0m
[2m2026-04-07 21:26:50.726 [INFO] __main__: STATUS t=189s delta=-0.1584% dir=down agree=True chain=69618.45 bin=69632.21 open=69728.91 obi=0.0465 ask_up=0.10 ask_dn=0.91 bid_up=0.09 bid_dn=0.90 halted=False[0m
[37m2026-04-07 21:27:20.090 [INFO] strategy.momentum_signal: [SKIP] rank=1 side=up reason=conditions_not_met latest_pct=-0.1526 need=>=0.07 stddev=0.0679 max_var=0.050[0m
[2m2026-04-07 21:27:20.843 [INFO] __main__: STATUS t=159s delta=-0.1706% dir=down agree=True chain=69609.98 bin=69622.51 open=69728.91 obi=0.5585 ask_up=0.07 ask_dn=0.94 bid_up=0.06 bid_dn=0.93 halted=False[0m
[2m2026-04-07 21:27:50.928 [INFO] __main__: STATUS t=129s delta=-0.2702% dir=down agree=True chain=69540.51 bin=69550.00 open=69728.91 obi=0.4857 ask_up=0.03 ask_dn=0.98 bid_up=0.02 bid_dn=0.97 halted=False[0m
[2m2026-04-07 21:28:21.029 [INFO] __main__: STATUS t=99s delta=-0.3436% dir=down agree=True chain=69489.29 bin=69500.01 open=69728.91 obi=-0.4865 ask_up=0.01 ask_dn=1.00 bid_up=0.01 bid_dn=0.99 halted=False[0m
[2m2026-04-07 21:28:51.131 [INFO] __main__: STATUS t=69s delta=-0.2970% dir=down agree=True chain=69521.80 bin=69534.34 open=69728.91 obi=0.0442 ask_up=0.01 ask_dn=1.00 bid_up=0.01 bid_dn=0.99 halted=False[0m
[2m2026-04-07 21:29:21.229 [INFO] __main__: STATUS t=39s delta=-0.2587% dir=down agree=True chain=69548.55 bin=69563.83 open=69728.91 obi=0.1750 ask_up=0.01 ask_dn=1.00 bid_up=0.01 bid_dn=0.99 halted=False[0m
[2m2026-04-07 21:29:51.324 [INFO] __main__: STATUS t=9s delta=-0.2178% dir=down agree=True chain=69577.06 bin=69591.76 open=69728.91 obi=0.7894 ask_up=0.01 ask_dn=1.00 bid_up=0.01 bid_dn=0.99 halted=False[0m
[37m2026-04-07 21:30:00.101 [INFO] execution.paper_trading: paper window_ts=1775597100 [SKIP] pnl=0.0000 direction=down outcome=down - balance=$947.09 bid_up=0.01 ask_up=0.01 bid_dn=0.99 ask_dn=1.00[0m
[93m[1m2026-04-07 21:30:00.101 [INFO] risk.position_tracker: WINDOW_SUMMARY window_pnl=$0.0000 session_pnl=$-52.9070 won=$21.0455 lost=$73.9525 wr=50.0% (3/6) consec_losses=1[0m
[96m2026-04-07 21:30:00.110 [INFO] __main__: REGIME chop_detected flips=5 delta_range=0.3602% avg_flips=3.2 over=6_windows[0m
[37m2026-04-07 21:30:00.111 [INFO] __main__: WINDOW_DECISION [SKIP] rank=1 side=up pnl=$0.0000 entry=0.00 size=$0.00 (conditions not met)[0m
[96m[1m2026-04-07 21:30:00.111 [INFO] strategy.window_tracker: new window: btc-updown-5m-1775597400 (ts=1775597400)[0m
[96m2026-04-07 21:30:00.279 [INFO] __main__: REGIME vol_stddev=0.234% chop_flips=3.2 sprt=dormant llr=0.00 age=8w bankroll=$946.37[0m
[96m2026-04-07 21:30:00.280 [INFO] __main__: KELLY wr_adj=81.9% base=93.0% vol_disc=7.5% chop_disc=0.6% feedback=+0.0%[0m
[96m2026-04-07 21:30:00.280 [INFO] __main__: window open price captured: 69577.86 (chainlink)[0m
2026-04-07 21:30:00.663 [INFO] market_data.clob_market_ws: CLOB market subscribed for tokens up=807783333010 down=364395779348
[2m2026-04-07 21:30:21.346 [INFO] __main__: STATUS t=279s delta=0.0601% dir=up agree=True chain=69619.66 bin=69643.05 open=69577.86 obi=0.9965 ask_up=0.68 ask_dn=0.33 bid_up=0.67 bid_dn=0.32 halted=False[0m
[2m2026-04-07 21:30:51.436 [INFO] __main__: STATUS t=249s delta=0.0555% dir=up agree=True chain=69616.46 bin=69618.54 open=69577.86 obi=-0.9973 ask_up=0.66 ask_dn=0.35 bid_up=0.65 bid_dn=0.34 halted=False[0m
[2m2026-04-07 21:31:21.529 [INFO] __main__: STATUS t=218s delta=0.1020% dir=up agree=True chain=69648.81 bin=69666.09 open=69577.86 obi=0.9739 ask_up=0.82 ask_dn=0.20 bid_up=0.80 bid_dn=0.18 halted=False[0m
[2m2026-04-07 21:31:51.622 [INFO] __main__: STATUS t=188s delta=0.1200% dir=up agree=True chain=69661.33 bin=69673.32 open=69577.86 obi=-0.9395 ask_up=0.85 ask_dn=0.16 bid_up=0.84 bid_dn=0.15 halted=False[0m
[37m2026-04-07 21:32:20.209 [INFO] strategy.momentum_signal: [SKIP] rank=1 side=up reason=KELLY_NO_EDGE p_adj=0.819 entry=0.95 raw_f=-2.629[0m
[2m2026-04-07 21:32:21.713 [INFO] __main__: STATUS t=158s delta=0.1638% dir=up agree=True chain=69691.84 bin=69702.00 open=69577.86 obi=0.9681 ask_up=0.95 ask_dn=0.06 bid_up=0.94 bid_dn=0.05 halted=False[0m
[2m2026-04-07 21:32:51.805 [INFO] __main__: STATUS t=128s delta=0.1681% dir=up agree=True chain=69694.80 bin=69709.56 open=69577.86 obi=-0.9111 ask_up=0.96 ask_dn=0.05 bid_up=0.95 bid_dn=0.04 halted=False[0m
[2m2026-04-07 21:33:21.909 [INFO] __main__: STATUS t=98s delta=0.1665% dir=up agree=True chain=69693.69 bin=69709.56 open=69577.86 obi=-0.9167 ask_up=0.98 ask_dn=0.03 bid_up=0.97 bid_dn=0.02 halted=False[0m
2026-04-07 21:33:41.263 [INFO] shared.ipc: IPC: received authenticated signal_update (summary=signals_summary_1775597620.json)
2026-04-07 21:33:41.263 [INFO] __main__: received new signal from orchestrator: rank=1 side=Up
[2m2026-04-07 21:33:51.996 [INFO] __main__: STATUS t=68s delta=0.1506% dir=up agree=True chain=69682.67 bin=69692.38 open=69577.86 obi=-0.8573 ask_up=0.99 ask_dn=0.02 bid_up=0.98 bid_dn=0.01 halted=False[0m
[2m2026-04-07 21:34:22.091 [INFO] __main__: STATUS t=38s delta=0.1390% dir=up agree=True chain=69674.59 bin=69683.50 open=69577.86 obi=-0.5328 ask_up=1.00 ask_dn=0.01 bid_up=0.99 bid_dn=0.01 halted=False[0m
[2m2026-04-07 21:34:52.189 [INFO] __main__: STATUS t=8s delta=0.1057% dir=up agree=True chain=69651.39 bin=69663.83 open=69577.86 obi=0.9914 ask_up=1.00 ask_dn=0.01 bid_up=0.99 bid_dn=0.01 halted=False[0m
[37m2026-04-07 21:35:00.222 [INFO] execution.paper_trading: paper window_ts=1775597400 [SKIP] pnl=0.0000 direction=up outcome=up - balance=$947.09 bid_up=0.99 ask_up=1.00 bid_dn=0.01 ask_dn=0.01[0m
[93m[1m2026-04-07 21:35:00.222 [INFO] risk.position_tracker: WINDOW_SUMMARY window_pnl=$0.0000 session_pnl=$-52.9070 won=$21.0455 lost=$73.9525 wr=50.0% (3/6) consec_losses=1[0m
[37m2026-04-07 21:35:00.224 [INFO] __main__: WINDOW_DECISION [SKIP] rank=1 side=up pnl=$0.0000 entry=0.00 size=$0.00 (conditions not met)[0m
[95m2026-04-07 21:35:00.224 [INFO] __main__: Signal refreshed (same pattern): up_280.0_160.0_0.07_0.05 — rank 1->1, keeping SPRT state (age=9w, trades=0, LLR=0.00)[0m
2026-04-07 21:35:00.224 [INFO] __main__: SIGNAL_SWAP_ACTIVE: {"rank":1,"side":"up","observeFromS":280.0,"observeToS":160.0,"minDeltaPct":0.07,"maxVariancePct":0.05,"trainWinRatePct":90.91,"oosWinRatePct":92.86,"oosBhAdjustedPValue":1.90698e-13,"oosMatches":56,"avgEntryPrice":0.8654,"evPerTrade":0.0332,"smartScore":28.79,"wfFoldsAppeared":6,"wfTotalTestFolds":6,"wfFoldIndices":[2,3,4,5,6,7]}
2026-04-07 21:35:00.225 [INFO] __main__: switched to new signal: #1 up (previous: #1 up)
[96m[1m2026-04-07 21:35:00.225 [INFO] strategy.window_tracker: new window: btc-updown-5m-1775597700 (ts=1775597700)[0m
[96m2026-04-07 21:35:00.280 [INFO] __main__: REGIME vol_stddev=0.232% chop_flips=3.3 sprt=dormant llr=0.00 age=9w bankroll=$946.37[0m
[96m2026-04-07 21:35:00.280 [INFO] __main__: KELLY wr_adj=81.1% base=92.9% vol_disc=7.5% chop_disc=1.3% feedback=+0.0%[0m
[96m2026-04-07 21:35:00.280 [INFO] __main__: window open price captured: 69664.76 (chainlink)[0m
2026-04-07 21:35:00.870 [INFO] market_data.clob_market_ws: CLOB market subscribed for tokens up=276453280345 down=594635127650
[2m2026-04-07 21:35:22.349 [INFO] __main__: STATUS t=278s delta=0.0199% dir=up agree=True chain=69678.66 bin=69692.05 open=69664.76 obi=0.9301 ask_up=0.57 ask_dn=0.44 bid_up=0.56 bid_dn=0.43 halted=False[0m
[2m2026-04-07 21:35:52.434 [INFO] __main__: STATUS t=248s delta=0.0967% dir=up agree=True chain=69732.14 bin=69749.99 open=69664.76 obi=0.9880 ask_up=0.84 ask_dn=0.17 bid_up=0.83 bid_dn=0.16 halted=False[0m
[2m2026-04-07 21:36:22.533 [INFO] __main__: STATUS t=217s delta=0.1216% dir=up agree=True chain=69749.48 bin=69759.99 open=69664.76 obi=0.9562 ask_up=0.88 ask_dn=0.13 bid_up=0.87 bid_dn=0.12 halted=False[0m
[2m2026-04-07 21:36:52.623 [INFO] __main__: STATUS t=187s delta=0.0670% dir=up agree=True chain=69711.45 bin=69720.08 open=69664.76 obi=-0.5465 ask_up=0.74 ask_dn=0.27 bid_up=0.73 bid_dn=0.26 halted=False[0m
[37m2026-04-07 21:37:20.228 [INFO] strategy.momentum_signal: [SKIP] rank=1 side=up reason=conditions_not_met latest_pct=0.0125 need=>=0.07 stddev=0.0318 max_var=0.050[0m
[2m2026-04-07 21:37:22.734 [INFO] __main__: STATUS t=157s delta=-0.0016% dir=down agree=False chain=69663.64 bin=69673.43 open=69664.76 obi=0.1478 ask_up=0.52 ask_dn=0.49 bid_up=0.51 bid_dn=0.48 halted=False[0m
[2m2026-04-07 21:37:52.824 [INFO] __main__: STATUS t=127s delta=0.0914% dir=up agree=True chain=69728.41 bin=69740.02 open=69664.76 obi=-0.9367 ask_up=0.82 ask_dn=0.19 bid_up=0.81 bid_dn=0.18 halted=False[0m
[2m2026-04-07 21:38:22.914 [INFO] __main__: STATUS t=97s delta=0.0844% dir=up agree=True chain=69723.53 bin=69738.24 open=69664.76 obi=-0.8981 ask_up=0.84 ask_dn=0.17 bid_up=0.83 bid_dn=0.16 halted=False[0m
[2m2026-04-07 21:38:53.000 [INFO] __main__: STATUS t=67s delta=0.1049% dir=up agree=True chain=69737.83 bin=69749.94 open=69664.76 obi=0.9740 ask_up=0.95 ask_dn=0.06 bid_up=0.94 bid_dn=0.05 halted=False[0m
[2m2026-04-07 21:39:23.092 [INFO] __main__: STATUS t=37s delta=0.1406% dir=up agree=True chain=69762.73 bin=69769.07 open=69664.76 obi=0.7611 ask_up=1.00 ask_dn=0.01 bid_up=0.99 bid_dn=0.01 halted=False[0m
[2m2026-04-07 21:39:53.197 [INFO] __main__: STATUS t=7s delta=0.2704% dir=up agree=True chain=69853.16 bin=69856.60 open=69664.76 obi=0.1456 ask_up=1.00 ask_dn=0.01 bid_up=0.99 bid_dn=0.01 halted=False[0m
[37m2026-04-07 21:40:00.221 [INFO] execution.paper_trading: paper window_ts=1775597700 [SKIP] pnl=0.0000 direction=up outcome=up - balance=$947.09 bid_up=0.99 ask_up=1.00 bid_dn=0.01 ask_dn=0.01[0m
[93m[1m2026-04-07 21:40:00.221 [INFO] risk.position_tracker: WINDOW_SUMMARY window_pnl=$0.0000 session_pnl=$-52.9070 won=$21.0455 lost=$73.9525 wr=50.0% (3/6) consec_losses=1[0m
[96m2026-04-07 21:40:00.223 [INFO] __main__: REGIME chop_detected flips=4 delta_range=0.2906% avg_flips=3.7 over=6_windows[0m
[37m2026-04-07 21:40:00.223 [INFO] __main__: WINDOW_DECISION [SKIP] rank=1 side=up pnl=$0.0000 entry=0.00 size=$0.00 (conditions not met)[0m
[96m[1m2026-04-07 21:40:00.223 [INFO] strategy.window_tracker: new window: btc-updown-5m-1775598000 (ts=1775598000)[0m
[96m2026-04-07 21:40:00.304 [INFO] __main__: REGIME vol_stddev=0.235% chop_flips=3.7 sprt=dormant llr=0.00 age=10w bankroll=$946.37[0m
[96m2026-04-07 21:40:00.304 [INFO] __main__: KELLY wr_adj=79.9% base=92.9% vol_disc=7.5% chop_disc=2.5% feedback=+0.0%[0m
[96m2026-04-07 21:40:00.304 [INFO] __main__: window open price captured: 69862.10 (chainlink)[0m
2026-04-07 21:40:01.096 [INFO] market_data.clob_market_ws: CLOB market subscribed for tokens up=530496506859 down=400311996109
[2m2026-04-07 21:40:23.382 [INFO] __main__: STATUS t=277s delta=-0.1066% dir=down agree=True chain=69787.60 bin=69779.61 open=69862.10 obi=-0.9506 ask_up=0.99 ask_dn=0.99 bid_up=0.01 bid_dn=0.01 halted=False[0m
[2m2026-04-07 21:40:53.473 [INFO] __main__: STATUS t=247s delta=-0.0876% dir=down agree=True chain=69800.92 bin=69804.16 open=69862.10 obi=-0.9852 ask_up=0.27 ask_dn=0.74 bid_up=0.26 bid_dn=0.73 halted=False[0m
[2m2026-04-07 21:41:23.572 [INFO] __main__: STATUS t=216s delta=-0.0333% dir=down agree=True chain=69838.84 bin=69842.75 open=69862.10 obi=0.1190 ask_up=0.37 ask_dn=0.64 bid_up=0.36 bid_dn=0.63 halted=False[0m
[2m2026-04-07 21:41:53.658 [INFO] __main__: STATUS t=186s delta=-0.0390% dir=down agree=True chain=69834.88 bin=69842.75 open=69862.10 obi=0.0570 ask_up=0.36 ask_dn=0.65 bid_up=0.35 bid_dn=0.64 halted=False[0m
[37m2026-04-07 21:42:20.035 [INFO] strategy.momentum_signal: [SKIP] rank=1 side=up reason=conditions_not_met latest_pct=-0.0159 need=>=0.07 stddev=0.0278 max_var=0.050[0m
[2m2026-04-07 21:42:23.795 [INFO] __main__: STATUS t=156s delta=-0.0321% dir=down agree=True chain=69839.65 bin=69851.01 open=69862.10 obi=0.0726 ask_up=0.38 ask_dn=0.63 bid_up=0.37 bid_dn=0.62 halted=False[0m
[2m2026-04-07 21:42:53.884 [INFO] __main__: STATUS t=126s delta=-0.0283% dir=down agree=True chain=69842.35 bin=69852.46 open=69862.10 obi=0.7950 ask_up=0.37 ask_dn=0.64 bid_up=0.36 bid_dn=0.63 halted=False[0m
[2m2026-04-07 21:43:23.976 [INFO] __main__: STATUS t=96s delta=-0.0697% dir=down agree=True chain=69813.43 bin=69835.79 open=69862.10 obi=0.8874 ask_up=0.99 ask_dn=0.99 bid_up=0.01 bid_dn=0.01 halted=False[0m
[2m2026-04-07 21:43:54.064 [INFO] __main__: STATUS t=66s delta=-0.0085% dir=down agree=False chain=69856.15 bin=69873.24 open=69862.10 obi=0.4740 ask_up=0.48 ask_dn=0.53 bid_up=0.47 bid_dn=0.52 halted=False[0m
[2m2026-04-07 21:44:24.150 [INFO] __main__: STATUS t=36s delta=-0.0104% dir=down agree=True chain=69854.81 bin=69856.25 open=69862.10 obi=-0.9491 ask_up=0.29 ask_dn=0.72 bid_up=0.28 bid_dn=0.71 halted=False[0m
[2m2026-04-07 21:44:54.238 [INFO] __main__: STATUS t=6s delta=0.0495% dir=up agree=True chain=69896.70 bin=69902.82 open=69862.10 obi=-0.9750 ask_up=0.92 ask_dn=0.09 bid_up=0.91 bid_dn=0.08 halted=False[0m
[37m2026-04-07 21:45:00.013 [INFO] execution.paper_trading: paper window_ts=1775598000 [SKIP] pnl=0.0000 direction=up outcome=up - balance=$947.09 bid_up=0.99 ask_up=1.00 bid_dn=0.01 ask_dn=0.01[0m
[93m[1m2026-04-07 21:45:00.013 [INFO] risk.position_tracker: WINDOW_SUMMARY window_pnl=$0.0000 session_pnl=$-52.9070 won=$21.0455 lost=$73.9525 wr=50.0% (3/6) consec_losses=1[0m
[96m2026-04-07 21:45:00.026 [INFO] __main__: REGIME chop_detected flips=9 delta_range=0.1951% avg_flips=5.0 over=6_windows[0m
[37m2026-04-07 21:45:00.026 [INFO] __main__: WINDOW_DECISION [SKIP] rank=1 side=up pnl=$0.0000 entry=0.00 size=$0.00 (conditions not met)[0m
[96m[1m2026-04-07 21:45:00.026 [INFO] strategy.window_tracker: new window: btc-updown-5m-1775598300 (ts=1775598300)[0m
[96m2026-04-07 21:45:00.152 [INFO] __main__: REGIME vol_stddev=0.235% chop_flips=5.0 sprt=dormant llr=0.00 age=11w bankroll=$946.37[0m
[96m2026-04-07 21:45:00.152 [INFO] __main__: KELLY wr_adj=74.9% base=92.9% vol_disc=7.5% chop_disc=7.5% feedback=+0.0%[0m
[96m2026-04-07 21:45:00.152 [INFO] __main__: window open price captured: 69899.04 (chainlink)[0m
2026-04-07 21:45:00.301 [INFO] market_data.clob_market_ws: CLOB market subscribed for tokens up=878338781954 down=464746572748
[2m2026-04-07 21:45:24.482 [INFO] __main__: STATUS t=276s delta=0.0184% dir=up agree=True chain=69911.91 bin=69923.43 open=69899.04 obi=0.4209 ask_up=0.54 ask_dn=0.47 bid_up=0.53 bid_dn=0.46 halted=False[0m
[2m2026-04-07 21:45:54.574 [INFO] __main__: STATUS t=245s delta=0.0975% dir=up agree=True chain=69967.22 bin=69980.54 open=69899.04 obi=0.9175 ask_up=0.77 ask_dn=0.24 bid_up=0.76 bid_dn=0.23 halted=False[0m
[2m2026-04-07 21:46:24.708 [INFO] __main__: STATUS t=215s delta=0.1966% dir=up agree=True chain=70036.47 bin=70064.59 open=69899.04 obi=0.9837 ask_up=0.95 ask_dn=0.06 bid_up=0.94 bid_dn=0.05 halted=False[0m
[2m2026-04-07 21:46:54.793 [INFO] __main__: STATUS t=185s delta=0.2083% dir=up agree=True chain=70044.64 bin=70047.05 open=69899.04 obi=-0.9865 ask_up=0.93 ask_dn=0.08 bid_up=0.92 bid_dn=0.07 halted=False[0m
[37m2026-04-07 21:47:20.123 [INFO] strategy.momentum_signal: [SKIP] rank=1 side=up reason=conditions_not_met latest_pct=0.0723 need=>=0.07 stddev=0.0657 max_var=0.050[0m
[2m2026-04-07 21:47:24.891 [INFO] __main__: STATUS t=155s delta=0.0003% dir=up agree=True chain=69899.28 bin=69913.28 open=69899.04 obi=0.9686 ask_up=0.53 ask_dn=0.48 bid_up=0.52 bid_dn=0.47 halted=False[0m
[2m2026-04-07 21:47:54.982 [INFO] __main__: STATUS t=125s delta=-0.0056% dir=down agree=False chain=69895.13 bin=69904.79 open=69899.04 obi=0.9783 ask_up=0.52 ask_dn=0.49 bid_up=0.51 bid_dn=0.48 halted=False[0m
[2m2026-04-07 21:48:25.080 [INFO] __main__: STATUS t=95s delta=0.0320% dir=up agree=False chain=69921.42 bin=69898.42 open=69899.04 obi=-0.9906 ask_up=0.70 ask_dn=0.31 bid_up=0.69 bid_dn=0.30 halted=False[0m
[2m2026-04-07 21:48:55.161 [INFO] __main__: STATUS t=65s delta=-0.0064% dir=down agree=False chain=69894.56 bin=69907.12 open=69899.04 obi=-0.8829 ask_up=0.48 ask_dn=0.53 bid_up=0.47 bid_dn=0.52 halted=False[0m
2026-04-07 21:48:55.567 [INFO] shared.ipc: IPC: received authenticated signal_update (summary=signals_summary_1775598535.json)
2026-04-07 21:48:55.567 [INFO] __main__: received new signal from orchestrator: rank=1 side=Up
[2m2026-04-07 21:49:25.254 [INFO] __main__: STATUS t=35s delta=-0.0828% dir=down agree=True chain=69841.13 bin=69851.22 open=69899.04 obi=-0.2577 ask_up=0.08 ask_dn=0.93 bid_up=0.07 bid_dn=0.92 halted=False[0m
[2m2026-04-07 21:49:55.350 [INFO] __main__: STATUS t=5s delta=-0.0785% dir=down agree=True chain=69844.17 bin=69844.00 open=69899.04 obi=-0.4615 ask_up=0.01 ask_dn=1.00 bid_up=0.01 bid_dn=0.99 halted=False[0m
[37m2026-04-07 21:50:00.117 [INFO] execution.paper_trading: paper window_ts=1775598300 [SKIP] pnl=0.0000 direction=down outcome=down - balance=$947.09 bid_up=0.01 ask_up=0.01 bid_dn=0.99 ask_dn=1.00[0m
[93m[1m2026-04-07 21:50:00.117 [INFO] risk.position_tracker: WINDOW_SUMMARY window_pnl=$0.0000 session_pnl=$-52.9070 won=$21.0455 lost=$73.9525 wr=50.0% (3/6) consec_losses=1[0m
[96m2026-04-07 21:50:00.119 [INFO] __main__: REGIME chop_detected flips=17 delta_range=0.3724% avg_flips=6.5 over=6_windows[0m
[37m2026-04-07 21:50:00.119 [INFO] __main__: WINDOW_DECISION [SKIP] rank=1 side=up pnl=$0.0000 entry=0.00 size=$0.00 (conditions not met)[0m
[95m2026-04-07 21:50:00.119 [INFO] __main__: Signal refreshed (same pattern): up_280.0_160.0_0.07_0.05 — rank 1->1, keeping SPRT state (age=12w, trades=0, LLR=0.00)[0m
2026-04-07 21:50:00.119 [INFO] __main__: SIGNAL_SWAP_ACTIVE: {"rank":1,"side":"up","observeFromS":280.0,"observeToS":160.0,"minDeltaPct":0.07,"maxVariancePct":0.05,"trainWinRatePct":91.14,"oosWinRatePct":92.73,"oosBhAdjustedPValue":1.5668e-13,"oosMatches":55,"avgEntryPrice":0.864,"evPerTrade":0.0333,"smartScore":28.52,"wfFoldsAppeared":6,"wfTotalTestFolds":6,"wfFoldIndices":[2,3,4,5,6,7]}
2026-04-07 21:50:00.120 [INFO] __main__: switched to new signal: #1 up (previous: #1 up)
[96m[1m2026-04-07 21:50:00.120 [INFO] strategy.window_tracker: new window: btc-updown-5m-1775598600 (ts=1775598600)[0m
[96m2026-04-07 21:50:00.182 [INFO] __main__: REGIME vol_stddev=0.224% chop_flips=6.5 sprt=dormant llr=0.00 age=12w bankroll=$946.37[0m
[96m2026-04-07 21:50:00.183 [INFO] __main__: KELLY wr_adj=74.7% base=92.7% vol_disc=7.5% chop_disc=7.5% feedback=+0.0%[0m
[96m2026-04-07 21:50:00.183 [INFO] __main__: window open price captured: 69838.89 (chainlink)[0m
2026-04-07 21:50:00.511 [INFO] market_data.clob_market_ws: CLOB market subscribed for tokens up=223611371963 down=938816999041
[2m2026-04-07 21:50:25.527 [INFO] __main__: STATUS t=274s delta=0.0413% dir=up agree=True chain=69867.74 bin=69878.04 open=69838.89 obi=0.9299 ask_up=0.99 ask_dn=0.43 bid_up=0.01 bid_dn=0.41 halted=False[0m
[2m2026-04-07 21:50:55.611 [INFO] __main__: STATUS t=244s delta=0.0617% dir=up agree=True chain=69882.01 bin=69884.53 open=69838.89 obi=-0.9934 ask_up=0.62 ask_dn=0.39 bid_up=0.61 bid_dn=0.38 halted=False[0m
[2m2026-04-07 21:51:25.709 [INFO] __main__: STATUS t=214s delta=0.1590% dir=up agree=True chain=69949.96 bin=69967.06 open=69838.89 obi=-0.1986 ask_up=0.85 ask_dn=0.16 bid_up=0.84 bid_dn=0.15 halted=False[0m
[2m2026-04-07 21:51:55.799 [INFO] __main__: STATUS t=184s delta=0.1634% dir=up agree=True chain=69953.04 bin=69960.72 open=69838.89 obi=-0.7042 ask_up=0.85 ask_dn=0.16 bid_up=0.84 bid_dn=0.15 halted=False[0m
[37m2026-04-07 21:52:20.131 [INFO] strategy.momentum_signal: [SKIP] rank=1 side=up reason=conditions_not_met latest_pct=0.2362 need=>=0.07 stddev=0.0618 max_var=0.050[0m
[2m2026-04-07 21:52:25.896 [INFO] __main__: STATUS t=154s delta=0.2152% dir=up agree=True chain=69989.18 bin=70000.00 open=69838.89 obi=0.1712 ask_up=0.93 ask_dn=0.08 bid_up=0.92 bid_dn=0.07 halted=False[0m
[2m2026-04-07 21:52:55.989 [INFO] __main__: STATUS t=124s delta=0.2093% dir=up agree=True chain=69985.04 bin=70001.47 open=69838.89 obi=-0.9351 ask_up=0.96 ask_dn=0.05 bid_up=0.95 bid_dn=0.04 halted=False[0m
[2m2026-04-07 21:53:26.099 [INFO] __main__: STATUS t=94s delta=0.2422% dir=up agree=True chain=70008.03 bin=70016.94 open=69838.89 obi=-0.9191 ask_up=1.00 ask_dn=0.01 bid_up=0.99 bid_dn=0.01 halted=False[0m
[2m2026-04-07 21:53:56.195 [INFO] __main__: STATUS t=64s delta=0.2145% dir=up agree=True chain=69988.71 bin=70000.01 open=69838.89 obi=-0.9029 ask_up=1.00 ask_dn=0.01 bid_up=0.99 bid_dn=0.01 halted=False[0m
[2m2026-04-07 21:54:26.299 [INFO] __main__: STATUS t=34s delta=0.2219% dir=up agree=True chain=69993.89 bin=70000.01 open=69838.89 obi=-0.9633 ask_up=1.00 ask_dn=0.01 bid_up=0.99 bid_dn=0.01 halted=False[0m
[2m2026-04-07 21:54:56.405 [INFO] __main__: STATUS t=4s delta=0.1591% dir=up agree=True chain=69949.99 bin=69962.04 open=69838.89 obi=-0.9212 ask_up=1.00 ask_dn=0.01 bid_up=0.99 bid_dn=0.01 halted=False[0m
[37m2026-04-07 21:55:00.166 [INFO] execution.paper_trading: paper window_ts=1775598600 [SKIP] pnl=0.0000 direction=up outcome=up - balance=$947.09 bid_up=0.99 ask_up=1.00 bid_dn=0.01 ask_dn=0.01[0m
[93m[1m2026-04-07 21:55:00.167 [INFO] risk.position_tracker: WINDOW_SUMMARY window_pnl=$0.0000 session_pnl=$-52.9070 won=$21.0455 lost=$73.9525 wr=50.0% (3/6) consec_losses=1[0m
[37m2026-04-07 21:55:00.175 [INFO] __main__: WINDOW_DECISION [SKIP] rank=1 side=up pnl=$0.0000 entry=0.00 size=$0.00 (conditions not met)[0m
[96m[1m2026-04-07 21:55:00.176 [INFO] strategy.window_tracker: new window: btc-updown-5m-1775598900 (ts=1775598900)[0m
[96m2026-04-07 21:55:00.233 [INFO] __main__: REGIME vol_stddev=0.219% chop_flips=6.2 sprt=dormant llr=0.00 age=13w bankroll=$946.37[0m
[96m2026-04-07 21:55:00.233 [INFO] __main__: KELLY wr_adj=74.7% base=92.7% vol_disc=7.5% chop_disc=7.5% feedback=+0.0%[0m
[96m2026-04-07 21:55:00.233 [INFO] __main__: window open price captured: 69948.40 (chainlink)[0m
2026-04-07 21:55:00.746 [INFO] market_data.clob_market_ws: CLOB market subscribed for tokens up=575891562557 down=481241594773
[2m2026-04-07 21:55:26.569 [INFO] __main__: STATUS t=273s delta=-0.0456% dir=down agree=True chain=69916.51 bin=69912.88 open=69948.40 obi=-0.9909 ask_up=0.35 ask_dn=0.66 bid_up=0.34 bid_dn=0.65 halted=False[0m
[2m2026-04-07 21:55:56.655 [INFO] __main__: STATUS t=243s delta=-0.0974% dir=down agree=True chain=69880.25 bin=69894.76 open=69948.40 obi=-0.1502 ask_up=0.24 ask_dn=0.77 bid_up=0.23 bid_dn=0.76 halted=False[0m
[2m2026-04-07 21:56:26.756 [INFO] __main__: STATUS t=213s delta=-0.1048% dir=down agree=True chain=69875.09 bin=69885.90 open=69948.40 obi=-0.9911 ask_up=0.19 ask_dn=0.82 bid_up=0.18 bid_dn=0.81 halted=False[0m
[2m2026-04-07 21:56:56.849 [INFO] __main__: STATUS t=183s delta=-0.0805% dir=down agree=True chain=69892.11 bin=69904.78 open=69948.40 obi=-0.8902 ask_up=0.24 ask_dn=0.77 bid_up=0.23 bid_dn=0.76 halted=False[0m
[37m2026-04-07 21:57:20.172 [INFO] strategy.momentum_signal: [SKIP] rank=1 side=up reason=conditions_not_met latest_pct=-0.0623 need=>=0.07 stddev=0.0197 max_var=0.050[0m
[2m2026-04-07 21:57:26.940 [INFO] __main__: STATUS t=153s delta=-0.0774% dir=down agree=True chain=69894.28 bin=69904.79 open=69948.40 obi=-0.9113 ask_up=0.21 ask_dn=0.80 bid_up=0.20 bid_dn=0.79 halted=False[0m
[2m2026-04-07 21:57:57.030 [INFO] __main__: STATUS t=123s delta=-0.0762% dir=down agree=True chain=69895.13 bin=69904.77 open=69948.40 obi=-0.8860 ask_up=0.16 ask_dn=0.85 bid_up=0.15 bid_dn=0.84 halted=False[0m
[2m2026-04-07 21:58:27.124 [INFO] __main__: STATUS t=93s delta=-0.0194% dir=down agree=True chain=69934.85 bin=69929.08 open=69948.40 obi=-0.7664 ask_up=0.27 ask_dn=0.74 bid_up=0.26 bid_dn=0.73 halted=False[0m
[2m2026-04-07 21:58:57.203 [INFO] __main__: STATUS t=63s delta=-0.0650% dir=down agree=True chain=69902.92 bin=69913.64 open=69948.40 obi=0.6614 ask_up=0.17 ask_dn=0.84 bid_up=0.16 bid_dn=0.83 halted=False[0m
[2m2026-04-07 21:59:27.303 [INFO] __main__: STATUS t=33s delta=-0.0612% dir=down agree=True chain=69905.62 bin=69919.58 open=69948.40 obi=0.6278 ask_up=0.12 ask_dn=0.90 bid_up=0.10 bid_dn=0.88 halted=False[0m
[2m2026-04-07 21:59:57.400 [INFO] __main__: STATUS t=3s delta=-0.0475% dir=down agree=True chain=69915.15 bin=69927.64 open=69948.40 obi=-0.0063 ask_up=0.99 ask_dn=0.99 bid_up=0.01 bid_dn=0.01 halted=False[0m
[37m2026-04-07 22:00:00.162 [INFO] execution.paper_trading: paper window_ts=1775598900 [SKIP] pnl=0.0000 direction=down outcome=down - balance=$947.09 bid_up=0.01 ask_up=0.01 bid_dn=0.99 ask_dn=1.00[0m
[93m[1m2026-04-07 22:00:00.162 [INFO] risk.position_tracker: WINDOW_SUMMARY window_pnl=$0.0000 session_pnl=$-52.9070 won=$21.0455 lost=$73.9525 wr=50.0% (3/6) consec_losses=1[0m
[37m2026-04-07 22:00:00.164 [INFO] __main__: WINDOW_DECISION [SKIP] rank=1 side=up pnl=$0.0000 entry=0.00 size=$0.00 (conditions not met)[0m
[96m[1m2026-04-07 22:00:00.164 [INFO] strategy.window_tracker: new window: btc-updown-5m-1775599200 (ts=1775599200)[0m
[96m2026-04-07 22:00:00.260 [INFO] __main__: REGIME vol_stddev=0.220% chop_flips=5.7 sprt=dormant llr=0.00 age=14w bankroll=$946.37[0m
[96m2026-04-07 22:00:00.260 [INFO] __main__: KELLY wr_adj=74.7% base=92.7% vol_disc=7.5% chop_disc=7.5% feedback=+0.0%[0m
[96m2026-04-07 22:00:00.261 [INFO] __main__: window open price captured: 69915.12 (chainlink)[0m
2026-04-07 22:00:00.959 [INFO] market_data.clob_market_ws: CLOB market subscribed for tokens up=109289122545 down=973185058297
[2m2026-04-07 22:00:27.596 [INFO] __main__: STATUS t=272s delta=0.1779% dir=up agree=True chain=70039.53 bin=70085.69 open=69915.12 obi=0.9929 ask_up=0.83 ask_dn=0.21 bid_up=0.79 bid_dn=0.17 halted=False[0m
[2m2026-04-07 22:00:57.696 [INFO] __main__: STATUS t=242s delta=0.2040% dir=up agree=True chain=70057.73 bin=70111.25 open=69915.12 obi=-0.9605 ask_up=0.86 ask_dn=0.15 bid_up=0.85 bid_dn=0.14 halted=False[0m
[2m2026-04-07 22:01:27.815 [INFO] __main__: STATUS t=212s delta=0.2193% dir=up agree=True chain=70068.48 bin=70084.96 open=69915.12 obi=-0.7761 ask_up=0.83 ask_dn=0.18 bid_up=0.82 bid_dn=0.17 halted=False[0m
[2m2026-04-07 22:01:57.910 [INFO] __main__: STATUS t=182s delta=0.2531% dir=up agree=True chain=70092.05 bin=70108.52 open=69915.12 obi=-0.3937 ask_up=0.92 ask_dn=0.09 bid_up=0.91 bid_dn=0.08 halted=False[0m
[37m2026-04-07 22:02:20.232 [INFO] strategy.momentum_signal: [SKIP] rank=1 side=up reason=KELLY_NO_EDGE p_adj=0.747 entry=0.94 raw_f=-3.212[0m
[2m2026-04-07 22:02:28.006 [INFO] __main__: STATUS t=152s delta=0.2165% dir=up agree=True chain=70066.51 bin=70072.33 open=69915.12 obi=-0.9895 ask_up=0.91 ask_dn=0.10 bid_up=0.90 bid_dn=0.09 halted=False[0m
[2m2026-04-07 22:02:58.093 [INFO] __main__: STATUS t=122s delta=0.1155% dir=up agree=True chain=69995.91 bin=69994.27 open=69915.12 obi=-0.9929 ask_up=0.79 ask_dn=0.23 bid_up=0.77 bid_dn=0.21 halted=False[0m
[2m2026-04-07 22:03:28.185 [INFO] __main__: STATUS t=92s delta=0.1865% dir=up agree=True chain=70045.50 bin=70050.30 open=69915.12 obi=-0.8021 ask_up=0.96 ask_dn=0.05 bid_up=0.95 bid_dn=0.04 halted=False[0m
[2m2026-04-07 22:03:58.268 [INFO] __main__: STATUS t=62s delta=0.2242% dir=up agree=True chain=70071.85 bin=70082.76 open=69915.12 obi=-0.8219 ask_up=0.99 ask_dn=0.02 bid_up=0.98 bid_dn=0.01 halted=False[0m
2026-04-07 22:04:09.718 [INFO] shared.ipc: IPC: received authenticated signal_update (summary=signals_summary_1775599449.json)
2026-04-07 22:04:09.718 [INFO] __main__: received new signal from orchestrator: rank=1 side=Up
[2m2026-04-07 22:04:28.379 [INFO] __main__: STATUS t=32s delta=0.2025% dir=up agree=True chain=70056.67 bin=70077.93 open=69915.12 obi=-0.9382 ask_up=1.00 ask_dn=0.01 bid_up=0.99 bid_dn=0.01 halted=False[0m
[2m2026-04-07 22:04:58.478 [INFO] __main__: STATUS t=2s delta=0.2323% dir=up agree=True chain=70077.52 bin=70069.01 open=69915.12 obi=0.8682 ask_up=1.00 ask_dn=0.01 bid_up=0.99 bid_dn=0.01 halted=False[0m
[37m2026-04-07 22:05:00.235 [INFO] execution.paper_trading: paper window_ts=1775599200 [SKIP] pnl=0.0000 direction=up outcome=up - balance=$947.09 bid_up=0.99 ask_up=1.00 bid_dn=0.01 ask_dn=0.01[0m
[93m[1m2026-04-07 22:05:00.235 [INFO] risk.position_tracker: WINDOW_SUMMARY window_pnl=$0.0000 session_pnl=$-52.9070 won=$21.0455 lost=$73.9525 wr=50.0% (3/6) consec_losses=1[0m
[37m2026-04-07 22:05:00.239 [INFO] __main__: WINDOW_DECISION [SKIP] rank=1 side=up pnl=$0.0000 entry=0.00 size=$0.00 (conditions not met)[0m
[95m2026-04-07 22:05:00.240 [INFO] __main__: Signal refreshed (same pattern): up_280.0_160.0_0.07_0.05 — rank 1->1, keeping SPRT state (age=15w, trades=0, LLR=0.00)[0m
2026-04-07 22:05:00.240 [INFO] __main__: SIGNAL_SWAP_ACTIVE: {"rank":1,"side":"up","observeFromS":280.0,"observeToS":160.0,"minDeltaPct":0.07,"maxVariancePct":0.05,"trainWinRatePct":91.14,"oosWinRatePct":92.73,"oosBhAdjustedPValue":1.5674e-13,"oosMatches":55,"avgEntryPrice":0.864,"evPerTrade":0.0333,"smartScore":28.52,"wfFoldsAppeared":6,"wfTotalTestFolds":6,"wfFoldIndices":[2,3,4,5,6,7]}
2026-04-07 22:05:00.241 [INFO] __main__: switched to new signal: #1 up (previous: #1 up)
[96m[1m2026-04-07 22:05:00.241 [INFO] strategy.window_tracker: new window: btc-updown-5m-1775599500 (ts=1775599500)[0m
[96m2026-04-07 22:05:00.309 [INFO] __main__: REGIME vol_stddev=0.202% chop_flips=5.3 sprt=dormant llr=0.00 age=15w bankroll=$946.37[0m
[96m2026-04-07 22:05:00.309 [INFO] __main__: KELLY wr_adj=74.7% base=92.7% vol_disc=7.5% chop_disc=7.5% feedback=+0.0%[0m
[96m2026-04-07 22:05:00.311 [INFO] __main__: window open price captured: 70076.00 (chainlink)[0m
2026-04-07 22:05:01.193 [INFO] market_data.clob_market_ws: CLOB market subscribed for tokens up=535796830396 down=448971101154
[2m2026-04-07 22:05:28.657 [INFO] __main__: STATUS t=271s delta=0.1000% dir=up agree=True chain=70146.07 bin=70204.88 open=70076.00 obi=0.9971 ask_up=0.72 ask_dn=0.29 bid_up=0.71 bid_dn=0.28 halted=False[0m
[2m2026-04-07 22:05:58.748 [INFO] __main__: STATUS t=241s delta=0.2416% dir=up agree=True chain=70245.31 bin=70269.21 open=70076.00 obi=0.9704 ask_up=0.88 ask_dn=0.13 bid_up=0.87 bid_dn=0.12 halted=False[0m
[2m2026-04-07 22:06:28.926 [INFO] __main__: STATUS t=211s delta=0.5942% dir=up agree=True chain=70492.41 bin=70509.68 open=70076.00 obi=0.4767 ask_up=0.97 ask_dn=0.04 bid_up=0.96 bid_dn=0.03 halted=False[0m
[2m2026-04-07 22:06:59.018 [INFO] __main__: STATUS t=181s delta=0.4762% dir=up agree=True chain=70409.72 bin=70422.90 open=70076.00 obi=-0.7186 ask_up=0.99 ask_dn=0.02 bid_up=0.98 bid_dn=0.01 halted=False[0m
[37m2026-04-07 22:07:20.099 [INFO] strategy.momentum_signal: [SKIP] rank=1 side=up reason=conditions_not_met latest_pct=0.5200 need=>=0.07 stddev=0.1711 max_var=0.050[0m
[2m2026-04-07 22:07:29.129 [INFO] __main__: STATUS t=151s delta=0.5667% dir=up agree=True chain=70473.12 bin=70445.01 open=70076.00 obi=-0.9968 ask_up=1.00 ask_dn=0.01 bid_up=0.99 bid_dn=0.01 halted=False[0m
[2m2026-04-07 22:07:59.216 [INFO] __main__: STATUS t=121s delta=0.4265% dir=up agree=True chain=70374.87 bin=70402.66 open=70076.00 obi=-0.9628 ask_up=1.00 ask_dn=0.01 bid_up=0.99 bid_dn=0.01 halted=False[0m
[2m2026-04-07 22:08:29.310 [INFO] __main__: STATUS t=91s delta=0.4138% dir=up agree=True chain=70365.95 bin=70363.10 open=70076.00 obi=-0.7415 ask_up=1.00 ask_dn=0.01 bid_up=0.99 bid_dn=0.01 halted=False[0m
[2m2026-04-07 22:08:59.417 [INFO] __main__: STATUS t=61s delta=0.3811% dir=up agree=True chain=70343.07 bin=70370.43 open=70076.00 obi=0.0664 ask_up=1.00 ask_dn=0.01 bid_up=0.99 bid_dn=0.01 halted=False[0m
[2m2026-04-07 22:09:29.519 [INFO] __main__: STATUS t=30s delta=0.1872% dir=up agree=True chain=70207.16 bin=70215.56 open=70076.00 obi=0.9911 ask_up=1.00 ask_dn=0.01 bid_up=0.99 bid_dn=0.01 halted=False[0m
[2m2026-04-07 22:09:59.617 [INFO] __main__: STATUS t=0s delta=0.1768% dir=up agree=True chain=70199.93 bin=70211.92 open=70076.00 obi=-0.9692 ask_up=1.00 ask_dn=0.00 bid_up=1.00 bid_dn=0.00 halted=False[0m
[37m2026-04-07 22:10:00.120 [INFO] execution.paper_trading: paper window_ts=1775599500 [SKIP] pnl=0.0000 direction=up outcome=up - balance=$947.09 bid_up=1.00 ask_up=1.00 bid_dn=0.00 ask_dn=0.00[0m
[93m[1m2026-04-07 22:10:00.120 [INFO] risk.position_tracker: WINDOW_SUMMARY window_pnl=$0.0000 session_pnl=$-52.9070 won=$21.0455 lost=$73.9525 wr=50.0% (3/6) consec_losses=1[0m
[37m2026-04-07 22:10:00.124 [INFO] __main__: WINDOW_DECISION [SKIP] rank=1 side=up pnl=$0.0000 entry=0.00 size=$0.00 (conditions not met)[0m
[96m[1m2026-04-07 22:10:00.124 [INFO] strategy.window_tracker: new window: btc-updown-5m-1775599800 (ts=1775599800)[0m
[96m2026-04-07 22:10:00.240 [INFO] __main__: REGIME vol_stddev=0.204% chop_flips=4.8 sprt=dormant llr=0.00 age=16w bankroll=$946.37[0m
[96m2026-04-07 22:10:00.241 [INFO] __main__: KELLY wr_adj=75.4% base=92.7% vol_disc=7.5% chop_disc=6.9% feedback=+0.0%[0m
[96m2026-04-07 22:10:00.241 [INFO] __main__: window open price captured: 70201.29 (chainlink)[0m
2026-04-07 22:10:00.417 [INFO] market_data.clob_market_ws: CLOB market subscribed for tokens up=142764369957 down=209462991235
[2m2026-04-07 22:10:29.852 [INFO] __main__: STATUS t=270s delta=-0.0229% dir=down agree=True chain=70185.20 bin=70173.67 open=70201.29 obi=-0.9929 ask_up=0.36 ask_dn=0.65 bid_up=0.35 bid_dn=0.64 halted=False[0m
[2m2026-04-07 22:10:59.941 [INFO] __main__: STATUS t=240s delta=-0.0309% dir=down agree=True chain=70179.57 bin=70192.00 open=70201.29 obi=-0.7860 ask_up=0.99 ask_dn=0.99 bid_up=0.01 bid_dn=0.01 halted=False[0m
[2m2026-04-07 22:11:30.023 [INFO] __main__: STATUS t=210s delta=-0.1033% dir=down agree=True chain=70128.79 bin=70149.13 open=70201.29 obi=0.3021 ask_up=0.27 ask_dn=0.75 bid_up=0.25 bid_dn=0.73 halted=False[0m
[2m2026-04-07 22:12:00.106 [INFO] __main__: STATUS t=180s delta=-0.0077% dir=down agree=False chain=70195.90 bin=70211.89 open=70201.29 obi=-0.9996 ask_up=0.41 ask_dn=0.60 bid_up=0.40 bid_dn=0.59 halted=False[0m
[37m2026-04-07 22:12:20.172 [INFO] strategy.momentum_signal: [SKIP] rank=1 side=up reason=conditions_not_met latest_pct=0.0352 need=>=0.07 stddev=0.0331 max_var=0.050[0m
[2m2026-04-07 22:12:30.201 [INFO] __main__: STATUS t=150s delta=0.0472% dir=up agree=True chain=70234.41 bin=70248.74 open=70201.29 obi=0.7461 ask_up=0.60 ask_dn=0.41 bid_up=0.59 bid_dn=0.40 halted=False[0m
[2m2026-04-07 22:13:00.283 [INFO] __main__: STATUS t=120s delta=0.0654% dir=up agree=True chain=70247.19 bin=70254.01 open=70201.29 obi=-0.9948 ask_up=0.62 ask_dn=0.39 bid_up=0.61 bid_dn=0.38 halted=False[0m
[2m2026-04-07 22:13:30.367 [INFO] __main__: STATUS t=90s delta=-0.0014% dir=down agree=False chain=70200.33 bin=70211.92 open=70201.29 obi=-0.9437 ask_up=0.52 ask_dn=0.49 bid_up=0.51 bid_dn=0.48 halted=False[0m
[2m2026-04-07 22:14:00.445 [INFO] __main__: STATUS t=60s delta=0.0304% dir=up agree=True chain=70222.61 bin=70249.99 open=70201.29 obi=0.9879 ask_up=0.70 ask_dn=0.32 bid_up=0.68 bid_dn=0.30 halted=False[0m
[2m2026-04-07 22:14:30.539 [INFO] __main__: STATUS t=29s delta=0.0903% dir=up agree=True chain=70264.68 bin=70276.47 open=70201.29 obi=-0.2076 ask_up=0.97 ask_dn=0.04 bid_up=0.96 bid_dn=0.03 halted=False[0m
[37m2026-04-07 22:15:00.130 [INFO] execution.paper_trading: paper window_ts=1775599800 [SKIP] pnl=0.0000 direction=up outcome=up - balance=$947.09 bid_up=0.99 ask_up=1.00 bid_dn=0.01 ask_dn=0.01[0m
[93m[1m2026-04-07 22:15:00.131 [INFO] risk.position_tracker: WINDOW_SUMMARY window_pnl=$0.0000 session_pnl=$-52.9070 won=$21.0455 lost=$73.9525 wr=50.0% (3/6) consec_losses=1[0m
[96m2026-04-07 22:15:00.135 [INFO] __main__: REGIME chop_detected flips=4 delta_range=0.2064% avg_flips=4.0 over=6_windows[0m
[37m2026-04-07 22:15:00.145 [INFO] __main__: WINDOW_DECISION [SKIP] rank=1 side=up pnl=$0.0000 entry=0.00 size=$0.00 (conditions not met)[0m
[96m[1m2026-04-07 22:15:00.146 [INFO] strategy.window_tracker: new window: btc-updown-5m-1775600100 (ts=1775600100)[0m
[96m2026-04-07 22:15:00.253 [INFO] __main__: REGIME vol_stddev=0.204% chop_flips=4.0 sprt=dormant llr=0.00 age=17w bankroll=$946.37[0m
[96m2026-04-07 22:15:00.253 [INFO] __main__: KELLY wr_adj=78.5% base=92.7% vol_disc=7.5% chop_disc=3.8% feedback=+0.0%[0m
[96m2026-04-07 22:15:00.253 [INFO] __main__: window open price captured: 70273.41 (chainlink)[0m
2026-04-07 22:15:00.694 [INFO] market_data.clob_market_ws: CLOB market subscribed for tokens up=100061218320 down=609652990302
[2m2026-04-07 22:15:00.755 [INFO] __main__: STATUS t=299s delta=0.0000% dir=none agree=True chain=70273.41 bin=70289.98 open=70273.41 obi=-0.4087 ask_up=0.47 ask_dn=0.54 bid_up=0.46 bid_dn=0.53 halted=False[0m
[2m2026-04-07 22:15:30.865 [INFO] __main__: STATUS t=269s delta=-0.0701% dir=down agree=True chain=70224.17 bin=70226.15 open=70273.41 obi=-0.0895 ask_up=0.34 ask_dn=0.67 bid_up=0.33 bid_dn=0.66 halted=False[0m
[2m2026-04-07 22:16:00.955 [INFO] __main__: STATUS t=239s delta=-0.0890% dir=down agree=True chain=70210.88 bin=70219.15 open=70273.41 obi=0.1512 ask_up=0.28 ask_dn=0.73 bid_up=0.27 bid_dn=0.72 halted=False[0m
[2m2026-04-07 22:16:31.052 [INFO] __main__: STATUS t=209s delta=-0.0716% dir=down agree=True chain=70223.11 bin=70261.78 open=70273.41 obi=0.5537 ask_up=0.39 ask_dn=0.62 bid_up=0.38 bid_dn=0.61 halted=False[0m
[2m2026-04-07 22:17:01.132 [INFO] __main__: STATUS t=179s delta=0.0337% dir=up agree=True chain=70297.12 bin=70313.66 open=70273.41 obi=0.9619 ask_up=0.58 ask_dn=0.43 bid_up=0.57 bid_dn=0.42 halted=False[0m
[37m2026-04-07 22:17:20.195 [INFO] strategy.momentum_signal: [SKIP] rank=1 side=up reason=conditions_not_met latest_pct=0.0208 need=>=0.07 stddev=0.0480 max_var=0.050[0m
[2m2026-04-07 22:17:31.229 [INFO] __main__: STATUS t=149s delta=0.0056% dir=up agree=True chain=70277.32 bin=70292.92 open=70273.41 obi=0.7536 ask_up=0.52 ask_dn=0.50 bid_up=0.50 bid_dn=0.48 halted=False[0m
[2m2026-04-07 22:18:01.312 [INFO] __main__: STATUS t=119s delta=-0.0546% dir=down agree=True chain=70235.07 bin=70232.98 open=70273.41 obi=-0.9828 ask_up=0.28 ask_dn=0.74 bid_up=0.26 bid_dn=0.72 halted=False[0m
[2m2026-04-07 22:18:31.425 [INFO] __main__: STATUS t=89s delta=-0.0464% dir=down agree=True chain=70240.83 bin=70247.94 open=70273.41 obi=0.5784 ask_up=0.29 ask_dn=0.72 bid_up=0.28 bid_dn=0.71 halted=False[0m
[2m2026-04-07 22:19:01.510 [INFO] __main__: STATUS t=58s delta=-0.0205% dir=down agree=True chain=70259.03 bin=70270.60 open=70273.41 obi=0.0932 ask_up=0.36 ask_dn=0.65 bid_up=0.35 bid_dn=0.64 halted=False[0m
2026-04-07 22:19:23.983 [INFO] shared.ipc: IPC: received authenticated signal_update (summary=signals_summary_1775600363.json)
2026-04-07 22:19:23.983 [INFO] __main__: received new signal from orchestrator: rank=1 side=Up
[2m2026-04-07 22:19:31.597 [INFO] __main__: STATUS t=28s delta=-0.0936% dir=down agree=True chain=70207.60 bin=70218.92 open=70273.41 obi=-0.9967 ask_up=0.04 ask_dn=0.97 bid_up=0.03 bid_dn=0.96 halted=False[0m
[37m2026-04-07 22:20:00.182 [INFO] execution.paper_trading: paper window_ts=1775600100 [SKIP] pnl=0.0000 direction=down outcome=down - balance=$947.09 bid_up=0.01 ask_up=0.01 bid_dn=0.99 ask_dn=1.00[0m
[93m[1m2026-04-07 22:20:00.182 [INFO] risk.position_tracker: WINDOW_SUMMARY window_pnl=$0.0000 session_pnl=$-52.9070 won=$21.0455 lost=$73.9525 wr=50.0% (3/6) consec_losses=1[0m
[96m2026-04-07 22:20:00.185 [INFO] __main__: REGIME chop_detected flips=9 delta_range=0.1720% avg_flips=2.7 over=6_windows[0m
[37m2026-04-07 22:20:00.186 [INFO] __main__: WINDOW_DECISION [SKIP] rank=1 side=up pnl=$0.0000 entry=0.00 size=$0.00 (conditions not met)[0m
[95m2026-04-07 22:20:00.187 [INFO] __main__: Signal refreshed (same pattern): up_280.0_160.0_0.07_0.05 — rank 1->1, keeping SPRT state (age=18w, trades=0, LLR=0.00)[0m
2026-04-07 22:20:00.189 [INFO] __main__: SIGNAL_SWAP_ACTIVE: {"rank":1,"side":"up","observeFromS":280.0,"observeToS":160.0,"minDeltaPct":0.07,"maxVariancePct":0.05,"trainWinRatePct":91.03,"oosWinRatePct":92.86,"oosBhAdjustedPValue":1.56972e-13,"oosMatches":56,"avgEntryPrice":0.8654,"evPerTrade":0.0332,"smartScore":28.79,"wfFoldsAppeared":6,"wfTotalTestFolds":6,"wfFoldIndices":[2,3,4,5,6,7]}
2026-04-07 22:20:00.192 [INFO] __main__: switched to new signal: #1 up (previous: #1 up)
[96m[1m2026-04-07 22:20:00.193 [INFO] strategy.window_tracker: new window: btc-updown-5m-1775600400 (ts=1775600400)[0m
[96m2026-04-07 22:20:00.264 [INFO] __main__: REGIME vol_stddev=0.203% chop_flips=2.7 sprt=dormant llr=0.00 age=18w bankroll=$946.37[0m
[96m2026-04-07 22:20:00.264 [INFO] __main__: KELLY wr_adj=82.4% base=92.9% vol_disc=7.5% chop_disc=0.0% feedback=+0.0%[0m
[96m2026-04-07 22:20:00.264 [INFO] __main__: window open price captured: 70228.24 (chainlink)[0m
2026-04-07 22:20:00.893 [INFO] market_data.clob_market_ws: CLOB market subscribed for tokens up=225993709102 down=420768710375
[2m2026-04-07 22:20:01.779 [INFO] __main__: STATUS t=298s delta=-0.0116% dir=down agree=False chain=70220.09 bin=70230.16 open=70228.24 obi=-0.5358 ask_up=0.45 ask_dn=0.56 bid_up=0.44 bid_dn=0.55 halted=False[0m
[2m2026-04-07 22:20:31.894 [INFO] __main__: STATUS t=268s delta=-0.0171% dir=down agree=True chain=70216.23 bin=70226.10 open=70228.24 obi=0.9836 ask_up=0.48 ask_dn=0.55 bid_up=0.45 bid_dn=0.52 halted=False[0m
[2m2026-04-07 22:21:01.975 [INFO] __main__: STATUS t=238s delta=-0.0595% dir=down agree=True chain=70186.41 bin=70190.86 open=70228.24 obi=0.8821 ask_up=0.37 ask_dn=0.64 bid_up=0.36 bid_dn=0.63 halted=False[0m
[2m2026-04-07 22:21:32.055 [INFO] __main__: STATUS t=208s delta=0.0267% dir=up agree=True chain=70246.95 bin=70248.04 open=70228.24 obi=0.4274 ask_up=0.56 ask_dn=0.45 bid_up=0.55 bid_dn=0.44 halted=False[0m
[2m2026-04-07 22:22:02.146 [INFO] __main__: STATUS t=178s delta=0.0762% dir=up agree=True chain=70281.75 bin=70295.99 open=70228.24 obi=-0.9857 ask_up=0.72 ask_dn=0.29 bid_up=0.71 bid_dn=0.28 halted=False[0m
[96m2026-04-07 22:22:20.200 [INFO] strategy.momentum_signal: KELLY sizing: p_adj=0.824 base=0.899 vol_disc=0.075 chop_disc=0.000 feedback=+0.000[0m
[96m2026-04-07 22:22:20.200 [INFO] strategy.momentum_signal: KELLY bet: entry=0.79 raw_f=0.160 frac_f=0.040 bankroll=$946.37 kelly_bet=$23.66 sprt=1.00 final=$23.66[0m
[92m[1m2026-04-07 22:22:20.200 [INFO] strategy.momentum_signal: FIRED rank=1 side=up t=159.8s dir=0.1022% stddev=0.0493% n=479 oos_wr=92.9% bh_p=1.57e-13 avg_entry=0.87 ask=0.79 size=$23.66[0m
[91m[1m2026-04-07 22:22:20.201 [ERROR] risk.limits: KILL SWITCH: daily loss limit hit: -52.91 — trading halted[0m
[91m2026-04-07 22:22:20.201 [WARNING] execution.paper_trading: paper momentum1 blocked by risk limits[0m
2026-04-07 22:22:20.201 [INFO] strategy.momentum_signal: maker rejected rank=1 (price=0.78 ask=0.79), falling through to taker
[91m2026-04-07 22:22:20.201 [WARNING] execution.paper_trading: paper momentum1 blocked by risk limits[0m
[2m2026-04-07 22:22:32.236 [INFO] __main__: STATUS t=148s delta=0.0901% dir=up agree=True chain=70291.49 bin=70300.00 open=70228.24 obi=-0.9973 ask_up=0.79 ask_dn=0.22 bid_up=0.78 bid_dn=0.21 halted=True[0m
[2m2026-04-07 22:23:02.321 [INFO] __main__: STATUS t=118s delta=0.1310% dir=up agree=True chain=70320.26 bin=70329.99 open=70228.24 obi=0.1005 ask_up=0.99 ask_dn=0.99 bid_up=0.01 bid_dn=0.01 halted=True[0m
[2m2026-04-07 22:23:32.415 [INFO] __main__: STATUS t=88s delta=0.1752% dir=up agree=True chain=70351.26 bin=70330.00 open=70228.24 obi=0.4784 ask_up=0.99 ask_dn=0.99 bid_up=0.01 bid_dn=0.01 halted=True[0m
[2m2026-04-07 22:24:02.503 [INFO] __main__: STATUS t=57s delta=0.1842% dir=up agree=True chain=70357.62 bin=70398.27 open=70228.24 obi=-0.4335 ask_up=1.00 ask_dn=0.01 bid_up=0.99 bid_dn=0.01 halted=True[0m
[2m2026-04-07 22:24:32.593 [INFO] __main__: STATUS t=27s delta=0.2002% dir=up agree=True chain=70368.82 bin=70372.01 open=70228.24 obi=-0.6781 ask_up=1.00 ask_dn=0.01 bid_up=0.99 bid_dn=0.01 halted=True[0m
[37m2026-04-07 22:25:00.182 [INFO] execution.paper_trading: paper window_ts=1775600400 [SKIP] pnl=0.0000 direction=up outcome=up - balance=$947.09 bid_up=0.99 ask_up=1.00 bid_dn=0.01 ask_dn=0.01[0m
[93m[1m2026-04-07 22:25:00.182 [INFO] risk.position_tracker: WINDOW_SUMMARY window_pnl=$0.0000 session_pnl=$-52.9070 won=$21.0455 lost=$73.9525 wr=50.0% (3/6) consec_losses=1[0m
[96m2026-04-07 22:25:00.184 [INFO] __main__: REGIME chop_detected flips=7 delta_range=0.1667% avg_flips=3.8 over=6_windows[0m
[37m2026-04-07 22:25:00.184 [INFO] __main__: WINDOW_DECISION [SKIP] rank=1 side=up pnl=$0.0000 entry=0.00 size=$0.00 (conditions not met)[0m
[96m[1m2026-04-07 22:25:00.184 [INFO] strategy.window_tracker: new window: btc-updown-5m-1775600700 (ts=1775600700)[0m
[96m2026-04-07 22:25:00.232 [INFO] __main__: REGIME vol_stddev=0.202% chop_flips=3.8 sprt=dormant llr=0.00 age=19w bankroll=$946.37[0m
[96m2026-04-07 22:25:00.232 [INFO] __main__: KELLY wr_adj=79.2% base=92.9% vol_disc=7.5% chop_disc=3.1% feedback=+0.0%[0m
[96m2026-04-07 22:25:00.232 [INFO] __main__: window open price captured: 70347.34 (chainlink)[0m
2026-04-07 22:25:01.119 [INFO] market_data.clob_market_ws: CLOB market subscribed for tokens up=915707333380 down=772660171433
[2m2026-04-07 22:25:02.746 [INFO] __main__: STATUS t=297s delta=-0.0000% dir=down agree=False chain=70347.31 bin=70358.52 open=70347.34 obi=-0.9024 ask_up=0.48 ask_dn=0.53 bid_up=0.47 bid_dn=0.52 halted=True[0m
[2m2026-04-07 22:25:32.835 [INFO] __main__: STATUS t=267s delta=-0.0400% dir=down agree=True chain=70319.22 bin=70341.71 open=70347.34 obi=0.2614 ask_up=0.99 ask_dn=0.99 bid_up=0.01 bid_dn=0.01 halted=True[0m
