2026-04-06 16:06:47.176 [INFO    ] orchestrator: logging initialized — level=INFO file=C:\Users\operator\Desktop\PolySignalLab\SignalOrchestrator\logs\orchestrator.log
2026-04-06 16:06:47.176 [INFO    ] orchestrator: orchestrator started — interval=15m min_windows=400 min_score=10.00
2026-04-06 16:06:47.176 [INFO    ] orchestrator: data quality check passed: 600 windows available
2026-04-06 16:06:47.176 [INFO    ] orchestrator: starting engine: C:\Users\operator\Desktop\PolySignalLab\PolySignalEngine\build\Release\PolySignalEngine.exe C:\Users\operator\Desktop\PolySignalLab\PolyDataCollector\data --output-dir C:\Users\operator\Desktop\PolySignalLab\engine_output
2026-04-06 16:07:03.787 [INFO    ] orchestrator: engine: 
2026-04-06 16:07:03.787 [INFO    ] orchestrator: engine: ==========================================================
2026-04-06 16:07:03.787 [INFO    ] orchestrator: engine:   SUMMARY
2026-04-06 16:07:03.787 [INFO    ] orchestrator: engine: ==========================================================
2026-04-06 16:07:03.787 [INFO    ] orchestrator: engine:   Total windows:         600 (305 UP, 295 DOWN)
2026-04-06 16:07:03.787 [INFO    ] orchestrator: engine:   Walk-forward folds:    10 (8 test iterations)
2026-04-06 16:07:03.787 [INFO    ] orchestrator: engine:   OOS base rate:         50.6% UP (480 test windows total)
2026-04-06 16:07:03.787 [INFO    ] orchestrator: engine:   Viable WF-OOS signals: 2
2026-04-06 16:07:03.787 [INFO    ] orchestrator: engine:   Compute time:          14.80s
2026-04-06 16:07:03.787 [INFO    ] orchestrator: engine: ==========================================================
2026-04-06 16:07:03.787 [INFO    ] orchestrator: engine produced: signals_summary_1775480823.json
2026-04-06 16:07:03.787 [INFO    ] orchestrator: cleaned up old summary: signals_summary_1775467715.json
2026-04-06 16:07:03.787 [INFO    ] orchestrator: ranked 2 signals
2026-04-06 16:07:03.787 [INFO    ] orchestrator:   #1 Up score=1.64 tier=BRONZE folds=2/8 idx=[6, 8] p=3.89e-05 ev=0.0475
2026-04-06 16:07:03.787 [INFO    ] orchestrator:   #2 Up score=1.23 tier=BRONZE folds=2/8 idx=[8, 9] p=4.77e-05 ev=0.0285
2026-04-06 16:07:03.787 [INFO    ] orchestrator: signal #1 Up [270s->170s] d>=0.07% v<=0.15% score 1.64 < threshold 10.00 — skipping
2026-04-06 16:07:03.787 [INFO    ] orchestrator: no signal passed all delivery gates — not sending to bot
2026-04-06 16:22:03.810 [INFO    ] orchestrator: data quality check passed: 600 windows available
2026-04-06 16:22:03.810 [INFO    ] orchestrator: starting engine: C:\Users\operator\Desktop\PolySignalLab\PolySignalEngine\build\Release\PolySignalEngine.exe C:\Users\operator\Desktop\PolySignalLab\PolyDataCollector\data --output-dir C:\Users\operator\Desktop\PolySignalLab\engine_output
2026-04-06 16:22:20.035 [INFO    ] orchestrator: engine: 
2026-04-06 16:22:20.035 [INFO    ] orchestrator: engine: ==========================================================
2026-04-06 16:22:20.035 [INFO    ] orchestrator: engine:   SUMMARY
2026-04-06 16:22:20.035 [INFO    ] orchestrator: engine: ==========================================================
2026-04-06 16:22:20.035 [INFO    ] orchestrator: engine:   Total windows:         600 (303 UP, 297 DOWN)
2026-04-06 16:22:20.035 [INFO    ] orchestrator: engine:   Walk-forward folds:    10 (8 test iterations)
2026-04-06 16:22:20.035 [INFO    ] orchestrator: engine:   OOS base rate:         50.2% UP (480 test windows total)
2026-04-06 16:22:20.035 [INFO    ] orchestrator: engine:   Viable WF-OOS signals: 1
2026-04-06 16:22:20.035 [INFO    ] orchestrator: engine:   Compute time:          14.72s
2026-04-06 16:22:20.035 [INFO    ] orchestrator: engine: ==========================================================
2026-04-06 16:22:20.051 [INFO    ] orchestrator: engine produced: signals_summary_1775481739.json
2026-04-06 16:22:20.051 [INFO    ] orchestrator: cleaned up old summary: signals_summary_1775469547.json
2026-04-06 16:22:20.051 [INFO    ] orchestrator: ranked 1 signals
2026-04-06 16:22:20.051 [INFO    ] orchestrator:   #1 Up score=2.57 tier=BRONZE folds=2/8 idx=[6, 8] p=1.21e-05 ev=0.0681
2026-04-06 16:22:20.051 [INFO    ] orchestrator: signal #1 Up [280s->150s] d>=0.07% v<=0.05% score 2.57 < threshold 10.00 — skipping
2026-04-06 16:22:20.051 [INFO    ] orchestrator: no signal passed all delivery gates — not sending to bot
2026-04-06 16:37:20.063 [INFO    ] orchestrator: data quality check passed: 600 windows available
2026-04-06 16:37:20.063 [INFO    ] orchestrator: starting engine: C:\Users\operator\Desktop\PolySignalLab\PolySignalEngine\build\Release\PolySignalEngine.exe C:\Users\operator\Desktop\PolySignalLab\PolyDataCollector\data --output-dir C:\Users\operator\Desktop\PolySignalLab\engine_output
2026-04-06 16:37:35.520 [INFO    ] orchestrator: engine: 
2026-04-06 16:37:35.520 [INFO    ] orchestrator: engine: ==========================================================
2026-04-06 16:37:35.520 [INFO    ] orchestrator: engine:   SUMMARY
2026-04-06 16:37:35.520 [INFO    ] orchestrator: engine: ==========================================================
2026-04-06 16:37:35.520 [INFO    ] orchestrator: engine:   Total windows:         600 (304 UP, 296 DOWN)
2026-04-06 16:37:35.520 [INFO    ] orchestrator: engine:   Walk-forward folds:    10 (8 test iterations)
2026-04-06 16:37:35.520 [INFO    ] orchestrator: engine:   OOS base rate:         50.0% UP (480 test windows total)
2026-04-06 16:37:35.520 [INFO    ] orchestrator: engine:   Viable WF-OOS signals: 0
2026-04-06 16:37:35.520 [INFO    ] orchestrator: engine:   Compute time:          14.03s
2026-04-06 16:37:35.520 [INFO    ] orchestrator: engine: ==========================================================
2026-04-06 16:37:35.520 [INFO    ] orchestrator: engine produced: signals_summary_1775481739.json
2026-04-06 16:37:35.520 [INFO    ] orchestrator: ranked 1 signals
2026-04-06 16:37:35.520 [INFO    ] orchestrator:   #1 Up score=2.57 tier=BRONZE folds=2/8 idx=[6, 8] p=1.21e-05 ev=0.0681
2026-04-06 16:37:35.520 [INFO    ] orchestrator: signal #1 Up [280s->150s] d>=0.07% v<=0.05% score 2.57 < threshold 10.00 — skipping
2026-04-06 16:37:35.536 [INFO    ] orchestrator: no signal passed all delivery gates — not sending to bot
2026-04-06 16:52:35.545 [INFO    ] orchestrator: data quality check passed: 600 windows available
2026-04-06 16:52:35.545 [INFO    ] orchestrator: starting engine: C:\Users\operator\Desktop\PolySignalLab\PolySignalEngine\build\Release\PolySignalEngine.exe C:\Users\operator\Desktop\PolySignalLab\PolyDataCollector\data --output-dir C:\Users\operator\Desktop\PolySignalLab\engine_output
2026-04-06 16:52:50.837 [INFO    ] orchestrator: engine: 
2026-04-06 16:52:50.837 [INFO    ] orchestrator: engine: ==========================================================
2026-04-06 16:52:50.837 [INFO    ] orchestrator: engine:   SUMMARY
2026-04-06 16:52:50.837 [INFO    ] orchestrator: engine: ==========================================================
2026-04-06 16:52:50.837 [INFO    ] orchestrator: engine:   Total windows:         600 (305 UP, 295 DOWN)
2026-04-06 16:52:50.837 [INFO    ] orchestrator: engine:   Walk-forward folds:    10 (8 test iterations)
2026-04-06 16:52:50.837 [INFO    ] orchestrator: engine:   OOS base rate:         49.8% UP (480 test windows total)
2026-04-06 16:52:50.837 [INFO    ] orchestrator: engine:   Viable WF-OOS signals: 3
2026-04-06 16:52:50.837 [INFO    ] orchestrator: engine:   Compute time:          13.98s
2026-04-06 16:52:50.837 [INFO    ] orchestrator: engine: ==========================================================
2026-04-06 16:52:50.837 [INFO    ] orchestrator: engine produced: signals_summary_1775483570.json
2026-04-06 16:52:50.837 [INFO    ] orchestrator: cleaned up old summary: signals_summary_1775472295.json
2026-04-06 16:52:50.837 [INFO    ] orchestrator: ranked 3 signals
2026-04-06 16:52:50.837 [INFO    ] orchestrator:   #1 Up score=7.36 tier=BRONZE folds=3/8 idx=[5, 8, 9] p=1.54e-08 ev=0.0442
2026-04-06 16:52:50.837 [INFO    ] orchestrator:   #2 Up score=5.92 tier=BRONZE folds=3/8 idx=[6, 8, 9] p=3.57e-07 ev=0.0450
2026-04-06 16:52:50.837 [INFO    ] orchestrator:   #3 Down score=0.92 tier=BRONZE folds=3/8 idx=[7, 8, 9] p=7.58e-03 ev=0.0272
2026-04-06 16:52:50.837 [INFO    ] orchestrator: signal #1 Up [180s->130s] d>=0.07% v<=0.05% score 7.36 < threshold 10.00 — skipping
2026-04-06 16:52:50.853 [INFO    ] orchestrator: no signal passed all delivery gates — not sending to bot
2026-04-06 17:07:50.872 [INFO    ] orchestrator: data quality check passed: 600 windows available
2026-04-06 17:07:50.872 [INFO    ] orchestrator: starting engine: C:\Users\operator\Desktop\PolySignalLab\PolySignalEngine\build\Release\PolySignalEngine.exe C:\Users\operator\Desktop\PolySignalLab\PolyDataCollector\data --output-dir C:\Users\operator\Desktop\PolySignalLab\engine_output
2026-04-06 17:08:06.350 [INFO    ] orchestrator: engine: 
2026-04-06 17:08:06.350 [INFO    ] orchestrator: engine: ==========================================================
2026-04-06 17:08:06.350 [INFO    ] orchestrator: engine:   SUMMARY
2026-04-06 17:08:06.350 [INFO    ] orchestrator: engine: ==========================================================
2026-04-06 17:08:06.350 [INFO    ] orchestrator: engine:   Total windows:         600 (305 UP, 295 DOWN)
2026-04-06 17:08:06.350 [INFO    ] orchestrator: engine:   Walk-forward folds:    10 (8 test iterations)
2026-04-06 17:08:06.350 [INFO    ] orchestrator: engine:   OOS base rate:         49.8% UP (480 test windows total)
2026-04-06 17:08:06.350 [INFO    ] orchestrator: engine:   Viable WF-OOS signals: 0
2026-04-06 17:08:06.350 [INFO    ] orchestrator: engine:   Compute time:          14.01s
2026-04-06 17:08:06.350 [INFO    ] orchestrator: engine: ==========================================================
2026-04-06 17:08:06.350 [INFO    ] orchestrator: engine produced: signals_summary_1775483570.json
2026-04-06 17:08:06.350 [INFO    ] orchestrator: ranked 3 signals
2026-04-06 17:08:06.350 [INFO    ] orchestrator:   #1 Up score=7.36 tier=BRONZE folds=3/8 idx=[5, 8, 9] p=1.54e-08 ev=0.0442
2026-04-06 17:08:06.350 [INFO    ] orchestrator:   #2 Up score=5.92 tier=BRONZE folds=3/8 idx=[6, 8, 9] p=3.57e-07 ev=0.0450
2026-04-06 17:08:06.350 [INFO    ] orchestrator:   #3 Down score=0.92 tier=BRONZE folds=3/8 idx=[7, 8, 9] p=7.58e-03 ev=0.0272
2026-04-06 17:08:06.350 [INFO    ] orchestrator: signal #1 Up [180s->130s] d>=0.07% v<=0.05% score 7.36 < threshold 10.00 — skipping
2026-04-06 17:08:06.366 [INFO    ] orchestrator: no signal passed all delivery gates — not sending to bot
2026-04-06 17:23:06.370 [INFO    ] orchestrator: data quality check passed: 600 windows available
2026-04-06 17:23:06.370 [INFO    ] orchestrator: starting engine: C:\Users\operator\Desktop\PolySignalLab\PolySignalEngine\build\Release\PolySignalEngine.exe C:\Users\operator\Desktop\PolySignalLab\PolyDataCollector\data --output-dir C:\Users\operator\Desktop\PolySignalLab\engine_output
2026-04-06 17:23:21.945 [INFO    ] orchestrator: engine: 
2026-04-06 17:23:21.945 [INFO    ] orchestrator: engine: ==========================================================
2026-04-06 17:23:21.945 [INFO    ] orchestrator: engine:   SUMMARY
2026-04-06 17:23:21.945 [INFO    ] orchestrator: engine: ==========================================================
2026-04-06 17:23:21.945 [INFO    ] orchestrator: engine:   Total windows:         600 (305 UP, 295 DOWN)
2026-04-06 17:23:21.945 [INFO    ] orchestrator: engine:   Walk-forward folds:    10 (8 test iterations)
2026-04-06 17:23:21.945 [INFO    ] orchestrator: engine:   OOS base rate:         49.6% UP (480 test windows total)
2026-04-06 17:23:21.945 [INFO    ] orchestrator: engine:   Viable WF-OOS signals: 1
2026-04-06 17:23:21.945 [INFO    ] orchestrator: engine:   Compute time:          14.06s
2026-04-06 17:23:21.945 [INFO    ] orchestrator: engine: ==========================================================
2026-04-06 17:23:21.945 [INFO    ] orchestrator: engine produced: signals_summary_1775485401.json
2026-04-06 17:23:21.945 [INFO    ] orchestrator: cleaned up old summary: signals_summary_1775473212.json
2026-04-06 17:23:21.945 [INFO    ] orchestrator: ranked 1 signals
2026-04-06 17:23:21.945 [INFO    ] orchestrator:   #1 Up score=1.61 tier=BRONZE folds=2/8 idx=[6, 8] p=6.74e-07 ev=0.0300
2026-04-06 17:23:21.945 [INFO    ] orchestrator: signal #1 Up [250s->130s] d>=0.07% v<=0.1% score 1.61 < threshold 10.00 — skipping
2026-04-06 17:23:21.960 [INFO    ] orchestrator: no signal passed all delivery gates — not sending to bot
2026-04-06 17:38:21.980 [INFO    ] orchestrator: data quality check passed: 600 windows available
2026-04-06 17:38:21.980 [INFO    ] orchestrator: starting engine: C:\Users\operator\Desktop\PolySignalLab\PolySignalEngine\build\Release\PolySignalEngine.exe C:\Users\operator\Desktop\PolySignalLab\PolyDataCollector\data --output-dir C:\Users\operator\Desktop\PolySignalLab\engine_output
2026-04-06 17:38:37.494 [INFO    ] orchestrator: engine: 
2026-04-06 17:38:37.494 [INFO    ] orchestrator: engine: ==========================================================
2026-04-06 17:38:37.494 [INFO    ] orchestrator: engine:   SUMMARY
2026-04-06 17:38:37.494 [INFO    ] orchestrator: engine: ==========================================================
2026-04-06 17:38:37.494 [INFO    ] orchestrator: engine:   Total windows:         600 (307 UP, 293 DOWN)
2026-04-06 17:38:37.494 [INFO    ] orchestrator: engine:   Walk-forward folds:    10 (8 test iterations)
2026-04-06 17:38:37.494 [INFO    ] orchestrator: engine:   OOS base rate:         49.8% UP (480 test windows total)
2026-04-06 17:38:37.494 [INFO    ] orchestrator: engine:   Viable WF-OOS signals: 1
2026-04-06 17:38:37.494 [INFO    ] orchestrator: engine:   Compute time:          14.18s
2026-04-06 17:38:37.494 [INFO    ] orchestrator: engine: ==========================================================
2026-04-06 17:38:37.494 [INFO    ] orchestrator: engine produced: signals_summary_1775486317.json
2026-04-06 17:38:37.494 [INFO    ] orchestrator: cleaned up old summary: signals_summary_1775474128.json
2026-04-06 17:38:37.494 [INFO    ] orchestrator: ranked 1 signals
2026-04-06 17:38:37.494 [INFO    ] orchestrator:   #1 Down score=3.18 tier=BRONZE folds=2/8 idx=[6, 9] p=1.69e-05 ev=0.0667
2026-04-06 17:38:37.494 [INFO    ] orchestrator: signal #1 Down [290s->160s] d>=0.0% v<=0.05% score 3.18 < threshold 10.00 — skipping
2026-04-06 17:38:37.510 [INFO    ] orchestrator: no signal passed all delivery gates — not sending to bot
2026-04-06 17:53:37.528 [INFO    ] orchestrator: data quality check passed: 600 windows available
2026-04-06 17:53:37.528 [INFO    ] orchestrator: starting engine: C:\Users\operator\Desktop\PolySignalLab\PolySignalEngine\build\Release\PolySignalEngine.exe C:\Users\operator\Desktop\PolySignalLab\PolyDataCollector\data --output-dir C:\Users\operator\Desktop\PolySignalLab\engine_output
2026-04-06 17:53:53.078 [INFO    ] orchestrator: engine: 
2026-04-06 17:53:53.078 [INFO    ] orchestrator: engine: ==========================================================
2026-04-06 17:53:53.078 [INFO    ] orchestrator: engine:   SUMMARY
2026-04-06 17:53:53.078 [INFO    ] orchestrator: engine: ==========================================================
2026-04-06 17:53:53.078 [INFO    ] orchestrator: engine:   Total windows:         600 (307 UP, 293 DOWN)
2026-04-06 17:53:53.078 [INFO    ] orchestrator: engine:   Walk-forward folds:    10 (8 test iterations)
2026-04-06 17:53:53.078 [INFO    ] orchestrator: engine:   OOS base rate:         50.0% UP (480 test windows total)
2026-04-06 17:53:53.078 [INFO    ] orchestrator: engine:   Viable WF-OOS signals: 2
2026-04-06 17:53:53.078 [INFO    ] orchestrator: engine:   Compute time:          14.20s
2026-04-06 17:53:53.078 [INFO    ] orchestrator: engine: ==========================================================
2026-04-06 17:53:53.078 [INFO    ] orchestrator: engine produced: signals_summary_1775487233.json
2026-04-06 17:53:53.078 [INFO    ] orchestrator: cleaned up old summary: signals_summary_1775475044.json
2026-04-06 17:53:53.078 [INFO    ] orchestrator: ranked 2 signals
2026-04-06 17:53:53.078 [INFO    ] orchestrator:   #1 Down score=5.57 tier=BRONZE folds=2/8 idx=[7, 9] p=5.01e-07 ev=0.0786
2026-04-06 17:53:53.094 [INFO    ] orchestrator:   #2 Down score=2.82 tier=BRONZE folds=2/8 idx=[8, 9] p=5.01e-07 ev=0.0429
2026-04-06 17:53:53.094 [INFO    ] orchestrator: signal #1 Down [180s->150s] d>=0.0% v<=0.05% score 5.57 < threshold 10.00 — skipping
2026-04-06 17:53:53.094 [INFO    ] orchestrator: no signal passed all delivery gates — not sending to bot
2026-04-06 18:08:53.113 [INFO    ] orchestrator: data quality check passed: 600 windows available
2026-04-06 18:08:53.113 [INFO    ] orchestrator: starting engine: C:\Users\operator\Desktop\PolySignalLab\PolySignalEngine\build\Release\PolySignalEngine.exe C:\Users\operator\Desktop\PolySignalLab\PolyDataCollector\data --output-dir C:\Users\operator\Desktop\PolySignalLab\engine_output
2026-04-06 18:09:08.713 [INFO    ] orchestrator: engine: 
2026-04-06 18:09:08.713 [INFO    ] orchestrator: engine: ==========================================================
2026-04-06 18:09:08.713 [INFO    ] orchestrator: engine:   SUMMARY
2026-04-06 18:09:08.713 [INFO    ] orchestrator: engine: ==========================================================
2026-04-06 18:09:08.713 [INFO    ] orchestrator: engine:   Total windows:         600 (308 UP, 292 DOWN)
2026-04-06 18:09:08.713 [INFO    ] orchestrator: engine:   Walk-forward folds:    10 (8 test iterations)
2026-04-06 18:09:08.713 [INFO    ] orchestrator: engine:   OOS base rate:         50.2% UP (480 test windows total)
2026-04-06 18:09:08.713 [INFO    ] orchestrator: engine:   Viable WF-OOS signals: 1
2026-04-06 18:09:08.713 [INFO    ] orchestrator: engine:   Compute time:          14.24s
2026-04-06 18:09:08.713 [INFO    ] orchestrator: engine: ==========================================================
2026-04-06 18:09:08.713 [INFO    ] orchestrator: engine produced: signals_summary_1775488148.json
2026-04-06 18:09:08.713 [INFO    ] orchestrator: cleaned up old summary: signals_summary_1775475960.json
2026-04-06 18:09:08.713 [INFO    ] orchestrator: ranked 1 signals
2026-04-06 18:09:08.713 [INFO    ] orchestrator:   #1 Up score=2.57 tier=BRONZE folds=2/8 idx=[5, 8] p=2.42e-07 ev=0.0460
2026-04-06 18:09:08.713 [INFO    ] orchestrator: signal #1 Up [200s->120s] d>=0.07% v<=0.25% score 2.57 < threshold 10.00 — skipping
2026-04-06 18:09:08.729 [INFO    ] orchestrator: no signal passed all delivery gates — not sending to bot
2026-04-06 18:24:08.746 [INFO    ] orchestrator: data quality check passed: 600 windows available
2026-04-06 18:24:08.746 [INFO    ] orchestrator: starting engine: C:\Users\operator\Desktop\PolySignalLab\PolySignalEngine\build\Release\PolySignalEngine.exe C:\Users\operator\Desktop\PolySignalLab\PolyDataCollector\data --output-dir C:\Users\operator\Desktop\PolySignalLab\engine_output
2026-04-06 18:24:24.333 [INFO    ] orchestrator: engine: 
2026-04-06 18:24:24.333 [INFO    ] orchestrator: engine: ==========================================================
2026-04-06 18:24:24.333 [INFO    ] orchestrator: engine:   SUMMARY
2026-04-06 18:24:24.333 [INFO    ] orchestrator: engine: ==========================================================
2026-04-06 18:24:24.333 [INFO    ] orchestrator: engine:   Total windows:         600 (307 UP, 293 DOWN)
2026-04-06 18:24:24.333 [INFO    ] orchestrator: engine:   Walk-forward folds:    10 (8 test iterations)
2026-04-06 18:24:24.333 [INFO    ] orchestrator: engine:   OOS base rate:         50.4% UP (480 test windows total)
2026-04-06 18:24:24.333 [INFO    ] orchestrator: engine:   Viable WF-OOS signals: 2
2026-04-06 18:24:24.333 [INFO    ] orchestrator: engine:   Compute time:          14.29s
2026-04-06 18:24:24.333 [INFO    ] orchestrator: engine: ==========================================================
2026-04-06 18:24:24.333 [INFO    ] orchestrator: engine produced: signals_summary_1775489064.json
2026-04-06 18:24:24.333 [INFO    ] orchestrator: cleaned up old summary: signals_summary_1775476876.json
2026-04-06 18:24:24.333 [INFO    ] orchestrator: ranked 2 signals
2026-04-06 18:24:24.333 [INFO    ] orchestrator:   #1 Up score=3.31 tier=BRONZE folds=2/8 idx=[8, 9] p=2.24e-06 ev=0.0545
2026-04-06 18:24:24.333 [INFO    ] orchestrator:   #2 Up score=0.01 tier=BRONZE folds=2/8 idx=[8, 9] p=1.20e-04 ev=0.0002
2026-04-06 18:24:24.348 [INFO    ] orchestrator: signal #1 Up [260s->180s] d>=0.07% v<=0.15% score 3.31 < threshold 10.00 — skipping
2026-04-06 18:24:24.348 [INFO    ] orchestrator: no signal passed all delivery gates — not sending to bot
2026-04-06 18:39:24.358 [INFO    ] orchestrator: data quality check passed: 600 windows available
2026-04-06 18:39:24.358 [INFO    ] orchestrator: starting engine: C:\Users\operator\Desktop\PolySignalLab\PolySignalEngine\build\Release\PolySignalEngine.exe C:\Users\operator\Desktop\PolySignalLab\PolyDataCollector\data --output-dir C:\Users\operator\Desktop\PolySignalLab\engine_output
2026-04-06 18:39:40.073 [INFO    ] orchestrator: engine: 
2026-04-06 18:39:40.073 [INFO    ] orchestrator: engine: ==========================================================
2026-04-06 18:39:40.073 [INFO    ] orchestrator: engine:   SUMMARY
2026-04-06 18:39:40.073 [INFO    ] orchestrator: engine: ==========================================================
2026-04-06 18:39:40.073 [INFO    ] orchestrator: engine:   Total windows:         600 (308 UP, 292 DOWN)
2026-04-06 18:39:40.073 [INFO    ] orchestrator: engine:   Walk-forward folds:    10 (8 test iterations)
2026-04-06 18:39:40.073 [INFO    ] orchestrator: engine:   OOS base rate:         50.6% UP (480 test windows total)
2026-04-06 18:39:40.073 [INFO    ] orchestrator: engine:   Viable WF-OOS signals: 1
2026-04-06 18:39:40.073 [INFO    ] orchestrator: engine:   Compute time:          14.32s
2026-04-06 18:39:40.073 [INFO    ] orchestrator: engine: ==========================================================
2026-04-06 18:39:40.073 [INFO    ] orchestrator: engine produced: signals_summary_1775489980.json
2026-04-06 18:39:40.073 [INFO    ] orchestrator: cleaned up old summary: signals_summary_1775477792.json
2026-04-06 18:39:40.073 [INFO    ] orchestrator: ranked 1 signals
2026-04-06 18:39:40.073 [INFO    ] orchestrator:   #1 Up score=0.03 tier=BRONZE folds=3/8 idx=[7, 8, 9] p=5.41e-06 ev=0.0003
2026-04-06 18:39:40.073 [INFO    ] orchestrator: signal #1 Up [250s->90s] d>=0.07% v<=0.05% score 0.03 < threshold 10.00 — skipping
2026-04-06 18:39:40.089 [INFO    ] orchestrator: no signal passed all delivery gates — not sending to bot
2026-04-06 18:54:40.106 [INFO    ] orchestrator: data quality check passed: 600 windows available
2026-04-06 18:54:40.106 [INFO    ] orchestrator: starting engine: C:\Users\operator\Desktop\PolySignalLab\PolySignalEngine\build\Release\PolySignalEngine.exe C:\Users\operator\Desktop\PolySignalLab\PolyDataCollector\data --output-dir C:\Users\operator\Desktop\PolySignalLab\engine_output
2026-04-06 18:54:55.730 [INFO    ] orchestrator: engine: 
2026-04-06 18:54:55.730 [INFO    ] orchestrator: engine: ==========================================================
2026-04-06 18:54:55.730 [INFO    ] orchestrator: engine:   SUMMARY
2026-04-06 18:54:55.730 [INFO    ] orchestrator: engine: ==========================================================
2026-04-06 18:54:55.730 [INFO    ] orchestrator: engine:   Total windows:         600 (308 UP, 292 DOWN)
2026-04-06 18:54:55.730 [INFO    ] orchestrator: engine:   Walk-forward folds:    10 (8 test iterations)
2026-04-06 18:54:55.730 [INFO    ] orchestrator: engine:   OOS base rate:         50.6% UP (480 test windows total)
2026-04-06 18:54:55.730 [INFO    ] orchestrator: engine:   Viable WF-OOS signals: 4
2026-04-06 18:54:55.730 [INFO    ] orchestrator: engine:   Compute time:          14.24s
2026-04-06 18:54:55.730 [INFO    ] orchestrator: engine: ==========================================================
2026-04-06 18:54:55.730 [INFO    ] orchestrator: engine produced: signals_summary_1775490895.json
2026-04-06 18:54:55.742 [INFO    ] orchestrator: cleaned up old summary: signals_summary_1775478709.json
2026-04-06 18:54:55.742 [INFO    ] orchestrator: ranked 4 signals
2026-04-06 18:54:55.742 [INFO    ] orchestrator:   #1 Up score=2.94 tier=BRONZE folds=2/8 idx=[8, 9] p=4.63e-06 ev=0.0532
2026-04-06 18:54:55.742 [INFO    ] orchestrator:   #2 Up score=1.02 tier=BRONZE folds=2/8 idx=[8, 9] p=1.08e-04 ev=0.0258
2026-04-06 18:54:55.742 [INFO    ] orchestrator:   #3 Down score=0.82 tier=BRONZE folds=2/8 idx=[3, 9] p=9.36e-04 ev=0.0267
2026-04-06 18:54:55.742 [INFO    ] orchestrator:   #4 Down score=0.59 tier=BRONZE folds=2/8 idx=[4, 9] p=1.02e-03 ev=0.0228
2026-04-06 18:54:55.742 [INFO    ] orchestrator: signal #1 Up [260s->180s] d>=0.07% v<=0.15% score 2.94 < threshold 10.00 — skipping
2026-04-06 18:54:55.742 [INFO    ] orchestrator: no signal passed all delivery gates — not sending to bot
2026-04-06 19:09:55.767 [INFO    ] orchestrator: data quality check passed: 600 windows available
2026-04-06 19:09:55.767 [INFO    ] orchestrator: starting engine: C:\Users\operator\Desktop\PolySignalLab\PolySignalEngine\build\Release\PolySignalEngine.exe C:\Users\operator\Desktop\PolySignalLab\PolyDataCollector\data --output-dir C:\Users\operator\Desktop\PolySignalLab\engine_output
2026-04-06 19:10:12.242 [INFO    ] orchestrator: engine: 
2026-04-06 19:10:12.242 [INFO    ] orchestrator: engine: ==========================================================
2026-04-06 19:10:12.242 [INFO    ] orchestrator: engine:   SUMMARY
2026-04-06 19:10:12.242 [INFO    ] orchestrator: engine: ==========================================================
2026-04-06 19:10:12.242 [INFO    ] orchestrator: engine:   Total windows:         600 (308 UP, 292 DOWN)
2026-04-06 19:10:12.242 [INFO    ] orchestrator: engine:   Walk-forward folds:    10 (8 test iterations)
2026-04-06 19:10:12.242 [INFO    ] orchestrator: engine:   OOS base rate:         50.8% UP (480 test windows total)
2026-04-06 19:10:12.242 [INFO    ] orchestrator: engine:   Viable WF-OOS signals: 2
2026-04-06 19:10:12.242 [INFO    ] orchestrator: engine:   Compute time:          15.04s
2026-04-06 19:10:12.242 [INFO    ] orchestrator: engine: ==========================================================
2026-04-06 19:10:12.242 [INFO    ] orchestrator: engine produced: signals_summary_1775491812.json
2026-04-06 19:10:12.242 [INFO    ] orchestrator: cleaned up old summary: signals_summary_1775480823.json
2026-04-06 19:10:12.242 [INFO    ] orchestrator: ranked 2 signals
2026-04-06 19:10:12.242 [INFO    ] orchestrator:   #1 Up score=3.44 tier=BRONZE folds=2/8 idx=[8, 9] p=2.71e-06 ev=0.0569
2026-04-06 19:10:12.242 [INFO    ] orchestrator:   #2 Down score=0.13 tier=BRONZE folds=2/8 idx=[7, 8] p=3.13e-02 ev=0.0154
2026-04-06 19:10:12.242 [INFO    ] orchestrator: signal #1 Up [260s->180s] d>=0.07% v<=0.15% score 3.44 < threshold 10.00 — skipping
2026-04-06 19:10:12.242 [INFO    ] orchestrator: no signal passed all delivery gates — not sending to bot
2026-04-06 19:25:12.263 [INFO    ] orchestrator: data quality check passed: 600 windows available
2026-04-06 19:25:12.263 [INFO    ] orchestrator: starting engine: C:\Users\operator\Desktop\PolySignalLab\PolySignalEngine\build\Release\PolySignalEngine.exe C:\Users\operator\Desktop\PolySignalLab\PolyDataCollector\data --output-dir C:\Users\operator\Desktop\PolySignalLab\engine_output
2026-04-06 19:25:27.888 [INFO    ] orchestrator: engine: 
2026-04-06 19:25:27.888 [INFO    ] orchestrator: engine: ==========================================================
2026-04-06 19:25:27.888 [INFO    ] orchestrator: engine:   SUMMARY
2026-04-06 19:25:27.888 [INFO    ] orchestrator: engine: ==========================================================
2026-04-06 19:25:27.888 [INFO    ] orchestrator: engine:   Total windows:         600 (307 UP, 293 DOWN)
2026-04-06 19:25:27.888 [INFO    ] orchestrator: engine:   Walk-forward folds:    10 (8 test iterations)
2026-04-06 19:25:27.888 [INFO    ] orchestrator: engine:   OOS base rate:         51.0% UP (480 test windows total)
2026-04-06 19:25:27.888 [INFO    ] orchestrator: engine:   Viable WF-OOS signals: 3
2026-04-06 19:25:27.888 [INFO    ] orchestrator: engine:   Compute time:          14.32s
2026-04-06 19:25:27.888 [INFO    ] orchestrator: engine: ==========================================================
2026-04-06 19:25:27.888 [INFO    ] orchestrator: engine produced: signals_summary_1775492727.json
2026-04-06 19:25:27.888 [INFO    ] orchestrator: cleaned up old summary: signals_summary_1775481739.json
2026-04-06 19:25:27.888 [INFO    ] orchestrator: ranked 3 signals
2026-04-06 19:25:27.888 [INFO    ] orchestrator:   #1 Up score=4.10 tier=BRONZE folds=3/8 idx=[7, 8, 9] p=2.06e-05 ev=0.0471
2026-04-06 19:25:27.888 [INFO    ] orchestrator:   #2 Up score=0.31 tier=BRONZE folds=3/8 idx=[3, 7, 8] p=2.13e-06 ev=0.0038
2026-04-06 19:25:27.904 [INFO    ] orchestrator:   #3 Down score=0.26 tier=BRONZE folds=2/8 idx=[7, 8] p=2.04e-02 ev=0.0263
2026-04-06 19:25:27.904 [INFO    ] orchestrator: signal #1 Up [280s->150s] d>=0.07% v<=0.05% score 4.10 < threshold 10.00 — skipping
2026-04-06 19:25:27.904 [INFO    ] orchestrator: no signal passed all delivery gates — not sending to bot
2026-04-06 19:40:27.926 [INFO    ] orchestrator: data quality check passed: 600 windows available
2026-04-06 19:40:27.926 [INFO    ] orchestrator: starting engine: C:\Users\operator\Desktop\PolySignalLab\PolySignalEngine\build\Release\PolySignalEngine.exe C:\Users\operator\Desktop\PolySignalLab\PolyDataCollector\data --output-dir C:\Users\operator\Desktop\PolySignalLab\engine_output
2026-04-06 19:40:43.660 [INFO    ] orchestrator: engine: 
2026-04-06 19:40:43.660 [INFO    ] orchestrator: engine: ==========================================================
2026-04-06 19:40:43.660 [INFO    ] orchestrator: engine:   SUMMARY
2026-04-06 19:40:43.660 [INFO    ] orchestrator: engine: ==========================================================
2026-04-06 19:40:43.676 [INFO    ] orchestrator: engine:   Total windows:         600 (309 UP, 291 DOWN)
2026-04-06 19:40:43.676 [INFO    ] orchestrator: engine:   Walk-forward folds:    10 (8 test iterations)
2026-04-06 19:40:43.676 [INFO    ] orchestrator: engine:   OOS base rate:         51.2% UP (480 test windows total)
2026-04-06 19:40:43.676 [INFO    ] orchestrator: engine:   Viable WF-OOS signals: 5
2026-04-06 19:40:43.676 [INFO    ] orchestrator: engine:   Compute time:          14.34s
2026-04-06 19:40:43.676 [INFO    ] orchestrator: engine: ==========================================================
2026-04-06 19:40:43.676 [INFO    ] orchestrator: engine produced: signals_summary_1775493643.json
2026-04-06 19:40:43.676 [INFO    ] orchestrator: cleaned up old summary: signals_summary_1775483570.json
2026-04-06 19:40:43.676 [INFO    ] orchestrator: ranked 5 signals
2026-04-06 19:40:43.676 [INFO    ] orchestrator:   #1 Down score=4.48 tier=BRONZE folds=2/8 idx=[7, 9] p=5.44e-06 ev=0.0774
2026-04-06 19:40:43.676 [INFO    ] orchestrator:   #2 Up score=2.91 tier=BRONZE folds=2/8 idx=[8, 9] p=5.44e-06 ev=0.0541
2026-04-06 19:40:43.676 [INFO    ] orchestrator:   #3 Down score=1.61 tier=BRONZE folds=3/8 idx=[4, 6, 7] p=4.63e-03 ev=0.0589
2026-04-06 19:40:43.676 [INFO    ] orchestrator:   #4 Up score=0.25 tier=BRONZE folds=2/8 idx=[7, 8] p=7.85e-06 ev=0.0060
2026-04-06 19:40:43.676 [INFO    ] orchestrator:   #5 Up score=0.05 tier=BRONZE folds=3/8 idx=[3, 7, 8] p=2.77e-06 ev=0.0006
2026-04-06 19:40:43.676 [INFO    ] orchestrator: signal #1 Down [210s->110s] d>=0.0% v<=0.05% score 4.48 < threshold 10.00 — skipping
2026-04-06 19:40:43.676 [INFO    ] orchestrator: no signal passed all delivery gates — not sending to bot
2026-04-06 19:55:43.698 [INFO    ] orchestrator: data quality check passed: 600 windows available
2026-04-06 19:55:43.698 [INFO    ] orchestrator: starting engine: C:\Users\operator\Desktop\PolySignalLab\PolySignalEngine\build\Release\PolySignalEngine.exe C:\Users\operator\Desktop\PolySignalLab\PolyDataCollector\data --output-dir C:\Users\operator\Desktop\PolySignalLab\engine_output
2026-04-06 19:55:59.279 [INFO    ] orchestrator: engine: 
2026-04-06 19:55:59.279 [INFO    ] orchestrator: engine: ==========================================================
2026-04-06 19:55:59.279 [INFO    ] orchestrator: engine:   SUMMARY
2026-04-06 19:55:59.279 [INFO    ] orchestrator: engine: ==========================================================
2026-04-06 19:55:59.279 [INFO    ] orchestrator: engine:   Total windows:         600 (310 UP, 290 DOWN)
2026-04-06 19:55:59.279 [INFO    ] orchestrator: engine:   Walk-forward folds:    10 (8 test iterations)
2026-04-06 19:55:59.279 [INFO    ] orchestrator: engine:   OOS base rate:         51.7% UP (480 test windows total)
2026-04-06 19:55:59.279 [INFO    ] orchestrator: engine:   Viable WF-OOS signals: 4
2026-04-06 19:55:59.279 [INFO    ] orchestrator: engine:   Compute time:          14.26s
2026-04-06 19:55:59.279 [INFO    ] orchestrator: engine: ==========================================================
2026-04-06 19:55:59.279 [INFO    ] orchestrator: engine produced: signals_summary_1775494559.json
2026-04-06 19:55:59.288 [INFO    ] orchestrator: cleaned up old summary: signals_summary_1775485401.json
2026-04-06 19:55:59.288 [INFO    ] orchestrator: ranked 4 signals
2026-04-06 19:55:59.288 [INFO    ] orchestrator:   #1 Up score=3.80 tier=BRONZE folds=3/8 idx=[5, 7, 9] p=1.48e-07 ev=0.0267
2026-04-06 19:55:59.288 [INFO    ] orchestrator:   #2 Up score=2.87 tier=BRONZE folds=2/8 idx=[8, 9] p=7.82e-06 ev=0.0541
2026-04-06 19:55:59.288 [INFO    ] orchestrator:   #3 Up score=0.04 tier=BRONZE folds=3/8 idx=[7, 8, 9] p=2.92e-03 ev=0.0009
2026-04-06 19:55:59.288 [INFO    ] orchestrator:   #4 Down score=0.01 tier=BRONZE folds=2/8 idx=[7, 8] p=3.42e-02 ev=0.0007
2026-04-06 19:55:59.288 [INFO    ] orchestrator: signal #1 Up [260s->110s] d>=0.07% v<=0.1% score 3.80 < threshold 10.00 — skipping
2026-04-06 19:55:59.288 [INFO    ] orchestrator: no signal passed all delivery gates — not sending to bot
2026-04-06 20:10:59.305 [INFO    ] orchestrator: data quality check passed: 600 windows available
2026-04-06 20:10:59.305 [INFO    ] orchestrator: starting engine: C:\Users\operator\Desktop\PolySignalLab\PolySignalEngine\build\Release\PolySignalEngine.exe C:\Users\operator\Desktop\PolySignalLab\PolyDataCollector\data --output-dir C:\Users\operator\Desktop\PolySignalLab\engine_output
2026-04-06 20:11:15.212 [INFO    ] orchestrator: engine: 
2026-04-06 20:11:15.212 [INFO    ] orchestrator: engine: ==========================================================
2026-04-06 20:11:15.212 [INFO    ] orchestrator: engine:   SUMMARY
2026-04-06 20:11:15.212 [INFO    ] orchestrator: engine: ==========================================================
2026-04-06 20:11:15.214 [INFO    ] orchestrator: engine:   Total windows:         600 (308 UP, 292 DOWN)
2026-04-06 20:11:15.214 [INFO    ] orchestrator: engine:   Walk-forward folds:    10 (8 test iterations)
2026-04-06 20:11:15.214 [INFO    ] orchestrator: engine:   OOS base rate:         51.7% UP (480 test windows total)
2026-04-06 20:11:15.214 [INFO    ] orchestrator: engine:   Viable WF-OOS signals: 1
2026-04-06 20:11:15.214 [INFO    ] orchestrator: engine:   Compute time:          14.37s
2026-04-06 20:11:15.216 [INFO    ] orchestrator: engine: ==========================================================
2026-04-06 20:11:15.216 [INFO    ] orchestrator: engine produced: signals_summary_1775495475.json
2026-04-06 20:11:15.218 [INFO    ] orchestrator: cleaned up old summary: signals_summary_1775486317.json
2026-04-06 20:11:15.218 [INFO    ] orchestrator: ranked 1 signals
2026-04-06 20:11:15.218 [INFO    ] orchestrator:   #1 Up score=2.47 tier=BRONZE folds=2/8 idx=[8, 9] p=3.45e-05 ev=0.0554
2026-04-06 20:11:15.220 [INFO    ] orchestrator: signal #1 Up [260s->180s] d>=0.07% v<=0.15% score 2.47 < threshold 10.00 — skipping
2026-04-06 20:11:15.228 [INFO    ] orchestrator: no signal passed all delivery gates — not sending to bot
2026-04-06 20:26:15.242 [INFO    ] orchestrator: data quality check passed: 600 windows available
2026-04-06 20:26:15.242 [INFO    ] orchestrator: starting engine: C:\Users\operator\Desktop\PolySignalLab\PolySignalEngine\build\Release\PolySignalEngine.exe C:\Users\operator\Desktop\PolySignalLab\PolyDataCollector\data --output-dir C:\Users\operator\Desktop\PolySignalLab\engine_output
2026-04-06 20:26:30.908 [INFO    ] orchestrator: engine: 
2026-04-06 20:26:30.908 [INFO    ] orchestrator: engine: ==========================================================
2026-04-06 20:26:30.908 [INFO    ] orchestrator: engine:   SUMMARY
2026-04-06 20:26:30.908 [INFO    ] orchestrator: engine: ==========================================================
2026-04-06 20:26:30.908 [INFO    ] orchestrator: engine:   Total windows:         600 (307 UP, 293 DOWN)
2026-04-06 20:26:30.908 [INFO    ] orchestrator: engine:   Walk-forward folds:    10 (8 test iterations)
2026-04-06 20:26:30.908 [INFO    ] orchestrator: engine:   OOS base rate:         51.7% UP (480 test windows total)
2026-04-06 20:26:30.908 [INFO    ] orchestrator: engine:   Viable WF-OOS signals: 2
2026-04-06 20:26:30.908 [INFO    ] orchestrator: engine:   Compute time:          14.17s
2026-04-06 20:26:30.908 [INFO    ] orchestrator: engine: ==========================================================
2026-04-06 20:26:30.908 [INFO    ] orchestrator: engine produced: signals_summary_1775496390.json
2026-04-06 20:26:30.908 [INFO    ] orchestrator: cleaned up old summary: signals_summary_1775487233.json
2026-04-06 20:26:30.908 [INFO    ] orchestrator: ranked 2 signals
2026-04-06 20:26:30.908 [INFO    ] orchestrator:   #1 Up score=2.89 tier=BRONZE folds=3/8 idx=[7, 8, 9] p=5.57e-07 ev=0.0239
2026-04-06 20:26:30.908 [INFO    ] orchestrator:   #2 Up score=1.05 tier=BRONZE folds=3/8 idx=[7, 8, 9] p=1.79e-07 ev=0.0075
2026-04-06 20:26:30.908 [INFO    ] orchestrator: signal #1 Up [260s->180s] d>=0.07% v<=0.15% score 2.89 < threshold 10.00 — skipping
2026-04-06 20:26:30.924 [INFO    ] orchestrator: no signal passed all delivery gates — not sending to bot
2026-04-06 20:41:30.938 [INFO    ] orchestrator: data quality check passed: 600 windows available
2026-04-06 20:41:30.938 [INFO    ] orchestrator: starting engine: C:\Users\operator\Desktop\PolySignalLab\PolySignalEngine\build\Release\PolySignalEngine.exe C:\Users\operator\Desktop\PolySignalLab\PolyDataCollector\data --output-dir C:\Users\operator\Desktop\PolySignalLab\engine_output
2026-04-06 20:41:46.769 [INFO    ] orchestrator: engine: 
2026-04-06 20:41:46.769 [INFO    ] orchestrator: engine: ==========================================================
2026-04-06 20:41:46.771 [INFO    ] orchestrator: engine:   SUMMARY
2026-04-06 20:41:46.771 [INFO    ] orchestrator: engine: ==========================================================
2026-04-06 20:41:46.771 [INFO    ] orchestrator: engine:   Total windows:         600 (310 UP, 290 DOWN)
2026-04-06 20:41:46.771 [INFO    ] orchestrator: engine:   Walk-forward folds:    10 (8 test iterations)
2026-04-06 20:41:46.773 [INFO    ] orchestrator: engine:   OOS base rate:         52.5% UP (480 test windows total)
2026-04-06 20:41:46.773 [INFO    ] orchestrator: engine:   Viable WF-OOS signals: 5
2026-04-06 20:41:46.773 [INFO    ] orchestrator: engine:   Compute time:          14.35s
2026-04-06 20:41:46.773 [INFO    ] orchestrator: engine: ==========================================================
2026-04-06 20:41:46.775 [INFO    ] orchestrator: engine produced: signals_summary_1775497306.json
2026-04-06 20:41:46.775 [INFO    ] orchestrator: cleaned up old summary: signals_summary_1775488148.json
2026-04-06 20:41:46.775 [INFO    ] orchestrator: ranked 5 signals
2026-04-06 20:41:46.777 [INFO    ] orchestrator:   #1 Up score=6.54 tier=BRONZE folds=4/8 idx=[5, 7, 8, 9] p=1.31e-07 ev=0.0322
2026-04-06 20:41:46.777 [INFO    ] orchestrator:   #2 Up score=2.41 tier=BRONZE folds=2/8 idx=[7, 9] p=1.25e-04 ev=0.0619
2026-04-06 20:41:46.777 [INFO    ] orchestrator:   #3 Up score=0.59 tier=BRONZE folds=2/8 idx=[7, 8] p=2.79e-05 ev=0.0170
2026-04-06 20:41:46.777 [INFO    ] orchestrator:   #4 Up score=0.39 tier=BRONZE folds=2/8 idx=[7, 9] p=8.86e-04 ev=0.0156
2026-04-06 20:41:46.779 [INFO    ] orchestrator:   #5 Up score=0.27 tier=BRONZE folds=2/8 idx=[8, 9] p=1.59e-02 ev=0.0173
2026-04-06 20:41:46.779 [INFO    ] orchestrator: signal #1 Up [260s->180s] d>=0.07% v<=0.15% score 6.54 < threshold 10.00 — skipping
2026-04-06 20:41:46.789 [INFO    ] orchestrator: no signal passed all delivery gates — not sending to bot
2026-04-06 20:56:46.791 [INFO    ] orchestrator: data quality check passed: 600 windows available
2026-04-06 20:56:46.791 [INFO    ] orchestrator: starting engine: C:\Users\operator\Desktop\PolySignalLab\PolySignalEngine\build\Release\PolySignalEngine.exe C:\Users\operator\Desktop\PolySignalLab\PolyDataCollector\data --output-dir C:\Users\operator\Desktop\PolySignalLab\engine_output
2026-04-06 20:57:02.593 [INFO    ] orchestrator: engine: 
2026-04-06 20:57:02.593 [INFO    ] orchestrator: engine: ==========================================================
2026-04-06 20:57:02.593 [INFO    ] orchestrator: engine:   SUMMARY
2026-04-06 20:57:02.593 [INFO    ] orchestrator: engine: ==========================================================
2026-04-06 20:57:02.593 [INFO    ] orchestrator: engine:   Total windows:         600 (310 UP, 290 DOWN)
2026-04-06 20:57:02.593 [INFO    ] orchestrator: engine:   Walk-forward folds:    10 (8 test iterations)
2026-04-06 20:57:02.593 [INFO    ] orchestrator: engine:   OOS base rate:         52.3% UP (480 test windows total)
2026-04-06 20:57:02.593 [INFO    ] orchestrator: engine:   Viable WF-OOS signals: 1
2026-04-06 20:57:02.593 [INFO    ] orchestrator: engine:   Compute time:          14.40s
2026-04-06 20:57:02.609 [INFO    ] orchestrator: engine: ==========================================================
2026-04-06 20:57:02.609 [INFO    ] orchestrator: engine produced: signals_summary_1775498222.json
2026-04-06 20:57:02.609 [INFO    ] orchestrator: cleaned up old summary: signals_summary_1775489064.json
2026-04-06 20:57:02.609 [INFO    ] orchestrator: ranked 1 signals
2026-04-06 20:57:02.609 [INFO    ] orchestrator:   #1 Up score=2.10 tier=BRONZE folds=2/8 idx=[7, 9] p=1.16e-04 ev=0.0533
2026-04-06 20:57:02.609 [INFO    ] orchestrator: signal #1 Up [280s->150s] d>=0.07% v<=0.05% score 2.10 < threshold 10.00 — skipping
2026-04-06 20:57:02.609 [INFO    ] orchestrator: no signal passed all delivery gates — not sending to bot
2026-04-06 21:12:02.625 [INFO    ] orchestrator: data quality check passed: 600 windows available
2026-04-06 21:12:02.625 [INFO    ] orchestrator: starting engine: C:\Users\operator\Desktop\PolySignalLab\PolySignalEngine\build\Release\PolySignalEngine.exe C:\Users\operator\Desktop\PolySignalLab\PolyDataCollector\data --output-dir C:\Users\operator\Desktop\PolySignalLab\engine_output
2026-04-06 21:12:18.376 [INFO    ] orchestrator: engine: 
2026-04-06 21:12:18.376 [INFO    ] orchestrator: engine: ==========================================================
2026-04-06 21:12:18.376 [INFO    ] orchestrator: engine:   SUMMARY
2026-04-06 21:12:18.376 [INFO    ] orchestrator: engine: ==========================================================
2026-04-06 21:12:18.376 [INFO    ] orchestrator: engine:   Total windows:         600 (311 UP, 289 DOWN)
2026-04-06 21:12:18.376 [INFO    ] orchestrator: engine:   Walk-forward folds:    10 (8 test iterations)
2026-04-06 21:12:18.376 [INFO    ] orchestrator: engine:   OOS base rate:         52.7% UP (480 test windows total)
2026-04-06 21:12:18.376 [INFO    ] orchestrator: engine:   Viable WF-OOS signals: 4
2026-04-06 21:12:18.376 [INFO    ] orchestrator: engine:   Compute time:          14.32s
2026-04-06 21:12:18.376 [INFO    ] orchestrator: engine: ==========================================================
2026-04-06 21:12:18.376 [INFO    ] orchestrator: engine produced: signals_summary_1775499138.json
2026-04-06 21:12:18.376 [INFO    ] orchestrator: cleaned up old summary: signals_summary_1775489980.json
2026-04-06 21:12:18.376 [INFO    ] orchestrator: ranked 4 signals
2026-04-06 21:12:18.376 [INFO    ] orchestrator:   #1 Up score=9.57 tier=BRONZE folds=3/8 idx=[5, 7, 8] p=1.89e-07 ev=0.0855
2026-04-06 21:12:18.376 [INFO    ] orchestrator:   #2 Up score=3.87 tier=BRONZE folds=3/8 idx=[7, 8, 9] p=1.42e-07 ev=0.0267
2026-04-06 21:12:18.376 [INFO    ] orchestrator:   #3 Up score=1.10 tier=BRONZE folds=3/8 idx=[7, 8, 9] p=2.49e-06 ev=0.0098
2026-04-06 21:12:18.376 [INFO    ] orchestrator:   #4 Down score=0.61 tier=BRONZE folds=2/8 idx=[6, 8] p=7.47e-03 ev=0.0405
2026-04-06 21:12:18.376 [INFO    ] orchestrator: signal #1 Up [290s->130s] d>=0.07% v<=0.05% score 9.57 < threshold 10.00 — skipping
2026-04-06 21:12:18.392 [INFO    ] orchestrator: no signal passed all delivery gates — not sending to bot
2026-04-06 21:27:18.406 [INFO    ] orchestrator: data quality check passed: 600 windows available
2026-04-06 21:27:18.408 [INFO    ] orchestrator: starting engine: C:\Users\operator\Desktop\PolySignalLab\PolySignalEngine\build\Release\PolySignalEngine.exe C:\Users\operator\Desktop\PolySignalLab\PolyDataCollector\data --output-dir C:\Users\operator\Desktop\PolySignalLab\engine_output
2026-04-06 21:27:34.560 [INFO    ] orchestrator: engine: 
2026-04-06 21:27:34.560 [INFO    ] orchestrator: engine: ==========================================================
2026-04-06 21:27:34.560 [INFO    ] orchestrator: engine:   SUMMARY
2026-04-06 21:27:34.560 [INFO    ] orchestrator: engine: ==========================================================
2026-04-06 21:27:34.560 [INFO    ] orchestrator: engine:   Total windows:         600 (312 UP, 288 DOWN)
2026-04-06 21:27:34.560 [INFO    ] orchestrator: engine:   Walk-forward folds:    10 (8 test iterations)
2026-04-06 21:27:34.560 [INFO    ] orchestrator: engine:   OOS base rate:         53.1% UP (480 test windows total)
2026-04-06 21:27:34.567 [INFO    ] orchestrator: engine:   Viable WF-OOS signals: 3
2026-04-06 21:27:34.567 [INFO    ] orchestrator: engine:   Compute time:          14.68s
2026-04-06 21:27:34.567 [INFO    ] orchestrator: engine: ==========================================================
2026-04-06 21:27:34.567 [INFO    ] orchestrator: engine produced: signals_summary_1775500054.json
2026-04-06 21:27:34.567 [INFO    ] orchestrator: cleaned up old summary: signals_summary_1775490895.json
2026-04-06 21:27:34.567 [INFO    ] orchestrator: ranked 3 signals
2026-04-06 21:27:34.567 [INFO    ] orchestrator:   #1 Up score=5.86 tier=BRONZE folds=4/8 idx=[5, 7, 8, 9] p=7.18e-08 ev=0.0263
2026-04-06 21:27:34.567 [INFO    ] orchestrator:   #2 Up score=2.16 tier=BRONZE folds=3/8 idx=[7, 8, 9] p=6.28e-05 ev=0.0304
2026-04-06 21:27:34.567 [INFO    ] orchestrator:   #3 Up score=1.78 tier=BRONZE folds=2/8 idx=[7, 9] p=2.53e-06 ev=0.0283
2026-04-06 21:27:34.567 [INFO    ] orchestrator: signal #1 Up [260s->180s] d>=0.07% v<=0.15% score 5.86 < threshold 10.00 — skipping
2026-04-06 21:27:34.567 [INFO    ] orchestrator: no signal passed all delivery gates — not sending to bot
2026-04-06 21:42:34.589 [INFO    ] orchestrator: data quality check passed: 600 windows available
2026-04-06 21:42:34.589 [INFO    ] orchestrator: starting engine: C:\Users\operator\Desktop\PolySignalLab\PolySignalEngine\build\Release\PolySignalEngine.exe C:\Users\operator\Desktop\PolySignalLab\PolyDataCollector\data --output-dir C:\Users\operator\Desktop\PolySignalLab\engine_output
2026-04-06 21:42:50.427 [INFO    ] orchestrator: engine: 
2026-04-06 21:42:50.427 [INFO    ] orchestrator: engine: ==========================================================
2026-04-06 21:42:50.427 [INFO    ] orchestrator: engine:   SUMMARY
2026-04-06 21:42:50.427 [INFO    ] orchestrator: engine: ==========================================================
2026-04-06 21:42:50.427 [INFO    ] orchestrator: engine:   Total windows:         600 (311 UP, 289 DOWN)
2026-04-06 21:42:50.427 [INFO    ] orchestrator: engine:   Walk-forward folds:    10 (8 test iterations)
2026-04-06 21:42:50.427 [INFO    ] orchestrator: engine:   OOS base rate:         52.9% UP (480 test windows total)
2026-04-06 21:42:50.427 [INFO    ] orchestrator: engine:   Viable WF-OOS signals: 4
2026-04-06 21:42:50.427 [INFO    ] orchestrator: engine:   Compute time:          14.36s
2026-04-06 21:42:50.427 [INFO    ] orchestrator: engine: ==========================================================
2026-04-06 21:42:50.427 [INFO    ] orchestrator: engine produced: signals_summary_1775500970.json
2026-04-06 21:42:50.427 [INFO    ] orchestrator: cleaned up old summary: signals_summary_1775491812.json
2026-04-06 21:42:50.427 [INFO    ] orchestrator: ranked 4 signals
2026-04-06 21:42:50.427 [INFO    ] orchestrator:   #1 Up score=3.45 tier=BRONZE folds=2/8 idx=[7, 9] p=3.01e-06 ev=0.0666
2026-04-06 21:42:50.427 [INFO    ] orchestrator:   #2 Up score=3.24 tier=BRONZE folds=3/8 idx=[7, 8, 9] p=4.49e-07 ev=0.0254
2026-04-06 21:42:50.427 [INFO    ] orchestrator:   #3 Up score=1.22 tier=BRONZE folds=2/8 idx=[7, 9] p=6.02e-07 ev=0.0168
2026-04-06 21:42:50.427 [INFO    ] orchestrator:   #4 Up score=0.08 tier=BRONZE folds=2/8 idx=[2, 5] p=1.05e-02 ev=0.0069
2026-04-06 21:42:50.443 [INFO    ] orchestrator: signal #1 Up [230s->160s] d>=0.0% v<=0.05% score 3.45 < threshold 10.00 — skipping
2026-04-06 21:42:50.445 [INFO    ] orchestrator: no signal passed all delivery gates — not sending to bot
2026-04-06 21:57:50.452 [INFO    ] orchestrator: data quality check passed: 600 windows available
2026-04-06 21:57:50.452 [INFO    ] orchestrator: starting engine: C:\Users\operator\Desktop\PolySignalLab\PolySignalEngine\build\Release\PolySignalEngine.exe C:\Users\operator\Desktop\PolySignalLab\PolyDataCollector\data --output-dir C:\Users\operator\Desktop\PolySignalLab\engine_output
2026-04-06 21:58:06.272 [INFO    ] orchestrator: engine: 
2026-04-06 21:58:06.272 [INFO    ] orchestrator: engine: ==========================================================
2026-04-06 21:58:06.272 [INFO    ] orchestrator: engine:   SUMMARY
2026-04-06 21:58:06.272 [INFO    ] orchestrator: engine: ==========================================================
2026-04-06 21:58:06.272 [INFO    ] orchestrator: engine:   Total windows:         600 (309 UP, 291 DOWN)
2026-04-06 21:58:06.272 [INFO    ] orchestrator: engine:   Walk-forward folds:    10 (8 test iterations)
2026-04-06 21:58:06.272 [INFO    ] orchestrator: engine:   OOS base rate:         52.7% UP (480 test windows total)
2026-04-06 21:58:06.272 [INFO    ] orchestrator: engine:   Viable WF-OOS signals: 4
2026-04-06 21:58:06.272 [INFO    ] orchestrator: engine:   Compute time:          14.33s
2026-04-06 21:58:06.272 [INFO    ] orchestrator: engine: ==========================================================
2026-04-06 21:58:06.272 [INFO    ] orchestrator: engine produced: signals_summary_1775501886.json
2026-04-06 21:58:06.272 [INFO    ] orchestrator: cleaned up old summary: signals_summary_1775492727.json
2026-04-06 21:58:06.272 [INFO    ] orchestrator: ranked 4 signals
2026-04-06 21:58:06.272 [INFO    ] orchestrator:   #1 Up score=4.84 tier=BRONZE folds=4/8 idx=[5, 7, 8, 9] p=8.98e-08 ev=0.0222
2026-04-06 21:58:06.272 [INFO    ] orchestrator:   #2 Up score=3.79 tier=BRONZE folds=2/8 idx=[7, 9] p=1.05e-05 ev=0.0746
2026-04-06 21:58:06.272 [INFO    ] orchestrator:   #3 Up score=1.88 tier=BRONZE folds=2/8 idx=[7, 9] p=9.24e-05 ev=0.0477
2026-04-06 21:58:06.272 [INFO    ] orchestrator:   #4 Down score=0.05 tier=BRONZE folds=2/8 idx=[3, 7] p=2.91e-03 ev=0.0032
2026-04-06 21:58:06.272 [INFO    ] orchestrator: signal #1 Up [260s->180s] d>=0.07% v<=0.15% score 4.84 < threshold 10.00 — skipping
2026-04-06 21:58:06.288 [INFO    ] orchestrator: no signal passed all delivery gates — not sending to bot
2026-04-06 22:13:06.297 [INFO    ] orchestrator: data quality check passed: 600 windows available
2026-04-06 22:13:06.297 [INFO    ] orchestrator: starting engine: C:\Users\operator\Desktop\PolySignalLab\PolySignalEngine\build\Release\PolySignalEngine.exe C:\Users\operator\Desktop\PolySignalLab\PolyDataCollector\data --output-dir C:\Users\operator\Desktop\PolySignalLab\engine_output
2026-04-06 22:13:22.179 [INFO    ] orchestrator: engine: 
2026-04-06 22:13:22.184 [INFO    ] orchestrator: engine: ==========================================================
2026-04-06 22:13:22.184 [INFO    ] orchestrator: engine:   SUMMARY
2026-04-06 22:13:22.184 [INFO    ] orchestrator: engine: ==========================================================
2026-04-06 22:13:22.184 [INFO    ] orchestrator: engine:   Total windows:         600 (310 UP, 290 DOWN)
2026-04-06 22:13:22.184 [INFO    ] orchestrator: engine:   Walk-forward folds:    10 (8 test iterations)
2026-04-06 22:13:22.184 [INFO    ] orchestrator: engine:   OOS base rate:         52.5% UP (480 test windows total)
2026-04-06 22:13:22.184 [INFO    ] orchestrator: engine:   Viable WF-OOS signals: 2
2026-04-06 22:13:22.184 [INFO    ] orchestrator: engine:   Compute time:          14.46s
2026-04-06 22:13:22.184 [INFO    ] orchestrator: engine: ==========================================================
2026-04-06 22:13:22.184 [INFO    ] orchestrator: engine produced: signals_summary_1775502802.json
2026-04-06 22:13:22.184 [INFO    ] orchestrator: cleaned up old summary: signals_summary_1775493643.json
2026-04-06 22:13:22.184 [INFO    ] orchestrator: ranked 2 signals
2026-04-06 22:13:22.184 [INFO    ] orchestrator:   #1 Up score=1.15 tier=BRONZE folds=2/8 idx=[7, 9] p=1.38e-06 ev=0.0168
2026-04-06 22:13:22.184 [INFO    ] orchestrator:   #2 Down score=0.76 tier=BRONZE folds=3/8 idx=[3, 6, 8] p=6.46e-03 ev=0.0303
2026-04-06 22:13:22.184 [INFO    ] orchestrator: signal #1 Up [270s->100s] d>=0.07% v<=0.1% score 1.15 < threshold 10.00 — skipping
2026-04-06 22:13:22.184 [INFO    ] orchestrator: no signal passed all delivery gates — not sending to bot
2026-04-06 22:28:22.210 [INFO    ] orchestrator: data quality check passed: 600 windows available
2026-04-06 22:28:22.210 [INFO    ] orchestrator: starting engine: C:\Users\operator\Desktop\PolySignalLab\PolySignalEngine\build\Release\PolySignalEngine.exe C:\Users\operator\Desktop\PolySignalLab\PolyDataCollector\data --output-dir C:\Users\operator\Desktop\PolySignalLab\engine_output
2026-04-06 22:28:38.215 [INFO    ] orchestrator: engine: 
2026-04-06 22:28:38.215 [INFO    ] orchestrator: engine: ==========================================================
2026-04-06 22:28:38.215 [INFO    ] orchestrator: engine:   SUMMARY
2026-04-06 22:28:38.215 [INFO    ] orchestrator: engine: ==========================================================
2026-04-06 22:28:38.215 [INFO    ] orchestrator: engine:   Total windows:         600 (309 UP, 291 DOWN)
2026-04-06 22:28:38.215 [INFO    ] orchestrator: engine:   Walk-forward folds:    10 (8 test iterations)
2026-04-06 22:28:38.215 [INFO    ] orchestrator: engine:   OOS base rate:         52.3% UP (480 test windows total)
2026-04-06 22:28:38.215 [INFO    ] orchestrator: engine:   Viable WF-OOS signals: 1
2026-04-06 22:28:38.215 [INFO    ] orchestrator: engine:   Compute time:          14.50s
2026-04-06 22:28:38.215 [INFO    ] orchestrator: engine: ==========================================================
2026-04-06 22:28:38.215 [INFO    ] orchestrator: engine produced: signals_summary_1775503718.json
2026-04-06 22:28:38.215 [INFO    ] orchestrator: cleaned up old summary: signals_summary_1775494559.json
2026-04-06 22:28:38.215 [INFO    ] orchestrator: ranked 1 signals
2026-04-06 22:28:38.215 [INFO    ] orchestrator:   #1 Down score=2.02 tier=BRONZE folds=2/8 idx=[3, 4] p=7.60e-05 ev=0.0683
2026-04-06 22:28:38.215 [INFO    ] orchestrator: signal #1 Down [270s->190s] d>=0.0% v<=0.05% score 2.02 < threshold 10.00 — skipping
2026-04-06 22:28:38.231 [INFO    ] orchestrator: no signal passed all delivery gates — not sending to bot
2026-04-06 22:43:38.246 [INFO    ] orchestrator: data quality check passed: 600 windows available
2026-04-06 22:43:38.246 [INFO    ] orchestrator: starting engine: C:\Users\operator\Desktop\PolySignalLab\PolySignalEngine\build\Release\PolySignalEngine.exe C:\Users\operator\Desktop\PolySignalLab\PolyDataCollector\data --output-dir C:\Users\operator\Desktop\PolySignalLab\engine_output
2026-04-06 22:43:54.130 [INFO    ] orchestrator: engine: 
2026-04-06 22:43:54.130 [INFO    ] orchestrator: engine: ==========================================================
2026-04-06 22:43:54.130 [INFO    ] orchestrator: engine:   SUMMARY
2026-04-06 22:43:54.130 [INFO    ] orchestrator: engine: ==========================================================
2026-04-06 22:43:54.130 [INFO    ] orchestrator: engine:   Total windows:         600 (310 UP, 290 DOWN)
2026-04-06 22:43:54.130 [INFO    ] orchestrator: engine:   Walk-forward folds:    10 (8 test iterations)
2026-04-06 22:43:54.137 [INFO    ] orchestrator: engine:   OOS base rate:         52.5% UP (480 test windows total)
2026-04-06 22:43:54.137 [INFO    ] orchestrator: engine:   Viable WF-OOS signals: 3
2026-04-06 22:43:54.137 [INFO    ] orchestrator: engine:   Compute time:          14.53s
2026-04-06 22:43:54.137 [INFO    ] orchestrator: engine: ==========================================================
2026-04-06 22:43:54.137 [INFO    ] orchestrator: engine produced: signals_summary_1775504634.json
2026-04-06 22:43:54.137 [INFO    ] orchestrator: cleaned up old summary: signals_summary_1775495475.json
2026-04-06 22:43:54.137 [INFO    ] orchestrator: ranked 3 signals
2026-04-06 22:43:54.137 [INFO    ] orchestrator:   #1 Up score=4.79 tier=BRONZE folds=3/8 idx=[7, 8, 9] p=1.95e-07 ev=0.0368
2026-04-06 22:43:54.137 [INFO    ] orchestrator:   #2 Down score=2.35 tier=BRONZE folds=2/8 idx=[7, 8] p=2.08e-07 ev=0.0469
2026-04-06 22:43:54.137 [INFO    ] orchestrator:   #3 Down score=0.37 tier=BRONZE folds=2/8 idx=[3, 4] p=2.38e-03 ev=0.0242
2026-04-06 22:43:54.137 [INFO    ] orchestrator: signal #1 Up [260s->180s] d>=0.07% v<=0.15% score 4.79 < threshold 10.00 — skipping
2026-04-06 22:43:54.146 [INFO    ] orchestrator: no signal passed all delivery gates — not sending to bot
2026-04-06 22:58:54.155 [INFO    ] orchestrator: data quality check passed: 600 windows available
2026-04-06 22:58:54.155 [INFO    ] orchestrator: starting engine: C:\Users\operator\Desktop\PolySignalLab\PolySignalEngine\build\Release\PolySignalEngine.exe C:\Users\operator\Desktop\PolySignalLab\PolyDataCollector\data --output-dir C:\Users\operator\Desktop\PolySignalLab\engine_output
2026-04-06 22:59:10.326 [INFO    ] orchestrator: engine: 
2026-04-06 22:59:10.326 [INFO    ] orchestrator: engine: ==========================================================
2026-04-06 22:59:10.326 [INFO    ] orchestrator: engine:   SUMMARY
2026-04-06 22:59:10.326 [INFO    ] orchestrator: engine: ==========================================================
2026-04-06 22:59:10.326 [INFO    ] orchestrator: engine:   Total windows:         600 (310 UP, 290 DOWN)
2026-04-06 22:59:10.326 [INFO    ] orchestrator: engine:   Walk-forward folds:    10 (8 test iterations)
2026-04-06 22:59:10.326 [INFO    ] orchestrator: engine:   OOS base rate:         52.5% UP (480 test windows total)
2026-04-06 22:59:10.326 [INFO    ] orchestrator: engine:   Viable WF-OOS signals: 3
2026-04-06 22:59:10.326 [INFO    ] orchestrator: engine:   Compute time:          14.72s
2026-04-06 22:59:10.326 [INFO    ] orchestrator: engine: ==========================================================
2026-04-06 22:59:10.326 [INFO    ] orchestrator: engine produced: signals_summary_1775505550.json
2026-04-06 22:59:10.326 [INFO    ] orchestrator: cleaned up old summary: signals_summary_1775496390.json
2026-04-06 22:59:10.326 [INFO    ] orchestrator: ranked 3 signals
2026-04-06 22:59:10.326 [INFO    ] orchestrator:   #1 Down score=2.50 tier=BRONZE folds=2/8 idx=[7, 8] p=1.47e-07 ev=0.0469
2026-04-06 22:59:10.326 [INFO    ] orchestrator:   #2 Up score=1.85 tier=BRONZE folds=3/8 idx=[6, 7, 9] p=7.72e-06 ev=0.0197
2026-04-06 22:59:10.326 [INFO    ] orchestrator:   #3 Up score=1.10 tier=BRONZE folds=2/8 idx=[5, 7] p=4.70e-06 ev=0.0245
2026-04-06 22:59:10.326 [INFO    ] orchestrator: signal #1 Down [180s->110s] d>=0.0% v<=0.05% score 2.50 < threshold 10.00 — skipping
2026-04-06 22:59:10.342 [INFO    ] orchestrator: no signal passed all delivery gates — not sending to bot
2026-04-06 23:14:10.355 [INFO    ] orchestrator: data quality check passed: 600 windows available
2026-04-06 23:14:10.355 [INFO    ] orchestrator: starting engine: C:\Users\operator\Desktop\PolySignalLab\PolySignalEngine\build\Release\PolySignalEngine.exe C:\Users\operator\Desktop\PolySignalLab\PolyDataCollector\data --output-dir C:\Users\operator\Desktop\PolySignalLab\engine_output
2026-04-06 23:14:26.246 [INFO    ] orchestrator: engine: 
2026-04-06 23:14:26.246 [INFO    ] orchestrator: engine: ==========================================================
2026-04-06 23:14:26.246 [INFO    ] orchestrator: engine:   SUMMARY
2026-04-06 23:14:26.246 [INFO    ] orchestrator: engine: ==========================================================
2026-04-06 23:14:26.246 [INFO    ] orchestrator: engine:   Total windows:         600 (310 UP, 290 DOWN)
2026-04-06 23:14:26.246 [INFO    ] orchestrator: engine:   Walk-forward folds:    10 (8 test iterations)
2026-04-06 23:14:26.246 [INFO    ] orchestrator: engine:   OOS base rate:         52.3% UP (480 test windows total)
2026-04-06 23:14:26.246 [INFO    ] orchestrator: engine:   Viable WF-OOS signals: 6
2026-04-06 23:14:26.246 [INFO    ] orchestrator: engine:   Compute time:          14.60s
2026-04-06 23:14:26.246 [INFO    ] orchestrator: engine: ==========================================================
2026-04-06 23:14:26.246 [INFO    ] orchestrator: engine produced: signals_summary_1775506466.json
2026-04-06 23:14:26.246 [INFO    ] orchestrator: cleaned up old summary: signals_summary_1775497306.json
2026-04-06 23:14:26.246 [INFO    ] orchestrator: ranked 6 signals
2026-04-06 23:14:26.246 [INFO    ] orchestrator:   #1 Up score=4.51 tier=BRONZE folds=3/8 idx=[6, 7, 9] p=3.97e-06 ev=0.0430
2026-04-06 23:14:26.246 [INFO    ] orchestrator:   #2 Up score=1.72 tier=BRONZE folds=2/8 idx=[7, 9] p=2.29e-06 ev=0.0281
2026-04-06 23:14:26.246 [INFO    ] orchestrator:   #3 Up score=1.58 tier=BRONZE folds=3/8 idx=[7, 8, 9] p=8.46e-05 ev=0.0235
2026-04-06 23:14:26.246 [INFO    ] orchestrator:   #4 Down score=0.31 tier=BRONZE folds=2/8 idx=[4, 6] p=6.98e-03 ev=0.0238
2026-04-06 23:14:26.246 [INFO    ] orchestrator:   #5 Up score=0.30 tier=BRONZE folds=2/8 idx=[7, 8] p=8.33e-05 ev=0.0102
2026-04-06 23:14:26.246 [INFO    ] orchestrator: signal #1 Up [280s->150s] d>=0.07% v<=0.05% score 4.51 < threshold 10.00 — skipping
2026-04-06 23:14:26.264 [INFO    ] orchestrator: no signal passed all delivery gates — not sending to bot
2026-04-06 23:29:26.284 [INFO    ] orchestrator: data quality check passed: 600 windows available
2026-04-06 23:29:26.284 [INFO    ] orchestrator: starting engine: C:\Users\operator\Desktop\PolySignalLab\PolySignalEngine\build\Release\PolySignalEngine.exe C:\Users\operator\Desktop\PolySignalLab\PolyDataCollector\data --output-dir C:\Users\operator\Desktop\PolySignalLab\engine_output
2026-04-06 23:29:42.290 [INFO    ] orchestrator: engine: 
2026-04-06 23:29:42.290 [INFO    ] orchestrator: engine: ==========================================================
2026-04-06 23:29:42.290 [INFO    ] orchestrator: engine:   SUMMARY
2026-04-06 23:29:42.290 [INFO    ] orchestrator: engine: ==========================================================
2026-04-06 23:29:42.290 [INFO    ] orchestrator: engine:   Total windows:         600 (311 UP, 289 DOWN)
2026-04-06 23:29:42.290 [INFO    ] orchestrator: engine:   Walk-forward folds:    10 (8 test iterations)
2026-04-06 23:29:42.290 [INFO    ] orchestrator: engine:   OOS base rate:         52.3% UP (480 test windows total)
2026-04-06 23:29:42.290 [INFO    ] orchestrator: engine:   Viable WF-OOS signals: 4
2026-04-06 23:29:42.290 [INFO    ] orchestrator: engine:   Compute time:          14.66s
2026-04-06 23:29:42.290 [INFO    ] orchestrator: engine: ==========================================================
2026-04-06 23:29:42.305 [INFO    ] orchestrator: engine produced: signals_summary_1775507382.json
2026-04-06 23:29:42.305 [INFO    ] orchestrator: cleaned up old summary: signals_summary_1775498222.json
2026-04-06 23:29:42.305 [INFO    ] orchestrator: ranked 4 signals
2026-04-06 23:29:42.305 [INFO    ] orchestrator:   #1 Up score=8.08 tier=BRONZE folds=4/8 idx=[6, 7, 8, 9] p=2.66e-06 ev=0.0485
2026-04-06 23:29:42.305 [INFO    ] orchestrator:   #2 Up score=1.59 tier=BRONZE folds=3/8 idx=[7, 8, 9] p=8.26e-05 ev=0.0235
2026-04-06 23:29:42.305 [INFO    ] orchestrator:   #3 Up score=0.44 tier=BRONZE folds=2/8 idx=[7, 8] p=4.25e-05 ev=0.0137
2026-04-06 23:29:42.305 [INFO    ] orchestrator:   #4 Up score=0.21 tier=BRONZE folds=2/8 idx=[6, 9] p=8.29e-04 ev=0.0075
2026-04-06 23:29:42.305 [INFO    ] orchestrator: signal #1 Up [280s->150s] d>=0.07% v<=0.05% score 8.08 < threshold 10.00 — skipping
2026-04-06 23:29:42.310 [INFO    ] orchestrator: no signal passed all delivery gates — not sending to bot
2026-04-06 23:44:41.236 [INFO    ] orchestrator: data quality check passed: 600 windows available
2026-04-06 23:44:41.236 [INFO    ] orchestrator: starting engine: C:\Users\operator\Desktop\PolySignalLab\PolySignalEngine\build\Release\PolySignalEngine.exe C:\Users\operator\Desktop\PolySignalLab\PolyDataCollector\data --output-dir C:\Users\operator\Desktop\PolySignalLab\engine_output
2026-04-06 23:44:57.332 [INFO    ] orchestrator: engine: 
2026-04-06 23:44:57.332 [INFO    ] orchestrator: engine: ==========================================================
2026-04-06 23:44:57.332 [INFO    ] orchestrator: engine:   SUMMARY
2026-04-06 23:44:57.332 [INFO    ] orchestrator: engine: ==========================================================
2026-04-06 23:44:57.332 [INFO    ] orchestrator: engine:   Total windows:         600 (311 UP, 289 DOWN)
2026-04-06 23:44:57.332 [INFO    ] orchestrator: engine:   Walk-forward folds:    10 (8 test iterations)
2026-04-06 23:44:57.332 [INFO    ] orchestrator: engine:   OOS base rate:         52.3% UP (480 test windows total)
2026-04-06 23:44:57.332 [INFO    ] orchestrator: engine:   Viable WF-OOS signals: 4
2026-04-06 23:44:57.332 [INFO    ] orchestrator: engine:   Compute time:          14.70s
2026-04-06 23:44:57.332 [INFO    ] orchestrator: engine: ==========================================================
2026-04-06 23:44:57.332 [INFO    ] orchestrator: engine produced: signals_summary_1775508297.json
2026-04-06 23:44:57.347 [INFO    ] orchestrator: cleaned up old summary: signals_summary_1775499138.json
2026-04-06 23:44:57.347 [INFO    ] orchestrator: ranked 4 signals
2026-04-06 23:44:57.347 [INFO    ] orchestrator:   #1 Up score=8.08 tier=BRONZE folds=4/8 idx=[6, 7, 8, 9] p=2.66e-06 ev=0.0485
2026-04-06 23:44:57.347 [INFO    ] orchestrator:   #2 Up score=1.59 tier=BRONZE folds=3/8 idx=[7, 8, 9] p=8.26e-05 ev=0.0235
2026-04-06 23:44:57.347 [INFO    ] orchestrator:   #3 Up score=0.44 tier=BRONZE folds=2/8 idx=[7, 8] p=4.25e-05 ev=0.0137
2026-04-06 23:44:57.347 [INFO    ] orchestrator:   #4 Up score=0.21 tier=BRONZE folds=2/8 idx=[6, 9] p=8.29e-04 ev=0.0075
2026-04-06 23:44:57.347 [INFO    ] orchestrator: signal #1 Up [280s->150s] d>=0.07% v<=0.05% score 8.08 < threshold 10.00 — skipping
2026-04-06 23:44:57.347 [INFO    ] orchestrator: no signal passed all delivery gates — not sending to bot
2026-04-06 23:59:57.371 [INFO    ] orchestrator: data quality check passed: 600 windows available
2026-04-06 23:59:57.371 [INFO    ] orchestrator: starting engine: C:\Users\operator\Desktop\PolySignalLab\PolySignalEngine\build\Release\PolySignalEngine.exe C:\Users\operator\Desktop\PolySignalLab\PolyDataCollector\data --output-dir C:\Users\operator\Desktop\PolySignalLab\engine_output
2026-04-07 00:00:13.620 [INFO    ] orchestrator: engine: 
2026-04-07 00:00:13.620 [INFO    ] orchestrator: engine: ==========================================================
2026-04-07 00:00:13.620 [INFO    ] orchestrator: engine:   SUMMARY
2026-04-07 00:00:13.620 [INFO    ] orchestrator: engine: ==========================================================
2026-04-07 00:00:13.620 [INFO    ] orchestrator: engine:   Total windows:         600 (310 UP, 290 DOWN)
2026-04-07 00:00:13.620 [INFO    ] orchestrator: engine:   Walk-forward folds:    10 (8 test iterations)
2026-04-07 00:00:13.620 [INFO    ] orchestrator: engine:   OOS base rate:         52.3% UP (480 test windows total)
2026-04-07 00:00:13.620 [INFO    ] orchestrator: engine:   Viable WF-OOS signals: 5
2026-04-07 00:00:13.620 [INFO    ] orchestrator: engine:   Compute time:          14.73s
2026-04-07 00:00:13.620 [INFO    ] orchestrator: engine: ==========================================================
2026-04-07 00:00:13.620 [INFO    ] orchestrator: engine produced: signals_summary_1775509213.json
2026-04-07 00:00:13.620 [INFO    ] orchestrator: cleaned up old summary: signals_summary_1775500054.json
2026-04-07 00:00:13.620 [INFO    ] orchestrator: ranked 5 signals
2026-04-07 00:00:13.620 [INFO    ] orchestrator:   #1 Up score=5.08 tier=BRONZE folds=3/8 idx=[7, 8, 9] p=1.36e-05 ev=0.0562
2026-04-07 00:00:13.620 [INFO    ] orchestrator:   #2 Up score=2.44 tier=BRONZE folds=3/8 idx=[6, 7, 9] p=2.12e-04 ev=0.0342
2026-04-07 00:00:13.620 [INFO    ] orchestrator:   #3 Up score=1.64 tier=BRONZE folds=2/8 idx=[7, 9] p=1.36e-05 ev=0.0346
2026-04-07 00:00:13.620 [INFO    ] orchestrator:   #4 Up score=0.22 tier=BRONZE folds=3/8 idx=[5, 7, 9] p=8.51e-09 ev=0.0014
2026-04-07 00:00:13.620 [INFO    ] orchestrator:   #5 Up score=0.05 tier=BRONZE folds=2/8 idx=[6, 9] p=1.21e-03 ev=0.0019
2026-04-07 00:00:13.620 [INFO    ] orchestrator: signal #1 Up [280s->150s] d>=0.07% v<=0.05% score 5.08 < threshold 10.00 — skipping
2026-04-07 00:00:13.636 [INFO    ] orchestrator: no signal passed all delivery gates — not sending to bot
2026-04-07 00:15:13.651 [INFO    ] orchestrator: data quality check passed: 600 windows available
2026-04-07 00:15:13.651 [INFO    ] orchestrator: starting engine: C:\Users\operator\Desktop\PolySignalLab\PolySignalEngine\build\Release\PolySignalEngine.exe C:\Users\operator\Desktop\PolySignalLab\PolyDataCollector\data --output-dir C:\Users\operator\Desktop\PolySignalLab\engine_output
2026-04-07 00:15:29.783 [INFO    ] orchestrator: engine: 
2026-04-07 00:15:29.783 [INFO    ] orchestrator: engine: ==========================================================
2026-04-07 00:15:29.783 [INFO    ] orchestrator: engine:   SUMMARY
2026-04-07 00:15:29.783 [INFO    ] orchestrator: engine: ==========================================================
2026-04-07 00:15:29.783 [INFO    ] orchestrator: engine:   Total windows:         600 (308 UP, 292 DOWN)
2026-04-07 00:15:29.783 [INFO    ] orchestrator: engine:   Walk-forward folds:    10 (8 test iterations)
2026-04-07 00:15:29.783 [INFO    ] orchestrator: engine:   OOS base rate:         51.9% UP (480 test windows total)
2026-04-07 00:15:29.783 [INFO    ] orchestrator: engine:   Viable WF-OOS signals: 3
2026-04-07 00:15:29.783 [INFO    ] orchestrator: engine:   Compute time:          14.76s
2026-04-07 00:15:29.783 [INFO    ] orchestrator: engine: ==========================================================
2026-04-07 00:15:29.783 [INFO    ] orchestrator: engine produced: signals_summary_1775510129.json
2026-04-07 00:15:29.783 [INFO    ] orchestrator: cleaned up old summary: signals_summary_1775500970.json
2026-04-07 00:15:29.783 [INFO    ] orchestrator: ranked 3 signals
2026-04-07 00:15:29.783 [INFO    ] orchestrator:   #1 Up score=4.51 tier=BRONZE folds=3/8 idx=[7, 8, 9] p=4.35e-07 ev=0.0347
2026-04-07 00:15:29.783 [INFO    ] orchestrator:   #2 Up score=2.35 tier=BRONZE folds=2/8 idx=[7, 9] p=4.63e-07 ev=0.0330
2026-04-07 00:15:29.783 [INFO    ] orchestrator:   #3 Up score=0.04 tier=BRONZE folds=2/8 idx=[6, 9] p=1.45e-03 ev=0.0019
2026-04-07 00:15:29.783 [INFO    ] orchestrator: signal #1 Up [260s->180s] d>=0.07% v<=0.15% score 4.51 < threshold 10.00 — skipping
2026-04-07 00:15:29.799 [INFO    ] orchestrator: no signal passed all delivery gates — not sending to bot
2026-04-07 00:30:29.817 [INFO    ] orchestrator: data quality check passed: 600 windows available
2026-04-07 00:30:29.817 [INFO    ] orchestrator: starting engine: C:\Users\operator\Desktop\PolySignalLab\PolySignalEngine\build\Release\PolySignalEngine.exe C:\Users\operator\Desktop\PolySignalLab\PolyDataCollector\data --output-dir C:\Users\operator\Desktop\PolySignalLab\engine_output
2026-04-07 00:30:45.876 [INFO    ] orchestrator: engine: 
2026-04-07 00:30:45.876 [INFO    ] orchestrator: engine: ==========================================================
2026-04-07 00:30:45.876 [INFO    ] orchestrator: engine:   SUMMARY
2026-04-07 00:30:45.876 [INFO    ] orchestrator: engine: ==========================================================
2026-04-07 00:30:45.876 [INFO    ] orchestrator: engine:   Total windows:         600 (308 UP, 292 DOWN)
2026-04-07 00:30:45.876 [INFO    ] orchestrator: engine:   Walk-forward folds:    10 (8 test iterations)
2026-04-07 00:30:45.876 [INFO    ] orchestrator: engine:   OOS base rate:         52.1% UP (480 test windows total)
2026-04-07 00:30:45.876 [INFO    ] orchestrator: engine:   Viable WF-OOS signals: 3
2026-04-07 00:30:45.876 [INFO    ] orchestrator: engine:   Compute time:          14.76s
2026-04-07 00:30:45.876 [INFO    ] orchestrator: engine: ==========================================================
2026-04-07 00:30:45.876 [INFO    ] orchestrator: engine produced: signals_summary_1775511045.json
2026-04-07 00:30:45.876 [INFO    ] orchestrator: cleaned up old summary: signals_summary_1775501886.json
2026-04-07 00:30:45.876 [INFO    ] orchestrator: ranked 3 signals
2026-04-07 00:30:45.876 [INFO    ] orchestrator:   #1 Up score=5.16 tier=BRONZE folds=2/8 idx=[6, 7] p=2.98e-07 ev=0.0872
2026-04-07 00:30:45.876 [INFO    ] orchestrator:   #2 Up score=1.77 tier=BRONZE folds=3/8 idx=[6, 7, 9] p=3.46e-05 ev=0.0224
2026-04-07 00:30:45.876 [INFO    ] orchestrator:   #3 Down score=0.06 tier=BRONZE folds=3/8 idx=[6, 7, 9] p=2.68e-03 ev=0.0015
2026-04-07 00:30:45.876 [INFO    ] orchestrator: signal #1 Up [190s->160s] d>=0.07% v<=0.05% score 5.16 < threshold 10.00 — skipping
2026-04-07 00:30:45.892 [INFO    ] orchestrator: no signal passed all delivery gates — not sending to bot
2026-04-07 00:45:45.907 [INFO    ] orchestrator: data quality check passed: 600 windows available
2026-04-07 00:45:45.907 [INFO    ] orchestrator: starting engine: C:\Users\operator\Desktop\PolySignalLab\PolySignalEngine\build\Release\PolySignalEngine.exe C:\Users\operator\Desktop\PolySignalLab\PolyDataCollector\data --output-dir C:\Users\operator\Desktop\PolySignalLab\engine_output
2026-04-07 00:46:02.216 [INFO    ] orchestrator: engine: 
2026-04-07 00:46:02.216 [INFO    ] orchestrator: engine: ==========================================================
2026-04-07 00:46:02.216 [INFO    ] orchestrator: engine:   SUMMARY
2026-04-07 00:46:02.216 [INFO    ] orchestrator: engine: ==========================================================
2026-04-07 00:46:02.218 [INFO    ] orchestrator: engine:   Total windows:         600 (306 UP, 294 DOWN)
2026-04-07 00:46:02.218 [INFO    ] orchestrator: engine:   Walk-forward folds:    10 (8 test iterations)
2026-04-07 00:46:02.218 [INFO    ] orchestrator: engine:   OOS base rate:         51.5% UP (480 test windows total)
2026-04-07 00:46:02.218 [INFO    ] orchestrator: engine:   Viable WF-OOS signals: 2
2026-04-07 00:46:02.218 [INFO    ] orchestrator: engine:   Compute time:          14.88s
2026-04-07 00:46:02.218 [INFO    ] orchestrator: engine: ==========================================================
2026-04-07 00:46:02.220 [INFO    ] orchestrator: engine produced: signals_summary_1775511962.json
2026-04-07 00:46:02.220 [INFO    ] orchestrator: cleaned up old summary: signals_summary_1775502802.json
2026-04-07 00:46:02.222 [INFO    ] orchestrator: ranked 2 signals
2026-04-07 00:46:02.222 [INFO    ] orchestrator:   #1 Up score=6.32 tier=BRONZE folds=3/8 idx=[7, 8, 9] p=5.03e-06 ev=0.0668
2026-04-07 00:46:02.222 [INFO    ] orchestrator:   #2 Down score=0.27 tier=BRONZE folds=2/8 idx=[3, 6] p=2.26e-03 ev=0.0150
2026-04-07 00:46:02.222 [INFO    ] orchestrator: signal #1 Up [280s->180s] d>=0.07% v<=0.05% score 6.32 < threshold 10.00 — skipping
2026-04-07 00:46:02.231 [INFO    ] orchestrator: no signal passed all delivery gates — not sending to bot
2026-04-07 01:01:02.240 [INFO    ] orchestrator: data quality check passed: 600 windows available
2026-04-07 01:01:02.242 [INFO    ] orchestrator: starting engine: C:\Users\operator\Desktop\PolySignalLab\PolySignalEngine\build\Release\PolySignalEngine.exe C:\Users\operator\Desktop\PolySignalLab\PolyDataCollector\data --output-dir C:\Users\operator\Desktop\PolySignalLab\engine_output
2026-04-07 01:01:18.561 [INFO    ] orchestrator: engine: 
2026-04-07 01:01:18.561 [INFO    ] orchestrator: engine: ==========================================================
2026-04-07 01:01:18.561 [INFO    ] orchestrator: engine:   SUMMARY
2026-04-07 01:01:18.561 [INFO    ] orchestrator: engine: ==========================================================
2026-04-07 01:01:18.561 [INFO    ] orchestrator: engine:   Total windows:         600 (305 UP, 295 DOWN)
2026-04-07 01:01:18.561 [INFO    ] orchestrator: engine:   Walk-forward folds:    10 (8 test iterations)
2026-04-07 01:01:18.561 [INFO    ] orchestrator: engine:   OOS base rate:         51.2% UP (480 test windows total)
2026-04-07 01:01:18.561 [INFO    ] orchestrator: engine:   Viable WF-OOS signals: 3
2026-04-07 01:01:18.561 [INFO    ] orchestrator: engine:   Compute time:          14.88s
2026-04-07 01:01:18.561 [INFO    ] orchestrator: engine: ==========================================================
2026-04-07 01:01:18.561 [INFO    ] orchestrator: engine produced: signals_summary_1775512878.json
2026-04-07 01:01:18.561 [INFO    ] orchestrator: cleaned up old summary: signals_summary_1775503718.json
2026-04-07 01:01:18.561 [INFO    ] orchestrator: ranked 3 signals
2026-04-07 01:01:18.561 [INFO    ] orchestrator:   #1 Up score=2.38 tier=BRONZE folds=2/8 idx=[7, 9] p=6.37e-07 ev=0.0354
2026-04-07 01:01:18.561 [INFO    ] orchestrator:   #2 Up score=1.46 tier=BRONZE folds=3/8 idx=[6, 8, 9] p=2.19e-05 ev=0.0159
2026-04-07 01:01:18.561 [INFO    ] orchestrator:   #3 Down score=0.92 tier=BRONZE folds=2/8 idx=[5, 9] p=5.85e-03 ev=0.0473
2026-04-07 01:01:18.561 [INFO    ] orchestrator: signal #1 Up [250s->110s] d>=0.07% v<=0.1% score 2.38 < threshold 10.00 — skipping
2026-04-07 01:01:18.561 [INFO    ] orchestrator: no signal passed all delivery gates — not sending to bot
2026-04-07 01:16:18.591 [INFO    ] orchestrator: data quality check passed: 600 windows available
2026-04-07 01:16:18.591 [INFO    ] orchestrator: starting engine: C:\Users\operator\Desktop\PolySignalLab\PolySignalEngine\build\Release\PolySignalEngine.exe C:\Users\operator\Desktop\PolySignalLab\PolyDataCollector\data --output-dir C:\Users\operator\Desktop\PolySignalLab\engine_output
2026-04-07 01:16:34.921 [INFO    ] orchestrator: engine: 
2026-04-07 01:16:34.921 [INFO    ] orchestrator: engine: ==========================================================
2026-04-07 01:16:34.921 [INFO    ] orchestrator: engine:   SUMMARY
2026-04-07 01:16:34.921 [INFO    ] orchestrator: engine: ==========================================================
2026-04-07 01:16:34.921 [INFO    ] orchestrator: engine:   Total windows:         600 (306 UP, 294 DOWN)
2026-04-07 01:16:34.921 [INFO    ] orchestrator: engine:   Walk-forward folds:    10 (8 test iterations)
2026-04-07 01:16:34.921 [INFO    ] orchestrator: engine:   OOS base rate:         51.0% UP (480 test windows total)
2026-04-07 01:16:34.921 [INFO    ] orchestrator: engine:   Viable WF-OOS signals: 2
2026-04-07 01:16:34.921 [INFO    ] orchestrator: engine:   Compute time:          14.92s
2026-04-07 01:16:34.921 [INFO    ] orchestrator: engine: ==========================================================
2026-04-07 01:16:34.921 [INFO    ] orchestrator: engine produced: signals_summary_1775513794.json
2026-04-07 01:16:34.921 [INFO    ] orchestrator: cleaned up old summary: signals_summary_1775504634.json
2026-04-07 01:16:34.921 [INFO    ] orchestrator: ranked 2 signals
2026-04-07 01:16:34.921 [INFO    ] orchestrator:   #1 Up score=6.55 tier=BRONZE folds=4/8 idx=[4, 6, 8, 9] p=1.33e-07 ev=0.0314
2026-04-07 01:16:34.921 [INFO    ] orchestrator:   #2 Down score=0.47 tier=BRONZE folds=2/8 idx=[7, 9] p=3.17e-03 ev=0.0240
2026-04-07 01:16:34.921 [INFO    ] orchestrator: signal #1 Up [290s->140s] d>=0.07% v<=0.15% score 6.55 < threshold 10.00 — skipping
2026-04-07 01:16:34.937 [INFO    ] orchestrator: no signal passed all delivery gates — not sending to bot
2026-04-07 01:31:34.945 [INFO    ] orchestrator: data quality check passed: 600 windows available
2026-04-07 01:31:34.945 [INFO    ] orchestrator: starting engine: C:\Users\operator\Desktop\PolySignalLab\PolySignalEngine\build\Release\PolySignalEngine.exe C:\Users\operator\Desktop\PolySignalLab\PolyDataCollector\data --output-dir C:\Users\operator\Desktop\PolySignalLab\engine_output
2026-04-07 01:31:52.235 [INFO    ] orchestrator: engine: 
2026-04-07 01:31:52.235 [INFO    ] orchestrator: engine: ==========================================================
2026-04-07 01:31:52.235 [INFO    ] orchestrator: engine:   SUMMARY
2026-04-07 01:31:52.235 [INFO    ] orchestrator: engine: ==========================================================
2026-04-07 01:31:52.235 [INFO    ] orchestrator: engine:   Total windows:         600 (305 UP, 295 DOWN)
2026-04-07 01:31:52.235 [INFO    ] orchestrator: engine:   Walk-forward folds:    10 (8 test iterations)
2026-04-07 01:31:52.235 [INFO    ] orchestrator: engine:   OOS base rate:         51.0% UP (480 test windows total)
2026-04-07 01:31:52.235 [INFO    ] orchestrator: engine:   Viable WF-OOS signals: 3
2026-04-07 01:31:52.235 [INFO    ] orchestrator: engine:   Compute time:          15.70s
2026-04-07 01:31:52.235 [INFO    ] orchestrator: engine: ==========================================================
2026-04-07 01:31:52.235 [INFO    ] orchestrator: engine produced: signals_summary_1775514712.json
2026-04-07 01:31:52.235 [INFO    ] orchestrator: cleaned up old summary: signals_summary_1775505550.json
2026-04-07 01:31:52.235 [INFO    ] orchestrator: ranked 3 signals
2026-04-07 01:31:52.235 [INFO    ] orchestrator:   #1 Up score=6.22 tier=BRONZE folds=3/8 idx=[6, 8, 9] p=2.78e-05 ev=0.0721
2026-04-07 01:31:52.251 [INFO    ] orchestrator:   #2 Up score=2.98 tier=BRONZE folds=3/8 idx=[7, 8, 9] p=1.42e-06 ev=0.0259
2026-04-07 01:31:52.251 [INFO    ] orchestrator:   #3 Down score=0.15 tier=BRONZE folds=2/8 idx=[8, 9] p=4.24e-03 ev=0.0091
2026-04-07 01:31:52.251 [INFO    ] orchestrator: signal #1 Up [280s->150s] d>=0.07% v<=0.05% score 6.22 < threshold 10.00 — skipping
2026-04-07 01:31:52.251 [INFO    ] orchestrator: no signal passed all delivery gates — not sending to bot
2026-04-07 01:46:52.271 [INFO    ] orchestrator: data quality check passed: 600 windows available
2026-04-07 01:46:52.271 [INFO    ] orchestrator: starting engine: C:\Users\operator\Desktop\PolySignalLab\PolySignalEngine\build\Release\PolySignalEngine.exe C:\Users\operator\Desktop\PolySignalLab\PolyDataCollector\data --output-dir C:\Users\operator\Desktop\PolySignalLab\engine_output
2026-04-07 01:47:08.399 [INFO    ] orchestrator: engine: 
2026-04-07 01:47:08.399 [INFO    ] orchestrator: engine: ==========================================================
2026-04-07 01:47:08.399 [INFO    ] orchestrator: engine:   SUMMARY
2026-04-07 01:47:08.399 [INFO    ] orchestrator: engine: ==========================================================
2026-04-07 01:47:08.399 [INFO    ] orchestrator: engine:   Total windows:         600 (306 UP, 294 DOWN)
2026-04-07 01:47:08.399 [INFO    ] orchestrator: engine:   Walk-forward folds:    10 (8 test iterations)
2026-04-07 01:47:08.399 [INFO    ] orchestrator: engine:   OOS base rate:         51.2% UP (480 test windows total)
2026-04-07 01:47:08.399 [INFO    ] orchestrator: engine:   Viable WF-OOS signals: 6
2026-04-07 01:47:08.399 [INFO    ] orchestrator: engine:   Compute time:          14.79s
2026-04-07 01:47:08.399 [INFO    ] orchestrator: engine: ==========================================================
2026-04-07 01:47:08.399 [INFO    ] orchestrator: engine produced: signals_summary_1775515628.json
2026-04-07 01:47:08.399 [INFO    ] orchestrator: cleaned up old summary: signals_summary_1775506466.json
2026-04-07 01:47:08.399 [INFO    ] orchestrator: ranked 6 signals
2026-04-07 01:47:08.415 [INFO    ] orchestrator:   #1 Up score=6.22 tier=BRONZE folds=3/8 idx=[6, 8, 9] p=1.26e-05 ev=0.0648
2026-04-07 01:47:08.415 [INFO    ] orchestrator:   #2 Up score=5.93 tier=BRONZE folds=3/8 idx=[4, 6, 7] p=9.08e-09 ev=0.0459
2026-04-07 01:47:08.415 [INFO    ] orchestrator:   #3 Up score=2.96 tier=BRONZE folds=3/8 idx=[7, 8, 9] p=1.68e-06 ev=0.0261
2026-04-07 01:47:08.415 [INFO    ] orchestrator:   #4 Up score=1.10 tier=BRONZE folds=2/8 idx=[6, 7] p=1.68e-06 ev=0.0225
2026-04-07 01:47:08.415 [INFO    ] orchestrator:   #5 Down score=0.88 tier=BRONZE folds=2/8 idx=[6, 9] p=7.22e-06 ev=0.0182
2026-04-07 01:47:08.415 [INFO    ] orchestrator: signal #1 Up [280s->150s] d>=0.07% v<=0.05% score 6.22 < threshold 10.00 — skipping
2026-04-07 01:47:08.415 [INFO    ] orchestrator: no signal passed all delivery gates — not sending to bot
2026-04-07 02:02:08.435 [INFO    ] orchestrator: data quality check passed: 600 windows available
2026-04-07 02:02:08.435 [INFO    ] orchestrator: starting engine: C:\Users\operator\Desktop\PolySignalLab\PolySignalEngine\build\Release\PolySignalEngine.exe C:\Users\operator\Desktop\PolySignalLab\PolyDataCollector\data --output-dir C:\Users\operator\Desktop\PolySignalLab\engine_output
2026-04-07 02:02:24.696 [INFO    ] orchestrator: engine: 
2026-04-07 02:02:24.696 [INFO    ] orchestrator: engine: ==========================================================
2026-04-07 02:02:24.696 [INFO    ] orchestrator: engine:   SUMMARY
2026-04-07 02:02:24.712 [INFO    ] orchestrator: engine: ==========================================================
2026-04-07 02:02:24.712 [INFO    ] orchestrator: engine:   Total windows:         600 (303 UP, 297 DOWN)
2026-04-07 02:02:24.712 [INFO    ] orchestrator: engine:   Walk-forward folds:    10 (8 test iterations)
2026-04-07 02:02:24.712 [INFO    ] orchestrator: engine:   OOS base rate:         51.0% UP (480 test windows total)
2026-04-07 02:02:24.712 [INFO    ] orchestrator: engine:   Viable WF-OOS signals: 5
2026-04-07 02:02:24.712 [INFO    ] orchestrator: engine:   Compute time:          14.94s
2026-04-07 02:02:24.712 [INFO    ] orchestrator: engine: ==========================================================
2026-04-07 02:02:24.712 [INFO    ] orchestrator: engine produced: signals_summary_1775516544.json
2026-04-07 02:02:24.712 [INFO    ] orchestrator: cleaned up old summary: signals_summary_1775507382.json
2026-04-07 02:02:24.712 [INFO    ] orchestrator: ranked 5 signals
2026-04-07 02:02:24.712 [INFO    ] orchestrator:   #1 Up score=7.90 tier=BRONZE folds=4/8 idx=[6, 7, 8, 9] p=6.38e-09 ev=0.0300
2026-04-07 02:02:24.712 [INFO    ] orchestrator:   #2 Up score=6.94 tier=BRONZE folds=3/8 idx=[6, 8, 9] p=4.29e-06 ev=0.0629
2026-04-07 02:02:24.712 [INFO    ] orchestrator:   #3 Down score=4.01 tier=BRONZE folds=3/8 idx=[6, 8, 9] p=6.38e-09 ev=0.0270
2026-04-07 02:02:24.712 [INFO    ] orchestrator:   #4 Down score=3.56 tier=BRONZE folds=2/8 idx=[3, 9] p=9.71e-05 ev=0.0929
2026-04-07 02:02:24.712 [INFO    ] orchestrator:   #5 Up score=0.62 tier=BRONZE folds=2/8 idx=[6, 9] p=5.84e-06 ev=0.0115
2026-04-07 02:02:24.712 [INFO    ] orchestrator: signal #1 Up [290s->140s] d>=0.07% v<=0.15% score 7.90 < threshold 10.00 — skipping
2026-04-07 02:02:24.712 [INFO    ] orchestrator: no signal passed all delivery gates — not sending to bot
2026-04-07 02:17:24.733 [INFO    ] orchestrator: data quality check passed: 600 windows available
2026-04-07 02:17:24.733 [INFO    ] orchestrator: starting engine: C:\Users\operator\Desktop\PolySignalLab\PolySignalEngine\build\Release\PolySignalEngine.exe C:\Users\operator\Desktop\PolySignalLab\PolyDataCollector\data --output-dir C:\Users\operator\Desktop\PolySignalLab\engine_output
2026-04-07 02:17:41.104 [INFO    ] orchestrator: engine: 
2026-04-07 02:17:41.104 [INFO    ] orchestrator: engine: ==========================================================
2026-04-07 02:17:41.104 [INFO    ] orchestrator: engine:   SUMMARY
2026-04-07 02:17:41.104 [INFO    ] orchestrator: engine: ==========================================================
2026-04-07 02:17:41.104 [INFO    ] orchestrator: engine:   Total windows:         600 (300 UP, 300 DOWN)
2026-04-07 02:17:41.104 [INFO    ] orchestrator: engine:   Walk-forward folds:    10 (8 test iterations)
2026-04-07 02:17:41.104 [INFO    ] orchestrator: engine:   OOS base rate:         50.4% UP (480 test windows total)
2026-04-07 02:17:41.104 [INFO    ] orchestrator: engine:   Viable WF-OOS signals: 6
2026-04-07 02:17:41.104 [INFO    ] orchestrator: engine:   Compute time:          15.01s
2026-04-07 02:17:41.104 [INFO    ] orchestrator: engine: ==========================================================
2026-04-07 02:17:41.104 [INFO    ] orchestrator: engine produced: signals_summary_1775517461.json
2026-04-07 02:17:41.104 [INFO    ] orchestrator: cleaned up old summary: signals_summary_1775508297.json
2026-04-07 02:17:41.104 [INFO    ] orchestrator: ranked 6 signals
2026-04-07 02:17:41.104 [INFO    ] orchestrator:   #1 Up score=6.27 tier=BRONZE folds=3/8 idx=[6, 8, 9] p=6.68e-06 ev=0.0593
2026-04-07 02:17:41.104 [INFO    ] orchestrator:   #2 Down score=2.47 tier=BRONZE folds=3/8 idx=[3, 6, 7] p=6.44e-04 ev=0.0608
2026-04-07 02:17:41.104 [INFO    ] orchestrator:   #3 Up score=2.37 tier=BRONZE folds=3/8 idx=[6, 7, 9] p=1.65e-07 ev=0.0162
2026-04-07 02:17:41.104 [INFO    ] orchestrator:   #4 Up score=2.29 tier=BRONZE folds=3/8 idx=[7, 8, 9] p=2.08e-06 ev=0.0204
2026-04-07 02:17:41.104 [INFO    ] orchestrator:   #5 Down score=0.89 tier=BRONZE folds=4/8 idx=[2, 3, 4, 5] p=3.25e-03 ev=0.0217
2026-04-07 02:17:41.104 [INFO    ] orchestrator: signal #1 Up [280s->150s] d>=0.07% v<=0.05% score 6.27 < threshold 10.00 — skipping
2026-04-07 02:17:41.119 [INFO    ] orchestrator: no signal passed all delivery gates — not sending to bot
2026-04-07 02:32:41.136 [INFO    ] orchestrator: data quality check passed: 600 windows available
2026-04-07 02:32:41.136 [INFO    ] orchestrator: starting engine: C:\Users\operator\Desktop\PolySignalLab\PolySignalEngine\build\Release\PolySignalEngine.exe C:\Users\operator\Desktop\PolySignalLab\PolyDataCollector\data --output-dir C:\Users\operator\Desktop\PolySignalLab\engine_output
2026-04-07 02:32:57.464 [INFO    ] orchestrator: engine: 
2026-04-07 02:32:57.464 [INFO    ] orchestrator: engine: ==========================================================
2026-04-07 02:32:57.464 [INFO    ] orchestrator: engine:   SUMMARY
2026-04-07 02:32:57.464 [INFO    ] orchestrator: engine: ==========================================================
2026-04-07 02:32:57.464 [INFO    ] orchestrator: engine:   Total windows:         600 (300 UP, 300 DOWN)
2026-04-07 02:32:57.464 [INFO    ] orchestrator: engine:   Walk-forward folds:    10 (8 test iterations)
2026-04-07 02:32:57.464 [INFO    ] orchestrator: engine:   OOS base rate:         50.2% UP (480 test windows total)
2026-04-07 02:32:57.464 [INFO    ] orchestrator: engine:   Viable WF-OOS signals: 6
2026-04-07 02:32:57.464 [INFO    ] orchestrator: engine:   Compute time:          14.96s
2026-04-07 02:32:57.464 [INFO    ] orchestrator: engine: ==========================================================
2026-04-07 02:32:57.464 [INFO    ] orchestrator: engine produced: signals_summary_1775518377.json
2026-04-07 02:32:57.464 [INFO    ] orchestrator: cleaned up old summary: signals_summary_1775509213.json
2026-04-07 02:32:57.464 [INFO    ] orchestrator: ranked 6 signals
2026-04-07 02:32:57.464 [INFO    ] orchestrator:   #1 Up score=5.50 tier=BRONZE folds=3/8 idx=[6, 8, 9] p=6.15e-06 ev=0.0517
2026-04-07 02:32:57.464 [INFO    ] orchestrator:   #2 Down score=3.09 tier=BRONZE folds=2/8 idx=[2, 9] p=7.12e-04 ev=0.1022
2026-04-07 02:32:57.464 [INFO    ] orchestrator:   #3 Down score=0.99 tier=BRONZE folds=2/8 idx=[7, 9] p=6.15e-06 ev=0.0186
2026-04-07 02:32:57.464 [INFO    ] orchestrator:   #4 Down score=0.75 tier=BRONZE folds=2/8 idx=[6, 7] p=1.09e-02 ev=0.0553
2026-04-07 02:32:57.464 [INFO    ] orchestrator:   #5 Down score=0.14 tier=BRONZE folds=2/8 idx=[8, 9] p=5.55e-03 ev=0.0101
2026-04-07 02:32:57.464 [INFO    ] orchestrator: signal #1 Up [280s->150s] d>=0.07% v<=0.05% score 5.50 < threshold 10.00 — skipping
2026-04-07 02:32:57.480 [INFO    ] orchestrator: no signal passed all delivery gates — not sending to bot
2026-04-07 02:47:57.489 [INFO    ] orchestrator: data quality check passed: 600 windows available
2026-04-07 02:47:57.489 [INFO    ] orchestrator: starting engine: C:\Users\operator\Desktop\PolySignalLab\PolySignalEngine\build\Release\PolySignalEngine.exe C:\Users\operator\Desktop\PolySignalLab\PolyDataCollector\data --output-dir C:\Users\operator\Desktop\PolySignalLab\engine_output
2026-04-07 02:48:13.931 [INFO    ] orchestrator: engine: 
2026-04-07 02:48:13.931 [INFO    ] orchestrator: engine: ==========================================================
2026-04-07 02:48:13.931 [INFO    ] orchestrator: engine:   SUMMARY
2026-04-07 02:48:13.931 [INFO    ] orchestrator: engine: ==========================================================
2026-04-07 02:48:13.931 [INFO    ] orchestrator: engine:   Total windows:         600 (300 UP, 300 DOWN)
2026-04-07 02:48:13.931 [INFO    ] orchestrator: engine:   Walk-forward folds:    10 (8 test iterations)
2026-04-07 02:48:13.931 [INFO    ] orchestrator: engine:   OOS base rate:         50.4% UP (480 test windows total)
2026-04-07 02:48:13.931 [INFO    ] orchestrator: engine:   Viable WF-OOS signals: 5
2026-04-07 02:48:13.931 [INFO    ] orchestrator: engine:   Compute time:          15.09s
2026-04-07 02:48:13.931 [INFO    ] orchestrator: engine: ==========================================================
2026-04-07 02:48:13.931 [INFO    ] orchestrator: engine produced: signals_summary_1775519293.json
2026-04-07 02:48:13.931 [INFO    ] orchestrator: cleaned up old summary: signals_summary_1775510129.json
2026-04-07 02:48:13.931 [INFO    ] orchestrator: ranked 5 signals
2026-04-07 02:48:13.931 [INFO    ] orchestrator:   #1 Up score=10.37 tier=BRONZE folds=3/8 idx=[6, 8, 9] p=5.88e-07 ev=0.0768
2026-04-07 02:48:13.931 [INFO    ] orchestrator:   #2 Up score=2.04 tier=BRONZE folds=3/8 idx=[6, 8, 9] p=5.92e-06 ev=0.0191
2026-04-07 02:48:13.931 [INFO    ] orchestrator:   #3 Down score=0.21 tier=BRONZE folds=2/8 idx=[5, 6] p=9.13e-04 ev=0.0119
2026-04-07 02:48:13.931 [INFO    ] orchestrator:   #4 Up score=0.18 tier=BRONZE folds=2/8 idx=[6, 8] p=1.02e-02 ev=0.0165
2026-04-07 02:48:13.931 [INFO    ] orchestrator:   #5 Up score=0.00 tier=BRONZE folds=4/8 idx=[6, 7, 8, 9] p=4.56e-03 ev=0.0000
2026-04-07 02:48:13.931 [INFO    ] orchestrator: BRONZE SIGNAL: #1 Up [280s->150s] d>=0.07% v<=0.05% (score=10.37 folds=[6, 8, 9])
2026-04-07 02:48:14.440 [INFO    ] shared.ipc: IPC: signal delivered successfully
2026-04-07 02:48:14.440 [INFO    ] orchestrator: bronze signal delivered to bot
2026-04-07 03:03:14.448 [INFO    ] orchestrator: data quality check passed: 600 windows available
2026-04-07 03:03:14.448 [INFO    ] orchestrator: starting engine: C:\Users\operator\Desktop\PolySignalLab\PolySignalEngine\build\Release\PolySignalEngine.exe C:\Users\operator\Desktop\PolySignalLab\PolyDataCollector\data --output-dir C:\Users\operator\Desktop\PolySignalLab\engine_output
2026-04-07 03:03:31.913 [INFO    ] orchestrator: engine: 
2026-04-07 03:03:31.913 [INFO    ] orchestrator: engine: ==========================================================
2026-04-07 03:03:31.913 [INFO    ] orchestrator: engine:   SUMMARY
2026-04-07 03:03:31.913 [INFO    ] orchestrator: engine: ==========================================================
2026-04-07 03:03:31.913 [INFO    ] orchestrator: engine:   Total windows:         600 (301 UP, 299 DOWN)
2026-04-07 03:03:31.929 [INFO    ] orchestrator: engine:   Walk-forward folds:    10 (8 test iterations)
2026-04-07 03:03:31.929 [INFO    ] orchestrator: engine:   OOS base rate:         50.6% UP (480 test windows total)
2026-04-07 03:03:31.929 [INFO    ] orchestrator: engine:   Viable WF-OOS signals: 6
2026-04-07 03:03:31.929 [INFO    ] orchestrator: engine:   Compute time:          15.86s
2026-04-07 03:03:31.929 [INFO    ] orchestrator: engine: ==========================================================
2026-04-07 03:03:31.929 [INFO    ] orchestrator: engine produced: signals_summary_1775520211.json
2026-04-07 03:03:31.931 [INFO    ] orchestrator: cleaned up old summary: signals_summary_1775511045.json
2026-04-07 03:03:31.931 [INFO    ] orchestrator: ranked 6 signals
2026-04-07 03:03:31.931 [INFO    ] orchestrator:   #1 Up score=10.72 tier=BRONZE folds=3/8 idx=[6, 8, 9] p=3.29e-07 ev=0.0763
2026-04-07 03:03:31.931 [INFO    ] orchestrator:   #2 Up score=6.06 tier=BRONZE folds=3/8 idx=[6, 8, 9] p=5.31e-07 ev=0.0463
2026-04-07 03:03:31.931 [INFO    ] orchestrator:   #3 Down score=2.29 tier=BRONZE folds=2/8 idx=[4, 9] p=5.59e-04 ev=0.0844
2026-04-07 03:03:31.935 [INFO    ] orchestrator:   #4 Down score=1.36 tier=BRONZE folds=2/8 idx=[7, 9] p=9.25e-06 ev=0.0273
2026-04-07 03:03:31.935 [INFO    ] orchestrator:   #5 Down score=0.92 tier=BRONZE folds=2/8 idx=[4, 7] p=1.08e-03 ev=0.0421
2026-04-07 03:03:31.935 [INFO    ] orchestrator: BRONZE SIGNAL: #1 Up [280s->150s] d>=0.07% v<=0.05% (score=10.72 folds=[6, 8, 9])
2026-04-07 03:03:32.368 [INFO    ] shared.ipc: IPC: signal delivered successfully
2026-04-07 03:03:32.369 [INFO    ] orchestrator: bronze signal delivered to bot
2026-04-07 03:18:32.381 [INFO    ] orchestrator: data quality check passed: 600 windows available
2026-04-07 03:18:32.381 [INFO    ] orchestrator: starting engine: C:\Users\operator\Desktop\PolySignalLab\PolySignalEngine\build\Release\PolySignalEngine.exe C:\Users\operator\Desktop\PolySignalLab\PolyDataCollector\data --output-dir C:\Users\operator\Desktop\PolySignalLab\engine_output
2026-04-07 03:18:48.805 [INFO    ] orchestrator: engine: 
2026-04-07 03:18:48.805 [INFO    ] orchestrator: engine: ==========================================================
2026-04-07 03:18:48.805 [INFO    ] orchestrator: engine:   SUMMARY
2026-04-07 03:18:48.805 [INFO    ] orchestrator: engine: ==========================================================
2026-04-07 03:18:48.805 [INFO    ] orchestrator: engine:   Total windows:         600 (300 UP, 300 DOWN)
2026-04-07 03:18:48.805 [INFO    ] orchestrator: engine:   Walk-forward folds:    10 (8 test iterations)
2026-04-07 03:18:48.811 [INFO    ] orchestrator: engine:   OOS base rate:         51.0% UP (480 test windows total)
2026-04-07 03:18:48.811 [INFO    ] orchestrator: engine:   Viable WF-OOS signals: 5
2026-04-07 03:18:48.811 [INFO    ] orchestrator: engine:   Compute time:          14.92s
2026-04-07 03:18:48.811 [INFO    ] orchestrator: engine: ==========================================================
2026-04-07 03:18:48.811 [INFO    ] orchestrator: engine produced: signals_summary_1775521128.json
2026-04-07 03:18:48.811 [INFO    ] orchestrator: cleaned up old summary: signals_summary_1775511962.json
2026-04-07 03:18:48.811 [INFO    ] orchestrator: ranked 5 signals
2026-04-07 03:18:48.811 [INFO    ] orchestrator:   #1 Up score=9.00 tier=BRONZE folds=3/8 idx=[6, 8, 9] p=9.27e-07 ev=0.0690
2026-04-07 03:18:48.811 [INFO    ] orchestrator:   #2 Up score=6.22 tier=BRONZE folds=3/8 idx=[3, 4, 6] p=3.26e-07 ev=0.0636
2026-04-07 03:18:48.811 [INFO    ] orchestrator:   #3 Down score=3.86 tier=BRONZE folds=2/8 idx=[2, 9] p=5.26e-04 ev=0.1193
2026-04-07 03:18:48.811 [INFO    ] orchestrator:   #4 Down score=0.48 tier=BRONZE folds=4/8 idx=[6, 7, 8, 9] p=2.70e-06 ev=0.0031
2026-04-07 03:18:48.811 [INFO    ] orchestrator:   #5 Up score=0.04 tier=BRONZE folds=2/8 idx=[6, 9] p=4.60e-02 ev=0.0043
2026-04-07 03:18:48.811 [INFO    ] orchestrator: signal #1 Up [280s->150s] d>=0.07% v<=0.05% score 9.00 < threshold 10.00 — skipping
2026-04-07 03:18:48.821 [INFO    ] orchestrator: no signal passed all delivery gates — not sending to bot
2026-04-07 03:33:48.830 [INFO    ] orchestrator: data quality check passed: 600 windows available
2026-04-07 03:33:48.830 [INFO    ] orchestrator: starting engine: C:\Users\operator\Desktop\PolySignalLab\PolySignalEngine\build\Release\PolySignalEngine.exe C:\Users\operator\Desktop\PolySignalLab\PolyDataCollector\data --output-dir C:\Users\operator\Desktop\PolySignalLab\engine_output
2026-04-07 03:34:05.470 [INFO    ] orchestrator: engine: 
2026-04-07 03:34:05.470 [INFO    ] orchestrator: engine: ==========================================================
2026-04-07 03:34:05.470 [INFO    ] orchestrator: engine:   SUMMARY
2026-04-07 03:34:05.470 [INFO    ] orchestrator: engine: ==========================================================
2026-04-07 03:34:05.470 [INFO    ] orchestrator: engine:   Total windows:         600 (298 UP, 302 DOWN)
2026-04-07 03:34:05.470 [INFO    ] orchestrator: engine:   Walk-forward folds:    10 (8 test iterations)
2026-04-07 03:34:05.470 [INFO    ] orchestrator: engine:   OOS base rate:         51.0% UP (480 test windows total)
2026-04-07 03:34:05.470 [INFO    ] orchestrator: engine:   Viable WF-OOS signals: 6
2026-04-07 03:34:05.470 [INFO    ] orchestrator: engine:   Compute time:          15.14s
2026-04-07 03:34:05.470 [INFO    ] orchestrator: engine: ==========================================================
2026-04-07 03:34:05.470 [INFO    ] orchestrator: engine produced: signals_summary_1775522045.json
2026-04-07 03:34:05.470 [INFO    ] orchestrator: cleaned up old summary: signals_summary_1775512878.json
2026-04-07 03:34:05.486 [INFO    ] orchestrator: ranked 6 signals
2026-04-07 03:34:05.486 [INFO    ] orchestrator:   #1 Up score=9.00 tier=BRONZE folds=3/8 idx=[6, 8, 9] p=9.22e-07 ev=0.0690
2026-04-07 03:34:05.486 [INFO    ] orchestrator:   #2 Up score=5.41 tier=BRONZE folds=3/8 idx=[4, 6, 8] p=2.83e-06 ev=0.0647
2026-04-07 03:34:05.486 [INFO    ] orchestrator:   #3 Up score=3.38 tier=BRONZE folds=4/8 idx=[4, 7, 8, 9] p=7.35e-07 ev=0.0178
2026-04-07 03:34:05.486 [INFO    ] orchestrator:   #4 Down score=3.30 tier=BRONZE folds=2/8 idx=[7, 9] p=1.10e-06 ev=0.0534
2026-04-07 03:34:05.486 [INFO    ] orchestrator:   #5 Up score=0.51 tier=BRONZE folds=2/8 idx=[4, 6] p=3.65e-05 ev=0.0162
2026-04-07 03:34:05.486 [INFO    ] orchestrator: signal #1 Up [280s->150s] d>=0.07% v<=0.05% score 9.00 < threshold 10.00 — skipping
2026-04-07 03:34:05.486 [INFO    ] orchestrator: no signal passed all delivery gates — not sending to bot
2026-04-07 03:49:05.497 [INFO    ] orchestrator: data quality check passed: 600 windows available
2026-04-07 03:49:05.497 [INFO    ] orchestrator: starting engine: C:\Users\operator\Desktop\PolySignalLab\PolySignalEngine\build\Release\PolySignalEngine.exe C:\Users\operator\Desktop\PolySignalLab\PolyDataCollector\data --output-dir C:\Users\operator\Desktop\PolySignalLab\engine_output
2026-04-07 03:49:22.081 [INFO    ] orchestrator: engine: 
2026-04-07 03:49:22.081 [INFO    ] orchestrator: engine: ==========================================================
2026-04-07 03:49:22.083 [INFO    ] orchestrator: engine:   SUMMARY
2026-04-07 03:49:22.083 [INFO    ] orchestrator: engine: ==========================================================
2026-04-07 03:49:22.083 [INFO    ] orchestrator: engine:   Total windows:         600 (296 UP, 304 DOWN)
2026-04-07 03:49:22.083 [INFO    ] orchestrator: engine:   Walk-forward folds:    10 (8 test iterations)
2026-04-07 03:49:22.083 [INFO    ] orchestrator: engine:   OOS base rate:         50.4% UP (480 test windows total)
2026-04-07 03:49:22.083 [INFO    ] orchestrator: engine:   Viable WF-OOS signals: 5
2026-04-07 03:49:22.085 [INFO    ] orchestrator: engine:   Compute time:          15.13s
2026-04-07 03:49:22.085 [INFO    ] orchestrator: engine: ==========================================================
2026-04-07 03:49:22.085 [INFO    ] orchestrator: engine produced: signals_summary_1775522962.json
2026-04-07 03:49:22.087 [INFO    ] orchestrator: cleaned up old summary: signals_summary_1775513794.json
2026-04-07 03:49:22.087 [INFO    ] orchestrator: ranked 5 signals
2026-04-07 03:49:22.087 [INFO    ] orchestrator:   #1 Up score=6.58 tier=BRONZE folds=3/8 idx=[6, 8, 9] p=1.47e-06 ev=0.0545
2026-04-07 03:49:22.087 [INFO    ] orchestrator:   #2 Up score=5.66 tier=BRONZE folds=4/8 idx=[6, 7, 8, 9] p=2.93e-09 ev=0.0219
2026-04-07 03:49:22.087 [INFO    ] orchestrator:   #3 Down score=2.91 tier=BRONZE folds=2/8 idx=[4, 7] p=2.93e-09 ev=0.0412
2026-04-07 03:49:22.089 [INFO    ] orchestrator:   #4 Down score=1.32 tier=BRONZE folds=2/8 idx=[7, 9] p=9.68e-04 ev=0.0526
2026-04-07 03:49:22.089 [INFO    ] orchestrator:   #5 Down score=0.12 tier=BRONZE folds=2/8 idx=[6, 7] p=3.31e-02 ev=0.0139
2026-04-07 03:49:22.089 [INFO    ] orchestrator: signal #1 Up [280s->150s] d>=0.07% v<=0.05% score 6.58 < threshold 10.00 — skipping
2026-04-07 03:49:22.099 [INFO    ] orchestrator: no signal passed all delivery gates — not sending to bot
2026-04-07 04:04:22.104 [INFO    ] orchestrator: data quality check passed: 600 windows available
2026-04-07 04:04:22.104 [INFO    ] orchestrator: starting engine: C:\Users\operator\Desktop\PolySignalLab\PolySignalEngine\build\Release\PolySignalEngine.exe C:\Users\operator\Desktop\PolySignalLab\PolyDataCollector\data --output-dir C:\Users\operator\Desktop\PolySignalLab\engine_output
2026-04-07 04:04:38.697 [INFO    ] orchestrator: engine: 
2026-04-07 04:04:38.697 [INFO    ] orchestrator: engine: ==========================================================
2026-04-07 04:04:38.697 [INFO    ] orchestrator: engine:   SUMMARY
2026-04-07 04:04:38.697 [INFO    ] orchestrator: engine: ==========================================================
2026-04-07 04:04:38.697 [INFO    ] orchestrator: engine:   Total windows:         600 (295 UP, 305 DOWN)
2026-04-07 04:04:38.697 [INFO    ] orchestrator: engine:   Walk-forward folds:    10 (8 test iterations)
2026-04-07 04:04:38.697 [INFO    ] orchestrator: engine:   OOS base rate:         50.4% UP (480 test windows total)
2026-04-07 04:04:38.697 [INFO    ] orchestrator: engine:   Viable WF-OOS signals: 3
2026-04-07 04:04:38.697 [INFO    ] orchestrator: engine:   Compute time:          15.28s
2026-04-07 04:04:38.697 [INFO    ] orchestrator: engine: ==========================================================
2026-04-07 04:04:38.697 [INFO    ] orchestrator: engine produced: signals_summary_1775523878.json
2026-04-07 04:04:38.697 [INFO    ] orchestrator: cleaned up old summary: signals_summary_1775514712.json
2026-04-07 04:04:38.697 [INFO    ] orchestrator: ranked 3 signals
2026-04-07 04:04:38.697 [INFO    ] orchestrator:   #1 Up score=6.83 tier=BRONZE folds=3/8 idx=[6, 8, 9] p=7.17e-07 ev=0.0517
2026-04-07 04:04:38.697 [INFO    ] orchestrator:   #2 Up score=1.53 tier=BRONZE folds=2/8 idx=[4, 6] p=5.04e-07 ev=0.0278
2026-04-07 04:04:38.697 [INFO    ] orchestrator:   #3 Up score=1.43 tier=BRONZE folds=3/8 idx=[4, 6, 8] p=8.12e-06 ev=0.0200
2026-04-07 04:04:38.713 [INFO    ] orchestrator: signal #1 Up [280s->150s] d>=0.07% v<=0.05% score 6.83 < threshold 10.00 — skipping
2026-04-07 04:04:38.713 [INFO    ] orchestrator: no signal passed all delivery gates — not sending to bot
2026-04-07 04:19:38.728 [INFO    ] orchestrator: data quality check passed: 600 windows available
2026-04-07 04:19:38.728 [INFO    ] orchestrator: starting engine: C:\Users\operator\Desktop\PolySignalLab\PolySignalEngine\build\Release\PolySignalEngine.exe C:\Users\operator\Desktop\PolySignalLab\PolyDataCollector\data --output-dir C:\Users\operator\Desktop\PolySignalLab\engine_output
2026-04-07 04:19:55.153 [INFO    ] orchestrator: engine: 
2026-04-07 04:19:55.153 [INFO    ] orchestrator: engine: ==========================================================
2026-04-07 04:19:55.153 [INFO    ] orchestrator: engine:   SUMMARY
2026-04-07 04:19:55.153 [INFO    ] orchestrator: engine: ==========================================================
2026-04-07 04:19:55.153 [INFO    ] orchestrator: engine:   Total windows:         600 (294 UP, 306 DOWN)
2026-04-07 04:19:55.153 [INFO    ] orchestrator: engine:   Walk-forward folds:    10 (8 test iterations)
2026-04-07 04:19:55.153 [INFO    ] orchestrator: engine:   OOS base rate:         50.4% UP (480 test windows total)
2026-04-07 04:19:55.153 [INFO    ] orchestrator: engine:   Viable WF-OOS signals: 4
2026-04-07 04:19:55.153 [INFO    ] orchestrator: engine:   Compute time:          15.11s
2026-04-07 04:19:55.153 [INFO    ] orchestrator: engine: ==========================================================
2026-04-07 04:19:55.153 [INFO    ] orchestrator: engine produced: signals_summary_1775524795.json
2026-04-07 04:19:55.153 [INFO    ] orchestrator: cleaned up old summary: signals_summary_1775515628.json
2026-04-07 04:19:55.153 [INFO    ] orchestrator: ranked 4 signals
2026-04-07 04:19:55.153 [INFO    ] orchestrator:   #1 Up score=11.62 tier=BRONZE folds=4/8 idx=[6, 7, 8, 9] p=2.20e-07 ev=0.0529
2026-04-07 04:19:55.153 [INFO    ] orchestrator:   #2 Down score=5.11 tier=BRONZE folds=3/8 idx=[6, 7, 9] p=1.69e-07 ev=0.0401
2026-04-07 04:19:55.153 [INFO    ] orchestrator:   #3 Down score=3.92 tier=BRONZE folds=3/8 idx=[6, 7, 9] p=1.32e-08 ev=0.0271
2026-04-07 04:19:55.153 [INFO    ] orchestrator:   #4 Up score=1.03 tier=BRONZE folds=5/8 idx=[4, 6, 7, 8, 9] p=2.24e-10 ev=0.0026
2026-04-07 04:19:55.153 [INFO    ] orchestrator: BRONZE SIGNAL: #1 Up [280s->150s] d>=0.07% v<=0.05% (score=11.62 folds=[6, 7, 8, 9])
2026-04-07 04:19:55.602 [INFO    ] shared.ipc: IPC: signal delivered successfully
2026-04-07 04:19:55.602 [INFO    ] orchestrator: bronze signal delivered to bot
2026-04-07 04:34:55.611 [INFO    ] orchestrator: data quality check passed: 600 windows available
2026-04-07 04:34:55.611 [INFO    ] orchestrator: starting engine: C:\Users\operator\Desktop\PolySignalLab\PolySignalEngine\build\Release\PolySignalEngine.exe C:\Users\operator\Desktop\PolySignalLab\PolyDataCollector\data --output-dir C:\Users\operator\Desktop\PolySignalLab\engine_output
2026-04-07 04:35:12.270 [INFO    ] orchestrator: engine: 
2026-04-07 04:35:12.270 [INFO    ] orchestrator: engine: ==========================================================
2026-04-07 04:35:12.270 [INFO    ] orchestrator: engine:   SUMMARY
2026-04-07 04:35:12.270 [INFO    ] orchestrator: engine: ==========================================================
2026-04-07 04:35:12.270 [INFO    ] orchestrator: engine:   Total windows:         600 (294 UP, 306 DOWN)
2026-04-07 04:35:12.270 [INFO    ] orchestrator: engine:   Walk-forward folds:    10 (8 test iterations)
2026-04-07 04:35:12.270 [INFO    ] orchestrator: engine:   OOS base rate:         50.2% UP (480 test windows total)
2026-04-07 04:35:12.270 [INFO    ] orchestrator: engine:   Viable WF-OOS signals: 5
2026-04-07 04:35:12.270 [INFO    ] orchestrator: engine:   Compute time:          15.37s
2026-04-07 04:35:12.270 [INFO    ] orchestrator: engine: ==========================================================
2026-04-07 04:35:12.270 [INFO    ] orchestrator: engine produced: signals_summary_1775525712.json
2026-04-07 04:35:12.270 [INFO    ] orchestrator: cleaned up old summary: signals_summary_1775516544.json
2026-04-07 04:35:12.270 [INFO    ] orchestrator: ranked 5 signals
2026-04-07 04:35:12.270 [INFO    ] orchestrator:   #1 Up score=12.91 tier=BRONZE folds=4/8 idx=[5, 7, 8, 9] p=2.15e-06 ev=0.0752
2026-04-07 04:35:12.270 [INFO    ] orchestrator:   #2 Down score=4.71 tier=BRONZE folds=3/8 idx=[4, 6, 7] p=8.83e-07 ev=0.0527
2026-04-07 04:35:12.270 [INFO    ] orchestrator:   #3 Down score=2.45 tier=BRONZE folds=3/8 idx=[6, 7, 9] p=2.40e-07 ev=0.0199
2026-04-07 04:35:12.270 [INFO    ] orchestrator:   #4 Down score=1.20 tier=BRONZE folds=4/8 idx=[6, 7, 8, 9] p=2.15e-06 ev=0.0074
2026-04-07 04:35:12.270 [INFO    ] orchestrator:   #5 Up score=0.47 tier=BRONZE folds=3/8 idx=[6, 7, 8] p=2.15e-06 ev=0.0061
2026-04-07 04:35:12.270 [INFO    ] orchestrator: BRONZE SIGNAL: #1 Up [280s->150s] d>=0.07% v<=0.05% (score=12.91 folds=[5, 7, 8, 9])
2026-04-07 04:35:12.748 [INFO    ] shared.ipc: IPC: signal delivered successfully
2026-04-07 04:35:12.749 [INFO    ] orchestrator: bronze signal delivered to bot
2026-04-07 04:50:12.752 [INFO    ] orchestrator: data quality check passed: 600 windows available
2026-04-07 04:50:12.752 [INFO    ] orchestrator: starting engine: C:\Users\operator\Desktop\PolySignalLab\PolySignalEngine\build\Release\PolySignalEngine.exe C:\Users\operator\Desktop\PolySignalLab\PolyDataCollector\data --output-dir C:\Users\operator\Desktop\PolySignalLab\engine_output
2026-04-07 04:50:29.547 [INFO    ] orchestrator: engine: 
2026-04-07 04:50:29.547 [INFO    ] orchestrator: engine: ==========================================================
2026-04-07 04:50:29.547 [INFO    ] orchestrator: engine:   SUMMARY
2026-04-07 04:50:29.547 [INFO    ] orchestrator: engine: ==========================================================
2026-04-07 04:50:29.547 [INFO    ] orchestrator: engine:   Total windows:         600 (294 UP, 306 DOWN)
2026-04-07 04:50:29.547 [INFO    ] orchestrator: engine:   Walk-forward folds:    10 (8 test iterations)
2026-04-07 04:50:29.547 [INFO    ] orchestrator: engine:   OOS base rate:         49.8% UP (480 test windows total)
2026-04-07 04:50:29.547 [INFO    ] orchestrator: engine:   Viable WF-OOS signals: 3
2026-04-07 04:50:29.547 [INFO    ] orchestrator: engine:   Compute time:          15.37s
2026-04-07 04:50:29.547 [INFO    ] orchestrator: engine: ==========================================================
2026-04-07 04:50:29.547 [INFO    ] orchestrator: engine produced: signals_summary_1775526629.json
2026-04-07 04:50:29.547 [INFO    ] orchestrator: cleaned up old summary: signals_summary_1775517461.json
2026-04-07 04:50:29.547 [INFO    ] orchestrator: ranked 3 signals
2026-04-07 04:50:29.547 [INFO    ] orchestrator:   #1 Down score=3.66 tier=BRONZE folds=4/8 idx=[5, 7, 8, 9] p=4.35e-05 ev=0.0407
2026-04-07 04:50:29.547 [INFO    ] orchestrator:   #2 Up score=3.33 tier=BRONZE folds=3/8 idx=[5, 8, 9] p=2.64e-05 ev=0.0393
2026-04-07 04:50:29.547 [INFO    ] orchestrator:   #3 Down score=1.19 tier=BRONZE folds=4/8 idx=[6, 7, 8, 9] p=2.55e-06 ev=0.0074
2026-04-07 04:50:29.547 [INFO    ] orchestrator: signal #1 Down [290s->250s] d>=0.0% v<=0.05% score 3.66 < threshold 10.00 — skipping
2026-04-07 04:50:29.561 [INFO    ] orchestrator: no signal passed all delivery gates — not sending to bot
2026-04-07 05:05:29.573 [INFO    ] orchestrator: data quality check passed: 600 windows available
2026-04-07 05:05:29.573 [INFO    ] orchestrator: starting engine: C:\Users\operator\Desktop\PolySignalLab\PolySignalEngine\build\Release\PolySignalEngine.exe C:\Users\operator\Desktop\PolySignalLab\PolyDataCollector\data --output-dir C:\Users\operator\Desktop\PolySignalLab\engine_output
2026-04-07 05:05:46.406 [INFO    ] orchestrator: engine: 
2026-04-07 05:05:46.406 [INFO    ] orchestrator: engine: ==========================================================
2026-04-07 05:05:46.406 [INFO    ] orchestrator: engine:   SUMMARY
2026-04-07 05:05:46.406 [INFO    ] orchestrator: engine: ==========================================================
2026-04-07 05:05:46.406 [INFO    ] orchestrator: engine:   Total windows:         600 (294 UP, 306 DOWN)
2026-04-07 05:05:46.406 [INFO    ] orchestrator: engine:   Walk-forward folds:    10 (8 test iterations)
2026-04-07 05:05:46.411 [INFO    ] orchestrator: engine:   OOS base rate:         49.6% UP (480 test windows total)
2026-04-07 05:05:46.411 [INFO    ] orchestrator: engine:   Viable WF-OOS signals: 6
2026-04-07 05:05:46.411 [INFO    ] orchestrator: engine:   Compute time:          15.47s
2026-04-07 05:05:46.411 [INFO    ] orchestrator: engine: ==========================================================
2026-04-07 05:05:46.411 [INFO    ] orchestrator: engine produced: signals_summary_1775527546.json
2026-04-07 05:05:46.411 [INFO    ] orchestrator: cleaned up old summary: signals_summary_1775518377.json
2026-04-07 05:05:46.411 [INFO    ] orchestrator: ranked 6 signals
2026-04-07 05:05:46.411 [INFO    ] orchestrator:   #1 Up score=5.19 tier=BRONZE folds=3/8 idx=[5, 6, 9] p=4.31e-07 ev=0.0406
2026-04-07 05:05:46.415 [INFO    ] orchestrator:   #2 Down score=2.68 tier=BRONZE folds=2/8 idx=[7, 9] p=8.54e-05 ev=0.0842
2026-04-07 05:05:46.415 [INFO    ] orchestrator:   #3 Down score=1.69 tier=BRONZE folds=4/8 idx=[6, 7, 8, 9] p=1.43e-06 ev=0.0096
2026-04-07 05:05:46.415 [INFO    ] orchestrator:   #4 Up score=1.16 tier=BRONZE folds=3/8 idx=[5, 6, 7] p=4.56e-05 ev=0.0196
2026-04-07 05:05:46.415 [INFO    ] orchestrator:   #5 Down score=0.25 tier=BRONZE folds=4/8 idx=[6, 7, 8, 9] p=5.62e-07 ev=0.0017
2026-04-07 05:05:46.415 [INFO    ] orchestrator: signal #1 Up [280s->160s] d>=0.07% v<=0.05% score 5.19 < threshold 10.00 — skipping
2026-04-07 05:05:46.415 [INFO    ] orchestrator: no signal passed all delivery gates — not sending to bot
2026-04-07 05:20:46.440 [INFO    ] orchestrator: data quality check passed: 600 windows available
2026-04-07 05:20:46.440 [INFO    ] orchestrator: starting engine: C:\Users\operator\Desktop\PolySignalLab\PolySignalEngine\build\Release\PolySignalEngine.exe C:\Users\operator\Desktop\PolySignalLab\PolyDataCollector\data --output-dir C:\Users\operator\Desktop\PolySignalLab\engine_output
2026-04-07 05:21:03.329 [INFO    ] orchestrator: engine: 
2026-04-07 05:21:03.329 [INFO    ] orchestrator: engine: ==========================================================
2026-04-07 05:21:03.329 [INFO    ] orchestrator: engine:   SUMMARY
2026-04-07 05:21:03.329 [INFO    ] orchestrator: engine: ==========================================================
2026-04-07 05:21:03.329 [INFO    ] orchestrator: engine:   Total windows:         600 (295 UP, 305 DOWN)
2026-04-07 05:21:03.329 [INFO    ] orchestrator: engine:   Walk-forward folds:    10 (8 test iterations)
2026-04-07 05:21:03.329 [INFO    ] orchestrator: engine:   OOS base rate:         49.6% UP (480 test windows total)
2026-04-07 05:21:03.329 [INFO    ] orchestrator: engine:   Viable WF-OOS signals: 7
2026-04-07 05:21:03.329 [INFO    ] orchestrator: engine:   Compute time:          15.42s
2026-04-07 05:21:03.329 [INFO    ] orchestrator: engine: ==========================================================
2026-04-07 05:21:03.329 [INFO    ] orchestrator: engine produced: signals_summary_1775528463.json
2026-04-07 05:21:03.329 [INFO    ] orchestrator: cleaned up old summary: signals_summary_1775519293.json
2026-04-07 05:21:03.329 [INFO    ] orchestrator: ranked 7 signals
2026-04-07 05:21:03.329 [INFO    ] orchestrator:   #1 Up score=10.85 tier=BRONZE folds=4/8 idx=[5, 6, 8, 9] p=4.00e-08 ev=0.0484
2026-04-07 05:21:03.329 [INFO    ] orchestrator:   #2 Up score=8.62 tier=BRONZE folds=3/8 idx=[5, 6, 8] p=1.35e-07 ev=0.0850
2026-04-07 05:21:03.329 [INFO    ] orchestrator:   #3 Down score=3.51 tier=BRONZE folds=3/8 idx=[6, 7, 9] p=1.86e-05 ev=0.0412
2026-04-07 05:21:03.329 [INFO    ] orchestrator:   #4 Down score=1.70 tier=BRONZE folds=4/8 idx=[6, 7, 8, 9] p=1.20e-06 ev=0.0096
2026-04-07 05:21:03.329 [INFO    ] orchestrator:   #5 Up score=1.35 tier=BRONZE folds=3/8 idx=[5, 8, 9] p=2.89e-06 ev=0.0132
2026-04-07 05:21:03.329 [INFO    ] orchestrator: BRONZE SIGNAL: #1 Up [280s->150s] d>=0.07% v<=0.05% (score=10.85 folds=[5, 6, 8, 9])
2026-04-07 05:21:03.786 [INFO    ] shared.ipc: IPC: signal delivered successfully
2026-04-07 05:21:03.787 [INFO    ] orchestrator: bronze signal delivered to bot
2026-04-07 05:36:03.789 [INFO    ] orchestrator: data quality check passed: 600 windows available
2026-04-07 05:36:03.789 [INFO    ] orchestrator: starting engine: C:\Users\operator\Desktop\PolySignalLab\PolySignalEngine\build\Release\PolySignalEngine.exe C:\Users\operator\Desktop\PolySignalLab\PolyDataCollector\data --output-dir C:\Users\operator\Desktop\PolySignalLab\engine_output
2026-04-07 05:36:20.750 [INFO    ] orchestrator: engine: 
2026-04-07 05:36:20.766 [INFO    ] orchestrator: engine: ==========================================================
2026-04-07 05:36:20.766 [INFO    ] orchestrator: engine:   SUMMARY
2026-04-07 05:36:20.766 [INFO    ] orchestrator: engine: ==========================================================
2026-04-07 05:36:20.766 [INFO    ] orchestrator: engine:   Total windows:         600 (296 UP, 304 DOWN)
2026-04-07 05:36:20.766 [INFO    ] orchestrator: engine:   Walk-forward folds:    10 (8 test iterations)
2026-04-07 05:36:20.766 [INFO    ] orchestrator: engine:   OOS base rate:         49.6% UP (480 test windows total)
2026-04-07 05:36:20.766 [INFO    ] orchestrator: engine:   Viable WF-OOS signals: 5
2026-04-07 05:36:20.766 [INFO    ] orchestrator: engine:   Compute time:          15.56s
2026-04-07 05:36:20.766 [INFO    ] orchestrator: engine: ==========================================================
2026-04-07 05:36:20.766 [INFO    ] orchestrator: engine produced: signals_summary_1775529380.json
2026-04-07 05:36:20.766 [INFO    ] orchestrator: cleaned up old summary: signals_summary_1775520211.json
2026-04-07 05:36:20.766 [INFO    ] orchestrator: ranked 5 signals
2026-04-07 05:36:20.766 [INFO    ] orchestrator:   #1 Up score=6.88 tier=BRONZE folds=3/8 idx=[6, 8, 9] p=4.05e-07 ev=0.0547
2026-04-07 05:36:20.766 [INFO    ] orchestrator:   #2 Down score=2.88 tier=BRONZE folds=2/8 idx=[4, 9] p=5.14e-04 ev=0.1002
2026-04-07 05:36:20.766 [INFO    ] orchestrator:   #3 Down score=2.61 tier=BRONZE folds=3/8 idx=[6, 7, 9] p=4.52e-05 ev=0.0332
2026-04-07 05:36:20.766 [INFO    ] orchestrator:   #4 Down score=1.66 tier=BRONZE folds=4/8 idx=[6, 7, 8, 9] p=1.59e-06 ev=0.0096
2026-04-07 05:36:20.766 [INFO    ] orchestrator:   #5 Up score=1.15 tier=BRONZE folds=3/8 idx=[5, 8, 9] p=6.04e-06 ev=0.0122
2026-04-07 05:36:20.766 [INFO    ] orchestrator: signal #1 Up [280s->150s] d>=0.07% v<=0.05% score 6.88 < threshold 10.00 — skipping
2026-04-07 05:36:20.766 [INFO    ] orchestrator: no signal passed all delivery gates — not sending to bot
2026-04-07 05:51:20.792 [INFO    ] orchestrator: data quality check passed: 600 windows available
2026-04-07 05:51:20.792 [INFO    ] orchestrator: starting engine: C:\Users\operator\Desktop\PolySignalLab\PolySignalEngine\build\Release\PolySignalEngine.exe C:\Users\operator\Desktop\PolySignalLab\PolyDataCollector\data --output-dir C:\Users\operator\Desktop\PolySignalLab\engine_output
2026-04-07 05:51:37.590 [INFO    ] orchestrator: engine: 
2026-04-07 05:51:37.590 [INFO    ] orchestrator: engine: ==========================================================
2026-04-07 05:51:37.590 [INFO    ] orchestrator: engine:   SUMMARY
2026-04-07 05:51:37.590 [INFO    ] orchestrator: engine: ==========================================================
2026-04-07 05:51:37.590 [INFO    ] orchestrator: engine:   Total windows:         600 (297 UP, 303 DOWN)
2026-04-07 05:51:37.590 [INFO    ] orchestrator: engine:   Walk-forward folds:    10 (8 test iterations)
2026-04-07 05:51:37.590 [INFO    ] orchestrator: engine:   OOS base rate:         49.8% UP (480 test windows total)
2026-04-07 05:51:37.590 [INFO    ] orchestrator: engine:   Viable WF-OOS signals: 10
2026-04-07 05:51:37.590 [INFO    ] orchestrator: engine:   Compute time:          15.35s
2026-04-07 05:51:37.590 [INFO    ] orchestrator: engine: ==========================================================
2026-04-07 05:51:37.590 [INFO    ] orchestrator: engine produced: signals_summary_1775530297.json
2026-04-07 05:51:37.590 [INFO    ] orchestrator: cleaned up old summary: signals_summary_1775521128.json
2026-04-07 05:51:37.590 [INFO    ] orchestrator: ranked 10 signals
2026-04-07 05:51:37.590 [INFO    ] orchestrator:   #1 Up score=17.39 tier=BRONZE folds=5/8 idx=[5, 6, 7, 8, 9] p=6.94e-09 ev=0.0498
2026-04-07 05:51:37.590 [INFO    ] orchestrator:   #2 Up score=15.32 tier=BRONZE folds=4/8 idx=[5, 6, 7, 8] p=1.11e-08 ev=0.0847
2026-04-07 05:51:37.590 [INFO    ] orchestrator:   #3 Up score=4.81 tier=BRONZE folds=4/8 idx=[6, 7, 8, 9] p=2.59e-07 ev=0.0253
2026-04-07 05:51:37.590 [INFO    ] orchestrator:   #4 Down score=3.88 tier=BRONZE folds=2/8 idx=[5, 9] p=4.43e-05 ev=0.0843
2026-04-07 05:51:37.590 [INFO    ] orchestrator:   #5 Up score=2.46 tier=BRONZE folds=3/8 idx=[6, 8, 9] p=1.21e-06 ev=0.0226
2026-04-07 05:51:37.590 [INFO    ] orchestrator: BRONZE SIGNAL: #1 Up [280s->150s] d>=0.07% v<=0.05% (score=17.39 folds=[5, 6, 7, 8, 9])
2026-04-07 05:51:38.035 [INFO    ] shared.ipc: IPC: signal delivered successfully
2026-04-07 05:51:38.036 [INFO    ] orchestrator: bronze signal delivered to bot
2026-04-07 06:06:38.047 [INFO    ] orchestrator: data quality check passed: 600 windows available
2026-04-07 06:06:38.047 [INFO    ] orchestrator: starting engine: C:\Users\operator\Desktop\PolySignalLab\PolySignalEngine\build\Release\PolySignalEngine.exe C:\Users\operator\Desktop\PolySignalLab\PolyDataCollector\data --output-dir C:\Users\operator\Desktop\PolySignalLab\engine_output
2026-04-07 06:06:55.220 [INFO    ] orchestrator: engine: 
2026-04-07 06:06:55.220 [INFO    ] orchestrator: engine: ==========================================================
2026-04-07 06:06:55.220 [INFO    ] orchestrator: engine:   SUMMARY
2026-04-07 06:06:55.220 [INFO    ] orchestrator: engine: ==========================================================
2026-04-07 06:06:55.220 [INFO    ] orchestrator: engine:   Total windows:         600 (300 UP, 300 DOWN)
2026-04-07 06:06:55.220 [INFO    ] orchestrator: engine:   Walk-forward folds:    10 (8 test iterations)
2026-04-07 06:06:55.220 [INFO    ] orchestrator: engine:   OOS base rate:         50.2% UP (480 test windows total)
2026-04-07 06:06:55.220 [INFO    ] orchestrator: engine:   Viable WF-OOS signals: 7
2026-04-07 06:06:55.220 [INFO    ] orchestrator: engine:   Compute time:          15.58s
2026-04-07 06:06:55.220 [INFO    ] orchestrator: engine: ==========================================================
2026-04-07 06:06:55.220 [INFO    ] orchestrator: engine produced: signals_summary_1775531215.json
2026-04-07 06:06:55.220 [INFO    ] orchestrator: cleaned up old summary: signals_summary_1775522045.json
2026-04-07 06:06:55.220 [INFO    ] orchestrator: ranked 7 signals
2026-04-07 06:06:55.220 [INFO    ] orchestrator:   #1 Up score=1.77 tier=BRONZE folds=3/8 idx=[6, 8, 9] p=1.24e-05 ev=0.0193
2026-04-07 06:06:55.220 [INFO    ] orchestrator:   #2 Down score=1.68 tier=BRONZE folds=2/8 idx=[8, 9] p=9.65e-04 ev=0.0617
2026-04-07 06:06:55.220 [INFO    ] orchestrator:   #3 Down score=1.18 tier=BRONZE folds=2/8 idx=[5, 7] p=1.35e-04 ev=0.0435
2026-04-07 06:06:55.220 [INFO    ] orchestrator:   #4 Down score=1.16 tier=BRONZE folds=2/8 idx=[8, 9] p=3.05e-03 ev=0.0533
2026-04-07 06:06:55.220 [INFO    ] orchestrator:   #5 Up score=0.57 tier=BRONZE folds=4/8 idx=[5, 7, 8, 9] p=5.67e-07 ev=0.0030
2026-04-07 06:06:55.229 [INFO    ] orchestrator: signal #1 Up [280s->160s] d>=0.07% v<=0.05% score 1.77 < threshold 10.00 — skipping
2026-04-07 06:06:55.229 [INFO    ] orchestrator: no signal passed all delivery gates — not sending to bot
2026-04-07 06:21:55.249 [INFO    ] orchestrator: data quality check passed: 600 windows available
2026-04-07 06:21:55.249 [INFO    ] orchestrator: starting engine: C:\Users\operator\Desktop\PolySignalLab\PolySignalEngine\build\Release\PolySignalEngine.exe C:\Users\operator\Desktop\PolySignalLab\PolyDataCollector\data --output-dir C:\Users\operator\Desktop\PolySignalLab\engine_output
2026-04-07 06:22:12.190 [INFO    ] orchestrator: engine: 
2026-04-07 06:22:12.190 [INFO    ] orchestrator: engine: ==========================================================
2026-04-07 06:22:12.203 [INFO    ] orchestrator: engine:   SUMMARY
2026-04-07 06:22:12.203 [INFO    ] orchestrator: engine: ==========================================================
2026-04-07 06:22:12.203 [INFO    ] orchestrator: engine:   Total windows:         600 (300 UP, 300 DOWN)
2026-04-07 06:22:12.203 [INFO    ] orchestrator: engine:   Walk-forward folds:    10 (8 test iterations)
2026-04-07 06:22:12.203 [INFO    ] orchestrator: engine:   OOS base rate:         50.0% UP (480 test windows total)
2026-04-07 06:22:12.203 [INFO    ] orchestrator: engine:   Viable WF-OOS signals: 7
2026-04-07 06:22:12.205 [INFO    ] orchestrator: engine:   Compute time:          15.61s
2026-04-07 06:22:12.205 [INFO    ] orchestrator: engine: ==========================================================
2026-04-07 06:22:12.205 [INFO    ] orchestrator: engine produced: signals_summary_1775532132.json
2026-04-07 06:22:12.205 [INFO    ] orchestrator: cleaned up old summary: signals_summary_1775522962.json
2026-04-07 06:22:12.205 [INFO    ] orchestrator: ranked 7 signals
2026-04-07 06:22:12.205 [INFO    ] orchestrator:   #1 Down score=2.70 tier=BRONZE folds=3/8 idx=[2, 4, 8] p=3.99e-04 ev=0.0650
2026-04-07 06:22:12.205 [INFO    ] orchestrator:   #2 Up score=1.39 tier=BRONZE folds=3/8 idx=[6, 8, 9] p=1.92e-05 ev=0.0163
2026-04-07 06:22:12.205 [INFO    ] orchestrator:   #3 Up score=1.13 tier=BRONZE folds=3/8 idx=[2, 5, 6] p=4.22e-06 ev=0.0147
2026-04-07 06:22:12.205 [INFO    ] orchestrator:   #4 Up score=0.84 tier=BRONZE folds=3/8 idx=[5, 7, 9] p=1.05e-04 ev=0.0119
2026-04-07 06:22:12.205 [INFO    ] orchestrator:   #5 Down score=0.46 tier=BRONZE folds=2/8 idx=[5, 7] p=5.01e-04 ev=0.0205
2026-04-07 06:22:12.205 [INFO    ] orchestrator: signal #1 Down [290s->260s] d>=0.0% v<=1.0% score 2.70 < threshold 10.00 — skipping
2026-04-07 06:22:12.205 [INFO    ] orchestrator: no signal passed all delivery gates — not sending to bot
2026-04-07 06:37:12.225 [INFO    ] orchestrator: data quality check passed: 600 windows available
2026-04-07 06:37:12.225 [INFO    ] orchestrator: starting engine: C:\Users\operator\Desktop\PolySignalLab\PolySignalEngine\build\Release\PolySignalEngine.exe C:\Users\operator\Desktop\PolySignalLab\PolyDataCollector\data --output-dir C:\Users\operator\Desktop\PolySignalLab\engine_output
2026-04-07 06:37:29.072 [INFO    ] orchestrator: engine: 
2026-04-07 06:37:29.072 [INFO    ] orchestrator: engine: ==========================================================
2026-04-07 06:37:29.072 [INFO    ] orchestrator: engine:   SUMMARY
2026-04-07 06:37:29.072 [INFO    ] orchestrator: engine: ==========================================================
2026-04-07 06:37:29.072 [INFO    ] orchestrator: engine:   Total windows:         600 (302 UP, 298 DOWN)
2026-04-07 06:37:29.072 [INFO    ] orchestrator: engine:   Walk-forward folds:    10 (8 test iterations)
2026-04-07 06:37:29.072 [INFO    ] orchestrator: engine:   OOS base rate:         50.4% UP (480 test windows total)
2026-04-07 06:37:29.072 [INFO    ] orchestrator: engine:   Viable WF-OOS signals: 5
2026-04-07 06:37:29.072 [INFO    ] orchestrator: engine:   Compute time:          15.51s
2026-04-07 06:37:29.072 [INFO    ] orchestrator: engine: ==========================================================
2026-04-07 06:37:29.072 [INFO    ] orchestrator: engine produced: signals_summary_1775533049.json
2026-04-07 06:37:29.072 [INFO    ] orchestrator: cleaned up old summary: signals_summary_1775523878.json
2026-04-07 06:37:29.072 [INFO    ] orchestrator: ranked 5 signals
2026-04-07 06:37:29.072 [INFO    ] orchestrator:   #1 Up score=9.44 tier=BRONZE folds=4/8 idx=[5, 7, 8, 9] p=5.67e-07 ev=0.0484
2026-04-07 06:37:29.072 [INFO    ] orchestrator:   #2 Up score=3.61 tier=BRONZE folds=3/8 idx=[5, 6, 8] p=1.24e-08 ev=0.0282
2026-04-07 06:37:29.072 [INFO    ] orchestrator:   #3 Up score=3.01 tier=BRONZE folds=2/8 idx=[3, 5] p=1.86e-06 ev=0.0667
2026-04-07 06:37:29.072 [INFO    ] orchestrator:   #4 Down score=0.13 tier=BRONZE folds=2/8 idx=[5, 6] p=1.35e-02 ev=0.0106
2026-04-07 06:37:29.072 [INFO    ] orchestrator:   #5 Down score=0.11 tier=BRONZE folds=2/8 idx=[7, 8] p=4.74e-03 ev=0.0091
2026-04-07 06:37:29.072 [INFO    ] orchestrator: signal #1 Up [280s->150s] d>=0.07% v<=0.05% score 9.44 < threshold 10.00 — skipping
2026-04-07 06:37:29.088 [INFO    ] orchestrator: no signal passed all delivery gates — not sending to bot
2026-04-07 06:52:29.093 [INFO    ] orchestrator: data quality check passed: 600 windows available
2026-04-07 06:52:29.093 [INFO    ] orchestrator: starting engine: C:\Users\operator\Desktop\PolySignalLab\PolySignalEngine\build\Release\PolySignalEngine.exe C:\Users\operator\Desktop\PolySignalLab\PolyDataCollector\data --output-dir C:\Users\operator\Desktop\PolySignalLab\engine_output
2026-04-07 06:52:46.200 [INFO    ] orchestrator: engine: 
2026-04-07 06:52:46.200 [INFO    ] orchestrator: engine: ==========================================================
2026-04-07 06:52:46.200 [INFO    ] orchestrator: engine:   SUMMARY
2026-04-07 06:52:46.200 [INFO    ] orchestrator: engine: ==========================================================
2026-04-07 06:52:46.200 [INFO    ] orchestrator: engine:   Total windows:         600 (305 UP, 295 DOWN)
2026-04-07 06:52:46.200 [INFO    ] orchestrator: engine:   Walk-forward folds:    10 (8 test iterations)
2026-04-07 06:52:46.200 [INFO    ] orchestrator: engine:   OOS base rate:         50.4% UP (480 test windows total)
2026-04-07 06:52:46.200 [INFO    ] orchestrator: engine:   Viable WF-OOS signals: 8
2026-04-07 06:52:46.200 [INFO    ] orchestrator: engine:   Compute time:          15.55s
2026-04-07 06:52:46.200 [INFO    ] orchestrator: engine: ==========================================================
2026-04-07 06:52:46.200 [INFO    ] orchestrator: engine produced: signals_summary_1775533966.json
2026-04-07 06:52:46.200 [INFO    ] orchestrator: cleaned up old summary: signals_summary_1775524795.json
2026-04-07 06:52:46.200 [INFO    ] orchestrator: ranked 8 signals
2026-04-07 06:52:46.200 [INFO    ] orchestrator:   #1 Up score=8.22 tier=BRONZE folds=4/8 idx=[5, 7, 8, 9] p=1.02e-06 ev=0.0439
2026-04-07 06:52:46.200 [INFO    ] orchestrator:   #2 Down score=3.71 tier=BRONZE folds=2/8 idx=[2, 5] p=6.58e-06 ev=0.0903
2026-04-07 06:52:46.200 [INFO    ] orchestrator:   #3 Up score=0.66 tier=BRONZE folds=2/8 idx=[5, 8] p=5.73e-06 ev=0.0165
2026-04-07 06:52:46.200 [INFO    ] orchestrator:   #4 Down score=0.41 tier=BRONZE folds=2/8 idx=[5, 8] p=4.29e-03 ev=0.0288
2026-04-07 06:52:46.200 [INFO    ] orchestrator:   #5 Down score=0.36 tier=BRONZE folds=2/8 idx=[5, 8] p=4.78e-04 ev=0.0154
2026-04-07 06:52:46.200 [INFO    ] orchestrator: signal #1 Up [280s->150s] d>=0.07% v<=0.05% score 8.22 < threshold 10.00 — skipping
2026-04-07 06:52:46.215 [INFO    ] orchestrator: no signal passed all delivery gates — not sending to bot
2026-04-07 07:07:46.230 [INFO    ] orchestrator: data quality check passed: 600 windows available
2026-04-07 07:07:46.230 [INFO    ] orchestrator: starting engine: C:\Users\operator\Desktop\PolySignalLab\PolySignalEngine\build\Release\PolySignalEngine.exe C:\Users\operator\Desktop\PolySignalLab\PolyDataCollector\data --output-dir C:\Users\operator\Desktop\PolySignalLab\engine_output
2026-04-07 07:08:03.158 [INFO    ] orchestrator: engine: 
2026-04-07 07:08:03.158 [INFO    ] orchestrator: engine: ==========================================================
2026-04-07 07:08:03.158 [INFO    ] orchestrator: engine:   SUMMARY
2026-04-07 07:08:03.158 [INFO    ] orchestrator: engine: ==========================================================
2026-04-07 07:08:03.158 [INFO    ] orchestrator: engine:   Total windows:         600 (305 UP, 295 DOWN)
2026-04-07 07:08:03.158 [INFO    ] orchestrator: engine:   Walk-forward folds:    10 (8 test iterations)
2026-04-07 07:08:03.158 [INFO    ] orchestrator: engine:   OOS base rate:         50.4% UP (480 test windows total)
2026-04-07 07:08:03.158 [INFO    ] orchestrator: engine:   Viable WF-OOS signals: 6
2026-04-07 07:08:03.158 [INFO    ] orchestrator: engine:   Compute time:          15.53s
2026-04-07 07:08:03.158 [INFO    ] orchestrator: engine: ==========================================================
2026-04-07 07:08:03.158 [INFO    ] orchestrator: engine produced: signals_summary_1775534883.json
2026-04-07 07:08:03.158 [INFO    ] orchestrator: cleaned up old summary: signals_summary_1775525712.json
2026-04-07 07:08:03.158 [INFO    ] orchestrator: ranked 6 signals
2026-04-07 07:08:03.158 [INFO    ] orchestrator:   #1 Up score=9.18 tier=BRONZE folds=4/8 idx=[5, 7, 8, 9] p=1.94e-07 ev=0.0435
2026-04-07 07:08:03.158 [INFO    ] orchestrator:   #2 Down score=3.38 tier=BRONZE folds=2/8 idx=[2, 5] p=1.03e-05 ev=0.0886
2026-04-07 07:08:03.158 [INFO    ] orchestrator:   #3 Down score=3.10 tier=BRONZE folds=2/8 idx=[3, 5] p=5.96e-08 ev=0.0483
2026-04-07 07:08:03.158 [INFO    ] orchestrator:   #4 Down score=1.97 tier=BRONZE folds=3/8 idx=[5, 6, 7] p=7.39e-07 ev=0.0268
2026-04-07 07:08:03.158 [INFO    ] orchestrator:   #5 Down score=0.15 tier=BRONZE folds=3/8 idx=[5, 6, 8] p=6.19e-08 ev=0.0016
2026-04-07 07:08:03.158 [INFO    ] orchestrator: signal #1 Up [280s->150s] d>=0.07% v<=0.05% score 9.18 < threshold 10.00 — skipping
2026-04-07 07:08:03.173 [INFO    ] orchestrator: no signal passed all delivery gates — not sending to bot
2026-04-07 07:23:03.186 [INFO    ] orchestrator: data quality check passed: 600 windows available
2026-04-07 07:23:03.186 [INFO    ] orchestrator: starting engine: C:\Users\operator\Desktop\PolySignalLab\PolySignalEngine\build\Release\PolySignalEngine.exe C:\Users\operator\Desktop\PolySignalLab\PolyDataCollector\data --output-dir C:\Users\operator\Desktop\PolySignalLab\engine_output
2026-04-07 07:23:20.307 [INFO    ] orchestrator: engine: 
2026-04-07 07:23:20.307 [INFO    ] orchestrator: engine: ==========================================================
2026-04-07 07:23:20.307 [INFO    ] orchestrator: engine:   SUMMARY
2026-04-07 07:23:20.307 [INFO    ] orchestrator: engine: ==========================================================
2026-04-07 07:23:20.307 [INFO    ] orchestrator: engine:   Total windows:         600 (306 UP, 294 DOWN)
2026-04-07 07:23:20.307 [INFO    ] orchestrator: engine:   Walk-forward folds:    10 (8 test iterations)
2026-04-07 07:23:20.307 [INFO    ] orchestrator: engine:   OOS base rate:         50.4% UP (480 test windows total)
2026-04-07 07:23:20.307 [INFO    ] orchestrator: engine:   Viable WF-OOS signals: 7
2026-04-07 07:23:20.307 [INFO    ] orchestrator: engine:   Compute time:          15.61s
2026-04-07 07:23:20.307 [INFO    ] orchestrator: engine: ==========================================================
2026-04-07 07:23:20.322 [INFO    ] orchestrator: engine produced: signals_summary_1775535800.json
2026-04-07 07:23:20.322 [INFO    ] orchestrator: cleaned up old summary: signals_summary_1775526629.json
2026-04-07 07:23:20.322 [INFO    ] orchestrator: ranked 7 signals
2026-04-07 07:23:20.322 [INFO    ] orchestrator:   #1 Up score=8.09 tier=BRONZE folds=4/8 idx=[5, 7, 8, 9] p=2.52e-07 ev=0.0390
2026-04-07 07:23:20.322 [INFO    ] orchestrator:   #2 Down score=2.29 tier=BRONZE folds=2/8 idx=[2, 5] p=3.78e-05 ev=0.0742
2026-04-07 07:23:20.322 [INFO    ] orchestrator:   #3 Down score=1.83 tier=BRONZE folds=4/8 idx=[5, 6, 8, 9] p=1.38e-09 ev=0.0078
2026-04-07 07:23:20.322 [INFO    ] orchestrator:   #4 Down score=1.58 tier=BRONZE folds=4/8 idx=[5, 7, 8, 9] p=4.28e-06 ev=0.0104
2026-04-07 07:23:20.322 [INFO    ] orchestrator:   #5 Down score=0.88 tier=BRONZE folds=4/8 idx=[5, 7, 8, 9] p=1.05e-03 ev=0.0168
2026-04-07 07:23:20.322 [INFO    ] orchestrator: signal #1 Up [280s->150s] d>=0.07% v<=0.05% score 8.09 < threshold 10.00 — skipping
2026-04-07 07:23:20.322 [INFO    ] orchestrator: no signal passed all delivery gates — not sending to bot
2026-04-07 07:38:20.348 [INFO    ] orchestrator: data quality check passed: 600 windows available
2026-04-07 07:38:20.348 [INFO    ] orchestrator: starting engine: C:\Users\operator\Desktop\PolySignalLab\PolySignalEngine\build\Release\PolySignalEngine.exe C:\Users\operator\Desktop\PolySignalLab\PolyDataCollector\data --output-dir C:\Users\operator\Desktop\PolySignalLab\engine_output
2026-04-07 07:38:37.538 [INFO    ] orchestrator: engine: 
2026-04-07 07:38:37.538 [INFO    ] orchestrator: engine: ==========================================================
2026-04-07 07:38:37.538 [INFO    ] orchestrator: engine:   SUMMARY
2026-04-07 07:38:37.538 [INFO    ] orchestrator: engine: ==========================================================
2026-04-07 07:38:37.538 [INFO    ] orchestrator: engine:   Total windows:         600 (305 UP, 295 DOWN)
2026-04-07 07:38:37.538 [INFO    ] orchestrator: engine:   Walk-forward folds:    10 (8 test iterations)
2026-04-07 07:38:37.538 [INFO    ] orchestrator: engine:   OOS base rate:         50.2% UP (480 test windows total)
2026-04-07 07:38:37.538 [INFO    ] orchestrator: engine:   Viable WF-OOS signals: 6
2026-04-07 07:38:37.538 [INFO    ] orchestrator: engine:   Compute time:          15.87s
2026-04-07 07:38:37.547 [INFO    ] orchestrator: engine: ==========================================================
2026-04-07 07:38:37.547 [INFO    ] orchestrator: engine produced: signals_summary_1775536717.json
2026-04-07 07:38:37.547 [INFO    ] orchestrator: cleaned up old summary: signals_summary_1775527546.json
2026-04-07 07:38:37.547 [INFO    ] orchestrator: ranked 6 signals
2026-04-07 07:38:37.547 [INFO    ] orchestrator:   #1 Up score=6.80 tier=BRONZE folds=4/8 idx=[5, 7, 8, 9] p=2.80e-07 ev=0.0330
2026-04-07 07:38:37.547 [INFO    ] orchestrator:   #2 Down score=4.78 tier=BRONZE folds=3/8 idx=[2, 4, 8] p=4.71e-05 ev=0.0883
2026-04-07 07:38:37.547 [INFO    ] orchestrator:   #3 Down score=2.92 tier=BRONZE folds=4/8 idx=[5, 6, 8, 9] p=1.67e-09 ev=0.0124
2026-04-07 07:38:37.547 [INFO    ] orchestrator:   #4 Down score=0.59 tier=BRONZE folds=3/8 idx=[5, 7, 8] p=1.22e-03 ev=0.0243
2026-04-07 07:38:37.547 [INFO    ] orchestrator:   #5 Down score=0.55 tier=BRONZE folds=2/8 idx=[6, 9] p=1.19e-03 ev=0.0237
2026-04-07 07:38:37.547 [INFO    ] orchestrator: signal #1 Up [280s->150s] d>=0.07% v<=0.05% score 6.80 < threshold 10.00 — skipping
2026-04-07 07:38:37.554 [INFO    ] orchestrator: no signal passed all delivery gates — not sending to bot
2026-04-07 07:53:37.566 [INFO    ] orchestrator: data quality check passed: 600 windows available
2026-04-07 07:53:37.566 [INFO    ] orchestrator: starting engine: C:\Users\operator\Desktop\PolySignalLab\PolySignalEngine\build\Release\PolySignalEngine.exe C:\Users\operator\Desktop\PolySignalLab\PolyDataCollector\data --output-dir C:\Users\operator\Desktop\PolySignalLab\engine_output
2026-04-07 07:53:54.558 [INFO    ] orchestrator: engine: 
2026-04-07 07:53:54.558 [INFO    ] orchestrator: engine: ==========================================================
2026-04-07 07:53:54.558 [INFO    ] orchestrator: engine:   SUMMARY
2026-04-07 07:53:54.558 [INFO    ] orchestrator: engine: ==========================================================
2026-04-07 07:53:54.558 [INFO    ] orchestrator: engine:   Total windows:         600 (308 UP, 292 DOWN)
2026-04-07 07:53:54.558 [INFO    ] orchestrator: engine:   Walk-forward folds:    10 (8 test iterations)
2026-04-07 07:53:54.558 [INFO    ] orchestrator: engine:   OOS base rate:         50.4% UP (480 test windows total)
2026-04-07 07:53:54.558 [INFO    ] orchestrator: engine:   Viable WF-OOS signals: 5
2026-04-07 07:53:54.558 [INFO    ] orchestrator: engine:   Compute time:          15.66s
2026-04-07 07:53:54.558 [INFO    ] orchestrator: engine: ==========================================================
2026-04-07 07:53:54.558 [INFO    ] orchestrator: engine produced: signals_summary_1775537634.json
2026-04-07 07:53:54.558 [INFO    ] orchestrator: cleaned up old summary: signals_summary_1775528463.json
2026-04-07 07:53:54.558 [INFO    ] orchestrator: ranked 5 signals
2026-04-07 07:53:54.558 [INFO    ] orchestrator:   #1 Up score=12.46 tier=BRONZE folds=4/8 idx=[5, 7, 8, 9] p=4.56e-08 ev=0.0549
2026-04-07 07:53:54.558 [INFO    ] orchestrator:   #2 Down score=3.07 tier=BRONZE folds=2/8 idx=[2, 8] p=9.42e-05 ev=0.1049
2026-04-07 07:53:54.558 [INFO    ] orchestrator:   #3 Down score=1.84 tier=BRONZE folds=4/8 idx=[5, 6, 8, 9] p=7.75e-10 ev=0.0078
2026-04-07 07:53:54.558 [INFO    ] orchestrator:   #4 Down score=0.87 tier=BRONZE folds=2/8 idx=[4, 6] p=7.64e-03 ev=0.0585
2026-04-07 07:53:54.558 [INFO    ] orchestrator:   #5 Down score=0.21 tier=BRONZE folds=4/8 idx=[5, 7, 8, 9] p=2.85e-03 ev=0.0046
2026-04-07 07:53:54.558 [INFO    ] orchestrator: BRONZE SIGNAL: #1 Up [280s->150s] d>=0.07% v<=0.05% (score=12.46 folds=[5, 7, 8, 9])
2026-04-07 07:53:55.110 [INFO    ] shared.ipc: IPC: signal delivered successfully
2026-04-07 07:53:55.111 [INFO    ] orchestrator: bronze signal delivered to bot
2026-04-07 08:08:55.126 [INFO    ] orchestrator: data quality check passed: 600 windows available
2026-04-07 08:08:55.126 [INFO    ] orchestrator: starting engine: C:\Users\operator\Desktop\PolySignalLab\PolySignalEngine\build\Release\PolySignalEngine.exe C:\Users\operator\Desktop\PolySignalLab\PolyDataCollector\data --output-dir C:\Users\operator\Desktop\PolySignalLab\engine_output
2026-04-07 08:09:12.356 [INFO    ] orchestrator: engine: 
2026-04-07 08:09:12.356 [INFO    ] orchestrator: engine: ==========================================================
2026-04-07 08:09:12.356 [INFO    ] orchestrator: engine:   SUMMARY
2026-04-07 08:09:12.356 [INFO    ] orchestrator: engine: ==========================================================
2026-04-07 08:09:12.356 [INFO    ] orchestrator: engine:   Total windows:         600 (307 UP, 293 DOWN)
2026-04-07 08:09:12.356 [INFO    ] orchestrator: engine:   Walk-forward folds:    10 (8 test iterations)
2026-04-07 08:09:12.356 [INFO    ] orchestrator: engine:   OOS base rate:         50.4% UP (480 test windows total)
2026-04-07 08:09:12.356 [INFO    ] orchestrator: engine:   Viable WF-OOS signals: 11
2026-04-07 08:09:12.363 [INFO    ] orchestrator: engine:   Compute time:          15.79s
2026-04-07 08:09:12.363 [INFO    ] orchestrator: engine: ==========================================================
2026-04-07 08:09:12.363 [INFO    ] orchestrator: engine produced: signals_summary_1775538552.json
2026-04-07 08:09:12.363 [INFO    ] orchestrator: cleaned up old summary: signals_summary_1775529380.json
2026-04-07 08:09:12.363 [INFO    ] orchestrator: ranked 11 signals
2026-04-07 08:09:12.363 [INFO    ] orchestrator:   #1 Up score=10.65 tier=BRONZE folds=4/8 idx=[5, 7, 8, 9] p=6.54e-08 ev=0.0479
2026-04-07 08:09:12.363 [INFO    ] orchestrator:   #2 Down score=5.46 tier=BRONZE folds=2/8 idx=[5, 6] p=6.54e-08 ev=0.0962
2026-04-07 08:09:12.363 [INFO    ] orchestrator:   #3 Up score=2.92 tier=BRONZE folds=2/8 idx=[5, 7] p=3.26e-06 ev=0.0727
2026-04-07 08:09:12.363 [INFO    ] orchestrator:   #4 Down score=2.75 tier=BRONZE folds=4/8 idx=[5, 6, 8, 9] p=7.70e-10 ev=0.0114
2026-04-07 08:09:12.363 [INFO    ] orchestrator:   #5 Down score=2.72 tier=BRONZE folds=2/8 idx=[6, 8] p=8.04e-08 ev=0.0514
2026-04-07 08:09:12.363 [INFO    ] orchestrator: BRONZE SIGNAL: #1 Up [280s->150s] d>=0.07% v<=0.05% (score=10.65 folds=[5, 7, 8, 9])
2026-04-07 08:09:12.819 [INFO    ] shared.ipc: IPC: signal delivered successfully
2026-04-07 08:09:12.819 [INFO    ] orchestrator: bronze signal delivered to bot
2026-04-07 08:24:12.820 [INFO    ] orchestrator: data quality check passed: 600 windows available
2026-04-07 08:24:12.820 [INFO    ] orchestrator: starting engine: C:\Users\operator\Desktop\PolySignalLab\PolySignalEngine\build\Release\PolySignalEngine.exe C:\Users\operator\Desktop\PolySignalLab\PolyDataCollector\data --output-dir C:\Users\operator\Desktop\PolySignalLab\engine_output
2026-04-07 08:24:30.174 [INFO    ] orchestrator: engine: 
2026-04-07 08:24:30.174 [INFO    ] orchestrator: engine: ==========================================================
2026-04-07 08:24:30.180 [INFO    ] orchestrator: engine:   SUMMARY
2026-04-07 08:24:30.180 [INFO    ] orchestrator: engine: ==========================================================
2026-04-07 08:24:30.180 [INFO    ] orchestrator: engine:   Total windows:         600 (306 UP, 294 DOWN)
2026-04-07 08:24:30.180 [INFO    ] orchestrator: engine:   Walk-forward folds:    10 (8 test iterations)
2026-04-07 08:24:30.180 [INFO    ] orchestrator: engine:   OOS base rate:         50.4% UP (480 test windows total)
2026-04-07 08:24:30.180 [INFO    ] orchestrator: engine:   Viable WF-OOS signals: 8
2026-04-07 08:24:30.180 [INFO    ] orchestrator: engine:   Compute time:          15.84s
2026-04-07 08:24:30.180 [INFO    ] orchestrator: engine: ==========================================================
2026-04-07 08:24:30.180 [INFO    ] orchestrator: engine produced: signals_summary_1775539470.json
2026-04-07 08:24:30.180 [INFO    ] orchestrator: cleaned up old summary: signals_summary_1775530297.json
2026-04-07 08:24:30.180 [INFO    ] orchestrator: ranked 8 signals
2026-04-07 08:24:30.180 [INFO    ] orchestrator:   #1 Up score=9.96 tier=BRONZE folds=4/8 idx=[5, 7, 8, 9] p=1.38e-07 ev=0.0479
2026-04-07 08:24:30.180 [INFO    ] orchestrator:   #2 Up score=8.13 tier=BRONZE folds=4/8 idx=[5, 7, 8, 9] p=8.36e-07 ev=0.0473
2026-04-07 08:24:30.180 [INFO    ] orchestrator:   #3 Down score=4.66 tier=BRONZE folds=5/8 idx=[5, 6, 7, 8, 9] p=1.53e-07 ev=0.0150
2026-04-07 08:24:30.180 [INFO    ] orchestrator:   #4 Down score=2.26 tier=BRONZE folds=5/8 idx=[4, 6, 7, 8, 9] p=2.40e-04 ev=0.0232
2026-04-07 08:24:30.180 [INFO    ] orchestrator:   #5 Up score=1.73 tier=BRONZE folds=4/8 idx=[5, 7, 8, 9] p=5.78e-07 ev=0.0110
2026-04-07 08:24:30.180 [INFO    ] orchestrator: signal #1 Up [280s->150s] d>=0.07% v<=0.05% score 9.96 < threshold 10.00 — skipping
2026-04-07 08:24:30.195 [INFO    ] orchestrator: no signal passed all delivery gates — not sending to bot
2026-04-07 08:39:30.202 [INFO    ] orchestrator: data quality check passed: 600 windows available
2026-04-07 08:39:30.202 [INFO    ] orchestrator: starting engine: C:\Users\operator\Desktop\PolySignalLab\PolySignalEngine\build\Release\PolySignalEngine.exe C:\Users\operator\Desktop\PolySignalLab\PolyDataCollector\data --output-dir C:\Users\operator\Desktop\PolySignalLab\engine_output
2026-04-07 08:39:47.553 [INFO    ] orchestrator: engine: 
2026-04-07 08:39:47.553 [INFO    ] orchestrator: engine: ==========================================================
2026-04-07 08:39:47.553 [INFO    ] orchestrator: engine:   SUMMARY
2026-04-07 08:39:47.553 [INFO    ] orchestrator: engine: ==========================================================
2026-04-07 08:39:47.553 [INFO    ] orchestrator: engine:   Total windows:         600 (303 UP, 297 DOWN)
2026-04-07 08:39:47.560 [INFO    ] orchestrator: engine:   Walk-forward folds:    10 (8 test iterations)
2026-04-07 08:39:47.560 [INFO    ] orchestrator: engine:   OOS base rate:         50.0% UP (480 test windows total)
2026-04-07 08:39:47.560 [INFO    ] orchestrator: engine:   Viable WF-OOS signals: 7
2026-04-07 08:39:47.560 [INFO    ] orchestrator: engine:   Compute time:          15.88s
2026-04-07 08:39:47.560 [INFO    ] orchestrator: engine: ==========================================================
2026-04-07 08:39:47.561 [INFO    ] orchestrator: engine produced: signals_summary_1775540387.json
2026-04-07 08:39:47.561 [INFO    ] orchestrator: cleaned up old summary: signals_summary_1775531215.json
2026-04-07 08:39:47.561 [INFO    ] orchestrator: ranked 7 signals
2026-04-07 08:39:47.561 [INFO    ] orchestrator:   #1 Up score=8.40 tier=BRONZE folds=4/8 idx=[5, 7, 8, 9] p=1.45e-07 ev=0.0405
2026-04-07 08:39:47.561 [INFO    ] orchestrator:   #2 Up score=6.27 tier=BRONZE folds=4/8 idx=[5, 7, 8, 9] p=2.09e-06 ev=0.0391
2026-04-07 08:39:47.561 [INFO    ] orchestrator:   #3 Down score=3.36 tier=BRONZE folds=4/8 idx=[5, 6, 8, 9] p=9.27e-10 ev=0.0137
2026-04-07 08:39:47.561 [INFO    ] orchestrator:   #4 Down score=2.95 tier=BRONZE folds=5/8 idx=[4, 6, 7, 8, 9] p=2.08e-04 ev=0.0288
2026-04-07 08:39:47.561 [INFO    ] orchestrator:   #5 Up score=1.47 tier=BRONZE folds=2/8 idx=[3, 5] p=2.09e-06 ev=0.0321
2026-04-07 08:39:47.561 [INFO    ] orchestrator: signal #1 Up [280s->150s] d>=0.07% v<=0.05% score 8.40 < threshold 10.00 — skipping
2026-04-07 08:39:47.561 [INFO    ] orchestrator: no signal passed all delivery gates — not sending to bot
2026-04-07 08:54:47.574 [INFO    ] orchestrator: data quality check passed: 600 windows available
2026-04-07 08:54:47.574 [INFO    ] orchestrator: starting engine: C:\Users\operator\Desktop\PolySignalLab\PolySignalEngine\build\Release\PolySignalEngine.exe C:\Users\operator\Desktop\PolySignalLab\PolyDataCollector\data --output-dir C:\Users\operator\Desktop\PolySignalLab\engine_output
2026-04-07 08:55:04.848 [INFO    ] orchestrator: engine: 
2026-04-07 08:55:04.848 [INFO    ] orchestrator: engine: ==========================================================
2026-04-07 08:55:04.848 [INFO    ] orchestrator: engine:   SUMMARY
2026-04-07 08:55:04.848 [INFO    ] orchestrator: engine: ==========================================================
2026-04-07 08:55:04.848 [INFO    ] orchestrator: engine:   Total windows:         600 (303 UP, 297 DOWN)
2026-04-07 08:55:04.848 [INFO    ] orchestrator: engine:   Walk-forward folds:    10 (8 test iterations)
2026-04-07 08:55:04.848 [INFO    ] orchestrator: engine:   OOS base rate:         50.0% UP (480 test windows total)
2026-04-07 08:55:04.848 [INFO    ] orchestrator: engine:   Viable WF-OOS signals: 7
2026-04-07 08:55:04.848 [INFO    ] orchestrator: engine:   Compute time:          15.96s
2026-04-07 08:55:04.848 [INFO    ] orchestrator: engine: ==========================================================
2026-04-07 08:55:04.848 [INFO    ] orchestrator: engine produced: signals_summary_1775541304.json
2026-04-07 08:55:04.848 [INFO    ] orchestrator: cleaned up old summary: signals_summary_1775532132.json
2026-04-07 08:55:04.848 [INFO    ] orchestrator: ranked 7 signals
2026-04-07 08:55:04.848 [INFO    ] orchestrator:   #1 Down score=4.97 tier=BRONZE folds=5/8 idx=[5, 6, 7, 8, 9] p=1.31e-07 ev=0.0159
2026-04-07 08:55:04.848 [INFO    ] orchestrator:   #2 Up score=4.65 tier=BRONZE folds=4/8 idx=[5, 7, 8, 9] p=3.35e-06 ev=0.0300
2026-04-07 08:55:04.848 [INFO    ] orchestrator:   #3 Up score=3.79 tier=BRONZE folds=5/8 idx=[3, 5, 7, 8, 9] p=9.78e-08 ev=0.0137
2026-04-07 08:55:04.848 [INFO    ] orchestrator:   #4 Down score=1.82 tier=BRONZE folds=3/8 idx=[5, 6, 8] p=9.78e-08 ev=0.0192
2026-04-07 08:55:04.848 [INFO    ] orchestrator:   #5 Down score=1.31 tier=BRONZE folds=4/8 idx=[6, 7, 8, 9] p=7.22e-04 ev=0.0200
2026-04-07 08:55:04.848 [INFO    ] orchestrator: signal #1 Down [290s->120s] d>=0.07% v<=0.05% score 4.97 < threshold 10.00 — skipping
2026-04-07 08:55:04.864 [INFO    ] orchestrator: no signal passed all delivery gates — not sending to bot
2026-04-07 09:10:04.878 [INFO    ] orchestrator: data quality check passed: 600 windows available
2026-04-07 09:10:04.878 [INFO    ] orchestrator: starting engine: C:\Users\operator\Desktop\PolySignalLab\PolySignalEngine\build\Release\PolySignalEngine.exe C:\Users\operator\Desktop\PolySignalLab\PolyDataCollector\data --output-dir C:\Users\operator\Desktop\PolySignalLab\engine_output
2026-04-07 09:10:22.292 [INFO    ] orchestrator: engine: 
2026-04-07 09:10:22.292 [INFO    ] orchestrator: engine: ==========================================================
2026-04-07 09:10:22.292 [INFO    ] orchestrator: engine:   SUMMARY
2026-04-07 09:10:22.292 [INFO    ] orchestrator: engine: ==========================================================
2026-04-07 09:10:22.292 [INFO    ] orchestrator: engine:   Total windows:         600 (303 UP, 297 DOWN)
2026-04-07 09:10:22.292 [INFO    ] orchestrator: engine:   Walk-forward folds:    10 (8 test iterations)
2026-04-07 09:10:22.292 [INFO    ] orchestrator: engine:   OOS base rate:         50.0% UP (480 test windows total)
2026-04-07 09:10:22.292 [INFO    ] orchestrator: engine:   Viable WF-OOS signals: 6
2026-04-07 09:10:22.292 [INFO    ] orchestrator: engine:   Compute time:          16.04s
2026-04-07 09:10:22.292 [INFO    ] orchestrator: engine: ==========================================================
2026-04-07 09:10:22.292 [INFO    ] orchestrator: engine produced: signals_summary_1775542222.json
2026-04-07 09:10:22.292 [INFO    ] orchestrator: cleaned up old summary: signals_summary_1775533049.json
2026-04-07 09:10:22.292 [INFO    ] orchestrator: ranked 6 signals
2026-04-07 09:10:22.292 [INFO    ] orchestrator:   #1 Up score=6.94 tier=BRONZE folds=4/8 idx=[5, 7, 8, 9] p=1.30e-07 ev=0.0332
2026-04-07 09:10:22.292 [INFO    ] orchestrator:   #2 Down score=4.78 tier=BRONZE folds=2/8 idx=[4, 6] p=2.36e-07 ev=0.0858
2026-04-07 09:10:22.292 [INFO    ] orchestrator:   #3 Up score=4.50 tier=BRONZE folds=4/8 idx=[5, 7, 8, 9] p=2.51e-06 ev=0.0284
2026-04-07 09:10:22.292 [INFO    ] orchestrator:   #4 Down score=0.62 tier=BRONZE folds=2/8 idx=[3, 8] p=4.87e-05 ev=0.0191
2026-04-07 09:10:22.292 [INFO    ] orchestrator:   #5 Up score=0.59 tier=BRONZE folds=2/8 idx=[5, 6] p=1.15e-04 ev=0.0215
2026-04-07 09:10:22.292 [INFO    ] orchestrator: signal #1 Up [280s->150s] d>=0.07% v<=0.05% score 6.94 < threshold 10.00 — skipping
2026-04-07 09:10:22.308 [INFO    ] orchestrator: no signal passed all delivery gates — not sending to bot
2026-04-07 09:25:22.328 [INFO    ] orchestrator: data quality check passed: 600 windows available
2026-04-07 09:25:22.328 [INFO    ] orchestrator: starting engine: C:\Users\operator\Desktop\PolySignalLab\PolySignalEngine\build\Release\PolySignalEngine.exe C:\Users\operator\Desktop\PolySignalLab\PolyDataCollector\data --output-dir C:\Users\operator\Desktop\PolySignalLab\engine_output
2026-04-07 09:25:39.875 [INFO    ] orchestrator: engine: 
2026-04-07 09:25:39.875 [INFO    ] orchestrator: engine: ==========================================================
2026-04-07 09:25:39.875 [INFO    ] orchestrator: engine:   SUMMARY
2026-04-07 09:25:39.875 [INFO    ] orchestrator: engine: ==========================================================
2026-04-07 09:25:39.875 [INFO    ] orchestrator: engine:   Total windows:         600 (302 UP, 298 DOWN)
2026-04-07 09:25:39.875 [INFO    ] orchestrator: engine:   Walk-forward folds:    10 (8 test iterations)
2026-04-07 09:25:39.875 [INFO    ] orchestrator: engine:   OOS base rate:         49.6% UP (480 test windows total)
2026-04-07 09:25:39.875 [INFO    ] orchestrator: engine:   Viable WF-OOS signals: 6
2026-04-07 09:25:39.875 [INFO    ] orchestrator: engine:   Compute time:          16.07s
2026-04-07 09:25:39.875 [INFO    ] orchestrator: engine: ==========================================================
2026-04-07 09:25:39.875 [INFO    ] orchestrator: engine produced: signals_summary_1775543139.json
2026-04-07 09:25:39.875 [INFO    ] orchestrator: cleaned up old summary: signals_summary_1775533966.json
2026-04-07 09:25:39.875 [INFO    ] orchestrator: ranked 6 signals
2026-04-07 09:25:39.875 [INFO    ] orchestrator:   #1 Down score=4.91 tier=BRONZE folds=5/8 idx=[5, 6, 7, 8, 9] p=1.60e-07 ev=0.0159
2026-04-07 09:25:39.875 [INFO    ] orchestrator:   #2 Up score=2.22 tier=BRONZE folds=4/8 idx=[5, 6, 8, 9] p=5.93e-07 ev=0.0121
2026-04-07 09:25:39.875 [INFO    ] orchestrator:   #3 Up score=1.12 tier=BRONZE folds=2/8 idx=[3, 5] p=2.47e-06 ev=0.0272
2026-04-07 09:25:39.875 [INFO    ] orchestrator:   #4 Up score=0.43 tier=BRONZE folds=2/8 idx=[5, 6] p=1.36e-04 ev=0.0164
2026-04-07 09:25:39.875 [INFO    ] orchestrator:   #5 Down score=0.25 tier=BRONZE folds=2/8 idx=[4, 9] p=4.91e-02 ev=0.0228
2026-04-07 09:25:39.875 [INFO    ] orchestrator: signal #1 Down [290s->120s] d>=0.07% v<=0.05% score 4.91 < threshold 10.00 — skipping
2026-04-07 09:25:39.891 [INFO    ] orchestrator: no signal passed all delivery gates — not sending to bot
2026-04-07 09:40:39.893 [INFO    ] orchestrator: data quality check passed: 600 windows available
2026-04-07 09:40:39.893 [INFO    ] orchestrator: starting engine: C:\Users\operator\Desktop\PolySignalLab\PolySignalEngine\build\Release\PolySignalEngine.exe C:\Users\operator\Desktop\PolySignalLab\PolyDataCollector\data --output-dir C:\Users\operator\Desktop\PolySignalLab\engine_output
2026-04-07 09:40:57.588 [INFO    ] orchestrator: engine: 
2026-04-07 09:40:57.588 [INFO    ] orchestrator: engine: ==========================================================
2026-04-07 09:40:57.588 [INFO    ] orchestrator: engine:   SUMMARY
2026-04-07 09:40:57.588 [INFO    ] orchestrator: engine: ==========================================================
2026-04-07 09:40:57.588 [INFO    ] orchestrator: engine:   Total windows:         600 (302 UP, 298 DOWN)
2026-04-07 09:40:57.588 [INFO    ] orchestrator: engine:   Walk-forward folds:    10 (8 test iterations)
2026-04-07 09:40:57.588 [INFO    ] orchestrator: engine:   OOS base rate:         49.6% UP (480 test windows total)
2026-04-07 09:40:57.588 [INFO    ] orchestrator: engine:   Viable WF-OOS signals: 4
2026-04-07 09:40:57.588 [INFO    ] orchestrator: engine:   Compute time:          16.17s
2026-04-07 09:40:57.588 [INFO    ] orchestrator: engine: ==========================================================
2026-04-07 09:40:57.588 [INFO    ] orchestrator: engine produced: signals_summary_1775544057.json
2026-04-07 09:40:57.588 [INFO    ] orchestrator: cleaned up old summary: signals_summary_1775534883.json
2026-04-07 09:40:57.588 [INFO    ] orchestrator: ranked 4 signals
2026-04-07 09:40:57.588 [INFO    ] orchestrator:   #1 Up score=8.01 tier=BRONZE folds=4/8 idx=[4, 7, 8, 9] p=2.49e-06 ev=0.0485
2026-04-07 09:40:57.588 [INFO    ] orchestrator:   #2 Up score=6.71 tier=BRONZE folds=3/8 idx=[5, 6, 9] p=1.79e-06 ev=0.0659
2026-04-07 09:40:57.588 [INFO    ] orchestrator:   #3 Down score=3.42 tier=BRONZE folds=2/8 idx=[4, 6] p=1.79e-06 ev=0.0717
2026-04-07 09:40:57.588 [INFO    ] orchestrator:   #4 Up score=0.17 tier=BRONZE folds=3/8 idx=[3, 7, 9] p=9.28e-06 ev=0.0019
2026-04-07 09:40:57.588 [INFO    ] orchestrator: signal #1 Up [280s->150s] d>=0.07% v<=0.05% score 8.01 < threshold 10.00 — skipping
2026-04-07 09:40:57.604 [INFO    ] orchestrator: no signal passed all delivery gates — not sending to bot
2026-04-07 09:55:57.612 [INFO    ] orchestrator: data quality check passed: 600 windows available
2026-04-07 09:55:57.612 [INFO    ] orchestrator: starting engine: C:\Users\operator\Desktop\PolySignalLab\PolySignalEngine\build\Release\PolySignalEngine.exe C:\Users\operator\Desktop\PolySignalLab\PolyDataCollector\data --output-dir C:\Users\operator\Desktop\PolySignalLab\engine_output
2026-04-07 09:56:15.023 [INFO    ] orchestrator: engine: 
2026-04-07 09:56:15.023 [INFO    ] orchestrator: engine: ==========================================================
2026-04-07 09:56:15.023 [INFO    ] orchestrator: engine:   SUMMARY
2026-04-07 09:56:15.023 [INFO    ] orchestrator: engine: ==========================================================
2026-04-07 09:56:15.023 [INFO    ] orchestrator: engine:   Total windows:         600 (303 UP, 297 DOWN)
2026-04-07 09:56:15.023 [INFO    ] orchestrator: engine:   Walk-forward folds:    10 (8 test iterations)
2026-04-07 09:56:15.023 [INFO    ] orchestrator: engine:   OOS base rate:         49.6% UP (480 test windows total)
2026-04-07 09:56:15.023 [INFO    ] orchestrator: engine:   Viable WF-OOS signals: 5
2026-04-07 09:56:15.023 [INFO    ] orchestrator: engine:   Compute time:          16.06s
2026-04-07 09:56:15.023 [INFO    ] orchestrator: engine: ==========================================================
2026-04-07 09:56:15.038 [INFO    ] orchestrator: engine produced: signals_summary_1775544974.json
2026-04-07 09:56:15.038 [INFO    ] orchestrator: cleaned up old summary: signals_summary_1775535800.json
2026-04-07 09:56:15.038 [INFO    ] orchestrator: ranked 5 signals
2026-04-07 09:56:15.038 [INFO    ] orchestrator:   #1 Down score=2.66 tier=BRONZE folds=2/8 idx=[6, 8] p=3.75e-06 ev=0.0615
2026-04-07 09:56:15.041 [INFO    ] orchestrator:   #2 Up score=0.44 tier=BRONZE folds=2/8 idx=[4, 9] p=4.63e-04 ev=0.0168
2026-04-07 09:56:15.041 [INFO    ] orchestrator:   #3 Down score=0.42 tier=BRONZE folds=2/8 idx=[7, 8] p=1.32e-06 ev=0.0089
2026-04-07 09:56:15.041 [INFO    ] orchestrator:   #4 Up score=0.41 tier=BRONZE folds=2/8 idx=[3, 5] p=2.80e-07 ev=0.0074
2026-04-07 09:56:15.041 [INFO    ] orchestrator:   #5 Down score=0.07 tier=BRONZE folds=2/8 idx=[7, 8] p=1.97e-06 ev=0.0015
2026-04-07 09:56:15.041 [INFO    ] orchestrator: signal #1 Down [260s->120s] d>=0.0% v<=0.05% score 2.66 < threshold 10.00 — skipping
2026-04-07 09:56:15.051 [INFO    ] orchestrator: no signal passed all delivery gates — not sending to bot
2026-04-07 10:11:15.072 [INFO    ] orchestrator: data quality check passed: 600 windows available
2026-04-07 10:11:15.072 [INFO    ] orchestrator: starting engine: C:\Users\operator\Desktop\PolySignalLab\PolySignalEngine\build\Release\PolySignalEngine.exe C:\Users\operator\Desktop\PolySignalLab\PolyDataCollector\data --output-dir C:\Users\operator\Desktop\PolySignalLab\engine_output
2026-04-07 10:11:32.728 [INFO    ] orchestrator: engine: 
2026-04-07 10:11:32.728 [INFO    ] orchestrator: engine: ==========================================================
2026-04-07 10:11:32.728 [INFO    ] orchestrator: engine:   SUMMARY
2026-04-07 10:11:32.728 [INFO    ] orchestrator: engine: ==========================================================
2026-04-07 10:11:32.728 [INFO    ] orchestrator: engine:   Total windows:         600 (301 UP, 299 DOWN)
2026-04-07 10:11:32.728 [INFO    ] orchestrator: engine:   Walk-forward folds:    10 (8 test iterations)
2026-04-07 10:11:32.728 [INFO    ] orchestrator: engine:   OOS base rate:         49.4% UP (480 test windows total)
2026-04-07 10:11:32.728 [INFO    ] orchestrator: engine:   Viable WF-OOS signals: 6
2026-04-07 10:11:32.728 [INFO    ] orchestrator: engine:   Compute time:          16.25s
2026-04-07 10:11:32.728 [INFO    ] orchestrator: engine: ==========================================================
2026-04-07 10:11:32.728 [INFO    ] orchestrator: engine produced: signals_summary_1775545892.json
2026-04-07 10:11:32.728 [INFO    ] orchestrator: cleaned up old summary: signals_summary_1775536717.json
2026-04-07 10:11:32.728 [INFO    ] orchestrator: ranked 6 signals
2026-04-07 10:11:32.728 [INFO    ] orchestrator:   #1 Up score=5.13 tier=BRONZE folds=4/8 idx=[5, 6, 8, 9] p=1.46e-06 ev=0.0322
2026-04-07 10:11:32.728 [INFO    ] orchestrator:   #2 Down score=2.44 tier=BRONZE folds=6/8 idx=[4, 5, 6, 7, 8, 9] p=4.94e-05 ev=0.0151
2026-04-07 10:11:32.728 [INFO    ] orchestrator:   #3 Down score=1.41 tier=BRONZE folds=2/8 idx=[5, 8] p=7.28e-04 ev=0.0542
2026-04-07 10:11:32.728 [INFO    ] orchestrator:   #4 Down score=1.27 tier=BRONZE folds=4/8 idx=[5, 6, 7, 8] p=1.46e-06 ev=0.0096
2026-04-07 10:11:32.728 [INFO    ] orchestrator:   #5 Down score=0.60 tier=BRONZE folds=2/8 idx=[7, 8] p=7.47e-07 ev=0.0113
2026-04-07 10:11:32.728 [INFO    ] orchestrator: signal #1 Up [280s->150s] d>=0.07% v<=0.05% score 5.13 < threshold 10.00 — skipping
2026-04-07 10:11:32.728 [INFO    ] orchestrator: no signal passed all delivery gates — not sending to bot
2026-04-07 10:26:32.749 [INFO    ] orchestrator: data quality check passed: 600 windows available
2026-04-07 10:26:32.749 [INFO    ] orchestrator: starting engine: C:\Users\operator\Desktop\PolySignalLab\PolySignalEngine\build\Release\PolySignalEngine.exe C:\Users\operator\Desktop\PolySignalLab\PolyDataCollector\data --output-dir C:\Users\operator\Desktop\PolySignalLab\engine_output
2026-04-07 10:26:50.270 [INFO    ] orchestrator: engine: 
2026-04-07 10:26:50.270 [INFO    ] orchestrator: engine: ==========================================================
2026-04-07 10:26:50.270 [INFO    ] orchestrator: engine:   SUMMARY
2026-04-07 10:26:50.270 [INFO    ] orchestrator: engine: ==========================================================
2026-04-07 10:26:50.270 [INFO    ] orchestrator: engine:   Total windows:         600 (302 UP, 298 DOWN)
2026-04-07 10:26:50.270 [INFO    ] orchestrator: engine:   Walk-forward folds:    10 (8 test iterations)
2026-04-07 10:26:50.270 [INFO    ] orchestrator: engine:   OOS base rate:         49.2% UP (480 test windows total)
2026-04-07 10:26:50.270 [INFO    ] orchestrator: engine:   Viable WF-OOS signals: 7
2026-04-07 10:26:50.270 [INFO    ] orchestrator: engine:   Compute time:          16.22s
2026-04-07 10:26:50.270 [INFO    ] orchestrator: engine: ==========================================================
2026-04-07 10:26:50.270 [INFO    ] orchestrator: engine produced: signals_summary_1775546810.json
2026-04-07 10:26:50.270 [INFO    ] orchestrator: cleaned up old summary: signals_summary_1775537634.json
2026-04-07 10:26:50.270 [INFO    ] orchestrator: ranked 7 signals
2026-04-07 10:26:50.270 [INFO    ] orchestrator:   #1 Up score=7.60 tier=BRONZE folds=5/8 idx=[5, 6, 7, 8, 9] p=1.24e-07 ev=0.0279
2026-04-07 10:26:50.270 [INFO    ] orchestrator:   #2 Down score=4.41 tier=BRONZE folds=2/8 idx=[4, 8] p=7.28e-05 ev=0.1235
2026-04-07 10:26:50.270 [INFO    ] orchestrator:   #3 Down score=2.82 tier=BRONZE folds=6/8 idx=[4, 5, 6, 7, 8, 9] p=6.25e-05 ev=0.0172
2026-04-07 10:26:50.270 [INFO    ] orchestrator:   #4 Down score=1.67 tier=BRONZE folds=5/8 idx=[4, 5, 6, 8, 9] p=2.84e-06 ev=0.0081
2026-04-07 10:26:50.270 [INFO    ] orchestrator:   #5 Down score=1.21 tier=BRONZE folds=4/8 idx=[5, 6, 7, 8] p=2.27e-06 ev=0.0096
2026-04-07 10:26:50.270 [INFO    ] orchestrator: signal #1 Up [280s->180s] d>=0.07% v<=0.05% score 7.60 < threshold 10.00 — skipping
2026-04-07 10:26:50.282 [INFO    ] orchestrator: no signal passed all delivery gates — not sending to bot
2026-04-07 10:41:50.300 [INFO    ] orchestrator: data quality check passed: 600 windows available
2026-04-07 10:41:50.300 [INFO    ] orchestrator: starting engine: C:\Users\operator\Desktop\PolySignalLab\PolySignalEngine\build\Release\PolySignalEngine.exe C:\Users\operator\Desktop\PolySignalLab\PolyDataCollector\data --output-dir C:\Users\operator\Desktop\PolySignalLab\engine_output
2026-04-07 10:42:08.610 [INFO    ] orchestrator: engine: 
2026-04-07 10:42:08.610 [INFO    ] orchestrator: engine: ==========================================================
2026-04-07 10:42:08.610 [INFO    ] orchestrator: engine:   SUMMARY
2026-04-07 10:42:08.610 [INFO    ] orchestrator: engine: ==========================================================
2026-04-07 10:42:08.610 [INFO    ] orchestrator: engine:   Total windows:         600 (302 UP, 298 DOWN)
2026-04-07 10:42:08.610 [INFO    ] orchestrator: engine:   Walk-forward folds:    10 (8 test iterations)
2026-04-07 10:42:08.610 [INFO    ] orchestrator: engine:   OOS base rate:         49.6% UP (480 test windows total)
2026-04-07 10:42:08.610 [INFO    ] orchestrator: engine:   Viable WF-OOS signals: 10
2026-04-07 10:42:08.610 [INFO    ] orchestrator: engine:   Compute time:          16.93s
2026-04-07 10:42:08.610 [INFO    ] orchestrator: engine: ==========================================================
2026-04-07 10:42:08.610 [INFO    ] orchestrator: engine produced: signals_summary_1775547728.json
2026-04-07 10:42:08.610 [INFO    ] orchestrator: cleaned up old summary: signals_summary_1775538552.json
2026-04-07 10:42:08.610 [INFO    ] orchestrator: ranked 10 signals
2026-04-07 10:42:08.610 [INFO    ] orchestrator:   #1 Up score=15.55 tier=BRONZE folds=4/8 idx=[4, 5, 8, 9] p=3.32e-08 ev=0.0686
2026-04-07 10:42:08.610 [INFO    ] orchestrator:   #2 Up score=8.51 tier=BRONZE folds=5/8 idx=[5, 6, 7, 8, 9] p=4.54e-08 ev=0.0293
2026-04-07 10:42:08.610 [INFO    ] orchestrator:   #3 Up score=5.62 tier=BRONZE folds=4/8 idx=[5, 6, 8, 9] p=8.90e-07 ev=0.0329
2026-04-07 10:42:08.610 [INFO    ] orchestrator:   #4 Up score=4.54 tier=BRONZE folds=2/8 idx=[2, 5] p=1.64e-07 ev=0.0823
2026-04-07 10:42:08.610 [INFO    ] orchestrator:   #5 Down score=3.21 tier=BRONZE folds=5/8 idx=[4, 5, 6, 8, 9] p=1.12e-07 ev=0.0123
2026-04-07 10:42:08.610 [INFO    ] orchestrator: BRONZE SIGNAL: #1 Up [290s->160s] d>=0.07% v<=0.05% (score=15.55 folds=[4, 5, 8, 9])
2026-04-07 10:42:09.056 [INFO    ] shared.ipc: IPC: signal delivered successfully
2026-04-07 10:42:09.057 [INFO    ] orchestrator: bronze signal delivered to bot
2026-04-07 10:57:09.072 [INFO    ] orchestrator: data quality check passed: 600 windows available
2026-04-07 10:57:09.072 [INFO    ] orchestrator: starting engine: C:\Users\operator\Desktop\PolySignalLab\PolySignalEngine\build\Release\PolySignalEngine.exe C:\Users\operator\Desktop\PolySignalLab\PolyDataCollector\data --output-dir C:\Users\operator\Desktop\PolySignalLab\engine_output
2026-04-07 10:57:26.874 [INFO    ] orchestrator: engine: 
2026-04-07 10:57:26.874 [INFO    ] orchestrator: engine: ==========================================================
2026-04-07 10:57:26.874 [INFO    ] orchestrator: engine:   SUMMARY
2026-04-07 10:57:26.874 [INFO    ] orchestrator: engine: ==========================================================
2026-04-07 10:57:26.874 [INFO    ] orchestrator: engine:   Total windows:         600 (301 UP, 299 DOWN)
2026-04-07 10:57:26.874 [INFO    ] orchestrator: engine:   Walk-forward folds:    10 (8 test iterations)
2026-04-07 10:57:26.874 [INFO    ] orchestrator: engine:   OOS base rate:         49.4% UP (480 test windows total)
2026-04-07 10:57:26.874 [INFO    ] orchestrator: engine:   Viable WF-OOS signals: 8
2026-04-07 10:57:26.874 [INFO    ] orchestrator: engine:   Compute time:          16.42s
2026-04-07 10:57:26.885 [INFO    ] orchestrator: engine: ==========================================================
2026-04-07 10:57:26.885 [INFO    ] orchestrator: engine produced: signals_summary_1775548646.json
2026-04-07 10:57:26.885 [INFO    ] orchestrator: cleaned up old summary: signals_summary_1775539470.json
2026-04-07 10:57:26.887 [INFO    ] orchestrator: ranked 8 signals
2026-04-07 10:57:26.887 [INFO    ] orchestrator:   #1 Up score=8.46 tier=BRONZE folds=5/8 idx=[5, 6, 7, 8, 9] p=1.40e-07 ev=0.0312
2026-04-07 10:57:26.887 [INFO    ] orchestrator:   #2 Up score=5.05 tier=BRONZE folds=4/8 idx=[5, 6, 8, 9] p=2.69e-06 ev=0.0338
2026-04-07 10:57:26.887 [INFO    ] orchestrator:   #3 Up score=3.74 tier=BRONZE folds=3/8 idx=[4, 7, 9] p=1.46e-05 ev=0.0437
2026-04-07 10:57:26.887 [INFO    ] orchestrator:   #4 Down score=1.84 tier=BRONZE folds=5/8 idx=[4, 5, 6, 7, 8] p=2.47e-04 ev=0.0239
2026-04-07 10:57:26.887 [INFO    ] orchestrator:   #5 Down score=1.27 tier=BRONZE folds=4/8 idx=[5, 6, 7, 8] p=2.69e-06 ev=0.0107
2026-04-07 10:57:26.887 [INFO    ] orchestrator: signal #1 Up [280s->180s] d>=0.07% v<=0.05% score 8.46 < threshold 10.00 — skipping
2026-04-07 10:57:26.898 [INFO    ] orchestrator: no signal passed all delivery gates — not sending to bot
2026-04-07 11:12:26.903 [INFO    ] orchestrator: data quality check passed: 600 windows available
2026-04-07 11:12:26.903 [INFO    ] orchestrator: starting engine: C:\Users\operator\Desktop\PolySignalLab\PolySignalEngine\build\Release\PolySignalEngine.exe C:\Users\operator\Desktop\PolySignalLab\PolyDataCollector\data --output-dir C:\Users\operator\Desktop\PolySignalLab\engine_output
2026-04-07 11:12:44.803 [INFO    ] orchestrator: engine: 
2026-04-07 11:12:44.803 [INFO    ] orchestrator: engine: ==========================================================
2026-04-07 11:12:44.803 [INFO    ] orchestrator: engine:   SUMMARY
2026-04-07 11:12:44.803 [INFO    ] orchestrator: engine: ==========================================================
2026-04-07 11:12:44.803 [INFO    ] orchestrator: engine:   Total windows:         600 (300 UP, 300 DOWN)
2026-04-07 11:12:44.803 [INFO    ] orchestrator: engine:   Walk-forward folds:    10 (8 test iterations)
2026-04-07 11:12:44.803 [INFO    ] orchestrator: engine:   OOS base rate:         49.0% UP (480 test windows total)
2026-04-07 11:12:44.803 [INFO    ] orchestrator: engine:   Viable WF-OOS signals: 9
2026-04-07 11:12:44.803 [INFO    ] orchestrator: engine:   Compute time:          16.51s
2026-04-07 11:12:44.803 [INFO    ] orchestrator: engine: ==========================================================
2026-04-07 11:12:44.803 [INFO    ] orchestrator: engine produced: signals_summary_1775549564.json
2026-04-07 11:12:44.803 [INFO    ] orchestrator: cleaned up old summary: signals_summary_1775540387.json
2026-04-07 11:12:44.803 [INFO    ] orchestrator: ranked 9 signals
2026-04-07 11:12:44.803 [INFO    ] orchestrator:   #1 Up score=8.58 tier=BRONZE folds=5/8 idx=[5, 6, 7, 8, 9] p=1.12e-07 ev=0.0312
2026-04-07 11:12:44.803 [INFO    ] orchestrator:   #2 Up score=5.18 tier=BRONZE folds=4/8 idx=[5, 6, 8, 9] p=2.42e-06 ev=0.0338
2026-04-07 11:12:44.803 [INFO    ] orchestrator:   #3 Down score=3.48 tier=BRONZE folds=2/8 idx=[4, 9] p=2.38e-06 ev=0.0624
2026-04-07 11:12:44.803 [INFO    ] orchestrator:   #4 Down score=3.35 tier=BRONZE folds=3/8 idx=[4, 6, 8] p=4.10e-05 ev=0.0559
2026-04-07 11:12:44.803 [INFO    ] orchestrator:   #5 Down score=2.30 tier=BRONZE folds=2/8 idx=[2, 4] p=2.41e-05 ev=0.0656
2026-04-07 11:12:44.803 [INFO    ] orchestrator: signal #1 Up [280s->180s] d>=0.07% v<=0.05% score 8.58 < threshold 10.00 — skipping
2026-04-07 11:12:44.822 [INFO    ] orchestrator: no signal passed all delivery gates — not sending to bot
