2026-04-04 15:27:01.968 [INFO    ] orchestrator: logging initialized — level=INFO file=C:\Users\operator\Desktop\PolySignalLab\SignalOrchestrator\logs\orchestrator.log
2026-04-04 15:27:01.968 [INFO    ] orchestrator: orchestrator started — interval=15m min_windows=400 min_score=10.00 min_folds=2 override_score=0.00
2026-04-04 15:27:01.980 [INFO    ] orchestrator: data quality check passed: 600 windows available
2026-04-04 15:27:01.981 [INFO    ] orchestrator: starting engine: C:\Users\operator\Desktop\PolySignalLab\PolySignalEngine\build\Release\PolySignalEngine.exe C:\Users\operator\Desktop\PolySignalLab\PolyDataCollector\data --output-dir C:\Users\operator\Desktop\PolySignalLab\engine_output
2026-04-04 15:27:01.982 [CRITICAL] orchestrator: ENGINE FAILURE (1/3): engine executable not found: C:\Users\operator\Desktop\PolySignalLab\PolySignalEngine\build\Release\PolySignalEngine.exe
2026-04-04 15:27:31.008 [INFO    ] orchestrator: logging initialized — level=INFO file=C:\Users\operator\Desktop\PolySignalLab\SignalOrchestrator\logs\orchestrator.log
2026-04-04 15:27:31.008 [INFO    ] orchestrator: orchestrator started — interval=15m min_windows=400 min_score=10.00 min_folds=2 override_score=0.00
2026-04-04 15:27:31.008 [INFO    ] orchestrator: data quality check passed: 600 windows available
2026-04-04 15:27:31.008 [INFO    ] orchestrator: starting engine: C:\Users\operator\Desktop\PolySignalLab\PolySignalEngine\build\Release\PolySignalEngine.exe C:\Users\operator\Desktop\PolySignalLab\PolyDataCollector\data --output-dir C:\Users\operator\Desktop\PolySignalLab\engine_output
2026-04-04 15:27:37.645 [INFO    ] orchestrator: engine:   Summary written: C:\Users\operator\Desktop\PolySignalLab\engine_output\signals_summary_1775305657.json
2026-04-04 15:27:37.645 [INFO    ] orchestrator: engine: 
2026-04-04 15:27:37.645 [INFO    ] orchestrator: engine: ==========================================================
2026-04-04 15:27:37.645 [INFO    ] orchestrator: engine:   SUMMARY
2026-04-04 15:27:37.660 [INFO    ] orchestrator: engine: ==========================================================
2026-04-04 15:27:37.661 [INFO    ] orchestrator: engine:   Total windows:         600 (316 UP, 284 DOWN)
2026-04-04 15:27:37.661 [INFO    ] orchestrator: engine:   Walk-forward folds:    5 (3 test iterations)
2026-04-04 15:27:37.661 [INFO    ] orchestrator: engine:   OOS base rate:         53.9% UP (360 test windows total)
2026-04-04 15:27:37.662 [INFO    ] orchestrator: engine:   Viable WF-OOS signals: 23
2026-04-04 15:27:37.662 [INFO    ] orchestrator: engine: ==========================================================
2026-04-04 15:27:37.663 [INFO    ] orchestrator: engine produced: signals_summary_1775305657.json
2026-04-04 15:27:37.663 [INFO    ] orchestrator: cleaned up old summary: signals_summary_1775298400.json
2026-04-04 15:27:37.665 [INFO    ] orchestrator: ranked 20 signals
2026-04-04 15:27:37.665 [INFO    ] orchestrator:   #6 Down score=4.62 tier=SILVER folds=2/3 idx=[3, 4] p=2.00e-06 ev=0.0230
2026-04-04 15:27:37.666 [INFO    ] orchestrator:   #1 Up score=3.53 tier=OVERFIT_DANGER folds=1/3 idx=[2] p=4.97e-05 ev=0.0589
2026-04-04 15:27:37.666 [INFO    ] orchestrator:   #14 Down score=2.40 tier=SILVER folds=2/3 idx=[3, 4] p=6.17e-04 ev=0.0229
2026-04-04 15:27:37.666 [INFO    ] orchestrator:   #3 Down score=2.35 tier=OVERFIT_DANGER folds=1/3 idx=[4] p=5.39e-03 ev=0.1125
2026-04-04 15:27:37.667 [INFO    ] orchestrator:   #8 Up score=1.88 tier=OVERFIT_DANGER folds=1/3 idx=[2] p=2.06e-03 ev=0.0543
2026-04-04 15:27:37.667 [INFO    ] orchestrator: signal #6 Down [220s->120s] d>=0.0% v<=0.05% score 4.62 < threshold 10.00 — skipping
2026-04-04 15:27:37.668 [INFO    ] orchestrator: no signal passed all delivery gates — not sending to bot
2026-04-04 15:28:48.199 [INFO    ] orchestrator: logging initialized — level=INFO file=C:\Users\operator\Desktop\PolySignalLab\SignalOrchestrator\logs\orchestrator.log
2026-04-04 15:28:48.199 [INFO    ] orchestrator: orchestrator started — interval=15m min_windows=400 min_score=10.00 min_folds=2 override_score=0.00
2026-04-04 15:28:48.205 [INFO    ] orchestrator: data quality check passed: 600 windows available
2026-04-04 15:28:48.205 [INFO    ] orchestrator: starting engine: C:\Users\operator\Desktop\PolySignalLab\PolySignalEngine\build\Release\PolySignalEngine.exe C:\Users\operator\Desktop\PolySignalLab\PolyDataCollector\data --output-dir C:\Users\operator\Desktop\PolySignalLab\engine_output
2026-04-04 15:28:56.295 [INFO    ] orchestrator: engine:   Summary written: C:\Users\operator\Desktop\PolySignalLab\engine_output\signals_summary_1775305736.json
2026-04-04 15:28:56.295 [INFO    ] orchestrator: engine: 
2026-04-04 15:28:56.295 [INFO    ] orchestrator: engine: ==========================================================
2026-04-04 15:28:56.297 [INFO    ] orchestrator: engine:   SUMMARY
2026-04-04 15:28:56.297 [INFO    ] orchestrator: engine: ==========================================================
2026-04-04 15:28:56.297 [INFO    ] orchestrator: engine:   Total windows:         600 (317 UP, 283 DOWN)
2026-04-04 15:28:56.297 [INFO    ] orchestrator: engine:   Walk-forward folds:    5 (3 test iterations)
2026-04-04 15:28:56.297 [INFO    ] orchestrator: engine:   OOS base rate:         54.2% UP (360 test windows total)
2026-04-04 15:28:56.299 [INFO    ] orchestrator: engine:   Viable WF-OOS signals: 25
2026-04-04 15:28:56.299 [INFO    ] orchestrator: engine: ==========================================================
2026-04-04 15:28:56.299 [INFO    ] orchestrator: engine produced: signals_summary_1775305736.json
2026-04-04 15:28:56.301 [INFO    ] orchestrator: cleaned up old summary: signals_summary_1775299307.json
2026-04-04 15:28:56.301 [INFO    ] orchestrator: ranked 20 signals
2026-04-04 15:28:56.301 [INFO    ] orchestrator:   #2 Up score=10.56 tier=SILVER folds=3/3 idx=[2, 3, 4] p=8.56e-06 ev=0.0334
2026-04-04 15:28:56.301 [INFO    ] orchestrator:   #3 Up score=7.87 tier=SILVER folds=3/3 idx=[2, 3, 4] p=2.04e-05 ev=0.0289
2026-04-04 15:28:56.301 [INFO    ] orchestrator:   #4 Up score=3.92 tier=OVERFIT_DANGER folds=1/3 idx=[2] p=2.50e-05 ev=0.0611
2026-04-04 15:28:56.301 [INFO    ] orchestrator:   #7 Down score=2.38 tier=SILVER folds=2/3 idx=[3, 4] p=2.15e-06 ev=0.0118
2026-04-04 15:28:56.303 [INFO    ] orchestrator:   #1 Up score=2.07 tier=OVERFIT_DANGER folds=1/3 idx=[2] p=4.18e-05 ev=0.0430
2026-04-04 15:28:56.303 [INFO    ] orchestrator: SILVER SIGNAL: #2 Up [210s->110s] d>=0.07% v<=0.05% (score=10.56 folds=[2, 3, 4])
2026-04-04 15:28:56.316 [INFO    ] shared.ipc: IPC: signal delivered successfully
2026-04-04 15:28:56.317 [INFO    ] orchestrator: silver signal delivered to bot
2026-04-04 15:43:56.332 [INFO    ] orchestrator: data quality check passed: 600 windows available
2026-04-04 15:43:56.332 [INFO    ] orchestrator: starting engine: C:\Users\operator\Desktop\PolySignalLab\PolySignalEngine\build\Release\PolySignalEngine.exe C:\Users\operator\Desktop\PolySignalLab\PolyDataCollector\data --output-dir C:\Users\operator\Desktop\PolySignalLab\engine_output
2026-04-04 15:44:04.506 [INFO    ] orchestrator: engine:   Summary written: C:\Users\operator\Desktop\PolySignalLab\engine_output\signals_summary_1775306644.json
2026-04-04 15:44:04.506 [INFO    ] orchestrator: engine: 
2026-04-04 15:44:04.506 [INFO    ] orchestrator: engine: ==========================================================
2026-04-04 15:44:04.506 [INFO    ] orchestrator: engine:   SUMMARY
2026-04-04 15:44:04.506 [INFO    ] orchestrator: engine: ==========================================================
2026-04-04 15:44:04.506 [INFO    ] orchestrator: engine:   Total windows:         600 (317 UP, 283 DOWN)
2026-04-04 15:44:04.506 [INFO    ] orchestrator: engine:   Walk-forward folds:    5 (3 test iterations)
2026-04-04 15:44:04.506 [INFO    ] orchestrator: engine:   OOS base rate:         54.2% UP (360 test windows total)
2026-04-04 15:44:04.506 [INFO    ] orchestrator: engine:   Viable WF-OOS signals: 26
2026-04-04 15:44:04.506 [INFO    ] orchestrator: engine: ==========================================================
2026-04-04 15:44:04.506 [INFO    ] orchestrator: engine produced: signals_summary_1775306644.json
2026-04-04 15:44:04.506 [INFO    ] orchestrator: cleaned up old summary: signals_summary_1775300213.json
2026-04-04 15:44:04.506 [INFO    ] orchestrator: ranked 20 signals
2026-04-04 15:44:04.506 [INFO    ] orchestrator:   #4 Up score=16.25 tier=SILVER folds=3/3 idx=[2, 3, 4] p=1.94e-04 ev=0.0741
2026-04-04 15:44:04.506 [INFO    ] orchestrator:   #5 Up score=12.47 tier=SILVER folds=3/3 idx=[2, 3, 4] p=3.70e-04 ev=0.0685
2026-04-04 15:44:04.506 [INFO    ] orchestrator:   #3 Up score=7.40 tier=SILVER folds=3/3 idx=[2, 3, 4] p=3.86e-05 ev=0.0289
2026-04-04 15:44:04.506 [INFO    ] orchestrator:   #10 Up score=7.33 tier=SILVER folds=2/3 idx=[2, 4] p=6.20e-06 ev=0.0419
2026-04-04 15:44:04.506 [INFO    ] orchestrator:   #8 Up score=3.10 tier=OVERFIT_DANGER folds=1/3 idx=[2] p=5.61e-04 ev=0.0723
2026-04-04 15:44:04.506 [INFO    ] orchestrator: SILVER SIGNAL: #4 Up [230s->150s] d>=0.07% v<=0.05% (score=16.25 folds=[2, 3, 4])
2026-04-04 15:44:04.538 [INFO    ] shared.ipc: IPC: signal delivered successfully
2026-04-04 15:44:04.538 [INFO    ] orchestrator: silver signal delivered to bot
2026-04-04 15:59:04.540 [INFO    ] orchestrator: data quality check passed: 600 windows available
2026-04-04 15:59:04.540 [INFO    ] orchestrator: starting engine: C:\Users\operator\Desktop\PolySignalLab\PolySignalEngine\build\Release\PolySignalEngine.exe C:\Users\operator\Desktop\PolySignalLab\PolyDataCollector\data --output-dir C:\Users\operator\Desktop\PolySignalLab\engine_output
2026-04-04 15:59:12.883 [INFO    ] orchestrator: engine:   Summary written: C:\Users\operator\Desktop\PolySignalLab\engine_output\signals_summary_1775307552.json
2026-04-04 15:59:12.883 [INFO    ] orchestrator: engine: 
2026-04-04 15:59:12.883 [INFO    ] orchestrator: engine: ==========================================================
2026-04-04 15:59:12.883 [INFO    ] orchestrator: engine:   SUMMARY
2026-04-04 15:59:12.883 [INFO    ] orchestrator: engine: ==========================================================
2026-04-04 15:59:12.883 [INFO    ] orchestrator: engine:   Total windows:         600 (316 UP, 284 DOWN)
2026-04-04 15:59:12.883 [INFO    ] orchestrator: engine:   Walk-forward folds:    5 (3 test iterations)
2026-04-04 15:59:12.883 [INFO    ] orchestrator: engine:   OOS base rate:         53.6% UP (360 test windows total)
2026-04-04 15:59:12.883 [INFO    ] orchestrator: engine:   Viable WF-OOS signals: 28
2026-04-04 15:59:12.883 [INFO    ] orchestrator: engine: ==========================================================
2026-04-04 15:59:12.883 [INFO    ] orchestrator: engine produced: signals_summary_1775307552.json
2026-04-04 15:59:12.883 [INFO    ] orchestrator: cleaned up old summary: signals_summary_1775301120.json
2026-04-04 15:59:12.883 [INFO    ] orchestrator: ranked 20 signals
2026-04-04 15:59:12.883 [INFO    ] orchestrator:   #3 Up score=13.19 tier=SILVER folds=3/3 idx=[2, 3, 4] p=3.54e-04 ev=0.0720
2026-04-04 15:59:12.883 [INFO    ] orchestrator:   #1 Up score=9.97 tier=SILVER folds=3/3 idx=[2, 3, 4] p=1.66e-05 ev=0.0346
2026-04-04 15:59:12.899 [INFO    ] orchestrator:   #2 Up score=7.67 tier=SILVER folds=3/3 idx=[2, 3, 4] p=2.68e-05 ev=0.0300
2026-04-04 15:59:12.899 [INFO    ] orchestrator:   #4 Up score=3.98 tier=OVERFIT_DANGER folds=1/3 idx=[2] p=2.59e-05 ev=0.0621
2026-04-04 15:59:12.899 [INFO    ] orchestrator:   #13 Down score=3.65 tier=OVERFIT_DANGER folds=1/3 idx=[3] p=3.54e-04 ev=0.0819
2026-04-04 15:59:12.899 [INFO    ] orchestrator: SILVER SIGNAL: #3 Up [230s->150s] d>=0.07% v<=0.05% (score=13.19 folds=[2, 3, 4])
2026-04-04 15:59:12.902 [INFO    ] shared.ipc: IPC: signal delivered successfully
2026-04-04 15:59:12.902 [INFO    ] orchestrator: silver signal delivered to bot
2026-04-04 16:14:12.926 [INFO    ] orchestrator: data quality check passed: 600 windows available
2026-04-04 16:14:12.926 [INFO    ] orchestrator: starting engine: C:\Users\operator\Desktop\PolySignalLab\PolySignalEngine\build\Release\PolySignalEngine.exe C:\Users\operator\Desktop\PolySignalLab\PolyDataCollector\data --output-dir C:\Users\operator\Desktop\PolySignalLab\engine_output
2026-04-04 16:14:20.902 [INFO    ] orchestrator: engine:   Summary written: C:\Users\operator\Desktop\PolySignalLab\engine_output\signals_summary_1775308460.json
2026-04-04 16:14:20.902 [INFO    ] orchestrator: engine: 
2026-04-04 16:14:20.902 [INFO    ] orchestrator: engine: ==========================================================
2026-04-04 16:14:20.902 [INFO    ] orchestrator: engine:   SUMMARY
2026-04-04 16:14:20.902 [INFO    ] orchestrator: engine: ==========================================================
2026-04-04 16:14:20.904 [INFO    ] orchestrator: engine:   Total windows:         600 (316 UP, 284 DOWN)
2026-04-04 16:14:20.904 [INFO    ] orchestrator: engine:   Walk-forward folds:    5 (3 test iterations)
2026-04-04 16:14:20.904 [INFO    ] orchestrator: engine:   OOS base rate:         53.3% UP (360 test windows total)
2026-04-04 16:14:20.904 [INFO    ] orchestrator: engine:   Viable WF-OOS signals: 26
2026-04-04 16:14:20.904 [INFO    ] orchestrator: engine: ==========================================================
2026-04-04 16:14:20.906 [INFO    ] orchestrator: engine produced: signals_summary_1775308460.json
2026-04-04 16:14:20.906 [INFO    ] orchestrator: cleaned up old summary: signals_summary_1775302027.json
2026-04-04 16:14:20.908 [INFO    ] orchestrator: ranked 20 signals
2026-04-04 16:14:20.908 [INFO    ] orchestrator:   #2 Up score=6.84 tier=SILVER folds=3/3 idx=[2, 3, 4] p=3.28e-05 ev=0.0273
2026-04-04 16:14:20.908 [INFO    ] orchestrator:   #1 Up score=6.69 tier=SILVER folds=2/3 idx=[2, 3] p=3.28e-05 ev=0.0457
2026-04-04 16:14:20.908 [INFO    ] orchestrator:   #4 Up score=4.88 tier=OVERFIT_DANGER folds=1/3 idx=[2] p=3.28e-05 ev=0.0769
2026-04-04 16:14:20.910 [INFO    ] orchestrator:   #3 Up score=4.58 tier=SILVER folds=3/3 idx=[2, 3, 4] p=8.02e-05 ev=0.0217
2026-04-04 16:14:20.910 [INFO    ] orchestrator:   #10 Up score=2.96 tier=OVERFIT_DANGER folds=1/3 idx=[2] p=8.40e-04 ev=0.0735
2026-04-04 16:14:20.910 [INFO    ] orchestrator: signal #2 Up [210s->110s] d>=0.07% v<=0.05% score 6.84 < threshold 10.00 — skipping
2026-04-04 16:14:20.920 [INFO    ] orchestrator: no signal passed all delivery gates — not sending to bot
2026-04-04 16:29:20.931 [INFO    ] orchestrator: data quality check passed: 600 windows available
2026-04-04 16:29:20.933 [INFO    ] orchestrator: starting engine: C:\Users\operator\Desktop\PolySignalLab\PolySignalEngine\build\Release\PolySignalEngine.exe C:\Users\operator\Desktop\PolySignalLab\PolyDataCollector\data --output-dir C:\Users\operator\Desktop\PolySignalLab\engine_output
2026-04-04 16:29:29.132 [INFO    ] orchestrator: engine:   Summary written: C:\Users\operator\Desktop\PolySignalLab\engine_output\signals_summary_1775309369.json
2026-04-04 16:29:29.132 [INFO    ] orchestrator: engine: 
2026-04-04 16:29:29.132 [INFO    ] orchestrator: engine: ==========================================================
2026-04-04 16:29:29.132 [INFO    ] orchestrator: engine:   SUMMARY
2026-04-04 16:29:29.132 [INFO    ] orchestrator: engine: ==========================================================
2026-04-04 16:29:29.132 [INFO    ] orchestrator: engine:   Total windows:         600 (318 UP, 282 DOWN)
2026-04-04 16:29:29.132 [INFO    ] orchestrator: engine:   Walk-forward folds:    5 (3 test iterations)
2026-04-04 16:29:29.132 [INFO    ] orchestrator: engine:   OOS base rate:         53.3% UP (360 test windows total)
2026-04-04 16:29:29.132 [INFO    ] orchestrator: engine:   Viable WF-OOS signals: 21
2026-04-04 16:29:29.132 [INFO    ] orchestrator: engine: ==========================================================
2026-04-04 16:29:29.132 [INFO    ] orchestrator: engine produced: signals_summary_1775309369.json
2026-04-04 16:29:29.132 [INFO    ] orchestrator: cleaned up old summary: signals_summary_1775302934.json
2026-04-04 16:29:29.144 [INFO    ] orchestrator: ranked 20 signals
2026-04-04 16:29:29.144 [INFO    ] orchestrator:   #3 Up score=12.87 tier=SILVER folds=3/3 idx=[2, 3, 4] p=4.52e-04 ev=0.0720
2026-04-04 16:29:29.144 [INFO    ] orchestrator:   #1 Up score=5.59 tier=SILVER folds=3/3 idx=[2, 3, 4] p=7.59e-05 ev=0.0273
2026-04-04 16:29:29.144 [INFO    ] orchestrator:   #2 Up score=3.96 tier=SILVER folds=3/3 idx=[2, 3, 4] p=1.05e-04 ev=0.0217
2026-04-04 16:29:29.144 [INFO    ] orchestrator:   #4 Up score=3.30 tier=OVERFIT_DANGER folds=1/3 idx=[2] p=7.59e-05 ev=0.0577
2026-04-04 16:29:29.144 [INFO    ] orchestrator:   #7 Down score=1.98 tier=OVERFIT_DANGER folds=1/3 idx=[3] p=4.52e-04 ev=0.0458
2026-04-04 16:29:29.144 [INFO    ] orchestrator: SILVER SIGNAL: #3 Up [230s->150s] d>=0.07% v<=0.05% (score=12.87 folds=[2, 3, 4])
2026-04-04 16:29:29.157 [INFO    ] shared.ipc: IPC: signal delivered successfully
2026-04-04 16:29:29.157 [INFO    ] orchestrator: silver signal delivered to bot
2026-04-04 16:44:29.171 [INFO    ] orchestrator: data quality check passed: 600 windows available
2026-04-04 16:44:29.171 [INFO    ] orchestrator: starting engine: C:\Users\operator\Desktop\PolySignalLab\PolySignalEngine\build\Release\PolySignalEngine.exe C:\Users\operator\Desktop\PolySignalLab\PolyDataCollector\data --output-dir C:\Users\operator\Desktop\PolySignalLab\engine_output
2026-04-04 16:44:37.509 [INFO    ] orchestrator: engine:   Summary written: C:\Users\operator\Desktop\PolySignalLab\engine_output\signals_summary_1775310277.json
2026-04-04 16:44:37.509 [INFO    ] orchestrator: engine: 
2026-04-04 16:44:37.509 [INFO    ] orchestrator: engine: ==========================================================
2026-04-04 16:44:37.509 [INFO    ] orchestrator: engine:   SUMMARY
2026-04-04 16:44:37.509 [INFO    ] orchestrator: engine: ==========================================================
2026-04-04 16:44:37.509 [INFO    ] orchestrator: engine:   Total windows:         600 (318 UP, 282 DOWN)
2026-04-04 16:44:37.509 [INFO    ] orchestrator: engine:   Walk-forward folds:    5 (3 test iterations)
2026-04-04 16:44:37.509 [INFO    ] orchestrator: engine:   OOS base rate:         53.1% UP (360 test windows total)
2026-04-04 16:44:37.509 [INFO    ] orchestrator: engine:   Viable WF-OOS signals: 22
2026-04-04 16:44:37.509 [INFO    ] orchestrator: engine: ==========================================================
2026-04-04 16:44:37.525 [INFO    ] orchestrator: engine produced: signals_summary_1775310277.json
2026-04-04 16:44:37.525 [INFO    ] orchestrator: cleaned up old summary: signals_summary_1775303841.json
2026-04-04 16:44:37.525 [INFO    ] orchestrator: ranked 20 signals
2026-04-04 16:44:37.525 [INFO    ] orchestrator:   #1 Up score=23.24 tier=SILVER folds=3/3 idx=[2, 3, 4] p=3.55e-06 ev=0.0573
2026-04-04 16:44:37.525 [INFO    ] orchestrator:   #6 Up score=11.70 tier=SILVER folds=3/3 idx=[2, 3, 4] p=2.71e-04 ev=0.0615
2026-04-04 16:44:37.525 [INFO    ] orchestrator:   #2 Up score=5.65 tier=SILVER folds=2/3 idx=[2, 3] p=5.31e-05 ev=0.0425
2026-04-04 16:44:37.525 [INFO    ] orchestrator:   #3 Up score=4.21 tier=SILVER folds=3/3 idx=[2, 3, 4] p=5.86e-05 ev=0.0217
2026-04-04 16:44:37.525 [INFO    ] orchestrator:   #7 Up score=3.25 tier=OVERFIT_DANGER folds=1/3 idx=[2] p=5.86e-05 ev=0.0558
2026-04-04 16:44:37.525 [INFO    ] orchestrator: SILVER SIGNAL: #1 Up [270s->90s] d>=0.07% v<=0.05% (score=23.24 folds=[2, 3, 4])
2026-04-04 16:44:37.541 [INFO    ] shared.ipc: IPC: signal delivered successfully
2026-04-04 16:44:37.543 [INFO    ] orchestrator: silver signal delivered to bot
2026-04-04 16:59:37.557 [INFO    ] orchestrator: data quality check passed: 600 windows available
2026-04-04 16:59:37.557 [INFO    ] orchestrator: starting engine: C:\Users\operator\Desktop\PolySignalLab\PolySignalEngine\build\Release\PolySignalEngine.exe C:\Users\operator\Desktop\PolySignalLab\PolyDataCollector\data --output-dir C:\Users\operator\Desktop\PolySignalLab\engine_output
2026-04-04 16:59:45.743 [INFO    ] orchestrator: engine:   Summary written: C:\Users\operator\Desktop\PolySignalLab\engine_output\signals_summary_1775311185.json
2026-04-04 16:59:45.744 [INFO    ] orchestrator: engine: 
2026-04-04 16:59:45.744 [INFO    ] orchestrator: engine: ==========================================================
2026-04-04 16:59:45.744 [INFO    ] orchestrator: engine:   SUMMARY
2026-04-04 16:59:45.744 [INFO    ] orchestrator: engine: ==========================================================
2026-04-04 16:59:45.744 [INFO    ] orchestrator: engine:   Total windows:         600 (318 UP, 282 DOWN)
2026-04-04 16:59:45.744 [INFO    ] orchestrator: engine:   Walk-forward folds:    5 (3 test iterations)
2026-04-04 16:59:45.744 [INFO    ] orchestrator: engine:   OOS base rate:         52.8% UP (360 test windows total)
2026-04-04 16:59:45.744 [INFO    ] orchestrator: engine:   Viable WF-OOS signals: 27
2026-04-04 16:59:45.744 [INFO    ] orchestrator: engine: ==========================================================
2026-04-04 16:59:45.744 [INFO    ] orchestrator: engine produced: signals_summary_1775311185.json
2026-04-04 16:59:45.749 [INFO    ] orchestrator: cleaned up old summary: signals_summary_1775304748.json
2026-04-04 16:59:45.749 [INFO    ] orchestrator: ranked 20 signals
2026-04-04 16:59:45.749 [INFO    ] orchestrator:   #5 Up score=11.87 tier=SILVER folds=3/3 idx=[2, 3, 4] p=2.42e-04 ev=0.0615
2026-04-04 16:59:45.751 [INFO    ] orchestrator:   #1 Up score=5.86 tier=SILVER folds=2/3 idx=[2, 3] p=3.68e-05 ev=0.0425
2026-04-04 16:59:45.751 [INFO    ] orchestrator:   #7 Up score=4.54 tier=OVERFIT_DANGER folds=1/3 idx=[2] p=1.91e-05 ev=0.0683
2026-04-04 16:59:45.751 [INFO    ] orchestrator:   #8 Up score=4.41 tier=OVERFIT_DANGER folds=1/3 idx=[2] p=3.68e-05 ev=0.0713
2026-04-04 16:59:45.751 [INFO    ] orchestrator:   #2 Up score=4.19 tier=SILVER folds=3/3 idx=[2, 3, 4] p=4.87e-05 ev=0.0212
2026-04-04 16:59:45.753 [INFO    ] orchestrator: SILVER SIGNAL: #5 Up [230s->150s] d>=0.07% v<=0.05% (score=11.87 folds=[2, 3, 4])
2026-04-04 16:59:45.764 [INFO    ] shared.ipc: IPC: signal delivered successfully
2026-04-04 16:59:45.766 [INFO    ] orchestrator: silver signal delivered to bot
2026-04-04 17:14:45.773 [INFO    ] orchestrator: data quality check passed: 600 windows available
2026-04-04 17:14:45.773 [INFO    ] orchestrator: starting engine: C:\Users\operator\Desktop\PolySignalLab\PolySignalEngine\build\Release\PolySignalEngine.exe C:\Users\operator\Desktop\PolySignalLab\PolyDataCollector\data --output-dir C:\Users\operator\Desktop\PolySignalLab\engine_output
2026-04-04 17:14:53.842 [INFO    ] orchestrator: engine:   Summary written: C:\Users\operator\Desktop\PolySignalLab\engine_output\signals_summary_1775312093.json
2026-04-04 17:14:53.842 [INFO    ] orchestrator: engine: 
2026-04-04 17:14:53.842 [INFO    ] orchestrator: engine: ==========================================================
2026-04-04 17:14:53.842 [INFO    ] orchestrator: engine:   SUMMARY
2026-04-04 17:14:53.842 [INFO    ] orchestrator: engine: ==========================================================
2026-04-04 17:14:53.842 [INFO    ] orchestrator: engine:   Total windows:         600 (321 UP, 279 DOWN)
2026-04-04 17:14:53.842 [INFO    ] orchestrator: engine:   Walk-forward folds:    5 (3 test iterations)
2026-04-04 17:14:53.842 [INFO    ] orchestrator: engine:   OOS base rate:         53.1% UP (360 test windows total)
2026-04-04 17:14:53.842 [INFO    ] orchestrator: engine:   Viable WF-OOS signals: 23
2026-04-04 17:14:53.842 [INFO    ] orchestrator: engine: ==========================================================
2026-04-04 17:14:53.842 [INFO    ] orchestrator: engine produced: signals_summary_1775312093.json
2026-04-04 17:14:53.842 [INFO    ] orchestrator: cleaned up old summary: signals_summary_1775305353.json
2026-04-04 17:14:53.842 [INFO    ] orchestrator: ranked 20 signals
2026-04-04 17:14:53.842 [INFO    ] orchestrator:   #4 Up score=4.91 tier=SILVER folds=3/3 idx=[2, 3, 4] p=3.11e-04 ev=0.0365
2026-04-04 17:14:53.842 [INFO    ] orchestrator:   #1 Up score=4.00 tier=SILVER folds=3/3 idx=[2, 3, 4] p=7.97e-05 ev=0.0222
2026-04-04 17:14:53.842 [INFO    ] orchestrator:   #2 Up score=4.00 tier=SILVER folds=3/3 idx=[2, 3, 4] p=7.97e-05 ev=0.0222
2026-04-04 17:14:53.842 [INFO    ] orchestrator:   #5 Up score=3.44 tier=OVERFIT_DANGER folds=1/3 idx=[2] p=5.98e-05 ev=0.0589
2026-04-04 17:14:53.842 [INFO    ] orchestrator:   #6 Up score=3.43 tier=OVERFIT_DANGER folds=1/3 idx=[2] p=6.89e-05 ev=0.0598
2026-04-04 17:14:53.855 [INFO    ] orchestrator: signal #4 Up [260s->120s] d>=0.07% v<=0.05% score 4.91 < threshold 10.00 — skipping
2026-04-04 17:14:53.855 [INFO    ] orchestrator: no signal passed all delivery gates — not sending to bot
2026-04-04 17:29:53.866 [INFO    ] orchestrator: data quality check passed: 600 windows available
2026-04-04 17:29:53.866 [INFO    ] orchestrator: starting engine: C:\Users\operator\Desktop\PolySignalLab\PolySignalEngine\build\Release\PolySignalEngine.exe C:\Users\operator\Desktop\PolySignalLab\PolyDataCollector\data --output-dir C:\Users\operator\Desktop\PolySignalLab\engine_output
2026-04-04 17:30:02.123 [INFO    ] orchestrator: engine:   Summary written: C:\Users\operator\Desktop\PolySignalLab\engine_output\signals_summary_1775313002.json
2026-04-04 17:30:02.123 [INFO    ] orchestrator: engine: 
2026-04-04 17:30:02.123 [INFO    ] orchestrator: engine: ==========================================================
2026-04-04 17:30:02.123 [INFO    ] orchestrator: engine:   SUMMARY
2026-04-04 17:30:02.123 [INFO    ] orchestrator: engine: ==========================================================
2026-04-04 17:30:02.123 [INFO    ] orchestrator: engine:   Total windows:         600 (321 UP, 279 DOWN)
2026-04-04 17:30:02.123 [INFO    ] orchestrator: engine:   Walk-forward folds:    5 (3 test iterations)
2026-04-04 17:30:02.123 [INFO    ] orchestrator: engine:   OOS base rate:         53.1% UP (360 test windows total)
2026-04-04 17:30:02.123 [INFO    ] orchestrator: engine:   Viable WF-OOS signals: 24
2026-04-04 17:30:02.123 [INFO    ] orchestrator: engine: ==========================================================
2026-04-04 17:30:02.123 [INFO    ] orchestrator: engine produced: signals_summary_1775313002.json
2026-04-04 17:30:02.123 [INFO    ] orchestrator: cleaned up old summary: signals_summary_1775305417.json
2026-04-04 17:30:02.123 [INFO    ] orchestrator: ranked 20 signals
2026-04-04 17:30:02.123 [INFO    ] orchestrator:   #1 Up score=6.27 tier=SILVER folds=2/3 idx=[2, 4] p=2.60e-05 ev=0.0419
2026-04-04 17:30:02.123 [INFO    ] orchestrator:   #5 Down score=5.66 tier=OVERFIT_DANGER folds=1/3 idx=[3] p=4.75e-06 ev=0.0745
2026-04-04 17:30:02.139 [INFO    ] orchestrator:   #9 Down score=5.49 tier=SILVER folds=2/3 idx=[3, 4] p=4.75e-06 ev=0.0288
2026-04-04 17:30:02.139 [INFO    ] orchestrator:   #2 Up score=4.13 tier=SILVER folds=3/3 idx=[2, 3, 4] p=5.85e-05 ev=0.0222
2026-04-04 17:30:02.139 [INFO    ] orchestrator:   #3 Up score=4.13 tier=SILVER folds=3/3 idx=[2, 3, 4] p=5.85e-05 ev=0.0222
2026-04-04 17:30:02.139 [INFO    ] orchestrator: signal #1 Up [290s->90s] d>=0.07% v<=0.05% score 6.27 < threshold 10.00 — skipping
2026-04-04 17:30:02.139 [INFO    ] orchestrator: no signal passed all delivery gates — not sending to bot
2026-04-04 17:45:02.156 [INFO    ] orchestrator: data quality check passed: 600 windows available
2026-04-04 17:45:02.156 [INFO    ] orchestrator: starting engine: C:\Users\operator\Desktop\PolySignalLab\PolySignalEngine\build\Release\PolySignalEngine.exe C:\Users\operator\Desktop\PolySignalLab\PolyDataCollector\data --output-dir C:\Users\operator\Desktop\PolySignalLab\engine_output
2026-04-04 17:45:10.432 [INFO    ] orchestrator: engine:   Summary written: C:\Users\operator\Desktop\PolySignalLab\engine_output\signals_summary_1775313910.json
2026-04-04 17:45:10.432 [INFO    ] orchestrator: engine: 
2026-04-04 17:45:10.432 [INFO    ] orchestrator: engine: ==========================================================
2026-04-04 17:45:10.432 [INFO    ] orchestrator: engine:   SUMMARY
2026-04-04 17:45:10.432 [INFO    ] orchestrator: engine: ==========================================================
2026-04-04 17:45:10.432 [INFO    ] orchestrator: engine:   Total windows:         600 (319 UP, 281 DOWN)
2026-04-04 17:45:10.432 [INFO    ] orchestrator: engine:   Walk-forward folds:    5 (3 test iterations)
2026-04-04 17:45:10.432 [INFO    ] orchestrator: engine:   OOS base rate:         52.8% UP (360 test windows total)
2026-04-04 17:45:10.432 [INFO    ] orchestrator: engine:   Viable WF-OOS signals: 24
2026-04-04 17:45:10.432 [INFO    ] orchestrator: engine: ==========================================================
2026-04-04 17:45:10.432 [INFO    ] orchestrator: engine produced: signals_summary_1775313910.json
2026-04-04 17:45:10.432 [INFO    ] orchestrator: cleaned up old summary: signals_summary_1775305657.json
2026-04-04 17:45:10.432 [INFO    ] orchestrator: ranked 20 signals
2026-04-04 17:45:10.432 [INFO    ] orchestrator:   #9 Down score=7.03 tier=SILVER folds=2/3 idx=[3, 4] p=3.41e-06 ev=0.0359
2026-04-04 17:45:10.432 [INFO    ] orchestrator:   #4 Down score=5.79 tier=OVERFIT_DANGER folds=1/3 idx=[3] p=3.41e-06 ev=0.0743
2026-04-04 17:45:10.432 [INFO    ] orchestrator:   #1 Up score=4.28 tier=SILVER folds=3/3 idx=[2, 3, 4] p=8.56e-05 ev=0.0213
2026-04-04 17:45:10.432 [INFO    ] orchestrator:   #10 Down score=3.58 tier=OVERFIT_DANGER folds=1/3 idx=[3] p=1.56e-03 ev=0.0960
2026-04-04 17:45:10.432 [INFO    ] orchestrator:   #2 Up score=3.53 tier=SILVER folds=3/3 idx=[2, 3, 4] p=9.72e-05 ev=0.0209
2026-04-04 17:45:10.432 [INFO    ] orchestrator: signal #9 Down [210s->130s] d>=0.0% v<=0.05% score 7.03 < threshold 10.00 — skipping
2026-04-04 17:45:10.457 [INFO    ] orchestrator: no signal passed all delivery gates — not sending to bot
2026-04-04 18:00:10.472 [INFO    ] orchestrator: data quality check passed: 600 windows available
2026-04-04 18:00:10.472 [INFO    ] orchestrator: starting engine: C:\Users\operator\Desktop\PolySignalLab\PolySignalEngine\build\Release\PolySignalEngine.exe C:\Users\operator\Desktop\PolySignalLab\PolyDataCollector\data --output-dir C:\Users\operator\Desktop\PolySignalLab\engine_output
2026-04-04 18:00:18.734 [INFO    ] orchestrator: engine:   Summary written: C:\Users\operator\Desktop\PolySignalLab\engine_output\signals_summary_1775314818.json
2026-04-04 18:00:18.734 [INFO    ] orchestrator: engine: 
2026-04-04 18:00:18.734 [INFO    ] orchestrator: engine: ==========================================================
2026-04-04 18:00:18.734 [INFO    ] orchestrator: engine:   SUMMARY
2026-04-04 18:00:18.734 [INFO    ] orchestrator: engine: ==========================================================
2026-04-04 18:00:18.734 [INFO    ] orchestrator: engine:   Total windows:         600 (319 UP, 281 DOWN)
2026-04-04 18:00:18.734 [INFO    ] orchestrator: engine:   Walk-forward folds:    5 (3 test iterations)
2026-04-04 18:00:18.734 [INFO    ] orchestrator: engine:   OOS base rate:         53.1% UP (360 test windows total)
2026-04-04 18:00:18.734 [INFO    ] orchestrator: engine:   Viable WF-OOS signals: 21
2026-04-04 18:00:18.734 [INFO    ] orchestrator: engine: ==========================================================
2026-04-04 18:00:18.734 [INFO    ] orchestrator: engine produced: signals_summary_1775314818.json
2026-04-04 18:00:18.734 [INFO    ] orchestrator: cleaned up old summary: signals_summary_1775305736.json
2026-04-04 18:00:18.734 [INFO    ] orchestrator: ranked 20 signals
2026-04-04 18:00:18.734 [INFO    ] orchestrator:   #1 Up score=5.30 tier=SILVER folds=3/3 idx=[2, 3, 4] p=8.99e-05 ev=0.0254
2026-04-04 18:00:18.734 [INFO    ] orchestrator:   #2 Up score=4.53 tier=SILVER folds=3/3 idx=[2, 3, 4] p=9.76e-05 ev=0.0257
2026-04-04 18:00:18.734 [INFO    ] orchestrator:   #3 Up score=4.53 tier=SILVER folds=3/3 idx=[2, 3, 4] p=9.76e-05 ev=0.0257
2026-04-04 18:00:18.734 [INFO    ] orchestrator:   #8 Down score=3.63 tier=SILVER folds=2/3 idx=[3, 4] p=1.63e-05 ev=0.0206
2026-04-04 18:00:18.734 [INFO    ] orchestrator:   #4 Down score=3.55 tier=OVERFIT_DANGER folds=1/3 idx=[3] p=2.64e-05 ev=0.0560
2026-04-04 18:00:18.734 [INFO    ] orchestrator: signal #1 Up [250s->100s] d>=0.07% v<=0.05% score 5.30 < threshold 10.00 — skipping
2026-04-04 18:00:18.750 [INFO    ] orchestrator: no signal passed all delivery gates — not sending to bot
2026-04-04 18:15:18.759 [INFO    ] orchestrator: data quality check passed: 600 windows available
2026-04-04 18:15:18.759 [INFO    ] orchestrator: starting engine: C:\Users\operator\Desktop\PolySignalLab\PolySignalEngine\build\Release\PolySignalEngine.exe C:\Users\operator\Desktop\PolySignalLab\PolyDataCollector\data --output-dir C:\Users\operator\Desktop\PolySignalLab\engine_output
2026-04-04 18:15:27.049 [INFO    ] orchestrator: engine:   Summary written: C:\Users\operator\Desktop\PolySignalLab\engine_output\signals_summary_1775315727.json
2026-04-04 18:15:27.049 [INFO    ] orchestrator: engine: 
2026-04-04 18:15:27.049 [INFO    ] orchestrator: engine: ==========================================================
2026-04-04 18:15:27.049 [INFO    ] orchestrator: engine:   SUMMARY
2026-04-04 18:15:27.049 [INFO    ] orchestrator: engine: ==========================================================
2026-04-04 18:15:27.049 [INFO    ] orchestrator: engine:   Total windows:         600 (321 UP, 279 DOWN)
2026-04-04 18:15:27.049 [INFO    ] orchestrator: engine:   Walk-forward folds:    5 (3 test iterations)
2026-04-04 18:15:27.049 [INFO    ] orchestrator: engine:   OOS base rate:         53.3% UP (360 test windows total)
2026-04-04 18:15:27.049 [INFO    ] orchestrator: engine:   Viable WF-OOS signals: 22
2026-04-04 18:15:27.049 [INFO    ] orchestrator: engine: ==========================================================
2026-04-04 18:15:27.049 [INFO    ] orchestrator: engine produced: signals_summary_1775315727.json
2026-04-04 18:15:27.064 [INFO    ] orchestrator: cleaned up old summary: signals_summary_1775306644.json
2026-04-04 18:15:27.064 [INFO    ] orchestrator: ranked 20 signals
2026-04-04 18:15:27.064 [INFO    ] orchestrator:   #4 Up score=7.31 tier=SILVER folds=3/3 idx=[2, 3, 4] p=4.86e-04 ev=0.0415
2026-04-04 18:15:27.064 [INFO    ] orchestrator:   #1 Up score=6.49 tier=SILVER folds=3/3 idx=[2, 3, 4] p=1.09e-04 ev=0.0254
2026-04-04 18:15:27.064 [INFO    ] orchestrator:   #2 Up score=6.24 tier=SILVER folds=3/3 idx=[2, 3, 4] p=1.18e-04 ev=0.0257
2026-04-04 18:15:27.064 [INFO    ] orchestrator:   #3 Up score=6.24 tier=SILVER folds=3/3 idx=[2, 3, 4] p=1.18e-04 ev=0.0257
2026-04-04 18:15:27.064 [INFO    ] orchestrator:   #5 Down score=3.51 tier=OVERFIT_DANGER folds=1/3 idx=[3] p=3.05e-05 ev=0.0560
2026-04-04 18:15:27.064 [INFO    ] orchestrator: signal #4 Up [260s->120s] d>=0.07% v<=0.05% score 7.31 < threshold 10.00 — skipping
2026-04-04 18:15:27.064 [INFO    ] orchestrator: no signal passed all delivery gates — not sending to bot
2026-04-04 18:30:27.081 [INFO    ] orchestrator: data quality check passed: 600 windows available
2026-04-04 18:30:27.081 [INFO    ] orchestrator: starting engine: C:\Users\operator\Desktop\PolySignalLab\PolySignalEngine\build\Release\PolySignalEngine.exe C:\Users\operator\Desktop\PolySignalLab\PolyDataCollector\data --output-dir C:\Users\operator\Desktop\PolySignalLab\engine_output
2026-04-04 18:30:35.322 [INFO    ] orchestrator: engine:   Summary written: C:\Users\operator\Desktop\PolySignalLab\engine_output\signals_summary_1775316635.json
2026-04-04 18:30:35.322 [INFO    ] orchestrator: engine: 
2026-04-04 18:30:35.322 [INFO    ] orchestrator: engine: ==========================================================
2026-04-04 18:30:35.322 [INFO    ] orchestrator: engine:   SUMMARY
2026-04-04 18:30:35.322 [INFO    ] orchestrator: engine: ==========================================================
2026-04-04 18:30:35.322 [INFO    ] orchestrator: engine:   Total windows:         600 (323 UP, 277 DOWN)
2026-04-04 18:30:35.322 [INFO    ] orchestrator: engine:   Walk-forward folds:    5 (3 test iterations)
2026-04-04 18:30:35.322 [INFO    ] orchestrator: engine:   OOS base rate:         53.9% UP (360 test windows total)
2026-04-04 18:30:35.322 [INFO    ] orchestrator: engine:   Viable WF-OOS signals: 20
2026-04-04 18:30:35.322 [INFO    ] orchestrator: engine: ==========================================================
2026-04-04 18:30:35.322 [INFO    ] orchestrator: engine produced: signals_summary_1775316635.json
2026-04-04 18:30:35.322 [INFO    ] orchestrator: cleaned up old summary: signals_summary_1775307552.json
2026-04-04 18:30:35.332 [INFO    ] orchestrator: ranked 20 signals
2026-04-04 18:30:35.332 [INFO    ] orchestrator:   #1 Up score=12.48 tier=SILVER folds=3/3 idx=[2, 3, 4] p=4.05e-05 ev=0.0404
2026-04-04 18:30:35.332 [INFO    ] orchestrator:   #2 Up score=12.23 tier=SILVER folds=3/3 idx=[2, 3, 4] p=5.43e-05 ev=0.0424
2026-04-04 18:30:35.332 [INFO    ] orchestrator:   #5 Down score=4.16 tier=OVERFIT_DANGER folds=1/3 idx=[3] p=1.53e-05 ev=0.0623
2026-04-04 18:30:35.332 [INFO    ] orchestrator:   #3 Up score=3.56 tier=SILVER folds=3/3 idx=[2, 3, 4] p=3.35e-03 ev=0.0290
2026-04-04 18:30:35.332 [INFO    ] orchestrator:   #4 Up score=3.56 tier=SILVER folds=3/3 idx=[2, 3, 4] p=3.35e-03 ev=0.0290
2026-04-04 18:30:35.332 [INFO    ] orchestrator: SILVER SIGNAL: #1 Up [250s->100s] d>=0.07% v<=0.05% (score=12.48 folds=[2, 3, 4])
2026-04-04 18:30:35.364 [INFO    ] shared.ipc: IPC: signal delivered successfully
2026-04-04 18:30:35.364 [INFO    ] orchestrator: silver signal delivered to bot
2026-04-04 18:45:35.368 [INFO    ] orchestrator: data quality check passed: 600 windows available
2026-04-04 18:45:35.368 [INFO    ] orchestrator: starting engine: C:\Users\operator\Desktop\PolySignalLab\PolySignalEngine\build\Release\PolySignalEngine.exe C:\Users\operator\Desktop\PolySignalLab\PolyDataCollector\data --output-dir C:\Users\operator\Desktop\PolySignalLab\engine_output
2026-04-04 18:45:43.672 [INFO    ] orchestrator: engine:   Summary written: C:\Users\operator\Desktop\PolySignalLab\engine_output\signals_summary_1775317543.json
2026-04-04 18:45:43.672 [INFO    ] orchestrator: engine: 
2026-04-04 18:45:43.674 [INFO    ] orchestrator: engine: ==========================================================
2026-04-04 18:45:43.674 [INFO    ] orchestrator: engine:   SUMMARY
2026-04-04 18:45:43.674 [INFO    ] orchestrator: engine: ==========================================================
2026-04-04 18:45:43.674 [INFO    ] orchestrator: engine:   Total windows:         600 (322 UP, 278 DOWN)
2026-04-04 18:45:43.674 [INFO    ] orchestrator: engine:   Walk-forward folds:    5 (3 test iterations)
2026-04-04 18:45:43.674 [INFO    ] orchestrator: engine:   OOS base rate:         53.6% UP (360 test windows total)
2026-04-04 18:45:43.674 [INFO    ] orchestrator: engine:   Viable WF-OOS signals: 19
2026-04-04 18:45:43.674 [INFO    ] orchestrator: engine: ==========================================================
2026-04-04 18:45:43.678 [INFO    ] orchestrator: engine produced: signals_summary_1775317543.json
2026-04-04 18:45:43.678 [INFO    ] orchestrator: cleaned up old summary: signals_summary_1775308460.json
2026-04-04 18:45:43.678 [INFO    ] orchestrator: ranked 19 signals
2026-04-04 18:45:43.678 [INFO    ] orchestrator:   #1 Up score=12.68 tier=SILVER folds=3/3 idx=[2, 3, 4] p=3.43e-05 ev=0.0404
2026-04-04 18:45:43.678 [INFO    ] orchestrator:   #2 Up score=12.43 tier=SILVER folds=3/3 idx=[2, 3, 4] p=4.63e-05 ev=0.0424
2026-04-04 18:45:43.678 [INFO    ] orchestrator:   #4 Down score=4.95 tier=OVERFIT_DANGER folds=1/3 idx=[3] p=1.13e-05 ev=0.0714
2026-04-04 18:45:43.678 [INFO    ] orchestrator:   #3 Up score=3.48 tier=SILVER folds=3/3 idx=[2, 3, 4] p=3.29e-03 ev=0.0290
2026-04-04 18:45:43.678 [INFO    ] orchestrator:   #7 Down score=2.12 tier=SILVER folds=2/3 idx=[3, 4] p=1.78e-05 ev=0.0128
2026-04-04 18:45:43.678 [INFO    ] orchestrator: SILVER SIGNAL: #1 Up [250s->100s] d>=0.07% v<=0.05% (score=12.68 folds=[2, 3, 4])
2026-04-04 18:45:43.694 [INFO    ] shared.ipc: IPC: signal delivered successfully
2026-04-04 18:45:43.694 [INFO    ] orchestrator: silver signal delivered to bot
2026-04-04 19:00:43.706 [INFO    ] orchestrator: data quality check passed: 600 windows available
2026-04-04 19:00:43.706 [INFO    ] orchestrator: starting engine: C:\Users\operator\Desktop\PolySignalLab\PolySignalEngine\build\Release\PolySignalEngine.exe C:\Users\operator\Desktop\PolySignalLab\PolyDataCollector\data --output-dir C:\Users\operator\Desktop\PolySignalLab\engine_output
2026-04-04 19:00:51.943 [INFO    ] orchestrator: engine:   Summary written: C:\Users\operator\Desktop\PolySignalLab\engine_output\signals_summary_1775318451.json
2026-04-04 19:00:51.943 [INFO    ] orchestrator: engine: 
2026-04-04 19:00:51.943 [INFO    ] orchestrator: engine: ==========================================================
2026-04-04 19:00:51.943 [INFO    ] orchestrator: engine:   SUMMARY
2026-04-04 19:00:51.943 [INFO    ] orchestrator: engine: ==========================================================
2026-04-04 19:00:51.953 [INFO    ] orchestrator: engine:   Total windows:         600 (320 UP, 280 DOWN)
2026-04-04 19:00:51.953 [INFO    ] orchestrator: engine:   Walk-forward folds:    5 (3 test iterations)
2026-04-04 19:00:51.953 [INFO    ] orchestrator: engine:   OOS base rate:         53.3% UP (360 test windows total)
2026-04-04 19:00:51.953 [INFO    ] orchestrator: engine:   Viable WF-OOS signals: 15
2026-04-04 19:00:51.953 [INFO    ] orchestrator: engine: ==========================================================
2026-04-04 19:00:51.953 [INFO    ] orchestrator: engine produced: signals_summary_1775318451.json
2026-04-04 19:00:51.953 [INFO    ] orchestrator: cleaned up old summary: signals_summary_1775309369.json
2026-04-04 19:00:51.953 [INFO    ] orchestrator: ranked 15 signals
2026-04-04 19:00:51.953 [INFO    ] orchestrator:   #1 Up score=12.18 tier=SILVER folds=3/3 idx=[2, 3, 4] p=5.13e-05 ev=0.0420
2026-04-04 19:00:51.953 [INFO    ] orchestrator:   #2 Up score=11.81 tier=SILVER folds=3/3 idx=[2, 3, 4] p=6.94e-05 ev=0.0437
2026-04-04 19:00:51.953 [INFO    ] orchestrator:   #3 Down score=5.19 tier=OVERFIT_DANGER folds=1/3 idx=[3] p=6.47e-06 ev=0.0714
2026-04-04 19:00:51.953 [INFO    ] orchestrator:   #5 Down score=3.23 tier=SILVER folds=2/3 idx=[3, 4] p=6.47e-06 ev=0.0174
2026-04-04 19:00:51.953 [INFO    ] orchestrator:   #4 Down score=1.42 tier=OVERFIT_DANGER folds=1/3 idx=[3] p=7.53e-05 ev=0.0262
2026-04-04 19:00:51.953 [INFO    ] orchestrator: SILVER SIGNAL: #1 Up [250s->100s] d>=0.07% v<=0.05% (score=12.18 folds=[2, 3, 4])
2026-04-04 19:00:51.969 [INFO    ] shared.ipc: IPC: signal delivered successfully
2026-04-04 19:00:51.969 [INFO    ] orchestrator: silver signal delivered to bot
2026-04-04 19:15:51.980 [INFO    ] orchestrator: data quality check passed: 600 windows available
2026-04-04 19:15:51.980 [INFO    ] orchestrator: starting engine: C:\Users\operator\Desktop\PolySignalLab\PolySignalEngine\build\Release\PolySignalEngine.exe C:\Users\operator\Desktop\PolySignalLab\PolyDataCollector\data --output-dir C:\Users\operator\Desktop\PolySignalLab\engine_output
2026-04-04 19:16:00.036 [INFO    ] orchestrator: engine:   Summary written: C:\Users\operator\Desktop\PolySignalLab\engine_output\signals_summary_1775319359.json
2026-04-04 19:16:00.036 [INFO    ] orchestrator: engine: 
2026-04-04 19:16:00.036 [INFO    ] orchestrator: engine: ==========================================================
2026-04-04 19:16:00.036 [INFO    ] orchestrator: engine:   SUMMARY
2026-04-04 19:16:00.036 [INFO    ] orchestrator: engine: ==========================================================
2026-04-04 19:16:00.036 [INFO    ] orchestrator: engine:   Total windows:         600 (319 UP, 281 DOWN)
2026-04-04 19:16:00.036 [INFO    ] orchestrator: engine:   Walk-forward folds:    5 (3 test iterations)
2026-04-04 19:16:00.036 [INFO    ] orchestrator: engine:   OOS base rate:         53.1% UP (360 test windows total)
2026-04-04 19:16:00.036 [INFO    ] orchestrator: engine:   Viable WF-OOS signals: 16
2026-04-04 19:16:00.036 [INFO    ] orchestrator: engine: ==========================================================
2026-04-04 19:16:00.036 [INFO    ] orchestrator: engine produced: signals_summary_1775319359.json
2026-04-04 19:16:00.036 [INFO    ] orchestrator: cleaned up old summary: signals_summary_1775310277.json
2026-04-04 19:16:00.036 [INFO    ] orchestrator: ranked 16 signals
2026-04-04 19:16:00.036 [INFO    ] orchestrator:   #1 Up score=11.66 tier=SILVER folds=3/3 idx=[2, 3, 4] p=7.84e-05 ev=0.0437
2026-04-04 19:16:00.036 [INFO    ] orchestrator:   #2 Down score=6.42 tier=OVERFIT_DANGER folds=1/3 idx=[3] p=4.57e-06 ev=0.0844
2026-04-04 19:16:00.036 [INFO    ] orchestrator:   #3 Down score=6.17 tier=SILVER folds=2/3 idx=[3, 4] p=4.47e-06 ev=0.0322
2026-04-04 19:16:00.036 [INFO    ] orchestrator:   #5 Down score=2.83 tier=OVERFIT_DANGER folds=1/3 idx=[3] p=3.25e-04 ev=0.0611
2026-04-04 19:16:00.036 [INFO    ] orchestrator:   #8 Down score=2.43 tier=OVERFIT_DANGER folds=1/3 idx=[3] p=2.34e-03 ev=0.0724
2026-04-04 19:16:00.036 [INFO    ] orchestrator: SILVER SIGNAL: #1 Up [210s->110s] d>=0.07% v<=0.05% (score=11.66 folds=[2, 3, 4])
2026-04-04 19:16:00.065 [INFO    ] shared.ipc: IPC: signal delivered successfully
2026-04-04 19:16:00.065 [INFO    ] orchestrator: silver signal delivered to bot
2026-04-04 19:31:00.069 [INFO    ] orchestrator: data quality check passed: 600 windows available
2026-04-04 19:31:00.069 [INFO    ] orchestrator: starting engine: C:\Users\operator\Desktop\PolySignalLab\PolySignalEngine\build\Release\PolySignalEngine.exe C:\Users\operator\Desktop\PolySignalLab\PolyDataCollector\data --output-dir C:\Users\operator\Desktop\PolySignalLab\engine_output
2026-04-04 19:31:08.176 [INFO    ] orchestrator: engine:   Summary written: C:\Users\operator\Desktop\PolySignalLab\engine_output\signals_summary_1775320268.json
2026-04-04 19:31:08.176 [INFO    ] orchestrator: engine: 
2026-04-04 19:31:08.176 [INFO    ] orchestrator: engine: ==========================================================
2026-04-04 19:31:08.176 [INFO    ] orchestrator: engine:   SUMMARY
2026-04-04 19:31:08.176 [INFO    ] orchestrator: engine: ==========================================================
2026-04-04 19:31:08.176 [INFO    ] orchestrator: engine:   Total windows:         600 (319 UP, 281 DOWN)
2026-04-04 19:31:08.176 [INFO    ] orchestrator: engine:   Walk-forward folds:    5 (3 test iterations)
2026-04-04 19:31:08.176 [INFO    ] orchestrator: engine:   OOS base rate:         53.3% UP (360 test windows total)
2026-04-04 19:31:08.176 [INFO    ] orchestrator: engine:   Viable WF-OOS signals: 14
2026-04-04 19:31:08.176 [INFO    ] orchestrator: engine: ==========================================================
2026-04-04 19:31:08.176 [INFO    ] orchestrator: engine produced: signals_summary_1775320268.json
2026-04-04 19:31:08.176 [INFO    ] orchestrator: cleaned up old summary: signals_summary_1775311185.json
2026-04-04 19:31:08.176 [INFO    ] orchestrator: ranked 14 signals
2026-04-04 19:31:08.176 [INFO    ] orchestrator:   #1 Up score=11.57 tier=SILVER folds=3/3 idx=[2, 3, 4] p=8.43e-05 ev=0.0437
2026-04-04 19:31:08.176 [INFO    ] orchestrator:   #3 Down score=5.16 tier=OVERFIT_DANGER folds=1/3 idx=[3] p=1.12e-05 ev=0.0739
2026-04-04 19:31:08.176 [INFO    ] orchestrator:   #4 Down score=5.06 tier=SILVER folds=2/3 idx=[3, 4] p=5.49e-06 ev=0.0269
2026-04-04 19:31:08.176 [INFO    ] orchestrator:   #8 Down score=2.06 tier=OVERFIT_DANGER folds=1/3 idx=[3] p=2.69e-03 ev=0.0632
2026-04-04 19:31:08.176 [INFO    ] orchestrator:   #2 Up score=1.86 tier=SILVER folds=2/3 idx=[2, 3] p=3.76e-04 ev=0.0185
2026-04-04 19:31:08.176 [INFO    ] orchestrator: SILVER SIGNAL: #1 Up [210s->110s] d>=0.07% v<=0.05% (score=11.57 folds=[2, 3, 4])
2026-04-04 19:31:08.208 [INFO    ] shared.ipc: IPC: signal delivered successfully
2026-04-04 19:31:08.208 [INFO    ] orchestrator: silver signal delivered to bot
2026-04-04 19:46:08.212 [INFO    ] orchestrator: data quality check passed: 600 windows available
2026-04-04 19:46:08.212 [INFO    ] orchestrator: starting engine: C:\Users\operator\Desktop\PolySignalLab\PolySignalEngine\build\Release\PolySignalEngine.exe C:\Users\operator\Desktop\PolySignalLab\PolyDataCollector\data --output-dir C:\Users\operator\Desktop\PolySignalLab\engine_output
2026-04-04 19:46:16.284 [INFO    ] orchestrator: engine:   Summary written: C:\Users\operator\Desktop\PolySignalLab\engine_output\signals_summary_1775321176.json
2026-04-04 19:46:16.284 [INFO    ] orchestrator: engine: 
2026-04-04 19:46:16.284 [INFO    ] orchestrator: engine: ==========================================================
2026-04-04 19:46:16.284 [INFO    ] orchestrator: engine:   SUMMARY
2026-04-04 19:46:16.287 [INFO    ] orchestrator: engine: ==========================================================
2026-04-04 19:46:16.287 [INFO    ] orchestrator: engine:   Total windows:         600 (319 UP, 281 DOWN)
2026-04-04 19:46:16.287 [INFO    ] orchestrator: engine:   Walk-forward folds:    5 (3 test iterations)
2026-04-04 19:46:16.288 [INFO    ] orchestrator: engine:   OOS base rate:         53.6% UP (360 test windows total)
2026-04-04 19:46:16.288 [INFO    ] orchestrator: engine:   Viable WF-OOS signals: 14
2026-04-04 19:46:16.288 [INFO    ] orchestrator: engine: ==========================================================
2026-04-04 19:46:16.290 [INFO    ] orchestrator: engine produced: signals_summary_1775321176.json
2026-04-04 19:46:16.290 [INFO    ] orchestrator: cleaned up old summary: signals_summary_1775312093.json
2026-04-04 19:46:16.292 [INFO    ] orchestrator: ranked 14 signals
2026-04-04 19:46:16.292 [INFO    ] orchestrator:   #1 Up score=14.00 tier=SILVER folds=3/3 idx=[2, 3, 4] p=2.39e-05 ev=0.0415
2026-04-04 19:46:16.292 [INFO    ] orchestrator:   #2 Up score=13.90 tier=SILVER folds=3/3 idx=[2, 3, 4] p=2.86e-05 ev=0.0435
2026-04-04 19:46:16.292 [INFO    ] orchestrator:   #4 Down score=7.44 tier=SILVER folds=2/3 idx=[3, 4] p=2.91e-06 ev=0.0362
2026-04-04 19:46:16.294 [INFO    ] orchestrator:   #3 Up score=4.24 tier=SILVER folds=3/3 idx=[2, 3, 4] p=3.09e-03 ev=0.0340
2026-04-04 19:46:16.294 [INFO    ] orchestrator:   #5 Down score=1.23 tier=OVERFIT_DANGER folds=1/3 idx=[3] p=3.44e-05 ev=0.0204
2026-04-04 19:46:16.294 [INFO    ] orchestrator: SILVER SIGNAL: #1 Up [250s->100s] d>=0.07% v<=0.05% (score=14.00 folds=[2, 3, 4])
2026-04-04 19:46:16.319 [INFO    ] shared.ipc: IPC: signal delivered successfully
2026-04-04 19:46:16.319 [INFO    ] orchestrator: silver signal delivered to bot
2026-04-04 20:01:16.333 [INFO    ] orchestrator: data quality check passed: 600 windows available
2026-04-04 20:01:16.333 [INFO    ] orchestrator: starting engine: C:\Users\operator\Desktop\PolySignalLab\PolySignalEngine\build\Release\PolySignalEngine.exe C:\Users\operator\Desktop\PolySignalLab\PolyDataCollector\data --output-dir C:\Users\operator\Desktop\PolySignalLab\engine_output
2026-04-04 20:01:24.307 [INFO    ] orchestrator: engine:   Summary written: C:\Users\operator\Desktop\PolySignalLab\engine_output\signals_summary_1775322084.json
2026-04-04 20:01:24.307 [INFO    ] orchestrator: engine: 
2026-04-04 20:01:24.309 [INFO    ] orchestrator: engine: ==========================================================
2026-04-04 20:01:24.309 [INFO    ] orchestrator: engine:   SUMMARY
2026-04-04 20:01:24.309 [INFO    ] orchestrator: engine: ==========================================================
2026-04-04 20:01:24.310 [INFO    ] orchestrator: engine:   Total windows:         600 (319 UP, 281 DOWN)
2026-04-04 20:01:24.310 [INFO    ] orchestrator: engine:   Walk-forward folds:    5 (3 test iterations)
2026-04-04 20:01:24.311 [INFO    ] orchestrator: engine:   OOS base rate:         53.3% UP (360 test windows total)
2026-04-04 20:01:24.311 [INFO    ] orchestrator: engine:   Viable WF-OOS signals: 15
2026-04-04 20:01:24.311 [INFO    ] orchestrator: engine: ==========================================================
2026-04-04 20:01:24.311 [INFO    ] orchestrator: engine produced: signals_summary_1775322084.json
2026-04-04 20:01:24.311 [INFO    ] orchestrator: cleaned up old summary: signals_summary_1775313002.json
2026-04-04 20:01:24.311 [INFO    ] orchestrator: ranked 15 signals
2026-04-04 20:01:24.311 [INFO    ] orchestrator:   #1 Up score=12.84 tier=SILVER folds=3/3 idx=[2, 3, 4] p=4.68e-05 ev=0.0440
2026-04-04 20:01:24.315 [INFO    ] orchestrator:   #2 Up score=12.20 tier=SILVER folds=3/3 idx=[2, 3, 4] p=4.68e-05 ev=0.0420
2026-04-04 20:01:24.315 [INFO    ] orchestrator:   #3 Down score=3.90 tier=OVERFIT_DANGER folds=1/3 idx=[3] p=2.24e-05 ev=0.0596
2026-04-04 20:01:24.315 [INFO    ] orchestrator:   #4 Down score=3.58 tier=OVERFIT_DANGER folds=1/3 idx=[3] p=4.85e-05 ev=0.0607
2026-04-04 20:01:24.315 [INFO    ] orchestrator:   #6 Up score=0.91 tier=OVERFIT_DANGER folds=1/3 idx=[3] p=8.83e-04 ev=0.0232
2026-04-04 20:01:24.317 [INFO    ] orchestrator: SILVER SIGNAL: #1 Up [210s->110s] d>=0.07% v<=0.05% (score=12.84 folds=[2, 3, 4])
2026-04-04 20:01:24.326 [INFO    ] shared.ipc: IPC: signal delivered successfully
2026-04-04 20:01:24.328 [INFO    ] orchestrator: silver signal delivered to bot
2026-04-04 20:16:24.343 [INFO    ] orchestrator: data quality check passed: 600 windows available
2026-04-04 20:16:24.343 [INFO    ] orchestrator: starting engine: C:\Users\operator\Desktop\PolySignalLab\PolySignalEngine\build\Release\PolySignalEngine.exe C:\Users\operator\Desktop\PolySignalLab\PolyDataCollector\data --output-dir C:\Users\operator\Desktop\PolySignalLab\engine_output
2026-04-04 20:16:32.321 [INFO    ] orchestrator: engine:   Summary written: C:\Users\operator\Desktop\PolySignalLab\engine_output\signals_summary_1775322992.json
2026-04-04 20:16:32.323 [INFO    ] orchestrator: engine: 
2026-04-04 20:16:32.323 [INFO    ] orchestrator: engine: ==========================================================
2026-04-04 20:16:32.323 [INFO    ] orchestrator: engine:   SUMMARY
2026-04-04 20:16:32.323 [INFO    ] orchestrator: engine: ==========================================================
2026-04-04 20:16:32.323 [INFO    ] orchestrator: engine:   Total windows:         600 (319 UP, 281 DOWN)
2026-04-04 20:16:32.323 [INFO    ] orchestrator: engine:   Walk-forward folds:    5 (3 test iterations)
2026-04-04 20:16:32.323 [INFO    ] orchestrator: engine:   OOS base rate:         53.1% UP (360 test windows total)
2026-04-04 20:16:32.323 [INFO    ] orchestrator: engine:   Viable WF-OOS signals: 12
2026-04-04 20:16:32.327 [INFO    ] orchestrator: engine: ==========================================================
2026-04-04 20:16:32.327 [INFO    ] orchestrator: engine produced: signals_summary_1775322992.json
2026-04-04 20:16:32.327 [INFO    ] orchestrator: cleaned up old summary: signals_summary_1775313910.json
2026-04-04 20:16:32.327 [INFO    ] orchestrator: ranked 12 signals
2026-04-04 20:16:32.327 [INFO    ] orchestrator:   #1 Up score=13.27 tier=SILVER folds=3/3 idx=[2, 3, 4] p=3.34e-05 ev=0.0440
2026-04-04 20:16:32.327 [INFO    ] orchestrator:   #2 Up score=12.61 tier=SILVER folds=3/3 idx=[2, 3, 4] p=3.34e-05 ev=0.0420
2026-04-04 20:16:32.327 [INFO    ] orchestrator:   #3 Down score=4.87 tier=OVERFIT_DANGER folds=1/3 idx=[3] p=9.14e-06 ev=0.0681
2026-04-04 20:16:32.327 [INFO    ] orchestrator:   #4 Down score=4.34 tier=OVERFIT_DANGER folds=1/3 idx=[3] p=3.34e-05 ev=0.0700
2026-04-04 20:16:32.327 [INFO    ] orchestrator:   #7 Up score=1.36 tier=OVERFIT_DANGER folds=1/3 idx=[3] p=6.42e-03 ev=0.0504
2026-04-04 20:16:32.327 [INFO    ] orchestrator: SILVER SIGNAL: #1 Up [210s->110s] d>=0.07% v<=0.05% (score=13.27 folds=[2, 3, 4])
2026-04-04 20:16:32.343 [INFO    ] shared.ipc: IPC: signal delivered successfully
2026-04-04 20:16:32.343 [INFO    ] orchestrator: silver signal delivered to bot
2026-04-04 20:31:32.361 [INFO    ] orchestrator: data quality check passed: 600 windows available
2026-04-04 20:31:32.361 [INFO    ] orchestrator: starting engine: C:\Users\operator\Desktop\PolySignalLab\PolySignalEngine\build\Release\PolySignalEngine.exe C:\Users\operator\Desktop\PolySignalLab\PolyDataCollector\data --output-dir C:\Users\operator\Desktop\PolySignalLab\engine_output
2026-04-04 20:31:40.575 [INFO    ] orchestrator: engine:   Summary written: C:\Users\operator\Desktop\PolySignalLab\engine_output\signals_summary_1775323900.json
2026-04-04 20:31:40.575 [INFO    ] orchestrator: engine: 
2026-04-04 20:31:40.575 [INFO    ] orchestrator: engine: ==========================================================
2026-04-04 20:31:40.575 [INFO    ] orchestrator: engine:   SUMMARY
2026-04-04 20:31:40.575 [INFO    ] orchestrator: engine: ==========================================================
2026-04-04 20:31:40.575 [INFO    ] orchestrator: engine:   Total windows:         600 (320 UP, 280 DOWN)
2026-04-04 20:31:40.575 [INFO    ] orchestrator: engine:   Walk-forward folds:    5 (3 test iterations)
2026-04-04 20:31:40.575 [INFO    ] orchestrator: engine:   OOS base rate:         52.8% UP (360 test windows total)
2026-04-04 20:31:40.575 [INFO    ] orchestrator: engine:   Viable WF-OOS signals: 9
2026-04-04 20:31:40.575 [INFO    ] orchestrator: engine: ==========================================================
2026-04-04 20:31:40.575 [INFO    ] orchestrator: engine produced: signals_summary_1775323900.json
2026-04-04 20:31:40.575 [INFO    ] orchestrator: cleaned up old summary: signals_summary_1775314818.json
2026-04-04 20:31:40.575 [INFO    ] orchestrator: ranked 9 signals
2026-04-04 20:31:40.575 [INFO    ] orchestrator:   #1 Up score=12.57 tier=SILVER folds=3/3 idx=[2, 3, 4] p=4.22e-05 ev=0.0446
2026-04-04 20:31:40.575 [INFO    ] orchestrator:   #2 Up score=12.14 tier=SILVER folds=3/3 idx=[2, 3, 4] p=4.22e-05 ev=0.0433
2026-04-04 20:31:40.575 [INFO    ] orchestrator:   #3 Down score=5.61 tier=OVERFIT_DANGER folds=1/3 idx=[3] p=3.42e-06 ev=0.0718
2026-04-04 20:31:40.575 [INFO    ] orchestrator:   #4 Down score=4.95 tier=OVERFIT_DANGER folds=1/3 idx=[3] p=1.60e-05 ev=0.0739
2026-04-04 20:31:40.587 [INFO    ] orchestrator:   #5 Down score=2.21 tier=OVERFIT_DANGER folds=1/3 idx=[3] p=1.69e-05 ev=0.0339
2026-04-04 20:31:40.587 [INFO    ] orchestrator: SILVER SIGNAL: #1 Up [210s->110s] d>=0.07% v<=0.05% (score=12.57 folds=[2, 3, 4])
2026-04-04 20:31:40.600 [INFO    ] shared.ipc: IPC: signal delivered successfully
2026-04-04 20:31:40.602 [INFO    ] orchestrator: silver signal delivered to bot
2026-04-04 20:46:40.606 [INFO    ] orchestrator: data quality check passed: 600 windows available
2026-04-04 20:46:40.606 [INFO    ] orchestrator: starting engine: C:\Users\operator\Desktop\PolySignalLab\PolySignalEngine\build\Release\PolySignalEngine.exe C:\Users\operator\Desktop\PolySignalLab\PolyDataCollector\data --output-dir C:\Users\operator\Desktop\PolySignalLab\engine_output
2026-04-04 20:46:48.620 [INFO    ] orchestrator: engine:   Summary written: C:\Users\operator\Desktop\PolySignalLab\engine_output\signals_summary_1775324808.json
2026-04-04 20:46:48.620 [INFO    ] orchestrator: engine: 
2026-04-04 20:46:48.620 [INFO    ] orchestrator: engine: ==========================================================
2026-04-04 20:46:48.620 [INFO    ] orchestrator: engine:   SUMMARY
2026-04-04 20:46:48.620 [INFO    ] orchestrator: engine: ==========================================================
2026-04-04 20:46:48.620 [INFO    ] orchestrator: engine:   Total windows:         600 (319 UP, 281 DOWN)
2026-04-04 20:46:48.620 [INFO    ] orchestrator: engine:   Walk-forward folds:    5 (3 test iterations)
2026-04-04 20:46:48.620 [INFO    ] orchestrator: engine:   OOS base rate:         52.2% UP (360 test windows total)
2026-04-04 20:46:48.620 [INFO    ] orchestrator: engine:   Viable WF-OOS signals: 15
2026-04-04 20:46:48.620 [INFO    ] orchestrator: engine: ==========================================================
2026-04-04 20:46:48.632 [INFO    ] orchestrator: engine produced: signals_summary_1775324808.json
2026-04-04 20:46:48.632 [INFO    ] orchestrator: cleaned up old summary: signals_summary_1775315727.json
2026-04-04 20:46:48.632 [INFO    ] orchestrator: ranked 15 signals
2026-04-04 20:46:48.632 [INFO    ] orchestrator:   #1 Up score=12.46 tier=SILVER folds=2/3 idx=[2, 4] p=2.50e-05 ev=0.0865
2026-04-04 20:46:48.632 [INFO    ] orchestrator:   #2 Up score=9.20 tier=SILVER folds=3/3 idx=[2, 3, 4] p=1.15e-04 ev=0.0400
2026-04-04 20:46:48.632 [INFO    ] orchestrator:   #3 Down score=6.16 tier=OVERFIT_DANGER folds=1/3 idx=[3] p=9.24e-06 ev=0.0857
2026-04-04 20:46:48.635 [INFO    ] orchestrator:   #5 Down score=3.39 tier=OVERFIT_DANGER folds=1/3 idx=[3] p=9.24e-06 ev=0.0482
2026-04-04 20:46:48.635 [INFO    ] orchestrator:   #4 Down score=3.09 tier=OVERFIT_DANGER folds=1/3 idx=[3] p=9.24e-06 ev=0.0440
2026-04-04 20:46:48.635 [INFO    ] orchestrator: SILVER SIGNAL: #1 Up [290s->90s] d>=0.07% v<=0.05% (score=12.46 folds=[2, 4])
2026-04-04 20:46:48.651 [INFO    ] shared.ipc: IPC: signal delivered successfully
2026-04-04 20:46:48.651 [INFO    ] orchestrator: silver signal delivered to bot
2026-04-04 21:01:48.665 [INFO    ] orchestrator: data quality check passed: 600 windows available
2026-04-04 21:01:48.665 [INFO    ] orchestrator: starting engine: C:\Users\operator\Desktop\PolySignalLab\PolySignalEngine\build\Release\PolySignalEngine.exe C:\Users\operator\Desktop\PolySignalLab\PolyDataCollector\data --output-dir C:\Users\operator\Desktop\PolySignalLab\engine_output
2026-04-04 21:01:56.515 [INFO    ] orchestrator: engine:   Summary written: C:\Users\operator\Desktop\PolySignalLab\engine_output\signals_summary_1775325716.json
2026-04-04 21:01:56.515 [INFO    ] orchestrator: engine: 
2026-04-04 21:01:56.515 [INFO    ] orchestrator: engine: ==========================================================
2026-04-04 21:01:56.515 [INFO    ] orchestrator: engine:   SUMMARY
2026-04-04 21:01:56.515 [INFO    ] orchestrator: engine: ==========================================================
2026-04-04 21:01:56.515 [INFO    ] orchestrator: engine:   Total windows:         600 (318 UP, 282 DOWN)
2026-04-04 21:01:56.515 [INFO    ] orchestrator: engine:   Walk-forward folds:    5 (3 test iterations)
2026-04-04 21:01:56.523 [INFO    ] orchestrator: engine:   OOS base rate:         51.9% UP (360 test windows total)
2026-04-04 21:01:56.523 [INFO    ] orchestrator: engine:   Viable WF-OOS signals: 13
2026-04-04 21:01:56.523 [INFO    ] orchestrator: engine: ==========================================================
2026-04-04 21:01:56.525 [INFO    ] orchestrator: engine produced: signals_summary_1775325716.json
2026-04-04 21:01:56.525 [INFO    ] orchestrator: cleaned up old summary: signals_summary_1775316635.json
2026-04-04 21:01:56.525 [INFO    ] orchestrator: ranked 13 signals
2026-04-04 21:01:56.527 [INFO    ] orchestrator:   #1 Up score=8.86 tier=SILVER folds=3/3 idx=[2, 3, 4] p=1.61e-04 ev=0.0400
2026-04-04 21:01:56.527 [INFO    ] orchestrator:   #2 Down score=4.02 tier=OVERFIT_DANGER folds=1/3 idx=[3] p=9.18e-05 ev=0.0717
2026-04-04 21:01:56.527 [INFO    ] orchestrator:   #4 Down score=1.36 tier=OVERFIT_DANGER folds=1/3 idx=[3] p=1.20e-04 ev=0.0257
2026-04-04 21:01:56.527 [INFO    ] orchestrator:   #9 Up score=1.20 tier=OVERFIT_DANGER folds=1/3 idx=[3] p=5.84e-03 ev=0.0437
2026-04-04 21:01:56.527 [INFO    ] orchestrator:   #6 Up score=0.75 tier=OVERFIT_DANGER folds=1/3 idx=[3] p=7.64e-04 ev=0.0189
2026-04-04 21:01:56.527 [INFO    ] orchestrator: signal #1 Up [210s->110s] d>=0.07% v<=0.05% score 8.86 < threshold 10.00 — skipping
2026-04-04 21:01:56.529 [INFO    ] orchestrator: no signal passed all delivery gates — not sending to bot
2026-04-04 21:16:56.545 [INFO    ] orchestrator: data quality check passed: 600 windows available
2026-04-04 21:16:56.545 [INFO    ] orchestrator: starting engine: C:\Users\operator\Desktop\PolySignalLab\PolySignalEngine\build\Release\PolySignalEngine.exe C:\Users\operator\Desktop\PolySignalLab\PolyDataCollector\data --output-dir C:\Users\operator\Desktop\PolySignalLab\engine_output
2026-04-04 21:17:04.480 [INFO    ] orchestrator: engine:   Summary written: C:\Users\operator\Desktop\PolySignalLab\engine_output\signals_summary_1775326624.json
2026-04-04 21:17:04.480 [INFO    ] orchestrator: engine: 
2026-04-04 21:17:04.480 [INFO    ] orchestrator: engine: ==========================================================
2026-04-04 21:17:04.480 [INFO    ] orchestrator: engine:   SUMMARY
2026-04-04 21:17:04.480 [INFO    ] orchestrator: engine: ==========================================================
2026-04-04 21:17:04.480 [INFO    ] orchestrator: engine:   Total windows:         600 (317 UP, 283 DOWN)
2026-04-04 21:17:04.480 [INFO    ] orchestrator: engine:   Walk-forward folds:    5 (3 test iterations)
2026-04-04 21:17:04.484 [INFO    ] orchestrator: engine:   OOS base rate:         51.7% UP (360 test windows total)
2026-04-04 21:17:04.484 [INFO    ] orchestrator: engine:   Viable WF-OOS signals: 13
2026-04-04 21:17:04.484 [INFO    ] orchestrator: engine: ==========================================================
2026-04-04 21:17:04.484 [INFO    ] orchestrator: engine produced: signals_summary_1775326624.json
2026-04-04 21:17:04.484 [INFO    ] orchestrator: cleaned up old summary: signals_summary_1775317543.json
2026-04-04 21:17:04.484 [INFO    ] orchestrator: ranked 13 signals
2026-04-04 21:17:04.484 [INFO    ] orchestrator:   #1 Up score=8.91 tier=SILVER folds=3/3 idx=[2, 3, 4] p=1.54e-04 ev=0.0400
2026-04-04 21:17:04.484 [INFO    ] orchestrator:   #2 Down score=3.66 tier=OVERFIT_DANGER folds=1/3 idx=[3] p=1.54e-04 ev=0.0694
2026-04-04 21:17:04.484 [INFO    ] orchestrator:   #4 Down score=1.17 tier=OVERFIT_DANGER folds=1/3 idx=[3] p=1.54e-04 ev=0.0227
2026-04-04 21:17:04.484 [INFO    ] orchestrator:   #9 Up score=0.74 tier=OVERFIT_DANGER folds=1/3 idx=[3] p=8.86e-03 ev=0.0297
2026-04-04 21:17:04.484 [INFO    ] orchestrator:   #3 Down score=0.46 tier=OVERFIT_DANGER folds=1/3 idx=[4] p=3.31e-02 ev=0.0262
2026-04-04 21:17:04.484 [INFO    ] orchestrator: signal #1 Up [210s->110s] d>=0.07% v<=0.05% score 8.91 < threshold 10.00 — skipping
2026-04-04 21:17:04.493 [INFO    ] orchestrator: no signal passed all delivery gates — not sending to bot
2026-04-04 21:32:04.510 [INFO    ] orchestrator: data quality check passed: 600 windows available
2026-04-04 21:32:04.510 [INFO    ] orchestrator: starting engine: C:\Users\operator\Desktop\PolySignalLab\PolySignalEngine\build\Release\PolySignalEngine.exe C:\Users\operator\Desktop\PolySignalLab\PolyDataCollector\data --output-dir C:\Users\operator\Desktop\PolySignalLab\engine_output
2026-04-04 21:32:12.461 [INFO    ] orchestrator: engine:   Summary written: C:\Users\operator\Desktop\PolySignalLab\engine_output\signals_summary_1775327532.json
2026-04-04 21:32:12.461 [INFO    ] orchestrator: engine: 
2026-04-04 21:32:12.461 [INFO    ] orchestrator: engine: ==========================================================
2026-04-04 21:32:12.461 [INFO    ] orchestrator: engine:   SUMMARY
2026-04-04 21:32:12.461 [INFO    ] orchestrator: engine: ==========================================================
2026-04-04 21:32:12.461 [INFO    ] orchestrator: engine:   Total windows:         600 (320 UP, 280 DOWN)
2026-04-04 21:32:12.461 [INFO    ] orchestrator: engine:   Walk-forward folds:    5 (3 test iterations)
2026-04-04 21:32:12.461 [INFO    ] orchestrator: engine:   OOS base rate:         52.5% UP (360 test windows total)
2026-04-04 21:32:12.461 [INFO    ] orchestrator: engine:   Viable WF-OOS signals: 16
2026-04-04 21:32:12.461 [INFO    ] orchestrator: engine: ==========================================================
2026-04-04 21:32:12.461 [INFO    ] orchestrator: engine produced: signals_summary_1775327532.json
2026-04-04 21:32:12.461 [INFO    ] orchestrator: cleaned up old summary: signals_summary_1775318451.json
2026-04-04 21:32:12.461 [INFO    ] orchestrator: ranked 16 signals
2026-04-04 21:32:12.461 [INFO    ] orchestrator:   #1 Up score=6.93 tier=SILVER folds=3/3 idx=[2, 3, 4] p=6.28e-04 ev=0.0410
2026-04-04 21:32:12.469 [INFO    ] orchestrator:   #3 Down score=3.06 tier=OVERFIT_DANGER folds=1/3 idx=[3] p=3.05e-04 ev=0.0636
2026-04-04 21:32:12.469 [INFO    ] orchestrator:   #4 Down score=0.76 tier=OVERFIT_DANGER folds=1/3 idx=[3] p=3.80e-04 ev=0.0167
2026-04-04 21:32:12.469 [INFO    ] orchestrator:   #11 Down score=0.72 tier=OVERFIT_DANGER folds=1/3 idx=[2] p=3.29e-02 ev=0.0420
2026-04-04 21:32:12.469 [INFO    ] orchestrator:   #13 Up score=0.61 tier=OVERFIT_DANGER folds=1/3 idx=[2] p=9.31e-02 ev=0.0529
2026-04-04 21:32:12.469 [INFO    ] orchestrator: signal #1 Up [210s->120s] d>=0.07% v<=0.05% score 6.93 < threshold 10.00 — skipping
2026-04-04 21:32:12.476 [INFO    ] orchestrator: no signal passed all delivery gates — not sending to bot
2026-04-04 21:47:12.497 [INFO    ] orchestrator: data quality check passed: 600 windows available
2026-04-04 21:47:12.497 [INFO    ] orchestrator: starting engine: C:\Users\operator\Desktop\PolySignalLab\PolySignalEngine\build\Release\PolySignalEngine.exe C:\Users\operator\Desktop\PolySignalLab\PolyDataCollector\data --output-dir C:\Users\operator\Desktop\PolySignalLab\engine_output
2026-04-04 21:47:20.560 [INFO    ] orchestrator: engine:   Summary written: C:\Users\operator\Desktop\PolySignalLab\engine_output\signals_summary_1775328440.json
2026-04-04 21:47:20.560 [INFO    ] orchestrator: engine: 
2026-04-04 21:47:20.560 [INFO    ] orchestrator: engine: ==========================================================
2026-04-04 21:47:20.560 [INFO    ] orchestrator: engine:   SUMMARY
2026-04-04 21:47:20.560 [INFO    ] orchestrator: engine: ==========================================================
2026-04-04 21:47:20.560 [INFO    ] orchestrator: engine:   Total windows:         600 (318 UP, 282 DOWN)
2026-04-04 21:47:20.562 [INFO    ] orchestrator: engine:   Walk-forward folds:    5 (3 test iterations)
2026-04-04 21:47:20.562 [INFO    ] orchestrator: engine:   OOS base rate:         52.5% UP (360 test windows total)
2026-04-04 21:47:20.562 [INFO    ] orchestrator: engine:   Viable WF-OOS signals: 11
2026-04-04 21:47:20.562 [INFO    ] orchestrator: engine: ==========================================================
2026-04-04 21:47:20.564 [INFO    ] orchestrator: engine produced: signals_summary_1775328440.json
2026-04-04 21:47:20.564 [INFO    ] orchestrator: cleaned up old summary: signals_summary_1775319359.json
2026-04-04 21:47:20.564 [INFO    ] orchestrator: ranked 11 signals
2026-04-04 21:47:20.566 [INFO    ] orchestrator:   #1 Down score=4.16 tier=OVERFIT_DANGER folds=1/3 idx=[3] p=9.18e-05 ev=0.0736
2026-04-04 21:47:20.566 [INFO    ] orchestrator:   #3 Down score=2.06 tier=OVERFIT_DANGER folds=1/3 idx=[3] p=9.18e-05 ev=0.0372
2026-04-04 21:47:20.566 [INFO    ] orchestrator:   #10 Up score=0.61 tier=OVERFIT_DANGER folds=1/3 idx=[2] p=9.32e-02 ev=0.0539
2026-04-04 21:47:20.566 [INFO    ] orchestrator:   #6 Up score=0.60 tier=OVERFIT_DANGER folds=1/3 idx=[3] p=1.13e-02 ev=0.0257
2026-04-04 21:47:20.566 [INFO    ] orchestrator:   #2 Down score=0.47 tier=OVERFIT_DANGER folds=1/3 idx=[4] p=2.64e-02 ev=0.0250
2026-04-04 21:47:20.566 [INFO    ] orchestrator: signal #1 Down [280s->120s] d>=0.0% v<=0.1% score 4.16 < threshold 10.00 — skipping
2026-04-04 21:47:20.576 [INFO    ] orchestrator: no signal passed all delivery gates — not sending to bot
2026-04-04 22:02:20.593 [INFO    ] orchestrator: data quality check passed: 600 windows available
2026-04-04 22:02:20.593 [INFO    ] orchestrator: starting engine: C:\Users\operator\Desktop\PolySignalLab\PolySignalEngine\build\Release\PolySignalEngine.exe C:\Users\operator\Desktop\PolySignalLab\PolyDataCollector\data --output-dir C:\Users\operator\Desktop\PolySignalLab\engine_output
2026-04-04 22:02:28.504 [INFO    ] orchestrator: engine:   Summary written: C:\Users\operator\Desktop\PolySignalLab\engine_output\signals_summary_1775329348.json
2026-04-04 22:02:28.504 [INFO    ] orchestrator: engine: 
2026-04-04 22:02:28.504 [INFO    ] orchestrator: engine: ==========================================================
2026-04-04 22:02:28.516 [INFO    ] orchestrator: engine:   SUMMARY
2026-04-04 22:02:28.516 [INFO    ] orchestrator: engine: ==========================================================
2026-04-04 22:02:28.516 [INFO    ] orchestrator: engine:   Total windows:         600 (316 UP, 284 DOWN)
2026-04-04 22:02:28.516 [INFO    ] orchestrator: engine:   Walk-forward folds:    5 (3 test iterations)
2026-04-04 22:02:28.516 [INFO    ] orchestrator: engine:   OOS base rate:         52.2% UP (360 test windows total)
2026-04-04 22:02:28.516 [INFO    ] orchestrator: engine:   Viable WF-OOS signals: 13
2026-04-04 22:02:28.516 [INFO    ] orchestrator: engine: ==========================================================
2026-04-04 22:02:28.516 [INFO    ] orchestrator: engine produced: signals_summary_1775329348.json
2026-04-04 22:02:28.516 [INFO    ] orchestrator: cleaned up old summary: signals_summary_1775320268.json
2026-04-04 22:02:28.516 [INFO    ] orchestrator: ranked 13 signals
2026-04-04 22:02:28.516 [INFO    ] orchestrator:   #1 Down score=4.05 tier=OVERFIT_DANGER folds=1/3 idx=[3] p=1.37e-04 ev=0.0750
2026-04-04 22:02:28.516 [INFO    ] orchestrator:   #3 Down score=0.93 tier=OVERFIT_DANGER folds=1/3 idx=[3] p=2.75e-04 ev=0.0194
2026-04-04 22:02:28.516 [INFO    ] orchestrator:   #7 Up score=0.64 tier=OVERFIT_DANGER folds=1/3 idx=[3] p=1.10e-02 ev=0.0270
2026-04-04 22:02:28.516 [INFO    ] orchestrator:   #12 Up score=0.52 tier=OVERFIT_DANGER folds=1/3 idx=[2] p=9.95e-02 ev=0.0475
2026-04-04 22:02:28.516 [INFO    ] orchestrator:   #9 Down score=0.40 tier=OVERFIT_DANGER folds=1/3 idx=[2] p=6.18e-02 ev=0.0295
2026-04-04 22:02:28.516 [INFO    ] orchestrator: signal #1 Down [230s->120s] d>=0.0% v<=0.05% score 4.05 < threshold 10.00 — skipping
2026-04-04 22:02:28.532 [INFO    ] orchestrator: no signal passed all delivery gates — not sending to bot
2026-04-04 22:17:28.549 [INFO    ] orchestrator: data quality check passed: 600 windows available
2026-04-04 22:17:28.549 [INFO    ] orchestrator: starting engine: C:\Users\operator\Desktop\PolySignalLab\PolySignalEngine\build\Release\PolySignalEngine.exe C:\Users\operator\Desktop\PolySignalLab\PolyDataCollector\data --output-dir C:\Users\operator\Desktop\PolySignalLab\engine_output
2026-04-04 22:17:36.518 [INFO    ] orchestrator: engine:   Summary written: C:\Users\operator\Desktop\PolySignalLab\engine_output\signals_summary_1775330256.json
2026-04-04 22:17:36.518 [INFO    ] orchestrator: engine: 
2026-04-04 22:17:36.518 [INFO    ] orchestrator: engine: ==========================================================
2026-04-04 22:17:36.518 [INFO    ] orchestrator: engine:   SUMMARY
2026-04-04 22:17:36.518 [INFO    ] orchestrator: engine: ==========================================================
2026-04-04 22:17:36.520 [INFO    ] orchestrator: engine:   Total windows:         600 (317 UP, 283 DOWN)
2026-04-04 22:17:36.520 [INFO    ] orchestrator: engine:   Walk-forward folds:    5 (3 test iterations)
2026-04-04 22:17:36.520 [INFO    ] orchestrator: engine:   OOS base rate:         52.8% UP (360 test windows total)
2026-04-04 22:17:36.520 [INFO    ] orchestrator: engine:   Viable WF-OOS signals: 16
2026-04-04 22:17:36.520 [INFO    ] orchestrator: engine: ==========================================================
2026-04-04 22:17:36.522 [INFO    ] orchestrator: engine produced: signals_summary_1775330256.json
2026-04-04 22:17:36.522 [INFO    ] orchestrator: cleaned up old summary: signals_summary_1775321176.json
2026-04-04 22:17:36.524 [INFO    ] orchestrator: ranked 16 signals
2026-04-04 22:17:36.524 [INFO    ] orchestrator:   #1 Up score=6.80 tier=SILVER folds=3/3 idx=[2, 3, 4] p=7.44e-04 ev=0.0415
2026-04-04 22:17:36.526 [INFO    ] orchestrator:   #2 Down score=3.54 tier=OVERFIT_DANGER folds=1/3 idx=[3] p=1.79e-04 ev=0.0679
2026-04-04 22:17:36.526 [INFO    ] orchestrator:   #7 Up score=0.82 tier=OVERFIT_DANGER folds=1/3 idx=[3] p=7.09e-03 ev=0.0309
2026-04-04 22:17:36.526 [INFO    ] orchestrator:   #4 Down score=0.50 tier=OVERFIT_DANGER folds=1/3 idx=[3] p=3.48e-04 ev=0.0109
2026-04-04 22:17:36.526 [INFO    ] orchestrator:   #3 Down score=0.38 tier=OVERFIT_DANGER folds=1/3 idx=[4] p=4.60e-02 ev=0.0242
2026-04-04 22:17:36.526 [INFO    ] orchestrator: signal #1 Up [240s->120s] d>=0.07% v<=0.05% score 6.80 < threshold 10.00 — skipping
2026-04-04 22:17:36.540 [INFO    ] orchestrator: no signal passed all delivery gates — not sending to bot
2026-04-04 22:32:36.549 [INFO    ] orchestrator: data quality check passed: 600 windows available
2026-04-04 22:32:36.551 [INFO    ] orchestrator: starting engine: C:\Users\operator\Desktop\PolySignalLab\PolySignalEngine\build\Release\PolySignalEngine.exe C:\Users\operator\Desktop\PolySignalLab\PolyDataCollector\data --output-dir C:\Users\operator\Desktop\PolySignalLab\engine_output
2026-04-04 22:32:44.339 [INFO    ] orchestrator: engine:   Summary written: C:\Users\operator\Desktop\PolySignalLab\engine_output\signals_summary_1775331164.json
2026-04-04 22:32:44.339 [INFO    ] orchestrator: engine: 
2026-04-04 22:32:44.339 [INFO    ] orchestrator: engine: ==========================================================
2026-04-04 22:32:44.339 [INFO    ] orchestrator: engine:   SUMMARY
2026-04-04 22:32:44.339 [INFO    ] orchestrator: engine: ==========================================================
2026-04-04 22:32:44.339 [INFO    ] orchestrator: engine:   Total windows:         600 (315 UP, 285 DOWN)
2026-04-04 22:32:44.339 [INFO    ] orchestrator: engine:   Walk-forward folds:    5 (3 test iterations)
2026-04-04 22:32:44.339 [INFO    ] orchestrator: engine:   OOS base rate:         52.5% UP (360 test windows total)
2026-04-04 22:32:44.339 [INFO    ] orchestrator: engine:   Viable WF-OOS signals: 13
2026-04-04 22:32:44.339 [INFO    ] orchestrator: engine: ==========================================================
2026-04-04 22:32:44.339 [INFO    ] orchestrator: engine produced: signals_summary_1775331164.json
2026-04-04 22:32:44.339 [INFO    ] orchestrator: cleaned up old summary: signals_summary_1775322084.json
2026-04-04 22:32:44.339 [INFO    ] orchestrator: ranked 13 signals
2026-04-04 22:32:44.339 [INFO    ] orchestrator:   #2 Down score=1.90 tier=OVERFIT_DANGER folds=1/3 idx=[3] p=6.87e-04 ev=0.0444
2026-04-04 22:32:44.339 [INFO    ] orchestrator:   #6 Up score=1.41 tier=OVERFIT_DANGER folds=1/3 idx=[3] p=6.87e-03 ev=0.0528
2026-04-04 22:32:44.339 [INFO    ] orchestrator:   #1 Down score=0.92 tier=OVERFIT_DANGER folds=1/3 idx=[4] p=5.25e-02 ev=0.0552
2026-04-04 22:32:44.339 [INFO    ] orchestrator:   #5 Up score=0.71 tier=OVERFIT_DANGER folds=1/3 idx=[3] p=4.37e-03 ev=0.0243
2026-04-04 22:32:44.339 [INFO    ] orchestrator:   #12 Down score=0.66 tier=OVERFIT_DANGER folds=1/3 idx=[2] p=4.62e-02 ev=0.0429
2026-04-04 22:32:44.339 [INFO    ] orchestrator: signal #2 Down [260s->120s] d>=0.0% v<=0.7% score 1.90 < threshold 10.00 — skipping
2026-04-04 22:32:44.356 [INFO    ] orchestrator: no signal passed all delivery gates — not sending to bot
2026-04-04 22:47:44.368 [INFO    ] orchestrator: data quality check passed: 600 windows available
2026-04-04 22:47:44.368 [INFO    ] orchestrator: starting engine: C:\Users\operator\Desktop\PolySignalLab\PolySignalEngine\build\Release\PolySignalEngine.exe C:\Users\operator\Desktop\PolySignalLab\PolyDataCollector\data --output-dir C:\Users\operator\Desktop\PolySignalLab\engine_output
2026-04-04 22:47:52.218 [INFO    ] orchestrator: engine:   Summary written: C:\Users\operator\Desktop\PolySignalLab\engine_output\signals_summary_1775332072.json
2026-04-04 22:47:52.218 [INFO    ] orchestrator: engine: 
2026-04-04 22:47:52.218 [INFO    ] orchestrator: engine: ==========================================================
2026-04-04 22:47:52.218 [INFO    ] orchestrator: engine:   SUMMARY
2026-04-04 22:47:52.218 [INFO    ] orchestrator: engine: ==========================================================
2026-04-04 22:47:52.218 [INFO    ] orchestrator: engine:   Total windows:         600 (316 UP, 284 DOWN)
2026-04-04 22:47:52.218 [INFO    ] orchestrator: engine:   Walk-forward folds:    5 (3 test iterations)
2026-04-04 22:47:52.218 [INFO    ] orchestrator: engine:   OOS base rate:         52.8% UP (360 test windows total)
2026-04-04 22:47:52.218 [INFO    ] orchestrator: engine:   Viable WF-OOS signals: 13
2026-04-04 22:47:52.218 [INFO    ] orchestrator: engine: ==========================================================
2026-04-04 22:47:52.218 [INFO    ] orchestrator: engine produced: signals_summary_1775332072.json
2026-04-04 22:47:52.218 [INFO    ] orchestrator: cleaned up old summary: signals_summary_1775322992.json
2026-04-04 22:47:52.218 [INFO    ] orchestrator: ranked 13 signals
2026-04-04 22:47:52.218 [INFO    ] orchestrator:   #2 Down score=2.48 tier=OVERFIT_DANGER folds=1/3 idx=[3] p=4.84e-04 ev=0.0544
2026-04-04 22:47:52.218 [INFO    ] orchestrator:   #1 Down score=1.36 tier=OVERFIT_DANGER folds=1/3 idx=[4] p=3.67e-02 ev=0.0647
2026-04-04 22:47:52.218 [INFO    ] orchestrator:   #5 Up score=0.94 tier=OVERFIT_DANGER folds=1/3 idx=[3] p=4.98e-03 ev=0.0332
2026-04-04 22:47:52.218 [INFO    ] orchestrator:   #8 Up score=0.76 tier=OVERFIT_DANGER folds=1/3 idx=[3] p=2.03e-02 ev=0.0383
2026-04-04 22:47:52.218 [INFO    ] orchestrator:   #4 Up score=0.66 tier=OVERFIT_DANGER folds=1/3 idx=[3] p=7.85e-04 ev=0.0167
2026-04-04 22:47:52.218 [INFO    ] orchestrator: signal #2 Down [180s->120s] d>=0.0% v<=0.3% score 2.48 < threshold 10.00 — skipping
2026-04-04 22:47:52.237 [INFO    ] orchestrator: no signal passed all delivery gates — not sending to bot
2026-04-04 23:02:52.255 [INFO    ] orchestrator: data quality check passed: 600 windows available
2026-04-04 23:02:52.255 [INFO    ] orchestrator: starting engine: C:\Users\operator\Desktop\PolySignalLab\PolySignalEngine\build\Release\PolySignalEngine.exe C:\Users\operator\Desktop\PolySignalLab\PolyDataCollector\data --output-dir C:\Users\operator\Desktop\PolySignalLab\engine_output
2026-04-04 23:03:00.183 [INFO    ] orchestrator: engine:   Summary written: C:\Users\operator\Desktop\PolySignalLab\engine_output\signals_summary_1775332980.json
2026-04-04 23:03:00.183 [INFO    ] orchestrator: engine: 
2026-04-04 23:03:00.183 [INFO    ] orchestrator: engine: ==========================================================
2026-04-04 23:03:00.183 [INFO    ] orchestrator: engine:   SUMMARY
2026-04-04 23:03:00.183 [INFO    ] orchestrator: engine: ==========================================================
2026-04-04 23:03:00.185 [INFO    ] orchestrator: engine:   Total windows:         600 (317 UP, 283 DOWN)
2026-04-04 23:03:00.185 [INFO    ] orchestrator: engine:   Walk-forward folds:    5 (3 test iterations)
2026-04-04 23:03:00.185 [INFO    ] orchestrator: engine:   OOS base rate:         53.1% UP (360 test windows total)
2026-04-04 23:03:00.185 [INFO    ] orchestrator: engine:   Viable WF-OOS signals: 12
2026-04-04 23:03:00.187 [INFO    ] orchestrator: engine: ==========================================================
2026-04-04 23:03:00.187 [INFO    ] orchestrator: engine produced: signals_summary_1775332980.json
2026-04-04 23:03:00.187 [INFO    ] orchestrator: cleaned up old summary: signals_summary_1775323900.json
2026-04-04 23:03:00.187 [INFO    ] orchestrator: ranked 12 signals
2026-04-04 23:03:00.187 [INFO    ] orchestrator:   #2 Down score=2.53 tier=OVERFIT_DANGER folds=1/3 idx=[3] p=4.14e-04 ev=0.0544
2026-04-04 23:03:00.187 [INFO    ] orchestrator:   #1 Down score=1.36 tier=OVERFIT_DANGER folds=1/3 idx=[4] p=3.65e-02 ev=0.0647
2026-04-04 23:03:00.187 [INFO    ] orchestrator:   #6 Up score=0.67 tier=OVERFIT_DANGER folds=1/3 idx=[3] p=1.27e-02 ev=0.0294
2026-04-04 23:03:00.187 [INFO    ] orchestrator:   #9 Up score=0.64 tier=OVERFIT_DANGER folds=1/3 idx=[4] p=5.18e-02 ev=0.0439
2026-04-04 23:03:00.187 [INFO    ] orchestrator:   #8 Up score=0.60 tier=OVERFIT_DANGER folds=1/3 idx=[3] p=3.65e-02 ev=0.0362
2026-04-04 23:03:00.187 [INFO    ] orchestrator: signal #2 Down [180s->120s] d>=0.0% v<=0.25% score 2.53 < threshold 10.00 — skipping
2026-04-04 23:03:00.200 [INFO    ] orchestrator: no signal passed all delivery gates — not sending to bot
2026-04-04 23:18:00.211 [INFO    ] orchestrator: data quality check passed: 600 windows available
2026-04-04 23:18:00.211 [INFO    ] orchestrator: starting engine: C:\Users\operator\Desktop\PolySignalLab\PolySignalEngine\build\Release\PolySignalEngine.exe C:\Users\operator\Desktop\PolySignalLab\PolyDataCollector\data --output-dir C:\Users\operator\Desktop\PolySignalLab\engine_output
2026-04-04 23:18:08.193 [INFO    ] orchestrator: engine:   Summary written: C:\Users\operator\Desktop\PolySignalLab\engine_output\signals_summary_1775333888.json
2026-04-04 23:18:08.193 [INFO    ] orchestrator: engine: 
2026-04-04 23:18:08.193 [INFO    ] orchestrator: engine: ==========================================================
2026-04-04 23:18:08.193 [INFO    ] orchestrator: engine:   SUMMARY
2026-04-04 23:18:08.193 [INFO    ] orchestrator: engine: ==========================================================
2026-04-04 23:18:08.193 [INFO    ] orchestrator: engine:   Total windows:         600 (317 UP, 283 DOWN)
2026-04-04 23:18:08.193 [INFO    ] orchestrator: engine:   Walk-forward folds:    5 (3 test iterations)
2026-04-04 23:18:08.193 [INFO    ] orchestrator: engine:   OOS base rate:         52.8% UP (360 test windows total)
2026-04-04 23:18:08.193 [INFO    ] orchestrator: engine:   Viable WF-OOS signals: 12
2026-04-04 23:18:08.193 [INFO    ] orchestrator: engine: ==========================================================
2026-04-04 23:18:08.199 [INFO    ] orchestrator: engine produced: signals_summary_1775333888.json
2026-04-04 23:18:08.199 [INFO    ] orchestrator: cleaned up old summary: signals_summary_1775324808.json
2026-04-04 23:18:08.199 [INFO    ] orchestrator: ranked 12 signals
2026-04-04 23:18:08.199 [INFO    ] orchestrator:   #2 Down score=2.36 tier=OVERFIT_DANGER folds=1/3 idx=[3] p=5.91e-04 ev=0.0535
2026-04-04 23:18:08.199 [INFO    ] orchestrator:   #1 Down score=1.62 tier=OVERFIT_DANGER folds=1/3 idx=[4] p=3.02e-02 ev=0.0723
2026-04-04 23:18:08.199 [INFO    ] orchestrator:   #8 Up score=0.93 tier=OVERFIT_DANGER folds=1/3 idx=[4] p=3.01e-02 ev=0.0534
2026-04-04 23:18:08.199 [INFO    ] orchestrator:   #9 Up score=0.40 tier=OVERFIT_DANGER folds=1/3 idx=[4] p=3.01e-02 ev=0.0229
2026-04-04 23:18:08.199 [INFO    ] orchestrator:   #5 Down score=0.34 tier=OVERFIT_DANGER folds=1/3 idx=[3] p=7.08e-02 ev=0.0247
2026-04-04 23:18:08.199 [INFO    ] orchestrator: signal #2 Down [180s->120s] d>=0.0% v<=0.45% score 2.36 < threshold 10.00 — skipping
2026-04-04 23:18:08.209 [INFO    ] orchestrator: no signal passed all delivery gates — not sending to bot
2026-04-04 23:33:08.215 [INFO    ] orchestrator: data quality check passed: 600 windows available
2026-04-04 23:33:08.215 [INFO    ] orchestrator: starting engine: C:\Users\operator\Desktop\PolySignalLab\PolySignalEngine\build\Release\PolySignalEngine.exe C:\Users\operator\Desktop\PolySignalLab\PolyDataCollector\data --output-dir C:\Users\operator\Desktop\PolySignalLab\engine_output
2026-04-04 23:33:16.208 [INFO    ] orchestrator: engine:   Summary written: C:\Users\operator\Desktop\PolySignalLab\engine_output\signals_summary_1775334796.json
2026-04-04 23:33:16.208 [INFO    ] orchestrator: engine: 
2026-04-04 23:33:16.208 [INFO    ] orchestrator: engine: ==========================================================
2026-04-04 23:33:16.208 [INFO    ] orchestrator: engine:   SUMMARY
2026-04-04 23:33:16.208 [INFO    ] orchestrator: engine: ==========================================================
2026-04-04 23:33:16.208 [INFO    ] orchestrator: engine:   Total windows:         600 (319 UP, 281 DOWN)
2026-04-04 23:33:16.208 [INFO    ] orchestrator: engine:   Walk-forward folds:    5 (3 test iterations)
2026-04-04 23:33:16.208 [INFO    ] orchestrator: engine:   OOS base rate:         52.8% UP (360 test windows total)
2026-04-04 23:33:16.214 [INFO    ] orchestrator: engine:   Viable WF-OOS signals: 12
2026-04-04 23:33:16.214 [INFO    ] orchestrator: engine: ==========================================================
2026-04-04 23:33:16.214 [INFO    ] orchestrator: engine produced: signals_summary_1775334796.json
2026-04-04 23:33:16.214 [INFO    ] orchestrator: cleaned up old summary: signals_summary_1775325716.json
2026-04-04 23:33:16.214 [INFO    ] orchestrator: ranked 12 signals
2026-04-04 23:33:16.214 [INFO    ] orchestrator:   #2 Down score=2.37 tier=OVERFIT_DANGER folds=1/3 idx=[3] p=5.76e-04 ev=0.0535
2026-04-04 23:33:16.214 [INFO    ] orchestrator:   #5 Down score=1.60 tier=OVERFIT_DANGER folds=1/3 idx=[3] p=1.76e-02 ev=0.0711
2026-04-04 23:33:16.214 [INFO    ] orchestrator:   #4 Down score=1.51 tier=OVERFIT_DANGER folds=1/3 idx=[3] p=4.14e-03 ev=0.0488
2026-04-04 23:33:16.214 [INFO    ] orchestrator:   #1 Down score=1.39 tier=OVERFIT_DANGER folds=1/3 idx=[4] p=2.59e-02 ev=0.0621
2026-04-04 23:33:16.220 [INFO    ] orchestrator:   #9 Up score=1.16 tier=OVERFIT_DANGER folds=1/3 idx=[4] p=2.14e-02 ev=0.0601
2026-04-04 23:33:16.220 [INFO    ] orchestrator: signal #2 Down [260s->120s] d>=0.0% v<=0.45% score 2.37 < threshold 10.00 — skipping
2026-04-04 23:33:16.223 [INFO    ] orchestrator: no signal passed all delivery gates — not sending to bot
2026-04-04 23:48:16.242 [INFO    ] orchestrator: data quality check passed: 600 windows available
2026-04-04 23:48:16.242 [INFO    ] orchestrator: starting engine: C:\Users\operator\Desktop\PolySignalLab\PolySignalEngine\build\Release\PolySignalEngine.exe C:\Users\operator\Desktop\PolySignalLab\PolyDataCollector\data --output-dir C:\Users\operator\Desktop\PolySignalLab\engine_output
2026-04-04 23:48:24.248 [INFO    ] orchestrator: engine:   Summary written: C:\Users\operator\Desktop\PolySignalLab\engine_output\signals_summary_1775335704.json
2026-04-04 23:48:24.248 [INFO    ] orchestrator: engine: 
2026-04-04 23:48:24.248 [INFO    ] orchestrator: engine: ==========================================================
2026-04-04 23:48:24.248 [INFO    ] orchestrator: engine:   SUMMARY
2026-04-04 23:48:24.248 [INFO    ] orchestrator: engine: ==========================================================
2026-04-04 23:48:24.250 [INFO    ] orchestrator: engine:   Total windows:         600 (318 UP, 282 DOWN)
2026-04-04 23:48:24.250 [INFO    ] orchestrator: engine:   Walk-forward folds:    5 (3 test iterations)
2026-04-04 23:48:24.250 [INFO    ] orchestrator: engine:   OOS base rate:         53.1% UP (360 test windows total)
2026-04-04 23:48:24.250 [INFO    ] orchestrator: engine:   Viable WF-OOS signals: 14
2026-04-04 23:48:24.250 [INFO    ] orchestrator: engine: ==========================================================
2026-04-04 23:48:24.250 [INFO    ] orchestrator: engine produced: signals_summary_1775335704.json
2026-04-04 23:48:24.250 [INFO    ] orchestrator: cleaned up old summary: signals_summary_1775326624.json
2026-04-04 23:48:24.250 [INFO    ] orchestrator: ranked 14 signals
2026-04-04 23:48:24.250 [INFO    ] orchestrator:   #5 Down score=5.84 tier=SILVER folds=2/3 idx=[3, 4] p=2.07e-03 ev=0.0604
2026-04-04 23:48:24.250 [INFO    ] orchestrator:   #2 Down score=2.52 tier=OVERFIT_DANGER folds=1/3 idx=[3] p=3.58e-04 ev=0.0535
2026-04-04 23:48:24.250 [INFO    ] orchestrator:   #4 Down score=2.00 tier=OVERFIT_DANGER folds=1/3 idx=[3] p=2.10e-02 ev=0.0903
2026-04-04 23:48:24.256 [INFO    ] orchestrator:   #7 Down score=1.54 tier=OVERFIT_DANGER folds=1/3 idx=[3] p=3.76e-03 ev=0.0488
2026-04-04 23:48:24.256 [INFO    ] orchestrator:   #1 Down score=1.33 tier=OVERFIT_DANGER folds=1/3 idx=[4] p=3.07e-02 ev=0.0621
2026-04-04 23:48:24.256 [INFO    ] orchestrator: signal #5 Down [270s->220s] d>=0.0% v<=0.05% score 5.84 < threshold 10.00 — skipping
2026-04-04 23:48:24.269 [INFO    ] orchestrator: no signal passed all delivery gates — not sending to bot
2026-04-05 00:03:24.279 [INFO    ] orchestrator: data quality check passed: 600 windows available
2026-04-05 00:03:24.279 [INFO    ] orchestrator: starting engine: C:\Users\operator\Desktop\PolySignalLab\PolySignalEngine\build\Release\PolySignalEngine.exe C:\Users\operator\Desktop\PolySignalLab\PolyDataCollector\data --output-dir C:\Users\operator\Desktop\PolySignalLab\engine_output
2026-04-05 00:03:32.290 [INFO    ] orchestrator: engine:   Summary written: C:\Users\operator\Desktop\PolySignalLab\engine_output\signals_summary_1775336612.json
2026-04-05 00:03:32.290 [INFO    ] orchestrator: engine: 
2026-04-05 00:03:32.290 [INFO    ] orchestrator: engine: ==========================================================
2026-04-05 00:03:32.290 [INFO    ] orchestrator: engine:   SUMMARY
2026-04-05 00:03:32.290 [INFO    ] orchestrator: engine: ==========================================================
2026-04-05 00:03:32.290 [INFO    ] orchestrator: engine:   Total windows:         600 (317 UP, 283 DOWN)
2026-04-05 00:03:32.290 [INFO    ] orchestrator: engine:   Walk-forward folds:    5 (3 test iterations)
2026-04-05 00:03:32.290 [INFO    ] orchestrator: engine:   OOS base rate:         53.1% UP (360 test windows total)
2026-04-05 00:03:32.299 [INFO    ] orchestrator: engine:   Viable WF-OOS signals: 13
2026-04-05 00:03:32.299 [INFO    ] orchestrator: engine: ==========================================================
2026-04-05 00:03:32.299 [INFO    ] orchestrator: engine produced: signals_summary_1775336612.json
2026-04-05 00:03:32.301 [INFO    ] orchestrator: cleaned up old summary: signals_summary_1775327532.json
2026-04-05 00:03:32.301 [INFO    ] orchestrator: ranked 13 signals
2026-04-05 00:03:32.301 [INFO    ] orchestrator:   #1 Down score=1.61 tier=OVERFIT_DANGER folds=1/3 idx=[4] p=2.99e-02 ev=0.0720
2026-04-05 00:03:32.301 [INFO    ] orchestrator:   #9 Up score=1.25 tier=OVERFIT_DANGER folds=1/3 idx=[3] p=1.67e-02 ev=0.0591
2026-04-05 00:03:32.301 [INFO    ] orchestrator:   #6 Up score=0.95 tier=OVERFIT_DANGER folds=1/3 idx=[3] p=4.63e-03 ev=0.0328
2026-04-05 00:03:32.301 [INFO    ] orchestrator:   #4 Down score=0.88 tier=OVERFIT_DANGER folds=1/3 idx=[3] p=1.95e-03 ev=0.0244
2026-04-05 00:03:32.301 [INFO    ] orchestrator:   #11 Up score=0.66 tier=OVERFIT_DANGER folds=1/3 idx=[3] p=3.22e-02 ev=0.0391
2026-04-05 00:03:32.301 [INFO    ] orchestrator: signal #1 Down [210s->150s] d>=0.0% v<=0.65% score 1.61 < threshold 10.00 — skipping
2026-04-05 00:03:32.310 [INFO    ] orchestrator: no signal passed all delivery gates — not sending to bot
2026-04-05 00:18:32.325 [INFO    ] orchestrator: data quality check passed: 600 windows available
2026-04-05 00:18:32.325 [INFO    ] orchestrator: starting engine: C:\Users\operator\Desktop\PolySignalLab\PolySignalEngine\build\Release\PolySignalEngine.exe C:\Users\operator\Desktop\PolySignalLab\PolyDataCollector\data --output-dir C:\Users\operator\Desktop\PolySignalLab\engine_output
2026-04-05 00:18:40.155 [INFO    ] orchestrator: engine:   Summary written: C:\Users\operator\Desktop\PolySignalLab\engine_output\signals_summary_1775337520.json
2026-04-05 00:18:40.155 [INFO    ] orchestrator: engine: 
2026-04-05 00:18:40.155 [INFO    ] orchestrator: engine: ==========================================================
2026-04-05 00:18:40.155 [INFO    ] orchestrator: engine:   SUMMARY
2026-04-05 00:18:40.155 [INFO    ] orchestrator: engine: ==========================================================
2026-04-05 00:18:40.155 [INFO    ] orchestrator: engine:   Total windows:         600 (318 UP, 282 DOWN)
2026-04-05 00:18:40.155 [INFO    ] orchestrator: engine:   Walk-forward folds:    5 (3 test iterations)
2026-04-05 00:18:40.158 [INFO    ] orchestrator: engine:   OOS base rate:         53.1% UP (360 test windows total)
2026-04-05 00:18:40.158 [INFO    ] orchestrator: engine:   Viable WF-OOS signals: 15
2026-04-05 00:18:40.158 [INFO    ] orchestrator: engine: ==========================================================
2026-04-05 00:18:40.158 [INFO    ] orchestrator: engine produced: signals_summary_1775337520.json
2026-04-05 00:18:40.158 [INFO    ] orchestrator: cleaned up old summary: signals_summary_1775328440.json
2026-04-05 00:18:40.158 [INFO    ] orchestrator: ranked 15 signals
2026-04-05 00:18:40.158 [INFO    ] orchestrator:   #1 Down score=1.72 tier=OVERFIT_DANGER folds=1/3 idx=[4] p=2.39e-02 ev=0.0720
2026-04-05 00:18:40.158 [INFO    ] orchestrator:   #9 Up score=1.51 tier=OVERFIT_DANGER folds=1/3 idx=[3] p=1.30e-02 ev=0.0669
2026-04-05 00:18:40.158 [INFO    ] orchestrator:   #12 Up score=0.97 tier=OVERFIT_DANGER folds=1/3 idx=[3] p=1.92e-02 ev=0.0489
2026-04-05 00:18:40.158 [INFO    ] orchestrator:   #6 Up score=0.72 tier=OVERFIT_DANGER folds=1/3 idx=[3] p=3.46e-03 ev=0.0237
2026-04-05 00:18:40.158 [INFO    ] orchestrator:   #5 Down score=0.70 tier=OVERFIT_DANGER folds=1/3 idx=[3] p=3.35e-03 ev=0.0214
2026-04-05 00:18:40.158 [INFO    ] orchestrator: signal #1 Down [290s->150s] d>=0.0% v<=0.9% score 1.72 < threshold 10.00 — skipping
2026-04-05 00:18:40.177 [INFO    ] orchestrator: no signal passed all delivery gates — not sending to bot
2026-04-05 00:33:40.191 [INFO    ] orchestrator: data quality check passed: 600 windows available
2026-04-05 00:33:40.191 [INFO    ] orchestrator: starting engine: C:\Users\operator\Desktop\PolySignalLab\PolySignalEngine\build\Release\PolySignalEngine.exe C:\Users\operator\Desktop\PolySignalLab\PolyDataCollector\data --output-dir C:\Users\operator\Desktop\PolySignalLab\engine_output
2026-04-05 00:33:48.241 [INFO    ] orchestrator: engine:   Summary written: C:\Users\operator\Desktop\PolySignalLab\engine_output\signals_summary_1775338428.json
2026-04-05 00:33:48.243 [INFO    ] orchestrator: engine: 
2026-04-05 00:33:48.243 [INFO    ] orchestrator: engine: ==========================================================
2026-04-05 00:33:48.243 [INFO    ] orchestrator: engine:   SUMMARY
2026-04-05 00:33:48.243 [INFO    ] orchestrator: engine: ==========================================================
2026-04-05 00:33:48.243 [INFO    ] orchestrator: engine:   Total windows:         600 (319 UP, 281 DOWN)
2026-04-05 00:33:48.243 [INFO    ] orchestrator: engine:   Walk-forward folds:    5 (3 test iterations)
2026-04-05 00:33:48.243 [INFO    ] orchestrator: engine:   OOS base rate:         53.3% UP (360 test windows total)
2026-04-05 00:33:48.243 [INFO    ] orchestrator: engine:   Viable WF-OOS signals: 20
2026-04-05 00:33:48.243 [INFO    ] orchestrator: engine: ==========================================================
2026-04-05 00:33:48.243 [INFO    ] orchestrator: engine produced: signals_summary_1775338428.json
2026-04-05 00:33:48.243 [INFO    ] orchestrator: cleaned up old summary: signals_summary_1775329348.json
2026-04-05 00:33:48.243 [INFO    ] orchestrator: ranked 20 signals
2026-04-05 00:33:48.243 [INFO    ] orchestrator:   #1 Down score=2.07 tier=OVERFIT_DANGER folds=1/3 idx=[4] p=2.05e-02 ev=0.0833
2026-04-05 00:33:48.243 [INFO    ] orchestrator:   #4 Down score=1.68 tier=OVERFIT_DANGER folds=1/3 idx=[3] p=1.22e-03 ev=0.0426
2026-04-05 00:33:48.251 [INFO    ] orchestrator:   #8 Down score=1.22 tier=OVERFIT_DANGER folds=1/3 idx=[3] p=1.79e-02 ev=0.0550
2026-04-05 00:33:48.251 [INFO    ] orchestrator:   #15 Up score=1.11 tier=OVERFIT_DANGER folds=1/3 idx=[4] p=1.79e-02 ev=0.0543
2026-04-05 00:33:48.251 [INFO    ] orchestrator:   #17 Up score=1.05 tier=OVERFIT_DANGER folds=1/3 idx=[3] p=1.82e-02 ev=0.0517
2026-04-05 00:33:48.251 [INFO    ] orchestrator: signal #1 Down [190s->150s] d>=0.0% v<=0.45% score 2.07 < threshold 10.00 — skipping
2026-04-05 00:33:48.263 [INFO    ] orchestrator: no signal passed all delivery gates — not sending to bot
2026-04-05 00:48:48.284 [INFO    ] orchestrator: data quality check passed: 600 windows available
2026-04-05 00:48:48.286 [INFO    ] orchestrator: starting engine: C:\Users\operator\Desktop\PolySignalLab\PolySignalEngine\build\Release\PolySignalEngine.exe C:\Users\operator\Desktop\PolySignalLab\PolyDataCollector\data --output-dir C:\Users\operator\Desktop\PolySignalLab\engine_output
2026-04-05 00:48:56.164 [INFO    ] orchestrator: engine:   Summary written: C:\Users\operator\Desktop\PolySignalLab\engine_output\signals_summary_1775339336.json
2026-04-05 00:48:56.164 [INFO    ] orchestrator: engine: 
2026-04-05 00:48:56.164 [INFO    ] orchestrator: engine: ==========================================================
2026-04-05 00:48:56.164 [INFO    ] orchestrator: engine:   SUMMARY
2026-04-05 00:48:56.164 [INFO    ] orchestrator: engine: ==========================================================
2026-04-05 00:48:56.164 [INFO    ] orchestrator: engine:   Total windows:         600 (320 UP, 280 DOWN)
2026-04-05 00:48:56.177 [INFO    ] orchestrator: engine:   Walk-forward folds:    5 (3 test iterations)
2026-04-05 00:48:56.177 [INFO    ] orchestrator: engine:   OOS base rate:         53.6% UP (360 test windows total)
2026-04-05 00:48:56.177 [INFO    ] orchestrator: engine:   Viable WF-OOS signals: 16
2026-04-05 00:48:56.177 [INFO    ] orchestrator: engine: ==========================================================
2026-04-05 00:48:56.177 [INFO    ] orchestrator: engine produced: signals_summary_1775339336.json
2026-04-05 00:48:56.179 [INFO    ] orchestrator: cleaned up old summary: signals_summary_1775330256.json
2026-04-05 00:48:56.179 [INFO    ] orchestrator: ranked 16 signals
2026-04-05 00:48:56.179 [INFO    ] orchestrator:   #2 Down score=2.43 tier=OVERFIT_DANGER folds=1/3 idx=[3] p=5.51e-04 ev=0.0536
2026-04-05 00:48:56.179 [INFO    ] orchestrator:   #8 Down score=2.41 tier=SILVER folds=2/3 idx=[3, 4] p=3.19e-03 ev=0.0273
2026-04-05 00:48:56.179 [INFO    ] orchestrator:   #1 Down score=2.02 tier=OVERFIT_DANGER folds=1/3 idx=[4] p=1.79e-02 ev=0.0817
2026-04-05 00:48:56.179 [INFO    ] orchestrator:   #5 Down score=1.48 tier=OVERFIT_DANGER folds=1/3 idx=[3] p=1.09e-02 ev=0.0625
2026-04-05 00:48:56.179 [INFO    ] orchestrator:   #11 Up score=1.40 tier=OVERFIT_DANGER folds=1/3 idx=[4] p=1.09e-02 ev=0.0600
2026-04-05 00:48:56.179 [INFO    ] orchestrator: signal #2 Down [150s->120s] d>=0.0% v<=0.2% score 2.43 < threshold 10.00 — skipping
2026-04-05 00:48:56.179 [INFO    ] orchestrator: no signal passed all delivery gates — not sending to bot
2026-04-05 01:03:56.201 [INFO    ] orchestrator: data quality check passed: 600 windows available
2026-04-05 01:03:56.201 [INFO    ] orchestrator: starting engine: C:\Users\operator\Desktop\PolySignalLab\PolySignalEngine\build\Release\PolySignalEngine.exe C:\Users\operator\Desktop\PolySignalLab\PolyDataCollector\data --output-dir C:\Users\operator\Desktop\PolySignalLab\engine_output
2026-04-05 01:04:04.253 [INFO    ] orchestrator: engine:   Summary written: C:\Users\operator\Desktop\PolySignalLab\engine_output\signals_summary_1775340244.json
2026-04-05 01:04:04.253 [INFO    ] orchestrator: engine: 
2026-04-05 01:04:04.253 [INFO    ] orchestrator: engine: ==========================================================
2026-04-05 01:04:04.253 [INFO    ] orchestrator: engine:   SUMMARY
2026-04-05 01:04:04.253 [INFO    ] orchestrator: engine: ==========================================================
2026-04-05 01:04:04.253 [INFO    ] orchestrator: engine:   Total windows:         600 (321 UP, 279 DOWN)
2026-04-05 01:04:04.253 [INFO    ] orchestrator: engine:   Walk-forward folds:    5 (3 test iterations)
2026-04-05 01:04:04.253 [INFO    ] orchestrator: engine:   OOS base rate:         54.2% UP (360 test windows total)
2026-04-05 01:04:04.253 [INFO    ] orchestrator: engine:   Viable WF-OOS signals: 14
2026-04-05 01:04:04.253 [INFO    ] orchestrator: engine: ==========================================================
2026-04-05 01:04:04.253 [INFO    ] orchestrator: engine produced: signals_summary_1775340244.json
2026-04-05 01:04:04.253 [INFO    ] orchestrator: cleaned up old summary: signals_summary_1775331164.json
2026-04-05 01:04:04.253 [INFO    ] orchestrator: ranked 14 signals
2026-04-05 01:04:04.253 [INFO    ] orchestrator:   #2 Down score=2.96 tier=OVERFIT_DANGER folds=1/3 idx=[3] p=4.27e-04 ev=0.0616
2026-04-05 01:04:04.253 [INFO    ] orchestrator:   #1 Down score=2.40 tier=OVERFIT_DANGER folds=1/3 idx=[4] p=2.02e-02 ev=0.0960
2026-04-05 01:04:04.253 [INFO    ] orchestrator:   #6 Down score=1.49 tier=OVERFIT_DANGER folds=1/3 idx=[3] p=1.05e-02 ev=0.0625
2026-04-05 01:04:04.253 [INFO    ] orchestrator:   #9 Up score=1.48 tier=OVERFIT_DANGER folds=1/3 idx=[4] p=1.05e-02 ev=0.0624
2026-04-05 01:04:04.253 [INFO    ] orchestrator:   #12 Up score=0.82 tier=OVERFIT_DANGER folds=1/3 idx=[3] p=3.87e-02 ev=0.0509
2026-04-05 01:04:04.253 [INFO    ] orchestrator: signal #2 Down [190s->120s] d>=0.0% v<=0.6% score 2.96 < threshold 10.00 — skipping
2026-04-05 01:04:04.269 [INFO    ] orchestrator: no signal passed all delivery gates — not sending to bot
2026-04-05 01:19:04.284 [INFO    ] orchestrator: data quality check passed: 600 windows available
2026-04-05 01:19:04.284 [INFO    ] orchestrator: starting engine: C:\Users\operator\Desktop\PolySignalLab\PolySignalEngine\build\Release\PolySignalEngine.exe C:\Users\operator\Desktop\PolySignalLab\PolyDataCollector\data --output-dir C:\Users\operator\Desktop\PolySignalLab\engine_output
2026-04-05 01:19:12.334 [INFO    ] orchestrator: engine:   Summary written: C:\Users\operator\Desktop\PolySignalLab\engine_output\signals_summary_1775341152.json
2026-04-05 01:19:12.334 [INFO    ] orchestrator: engine: 
2026-04-05 01:19:12.334 [INFO    ] orchestrator: engine: ==========================================================
2026-04-05 01:19:12.336 [INFO    ] orchestrator: engine:   SUMMARY
2026-04-05 01:19:12.336 [INFO    ] orchestrator: engine: ==========================================================
2026-04-05 01:19:12.336 [INFO    ] orchestrator: engine:   Total windows:         600 (322 UP, 278 DOWN)
2026-04-05 01:19:12.336 [INFO    ] orchestrator: engine:   Walk-forward folds:    5 (3 test iterations)
2026-04-05 01:19:12.338 [INFO    ] orchestrator: engine:   OOS base rate:         54.2% UP (360 test windows total)
2026-04-05 01:19:12.338 [INFO    ] orchestrator: engine:   Viable WF-OOS signals: 13
2026-04-05 01:19:12.338 [INFO    ] orchestrator: engine: ==========================================================
2026-04-05 01:19:12.340 [INFO    ] orchestrator: engine produced: signals_summary_1775341152.json
2026-04-05 01:19:12.340 [INFO    ] orchestrator: cleaned up old summary: signals_summary_1775332072.json
2026-04-05 01:19:12.342 [INFO    ] orchestrator: ranked 13 signals
2026-04-05 01:19:12.342 [INFO    ] orchestrator:   #1 Down score=2.57 tier=OVERFIT_DANGER folds=1/3 idx=[3] p=7.55e-04 ev=0.0580
2026-04-05 01:19:12.342 [INFO    ] orchestrator:   #4 Down score=2.02 tier=OVERFIT_DANGER folds=1/3 idx=[3] p=1.33e-02 ev=0.0893
2026-04-05 01:19:12.342 [INFO    ] orchestrator:   #9 Up score=1.46 tier=OVERFIT_DANGER folds=1/3 idx=[4] p=1.52e-02 ev=0.0669
2026-04-05 01:19:12.344 [INFO    ] orchestrator:   #3 Down score=0.89 tier=OVERFIT_DANGER folds=1/3 idx=[4] p=4.21e-02 ev=0.0471
2026-04-05 01:19:12.344 [INFO    ] orchestrator:   #8 Up score=0.84 tier=OVERFIT_DANGER folds=1/3 idx=[4] p=2.65e-02 ev=0.0446
2026-04-05 01:19:12.344 [INFO    ] orchestrator: signal #1 Down [190s->120s] d>=0.0% v<=0.15% score 2.57 < threshold 10.00 — skipping
2026-04-05 01:19:12.354 [INFO    ] orchestrator: no signal passed all delivery gates — not sending to bot
2026-04-05 01:34:12.363 [INFO    ] orchestrator: data quality check passed: 600 windows available
2026-04-05 01:34:12.363 [INFO    ] orchestrator: starting engine: C:\Users\operator\Desktop\PolySignalLab\PolySignalEngine\build\Release\PolySignalEngine.exe C:\Users\operator\Desktop\PolySignalLab\PolyDataCollector\data --output-dir C:\Users\operator\Desktop\PolySignalLab\engine_output
2026-04-05 01:34:20.725 [INFO    ] orchestrator: engine:   Summary written: C:\Users\operator\Desktop\PolySignalLab\engine_output\signals_summary_1775342060.json
2026-04-05 01:34:20.725 [INFO    ] orchestrator: engine: 
2026-04-05 01:34:20.725 [INFO    ] orchestrator: engine: ==========================================================
2026-04-05 01:34:20.727 [INFO    ] orchestrator: engine:   SUMMARY
2026-04-05 01:34:20.727 [INFO    ] orchestrator: engine: ==========================================================
2026-04-05 01:34:20.727 [INFO    ] orchestrator: engine:   Total windows:         600 (323 UP, 277 DOWN)
2026-04-05 01:34:20.727 [INFO    ] orchestrator: engine:   Walk-forward folds:    5 (3 test iterations)
2026-04-05 01:34:20.727 [INFO    ] orchestrator: engine:   OOS base rate:         54.2% UP (360 test windows total)
2026-04-05 01:34:20.727 [INFO    ] orchestrator: engine:   Viable WF-OOS signals: 14
2026-04-05 01:34:20.727 [INFO    ] orchestrator: engine: ==========================================================
2026-04-05 01:34:20.730 [INFO    ] orchestrator: engine produced: signals_summary_1775342060.json
2026-04-05 01:34:20.730 [INFO    ] orchestrator: cleaned up old summary: signals_summary_1775332980.json
2026-04-05 01:34:20.730 [INFO    ] orchestrator: ranked 14 signals
2026-04-05 01:34:20.730 [INFO    ] orchestrator:   #7 Up score=1.53 tier=OVERFIT_DANGER folds=1/3 idx=[4] p=1.42e-02 ev=0.0684
2026-04-05 01:34:20.733 [INFO    ] orchestrator:   #3 Down score=1.23 tier=OVERFIT_DANGER folds=1/3 idx=[3] p=1.74e-02 ev=0.0640
2026-04-05 01:34:20.733 [INFO    ] orchestrator:   #5 Up score=1.05 tier=OVERFIT_DANGER folds=1/3 idx=[4] p=1.45e-02 ev=0.0466
2026-04-05 01:34:20.733 [INFO    ] orchestrator:   #13 Up score=0.97 tier=OVERFIT_DANGER folds=1/3 idx=[3] p=6.89e-02 ev=0.0747
2026-04-05 01:34:20.733 [INFO    ] orchestrator:   #8 Up score=0.88 tier=OVERFIT_DANGER folds=1/3 idx=[3] p=8.86e-03 ev=0.0355
2026-04-05 01:34:20.736 [INFO    ] orchestrator: signal #7 Up [240s->150s] d>=0.0% v<=0.35% score 1.53 < threshold 10.00 — skipping
2026-04-05 01:34:20.746 [INFO    ] orchestrator: no signal passed all delivery gates — not sending to bot
2026-04-05 01:49:20.747 [INFO    ] orchestrator: data quality check passed: 600 windows available
2026-04-05 01:49:20.747 [INFO    ] orchestrator: starting engine: C:\Users\operator\Desktop\PolySignalLab\PolySignalEngine\build\Release\PolySignalEngine.exe C:\Users\operator\Desktop\PolySignalLab\PolyDataCollector\data --output-dir C:\Users\operator\Desktop\PolySignalLab\engine_output
2026-04-05 01:49:28.462 [INFO    ] orchestrator: engine:   Summary written: C:\Users\operator\Desktop\PolySignalLab\engine_output\signals_summary_1775342968.json
2026-04-05 01:49:28.462 [INFO    ] orchestrator: engine: 
2026-04-05 01:49:28.462 [INFO    ] orchestrator: engine: ==========================================================
2026-04-05 01:49:28.462 [INFO    ] orchestrator: engine:   SUMMARY
2026-04-05 01:49:28.462 [INFO    ] orchestrator: engine: ==========================================================
2026-04-05 01:49:28.462 [INFO    ] orchestrator: engine:   Total windows:         600 (321 UP, 279 DOWN)
2026-04-05 01:49:28.462 [INFO    ] orchestrator: engine:   Walk-forward folds:    5 (3 test iterations)
2026-04-05 01:49:28.462 [INFO    ] orchestrator: engine:   OOS base rate:         53.6% UP (360 test windows total)
2026-04-05 01:49:28.462 [INFO    ] orchestrator: engine:   Viable WF-OOS signals: 16
2026-04-05 01:49:28.462 [INFO    ] orchestrator: engine: ==========================================================
2026-04-05 01:49:28.462 [INFO    ] orchestrator: engine produced: signals_summary_1775342968.json
2026-04-05 01:49:28.462 [INFO    ] orchestrator: cleaned up old summary: signals_summary_1775333888.json
2026-04-05 01:49:28.462 [INFO    ] orchestrator: ranked 16 signals
2026-04-05 01:49:28.462 [INFO    ] orchestrator:   #11 Up score=1.58 tier=OVERFIT_DANGER folds=1/3 idx=[4] p=1.10e-02 ev=0.0670
2026-04-05 01:49:28.462 [INFO    ] orchestrator:   #4 Down score=1.22 tier=OVERFIT_DANGER folds=1/3 idx=[2] p=9.64e-04 ev=0.0315
2026-04-05 01:49:28.462 [INFO    ] orchestrator:   #3 Down score=1.05 tier=OVERFIT_DANGER folds=1/3 idx=[3] p=1.93e-02 ev=0.0560
2026-04-05 01:49:28.462 [INFO    ] orchestrator:   #6 Down score=0.96 tier=OVERFIT_DANGER folds=1/3 idx=[2] p=1.53e-03 ev=0.0271
2026-04-05 01:49:28.462 [INFO    ] orchestrator:   #10 Up score=0.91 tier=OVERFIT_DANGER folds=1/3 idx=[3] p=7.88e-03 ev=0.0363
2026-04-05 01:49:28.462 [INFO    ] orchestrator: signal #11 Up [290s->150s] d>=0.0% v<=0.75% score 1.58 < threshold 10.00 — skipping
2026-04-05 01:49:28.478 [INFO    ] orchestrator: no signal passed all delivery gates — not sending to bot
2026-04-05 02:04:28.489 [INFO    ] orchestrator: data quality check passed: 600 windows available
2026-04-05 02:04:28.489 [INFO    ] orchestrator: starting engine: C:\Users\operator\Desktop\PolySignalLab\PolySignalEngine\build\Release\PolySignalEngine.exe C:\Users\operator\Desktop\PolySignalLab\PolyDataCollector\data --output-dir C:\Users\operator\Desktop\PolySignalLab\engine_output
2026-04-05 02:04:36.620 [INFO    ] orchestrator: engine:   Summary written: C:\Users\operator\Desktop\PolySignalLab\engine_output\signals_summary_1775343876.json
2026-04-05 02:04:36.620 [INFO    ] orchestrator: engine: 
2026-04-05 02:04:36.620 [INFO    ] orchestrator: engine: ==========================================================
2026-04-05 02:04:36.622 [INFO    ] orchestrator: engine:   SUMMARY
2026-04-05 02:04:36.622 [INFO    ] orchestrator: engine: ==========================================================
2026-04-05 02:04:36.622 [INFO    ] orchestrator: engine:   Total windows:         600 (323 UP, 277 DOWN)
2026-04-05 02:04:36.622 [INFO    ] orchestrator: engine:   Walk-forward folds:    5 (3 test iterations)
2026-04-05 02:04:36.622 [INFO    ] orchestrator: engine:   OOS base rate:         53.3% UP (360 test windows total)
2026-04-05 02:04:36.622 [INFO    ] orchestrator: engine:   Viable WF-OOS signals: 17
2026-04-05 02:04:36.624 [INFO    ] orchestrator: engine: ==========================================================
2026-04-05 02:04:36.624 [INFO    ] orchestrator: engine produced: signals_summary_1775343876.json
2026-04-05 02:04:36.626 [INFO    ] orchestrator: cleaned up old summary: signals_summary_1775334796.json
2026-04-05 02:04:36.626 [INFO    ] orchestrator: ranked 17 signals
2026-04-05 02:04:36.626 [INFO    ] orchestrator:   #12 Up score=2.15 tier=OVERFIT_DANGER folds=1/3 idx=[4] p=5.92e-03 ev=0.0793
2026-04-05 02:04:36.628 [INFO    ] orchestrator:   #6 Down score=1.60 tier=OVERFIT_DANGER folds=1/3 idx=[2] p=8.69e-04 ev=0.0405
2026-04-05 02:04:36.628 [INFO    ] orchestrator:   #4 Down score=1.50 tier=OVERFIT_DANGER folds=1/3 idx=[2] p=8.69e-04 ev=0.0372
2026-04-05 02:04:36.628 [INFO    ] orchestrator:   #10 Down score=1.37 tier=OVERFIT_DANGER folds=1/3 idx=[2] p=5.92e-03 ev=0.0502
2026-04-05 02:04:36.628 [INFO    ] orchestrator:   #17 Up score=1.18 tier=OVERFIT_DANGER folds=1/3 idx=[3] p=4.71e-02 ev=0.0798
2026-04-05 02:04:36.628 [INFO    ] orchestrator: signal #12 Up [200s->150s] d>=0.0% v<=0.15% score 2.15 < threshold 10.00 — skipping
2026-04-05 02:04:36.640 [INFO    ] orchestrator: no signal passed all delivery gates — not sending to bot
2026-04-05 02:19:36.651 [INFO    ] orchestrator: data quality check passed: 600 windows available
2026-04-05 02:19:36.651 [INFO    ] orchestrator: starting engine: C:\Users\operator\Desktop\PolySignalLab\PolySignalEngine\build\Release\PolySignalEngine.exe C:\Users\operator\Desktop\PolySignalLab\PolyDataCollector\data --output-dir C:\Users\operator\Desktop\PolySignalLab\engine_output
2026-04-05 02:19:44.537 [INFO    ] orchestrator: engine:   Summary written: C:\Users\operator\Desktop\PolySignalLab\engine_output\signals_summary_1775344784.json
2026-04-05 02:19:44.539 [INFO    ] orchestrator: engine: 
2026-04-05 02:19:44.539 [INFO    ] orchestrator: engine: ==========================================================
2026-04-05 02:19:44.539 [INFO    ] orchestrator: engine:   SUMMARY
2026-04-05 02:19:44.539 [INFO    ] orchestrator: engine: ==========================================================
2026-04-05 02:19:44.539 [INFO    ] orchestrator: engine:   Total windows:         600 (324 UP, 276 DOWN)
2026-04-05 02:19:44.539 [INFO    ] orchestrator: engine:   Walk-forward folds:    5 (3 test iterations)
2026-04-05 02:19:44.539 [INFO    ] orchestrator: engine:   OOS base rate:         53.3% UP (360 test windows total)
2026-04-05 02:19:44.539 [INFO    ] orchestrator: engine:   Viable WF-OOS signals: 14
2026-04-05 02:19:44.539 [INFO    ] orchestrator: engine: ==========================================================
2026-04-05 02:19:44.539 [INFO    ] orchestrator: engine produced: signals_summary_1775344784.json
2026-04-05 02:19:44.539 [INFO    ] orchestrator: cleaned up old summary: signals_summary_1775335704.json
2026-04-05 02:19:44.539 [INFO    ] orchestrator: ranked 14 signals
2026-04-05 02:19:44.539 [INFO    ] orchestrator:   #9 Up score=1.73 tier=OVERFIT_DANGER folds=1/3 idx=[4] p=1.35e-02 ev=0.0761
2026-04-05 02:19:44.539 [INFO    ] orchestrator:   #3 Down score=1.27 tier=OVERFIT_DANGER folds=1/3 idx=[2] p=1.13e-03 ev=0.0330
2026-04-05 02:19:44.539 [INFO    ] orchestrator:   #5 Down score=1.27 tier=OVERFIT_DANGER folds=1/3 idx=[2] p=1.64e-03 ev=0.0356
2026-04-05 02:19:44.539 [INFO    ] orchestrator:   #8 Down score=1.22 tier=OVERFIT_DANGER folds=1/3 idx=[2] p=6.52e-03 ev=0.0460
2026-04-05 02:19:44.539 [INFO    ] orchestrator:   #4 Down score=0.98 tier=OVERFIT_DANGER folds=1/3 idx=[3] p=2.27e-02 ev=0.0548
2026-04-05 02:19:44.539 [INFO    ] orchestrator: signal #9 Up [240s->150s] d>=0.0% v<=0.1% score 1.73 < threshold 10.00 — skipping
2026-04-05 02:19:44.558 [INFO    ] orchestrator: no signal passed all delivery gates — not sending to bot
2026-04-05 02:34:44.577 [INFO    ] orchestrator: data quality check passed: 600 windows available
2026-04-05 02:34:44.577 [INFO    ] orchestrator: starting engine: C:\Users\operator\Desktop\PolySignalLab\PolySignalEngine\build\Release\PolySignalEngine.exe C:\Users\operator\Desktop\PolySignalLab\PolyDataCollector\data --output-dir C:\Users\operator\Desktop\PolySignalLab\engine_output
2026-04-05 02:34:52.431 [INFO    ] orchestrator: engine:   Summary written: C:\Users\operator\Desktop\PolySignalLab\engine_output\signals_summary_1775345692.json
2026-04-05 02:34:52.431 [INFO    ] orchestrator: engine: 
2026-04-05 02:34:52.433 [INFO    ] orchestrator: engine: ==========================================================
2026-04-05 02:34:52.433 [INFO    ] orchestrator: engine:   SUMMARY
2026-04-05 02:34:52.433 [INFO    ] orchestrator: engine: ==========================================================
2026-04-05 02:34:52.433 [INFO    ] orchestrator: engine:   Total windows:         600 (322 UP, 278 DOWN)
2026-04-05 02:34:52.435 [INFO    ] orchestrator: engine:   Walk-forward folds:    5 (3 test iterations)
2026-04-05 02:34:52.435 [INFO    ] orchestrator: engine:   OOS base rate:         53.1% UP (360 test windows total)
2026-04-05 02:34:52.435 [INFO    ] orchestrator: engine:   Viable WF-OOS signals: 18
2026-04-05 02:34:52.435 [INFO    ] orchestrator: engine: ==========================================================
2026-04-05 02:34:52.435 [INFO    ] orchestrator: engine produced: signals_summary_1775345692.json
2026-04-05 02:34:52.438 [INFO    ] orchestrator: cleaned up old summary: signals_summary_1775336612.json
2026-04-05 02:34:52.438 [INFO    ] orchestrator: ranked 18 signals
2026-04-05 02:34:52.440 [INFO    ] orchestrator:   #3 Down score=2.32 tier=OVERFIT_DANGER folds=1/3 idx=[4] p=1.35e-02 ev=0.0865
2026-04-05 02:34:52.440 [INFO    ] orchestrator:   #1 Down score=2.03 tier=OVERFIT_DANGER folds=1/3 idx=[4] p=7.53e-05 ev=0.0340
2026-04-05 02:34:52.440 [INFO    ] orchestrator:   #11 Up score=1.91 tier=OVERFIT_DANGER folds=1/3 idx=[4] p=8.96e-03 ev=0.0764
2026-04-05 02:34:52.440 [INFO    ] orchestrator:   #5 Down score=1.46 tier=OVERFIT_DANGER folds=1/3 idx=[2] p=6.68e-04 ev=0.0352
2026-04-05 02:34:52.442 [INFO    ] orchestrator:   #12 Down score=1.11 tier=OVERFIT_DANGER folds=1/3 idx=[2] p=9.11e-03 ev=0.0449
2026-04-05 02:34:52.442 [INFO    ] orchestrator: signal #3 Down [280s->150s] d>=0.0% v<=0.7% score 2.32 < threshold 10.00 — skipping
2026-04-05 02:34:52.451 [INFO    ] orchestrator: no signal passed all delivery gates — not sending to bot
2026-04-05 02:49:52.458 [INFO    ] orchestrator: data quality check passed: 600 windows available
2026-04-05 02:49:52.458 [INFO    ] orchestrator: starting engine: C:\Users\operator\Desktop\PolySignalLab\PolySignalEngine\build\Release\PolySignalEngine.exe C:\Users\operator\Desktop\PolySignalLab\PolyDataCollector\data --output-dir C:\Users\operator\Desktop\PolySignalLab\engine_output
2026-04-05 02:50:00.279 [INFO    ] orchestrator: engine:   Summary written: C:\Users\operator\Desktop\PolySignalLab\engine_output\signals_summary_1775346600.json
2026-04-05 02:50:00.279 [INFO    ] orchestrator: engine: 
2026-04-05 02:50:00.279 [INFO    ] orchestrator: engine: ==========================================================
2026-04-05 02:50:00.279 [INFO    ] orchestrator: engine:   SUMMARY
2026-04-05 02:50:00.279 [INFO    ] orchestrator: engine: ==========================================================
2026-04-05 02:50:00.279 [INFO    ] orchestrator: engine:   Total windows:         600 (323 UP, 277 DOWN)
2026-04-05 02:50:00.279 [INFO    ] orchestrator: engine:   Walk-forward folds:    5 (3 test iterations)
2026-04-05 02:50:00.279 [INFO    ] orchestrator: engine:   OOS base rate:         52.8% UP (360 test windows total)
2026-04-05 02:50:00.288 [INFO    ] orchestrator: engine:   Viable WF-OOS signals: 17
2026-04-05 02:50:00.288 [INFO    ] orchestrator: engine: ==========================================================
2026-04-05 02:50:00.290 [INFO    ] orchestrator: engine produced: signals_summary_1775346600.json
2026-04-05 02:50:00.290 [INFO    ] orchestrator: cleaned up old summary: signals_summary_1775337520.json
2026-04-05 02:50:00.292 [INFO    ] orchestrator: ranked 17 signals
2026-04-05 02:50:00.292 [INFO    ] orchestrator:   #3 Down score=2.57 tier=OVERFIT_DANGER folds=1/3 idx=[2] p=1.93e-04 ev=0.0517
2026-04-05 02:50:00.292 [INFO    ] orchestrator:   #7 Up score=2.43 tier=OVERFIT_DANGER folds=1/3 idx=[4] p=7.71e-03 ev=0.0921
2026-04-05 02:50:00.292 [INFO    ] orchestrator:   #2 Down score=1.87 tier=OVERFIT_DANGER folds=1/3 idx=[4] p=9.11e-03 ev=0.0654
2026-04-05 02:50:00.292 [INFO    ] orchestrator:   #8 Down score=1.42 tier=OVERFIT_DANGER folds=1/3 idx=[2] p=1.04e-02 ev=0.0576
2026-04-05 02:50:00.294 [INFO    ] orchestrator:   #11 Up score=1.25 tier=OVERFIT_DANGER folds=1/3 idx=[4] p=1.04e-02 ev=0.0512
2026-04-05 02:50:00.294 [INFO    ] orchestrator: signal #3 Down [250s->120s] d>=0.0% v<=0.05% score 2.57 < threshold 10.00 — skipping
2026-04-05 02:50:00.294 [INFO    ] orchestrator: no signal passed all delivery gates — not sending to bot
2026-04-05 03:05:00.318 [INFO    ] orchestrator: data quality check passed: 600 windows available
2026-04-05 03:05:00.318 [INFO    ] orchestrator: starting engine: C:\Users\operator\Desktop\PolySignalLab\PolySignalEngine\build\Release\PolySignalEngine.exe C:\Users\operator\Desktop\PolySignalLab\PolyDataCollector\data --output-dir C:\Users\operator\Desktop\PolySignalLab\engine_output
2026-04-05 03:05:08.612 [INFO    ] orchestrator: engine:   Summary written: C:\Users\operator\Desktop\PolySignalLab\engine_output\signals_summary_1775347508.json
2026-04-05 03:05:08.614 [INFO    ] orchestrator: engine: 
2026-04-05 03:05:08.614 [INFO    ] orchestrator: engine: ==========================================================
2026-04-05 03:05:08.614 [INFO    ] orchestrator: engine:   SUMMARY
2026-04-05 03:05:08.614 [INFO    ] orchestrator: engine: ==========================================================
2026-04-05 03:05:08.616 [INFO    ] orchestrator: engine:   Total windows:         600 (321 UP, 279 DOWN)
2026-04-05 03:05:08.616 [INFO    ] orchestrator: engine:   Walk-forward folds:    5 (3 test iterations)
2026-04-05 03:05:08.616 [INFO    ] orchestrator: engine:   OOS base rate:         52.8% UP (360 test windows total)
2026-04-05 03:05:08.616 [INFO    ] orchestrator: engine:   Viable WF-OOS signals: 17
2026-04-05 03:05:08.616 [INFO    ] orchestrator: engine: ==========================================================
2026-04-05 03:05:08.618 [INFO    ] orchestrator: engine produced: signals_summary_1775347508.json
2026-04-05 03:05:08.618 [INFO    ] orchestrator: cleaned up old summary: signals_summary_1775338428.json
2026-04-05 03:05:08.620 [INFO    ] orchestrator: ranked 17 signals
2026-04-05 03:05:08.620 [INFO    ] orchestrator:   #3 Down score=2.90 tier=OVERFIT_DANGER folds=1/3 idx=[2] p=1.65e-04 ev=0.0568
2026-04-05 03:05:08.620 [INFO    ] orchestrator:   #10 Up score=2.35 tier=OVERFIT_DANGER folds=1/3 idx=[4] p=6.31e-03 ev=0.0865
2026-04-05 03:05:08.620 [INFO    ] orchestrator:   #2 Down score=1.89 tier=OVERFIT_DANGER folds=1/3 idx=[4] p=6.31e-03 ev=0.0618
2026-04-05 03:05:08.622 [INFO    ] orchestrator:   #7 Down score=1.38 tier=OVERFIT_DANGER folds=1/3 idx=[2] p=9.09e-03 ev=0.0545
2026-04-05 03:05:08.622 [INFO    ] orchestrator:   #4 Down score=1.36 tier=OVERFIT_DANGER folds=1/3 idx=[2] p=1.65e-04 ev=0.0271
2026-04-05 03:05:08.622 [INFO    ] orchestrator: signal #3 Down [240s->120s] d>=0.0% v<=0.05% score 2.90 < threshold 10.00 — skipping
2026-04-05 03:05:08.630 [INFO    ] orchestrator: no signal passed all delivery gates — not sending to bot
2026-04-05 03:20:08.632 [INFO    ] orchestrator: data quality check passed: 600 windows available
2026-04-05 03:20:08.632 [INFO    ] orchestrator: starting engine: C:\Users\operator\Desktop\PolySignalLab\PolySignalEngine\build\Release\PolySignalEngine.exe C:\Users\operator\Desktop\PolySignalLab\PolyDataCollector\data --output-dir C:\Users\operator\Desktop\PolySignalLab\engine_output
2026-04-05 03:20:16.500 [INFO    ] orchestrator: engine:   Summary written: C:\Users\operator\Desktop\PolySignalLab\engine_output\signals_summary_1775348416.json
2026-04-05 03:20:16.500 [INFO    ] orchestrator: engine: 
2026-04-05 03:20:16.500 [INFO    ] orchestrator: engine: ==========================================================
2026-04-05 03:20:16.500 [INFO    ] orchestrator: engine:   SUMMARY
2026-04-05 03:20:16.500 [INFO    ] orchestrator: engine: ==========================================================
2026-04-05 03:20:16.500 [INFO    ] orchestrator: engine:   Total windows:         600 (320 UP, 280 DOWN)
2026-04-05 03:20:16.500 [INFO    ] orchestrator: engine:   Walk-forward folds:    5 (3 test iterations)
2026-04-05 03:20:16.500 [INFO    ] orchestrator: engine:   OOS base rate:         52.2% UP (360 test windows total)
2026-04-05 03:20:16.500 [INFO    ] orchestrator: engine:   Viable WF-OOS signals: 16
2026-04-05 03:20:16.500 [INFO    ] orchestrator: engine: ==========================================================
2026-04-05 03:20:16.500 [INFO    ] orchestrator: engine produced: signals_summary_1775348416.json
2026-04-05 03:20:16.500 [INFO    ] orchestrator: cleaned up old summary: signals_summary_1775339336.json
2026-04-05 03:20:16.500 [INFO    ] orchestrator: ranked 16 signals
2026-04-05 03:20:16.500 [INFO    ] orchestrator:   #3 Down score=4.71 tier=OVERFIT_DANGER folds=1/3 idx=[2] p=4.35e-05 ev=0.0779
2026-04-05 03:20:16.500 [INFO    ] orchestrator:   #7 Down score=2.28 tier=OVERFIT_DANGER folds=1/3 idx=[2] p=6.44e-03 ev=0.0812
2026-04-05 03:20:16.500 [INFO    ] orchestrator:   #5 Down score=2.14 tier=OVERFIT_DANGER folds=1/3 idx=[2] p=1.08e-03 ev=0.0550
2026-04-05 03:20:16.500 [INFO    ] orchestrator:   #6 Down score=2.09 tier=OVERFIT_DANGER folds=1/3 idx=[2] p=1.08e-03 ev=0.0549
2026-04-05 03:20:16.500 [INFO    ] orchestrator:   #2 Down score=1.96 tier=OVERFIT_DANGER folds=1/3 idx=[4] p=6.97e-03 ev=0.0647
2026-04-05 03:20:16.500 [INFO    ] orchestrator: signal #3 Down [250s->120s] d>=0.0% v<=0.05% score 4.71 < threshold 10.00 — skipping
2026-04-05 03:20:16.516 [INFO    ] orchestrator: no signal passed all delivery gates — not sending to bot
2026-04-05 03:35:16.530 [INFO    ] orchestrator: data quality check passed: 600 windows available
2026-04-05 03:35:16.530 [INFO    ] orchestrator: starting engine: C:\Users\operator\Desktop\PolySignalLab\PolySignalEngine\build\Release\PolySignalEngine.exe C:\Users\operator\Desktop\PolySignalLab\PolyDataCollector\data --output-dir C:\Users\operator\Desktop\PolySignalLab\engine_output
2026-04-05 03:35:24.315 [INFO    ] orchestrator: engine:   Summary written: C:\Users\operator\Desktop\PolySignalLab\engine_output\signals_summary_1775349324.json
2026-04-05 03:35:24.315 [INFO    ] orchestrator: engine: 
2026-04-05 03:35:24.315 [INFO    ] orchestrator: engine: ==========================================================
2026-04-05 03:35:24.315 [INFO    ] orchestrator: engine:   SUMMARY
2026-04-05 03:35:24.315 [INFO    ] orchestrator: engine: ==========================================================
2026-04-05 03:35:24.322 [INFO    ] orchestrator: engine:   Total windows:         600 (319 UP, 281 DOWN)
2026-04-05 03:35:24.322 [INFO    ] orchestrator: engine:   Walk-forward folds:    5 (3 test iterations)
2026-04-05 03:35:24.322 [INFO    ] orchestrator: engine:   OOS base rate:         51.9% UP (360 test windows total)
2026-04-05 03:35:24.322 [INFO    ] orchestrator: engine:   Viable WF-OOS signals: 17
2026-04-05 03:35:24.322 [INFO    ] orchestrator: engine: ==========================================================
2026-04-05 03:35:24.324 [INFO    ] orchestrator: engine produced: signals_summary_1775349324.json
2026-04-05 03:35:24.326 [INFO    ] orchestrator: cleaned up old summary: signals_summary_1775340244.json
2026-04-05 03:35:24.326 [INFO    ] orchestrator: ranked 17 signals
2026-04-05 03:35:24.326 [INFO    ] orchestrator:   #3 Down score=5.10 tier=OVERFIT_DANGER folds=1/3 idx=[2] p=5.08e-05 ev=0.0844
2026-04-05 03:35:24.326 [INFO    ] orchestrator:   #2 Down score=1.84 tier=OVERFIT_DANGER folds=1/3 idx=[4] p=9.44e-03 ev=0.0647
2026-04-05 03:35:24.326 [INFO    ] orchestrator:   #5 Down score=1.78 tier=OVERFIT_DANGER folds=1/3 idx=[2] p=1.35e-03 ev=0.0474
2026-04-05 03:35:24.326 [INFO    ] orchestrator:   #4 Down score=1.75 tier=OVERFIT_DANGER folds=1/3 idx=[2] p=8.80e-05 ev=0.0319
2026-04-05 03:35:24.330 [INFO    ] orchestrator:   #10 Up score=1.62 tier=OVERFIT_DANGER folds=1/3 idx=[4] p=1.50e-02 ev=0.0730
2026-04-05 03:35:24.330 [INFO    ] orchestrator: signal #3 Down [240s->120s] d>=0.0% v<=0.05% score 5.10 < threshold 10.00 — skipping
2026-04-05 03:35:24.337 [INFO    ] orchestrator: no signal passed all delivery gates — not sending to bot
2026-04-05 03:50:24.338 [INFO    ] orchestrator: data quality check passed: 600 windows available
2026-04-05 03:50:24.338 [INFO    ] orchestrator: starting engine: C:\Users\operator\Desktop\PolySignalLab\PolySignalEngine\build\Release\PolySignalEngine.exe C:\Users\operator\Desktop\PolySignalLab\PolyDataCollector\data --output-dir C:\Users\operator\Desktop\PolySignalLab\engine_output
2026-04-05 03:50:32.321 [INFO    ] orchestrator: engine:   Summary written: C:\Users\operator\Desktop\PolySignalLab\engine_output\signals_summary_1775350232.json
2026-04-05 03:50:32.321 [INFO    ] orchestrator: engine: 
2026-04-05 03:50:32.321 [INFO    ] orchestrator: engine: ==========================================================
2026-04-05 03:50:32.321 [INFO    ] orchestrator: engine:   SUMMARY
2026-04-05 03:50:32.321 [INFO    ] orchestrator: engine: ==========================================================
2026-04-05 03:50:32.321 [INFO    ] orchestrator: engine:   Total windows:         600 (318 UP, 282 DOWN)
2026-04-05 03:50:32.321 [INFO    ] orchestrator: engine:   Walk-forward folds:    5 (3 test iterations)
2026-04-05 03:50:32.321 [INFO    ] orchestrator: engine:   OOS base rate:         51.9% UP (360 test windows total)
2026-04-05 03:50:32.321 [INFO    ] orchestrator: engine:   Viable WF-OOS signals: 18
2026-04-05 03:50:32.321 [INFO    ] orchestrator: engine: ==========================================================
2026-04-05 03:50:32.321 [INFO    ] orchestrator: engine produced: signals_summary_1775350232.json
2026-04-05 03:50:32.321 [INFO    ] orchestrator: cleaned up old summary: signals_summary_1775341152.json
2026-04-05 03:50:32.329 [INFO    ] orchestrator: ranked 18 signals
2026-04-05 03:50:32.329 [INFO    ] orchestrator:   #3 Down score=5.67 tier=OVERFIT_DANGER folds=1/3 idx=[2] p=2.25e-05 ev=0.0863
2026-04-05 03:50:32.329 [INFO    ] orchestrator:   #2 Down score=3.16 tier=OVERFIT_DANGER folds=1/3 idx=[4] p=1.89e-03 ev=0.0805
2026-04-05 03:50:32.329 [INFO    ] orchestrator:   #5 Down score=2.91 tier=OVERFIT_DANGER folds=1/3 idx=[2] p=3.33e-04 ev=0.0621
2026-04-05 03:50:32.329 [INFO    ] orchestrator:   #1 Down score=2.50 tier=OVERFIT_DANGER folds=1/3 idx=[4] p=2.25e-05 ev=0.0368
2026-04-05 03:50:32.329 [INFO    ] orchestrator:   #7 Down score=2.40 tier=OVERFIT_DANGER folds=1/3 idx=[2] p=5.43e-04 ev=0.0561
2026-04-05 03:50:32.329 [INFO    ] orchestrator: signal #3 Down [230s->120s] d>=0.0% v<=0.05% score 5.67 < threshold 10.00 — skipping
2026-04-05 03:50:32.338 [INFO    ] orchestrator: no signal passed all delivery gates — not sending to bot
2026-04-05 04:05:32.347 [INFO    ] orchestrator: data quality check passed: 600 windows available
2026-04-05 04:05:32.347 [INFO    ] orchestrator: starting engine: C:\Users\operator\Desktop\PolySignalLab\PolySignalEngine\build\Release\PolySignalEngine.exe C:\Users\operator\Desktop\PolySignalLab\PolyDataCollector\data --output-dir C:\Users\operator\Desktop\PolySignalLab\engine_output
2026-04-05 04:05:40.297 [INFO    ] orchestrator: engine:   Summary written: C:\Users\operator\Desktop\PolySignalLab\engine_output\signals_summary_1775351140.json
2026-04-05 04:05:40.297 [INFO    ] orchestrator: engine: 
2026-04-05 04:05:40.297 [INFO    ] orchestrator: engine: ==========================================================
2026-04-05 04:05:40.297 [INFO    ] orchestrator: engine:   SUMMARY
2026-04-05 04:05:40.297 [INFO    ] orchestrator: engine: ==========================================================
2026-04-05 04:05:40.297 [INFO    ] orchestrator: engine:   Total windows:         600 (317 UP, 283 DOWN)
2026-04-05 04:05:40.297 [INFO    ] orchestrator: engine:   Walk-forward folds:    5 (3 test iterations)
2026-04-05 04:05:40.297 [INFO    ] orchestrator: engine:   OOS base rate:         51.9% UP (360 test windows total)
2026-04-05 04:05:40.297 [INFO    ] orchestrator: engine:   Viable WF-OOS signals: 17
2026-04-05 04:05:40.297 [INFO    ] orchestrator: engine: ==========================================================
2026-04-05 04:05:40.297 [INFO    ] orchestrator: engine produced: signals_summary_1775351140.json
2026-04-05 04:05:40.297 [INFO    ] orchestrator: cleaned up old summary: signals_summary_1775342060.json
2026-04-05 04:05:40.297 [INFO    ] orchestrator: ranked 17 signals
2026-04-05 04:05:40.297 [INFO    ] orchestrator:   #1 Down score=4.29 tier=OVERFIT_DANGER folds=1/3 idx=[4] p=3.71e-06 ev=0.0534
2026-04-05 04:05:40.297 [INFO    ] orchestrator:   #2 Down score=4.09 tier=OVERFIT_DANGER folds=1/3 idx=[4] p=1.50e-03 ev=0.0993
2026-04-05 04:05:40.297 [INFO    ] orchestrator:   #4 Down score=2.41 tier=OVERFIT_DANGER folds=1/3 idx=[2] p=2.95e-04 ev=0.0509
2026-04-05 04:05:40.310 [INFO    ] orchestrator:   #11 Up score=1.39 tier=OVERFIT_DANGER folds=1/3 idx=[4] p=2.37e-02 ev=0.0706
2026-04-05 04:05:40.310 [INFO    ] orchestrator:   #3 Down score=1.24 tier=OVERFIT_DANGER folds=1/3 idx=[4] p=1.24e-05 ev=0.0176
2026-04-05 04:05:40.310 [INFO    ] orchestrator: signal #1 Down [290s->120s] d>=0.0% v<=0.1% score 4.29 < threshold 10.00 — skipping
2026-04-05 04:05:40.323 [INFO    ] orchestrator: no signal passed all delivery gates — not sending to bot
2026-04-05 04:20:40.337 [INFO    ] orchestrator: data quality check passed: 600 windows available
2026-04-05 04:20:40.337 [INFO    ] orchestrator: starting engine: C:\Users\operator\Desktop\PolySignalLab\PolySignalEngine\build\Release\PolySignalEngine.exe C:\Users\operator\Desktop\PolySignalLab\PolyDataCollector\data --output-dir C:\Users\operator\Desktop\PolySignalLab\engine_output
2026-04-05 04:20:48.205 [INFO    ] orchestrator: engine:   Summary written: C:\Users\operator\Desktop\PolySignalLab\engine_output\signals_summary_1775352048.json
2026-04-05 04:20:48.209 [INFO    ] orchestrator: engine: 
2026-04-05 04:20:48.209 [INFO    ] orchestrator: engine: ==========================================================
2026-04-05 04:20:48.210 [INFO    ] orchestrator: engine:   SUMMARY
2026-04-05 04:20:48.210 [INFO    ] orchestrator: engine: ==========================================================
2026-04-05 04:20:48.210 [INFO    ] orchestrator: engine:   Total windows:         600 (317 UP, 283 DOWN)
2026-04-05 04:20:48.210 [INFO    ] orchestrator: engine:   Walk-forward folds:    5 (3 test iterations)
2026-04-05 04:20:48.210 [INFO    ] orchestrator: engine:   OOS base rate:         52.2% UP (360 test windows total)
2026-04-05 04:20:48.212 [INFO    ] orchestrator: engine:   Viable WF-OOS signals: 19
2026-04-05 04:20:48.212 [INFO    ] orchestrator: engine: ==========================================================
2026-04-05 04:20:48.212 [INFO    ] orchestrator: engine produced: signals_summary_1775352048.json
2026-04-05 04:20:48.214 [INFO    ] orchestrator: cleaned up old summary: signals_summary_1775342968.json
2026-04-05 04:20:48.214 [INFO    ] orchestrator: ranked 19 signals
2026-04-05 04:20:48.214 [INFO    ] orchestrator:   #1 Down score=6.98 tier=OVERFIT_DANGER folds=1/3 idx=[4] p=3.82e-07 ev=0.0715
2026-04-05 04:20:48.214 [INFO    ] orchestrator:   #3 Down score=4.54 tier=OVERFIT_DANGER folds=1/3 idx=[4] p=2.51e-03 ev=0.1170
2026-04-05 04:20:48.214 [INFO    ] orchestrator:   #2 Down score=3.47 tier=OVERFIT_DANGER folds=1/3 idx=[4] p=1.59e-06 ev=0.0405
2026-04-05 04:20:48.214 [INFO    ] orchestrator:   #9 Down score=1.74 tier=OVERFIT_DANGER folds=1/3 idx=[2] p=5.17e-03 ev=0.0609
2026-04-05 04:20:48.214 [INFO    ] orchestrator:   #6 Down score=1.22 tier=BRONZE folds=2/3 idx=[2, 3] p=1.04e-05 ev=0.0072
2026-04-05 04:20:48.219 [INFO    ] orchestrator: signal #1 Down [280s->120s] d>=0.0% v<=0.1% score 6.98 < threshold 10.00 — skipping
2026-04-05 04:20:48.225 [INFO    ] orchestrator: no signal passed all delivery gates — not sending to bot
2026-04-05 04:35:48.240 [INFO    ] orchestrator: data quality check passed: 600 windows available
2026-04-05 04:35:48.242 [INFO    ] orchestrator: starting engine: C:\Users\operator\Desktop\PolySignalLab\PolySignalEngine\build\Release\PolySignalEngine.exe C:\Users\operator\Desktop\PolySignalLab\PolyDataCollector\data --output-dir C:\Users\operator\Desktop\PolySignalLab\engine_output
2026-04-05 04:35:56.025 [INFO    ] orchestrator: engine:   Summary written: C:\Users\operator\Desktop\PolySignalLab\engine_output\signals_summary_1775352955.json
2026-04-05 04:35:56.025 [INFO    ] orchestrator: engine: 
2026-04-05 04:35:56.025 [INFO    ] orchestrator: engine: ==========================================================
2026-04-05 04:35:56.025 [INFO    ] orchestrator: engine:   SUMMARY
2026-04-05 04:35:56.025 [INFO    ] orchestrator: engine: ==========================================================
2026-04-05 04:35:56.025 [INFO    ] orchestrator: engine:   Total windows:         600 (315 UP, 285 DOWN)
2026-04-05 04:35:56.025 [INFO    ] orchestrator: engine:   Walk-forward folds:    5 (3 test iterations)
2026-04-05 04:35:56.025 [INFO    ] orchestrator: engine:   OOS base rate:         51.4% UP (360 test windows total)
2026-04-05 04:35:56.025 [INFO    ] orchestrator: engine:   Viable WF-OOS signals: 19
2026-04-05 04:35:56.025 [INFO    ] orchestrator: engine: ==========================================================
2026-04-05 04:35:56.025 [INFO    ] orchestrator: engine produced: signals_summary_1775352955.json
2026-04-05 04:35:56.025 [INFO    ] orchestrator: cleaned up old summary: signals_summary_1775343876.json
2026-04-05 04:35:56.025 [INFO    ] orchestrator: ranked 19 signals
2026-04-05 04:35:56.025 [INFO    ] orchestrator:   #1 Down score=6.67 tier=OVERFIT_DANGER folds=1/3 idx=[4] p=6.82e-07 ev=0.0712
2026-04-05 04:35:56.041 [INFO    ] orchestrator:   #3 Down score=4.41 tier=OVERFIT_DANGER folds=1/3 idx=[4] p=3.07e-03 ev=0.1177
2026-04-05 04:35:56.041 [INFO    ] orchestrator:   #2 Down score=3.33 tier=OVERFIT_DANGER folds=1/3 idx=[4] p=2.75e-06 ev=0.0405
2026-04-05 04:35:56.041 [INFO    ] orchestrator:   #9 Down score=1.95 tier=OVERFIT_DANGER folds=1/3 idx=[2] p=4.88e-03 ev=0.0668
2026-04-05 04:35:56.041 [INFO    ] orchestrator:   #6 Down score=1.34 tier=BRONZE folds=2/3 idx=[2, 3] p=1.32e-05 ev=0.0081
2026-04-05 04:35:56.041 [INFO    ] orchestrator: signal #1 Down [230s->120s] d>=0.0% v<=0.05% score 6.67 < threshold 10.00 — skipping
2026-04-05 04:35:56.041 [INFO    ] orchestrator: no signal passed all delivery gates — not sending to bot
2026-04-05 04:50:56.055 [INFO    ] orchestrator: data quality check passed: 600 windows available
2026-04-05 04:50:56.055 [INFO    ] orchestrator: starting engine: C:\Users\operator\Desktop\PolySignalLab\PolySignalEngine\build\Release\PolySignalEngine.exe C:\Users\operator\Desktop\PolySignalLab\PolyDataCollector\data --output-dir C:\Users\operator\Desktop\PolySignalLab\engine_output
2026-04-05 04:51:03.836 [INFO    ] orchestrator: engine:   Summary written: C:\Users\operator\Desktop\PolySignalLab\engine_output\signals_summary_1775353863.json
2026-04-05 04:51:03.836 [INFO    ] orchestrator: engine: 
2026-04-05 04:51:03.836 [INFO    ] orchestrator: engine: ==========================================================
2026-04-05 04:51:03.842 [INFO    ] orchestrator: engine:   SUMMARY
2026-04-05 04:51:03.842 [INFO    ] orchestrator: engine: ==========================================================
2026-04-05 04:51:03.842 [INFO    ] orchestrator: engine:   Total windows:         600 (315 UP, 285 DOWN)
2026-04-05 04:51:03.842 [INFO    ] orchestrator: engine:   Walk-forward folds:    5 (3 test iterations)
2026-04-05 04:51:03.842 [INFO    ] orchestrator: engine:   OOS base rate:         50.8% UP (360 test windows total)
2026-04-05 04:51:03.844 [INFO    ] orchestrator: engine:   Viable WF-OOS signals: 17
2026-04-05 04:51:03.844 [INFO    ] orchestrator: engine: ==========================================================
2026-04-05 04:51:03.844 [INFO    ] orchestrator: engine produced: signals_summary_1775353863.json
2026-04-05 04:51:03.844 [INFO    ] orchestrator: cleaned up old summary: signals_summary_1775344784.json
2026-04-05 04:51:03.844 [INFO    ] orchestrator: ranked 17 signals
2026-04-05 04:51:03.844 [INFO    ] orchestrator:   #1 Down score=7.04 tier=OVERFIT_DANGER folds=1/3 idx=[4] p=5.72e-07 ev=0.0740
2026-04-05 04:51:03.844 [INFO    ] orchestrator:   #3 Down score=4.47 tier=OVERFIT_DANGER folds=1/3 idx=[4] p=2.96e-03 ev=0.1185
2026-04-05 04:51:03.844 [INFO    ] orchestrator:   #2 Down score=3.85 tier=OVERFIT_DANGER folds=1/3 idx=[4] p=1.28e-06 ev=0.0440
2026-04-05 04:51:03.844 [INFO    ] orchestrator:   #4 Down score=3.60 tier=OVERFIT_DANGER folds=1/3 idx=[2] p=1.40e-04 ev=0.0684
2026-04-05 04:51:03.844 [INFO    ] orchestrator:   #9 Down score=2.20 tier=OVERFIT_DANGER folds=1/3 idx=[2] p=3.82e-03 ev=0.0716
2026-04-05 04:51:03.844 [INFO    ] orchestrator: signal #1 Down [160s->120s] d>=0.0% v<=0.15% score 7.04 < threshold 10.00 — skipping
2026-04-05 04:51:03.858 [INFO    ] orchestrator: no signal passed all delivery gates — not sending to bot
2026-04-05 05:06:03.860 [INFO    ] orchestrator: data quality check passed: 600 windows available
2026-04-05 05:06:03.860 [INFO    ] orchestrator: starting engine: C:\Users\operator\Desktop\PolySignalLab\PolySignalEngine\build\Release\PolySignalEngine.exe C:\Users\operator\Desktop\PolySignalLab\PolyDataCollector\data --output-dir C:\Users\operator\Desktop\PolySignalLab\engine_output
2026-04-05 05:06:11.615 [INFO    ] orchestrator: engine:   Summary written: C:\Users\operator\Desktop\PolySignalLab\engine_output\signals_summary_1775354771.json
2026-04-05 05:06:11.615 [INFO    ] orchestrator: engine: 
2026-04-05 05:06:11.615 [INFO    ] orchestrator: engine: ==========================================================
2026-04-05 05:06:11.617 [INFO    ] orchestrator: engine:   SUMMARY
2026-04-05 05:06:11.617 [INFO    ] orchestrator: engine: ==========================================================
2026-04-05 05:06:11.617 [INFO    ] orchestrator: engine:   Total windows:         600 (314 UP, 286 DOWN)
2026-04-05 05:06:11.617 [INFO    ] orchestrator: engine:   Walk-forward folds:    5 (3 test iterations)
2026-04-05 05:06:11.617 [INFO    ] orchestrator: engine:   OOS base rate:         50.6% UP (360 test windows total)
2026-04-05 05:06:11.617 [INFO    ] orchestrator: engine:   Viable WF-OOS signals: 16
2026-04-05 05:06:11.619 [INFO    ] orchestrator: engine: ==========================================================
2026-04-05 05:06:11.619 [INFO    ] orchestrator: engine produced: signals_summary_1775354771.json
2026-04-05 05:06:11.621 [INFO    ] orchestrator: cleaned up old summary: signals_summary_1775345692.json
2026-04-05 05:06:11.621 [INFO    ] orchestrator: ranked 16 signals
2026-04-05 05:06:11.621 [INFO    ] orchestrator:   #1 Down score=6.29 tier=OVERFIT_DANGER folds=1/3 idx=[4] p=1.27e-06 ev=0.0702
2026-04-05 05:06:11.621 [INFO    ] orchestrator:   #4 Down score=4.63 tier=OVERFIT_DANGER folds=1/3 idx=[2] p=2.34e-05 ev=0.0714
2026-04-05 05:06:11.623 [INFO    ] orchestrator:   #3 Down score=3.93 tier=OVERFIT_DANGER folds=1/3 idx=[4] p=4.39e-03 ev=0.1124
2026-04-05 05:06:11.623 [INFO    ] orchestrator:   #5 Down score=3.36 tier=OVERFIT_DANGER folds=1/3 idx=[2] p=2.01e-04 ev=0.0669
2026-04-05 05:06:11.623 [INFO    ] orchestrator:   #2 Down score=3.21 tier=OVERFIT_DANGER folds=1/3 idx=[4] p=2.78e-06 ev=0.0390
2026-04-05 05:06:11.623 [INFO    ] orchestrator: signal #1 Down [240s->120s] d>=0.0% v<=0.05% score 6.29 < threshold 10.00 — skipping
2026-04-05 05:06:11.632 [INFO    ] orchestrator: no signal passed all delivery gates — not sending to bot
2026-04-05 05:21:11.642 [INFO    ] orchestrator: data quality check passed: 600 windows available
2026-04-05 05:21:11.642 [INFO    ] orchestrator: starting engine: C:\Users\operator\Desktop\PolySignalLab\PolySignalEngine\build\Release\PolySignalEngine.exe C:\Users\operator\Desktop\PolySignalLab\PolyDataCollector\data --output-dir C:\Users\operator\Desktop\PolySignalLab\engine_output
2026-04-05 05:21:19.325 [INFO    ] orchestrator: engine:   Summary written: C:\Users\operator\Desktop\PolySignalLab\engine_output\signals_summary_1775355679.json
2026-04-05 05:21:19.325 [INFO    ] orchestrator: engine: 
2026-04-05 05:21:19.325 [INFO    ] orchestrator: engine: ==========================================================
2026-04-05 05:21:19.325 [INFO    ] orchestrator: engine:   SUMMARY
2026-04-05 05:21:19.325 [INFO    ] orchestrator: engine: ==========================================================
2026-04-05 05:21:19.325 [INFO    ] orchestrator: engine:   Total windows:         600 (312 UP, 288 DOWN)
2026-04-05 05:21:19.325 [INFO    ] orchestrator: engine:   Walk-forward folds:    5 (3 test iterations)
2026-04-05 05:21:19.334 [INFO    ] orchestrator: engine:   OOS base rate:         50.0% UP (360 test windows total)
2026-04-05 05:21:19.334 [INFO    ] orchestrator: engine:   Viable WF-OOS signals: 13
2026-04-05 05:21:19.334 [INFO    ] orchestrator: engine: ==========================================================
2026-04-05 05:21:19.334 [INFO    ] orchestrator: engine produced: signals_summary_1775355679.json
2026-04-05 05:21:19.334 [INFO    ] orchestrator: cleaned up old summary: signals_summary_1775346600.json
2026-04-05 05:21:19.334 [INFO    ] orchestrator: ranked 13 signals
2026-04-05 05:21:19.334 [INFO    ] orchestrator:   #1 Down score=8.48 tier=OVERFIT_DANGER folds=1/3 idx=[4] p=1.49e-07 ev=0.0811
2026-04-05 05:21:19.334 [INFO    ] orchestrator:   #2 Down score=6.14 tier=OVERFIT_DANGER folds=1/3 idx=[4] p=1.49e-07 ev=0.0589
2026-04-05 05:21:19.334 [INFO    ] orchestrator:   #4 Down score=5.66 tier=OVERFIT_DANGER folds=1/3 idx=[2] p=1.93e-05 ev=0.0844
2026-04-05 05:21:19.334 [INFO    ] orchestrator:   #3 Down score=4.40 tier=OVERFIT_DANGER folds=1/3 idx=[4] p=3.26e-03 ev=0.1183
2026-04-05 05:21:19.334 [INFO    ] orchestrator:   #5 Down score=4.24 tier=OVERFIT_DANGER folds=1/3 idx=[2] p=1.77e-04 ev=0.0820
2026-04-05 05:21:19.334 [INFO    ] orchestrator: signal #1 Down [230s->120s] d>=0.0% v<=0.2% score 8.48 < threshold 10.00 — skipping
2026-04-05 05:21:19.334 [INFO    ] orchestrator: no signal passed all delivery gates — not sending to bot
2026-04-05 05:36:19.361 [INFO    ] orchestrator: data quality check passed: 600 windows available
2026-04-05 05:36:19.361 [INFO    ] orchestrator: starting engine: C:\Users\operator\Desktop\PolySignalLab\PolySignalEngine\build\Release\PolySignalEngine.exe C:\Users\operator\Desktop\PolySignalLab\PolyDataCollector\data --output-dir C:\Users\operator\Desktop\PolySignalLab\engine_output
2026-04-05 05:36:27.322 [INFO    ] orchestrator: engine:   Summary written: C:\Users\operator\Desktop\PolySignalLab\engine_output\signals_summary_1775356587.json
2026-04-05 05:36:27.322 [INFO    ] orchestrator: engine: 
2026-04-05 05:36:27.322 [INFO    ] orchestrator: engine: ==========================================================
2026-04-05 05:36:27.322 [INFO    ] orchestrator: engine:   SUMMARY
2026-04-05 05:36:27.322 [INFO    ] orchestrator: engine: ==========================================================
2026-04-05 05:36:27.322 [INFO    ] orchestrator: engine:   Total windows:         600 (314 UP, 286 DOWN)
2026-04-05 05:36:27.322 [INFO    ] orchestrator: engine:   Walk-forward folds:    5 (3 test iterations)
2026-04-05 05:36:27.322 [INFO    ] orchestrator: engine:   OOS base rate:         50.8% UP (360 test windows total)
2026-04-05 05:36:27.322 [INFO    ] orchestrator: engine:   Viable WF-OOS signals: 14
2026-04-05 05:36:27.322 [INFO    ] orchestrator: engine: ==========================================================
2026-04-05 05:36:27.322 [INFO    ] orchestrator: engine produced: signals_summary_1775356587.json
2026-04-05 05:36:27.338 [INFO    ] orchestrator: cleaned up old summary: signals_summary_1775347508.json
2026-04-05 05:36:27.338 [INFO    ] orchestrator: ranked 14 signals
2026-04-05 05:36:27.340 [INFO    ] orchestrator:   #1 Down score=8.80 tier=OVERFIT_DANGER folds=1/3 idx=[4] p=8.34e-08 ev=0.0811
2026-04-05 05:36:27.340 [INFO    ] orchestrator:   #2 Down score=6.36 tier=OVERFIT_DANGER folds=1/3 idx=[4] p=8.34e-08 ev=0.0589
2026-04-05 05:36:27.340 [INFO    ] orchestrator:   #3 Down score=4.42 tier=OVERFIT_DANGER folds=1/3 idx=[4] p=3.20e-03 ev=0.1183
2026-04-05 05:36:27.340 [INFO    ] orchestrator:   #4 Down score=2.89 tier=OVERFIT_DANGER folds=1/3 idx=[2] p=9.07e-05 ev=0.0519
2026-04-05 05:36:27.340 [INFO    ] orchestrator:   #6 Down score=2.35 tier=OVERFIT_DANGER folds=1/3 idx=[2] p=4.49e-04 ev=0.0524
2026-04-05 05:36:27.340 [INFO    ] orchestrator: signal #1 Down [150s->120s] d>=0.0% v<=0.4% score 8.80 < threshold 10.00 — skipping
2026-04-05 05:36:27.340 [INFO    ] orchestrator: no signal passed all delivery gates — not sending to bot
2026-04-05 05:51:27.368 [INFO    ] orchestrator: data quality check passed: 600 windows available
2026-04-05 05:51:27.368 [INFO    ] orchestrator: starting engine: C:\Users\operator\Desktop\PolySignalLab\PolySignalEngine\build\Release\PolySignalEngine.exe C:\Users\operator\Desktop\PolySignalLab\PolyDataCollector\data --output-dir C:\Users\operator\Desktop\PolySignalLab\engine_output
2026-04-05 05:51:35.131 [INFO    ] orchestrator: engine:   Summary written: C:\Users\operator\Desktop\PolySignalLab\engine_output\signals_summary_1775357495.json
2026-04-05 05:51:35.131 [INFO    ] orchestrator: engine: 
2026-04-05 05:51:35.131 [INFO    ] orchestrator: engine: ==========================================================
2026-04-05 05:51:35.131 [INFO    ] orchestrator: engine:   SUMMARY
2026-04-05 05:51:35.131 [INFO    ] orchestrator: engine: ==========================================================
2026-04-05 05:51:35.131 [INFO    ] orchestrator: engine:   Total windows:         600 (313 UP, 287 DOWN)
2026-04-05 05:51:35.131 [INFO    ] orchestrator: engine:   Walk-forward folds:    5 (3 test iterations)
2026-04-05 05:51:35.131 [INFO    ] orchestrator: engine:   OOS base rate:         50.8% UP (360 test windows total)
2026-04-05 05:51:35.131 [INFO    ] orchestrator: engine:   Viable WF-OOS signals: 17
2026-04-05 05:51:35.131 [INFO    ] orchestrator: engine: ==========================================================
2026-04-05 05:51:35.131 [INFO    ] orchestrator: engine produced: signals_summary_1775357495.json
2026-04-05 05:51:35.131 [INFO    ] orchestrator: cleaned up old summary: signals_summary_1775348416.json
2026-04-05 05:51:35.131 [INFO    ] orchestrator: ranked 17 signals
2026-04-05 05:51:35.131 [INFO    ] orchestrator:   #2 Down score=8.06 tier=OVERFIT_DANGER folds=1/3 idx=[4] p=1.55e-07 ev=0.0774
2026-04-05 05:51:35.131 [INFO    ] orchestrator:   #1 Down score=5.42 tier=OVERFIT_DANGER folds=1/3 idx=[4] p=1.55e-07 ev=0.0523
2026-04-05 05:51:35.131 [INFO    ] orchestrator:   #3 Down score=4.48 tier=OVERFIT_DANGER folds=1/3 idx=[4] p=2.59e-03 ev=0.1160
2026-04-05 05:51:35.131 [INFO    ] orchestrator:   #4 Down score=4.36 tier=OVERFIT_DANGER folds=1/3 idx=[2] p=1.95e-05 ev=0.0655
2026-04-05 05:51:35.131 [INFO    ] orchestrator:   #5 Down score=3.58 tier=OVERFIT_DANGER folds=1/3 idx=[2] p=1.13e-04 ev=0.0659
2026-04-05 05:51:35.131 [INFO    ] orchestrator: signal #2 Down [190s->120s] d>=0.0% v<=0.75% score 8.06 < threshold 10.00 — skipping
2026-04-05 05:51:35.146 [INFO    ] orchestrator: no signal passed all delivery gates — not sending to bot
2026-04-05 06:06:35.159 [INFO    ] orchestrator: data quality check passed: 600 windows available
2026-04-05 06:06:35.159 [INFO    ] orchestrator: starting engine: C:\Users\operator\Desktop\PolySignalLab\PolySignalEngine\build\Release\PolySignalEngine.exe C:\Users\operator\Desktop\PolySignalLab\PolyDataCollector\data --output-dir C:\Users\operator\Desktop\PolySignalLab\engine_output
2026-04-05 06:06:42.894 [INFO    ] orchestrator: engine:   Summary written: C:\Users\operator\Desktop\PolySignalLab\engine_output\signals_summary_1775358402.json
2026-04-05 06:06:42.894 [INFO    ] orchestrator: engine: 
2026-04-05 06:06:42.894 [INFO    ] orchestrator: engine: ==========================================================
2026-04-05 06:06:42.894 [INFO    ] orchestrator: engine:   SUMMARY
2026-04-05 06:06:42.894 [INFO    ] orchestrator: engine: ==========================================================
2026-04-05 06:06:42.894 [INFO    ] orchestrator: engine:   Total windows:         600 (315 UP, 285 DOWN)
2026-04-05 06:06:42.894 [INFO    ] orchestrator: engine:   Walk-forward folds:    5 (3 test iterations)
2026-04-05 06:06:42.894 [INFO    ] orchestrator: engine:   OOS base rate:         51.7% UP (360 test windows total)
2026-04-05 06:06:42.894 [INFO    ] orchestrator: engine:   Viable WF-OOS signals: 17
2026-04-05 06:06:42.894 [INFO    ] orchestrator: engine: ==========================================================
2026-04-05 06:06:42.894 [INFO    ] orchestrator: engine produced: signals_summary_1775358402.json
2026-04-05 06:06:42.903 [INFO    ] orchestrator: cleaned up old summary: signals_summary_1775349324.json
2026-04-05 06:06:42.904 [INFO    ] orchestrator: ranked 17 signals
2026-04-05 06:06:42.904 [INFO    ] orchestrator:   #2 Down score=7.72 tier=OVERFIT_DANGER folds=1/3 idx=[4] p=1.59e-07 ev=0.0745
2026-04-05 06:06:42.904 [INFO    ] orchestrator:   #1 Down score=5.41 tier=OVERFIT_DANGER folds=1/3 idx=[4] p=1.59e-07 ev=0.0524
2026-04-05 06:06:42.904 [INFO    ] orchestrator:   #3 Down score=4.60 tier=OVERFIT_DANGER folds=1/3 idx=[4] p=1.89e-03 ev=0.1136
2026-04-05 06:06:42.904 [INFO    ] orchestrator:   #4 Down score=4.39 tier=OVERFIT_DANGER folds=1/3 idx=[2] p=1.13e-05 ev=0.0628
2026-04-05 06:06:42.904 [INFO    ] orchestrator:   #5 Down score=3.60 tier=OVERFIT_DANGER folds=1/3 idx=[2] p=6.87e-05 ev=0.0628
2026-04-05 06:06:42.904 [INFO    ] orchestrator: signal #2 Down [190s->120s] d>=0.0% v<=0.15% score 7.72 < threshold 10.00 — skipping
2026-04-05 06:06:42.904 [INFO    ] orchestrator: no signal passed all delivery gates — not sending to bot
2026-04-05 06:21:42.934 [INFO    ] orchestrator: data quality check passed: 600 windows available
2026-04-05 06:21:42.934 [INFO    ] orchestrator: starting engine: C:\Users\operator\Desktop\PolySignalLab\PolySignalEngine\build\Release\PolySignalEngine.exe C:\Users\operator\Desktop\PolySignalLab\PolyDataCollector\data --output-dir C:\Users\operator\Desktop\PolySignalLab\engine_output
2026-04-05 06:21:50.769 [INFO    ] orchestrator: engine:   Summary written: C:\Users\operator\Desktop\PolySignalLab\engine_output\signals_summary_1775359310.json
2026-04-05 06:21:50.769 [INFO    ] orchestrator: engine: 
2026-04-05 06:21:50.769 [INFO    ] orchestrator: engine: ==========================================================
2026-04-05 06:21:50.769 [INFO    ] orchestrator: engine:   SUMMARY
2026-04-05 06:21:50.769 [INFO    ] orchestrator: engine: ==========================================================
2026-04-05 06:21:50.769 [INFO    ] orchestrator: engine:   Total windows:         600 (315 UP, 285 DOWN)
2026-04-05 06:21:50.769 [INFO    ] orchestrator: engine:   Walk-forward folds:    5 (3 test iterations)
2026-04-05 06:21:50.769 [INFO    ] orchestrator: engine:   OOS base rate:         51.4% UP (360 test windows total)
2026-04-05 06:21:50.769 [INFO    ] orchestrator: engine:   Viable WF-OOS signals: 17
2026-04-05 06:21:50.769 [INFO    ] orchestrator: engine: ==========================================================
2026-04-05 06:21:50.769 [INFO    ] orchestrator: engine produced: signals_summary_1775359310.json
2026-04-05 06:21:50.769 [INFO    ] orchestrator: cleaned up old summary: signals_summary_1775350232.json
2026-04-05 06:21:50.769 [INFO    ] orchestrator: ranked 17 signals
2026-04-05 06:21:50.769 [INFO    ] orchestrator:   #1 Down score=12.76 tier=OVERFIT_DANGER folds=1/3 idx=[4] p=1.37e-07 ev=0.1188
2026-04-05 06:21:50.769 [INFO    ] orchestrator:   #2 Down score=5.43 tier=OVERFIT_DANGER folds=1/3 idx=[4] p=1.99e-07 ev=0.0533
2026-04-05 06:21:50.769 [INFO    ] orchestrator:   #4 Down score=4.92 tier=OVERFIT_DANGER folds=1/3 idx=[2] p=8.13e-06 ev=0.0681
2026-04-05 06:21:50.769 [INFO    ] orchestrator:   #5 Down score=4.17 tier=OVERFIT_DANGER folds=1/3 idx=[2] p=4.98e-05 ev=0.0700
2026-04-05 06:21:50.769 [INFO    ] orchestrator:   #3 Down score=3.38 tier=OVERFIT_DANGER folds=1/3 idx=[4] p=1.47e-03 ev=0.0835
2026-04-05 06:21:50.769 [INFO    ] orchestrator: signal #1 Down [260s->130s] d>=0.0% v<=0.55% has 1/3 folds < min 2 — skipping (fallback)
2026-04-05 06:21:50.788 [INFO    ] orchestrator: signal #2 Down [260s->90s] d>=0.0% v<=0.65% score 5.43 < threshold 10.00 — skipping
2026-04-05 06:21:50.788 [INFO    ] orchestrator: no signal passed all delivery gates — not sending to bot
2026-04-05 06:36:50.798 [INFO    ] orchestrator: data quality check passed: 600 windows available
2026-04-05 06:36:50.798 [INFO    ] orchestrator: starting engine: C:\Users\operator\Desktop\PolySignalLab\PolySignalEngine\build\Release\PolySignalEngine.exe C:\Users\operator\Desktop\PolySignalLab\PolyDataCollector\data --output-dir C:\Users\operator\Desktop\PolySignalLab\engine_output
2026-04-05 06:36:58.500 [INFO    ] orchestrator: engine:   Summary written: C:\Users\operator\Desktop\PolySignalLab\engine_output\signals_summary_1775360218.json
2026-04-05 06:36:58.500 [INFO    ] orchestrator: engine: 
2026-04-05 06:36:58.502 [INFO    ] orchestrator: engine: ==========================================================
2026-04-05 06:36:58.502 [INFO    ] orchestrator: engine:   SUMMARY
2026-04-05 06:36:58.502 [INFO    ] orchestrator: engine: ==========================================================
2026-04-05 06:36:58.502 [INFO    ] orchestrator: engine:   Total windows:         600 (314 UP, 286 DOWN)
2026-04-05 06:36:58.502 [INFO    ] orchestrator: engine:   Walk-forward folds:    5 (3 test iterations)
2026-04-05 06:36:58.502 [INFO    ] orchestrator: engine:   OOS base rate:         51.4% UP (360 test windows total)
2026-04-05 06:36:58.502 [INFO    ] orchestrator: engine:   Viable WF-OOS signals: 17
2026-04-05 06:36:58.502 [INFO    ] orchestrator: engine: ==========================================================
2026-04-05 06:36:58.502 [INFO    ] orchestrator: engine produced: signals_summary_1775360218.json
2026-04-05 06:36:58.507 [INFO    ] orchestrator: cleaned up old summary: signals_summary_1775351140.json
2026-04-05 06:36:58.507 [INFO    ] orchestrator: ranked 17 signals
2026-04-05 06:36:58.509 [INFO    ] orchestrator:   #1 Down score=7.69 tier=OVERFIT_DANGER folds=1/3 idx=[4] p=2.10e-07 ev=0.0755
2026-04-05 06:36:58.509 [INFO    ] orchestrator:   #4 Down score=5.69 tier=OVERFIT_DANGER folds=1/3 idx=[2] p=2.85e-06 ev=0.0718
2026-04-05 06:36:58.509 [INFO    ] orchestrator:   #2 Down score=5.41 tier=OVERFIT_DANGER folds=1/3 idx=[4] p=2.10e-07 ev=0.0533
2026-04-05 06:36:58.509 [INFO    ] orchestrator:   #5 Down score=4.88 tier=OVERFIT_DANGER folds=1/3 idx=[2] p=1.85e-05 ev=0.0739
2026-04-05 06:36:58.511 [INFO    ] orchestrator:   #3 Down score=4.49 tier=OVERFIT_DANGER folds=1/3 idx=[4] p=2.35e-03 ev=0.1149
2026-04-05 06:36:58.511 [INFO    ] orchestrator: signal #1 Down [210s->120s] d>=0.0% v<=0.8% score 7.69 < threshold 10.00 — skipping
2026-04-05 06:36:58.522 [INFO    ] orchestrator: no signal passed all delivery gates — not sending to bot
2026-04-05 06:51:58.525 [INFO    ] orchestrator: data quality check passed: 600 windows available
2026-04-05 06:51:58.525 [INFO    ] orchestrator: starting engine: C:\Users\operator\Desktop\PolySignalLab\PolySignalEngine\build\Release\PolySignalEngine.exe C:\Users\operator\Desktop\PolySignalLab\PolyDataCollector\data --output-dir C:\Users\operator\Desktop\PolySignalLab\engine_output
2026-04-05 06:52:06.332 [INFO    ] orchestrator: engine:   Summary written: C:\Users\operator\Desktop\PolySignalLab\engine_output\signals_summary_1775361126.json
2026-04-05 06:52:06.332 [INFO    ] orchestrator: engine: 
2026-04-05 06:52:06.332 [INFO    ] orchestrator: engine: ==========================================================
2026-04-05 06:52:06.332 [INFO    ] orchestrator: engine:   SUMMARY
2026-04-05 06:52:06.332 [INFO    ] orchestrator: engine: ==========================================================
2026-04-05 06:52:06.332 [INFO    ] orchestrator: engine:   Total windows:         600 (315 UP, 285 DOWN)
2026-04-05 06:52:06.332 [INFO    ] orchestrator: engine:   Walk-forward folds:    5 (3 test iterations)
2026-04-05 06:52:06.332 [INFO    ] orchestrator: engine:   OOS base rate:         51.4% UP (360 test windows total)
2026-04-05 06:52:06.332 [INFO    ] orchestrator: engine:   Viable WF-OOS signals: 17
2026-04-05 06:52:06.332 [INFO    ] orchestrator: engine: ==========================================================
2026-04-05 06:52:06.332 [INFO    ] orchestrator: engine produced: signals_summary_1775361126.json
2026-04-05 06:52:06.332 [INFO    ] orchestrator: cleaned up old summary: signals_summary_1775352048.json
2026-04-05 06:52:06.332 [INFO    ] orchestrator: ranked 17 signals
2026-04-05 06:52:06.332 [INFO    ] orchestrator:   #2 Down score=7.38 tier=OVERFIT_DANGER folds=1/3 idx=[4] p=2.15e-07 ev=0.0726
2026-04-05 06:52:06.332 [INFO    ] orchestrator:   #4 Down score=7.33 tier=OVERFIT_DANGER folds=1/3 idx=[2] p=8.88e-07 ev=0.0831
2026-04-05 06:52:06.332 [INFO    ] orchestrator:   #1 Down score=5.33 tier=OVERFIT_DANGER folds=1/3 idx=[4] p=2.15e-07 ev=0.0526
2026-04-05 06:52:06.332 [INFO    ] orchestrator:   #6 Down score=4.97 tier=OVERFIT_DANGER folds=1/3 idx=[2] p=1.52e-05 ev=0.0739
2026-04-05 06:52:06.332 [INFO    ] orchestrator:   #3 Down score=4.50 tier=OVERFIT_DANGER folds=1/3 idx=[4] p=2.41e-03 ev=0.1156
2026-04-05 06:52:06.332 [INFO    ] orchestrator: signal #2 Down [260s->120s] d>=0.0% v<=0.45% score 7.38 < threshold 10.00 — skipping
2026-04-05 06:52:06.348 [INFO    ] orchestrator: no signal passed all delivery gates — not sending to bot
2026-04-05 07:07:06.370 [INFO    ] orchestrator: data quality check passed: 600 windows available
2026-04-05 07:07:06.370 [INFO    ] orchestrator: starting engine: C:\Users\operator\Desktop\PolySignalLab\PolySignalEngine\build\Release\PolySignalEngine.exe C:\Users\operator\Desktop\PolySignalLab\PolyDataCollector\data --output-dir C:\Users\operator\Desktop\PolySignalLab\engine_output
2026-04-05 07:07:13.985 [INFO    ] orchestrator: engine:   Summary written: C:\Users\operator\Desktop\PolySignalLab\engine_output\signals_summary_1775362033.json
2026-04-05 07:07:13.987 [INFO    ] orchestrator: engine: 
2026-04-05 07:07:13.987 [INFO    ] orchestrator: engine: ==========================================================
2026-04-05 07:07:13.987 [INFO    ] orchestrator: engine:   SUMMARY
2026-04-05 07:07:13.987 [INFO    ] orchestrator: engine: ==========================================================
2026-04-05 07:07:13.987 [INFO    ] orchestrator: engine:   Total windows:         600 (316 UP, 284 DOWN)
2026-04-05 07:07:13.987 [INFO    ] orchestrator: engine:   Walk-forward folds:    5 (3 test iterations)
2026-04-05 07:07:13.987 [INFO    ] orchestrator: engine:   OOS base rate:         51.7% UP (360 test windows total)
2026-04-05 07:07:13.987 [INFO    ] orchestrator: engine:   Viable WF-OOS signals: 16
2026-04-05 07:07:13.987 [INFO    ] orchestrator: engine: ==========================================================
2026-04-05 07:07:13.987 [INFO    ] orchestrator: engine produced: signals_summary_1775362033.json
2026-04-05 07:07:13.987 [INFO    ] orchestrator: cleaned up old summary: signals_summary_1775352955.json
2026-04-05 07:07:13.987 [INFO    ] orchestrator: ranked 16 signals
2026-04-05 07:07:13.987 [INFO    ] orchestrator:   #1 Down score=13.04 tier=OVERFIT_DANGER folds=1/3 idx=[4] p=5.87e-08 ev=0.1151
2026-04-05 07:07:13.995 [INFO    ] orchestrator:   #2 Down score=5.70 tier=OVERFIT_DANGER folds=1/3 idx=[4] p=8.68e-08 ev=0.0530
2026-04-05 07:07:13.995 [INFO    ] orchestrator:   #4 Down score=5.10 tier=OVERFIT_DANGER folds=1/3 idx=[2] p=6.73e-06 ev=0.0694
2026-04-05 07:07:13.995 [INFO    ] orchestrator:   #3 Down score=3.57 tier=OVERFIT_DANGER folds=1/3 idx=[4] p=1.33e-03 ev=0.0863
2026-04-05 07:07:13.995 [INFO    ] orchestrator:   #8 Down score=3.20 tier=OVERFIT_DANGER folds=1/3 idx=[2] p=8.56e-05 ev=0.0581
2026-04-05 07:07:13.995 [INFO    ] orchestrator: signal #1 Down [260s->130s] d>=0.0% v<=0.75% has 1/3 folds < min 2 — skipping (fallback)
2026-04-05 07:07:14.002 [INFO    ] orchestrator: signal #2 Down [140s->90s] d>=0.0% v<=0.05% score 5.70 < threshold 10.00 — skipping
2026-04-05 07:07:14.002 [INFO    ] orchestrator: no signal passed all delivery gates — not sending to bot
2026-04-05 07:22:14.007 [INFO    ] orchestrator: data quality check passed: 600 windows available
2026-04-05 07:22:14.007 [INFO    ] orchestrator: starting engine: C:\Users\operator\Desktop\PolySignalLab\PolySignalEngine\build\Release\PolySignalEngine.exe C:\Users\operator\Desktop\PolySignalLab\PolyDataCollector\data --output-dir C:\Users\operator\Desktop\PolySignalLab\engine_output
2026-04-05 07:22:21.775 [INFO    ] orchestrator: engine:   Summary written: C:\Users\operator\Desktop\PolySignalLab\engine_output\signals_summary_1775362941.json
2026-04-05 07:22:21.775 [INFO    ] orchestrator: engine: 
2026-04-05 07:22:21.775 [INFO    ] orchestrator: engine: ==========================================================
2026-04-05 07:22:21.775 [INFO    ] orchestrator: engine:   SUMMARY
2026-04-05 07:22:21.775 [INFO    ] orchestrator: engine: ==========================================================
2026-04-05 07:22:21.775 [INFO    ] orchestrator: engine:   Total windows:         600 (315 UP, 285 DOWN)
2026-04-05 07:22:21.775 [INFO    ] orchestrator: engine:   Walk-forward folds:    5 (3 test iterations)
2026-04-05 07:22:21.775 [INFO    ] orchestrator: engine:   OOS base rate:         51.4% UP (360 test windows total)
2026-04-05 07:22:21.775 [INFO    ] orchestrator: engine:   Viable WF-OOS signals: 17
2026-04-05 07:22:21.787 [INFO    ] orchestrator: engine: ==========================================================
2026-04-05 07:22:21.787 [INFO    ] orchestrator: engine produced: signals_summary_1775362941.json
2026-04-05 07:22:21.787 [INFO    ] orchestrator: cleaned up old summary: signals_summary_1775353863.json
2026-04-05 07:22:21.787 [INFO    ] orchestrator: ranked 17 signals
2026-04-05 07:22:21.787 [INFO    ] orchestrator:   #1 Down score=14.28 tier=OVERFIT_DANGER folds=1/3 idx=[4] p=1.02e-08 ev=0.1136
2026-04-05 07:22:21.787 [INFO    ] orchestrator:   #2 Down score=6.52 tier=OVERFIT_DANGER folds=1/3 idx=[4] p=1.60e-08 ev=0.0546
2026-04-05 07:22:21.787 [INFO    ] orchestrator:   #4 Down score=4.33 tier=OVERFIT_DANGER folds=1/3 idx=[2] p=2.40e-05 ev=0.0665
2026-04-05 07:22:21.787 [INFO    ] orchestrator:   #3 Down score=3.89 tier=OVERFIT_DANGER folds=1/3 idx=[4] p=9.39e-04 ev=0.0883
2026-04-05 07:22:21.787 [INFO    ] orchestrator:   #9 Down score=2.79 tier=SILVER folds=2/3 idx=[3, 4] p=4.66e-03 ev=0.0326
2026-04-05 07:22:21.787 [INFO    ] orchestrator: signal #1 Down [290s->130s] d>=0.0% v<=0.6% has 1/3 folds < min 2 — skipping (fallback)
2026-04-05 07:22:21.803 [INFO    ] orchestrator: signal #2 Down [220s->90s] d>=0.0% v<=0.5% score 6.52 < threshold 10.00 — skipping
2026-04-05 07:22:21.805 [INFO    ] orchestrator: no signal passed all delivery gates — not sending to bot
2026-04-05 07:37:21.818 [INFO    ] orchestrator: data quality check passed: 600 windows available
2026-04-05 07:37:21.818 [INFO    ] orchestrator: starting engine: C:\Users\operator\Desktop\PolySignalLab\PolySignalEngine\build\Release\PolySignalEngine.exe C:\Users\operator\Desktop\PolySignalLab\PolyDataCollector\data --output-dir C:\Users\operator\Desktop\PolySignalLab\engine_output
2026-04-05 07:37:29.673 [INFO    ] orchestrator: engine:   Summary written: C:\Users\operator\Desktop\PolySignalLab\engine_output\signals_summary_1775363849.json
2026-04-05 07:37:29.673 [INFO    ] orchestrator: engine: 
2026-04-05 07:37:29.673 [INFO    ] orchestrator: engine: ==========================================================
2026-04-05 07:37:29.673 [INFO    ] orchestrator: engine:   SUMMARY
2026-04-05 07:37:29.673 [INFO    ] orchestrator: engine: ==========================================================
2026-04-05 07:37:29.677 [INFO    ] orchestrator: engine:   Total windows:         600 (317 UP, 283 DOWN)
2026-04-05 07:37:29.677 [INFO    ] orchestrator: engine:   Walk-forward folds:    5 (3 test iterations)
2026-04-05 07:37:29.677 [INFO    ] orchestrator: engine:   OOS base rate:         51.7% UP (360 test windows total)
2026-04-05 07:37:29.677 [INFO    ] orchestrator: engine:   Viable WF-OOS signals: 16
2026-04-05 07:37:29.677 [INFO    ] orchestrator: engine: ==========================================================
2026-04-05 07:37:29.677 [INFO    ] orchestrator: engine produced: signals_summary_1775363849.json
2026-04-05 07:37:29.677 [INFO    ] orchestrator: cleaned up old summary: signals_summary_1775354771.json
2026-04-05 07:37:29.677 [INFO    ] orchestrator: ranked 16 signals
2026-04-05 07:37:29.677 [INFO    ] orchestrator:   #2 Down score=8.96 tier=OVERFIT_DANGER folds=1/3 idx=[4] p=1.22e-08 ev=0.0737
2026-04-05 07:37:29.677 [INFO    ] orchestrator:   #1 Down score=6.62 tier=OVERFIT_DANGER folds=1/3 idx=[4] p=1.22e-08 ev=0.0546
2026-04-05 07:37:29.677 [INFO    ] orchestrator:   #4 Down score=5.37 tier=OVERFIT_DANGER folds=1/3 idx=[2] p=1.09e-05 ev=0.0755
2026-04-05 07:37:29.683 [INFO    ] orchestrator:   #3 Down score=5.13 tier=OVERFIT_DANGER folds=1/3 idx=[4] p=1.07e-03 ev=0.1149
2026-04-05 07:37:29.683 [INFO    ] orchestrator:   #7 Down score=3.20 tier=OVERFIT_DANGER folds=1/3 idx=[2] p=1.24e-04 ev=0.0602
2026-04-05 07:37:29.683 [INFO    ] orchestrator: signal #2 Down [220s->120s] d>=0.0% v<=0.3% score 8.96 < threshold 10.00 — skipping
2026-04-05 07:37:29.693 [INFO    ] orchestrator: no signal passed all delivery gates — not sending to bot
2026-04-05 07:52:29.710 [INFO    ] orchestrator: data quality check passed: 600 windows available
2026-04-05 07:52:29.710 [INFO    ] orchestrator: starting engine: C:\Users\operator\Desktop\PolySignalLab\PolySignalEngine\build\Release\PolySignalEngine.exe C:\Users\operator\Desktop\PolySignalLab\PolyDataCollector\data --output-dir C:\Users\operator\Desktop\PolySignalLab\engine_output
2026-04-05 07:52:37.533 [INFO    ] orchestrator: engine:   Summary written: C:\Users\operator\Desktop\PolySignalLab\engine_output\signals_summary_1775364757.json
2026-04-05 07:52:37.533 [INFO    ] orchestrator: engine: 
2026-04-05 07:52:37.533 [INFO    ] orchestrator: engine: ==========================================================
2026-04-05 07:52:37.533 [INFO    ] orchestrator: engine:   SUMMARY
2026-04-05 07:52:37.533 [INFO    ] orchestrator: engine: ==========================================================
2026-04-05 07:52:37.533 [INFO    ] orchestrator: engine:   Total windows:         600 (315 UP, 285 DOWN)
2026-04-05 07:52:37.533 [INFO    ] orchestrator: engine:   Walk-forward folds:    5 (3 test iterations)
2026-04-05 07:52:37.533 [INFO    ] orchestrator: engine:   OOS base rate:         51.4% UP (360 test windows total)
2026-04-05 07:52:37.533 [INFO    ] orchestrator: engine:   Viable WF-OOS signals: 15
2026-04-05 07:52:37.533 [INFO    ] orchestrator: engine: ==========================================================
2026-04-05 07:52:37.533 [INFO    ] orchestrator: engine produced: signals_summary_1775364757.json
2026-04-05 07:52:37.533 [INFO    ] orchestrator: cleaned up old summary: signals_summary_1775355679.json
2026-04-05 07:52:37.542 [INFO    ] orchestrator: ranked 15 signals
2026-04-05 07:52:37.542 [INFO    ] orchestrator:   #1 Down score=15.29 tier=OVERFIT_DANGER folds=1/3 idx=[4] p=4.87e-09 ev=0.1167
2026-04-05 07:52:37.542 [INFO    ] orchestrator:   #2 Down score=7.11 tier=OVERFIT_DANGER folds=1/3 idx=[4] p=7.82e-09 ev=0.0572
2026-04-05 07:52:37.542 [INFO    ] orchestrator:   #4 Down score=5.68 tier=OVERFIT_DANGER folds=1/3 idx=[2] p=7.27e-06 ev=0.0769
2026-04-05 07:52:37.542 [INFO    ] orchestrator:   #3 Down score=4.21 tier=OVERFIT_DANGER folds=1/3 idx=[4] p=6.74e-04 ev=0.0912
2026-04-05 07:52:37.542 [INFO    ] orchestrator:   #6 Down score=3.36 tier=OVERFIT_DANGER folds=1/3 idx=[2] p=1.41e-04 ev=0.0641
2026-04-05 07:52:37.542 [INFO    ] orchestrator: signal #1 Down [240s->130s] d>=0.0% v<=0.5% has 1/3 folds < min 2 — skipping (fallback)
2026-04-05 07:52:37.547 [INFO    ] orchestrator: signal #2 Down [140s->90s] d>=0.0% v<=0.05% score 7.11 < threshold 10.00 — skipping
2026-04-05 07:52:37.547 [INFO    ] orchestrator: no signal passed all delivery gates — not sending to bot
2026-04-05 08:07:37.561 [INFO    ] orchestrator: data quality check passed: 600 windows available
2026-04-05 08:07:37.561 [INFO    ] orchestrator: starting engine: C:\Users\operator\Desktop\PolySignalLab\PolySignalEngine\build\Release\PolySignalEngine.exe C:\Users\operator\Desktop\PolySignalLab\PolyDataCollector\data --output-dir C:\Users\operator\Desktop\PolySignalLab\engine_output
2026-04-05 08:07:45.277 [INFO    ] orchestrator: engine:   Summary written: C:\Users\operator\Desktop\PolySignalLab\engine_output\signals_summary_1775365665.json
2026-04-05 08:07:45.277 [INFO    ] orchestrator: engine: 
2026-04-05 08:07:45.277 [INFO    ] orchestrator: engine: ==========================================================
2026-04-05 08:07:45.277 [INFO    ] orchestrator: engine:   SUMMARY
2026-04-05 08:07:45.277 [INFO    ] orchestrator: engine: ==========================================================
2026-04-05 08:07:45.277 [INFO    ] orchestrator: engine:   Total windows:         600 (314 UP, 286 DOWN)
2026-04-05 08:07:45.277 [INFO    ] orchestrator: engine:   Walk-forward folds:    5 (3 test iterations)
2026-04-05 08:07:45.283 [INFO    ] orchestrator: engine:   OOS base rate:         51.7% UP (360 test windows total)
2026-04-05 08:07:45.283 [INFO    ] orchestrator: engine:   Viable WF-OOS signals: 16
2026-04-05 08:07:45.283 [INFO    ] orchestrator: engine: ==========================================================
2026-04-05 08:07:45.283 [INFO    ] orchestrator: engine produced: signals_summary_1775365665.json
2026-04-05 08:07:45.285 [INFO    ] orchestrator: cleaned up old summary: signals_summary_1775356587.json
2026-04-05 08:07:45.285 [INFO    ] orchestrator: ranked 16 signals
2026-04-05 08:07:45.285 [INFO    ] orchestrator:   #1 Down score=14.74 tier=OVERFIT_DANGER folds=1/3 idx=[4] p=7.75e-09 ev=0.1155
2026-04-05 08:07:45.285 [INFO    ] orchestrator:   #2 Down score=6.98 tier=OVERFIT_DANGER folds=1/3 idx=[4] p=1.22e-08 ev=0.0576
2026-04-05 08:07:45.285 [INFO    ] orchestrator:   #4 Down score=5.91 tier=OVERFIT_DANGER folds=1/3 idx=[2] p=6.23e-06 ev=0.0789
2026-04-05 08:07:45.285 [INFO    ] orchestrator:   #3 Down score=3.99 tier=OVERFIT_DANGER folds=1/3 idx=[4] p=6.24e-04 ev=0.0860
2026-04-05 08:07:45.285 [INFO    ] orchestrator:   #6 Down score=3.46 tier=OVERFIT_DANGER folds=1/3 idx=[2] p=1.49e-04 ev=0.0664
2026-04-05 08:07:45.285 [INFO    ] orchestrator: signal #1 Down [260s->130s] d>=0.0% v<=0.15% has 1/3 folds < min 2 — skipping (fallback)
2026-04-05 08:07:45.299 [INFO    ] orchestrator: signal #2 Down [150s->90s] d>=0.0% v<=1.0% score 6.98 < threshold 10.00 — skipping
2026-04-05 08:07:45.299 [INFO    ] orchestrator: no signal passed all delivery gates — not sending to bot
2026-04-05 08:22:45.316 [INFO    ] orchestrator: data quality check passed: 600 windows available
2026-04-05 08:22:45.316 [INFO    ] orchestrator: starting engine: C:\Users\operator\Desktop\PolySignalLab\PolySignalEngine\build\Release\PolySignalEngine.exe C:\Users\operator\Desktop\PolySignalLab\PolyDataCollector\data --output-dir C:\Users\operator\Desktop\PolySignalLab\engine_output
2026-04-05 08:22:53.161 [INFO    ] orchestrator: engine:   Summary written: C:\Users\operator\Desktop\PolySignalLab\engine_output\signals_summary_1775366573.json
2026-04-05 08:22:53.161 [INFO    ] orchestrator: engine: 
2026-04-05 08:22:53.161 [INFO    ] orchestrator: engine: ==========================================================
2026-04-05 08:22:53.161 [INFO    ] orchestrator: engine:   SUMMARY
2026-04-05 08:22:53.161 [INFO    ] orchestrator: engine: ==========================================================
2026-04-05 08:22:53.161 [INFO    ] orchestrator: engine:   Total windows:         600 (314 UP, 286 DOWN)
2026-04-05 08:22:53.161 [INFO    ] orchestrator: engine:   Walk-forward folds:    5 (3 test iterations)
2026-04-05 08:22:53.161 [INFO    ] orchestrator: engine:   OOS base rate:         51.9% UP (360 test windows total)
2026-04-05 08:22:53.161 [INFO    ] orchestrator: engine:   Viable WF-OOS signals: 17
2026-04-05 08:22:53.161 [INFO    ] orchestrator: engine: ==========================================================
2026-04-05 08:22:53.161 [INFO    ] orchestrator: engine produced: signals_summary_1775366573.json
2026-04-05 08:22:53.161 [INFO    ] orchestrator: cleaned up old summary: signals_summary_1775357495.json
2026-04-05 08:22:53.161 [INFO    ] orchestrator: ranked 17 signals
2026-04-05 08:22:53.161 [INFO    ] orchestrator:   #1 Down score=14.89 tier=OVERFIT_DANGER folds=1/3 idx=[4] p=6.39e-09 ev=0.1155
2026-04-05 08:22:53.161 [INFO    ] orchestrator:   #2 Down score=7.06 tier=OVERFIT_DANGER folds=1/3 idx=[4] p=1.00e-08 ev=0.0576
2026-04-05 08:22:53.161 [INFO    ] orchestrator:   #4 Down score=4.64 tier=OVERFIT_DANGER folds=1/3 idx=[2] p=1.66e-05 ev=0.0681
2026-04-05 08:22:53.161 [INFO    ] orchestrator:   #3 Down score=3.96 tier=OVERFIT_DANGER folds=1/3 idx=[4] p=6.59e-04 ev=0.0860
2026-04-05 08:22:53.161 [INFO    ] orchestrator:   #7 Down score=2.85 tier=OVERFIT_DANGER folds=1/3 idx=[2] p=2.74e-04 ev=0.0591
2026-04-05 08:22:53.161 [INFO    ] orchestrator: signal #1 Down [240s->130s] d>=0.0% v<=0.2% has 1/3 folds < min 2 — skipping (fallback)
2026-04-05 08:22:53.180 [INFO    ] orchestrator: signal #2 Down [160s->90s] d>=0.0% v<=0.15% score 7.06 < threshold 10.00 — skipping
2026-04-05 08:22:53.180 [INFO    ] orchestrator: no signal passed all delivery gates — not sending to bot
2026-04-05 08:37:53.189 [INFO    ] orchestrator: data quality check passed: 600 windows available
2026-04-05 08:37:53.191 [INFO    ] orchestrator: starting engine: C:\Users\operator\Desktop\PolySignalLab\PolySignalEngine\build\Release\PolySignalEngine.exe C:\Users\operator\Desktop\PolySignalLab\PolyDataCollector\data --output-dir C:\Users\operator\Desktop\PolySignalLab\engine_output
2026-04-05 08:38:00.870 [INFO    ] orchestrator: engine:   Summary written: C:\Users\operator\Desktop\PolySignalLab\engine_output\signals_summary_1775367480.json
2026-04-05 08:38:00.870 [INFO    ] orchestrator: engine: 
2026-04-05 08:38:00.870 [INFO    ] orchestrator: engine: ==========================================================
2026-04-05 08:38:00.870 [INFO    ] orchestrator: engine:   SUMMARY
2026-04-05 08:38:00.870 [INFO    ] orchestrator: engine: ==========================================================
2026-04-05 08:38:00.870 [INFO    ] orchestrator: engine:   Total windows:         600 (314 UP, 286 DOWN)
2026-04-05 08:38:00.870 [INFO    ] orchestrator: engine:   Walk-forward folds:    5 (3 test iterations)
2026-04-05 08:38:00.870 [INFO    ] orchestrator: engine:   OOS base rate:         52.2% UP (360 test windows total)
2026-04-05 08:38:00.882 [INFO    ] orchestrator: engine:   Viable WF-OOS signals: 20
2026-04-05 08:38:00.882 [INFO    ] orchestrator: engine: ==========================================================
2026-04-05 08:38:00.882 [INFO    ] orchestrator: engine produced: signals_summary_1775367480.json
2026-04-05 08:38:00.884 [INFO    ] orchestrator: cleaned up old summary: signals_summary_1775358402.json
2026-04-05 08:38:00.884 [INFO    ] orchestrator: ranked 20 signals
2026-04-05 08:38:00.886 [INFO    ] orchestrator:   #1 Down score=13.92 tier=OVERFIT_DANGER folds=1/3 idx=[4] p=2.00e-08 ev=0.1152
2026-04-05 08:38:00.886 [INFO    ] orchestrator:   #2 Down score=6.37 tier=OVERFIT_DANGER folds=1/3 idx=[4] p=3.02e-08 ev=0.0555
2026-04-05 08:38:00.886 [INFO    ] orchestrator:   #5 Down score=3.61 tier=OVERFIT_DANGER folds=1/3 idx=[4] p=9.49e-04 ev=0.0832
2026-04-05 08:38:00.886 [INFO    ] orchestrator:   #11 Up score=3.45 tier=OVERFIT_DANGER folds=1/3 idx=[4] p=3.48e-03 ev=0.1080
2026-04-05 08:38:00.886 [INFO    ] orchestrator:   #6 Down score=2.55 tier=OVERFIT_DANGER folds=1/3 idx=[2] p=7.30e-05 ev=0.0444
2026-04-05 08:38:00.888 [INFO    ] orchestrator: signal #1 Down [230s->130s] d>=0.0% v<=0.7% has 1/3 folds < min 2 — skipping (fallback)
2026-04-05 08:38:00.898 [INFO    ] orchestrator: signal #2 Down [140s->90s] d>=0.0% v<=0.3% score 6.37 < threshold 10.00 — skipping
2026-04-05 08:38:00.898 [INFO    ] orchestrator: no signal passed all delivery gates — not sending to bot
2026-04-05 08:53:00.909 [INFO    ] orchestrator: data quality check passed: 600 windows available
2026-04-05 08:53:00.909 [INFO    ] orchestrator: starting engine: C:\Users\operator\Desktop\PolySignalLab\PolySignalEngine\build\Release\PolySignalEngine.exe C:\Users\operator\Desktop\PolySignalLab\PolyDataCollector\data --output-dir C:\Users\operator\Desktop\PolySignalLab\engine_output
2026-04-05 08:53:08.787 [INFO    ] orchestrator: engine:   Summary written: C:\Users\operator\Desktop\PolySignalLab\engine_output\signals_summary_1775368388.json
2026-04-05 08:53:08.792 [INFO    ] orchestrator: engine: 
2026-04-05 08:53:08.792 [INFO    ] orchestrator: engine: ==========================================================
2026-04-05 08:53:08.792 [INFO    ] orchestrator: engine:   SUMMARY
2026-04-05 08:53:08.792 [INFO    ] orchestrator: engine: ==========================================================
2026-04-05 08:53:08.792 [INFO    ] orchestrator: engine:   Total windows:         600 (315 UP, 285 DOWN)
2026-04-05 08:53:08.792 [INFO    ] orchestrator: engine:   Walk-forward folds:    5 (3 test iterations)
2026-04-05 08:53:08.792 [INFO    ] orchestrator: engine:   OOS base rate:         51.9% UP (360 test windows total)
2026-04-05 08:53:08.792 [INFO    ] orchestrator: engine:   Viable WF-OOS signals: 20
2026-04-05 08:53:08.792 [INFO    ] orchestrator: engine: ==========================================================
2026-04-05 08:53:08.792 [INFO    ] orchestrator: engine produced: signals_summary_1775368388.json
2026-04-05 08:53:08.792 [INFO    ] orchestrator: cleaned up old summary: signals_summary_1775359310.json
2026-04-05 08:53:08.792 [INFO    ] orchestrator: ranked 20 signals
2026-04-05 08:53:08.792 [INFO    ] orchestrator:   #1 Down score=13.51 tier=OVERFIT_DANGER folds=1/3 idx=[4] p=4.79e-08 ev=0.1178
2026-04-05 08:53:08.792 [INFO    ] orchestrator:   #2 Down score=6.15 tier=OVERFIT_DANGER folds=1/3 idx=[4] p=7.07e-08 ev=0.0565
2026-04-05 08:53:08.792 [INFO    ] orchestrator:   #5 Down score=3.60 tier=OVERFIT_DANGER folds=1/3 idx=[4] p=1.05e-03 ev=0.0846
2026-04-05 08:53:08.792 [INFO    ] orchestrator:   #6 Down score=3.56 tier=OVERFIT_DANGER folds=1/3 idx=[2] p=2.98e-05 ev=0.0555
2026-04-05 08:53:08.792 [INFO    ] orchestrator:   #11 Up score=2.21 tier=OVERFIT_DANGER folds=1/3 idx=[4] p=8.30e-03 ev=0.0840
2026-04-05 08:53:08.792 [INFO    ] orchestrator: signal #1 Down [200s->130s] d>=0.0% v<=0.25% has 1/3 folds < min 2 — skipping (fallback)
2026-04-05 08:53:08.811 [INFO    ] orchestrator: signal #2 Down [260s->90s] d>=0.0% v<=0.4% score 6.15 < threshold 10.00 — skipping
2026-04-05 08:53:08.811 [INFO    ] orchestrator: no signal passed all delivery gates — not sending to bot
2026-04-05 09:08:08.813 [INFO    ] orchestrator: data quality check passed: 600 windows available
2026-04-05 09:08:08.813 [INFO    ] orchestrator: starting engine: C:\Users\operator\Desktop\PolySignalLab\PolySignalEngine\build\Release\PolySignalEngine.exe C:\Users\operator\Desktop\PolySignalLab\PolyDataCollector\data --output-dir C:\Users\operator\Desktop\PolySignalLab\engine_output
2026-04-05 09:08:16.398 [INFO    ] orchestrator: engine:   Summary written: C:\Users\operator\Desktop\PolySignalLab\engine_output\signals_summary_1775369296.json
2026-04-05 09:08:16.398 [INFO    ] orchestrator: engine: 
2026-04-05 09:08:16.398 [INFO    ] orchestrator: engine: ==========================================================
2026-04-05 09:08:16.398 [INFO    ] orchestrator: engine:   SUMMARY
2026-04-05 09:08:16.398 [INFO    ] orchestrator: engine: ==========================================================
2026-04-05 09:08:16.398 [INFO    ] orchestrator: engine:   Total windows:         600 (314 UP, 286 DOWN)
2026-04-05 09:08:16.398 [INFO    ] orchestrator: engine:   Walk-forward folds:    5 (3 test iterations)
2026-04-05 09:08:16.398 [INFO    ] orchestrator: engine:   OOS base rate:         51.7% UP (360 test windows total)
2026-04-05 09:08:16.398 [INFO    ] orchestrator: engine:   Viable WF-OOS signals: 23
2026-04-05 09:08:16.398 [INFO    ] orchestrator: engine: ==========================================================
2026-04-05 09:08:16.407 [INFO    ] orchestrator: engine produced: signals_summary_1775369296.json
2026-04-05 09:08:16.407 [INFO    ] orchestrator: cleaned up old summary: signals_summary_1775360218.json
2026-04-05 09:08:16.407 [INFO    ] orchestrator: ranked 20 signals
2026-04-05 09:08:16.407 [INFO    ] orchestrator:   #1 Down score=9.40 tier=OVERFIT_DANGER folds=1/3 idx=[4] p=1.78e-07 ev=0.0909
2026-04-05 09:08:16.407 [INFO    ] orchestrator:   #5 Down score=3.33 tier=OVERFIT_DANGER folds=1/3 idx=[2] p=6.28e-05 ev=0.0561
2026-04-05 09:08:16.407 [INFO    ] orchestrator:   #2 Down score=3.30 tier=OVERFIT_DANGER folds=1/3 idx=[4] p=4.16e-07 ev=0.0348
2026-04-05 09:08:16.407 [INFO    ] orchestrator:   #11 Up score=2.62 tier=OVERFIT_DANGER folds=1/3 idx=[4] p=8.10e-03 ev=0.0980
2026-04-05 09:08:16.407 [INFO    ] orchestrator:   #12 Up score=2.56 tier=BRONZE folds=2/3 idx=[3, 4] p=7.42e-02 ev=0.0746
2026-04-05 09:08:16.407 [INFO    ] orchestrator: signal #1 Down [260s->130s] d>=0.0% v<=0.75% score 9.40 < threshold 10.00 — skipping
2026-04-05 09:08:16.407 [INFO    ] orchestrator: no signal passed all delivery gates — not sending to bot
2026-04-05 09:23:16.433 [INFO    ] orchestrator: data quality check passed: 600 windows available
2026-04-05 09:23:16.433 [INFO    ] orchestrator: starting engine: C:\Users\operator\Desktop\PolySignalLab\PolySignalEngine\build\Release\PolySignalEngine.exe C:\Users\operator\Desktop\PolySignalLab\PolyDataCollector\data --output-dir C:\Users\operator\Desktop\PolySignalLab\engine_output
2026-04-05 09:23:24.188 [INFO    ] orchestrator: engine:   Summary written: C:\Users\operator\Desktop\PolySignalLab\engine_output\signals_summary_1775370204.json
2026-04-05 09:23:24.188 [INFO    ] orchestrator: engine: 
2026-04-05 09:23:24.188 [INFO    ] orchestrator: engine: ==========================================================
2026-04-05 09:23:24.188 [INFO    ] orchestrator: engine:   SUMMARY
2026-04-05 09:23:24.188 [INFO    ] orchestrator: engine: ==========================================================
2026-04-05 09:23:24.188 [INFO    ] orchestrator: engine:   Total windows:         600 (313 UP, 287 DOWN)
2026-04-05 09:23:24.188 [INFO    ] orchestrator: engine:   Walk-forward folds:    5 (3 test iterations)
2026-04-05 09:23:24.188 [INFO    ] orchestrator: engine:   OOS base rate:         51.4% UP (360 test windows total)
2026-04-05 09:23:24.188 [INFO    ] orchestrator: engine:   Viable WF-OOS signals: 24
2026-04-05 09:23:24.188 [INFO    ] orchestrator: engine: ==========================================================
2026-04-05 09:23:24.188 [INFO    ] orchestrator: engine produced: signals_summary_1775370204.json
2026-04-05 09:23:24.188 [INFO    ] orchestrator: cleaned up old summary: signals_summary_1775361126.json
2026-04-05 09:23:24.188 [INFO    ] orchestrator: ranked 20 signals
2026-04-05 09:23:24.188 [INFO    ] orchestrator:   #1 Down score=8.47 tier=OVERFIT_DANGER folds=1/3 idx=[4] p=3.08e-07 ev=0.0863
2026-04-05 09:23:24.188 [INFO    ] orchestrator:   #5 Down score=3.17 tier=OVERFIT_DANGER folds=1/3 idx=[2] p=7.56e-05 ev=0.0546
2026-04-05 09:23:24.188 [INFO    ] orchestrator:   #12 Up score=2.67 tier=BRONZE folds=2/3 idx=[3, 4] p=6.66e-02 ev=0.0746
2026-04-05 09:23:24.188 [INFO    ] orchestrator:   #14 Up score=2.42 tier=OVERFIT_DANGER folds=1/3 idx=[4] p=8.34e-03 ev=0.0926
2026-04-05 09:23:24.188 [INFO    ] orchestrator:   #6 Down score=1.94 tier=OVERFIT_DANGER folds=1/3 idx=[4] p=8.96e-04 ev=0.0462
2026-04-05 09:23:24.188 [INFO    ] orchestrator: signal #1 Down [190s->130s] d>=0.0% v<=0.15% score 8.47 < threshold 10.00 — skipping
2026-04-05 09:23:24.204 [INFO    ] orchestrator: no signal passed all delivery gates — not sending to bot
2026-04-05 09:38:24.225 [INFO    ] orchestrator: data quality check passed: 600 windows available
2026-04-05 09:38:24.225 [INFO    ] orchestrator: starting engine: C:\Users\operator\Desktop\PolySignalLab\PolySignalEngine\build\Release\PolySignalEngine.exe C:\Users\operator\Desktop\PolySignalLab\PolyDataCollector\data --output-dir C:\Users\operator\Desktop\PolySignalLab\engine_output
2026-04-05 09:38:31.789 [INFO    ] orchestrator: engine:   Summary written: C:\Users\operator\Desktop\PolySignalLab\engine_output\signals_summary_1775371111.json
2026-04-05 09:38:31.789 [INFO    ] orchestrator: engine: 
2026-04-05 09:38:31.789 [INFO    ] orchestrator: engine: ==========================================================
2026-04-05 09:38:31.789 [INFO    ] orchestrator: engine:   SUMMARY
2026-04-05 09:38:31.789 [INFO    ] orchestrator: engine: ==========================================================
2026-04-05 09:38:31.789 [INFO    ] orchestrator: engine:   Total windows:         600 (315 UP, 285 DOWN)
2026-04-05 09:38:31.789 [INFO    ] orchestrator: engine:   Walk-forward folds:    5 (3 test iterations)
2026-04-05 09:38:31.789 [INFO    ] orchestrator: engine:   OOS base rate:         51.7% UP (360 test windows total)
2026-04-05 09:38:31.789 [INFO    ] orchestrator: engine:   Viable WF-OOS signals: 24
2026-04-05 09:38:31.789 [INFO    ] orchestrator: engine: ==========================================================
2026-04-05 09:38:31.789 [INFO    ] orchestrator: engine produced: signals_summary_1775371111.json
2026-04-05 09:38:31.789 [INFO    ] orchestrator: cleaned up old summary: signals_summary_1775362033.json
2026-04-05 09:38:31.789 [INFO    ] orchestrator: ranked 20 signals
2026-04-05 09:38:31.789 [INFO    ] orchestrator:   #1 Down score=8.61 tier=OVERFIT_DANGER folds=1/3 idx=[4] p=2.44e-07 ev=0.0863
2026-04-05 09:38:31.789 [INFO    ] orchestrator:   #4 Down score=3.24 tier=OVERFIT_DANGER folds=1/3 idx=[2] p=6.28e-05 ev=0.0546
2026-04-05 09:38:31.789 [INFO    ] orchestrator:   #15 Up score=2.64 tier=BRONZE folds=2/3 idx=[3, 4] p=6.83e-02 ev=0.0746
2026-04-05 09:38:31.789 [INFO    ] orchestrator:   #10 Down score=2.09 tier=OVERFIT_DANGER folds=1/3 idx=[2] p=1.16e-02 ev=0.0889
2026-04-05 09:38:31.802 [INFO    ] orchestrator:   #5 Down score=1.98 tier=OVERFIT_DANGER folds=1/3 idx=[4] p=7.70e-04 ev=0.0462
2026-04-05 09:38:31.802 [INFO    ] orchestrator: signal #1 Down [210s->130s] d>=0.0% v<=1.0% score 8.61 < threshold 10.00 — skipping
2026-04-05 09:38:31.802 [INFO    ] orchestrator: no signal passed all delivery gates — not sending to bot
2026-04-05 09:53:31.818 [INFO    ] orchestrator: data quality check passed: 600 windows available
2026-04-05 09:53:31.818 [INFO    ] orchestrator: starting engine: C:\Users\operator\Desktop\PolySignalLab\PolySignalEngine\build\Release\PolySignalEngine.exe C:\Users\operator\Desktop\PolySignalLab\PolyDataCollector\data --output-dir C:\Users\operator\Desktop\PolySignalLab\engine_output
2026-04-05 09:53:39.769 [INFO    ] orchestrator: engine:   Summary written: C:\Users\operator\Desktop\PolySignalLab\engine_output\signals_summary_1775372019.json
2026-04-05 09:53:39.769 [INFO    ] orchestrator: engine: 
2026-04-05 09:53:39.771 [INFO    ] orchestrator: engine: ==========================================================
2026-04-05 09:53:39.771 [INFO    ] orchestrator: engine:   SUMMARY
2026-04-05 09:53:39.771 [INFO    ] orchestrator: engine: ==========================================================
2026-04-05 09:53:39.771 [INFO    ] orchestrator: engine:   Total windows:         600 (315 UP, 285 DOWN)
2026-04-05 09:53:39.771 [INFO    ] orchestrator: engine:   Walk-forward folds:    5 (3 test iterations)
2026-04-05 09:53:39.771 [INFO    ] orchestrator: engine:   OOS base rate:         51.7% UP (360 test windows total)
2026-04-05 09:53:39.771 [INFO    ] orchestrator: engine:   Viable WF-OOS signals: 24
2026-04-05 09:53:39.771 [INFO    ] orchestrator: engine: ==========================================================
2026-04-05 09:53:39.774 [INFO    ] orchestrator: engine produced: signals_summary_1775372019.json
2026-04-05 09:53:39.774 [INFO    ] orchestrator: cleaned up old summary: signals_summary_1775362941.json
2026-04-05 09:53:39.774 [INFO    ] orchestrator: ranked 20 signals
2026-04-05 09:53:39.774 [INFO    ] orchestrator:   #1 Down score=8.62 tier=OVERFIT_DANGER folds=1/3 idx=[4] p=2.37e-07 ev=0.0863
2026-04-05 09:53:39.774 [INFO    ] orchestrator:   #17 Up score=6.15 tier=SILVER folds=2/3 idx=[2, 4] p=3.76e-05 ev=0.0403
2026-04-05 09:53:39.774 [INFO    ] orchestrator:   #4 Down score=2.69 tier=OVERFIT_DANGER folds=1/3 idx=[2] p=7.92e-05 ev=0.0468
2026-04-05 09:53:39.774 [INFO    ] orchestrator:   #10 Down score=2.55 tier=OVERFIT_DANGER folds=1/3 idx=[2] p=8.72e-03 ev=0.1073
2026-04-05 09:53:39.774 [INFO    ] orchestrator:   #16 Up score=2.16 tier=BRONZE folds=2/3 idx=[3, 4] p=9.83e-02 ev=0.0732
2026-04-05 09:53:39.774 [INFO    ] orchestrator: signal #1 Down [230s->130s] d>=0.0% v<=0.3% score 8.62 < threshold 10.00 — skipping
2026-04-05 09:53:39.774 [INFO    ] orchestrator: no signal passed all delivery gates — not sending to bot
2026-04-05 10:08:39.792 [INFO    ] orchestrator: data quality check passed: 600 windows available
2026-04-05 10:08:39.792 [INFO    ] orchestrator: starting engine: C:\Users\operator\Desktop\PolySignalLab\PolySignalEngine\build\Release\PolySignalEngine.exe C:\Users\operator\Desktop\PolySignalLab\PolyDataCollector\data --output-dir C:\Users\operator\Desktop\PolySignalLab\engine_output
2026-04-05 10:08:47.468 [INFO    ] orchestrator: engine:   Summary written: C:\Users\operator\Desktop\PolySignalLab\engine_output\signals_summary_1775372927.json
2026-04-05 10:08:47.468 [INFO    ] orchestrator: engine: 
2026-04-05 10:08:47.484 [INFO    ] orchestrator: engine: ==========================================================
2026-04-05 10:08:47.484 [INFO    ] orchestrator: engine:   SUMMARY
2026-04-05 10:08:47.484 [INFO    ] orchestrator: engine: ==========================================================
2026-04-05 10:08:47.484 [INFO    ] orchestrator: engine:   Total windows:         600 (315 UP, 285 DOWN)
2026-04-05 10:08:47.484 [INFO    ] orchestrator: engine:   Walk-forward folds:    5 (3 test iterations)
2026-04-05 10:08:47.484 [INFO    ] orchestrator: engine:   OOS base rate:         52.2% UP (360 test windows total)
2026-04-05 10:08:47.484 [INFO    ] orchestrator: engine:   Viable WF-OOS signals: 26
2026-04-05 10:08:47.484 [INFO    ] orchestrator: engine: ==========================================================
2026-04-05 10:08:47.484 [INFO    ] orchestrator: engine produced: signals_summary_1775372927.json
2026-04-05 10:08:47.484 [INFO    ] orchestrator: cleaned up old summary: signals_summary_1775363849.json
2026-04-05 10:08:47.484 [INFO    ] orchestrator: ranked 20 signals
2026-04-05 10:08:47.484 [INFO    ] orchestrator:   #1 Down score=7.79 tier=OVERFIT_DANGER folds=1/3 idx=[4] p=2.91e-07 ev=0.0793
2026-04-05 10:08:47.484 [INFO    ] orchestrator:   #3 Down score=1.68 tier=OVERFIT_DANGER folds=1/3 idx=[3] p=2.43e-02 ev=0.0738
2026-04-05 10:08:47.484 [INFO    ] orchestrator:   #17 Up score=1.67 tier=BRONZE folds=2/3 idx=[3, 4] p=8.65e-02 ev=0.0567
2026-04-05 10:08:47.484 [INFO    ] orchestrator:   #9 Down score=1.65 tier=OVERFIT_DANGER folds=1/3 idx=[4] p=1.49e-02 ev=0.0748
2026-04-05 10:08:47.484 [INFO    ] orchestrator:   #6 Down score=1.50 tier=OVERFIT_DANGER folds=1/3 idx=[4] p=1.18e-03 ev=0.0373
2026-04-05 10:08:47.484 [INFO    ] orchestrator: signal #1 Down [220s->130s] d>=0.0% v<=0.9% score 7.79 < threshold 10.00 — skipping
2026-04-05 10:08:47.499 [INFO    ] orchestrator: no signal passed all delivery gates — not sending to bot
2026-04-05 10:23:47.504 [INFO    ] orchestrator: data quality check passed: 600 windows available
2026-04-05 10:23:47.504 [INFO    ] orchestrator: starting engine: C:\Users\operator\Desktop\PolySignalLab\PolySignalEngine\build\Release\PolySignalEngine.exe C:\Users\operator\Desktop\PolySignalLab\PolyDataCollector\data --output-dir C:\Users\operator\Desktop\PolySignalLab\engine_output
2026-04-05 10:23:55.149 [INFO    ] orchestrator: engine:   Summary written: C:\Users\operator\Desktop\PolySignalLab\engine_output\signals_summary_1775373835.json
2026-04-05 10:23:55.151 [INFO    ] orchestrator: engine: 
2026-04-05 10:23:55.151 [INFO    ] orchestrator: engine: ==========================================================
2026-04-05 10:23:55.151 [INFO    ] orchestrator: engine:   SUMMARY
2026-04-05 10:23:55.151 [INFO    ] orchestrator: engine: ==========================================================
2026-04-05 10:23:55.151 [INFO    ] orchestrator: engine:   Total windows:         600 (316 UP, 284 DOWN)
2026-04-05 10:23:55.151 [INFO    ] orchestrator: engine:   Walk-forward folds:    5 (3 test iterations)
2026-04-05 10:23:55.151 [INFO    ] orchestrator: engine:   OOS base rate:         52.2% UP (360 test windows total)
2026-04-05 10:23:55.151 [INFO    ] orchestrator: engine:   Viable WF-OOS signals: 27
2026-04-05 10:23:55.151 [INFO    ] orchestrator: engine: ==========================================================
2026-04-05 10:23:55.151 [INFO    ] orchestrator: engine produced: signals_summary_1775373835.json
2026-04-05 10:23:55.158 [INFO    ] orchestrator: cleaned up old summary: signals_summary_1775364757.json
2026-04-05 10:23:55.158 [INFO    ] orchestrator: ranked 20 signals
2026-04-05 10:23:55.158 [INFO    ] orchestrator:   #2 Down score=4.32 tier=OVERFIT_DANGER folds=1/3 idx=[4] p=3.70e-06 ev=0.0541
2026-04-05 10:23:55.160 [INFO    ] orchestrator:   #3 Down score=1.94 tier=OVERFIT_DANGER folds=1/3 idx=[3] p=2.63e-02 ev=0.0833
2026-04-05 10:23:55.160 [INFO    ] orchestrator:   #17 Up score=1.70 tier=BRONZE folds=2/3 idx=[3, 4] p=8.33e-02 ev=0.0567
2026-04-05 10:23:55.160 [INFO    ] orchestrator:   #9 Down score=1.64 tier=OVERFIT_DANGER folds=1/3 idx=[4] p=1.53e-02 ev=0.0748
2026-04-05 10:23:55.160 [INFO    ] orchestrator:   #14 Up score=1.37 tier=OVERFIT_DANGER folds=1/3 idx=[2] p=1.64e-03 ev=0.0398
2026-04-05 10:23:55.162 [INFO    ] orchestrator: signal #2 Down [270s->130s] d>=0.0% v<=0.7% score 4.32 < threshold 10.00 — skipping
2026-04-05 10:23:55.169 [INFO    ] orchestrator: no signal passed all delivery gates — not sending to bot
2026-04-05 10:38:55.178 [INFO    ] orchestrator: data quality check passed: 600 windows available
2026-04-05 10:38:55.178 [INFO    ] orchestrator: starting engine: C:\Users\operator\Desktop\PolySignalLab\PolySignalEngine\build\Release\PolySignalEngine.exe C:\Users\operator\Desktop\PolySignalLab\PolyDataCollector\data --output-dir C:\Users\operator\Desktop\PolySignalLab\engine_output
2026-04-05 10:39:02.870 [INFO    ] orchestrator: engine:   Summary written: C:\Users\operator\Desktop\PolySignalLab\engine_output\signals_summary_1775374742.json
2026-04-05 10:39:02.870 [INFO    ] orchestrator: engine: 
2026-04-05 10:39:02.870 [INFO    ] orchestrator: engine: ==========================================================
2026-04-05 10:39:02.870 [INFO    ] orchestrator: engine:   SUMMARY
2026-04-05 10:39:02.870 [INFO    ] orchestrator: engine: ==========================================================
2026-04-05 10:39:02.874 [INFO    ] orchestrator: engine:   Total windows:         600 (314 UP, 286 DOWN)
2026-04-05 10:39:02.874 [INFO    ] orchestrator: engine:   Walk-forward folds:    5 (3 test iterations)
2026-04-05 10:39:02.874 [INFO    ] orchestrator: engine:   OOS base rate:         51.7% UP (360 test windows total)
2026-04-05 10:39:02.874 [INFO    ] orchestrator: engine:   Viable WF-OOS signals: 29
2026-04-05 10:39:02.874 [INFO    ] orchestrator: engine: ==========================================================
2026-04-05 10:39:02.877 [INFO    ] orchestrator: engine produced: signals_summary_1775374742.json
2026-04-05 10:39:02.877 [INFO    ] orchestrator: cleaned up old summary: signals_summary_1775365665.json
2026-04-05 10:39:02.879 [INFO    ] orchestrator: ranked 20 signals
2026-04-05 10:39:02.879 [INFO    ] orchestrator:   #2 Down score=5.39 tier=OVERFIT_DANGER folds=1/3 idx=[4] p=4.05e-07 ev=0.0571
2026-04-05 10:39:02.879 [INFO    ] orchestrator:   #4 Down score=3.68 tier=OVERFIT_DANGER folds=1/3 idx=[2] p=1.04e-04 ev=0.0638
2026-04-05 10:39:02.879 [INFO    ] orchestrator:   #15 Up score=3.39 tier=BRONZE folds=2/3 idx=[3, 4] p=2.76e-02 ev=0.0809
2026-04-05 10:39:02.879 [INFO    ] orchestrator:   #1 Down score=3.31 tier=OVERFIT_DANGER folds=1/3 idx=[4] p=1.28e-07 ev=0.0321
2026-04-05 10:39:02.881 [INFO    ] orchestrator:   #5 Down score=2.42 tier=OVERFIT_DANGER folds=1/3 idx=[4] p=2.44e-04 ev=0.0474
2026-04-05 10:39:02.881 [INFO    ] orchestrator: signal #2 Down [190s->130s] d>=0.0% v<=1.0% score 5.39 < threshold 10.00 — skipping
2026-04-05 10:39:02.890 [INFO    ] orchestrator: no signal passed all delivery gates — not sending to bot
2026-04-05 10:54:02.897 [INFO    ] orchestrator: data quality check passed: 600 windows available
2026-04-05 10:54:02.897 [INFO    ] orchestrator: starting engine: C:\Users\operator\Desktop\PolySignalLab\PolySignalEngine\build\Release\PolySignalEngine.exe C:\Users\operator\Desktop\PolySignalLab\PolyDataCollector\data --output-dir C:\Users\operator\Desktop\PolySignalLab\engine_output
2026-04-05 10:54:10.650 [INFO    ] orchestrator: engine:   Summary written: C:\Users\operator\Desktop\PolySignalLab\engine_output\signals_summary_1775375650.json
2026-04-05 10:54:10.650 [INFO    ] orchestrator: engine: 
2026-04-05 10:54:10.650 [INFO    ] orchestrator: engine: ==========================================================
2026-04-05 10:54:10.650 [INFO    ] orchestrator: engine:   SUMMARY
2026-04-05 10:54:10.661 [INFO    ] orchestrator: engine: ==========================================================
2026-04-05 10:54:10.661 [INFO    ] orchestrator: engine:   Total windows:         600 (313 UP, 287 DOWN)
2026-04-05 10:54:10.661 [INFO    ] orchestrator: engine:   Walk-forward folds:    5 (3 test iterations)
2026-04-05 10:54:10.661 [INFO    ] orchestrator: engine:   OOS base rate:         51.7% UP (360 test windows total)
2026-04-05 10:54:10.661 [INFO    ] orchestrator: engine:   Viable WF-OOS signals: 25
2026-04-05 10:54:10.661 [INFO    ] orchestrator: engine: ==========================================================
2026-04-05 10:54:10.661 [INFO    ] orchestrator: engine produced: signals_summary_1775375650.json
2026-04-05 10:54:10.661 [INFO    ] orchestrator: cleaned up old summary: signals_summary_1775366573.json
2026-04-05 10:54:10.661 [INFO    ] orchestrator: ranked 20 signals
2026-04-05 10:54:10.661 [INFO    ] orchestrator:   #2 Down score=5.11 tier=OVERFIT_DANGER folds=1/3 idx=[4] p=1.57e-06 ev=0.0594
2026-04-05 10:54:10.661 [INFO    ] orchestrator:   #12 Up score=4.24 tier=BRONZE folds=2/3 idx=[3, 4] p=2.17e-02 ev=0.0995
2026-04-05 10:54:10.661 [INFO    ] orchestrator:   #1 Down score=3.52 tier=OVERFIT_DANGER folds=1/3 idx=[4] p=6.70e-08 ev=0.0327
2026-04-05 10:54:10.661 [INFO    ] orchestrator:   #6 Down score=2.57 tier=OVERFIT_DANGER folds=1/3 idx=[4] p=2.37e-04 ev=0.0498
2026-04-05 10:54:10.661 [INFO    ] orchestrator:   #5 Down score=2.55 tier=OVERFIT_DANGER folds=1/3 idx=[2] p=1.79e-04 ev=0.0473
2026-04-05 10:54:10.661 [INFO    ] orchestrator: signal #2 Down [260s->130s] d>=0.0% v<=0.35% score 5.11 < threshold 10.00 — skipping
2026-04-05 10:54:10.661 [INFO    ] orchestrator: no signal passed all delivery gates — not sending to bot
2026-04-05 11:09:10.678 [INFO    ] orchestrator: data quality check passed: 600 windows available
2026-04-05 11:09:10.678 [INFO    ] orchestrator: starting engine: C:\Users\operator\Desktop\PolySignalLab\PolySignalEngine\build\Release\PolySignalEngine.exe C:\Users\operator\Desktop\PolySignalLab\PolyDataCollector\data --output-dir C:\Users\operator\Desktop\PolySignalLab\engine_output
2026-04-05 11:09:18.449 [INFO    ] orchestrator: engine:   Summary written: C:\Users\operator\Desktop\PolySignalLab\engine_output\signals_summary_1775376558.json
2026-04-05 11:09:18.449 [INFO    ] orchestrator: engine: 
2026-04-05 11:09:18.449 [INFO    ] orchestrator: engine: ==========================================================
2026-04-05 11:09:18.449 [INFO    ] orchestrator: engine:   SUMMARY
2026-04-05 11:09:18.449 [INFO    ] orchestrator: engine: ==========================================================
2026-04-05 11:09:18.449 [INFO    ] orchestrator: engine:   Total windows:         600 (315 UP, 285 DOWN)
2026-04-05 11:09:18.449 [INFO    ] orchestrator: engine:   Walk-forward folds:    5 (3 test iterations)
2026-04-05 11:09:18.449 [INFO    ] orchestrator: engine:   OOS base rate:         51.7% UP (360 test windows total)
2026-04-05 11:09:18.449 [INFO    ] orchestrator: engine:   Viable WF-OOS signals: 24
2026-04-05 11:09:18.449 [INFO    ] orchestrator: engine: ==========================================================
2026-04-05 11:09:18.449 [INFO    ] orchestrator: engine produced: signals_summary_1775376558.json
2026-04-05 11:09:18.449 [INFO    ] orchestrator: cleaned up old summary: signals_summary_1775367480.json
2026-04-05 11:09:18.449 [INFO    ] orchestrator: ranked 20 signals
2026-04-05 11:09:18.449 [INFO    ] orchestrator:   #14 Down score=6.49 tier=SILVER folds=2/3 idx=[2, 4] p=4.02e-04 ev=0.0516
2026-04-05 11:09:18.449 [INFO    ] orchestrator:   #5 Down score=4.59 tier=OVERFIT_DANGER folds=1/3 idx=[4] p=1.44e-06 ev=0.0541
2026-04-05 11:09:18.449 [INFO    ] orchestrator:   #2 Down score=4.53 tier=OVERFIT_DANGER folds=1/3 idx=[2] p=4.64e-05 ev=0.0706
2026-04-05 11:09:18.449 [INFO    ] orchestrator:   #13 Up score=4.38 tier=BRONZE folds=2/3 idx=[3, 4] p=1.91e-02 ev=0.0995
2026-04-05 11:09:18.465 [INFO    ] orchestrator:   #10 Down score=2.72 tier=OVERFIT_DANGER folds=1/3 idx=[4] p=7.43e-04 ev=0.0638
2026-04-05 11:09:18.465 [INFO    ] orchestrator: signal #14 Down [270s->220s] d>=0.0% v<=0.05% score 6.49 < threshold 10.00 — skipping
2026-04-05 11:09:18.465 [INFO    ] orchestrator: no signal passed all delivery gates — not sending to bot
2026-04-05 11:24:18.479 [INFO    ] orchestrator: data quality check passed: 600 windows available
2026-04-05 11:24:18.479 [INFO    ] orchestrator: starting engine: C:\Users\operator\Desktop\PolySignalLab\PolySignalEngine\build\Release\PolySignalEngine.exe C:\Users\operator\Desktop\PolySignalLab\PolyDataCollector\data --output-dir C:\Users\operator\Desktop\PolySignalLab\engine_output
2026-04-05 11:24:25.985 [INFO    ] orchestrator: engine:   Summary written: C:\Users\operator\Desktop\PolySignalLab\engine_output\signals_summary_1775377465.json
2026-04-05 11:24:25.985 [INFO    ] orchestrator: engine: 
2026-04-05 11:24:25.985 [INFO    ] orchestrator: engine: ==========================================================
2026-04-05 11:24:25.985 [INFO    ] orchestrator: engine:   SUMMARY
2026-04-05 11:24:25.985 [INFO    ] orchestrator: engine: ==========================================================
2026-04-05 11:24:25.985 [INFO    ] orchestrator: engine:   Total windows:         600 (315 UP, 285 DOWN)
2026-04-05 11:24:25.985 [INFO    ] orchestrator: engine:   Walk-forward folds:    5 (3 test iterations)
2026-04-05 11:24:25.985 [INFO    ] orchestrator: engine:   OOS base rate:         52.2% UP (360 test windows total)
2026-04-05 11:24:25.985 [INFO    ] orchestrator: engine:   Viable WF-OOS signals: 23
2026-04-05 11:24:25.985 [INFO    ] orchestrator: engine: ==========================================================
2026-04-05 11:24:25.985 [INFO    ] orchestrator: engine produced: signals_summary_1775377465.json
2026-04-05 11:24:25.985 [INFO    ] orchestrator: cleaned up old summary: signals_summary_1775368388.json
2026-04-05 11:24:25.985 [INFO    ] orchestrator: ranked 20 signals
2026-04-05 11:24:26.001 [INFO    ] orchestrator:   #6 Down score=6.42 tier=OVERFIT_DANGER folds=1/3 idx=[4] p=4.50e-05 ev=0.1030
2026-04-05 11:24:26.001 [INFO    ] orchestrator:   #5 Down score=5.91 tier=OVERFIT_DANGER folds=1/3 idx=[4] p=3.17e-05 ev=0.0913
2026-04-05 11:24:26.001 [INFO    ] orchestrator:   #7 Down score=5.69 tier=OVERFIT_DANGER folds=1/3 idx=[4] p=4.89e-04 ev=0.1248
2026-04-05 11:24:26.001 [INFO    ] orchestrator:   #4 Down score=5.09 tier=OVERFIT_DANGER folds=1/3 idx=[4] p=7.40e-06 ev=0.0685
2026-04-05 11:24:26.001 [INFO    ] orchestrator:   #2 Down score=4.70 tier=OVERFIT_DANGER folds=1/3 idx=[4] p=1.03e-06 ev=0.0541
2026-04-05 11:24:26.001 [INFO    ] orchestrator: signal #6 Down [270s->200s] d>=0.0% v<=0.05% score 6.42 < threshold 10.00 — skipping
2026-04-05 11:24:26.001 [INFO    ] orchestrator: no signal passed all delivery gates — not sending to bot
2026-04-05 11:39:26.021 [INFO    ] orchestrator: data quality check passed: 600 windows available
2026-04-05 11:39:26.021 [INFO    ] orchestrator: starting engine: C:\Users\operator\Desktop\PolySignalLab\PolySignalEngine\build\Release\PolySignalEngine.exe C:\Users\operator\Desktop\PolySignalLab\PolyDataCollector\data --output-dir C:\Users\operator\Desktop\PolySignalLab\engine_output
2026-04-05 11:39:33.752 [INFO    ] orchestrator: engine:   Summary written: C:\Users\operator\Desktop\PolySignalLab\engine_output\signals_summary_1775378373.json
2026-04-05 11:39:33.754 [INFO    ] orchestrator: engine: 
2026-04-05 11:39:33.754 [INFO    ] orchestrator: engine: ==========================================================
2026-04-05 11:39:33.754 [INFO    ] orchestrator: engine:   SUMMARY
2026-04-05 11:39:33.754 [INFO    ] orchestrator: engine: ==========================================================
2026-04-05 11:39:33.756 [INFO    ] orchestrator: engine:   Total windows:         600 (314 UP, 286 DOWN)
2026-04-05 11:39:33.756 [INFO    ] orchestrator: engine:   Walk-forward folds:    5 (3 test iterations)
2026-04-05 11:39:33.756 [INFO    ] orchestrator: engine:   OOS base rate:         51.7% UP (360 test windows total)
2026-04-05 11:39:33.756 [INFO    ] orchestrator: engine:   Viable WF-OOS signals: 20
2026-04-05 11:39:33.758 [INFO    ] orchestrator: engine: ==========================================================
2026-04-05 11:39:33.758 [INFO    ] orchestrator: engine produced: signals_summary_1775378373.json
2026-04-05 11:39:33.760 [INFO    ] orchestrator: cleaned up old summary: signals_summary_1775369296.json
2026-04-05 11:39:33.760 [INFO    ] orchestrator: ranked 20 signals
2026-04-05 11:39:33.760 [INFO    ] orchestrator:   #5 Down score=7.82 tier=OVERFIT_DANGER folds=1/3 idx=[4] p=3.20e-05 ev=0.1186
2026-04-05 11:39:33.762 [INFO    ] orchestrator:   #4 Down score=7.33 tier=OVERFIT_DANGER folds=1/3 idx=[4] p=2.24e-05 ev=0.1072
2026-04-05 11:39:33.762 [INFO    ] orchestrator:   #3 Down score=6.37 tier=OVERFIT_DANGER folds=1/3 idx=[4] p=5.07e-06 ev=0.0813
2026-04-05 11:39:33.762 [INFO    ] orchestrator:   #6 Down score=6.33 tier=OVERFIT_DANGER folds=1/3 idx=[4] p=3.93e-04 ev=0.1411
2026-04-05 11:39:33.762 [INFO    ] orchestrator:   #2 Down score=5.59 tier=OVERFIT_DANGER folds=1/3 idx=[4] p=6.84e-07 ev=0.0615
2026-04-05 11:39:33.762 [INFO    ] orchestrator: signal #5 Down [270s->200s] d>=0.0% v<=0.05% score 7.82 < threshold 10.00 — skipping
2026-04-05 11:39:33.776 [INFO    ] orchestrator: no signal passed all delivery gates — not sending to bot
2026-04-05 11:54:33.780 [INFO    ] orchestrator: data quality check passed: 600 windows available
2026-04-05 11:54:33.780 [INFO    ] orchestrator: starting engine: C:\Users\operator\Desktop\PolySignalLab\PolySignalEngine\build\Release\PolySignalEngine.exe C:\Users\operator\Desktop\PolySignalLab\PolyDataCollector\data --output-dir C:\Users\operator\Desktop\PolySignalLab\engine_output
2026-04-05 11:54:41.500 [INFO    ] orchestrator: engine:   Summary written: C:\Users\operator\Desktop\PolySignalLab\engine_output\signals_summary_1775379281.json
2026-04-05 11:54:41.500 [INFO    ] orchestrator: engine: 
2026-04-05 11:54:41.500 [INFO    ] orchestrator: engine: ==========================================================
2026-04-05 11:54:41.500 [INFO    ] orchestrator: engine:   SUMMARY
2026-04-05 11:54:41.500 [INFO    ] orchestrator: engine: ==========================================================
2026-04-05 11:54:41.500 [INFO    ] orchestrator: engine:   Total windows:         600 (313 UP, 287 DOWN)
2026-04-05 11:54:41.500 [INFO    ] orchestrator: engine:   Walk-forward folds:    5 (3 test iterations)
2026-04-05 11:54:41.500 [INFO    ] orchestrator: engine:   OOS base rate:         52.2% UP (360 test windows total)
2026-04-05 11:54:41.500 [INFO    ] orchestrator: engine:   Viable WF-OOS signals: 19
2026-04-05 11:54:41.500 [INFO    ] orchestrator: engine: ==========================================================
2026-04-05 11:54:41.500 [INFO    ] orchestrator: engine produced: signals_summary_1775379281.json
2026-04-05 11:54:41.500 [INFO    ] orchestrator: cleaned up old summary: signals_summary_1775370204.json
2026-04-05 11:54:41.500 [INFO    ] orchestrator: ranked 19 signals
2026-04-05 11:54:41.500 [INFO    ] orchestrator:   #5 Down score=7.50 tier=OVERFIT_DANGER folds=1/3 idx=[4] p=4.42e-05 ev=0.1179
2026-04-05 11:54:41.500 [INFO    ] orchestrator:   #4 Down score=7.08 tier=OVERFIT_DANGER folds=1/3 idx=[4] p=3.06e-05 ev=0.1071
2026-04-05 11:54:41.500 [INFO    ] orchestrator:   #3 Down score=6.25 tier=OVERFIT_DANGER folds=1/3 idx=[4] p=6.79e-06 ev=0.0821
2026-04-05 11:54:41.500 [INFO    ] orchestrator:   #2 Down score=6.07 tier=OVERFIT_DANGER folds=1/3 idx=[4] p=4.77e-07 ev=0.0651
2026-04-05 11:54:41.500 [INFO    ] orchestrator:   #6 Down score=5.76 tier=OVERFIT_DANGER folds=1/3 idx=[4] p=5.75e-04 ev=0.1408
2026-04-05 11:54:41.513 [INFO    ] orchestrator: signal #5 Down [270s->200s] d>=0.0% v<=0.05% score 7.50 < threshold 10.00 — skipping
2026-04-05 11:54:41.520 [INFO    ] orchestrator: no signal passed all delivery gates — not sending to bot
2026-04-05 12:09:41.535 [INFO    ] orchestrator: data quality check passed: 600 windows available
2026-04-05 12:09:41.535 [INFO    ] orchestrator: starting engine: C:\Users\operator\Desktop\PolySignalLab\PolySignalEngine\build\Release\PolySignalEngine.exe C:\Users\operator\Desktop\PolySignalLab\PolyDataCollector\data --output-dir C:\Users\operator\Desktop\PolySignalLab\engine_output
2026-04-05 12:09:49.286 [INFO    ] orchestrator: engine:   Summary written: C:\Users\operator\Desktop\PolySignalLab\engine_output\signals_summary_1775380189.json
2026-04-05 12:09:49.286 [INFO    ] orchestrator: engine: 
2026-04-05 12:09:49.286 [INFO    ] orchestrator: engine: ==========================================================
2026-04-05 12:09:49.286 [INFO    ] orchestrator: engine:   SUMMARY
2026-04-05 12:09:49.286 [INFO    ] orchestrator: engine: ==========================================================
2026-04-05 12:09:49.286 [INFO    ] orchestrator: engine:   Total windows:         600 (314 UP, 286 DOWN)
2026-04-05 12:09:49.286 [INFO    ] orchestrator: engine:   Walk-forward folds:    5 (3 test iterations)
2026-04-05 12:09:49.286 [INFO    ] orchestrator: engine:   OOS base rate:         52.5% UP (360 test windows total)
2026-04-05 12:09:49.286 [INFO    ] orchestrator: engine:   Viable WF-OOS signals: 19
2026-04-05 12:09:49.286 [INFO    ] orchestrator: engine: ==========================================================
2026-04-05 12:09:49.299 [INFO    ] orchestrator: engine produced: signals_summary_1775380189.json
2026-04-05 12:09:49.299 [INFO    ] orchestrator: cleaned up old summary: signals_summary_1775371111.json
2026-04-05 12:09:49.299 [INFO    ] orchestrator: ranked 19 signals
2026-04-05 12:09:49.299 [INFO    ] orchestrator:   #5 Down score=6.63 tier=OVERFIT_DANGER folds=1/3 idx=[4] p=7.10e-05 ev=0.1100
2026-04-05 12:09:49.299 [INFO    ] orchestrator:   #4 Down score=6.27 tier=OVERFIT_DANGER folds=1/3 idx=[4] p=4.92e-05 ev=0.1000
2026-04-05 12:09:49.299 [INFO    ] orchestrator:   #6 Down score=5.82 tier=OVERFIT_DANGER folds=1/3 idx=[4] p=5.30e-04 ev=0.1408
2026-04-05 12:09:49.299 [INFO    ] orchestrator:   #3 Down score=4.79 tier=OVERFIT_DANGER folds=1/3 idx=[4] p=1.98e-05 ev=0.0697
2026-04-05 12:09:49.299 [INFO    ] orchestrator:   #8 Down score=4.59 tier=OVERFIT_DANGER folds=1/3 idx=[4] p=5.30e-04 ev=0.1021
2026-04-05 12:09:49.299 [INFO    ] orchestrator: signal #5 Down [270s->200s] d>=0.0% v<=0.05% score 6.63 < threshold 10.00 — skipping
2026-04-05 12:09:49.299 [INFO    ] orchestrator: no signal passed all delivery gates — not sending to bot
2026-04-05 12:24:49.323 [INFO    ] orchestrator: data quality check passed: 600 windows available
2026-04-05 12:24:49.323 [INFO    ] orchestrator: starting engine: C:\Users\operator\Desktop\PolySignalLab\PolySignalEngine\build\Release\PolySignalEngine.exe C:\Users\operator\Desktop\PolySignalLab\PolyDataCollector\data --output-dir C:\Users\operator\Desktop\PolySignalLab\engine_output
2026-04-05 12:24:56.891 [INFO    ] orchestrator: engine:   Summary written: C:\Users\operator\Desktop\PolySignalLab\engine_output\signals_summary_1775381096.json
2026-04-05 12:24:56.891 [INFO    ] orchestrator: engine: 
2026-04-05 12:24:56.891 [INFO    ] orchestrator: engine: ==========================================================
2026-04-05 12:24:56.891 [INFO    ] orchestrator: engine:   SUMMARY
2026-04-05 12:24:56.891 [INFO    ] orchestrator: engine: ==========================================================
2026-04-05 12:24:56.891 [INFO    ] orchestrator: engine:   Total windows:         600 (314 UP, 286 DOWN)
2026-04-05 12:24:56.891 [INFO    ] orchestrator: engine:   Walk-forward folds:    5 (3 test iterations)
2026-04-05 12:24:56.891 [INFO    ] orchestrator: engine:   OOS base rate:         52.5% UP (360 test windows total)
2026-04-05 12:24:56.891 [INFO    ] orchestrator: engine:   Viable WF-OOS signals: 18
2026-04-05 12:24:56.891 [INFO    ] orchestrator: engine: ==========================================================
2026-04-05 12:24:56.891 [INFO    ] orchestrator: engine produced: signals_summary_1775381096.json
2026-04-05 12:24:56.891 [INFO    ] orchestrator: cleaned up old summary: signals_summary_1775372019.json
2026-04-05 12:24:56.891 [INFO    ] orchestrator: ranked 18 signals
2026-04-05 12:24:56.891 [INFO    ] orchestrator:   #6 Down score=9.00 tier=OVERFIT_DANGER folds=1/3 idx=[4] p=3.87e-05 ev=0.1368
2026-04-05 12:24:56.891 [INFO    ] orchestrator:   #5 Down score=8.21 tier=OVERFIT_DANGER folds=1/3 idx=[4] p=2.61e-05 ev=0.1200
2026-04-05 12:24:56.891 [INFO    ] orchestrator:   #3 Down score=6.26 tier=OVERFIT_DANGER folds=1/3 idx=[4] p=1.01e-05 ev=0.0838
2026-04-05 12:24:56.891 [INFO    ] orchestrator:   #7 Down score=6.17 tier=OVERFIT_DANGER folds=1/3 idx=[4] p=4.35e-04 ev=0.1600
2026-04-05 12:24:56.891 [INFO    ] orchestrator:   #2 Down score=5.57 tier=OVERFIT_DANGER folds=1/3 idx=[4] p=4.29e-06 ev=0.0695
2026-04-05 12:24:56.891 [INFO    ] orchestrator: signal #6 Down [270s->200s] d>=0.0% v<=0.05% score 9.00 < threshold 10.00 — skipping
2026-04-05 12:24:56.907 [INFO    ] orchestrator: no signal passed all delivery gates — not sending to bot
2026-04-05 12:39:56.920 [INFO    ] orchestrator: data quality check passed: 600 windows available
2026-04-05 12:39:56.920 [INFO    ] orchestrator: starting engine: C:\Users\operator\Desktop\PolySignalLab\PolySignalEngine\build\Release\PolySignalEngine.exe C:\Users\operator\Desktop\PolySignalLab\PolyDataCollector\data --output-dir C:\Users\operator\Desktop\PolySignalLab\engine_output
2026-04-05 12:40:04.610 [INFO    ] orchestrator: engine:   Summary written: C:\Users\operator\Desktop\PolySignalLab\engine_output\signals_summary_1775382004.json
2026-04-05 12:40:04.610 [INFO    ] orchestrator: engine: 
2026-04-05 12:40:04.610 [INFO    ] orchestrator: engine: ==========================================================
2026-04-05 12:40:04.610 [INFO    ] orchestrator: engine:   SUMMARY
2026-04-05 12:40:04.612 [INFO    ] orchestrator: engine: ==========================================================
2026-04-05 12:40:04.612 [INFO    ] orchestrator: engine:   Total windows:         600 (313 UP, 287 DOWN)
2026-04-05 12:40:04.612 [INFO    ] orchestrator: engine:   Walk-forward folds:    5 (3 test iterations)
2026-04-05 12:40:04.612 [INFO    ] orchestrator: engine:   OOS base rate:         52.8% UP (360 test windows total)
2026-04-05 12:40:04.612 [INFO    ] orchestrator: engine:   Viable WF-OOS signals: 18
2026-04-05 12:40:04.612 [INFO    ] orchestrator: engine: ==========================================================
2026-04-05 12:40:04.614 [INFO    ] orchestrator: engine produced: signals_summary_1775382004.json
2026-04-05 12:40:04.614 [INFO    ] orchestrator: cleaned up old summary: signals_summary_1775372927.json
2026-04-05 12:40:04.616 [INFO    ] orchestrator: ranked 18 signals
2026-04-05 12:40:04.616 [INFO    ] orchestrator:   #7 Down score=7.80 tier=OVERFIT_DANGER folds=1/3 idx=[4] p=5.36e-05 ev=0.1233
2026-04-05 12:40:04.616 [INFO    ] orchestrator:   #5 Down score=7.06 tier=OVERFIT_DANGER folds=1/3 idx=[4] p=4.21e-05 ev=0.1087
2026-04-05 12:40:04.618 [INFO    ] orchestrator:   #6 Down score=6.18 tier=OVERFIT_DANGER folds=1/3 idx=[4] p=4.28e-04 ev=0.1600
2026-04-05 12:40:04.618 [INFO    ] orchestrator:   #4 Down score=5.53 tier=OVERFIT_DANGER folds=1/3 idx=[4] p=1.61e-05 ev=0.0776
2026-04-05 12:40:04.618 [INFO    ] orchestrator:   #3 Down score=5.16 tier=OVERFIT_DANGER folds=1/3 idx=[4] p=6.85e-06 ev=0.0671
2026-04-05 12:40:04.620 [INFO    ] orchestrator: signal #7 Down [270s->200s] d>=0.0% v<=0.05% score 7.80 < threshold 10.00 — skipping
2026-04-05 12:40:04.628 [INFO    ] orchestrator: no signal passed all delivery gates — not sending to bot
2026-04-05 12:55:04.641 [INFO    ] orchestrator: data quality check passed: 600 windows available
2026-04-05 12:55:04.641 [INFO    ] orchestrator: starting engine: C:\Users\operator\Desktop\PolySignalLab\PolySignalEngine\build\Release\PolySignalEngine.exe C:\Users\operator\Desktop\PolySignalLab\PolyDataCollector\data --output-dir C:\Users\operator\Desktop\PolySignalLab\engine_output
2026-04-05 12:55:12.349 [INFO    ] orchestrator: engine:   Summary written: C:\Users\operator\Desktop\PolySignalLab\engine_output\signals_summary_1775382912.json
2026-04-05 12:55:12.349 [INFO    ] orchestrator: engine: 
2026-04-05 12:55:12.349 [INFO    ] orchestrator: engine: ==========================================================
2026-04-05 12:55:12.349 [INFO    ] orchestrator: engine:   SUMMARY
2026-04-05 12:55:12.349 [INFO    ] orchestrator: engine: ==========================================================
2026-04-05 12:55:12.349 [INFO    ] orchestrator: engine:   Total windows:         600 (314 UP, 286 DOWN)
2026-04-05 12:55:12.349 [INFO    ] orchestrator: engine:   Walk-forward folds:    5 (3 test iterations)
2026-04-05 12:55:12.349 [INFO    ] orchestrator: engine:   OOS base rate:         52.8% UP (360 test windows total)
2026-04-05 12:55:12.349 [INFO    ] orchestrator: engine:   Viable WF-OOS signals: 19
2026-04-05 12:55:12.349 [INFO    ] orchestrator: engine: ==========================================================
2026-04-05 12:55:12.349 [INFO    ] orchestrator: engine produced: signals_summary_1775382912.json
2026-04-05 12:55:12.355 [INFO    ] orchestrator: cleaned up old summary: signals_summary_1775373835.json
2026-04-05 12:55:12.355 [INFO    ] orchestrator: ranked 19 signals
2026-04-05 12:55:12.355 [INFO    ] orchestrator:   #5 Down score=9.60 tier=OVERFIT_DANGER folds=1/3 idx=[4] p=2.26e-05 ev=0.1397
2026-04-05 12:55:12.355 [INFO    ] orchestrator:   #2 Down score=8.92 tier=OVERFIT_DANGER folds=1/3 idx=[4] p=1.16e-04 ev=0.1977
2026-04-05 12:55:12.355 [INFO    ] orchestrator:   #3 Down score=8.07 tier=OVERFIT_DANGER folds=1/3 idx=[4] p=1.04e-05 ev=0.1058
2026-04-05 12:55:12.355 [INFO    ] orchestrator:   #1 Down score=7.19 tier=OVERFIT_DANGER folds=1/3 idx=[4] p=1.02e-07 ev=0.0664
2026-04-05 12:55:12.355 [INFO    ] orchestrator:   #6 Down score=6.31 tier=OVERFIT_DANGER folds=1/3 idx=[4] p=2.30e-04 ev=0.1446
2026-04-05 12:55:12.355 [INFO    ] orchestrator: signal #5 Down [260s->180s] d>=0.0% v<=1.0% score 9.60 < threshold 10.00 — skipping
2026-04-05 12:55:12.365 [INFO    ] orchestrator: no signal passed all delivery gates — not sending to bot
2026-04-05 13:10:12.375 [INFO    ] orchestrator: data quality check passed: 600 windows available
2026-04-05 13:10:12.375 [INFO    ] orchestrator: starting engine: C:\Users\operator\Desktop\PolySignalLab\PolySignalEngine\build\Release\PolySignalEngine.exe C:\Users\operator\Desktop\PolySignalLab\PolyDataCollector\data --output-dir C:\Users\operator\Desktop\PolySignalLab\engine_output
2026-04-05 13:10:20.132 [INFO    ] orchestrator: engine:   Summary written: C:\Users\operator\Desktop\PolySignalLab\engine_output\signals_summary_1775383820.json
2026-04-05 13:10:20.132 [INFO    ] orchestrator: engine: 
2026-04-05 13:10:20.132 [INFO    ] orchestrator: engine: ==========================================================
2026-04-05 13:10:20.132 [INFO    ] orchestrator: engine:   SUMMARY
2026-04-05 13:10:20.132 [INFO    ] orchestrator: engine: ==========================================================
2026-04-05 13:10:20.132 [INFO    ] orchestrator: engine:   Total windows:         600 (313 UP, 287 DOWN)
2026-04-05 13:10:20.132 [INFO    ] orchestrator: engine:   Walk-forward folds:    5 (3 test iterations)
2026-04-05 13:10:20.132 [INFO    ] orchestrator: engine:   OOS base rate:         53.1% UP (360 test windows total)
2026-04-05 13:10:20.132 [INFO    ] orchestrator: engine:   Viable WF-OOS signals: 14
2026-04-05 13:10:20.132 [INFO    ] orchestrator: engine: ==========================================================
2026-04-05 13:10:20.132 [INFO    ] orchestrator: engine produced: signals_summary_1775383820.json
2026-04-05 13:10:20.132 [INFO    ] orchestrator: cleaned up old summary: signals_summary_1775374742.json
2026-04-05 13:10:20.132 [INFO    ] orchestrator: ranked 14 signals
2026-04-05 13:10:20.132 [INFO    ] orchestrator:   #5 Down score=11.07 tier=OVERFIT_DANGER folds=1/3 idx=[4] p=2.03e-05 ev=0.1590
2026-04-05 13:10:20.132 [INFO    ] orchestrator:   #2 Down score=10.20 tier=OVERFIT_DANGER folds=1/3 idx=[4] p=2.91e-05 ev=0.1792
2026-04-05 13:10:20.132 [INFO    ] orchestrator:   #3 Down score=9.29 tier=OVERFIT_DANGER folds=1/3 idx=[4] p=4.24e-06 ev=0.1125
2026-04-05 13:10:20.132 [INFO    ] orchestrator:   #1 Down score=8.37 tier=OVERFIT_DANGER folds=1/3 idx=[4] p=3.91e-08 ev=0.0728
2026-04-05 13:10:20.132 [INFO    ] orchestrator:   #4 Down score=6.24 tier=OVERFIT_DANGER folds=1/3 idx=[4] p=2.70e-05 ev=0.0900
2026-04-05 13:10:20.148 [INFO    ] orchestrator: signal #5 Down [270s->200s] d>=0.0% v<=0.05% has 1/3 folds < min 2 — skipping (fallback)
2026-04-05 13:10:20.148 [INFO    ] orchestrator: signal #2 Down [280s->220s] d>=0.0% v<=0.85% has 1/3 folds < min 2 — skipping (fallback)
2026-04-05 13:10:20.148 [INFO    ] orchestrator: signal #3 Down [200s->170s] d>=0.0% v<=0.35% score 9.29 < threshold 10.00 — skipping
2026-04-05 13:10:20.148 [INFO    ] orchestrator: no signal passed all delivery gates — not sending to bot
2026-04-05 13:25:20.168 [INFO    ] orchestrator: data quality check passed: 600 windows available
2026-04-05 13:25:20.168 [INFO    ] orchestrator: starting engine: C:\Users\operator\Desktop\PolySignalLab\PolySignalEngine\build\Release\PolySignalEngine.exe C:\Users\operator\Desktop\PolySignalLab\PolyDataCollector\data --output-dir C:\Users\operator\Desktop\PolySignalLab\engine_output
2026-04-05 13:25:27.778 [INFO    ] orchestrator: engine:   Summary written: C:\Users\operator\Desktop\PolySignalLab\engine_output\signals_summary_1775384727.json
2026-04-05 13:25:27.778 [INFO    ] orchestrator: engine: 
2026-04-05 13:25:27.778 [INFO    ] orchestrator: engine: ==========================================================
2026-04-05 13:25:27.778 [INFO    ] orchestrator: engine:   SUMMARY
2026-04-05 13:25:27.778 [INFO    ] orchestrator: engine: ==========================================================
2026-04-05 13:25:27.778 [INFO    ] orchestrator: engine:   Total windows:         600 (312 UP, 288 DOWN)
2026-04-05 13:25:27.778 [INFO    ] orchestrator: engine:   Walk-forward folds:    5 (3 test iterations)
2026-04-05 13:25:27.778 [INFO    ] orchestrator: engine:   OOS base rate:         52.5% UP (360 test windows total)
2026-04-05 13:25:27.778 [INFO    ] orchestrator: engine:   Viable WF-OOS signals: 15
2026-04-05 13:25:27.778 [INFO    ] orchestrator: engine: ==========================================================
2026-04-05 13:25:27.778 [INFO    ] orchestrator: engine produced: signals_summary_1775384727.json
2026-04-05 13:25:27.778 [INFO    ] orchestrator: cleaned up old summary: signals_summary_1775375650.json
2026-04-05 13:25:27.778 [INFO    ] orchestrator: ranked 15 signals
2026-04-05 13:25:27.794 [INFO    ] orchestrator:   #1 Down score=12.55 tier=OVERFIT_DANGER folds=1/3 idx=[4] p=2.18e-05 ev=0.2352
2026-04-05 13:25:27.794 [INFO    ] orchestrator:   #3 Down score=10.08 tier=OVERFIT_DANGER folds=1/3 idx=[4] p=2.78e-05 ev=0.1763
2026-04-05 13:25:27.794 [INFO    ] orchestrator:   #9 Down score=9.43 tier=GOLDEN folds=3/3 idx=[2, 3, 4] p=2.18e-05 ev=0.0345
2026-04-05 13:25:27.794 [INFO    ] orchestrator:   #4 Down score=8.70 tier=OVERFIT_DANGER folds=1/3 idx=[4] p=1.11e-05 ev=0.1145
2026-04-05 13:25:27.794 [INFO    ] orchestrator:   #2 Down score=7.44 tier=OVERFIT_DANGER folds=1/3 idx=[4] p=1.14e-07 ev=0.0692
2026-04-05 13:25:27.794 [INFO    ] orchestrator: signal #1 Down [280s->240s] d>=0.0% v<=0.4% has 1/3 folds < min 2 — skipping (fallback)
2026-04-05 13:25:27.794 [INFO    ] orchestrator: signal #3 Down [260s->220s] d>=0.0% v<=0.15% has 1/3 folds < min 2 — skipping (fallback)
2026-04-05 13:25:27.794 [INFO    ] orchestrator: signal #9 Down [270s->200s] d>=0.0% v<=0.05% score 9.43 < threshold 10.00 — skipping
2026-04-05 13:25:27.794 [INFO    ] orchestrator: no signal passed all delivery gates — not sending to bot
2026-04-05 13:40:27.819 [INFO    ] orchestrator: data quality check passed: 600 windows available
2026-04-05 13:40:27.819 [INFO    ] orchestrator: starting engine: C:\Users\operator\Desktop\PolySignalLab\PolySignalEngine\build\Release\PolySignalEngine.exe C:\Users\operator\Desktop\PolySignalLab\PolyDataCollector\data --output-dir C:\Users\operator\Desktop\PolySignalLab\engine_output
2026-04-05 13:40:35.500 [INFO    ] orchestrator: engine:   Summary written: C:\Users\operator\Desktop\PolySignalLab\engine_output\signals_summary_1775385635.json
2026-04-05 13:40:35.500 [INFO    ] orchestrator: engine: 
2026-04-05 13:40:35.502 [INFO    ] orchestrator: engine: ==========================================================
2026-04-05 13:40:35.502 [INFO    ] orchestrator: engine:   SUMMARY
2026-04-05 13:40:35.502 [INFO    ] orchestrator: engine: ==========================================================
2026-04-05 13:40:35.502 [INFO    ] orchestrator: engine:   Total windows:         600 (313 UP, 287 DOWN)
2026-04-05 13:40:35.502 [INFO    ] orchestrator: engine:   Walk-forward folds:    5 (3 test iterations)
2026-04-05 13:40:35.502 [INFO    ] orchestrator: engine:   OOS base rate:         52.8% UP (360 test windows total)
2026-04-05 13:40:35.502 [INFO    ] orchestrator: engine:   Viable WF-OOS signals: 16
2026-04-05 13:40:35.502 [INFO    ] orchestrator: engine: ==========================================================
2026-04-05 13:40:35.502 [INFO    ] orchestrator: engine produced: signals_summary_1775385635.json
2026-04-05 13:40:35.502 [INFO    ] orchestrator: cleaned up old summary: signals_summary_1775376558.json
2026-04-05 13:40:35.508 [INFO    ] orchestrator: ranked 16 signals
2026-04-05 13:40:35.508 [INFO    ] orchestrator:   #1 Down score=11.06 tier=OVERFIT_DANGER folds=1/3 idx=[4] p=4.52e-05 ev=0.2340
2026-04-05 13:40:35.508 [INFO    ] orchestrator:   #3 Down score=8.95 tier=OVERFIT_DANGER folds=1/3 idx=[4] p=5.17e-05 ev=0.1743
2026-04-05 13:40:35.510 [INFO    ] orchestrator:   #4 Down score=7.36 tier=OVERFIT_DANGER folds=1/3 idx=[4] p=2.91e-05 ev=0.1103
2026-04-05 13:40:35.510 [INFO    ] orchestrator:   #2 Down score=6.76 tier=OVERFIT_DANGER folds=1/3 idx=[4] p=1.74e-07 ev=0.0647
2026-04-05 13:40:35.510 [INFO    ] orchestrator:   #5 Down score=5.67 tier=OVERFIT_DANGER folds=1/3 idx=[4] p=4.52e-05 ev=0.0865
2026-04-05 13:40:35.510 [INFO    ] orchestrator: signal #1 Down [270s->240s] d>=0.0% v<=0.4% has 1/3 folds < min 2 — skipping (fallback)
2026-04-05 13:40:35.523 [INFO    ] orchestrator: signal #3 Down [250s->220s] d>=0.0% v<=0.3% score 8.95 < threshold 10.00 — skipping
2026-04-05 13:40:35.523 [INFO    ] orchestrator: no signal passed all delivery gates — not sending to bot
2026-04-05 13:55:35.524 [INFO    ] orchestrator: data quality check passed: 600 windows available
2026-04-05 13:55:35.524 [INFO    ] orchestrator: starting engine: C:\Users\operator\Desktop\PolySignalLab\PolySignalEngine\build\Release\PolySignalEngine.exe C:\Users\operator\Desktop\PolySignalLab\PolyDataCollector\data --output-dir C:\Users\operator\Desktop\PolySignalLab\engine_output
2026-04-05 13:55:43.226 [INFO    ] orchestrator: engine:   Summary written: C:\Users\operator\Desktop\PolySignalLab\engine_output\signals_summary_1775386543.json
2026-04-05 13:55:43.228 [INFO    ] orchestrator: engine: 
2026-04-05 13:55:43.228 [INFO    ] orchestrator: engine: ==========================================================
2026-04-05 13:55:43.228 [INFO    ] orchestrator: engine:   SUMMARY
2026-04-05 13:55:43.228 [INFO    ] orchestrator: engine: ==========================================================
2026-04-05 13:55:43.228 [INFO    ] orchestrator: engine:   Total windows:         600 (313 UP, 287 DOWN)
2026-04-05 13:55:43.228 [INFO    ] orchestrator: engine:   Walk-forward folds:    5 (3 test iterations)
2026-04-05 13:55:43.228 [INFO    ] orchestrator: engine:   OOS base rate:         52.2% UP (360 test windows total)
2026-04-05 13:55:43.228 [INFO    ] orchestrator: engine:   Viable WF-OOS signals: 20
2026-04-05 13:55:43.228 [INFO    ] orchestrator: engine: ==========================================================
2026-04-05 13:55:43.228 [INFO    ] orchestrator: engine produced: signals_summary_1775386543.json
2026-04-05 13:55:43.228 [INFO    ] orchestrator: cleaned up old summary: signals_summary_1775377465.json
2026-04-05 13:55:43.228 [INFO    ] orchestrator: ranked 20 signals
2026-04-05 13:55:43.228 [INFO    ] orchestrator:   #1 Down score=11.02 tier=OVERFIT_DANGER folds=1/3 idx=[4] p=4.68e-05 ev=0.2340
2026-04-05 13:55:43.228 [INFO    ] orchestrator:   #3 Down score=8.62 tier=OVERFIT_DANGER folds=1/3 idx=[4] p=7.84e-06 ev=0.1103
2026-04-05 13:55:43.228 [INFO    ] orchestrator:   #5 Down score=7.79 tier=OVERFIT_DANGER folds=1/3 idx=[3] p=2.28e-06 ev=0.0914
2026-04-05 13:55:43.228 [INFO    ] orchestrator:   #9 Down score=6.07 tier=SILVER folds=2/3 idx=[3, 4] p=1.73e-04 ev=0.0492
2026-04-05 13:55:43.228 [INFO    ] orchestrator:   #4 Down score=4.73 tier=OVERFIT_DANGER folds=1/3 idx=[4] p=3.18e-05 ev=0.0697
2026-04-05 13:55:43.228 [INFO    ] orchestrator: signal #1 Down [290s->240s] d>=0.0% v<=0.8% has 1/3 folds < min 2 — skipping (fallback)
2026-04-05 13:55:43.242 [INFO    ] orchestrator: signal #3 Down [260s->170s] d>=0.0% v<=0.3% score 8.62 < threshold 10.00 — skipping
2026-04-05 13:55:43.242 [INFO    ] orchestrator: no signal passed all delivery gates — not sending to bot
2026-04-05 14:10:43.259 [INFO    ] orchestrator: data quality check passed: 600 windows available
2026-04-05 14:10:43.259 [INFO    ] orchestrator: starting engine: C:\Users\operator\Desktop\PolySignalLab\PolySignalEngine\build\Release\PolySignalEngine.exe C:\Users\operator\Desktop\PolySignalLab\PolyDataCollector\data --output-dir C:\Users\operator\Desktop\PolySignalLab\engine_output
2026-04-05 14:10:51.060 [INFO    ] orchestrator: engine:   Summary written: C:\Users\operator\Desktop\PolySignalLab\engine_output\signals_summary_1775387451.json
2026-04-05 14:10:51.060 [INFO    ] orchestrator: engine: 
2026-04-05 14:10:51.060 [INFO    ] orchestrator: engine: ==========================================================
2026-04-05 14:10:51.060 [INFO    ] orchestrator: engine:   SUMMARY
2026-04-05 14:10:51.060 [INFO    ] orchestrator: engine: ==========================================================
2026-04-05 14:10:51.060 [INFO    ] orchestrator: engine:   Total windows:         600 (315 UP, 285 DOWN)
2026-04-05 14:10:51.060 [INFO    ] orchestrator: engine:   Walk-forward folds:    5 (3 test iterations)
2026-04-05 14:10:51.060 [INFO    ] orchestrator: engine:   OOS base rate:         52.5% UP (360 test windows total)
2026-04-05 14:10:51.060 [INFO    ] orchestrator: engine:   Viable WF-OOS signals: 20
2026-04-05 14:10:51.060 [INFO    ] orchestrator: engine: ==========================================================
2026-04-05 14:10:51.067 [INFO    ] orchestrator: engine produced: signals_summary_1775387451.json
2026-04-05 14:10:51.068 [INFO    ] orchestrator: cleaned up old summary: signals_summary_1775378373.json
2026-04-05 14:10:51.068 [INFO    ] orchestrator: ranked 20 signals
2026-04-05 14:10:51.068 [INFO    ] orchestrator:   #2 Down score=11.71 tier=OVERFIT_DANGER folds=1/3 idx=[3] p=2.04e-07 ev=0.1124
2026-04-05 14:10:51.070 [INFO    ] orchestrator:   #6 Down score=11.44 tier=OVERFIT_DANGER folds=1/3 idx=[4] p=1.52e-05 ev=0.1600
2026-04-05 14:10:51.071 [INFO    ] orchestrator:   #1 Down score=11.28 tier=OVERFIT_DANGER folds=1/3 idx=[4] p=3.72e-05 ev=0.2340
2026-04-05 14:10:51.071 [INFO    ] orchestrator:   #4 Down score=9.95 tier=OVERFIT_DANGER folds=1/3 idx=[4] p=3.49e-05 ev=0.1779
2026-04-05 14:10:51.071 [INFO    ] orchestrator:   #5 Down score=8.92 tier=OVERFIT_DANGER folds=1/3 idx=[4] p=5.23e-06 ev=0.1103
2026-04-05 14:10:51.072 [INFO    ] orchestrator: signal #2 Down [250s->130s] d>=0.0% v<=1.0% has 1/3 folds < min 2 — skipping (fallback)
2026-04-05 14:10:51.076 [INFO    ] orchestrator: signal #6 Down [290s->200s] d>=0.0% v<=0.95% has 1/3 folds < min 2 — skipping (fallback)
2026-04-05 14:10:51.076 [INFO    ] orchestrator: signal #1 Down [270s->240s] d>=0.0% v<=0.1% has 1/3 folds < min 2 — skipping (fallback)
2026-04-05 14:10:51.076 [INFO    ] orchestrator: signal #4 Down [250s->220s] d>=0.0% v<=0.9% score 9.95 < threshold 10.00 — skipping
2026-04-05 14:10:51.076 [INFO    ] orchestrator: no signal passed all delivery gates — not sending to bot
2026-04-05 14:25:51.094 [INFO    ] orchestrator: data quality check passed: 600 windows available
2026-04-05 14:25:51.094 [INFO    ] orchestrator: starting engine: C:\Users\operator\Desktop\PolySignalLab\PolySignalEngine\build\Release\PolySignalEngine.exe C:\Users\operator\Desktop\PolySignalLab\PolyDataCollector\data --output-dir C:\Users\operator\Desktop\PolySignalLab\engine_output
2026-04-05 14:25:58.605 [INFO    ] orchestrator: engine:   Summary written: C:\Users\operator\Desktop\PolySignalLab\engine_output\signals_summary_1775388358.json
2026-04-05 14:25:58.605 [INFO    ] orchestrator: engine: 
2026-04-05 14:25:58.605 [INFO    ] orchestrator: engine: ==========================================================
2026-04-05 14:25:58.605 [INFO    ] orchestrator: engine:   SUMMARY
2026-04-05 14:25:58.605 [INFO    ] orchestrator: engine: ==========================================================
2026-04-05 14:25:58.605 [INFO    ] orchestrator: engine:   Total windows:         600 (314 UP, 286 DOWN)
2026-04-05 14:25:58.621 [INFO    ] orchestrator: engine:   Walk-forward folds:    5 (3 test iterations)
2026-04-05 14:25:58.621 [INFO    ] orchestrator: engine:   OOS base rate:         52.2% UP (360 test windows total)
2026-04-05 14:25:58.621 [INFO    ] orchestrator: engine:   Viable WF-OOS signals: 21
2026-04-05 14:25:58.621 [INFO    ] orchestrator: engine: ==========================================================
2026-04-05 14:25:58.621 [INFO    ] orchestrator: engine produced: signals_summary_1775388358.json
2026-04-05 14:25:58.621 [INFO    ] orchestrator: cleaned up old summary: signals_summary_1775379281.json
2026-04-05 14:25:58.621 [INFO    ] orchestrator: ranked 20 signals
2026-04-05 14:25:58.621 [INFO    ] orchestrator:   #2 Down score=12.06 tier=OVERFIT_DANGER folds=1/3 idx=[3] p=1.27e-07 ev=0.1121
2026-04-05 14:25:58.621 [INFO    ] orchestrator:   #5 Down score=11.33 tier=OVERFIT_DANGER folds=1/3 idx=[4] p=1.69e-05 ev=0.1600
2026-04-05 14:25:58.621 [INFO    ] orchestrator:   #1 Down score=11.02 tier=OVERFIT_DANGER folds=1/3 idx=[4] p=4.68e-05 ev=0.2340
2026-04-05 14:25:58.621 [INFO    ] orchestrator:   #4 Down score=8.84 tier=OVERFIT_DANGER folds=1/3 idx=[4] p=5.88e-06 ev=0.1103
2026-04-05 14:25:58.621 [INFO    ] orchestrator:   #3 Down score=4.05 tier=OVERFIT_DANGER folds=1/3 idx=[4] p=4.58e-07 ev=0.0417
2026-04-05 14:25:58.621 [INFO    ] orchestrator: signal #2 Down [200s->130s] d>=0.0% v<=0.2% has 1/3 folds < min 2 — skipping (fallback)
2026-04-05 14:25:58.630 [INFO    ] orchestrator: signal #5 Down [260s->200s] d>=0.0% v<=0.65% has 1/3 folds < min 2 — skipping (fallback)
2026-04-05 14:25:58.630 [INFO    ] orchestrator: signal #1 Down [270s->240s] d>=0.0% v<=0.95% has 1/3 folds < min 2 — skipping (fallback)
2026-04-05 14:25:58.630 [INFO    ] orchestrator: signal #4 Down [220s->170s] d>=0.0% v<=0.4% score 8.84 < threshold 10.00 — skipping
2026-04-05 14:25:58.630 [INFO    ] orchestrator: no signal passed all delivery gates — not sending to bot
2026-04-05 14:40:58.644 [INFO    ] orchestrator: data quality check passed: 600 windows available
2026-04-05 14:40:58.644 [INFO    ] orchestrator: starting engine: C:\Users\operator\Desktop\PolySignalLab\PolySignalEngine\build\Release\PolySignalEngine.exe C:\Users\operator\Desktop\PolySignalLab\PolyDataCollector\data --output-dir C:\Users\operator\Desktop\PolySignalLab\engine_output
2026-04-05 14:41:06.292 [INFO    ] orchestrator: engine:   Summary written: C:\Users\operator\Desktop\PolySignalLab\engine_output\signals_summary_1775389266.json
2026-04-05 14:41:06.292 [INFO    ] orchestrator: engine: 
2026-04-05 14:41:06.292 [INFO    ] orchestrator: engine: ==========================================================
2026-04-05 14:41:06.292 [INFO    ] orchestrator: engine:   SUMMARY
2026-04-05 14:41:06.294 [INFO    ] orchestrator: engine: ==========================================================
2026-04-05 14:41:06.294 [INFO    ] orchestrator: engine:   Total windows:         600 (314 UP, 286 DOWN)
2026-04-05 14:41:06.294 [INFO    ] orchestrator: engine:   Walk-forward folds:    5 (3 test iterations)
2026-04-05 14:41:06.294 [INFO    ] orchestrator: engine:   OOS base rate:         52.2% UP (360 test windows total)
2026-04-05 14:41:06.294 [INFO    ] orchestrator: engine:   Viable WF-OOS signals: 19
2026-04-05 14:41:06.296 [INFO    ] orchestrator: engine: ==========================================================
2026-04-05 14:41:06.296 [INFO    ] orchestrator: engine produced: signals_summary_1775389266.json
2026-04-05 14:41:06.298 [INFO    ] orchestrator: cleaned up old summary: signals_summary_1775380189.json
2026-04-05 14:41:06.298 [INFO    ] orchestrator: ranked 19 signals
2026-04-05 14:41:06.300 [INFO    ] orchestrator:   #2 Down score=12.86 tier=OVERFIT_DANGER folds=1/3 idx=[3] p=6.55e-08 ev=0.1145
2026-04-05 14:41:06.300 [INFO    ] orchestrator:   #1 Down score=10.94 tier=OVERFIT_DANGER folds=1/3 idx=[4] p=4.01e-05 ev=0.2290
2026-04-05 14:41:06.300 [INFO    ] orchestrator:   #6 Down score=10.60 tier=OVERFIT_DANGER folds=1/3 idx=[4] p=2.65e-05 ev=0.1621
2026-04-05 14:41:06.302 [INFO    ] orchestrator:   #5 Down score=8.59 tier=OVERFIT_DANGER folds=1/3 idx=[4] p=2.65e-05 ev=0.1321
2026-04-05 14:41:06.302 [INFO    ] orchestrator:   #4 Down score=6.04 tier=OVERFIT_DANGER folds=1/3 idx=[4] p=1.12e-05 ev=0.0803
2026-04-05 14:41:06.302 [INFO    ] orchestrator: signal #2 Down [230s->130s] d>=0.0% v<=0.4% has 1/3 folds < min 2 — skipping (fallback)
2026-04-05 14:41:06.312 [INFO    ] orchestrator: signal #1 Down [280s->240s] d>=0.0% v<=0.35% has 1/3 folds < min 2 — skipping (fallback)
2026-04-05 14:41:06.312 [INFO    ] orchestrator: signal #6 Down [280s->210s] d>=0.0% v<=0.95% has 1/3 folds < min 2 — skipping (fallback)
2026-04-05 14:41:06.312 [INFO    ] orchestrator: signal #5 Down [270s->180s] d>=0.0% v<=0.8% score 8.59 < threshold 10.00 — skipping
2026-04-05 14:41:06.314 [INFO    ] orchestrator: no signal passed all delivery gates — not sending to bot
2026-04-05 14:56:06.322 [INFO    ] orchestrator: data quality check passed: 600 windows available
2026-04-05 14:56:06.322 [INFO    ] orchestrator: starting engine: C:\Users\operator\Desktop\PolySignalLab\PolySignalEngine\build\Release\PolySignalEngine.exe C:\Users\operator\Desktop\PolySignalLab\PolyDataCollector\data --output-dir C:\Users\operator\Desktop\PolySignalLab\engine_output
2026-04-05 14:56:13.864 [INFO    ] orchestrator: engine:   Summary written: C:\Users\operator\Desktop\PolySignalLab\engine_output\signals_summary_1775390173.json
2026-04-05 14:56:13.864 [INFO    ] orchestrator: engine: 
2026-04-05 14:56:13.864 [INFO    ] orchestrator: engine: ==========================================================
2026-04-05 14:56:13.864 [INFO    ] orchestrator: engine:   SUMMARY
2026-04-05 14:56:13.864 [INFO    ] orchestrator: engine: ==========================================================
2026-04-05 14:56:13.864 [INFO    ] orchestrator: engine:   Total windows:         600 (314 UP, 286 DOWN)
2026-04-05 14:56:13.864 [INFO    ] orchestrator: engine:   Walk-forward folds:    5 (3 test iterations)
2026-04-05 14:56:13.864 [INFO    ] orchestrator: engine:   OOS base rate:         51.9% UP (360 test windows total)
2026-04-05 14:56:13.864 [INFO    ] orchestrator: engine:   Viable WF-OOS signals: 21
2026-04-05 14:56:13.864 [INFO    ] orchestrator: engine: ==========================================================
2026-04-05 14:56:13.864 [INFO    ] orchestrator: engine produced: signals_summary_1775390173.json
2026-04-05 14:56:13.864 [INFO    ] orchestrator: cleaned up old summary: signals_summary_1775381096.json
2026-04-05 14:56:13.864 [INFO    ] orchestrator: ranked 20 signals
2026-04-05 14:56:13.874 [INFO    ] orchestrator:   #2 Down score=12.12 tier=OVERFIT_DANGER folds=1/3 idx=[3] p=1.69e-07 ev=0.1146
2026-04-05 14:56:13.874 [INFO    ] orchestrator:   #6 Down score=11.09 tier=OVERFIT_DANGER folds=1/3 idx=[4] p=3.30e-05 ev=0.1729
2026-04-05 14:56:13.874 [INFO    ] orchestrator:   #1 Down score=10.54 tier=OVERFIT_DANGER folds=1/3 idx=[4] p=4.88e-05 ev=0.2250
2026-04-05 14:56:13.874 [INFO    ] orchestrator:   #5 Down score=8.74 tier=OVERFIT_DANGER folds=1/3 idx=[4] p=3.30e-05 ev=0.1371
2026-04-05 14:56:13.874 [INFO    ] orchestrator:   #4 Down score=6.27 tier=OVERFIT_DANGER folds=1/3 idx=[4] p=1.41e-05 ev=0.0850
2026-04-05 14:56:13.874 [INFO    ] orchestrator: signal #2 Down [180s->130s] d>=0.0% v<=0.15% has 1/3 folds < min 2 — skipping (fallback)
2026-04-05 14:56:13.877 [INFO    ] orchestrator: signal #6 Down [260s->210s] d>=0.0% v<=0.15% has 1/3 folds < min 2 — skipping (fallback)
2026-04-05 14:56:13.877 [INFO    ] orchestrator: signal #1 Down [270s->240s] d>=0.0% v<=1.0% has 1/3 folds < min 2 — skipping (fallback)
2026-04-05 14:56:13.877 [INFO    ] orchestrator: signal #5 Down [220s->180s] d>=0.0% v<=0.8% score 8.74 < threshold 10.00 — skipping
2026-04-05 14:56:13.877 [INFO    ] orchestrator: no signal passed all delivery gates — not sending to bot
2026-04-05 15:11:13.896 [INFO    ] orchestrator: data quality check passed: 600 windows available
2026-04-05 15:11:13.896 [INFO    ] orchestrator: starting engine: C:\Users\operator\Desktop\PolySignalLab\PolySignalEngine\build\Release\PolySignalEngine.exe C:\Users\operator\Desktop\PolySignalLab\PolyDataCollector\data --output-dir C:\Users\operator\Desktop\PolySignalLab\engine_output
2026-04-05 15:11:22.187 [INFO    ] orchestrator: engine:   Summary written: C:\Users\operator\Desktop\PolySignalLab\engine_output\signals_summary_1775391082.json
2026-04-05 15:11:22.189 [INFO    ] orchestrator: engine: 
2026-04-05 15:11:22.189 [INFO    ] orchestrator: engine: ==========================================================
2026-04-05 15:11:22.189 [INFO    ] orchestrator: engine:   SUMMARY
2026-04-05 15:11:22.191 [INFO    ] orchestrator: engine: ==========================================================
2026-04-05 15:11:22.191 [INFO    ] orchestrator: engine:   Total windows:         600 (315 UP, 285 DOWN)
2026-04-05 15:11:22.191 [INFO    ] orchestrator: engine:   Walk-forward folds:    5 (3 test iterations)
2026-04-05 15:11:22.191 [INFO    ] orchestrator: engine:   OOS base rate:         51.7% UP (360 test windows total)
2026-04-05 15:11:22.191 [INFO    ] orchestrator: engine:   Viable WF-OOS signals: 19
2026-04-05 15:11:22.191 [INFO    ] orchestrator: engine: ==========================================================
2026-04-05 15:11:22.191 [INFO    ] orchestrator: engine produced: signals_summary_1775391082.json
2026-04-05 15:11:22.191 [INFO    ] orchestrator: cleaned up old summary: signals_summary_1775382004.json
2026-04-05 15:11:22.191 [INFO    ] orchestrator: ranked 19 signals
2026-04-05 15:11:22.191 [INFO    ] orchestrator:   #2 Down score=12.44 tier=OVERFIT_DANGER folds=1/3 idx=[3] p=1.10e-07 ev=0.1143
2026-04-05 15:11:22.191 [INFO    ] orchestrator:   #1 Down score=10.40 tier=OVERFIT_DANGER folds=1/3 idx=[4] p=5.57e-05 ev=0.2250
2026-04-05 15:11:22.191 [INFO    ] orchestrator:   #6 Down score=10.27 tier=OVERFIT_DANGER folds=1/3 idx=[4] p=3.86e-05 ev=0.1629
2026-04-05 15:11:22.191 [INFO    ] orchestrator:   #3 Down score=9.30 tier=OVERFIT_DANGER folds=1/3 idx=[4] p=3.41e-05 ev=0.1592
2026-04-05 15:11:22.191 [INFO    ] orchestrator:   #5 Down score=8.74 tier=OVERFIT_DANGER folds=1/3 idx=[4] p=8.87e-06 ev=0.1129
2026-04-05 15:11:22.198 [INFO    ] orchestrator: signal #2 Down [290s->130s] d>=0.0% v<=0.85% has 1/3 folds < min 2 — skipping (fallback)
2026-04-05 15:11:22.206 [INFO    ] orchestrator: signal #1 Down [270s->240s] d>=0.0% v<=0.15% has 1/3 folds < min 2 — skipping (fallback)
2026-04-05 15:11:22.206 [INFO    ] orchestrator: signal #6 Down [260s->200s] d>=0.0% v<=0.45% has 1/3 folds < min 2 — skipping (fallback)
2026-04-05 15:11:22.208 [INFO    ] orchestrator: signal #3 Down [280s->220s] d>=0.0% v<=0.8% score 9.30 < threshold 10.00 — skipping
2026-04-05 15:11:22.208 [INFO    ] orchestrator: no signal passed all delivery gates — not sending to bot
2026-04-05 15:26:22.208 [INFO    ] orchestrator: data quality check passed: 600 windows available
2026-04-05 15:26:22.208 [INFO    ] orchestrator: starting engine: C:\Users\operator\Desktop\PolySignalLab\PolySignalEngine\build\Release\PolySignalEngine.exe C:\Users\operator\Desktop\PolySignalLab\PolyDataCollector\data --output-dir C:\Users\operator\Desktop\PolySignalLab\engine_output
2026-04-05 15:26:30.354 [INFO    ] orchestrator: engine:   Summary written: C:\Users\operator\Desktop\PolySignalLab\engine_output\signals_summary_1775391990.json
2026-04-05 15:26:30.354 [INFO    ] orchestrator: engine: 
2026-04-05 15:26:30.354 [INFO    ] orchestrator: engine: ==========================================================
2026-04-05 15:26:30.354 [INFO    ] orchestrator: engine:   SUMMARY
2026-04-05 15:26:30.354 [INFO    ] orchestrator: engine: ==========================================================
2026-04-05 15:26:30.354 [INFO    ] orchestrator: engine:   Total windows:         600 (314 UP, 286 DOWN)
2026-04-05 15:26:30.354 [INFO    ] orchestrator: engine:   Walk-forward folds:    5 (3 test iterations)
2026-04-05 15:26:30.354 [INFO    ] orchestrator: engine:   OOS base rate:         51.4% UP (360 test windows total)
2026-04-05 15:26:30.354 [INFO    ] orchestrator: engine:   Viable WF-OOS signals: 20
2026-04-05 15:26:30.354 [INFO    ] orchestrator: engine: ==========================================================
2026-04-05 15:26:30.354 [INFO    ] orchestrator: engine produced: signals_summary_1775391990.json
2026-04-05 15:26:30.354 [INFO    ] orchestrator: cleaned up old summary: signals_summary_1775382912.json
2026-04-05 15:26:30.370 [INFO    ] orchestrator: ranked 20 signals
2026-04-05 15:26:30.370 [INFO    ] orchestrator:   #1 Down score=14.27 tier=OVERFIT_DANGER folds=1/3 idx=[3] p=3.65e-08 ev=0.1221
2026-04-05 15:26:30.370 [INFO    ] orchestrator:   #6 Down score=8.76 tier=OVERFIT_DANGER folds=1/3 idx=[4] p=6.94e-05 ev=0.1537
2026-04-05 15:26:30.370 [INFO    ] orchestrator:   #5 Down score=7.10 tier=OVERFIT_DANGER folds=1/3 idx=[4] p=6.94e-05 ev=0.1252
2026-04-05 15:26:30.370 [INFO    ] orchestrator:   #3 Down score=6.53 tier=OVERFIT_DANGER folds=1/3 idx=[3] p=5.52e-08 ev=0.0589
2026-04-05 15:26:30.370 [INFO    ] orchestrator:   #4 Down score=4.24 tier=OVERFIT_DANGER folds=1/3 idx=[4] p=6.59e-05 ev=0.0721
2026-04-05 15:26:30.370 [INFO    ] orchestrator: signal #1 Down [170s->130s] d>=0.0% v<=1.0% has 1/3 folds < min 2 — skipping (fallback)
2026-04-05 15:26:30.370 [INFO    ] orchestrator: signal #6 Down [280s->210s] d>=0.0% v<=0.05% score 8.76 < threshold 10.00 — skipping
2026-04-05 15:26:30.370 [INFO    ] orchestrator: no signal passed all delivery gates — not sending to bot
2026-04-05 15:41:30.381 [INFO    ] orchestrator: data quality check passed: 600 windows available
2026-04-05 15:41:30.381 [INFO    ] orchestrator: starting engine: C:\Users\operator\Desktop\PolySignalLab\PolySignalEngine\build\Release\PolySignalEngine.exe C:\Users\operator\Desktop\PolySignalLab\PolyDataCollector\data --output-dir C:\Users\operator\Desktop\PolySignalLab\engine_output
2026-04-05 15:41:38.045 [INFO    ] orchestrator: engine:   Summary written: C:\Users\operator\Desktop\PolySignalLab\engine_output\signals_summary_1775392898.json
2026-04-05 15:41:38.045 [INFO    ] orchestrator: engine: 
2026-04-05 15:41:38.045 [INFO    ] orchestrator: engine: ==========================================================
2026-04-05 15:41:38.045 [INFO    ] orchestrator: engine:   SUMMARY
2026-04-05 15:41:38.045 [INFO    ] orchestrator: engine: ==========================================================
2026-04-05 15:41:38.045 [INFO    ] orchestrator: engine:   Total windows:         600 (314 UP, 286 DOWN)
2026-04-05 15:41:38.045 [INFO    ] orchestrator: engine:   Walk-forward folds:    5 (3 test iterations)
2026-04-05 15:41:38.045 [INFO    ] orchestrator: engine:   OOS base rate:         51.1% UP (360 test windows total)
2026-04-05 15:41:38.045 [INFO    ] orchestrator: engine:   Viable WF-OOS signals: 17
2026-04-05 15:41:38.045 [INFO    ] orchestrator: engine: ==========================================================
2026-04-05 15:41:38.045 [INFO    ] orchestrator: engine produced: signals_summary_1775392898.json
2026-04-05 15:41:38.045 [INFO    ] orchestrator: cleaned up old summary: signals_summary_1775383820.json
2026-04-05 15:41:38.061 [INFO    ] orchestrator: ranked 17 signals
2026-04-05 15:41:38.061 [INFO    ] orchestrator:   #1 Down score=13.32 tier=OVERFIT_DANGER folds=1/3 idx=[3] p=8.31e-08 ev=0.1200
2026-04-05 15:41:38.061 [INFO    ] orchestrator:   #7 Down score=11.29 tier=SILVER folds=2/3 idx=[3, 4] p=1.38e-04 ev=0.0814
2026-04-05 15:41:38.061 [INFO    ] orchestrator:   #4 Down score=9.00 tier=OVERFIT_DANGER folds=1/3 idx=[4] p=6.20e-06 ev=0.1125
2026-04-05 15:41:38.061 [INFO    ] orchestrator:   #3 Down score=5.50 tier=OVERFIT_DANGER folds=1/3 idx=[3] p=1.23e-07 ev=0.0523
2026-04-05 15:41:38.061 [INFO    ] orchestrator:   #9 Down score=4.16 tier=SILVER folds=2/3 idx=[3, 4] p=7.74e-04 ev=0.0421
2026-04-05 15:41:38.061 [INFO    ] orchestrator: signal #1 Down [170s->130s] d>=0.0% v<=0.2% has 1/3 folds < min 2 — skipping (fallback)
2026-04-05 15:41:38.067 [INFO    ] orchestrator: SILVER SIGNAL: #7 Down [270s->200s] d>=0.0% v<=0.05% (score=11.29 folds=[3, 4])
2026-04-05 15:41:38.067 [INFO    ] shared.ipc: IPC: signal delivered successfully
2026-04-05 15:41:38.067 [INFO    ] orchestrator: silver signal delivered to bot
2026-04-05 15:56:38.077 [INFO    ] orchestrator: data quality check passed: 600 windows available
2026-04-05 15:56:38.077 [INFO    ] orchestrator: starting engine: C:\Users\operator\Desktop\PolySignalLab\PolySignalEngine\build\Release\PolySignalEngine.exe C:\Users\operator\Desktop\PolySignalLab\PolyDataCollector\data --output-dir C:\Users\operator\Desktop\PolySignalLab\engine_output
2026-04-05 15:56:45.475 [INFO    ] orchestrator: engine:   Summary written: C:\Users\operator\Desktop\PolySignalLab\engine_output\signals_summary_1775393805.json
2026-04-05 15:56:45.475 [INFO    ] orchestrator: engine: 
2026-04-05 15:56:45.475 [INFO    ] orchestrator: engine: ==========================================================
2026-04-05 15:56:45.475 [INFO    ] orchestrator: engine:   SUMMARY
2026-04-05 15:56:45.475 [INFO    ] orchestrator: engine: ==========================================================
2026-04-05 15:56:45.475 [INFO    ] orchestrator: engine:   Total windows:         600 (312 UP, 288 DOWN)
2026-04-05 15:56:45.475 [INFO    ] orchestrator: engine:   Walk-forward folds:    5 (3 test iterations)
2026-04-05 15:56:45.475 [INFO    ] orchestrator: engine:   OOS base rate:         50.8% UP (360 test windows total)
2026-04-05 15:56:45.475 [INFO    ] orchestrator: engine:   Viable WF-OOS signals: 21
2026-04-05 15:56:45.475 [INFO    ] orchestrator: engine: ==========================================================
2026-04-05 15:56:45.475 [INFO    ] orchestrator: engine produced: signals_summary_1775393805.json
2026-04-05 15:56:45.475 [INFO    ] orchestrator: cleaned up old summary: signals_summary_1775384727.json
2026-04-05 15:56:45.475 [INFO    ] orchestrator: ranked 20 signals
2026-04-05 15:56:45.475 [INFO    ] orchestrator:   #10 Down score=12.58 tier=SILVER folds=2/3 idx=[3, 4] p=6.83e-05 ev=0.0840
2026-04-05 15:56:45.475 [INFO    ] orchestrator:   #2 Down score=12.28 tier=OVERFIT_DANGER folds=1/3 idx=[3] p=2.03e-07 ev=0.1173
2026-04-05 15:56:45.475 [INFO    ] orchestrator:   #1 Down score=10.11 tier=OVERFIT_DANGER folds=1/3 idx=[4] p=6.83e-05 ev=0.2235
2026-04-05 15:56:45.475 [INFO    ] orchestrator:   #5 Down score=9.40 tier=OVERFIT_DANGER folds=1/3 idx=[4] p=4.10e-06 ev=0.1133
2026-04-05 15:56:45.475 [INFO    ] orchestrator:   #4 Down score=8.69 tier=OVERFIT_DANGER folds=1/3 idx=[4] p=4.20e-05 ev=0.1520
2026-04-05 15:56:45.475 [INFO    ] orchestrator: SILVER SIGNAL: #10 Down [270s->200s] d>=0.0% v<=0.05% (score=12.58 folds=[3, 4])
2026-04-05 15:56:45.491 [INFO    ] shared.ipc: IPC: signal delivered successfully
2026-04-05 15:56:45.491 [INFO    ] orchestrator: silver signal delivered to bot
2026-04-05 16:11:45.514 [INFO    ] orchestrator: data quality check passed: 600 windows available
2026-04-05 16:11:45.514 [INFO    ] orchestrator: starting engine: C:\Users\operator\Desktop\PolySignalLab\PolySignalEngine\build\Release\PolySignalEngine.exe C:\Users\operator\Desktop\PolySignalLab\PolyDataCollector\data --output-dir C:\Users\operator\Desktop\PolySignalLab\engine_output
2026-04-05 16:11:53.060 [INFO    ] orchestrator: engine:   Summary written: C:\Users\operator\Desktop\PolySignalLab\engine_output\signals_summary_1775394713.json
2026-04-05 16:11:53.060 [INFO    ] orchestrator: engine: 
2026-04-05 16:11:53.060 [INFO    ] orchestrator: engine: ==========================================================
2026-04-05 16:11:53.060 [INFO    ] orchestrator: engine:   SUMMARY
2026-04-05 16:11:53.060 [INFO    ] orchestrator: engine: ==========================================================
2026-04-05 16:11:53.060 [INFO    ] orchestrator: engine:   Total windows:         600 (312 UP, 288 DOWN)
2026-04-05 16:11:53.060 [INFO    ] orchestrator: engine:   Walk-forward folds:    5 (3 test iterations)
2026-04-05 16:11:53.060 [INFO    ] orchestrator: engine:   OOS base rate:         51.4% UP (360 test windows total)
2026-04-05 16:11:53.076 [INFO    ] orchestrator: engine:   Viable WF-OOS signals: 22
2026-04-05 16:11:53.076 [INFO    ] orchestrator: engine: ==========================================================
2026-04-05 16:11:53.076 [INFO    ] orchestrator: engine produced: signals_summary_1775394713.json
2026-04-05 16:11:53.076 [INFO    ] orchestrator: cleaned up old summary: signals_summary_1775385635.json
2026-04-05 16:11:53.076 [INFO    ] orchestrator: ranked 20 signals
2026-04-05 16:11:53.076 [INFO    ] orchestrator:   #2 Down score=12.23 tier=OVERFIT_DANGER folds=1/3 idx=[3] p=2.54e-07 ev=0.1187
2026-04-05 16:11:53.076 [INFO    ] orchestrator:   #1 Down score=10.30 tier=OVERFIT_DANGER folds=1/3 idx=[4] p=5.71e-05 ev=0.2235
2026-04-05 16:11:53.076 [INFO    ] orchestrator:   #7 Down score=10.15 tier=OVERFIT_DANGER folds=1/3 idx=[4] p=2.50e-05 ev=0.1490
2026-04-05 16:11:53.076 [INFO    ] orchestrator:   #5 Down score=9.62 tier=OVERFIT_DANGER folds=1/3 idx=[4] p=3.09e-06 ev=0.1133
2026-04-05 16:11:53.076 [INFO    ] orchestrator:   #4 Down score=9.00 tier=OVERFIT_DANGER folds=1/3 idx=[4] p=2.90e-05 ev=0.1520
2026-04-05 16:11:53.076 [INFO    ] orchestrator: signal #2 Down [210s->130s] d>=0.0% v<=0.75% has 1/3 folds < min 2 — skipping (fallback)
2026-04-05 16:11:53.076 [INFO    ] orchestrator: signal #1 Down [270s->240s] d>=0.0% v<=0.8% has 1/3 folds < min 2 — skipping (fallback)
2026-04-05 16:11:53.092 [INFO    ] orchestrator: signal #7 Down [270s->200s] d>=0.0% v<=0.8% has 1/3 folds < min 2 — skipping (fallback)
2026-04-05 16:11:53.092 [INFO    ] orchestrator: signal #5 Down [200s->170s] d>=0.0% v<=0.95% score 9.62 < threshold 10.00 — skipping
2026-04-05 16:11:53.092 [INFO    ] orchestrator: no signal passed all delivery gates — not sending to bot
2026-04-05 16:26:53.104 [INFO    ] orchestrator: data quality check passed: 600 windows available
2026-04-05 16:26:53.104 [INFO    ] orchestrator: starting engine: C:\Users\operator\Desktop\PolySignalLab\PolySignalEngine\build\Release\PolySignalEngine.exe C:\Users\operator\Desktop\PolySignalLab\PolyDataCollector\data --output-dir C:\Users\operator\Desktop\PolySignalLab\engine_output
2026-04-05 16:27:00.639 [INFO    ] orchestrator: engine:   Summary written: C:\Users\operator\Desktop\PolySignalLab\engine_output\signals_summary_1775395620.json
2026-04-05 16:27:00.639 [INFO    ] orchestrator: engine: 
2026-04-05 16:27:00.639 [INFO    ] orchestrator: engine: ==========================================================
2026-04-05 16:27:00.639 [INFO    ] orchestrator: engine:   SUMMARY
2026-04-05 16:27:00.639 [INFO    ] orchestrator: engine: ==========================================================
2026-04-05 16:27:00.639 [INFO    ] orchestrator: engine:   Total windows:         600 (311 UP, 289 DOWN)
2026-04-05 16:27:00.639 [INFO    ] orchestrator: engine:   Walk-forward folds:    5 (3 test iterations)
2026-04-05 16:27:00.639 [INFO    ] orchestrator: engine:   OOS base rate:         51.4% UP (360 test windows total)
2026-04-05 16:27:00.639 [INFO    ] orchestrator: engine:   Viable WF-OOS signals: 21
2026-04-05 16:27:00.639 [INFO    ] orchestrator: engine: ==========================================================
2026-04-05 16:27:00.639 [INFO    ] orchestrator: engine produced: signals_summary_1775395620.json
2026-04-05 16:27:00.639 [INFO    ] orchestrator: cleaned up old summary: signals_summary_1775386543.json
2026-04-05 16:27:00.639 [INFO    ] orchestrator: ranked 20 signals
2026-04-05 16:27:00.639 [INFO    ] orchestrator:   #9 Down score=13.04 tier=SILVER folds=2/3 idx=[3, 4] p=5.28e-05 ev=0.0848
2026-04-05 16:27:00.639 [INFO    ] orchestrator:   #2 Down score=12.80 tier=OVERFIT_DANGER folds=1/3 idx=[3] p=1.31e-07 ev=0.1188
2026-04-05 16:27:00.639 [INFO    ] orchestrator:   #1 Down score=10.21 tier=OVERFIT_DANGER folds=1/3 idx=[4] p=5.56e-05 ev=0.2210
2026-04-05 16:27:00.639 [INFO    ] orchestrator:   #5 Down score=9.64 tier=OVERFIT_DANGER folds=1/3 idx=[4] p=3.01e-06 ev=0.1133
2026-04-05 16:27:00.639 [INFO    ] orchestrator:   #4 Down score=8.99 tier=OVERFIT_DANGER folds=1/3 idx=[4] p=3.30e-05 ev=0.1536
2026-04-05 16:27:00.639 [INFO    ] orchestrator: SILVER SIGNAL: #9 Down [270s->200s] d>=0.0% v<=0.05% (score=13.04 folds=[3, 4])
2026-04-05 16:27:00.671 [INFO    ] shared.ipc: IPC: signal delivered successfully
2026-04-05 16:27:00.671 [INFO    ] orchestrator: silver signal delivered to bot
2026-04-05 16:42:00.680 [INFO    ] orchestrator: data quality check passed: 600 windows available
2026-04-05 16:42:00.680 [INFO    ] orchestrator: starting engine: C:\Users\operator\Desktop\PolySignalLab\PolySignalEngine\build\Release\PolySignalEngine.exe C:\Users\operator\Desktop\PolySignalLab\PolyDataCollector\data --output-dir C:\Users\operator\Desktop\PolySignalLab\engine_output
2026-04-05 16:42:08.214 [INFO    ] orchestrator: engine:   Summary written: C:\Users\operator\Desktop\PolySignalLab\engine_output\signals_summary_1775396528.json
2026-04-05 16:42:08.214 [INFO    ] orchestrator: engine: 
2026-04-05 16:42:08.216 [INFO    ] orchestrator: engine: ==========================================================
2026-04-05 16:42:08.216 [INFO    ] orchestrator: engine:   SUMMARY
2026-04-05 16:42:08.216 [INFO    ] orchestrator: engine: ==========================================================
2026-04-05 16:42:08.216 [INFO    ] orchestrator: engine:   Total windows:         600 (310 UP, 290 DOWN)
2026-04-05 16:42:08.216 [INFO    ] orchestrator: engine:   Walk-forward folds:    5 (3 test iterations)
2026-04-05 16:42:08.218 [INFO    ] orchestrator: engine:   OOS base rate:         51.7% UP (360 test windows total)
2026-04-05 16:42:08.218 [INFO    ] orchestrator: engine:   Viable WF-OOS signals: 20
2026-04-05 16:42:08.218 [INFO    ] orchestrator: engine: ==========================================================
2026-04-05 16:42:08.218 [INFO    ] orchestrator: engine produced: signals_summary_1775396528.json
2026-04-05 16:42:08.220 [INFO    ] orchestrator: cleaned up old summary: signals_summary_1775387451.json
2026-04-05 16:42:08.220 [INFO    ] orchestrator: ranked 20 signals
2026-04-05 16:42:08.220 [INFO    ] orchestrator:   #2 Down score=13.57 tier=OVERFIT_DANGER folds=1/3 idx=[3] p=5.71e-08 ev=0.1195
2026-04-05 16:42:08.222 [INFO    ] orchestrator:   #1 Down score=11.46 tier=OVERFIT_DANGER folds=1/3 idx=[4] p=2.82e-05 ev=0.2205
2026-04-05 16:42:08.222 [INFO    ] orchestrator:   #6 Down score=8.48 tier=OVERFIT_DANGER folds=1/3 idx=[4] p=2.07e-05 ev=0.1228
2026-04-05 16:42:08.222 [INFO    ] orchestrator:   #8 Down score=8.06 tier=OVERFIT_DANGER folds=1/3 idx=[4] p=6.26e-05 ev=0.1293
2026-04-05 16:42:08.222 [INFO    ] orchestrator:   #5 Down score=5.91 tier=OVERFIT_DANGER folds=1/3 idx=[4] p=8.87e-06 ev=0.0768
2026-04-05 16:42:08.224 [INFO    ] orchestrator: signal #2 Down [160s->130s] d>=0.0% v<=1.0% has 1/3 folds < min 2 — skipping (fallback)
2026-04-05 16:42:08.234 [INFO    ] orchestrator: signal #1 Down [270s->240s] d>=0.0% v<=0.7% has 1/3 folds < min 2 — skipping (fallback)
2026-04-05 16:42:08.234 [INFO    ] orchestrator: signal #6 Down [250s->180s] d>=0.0% v<=0.5% score 8.48 < threshold 10.00 — skipping
2026-04-05 16:42:08.236 [INFO    ] orchestrator: no signal passed all delivery gates — not sending to bot
2026-04-05 16:57:08.255 [INFO    ] orchestrator: data quality check passed: 600 windows available
2026-04-05 16:57:08.257 [INFO    ] orchestrator: starting engine: C:\Users\operator\Desktop\PolySignalLab\PolySignalEngine\build\Release\PolySignalEngine.exe C:\Users\operator\Desktop\PolySignalLab\PolyDataCollector\data --output-dir C:\Users\operator\Desktop\PolySignalLab\engine_output
2026-04-05 16:57:15.941 [INFO    ] orchestrator: engine:   Summary written: C:\Users\operator\Desktop\PolySignalLab\engine_output\signals_summary_1775397435.json
2026-04-05 16:57:15.941 [INFO    ] orchestrator: engine: 
2026-04-05 16:57:15.941 [INFO    ] orchestrator: engine: ==========================================================
2026-04-05 16:57:15.941 [INFO    ] orchestrator: engine:   SUMMARY
2026-04-05 16:57:15.941 [INFO    ] orchestrator: engine: ==========================================================
2026-04-05 16:57:15.941 [INFO    ] orchestrator: engine:   Total windows:         600 (310 UP, 290 DOWN)
2026-04-05 16:57:15.941 [INFO    ] orchestrator: engine:   Walk-forward folds:    5 (3 test iterations)
2026-04-05 16:57:15.941 [INFO    ] orchestrator: engine:   OOS base rate:         51.9% UP (360 test windows total)
2026-04-05 16:57:15.941 [INFO    ] orchestrator: engine:   Viable WF-OOS signals: 22
2026-04-05 16:57:15.941 [INFO    ] orchestrator: engine: ==========================================================
2026-04-05 16:57:15.941 [INFO    ] orchestrator: engine produced: signals_summary_1775397435.json
2026-04-05 16:57:15.941 [INFO    ] orchestrator: cleaned up old summary: signals_summary_1775388358.json
2026-04-05 16:57:15.941 [INFO    ] orchestrator: ranked 20 signals
2026-04-05 16:57:15.941 [INFO    ] orchestrator:   #2 Down score=13.24 tier=OVERFIT_DANGER folds=1/3 idx=[3] p=4.53e-08 ev=0.1151
2026-04-05 16:57:15.941 [INFO    ] orchestrator:   #1 Down score=10.10 tier=OVERFIT_DANGER folds=1/3 idx=[4] p=4.88e-05 ev=0.2160
2026-04-05 16:57:15.957 [INFO    ] orchestrator:   #6 Down score=8.43 tier=OVERFIT_DANGER folds=1/3 idx=[4] p=1.76e-05 ev=0.1203
2026-04-05 16:57:15.957 [INFO    ] orchestrator:   #8 Down score=8.32 tier=OVERFIT_DANGER folds=1/3 idx=[4] p=5.34e-05 ev=0.1313
2026-04-05 16:57:15.957 [INFO    ] orchestrator:   #4 Down score=6.27 tier=OVERFIT_DANGER folds=1/3 idx=[4] p=7.45e-06 ev=0.0803
2026-04-05 16:57:15.957 [INFO    ] orchestrator: signal #2 Down [260s->130s] d>=0.0% v<=0.95% has 1/3 folds < min 2 — skipping (fallback)
2026-04-05 16:57:15.960 [INFO    ] orchestrator: signal #1 Down [280s->240s] d>=0.0% v<=0.1% has 1/3 folds < min 2 — skipping (fallback)
2026-04-05 16:57:15.960 [INFO    ] orchestrator: signal #6 Down [260s->180s] d>=0.0% v<=0.6% score 8.43 < threshold 10.00 — skipping
2026-04-05 16:57:15.960 [INFO    ] orchestrator: no signal passed all delivery gates — not sending to bot
2026-04-05 17:12:15.975 [INFO    ] orchestrator: data quality check passed: 600 windows available
2026-04-05 17:12:15.975 [INFO    ] orchestrator: starting engine: C:\Users\operator\Desktop\PolySignalLab\PolySignalEngine\build\Release\PolySignalEngine.exe C:\Users\operator\Desktop\PolySignalLab\PolyDataCollector\data --output-dir C:\Users\operator\Desktop\PolySignalLab\engine_output
2026-04-05 17:12:23.550 [INFO    ] orchestrator: engine:   Summary written: C:\Users\operator\Desktop\PolySignalLab\engine_output\signals_summary_1775398343.json
2026-04-05 17:12:23.550 [INFO    ] orchestrator: engine: 
2026-04-05 17:12:23.552 [INFO    ] orchestrator: engine: ==========================================================
2026-04-05 17:12:23.552 [INFO    ] orchestrator: engine:   SUMMARY
2026-04-05 17:12:23.552 [INFO    ] orchestrator: engine: ==========================================================
2026-04-05 17:12:23.552 [INFO    ] orchestrator: engine:   Total windows:         600 (311 UP, 289 DOWN)
2026-04-05 17:12:23.552 [INFO    ] orchestrator: engine:   Walk-forward folds:    5 (3 test iterations)
2026-04-05 17:12:23.552 [INFO    ] orchestrator: engine:   OOS base rate:         52.2% UP (360 test windows total)
2026-04-05 17:12:23.552 [INFO    ] orchestrator: engine:   Viable WF-OOS signals: 23
2026-04-05 17:12:23.552 [INFO    ] orchestrator: engine: ==========================================================
2026-04-05 17:12:23.552 [INFO    ] orchestrator: engine produced: signals_summary_1775398343.json
2026-04-05 17:12:23.552 [INFO    ] orchestrator: cleaned up old summary: signals_summary_1775389266.json
2026-04-05 17:12:23.552 [INFO    ] orchestrator: ranked 20 signals
2026-04-05 17:12:23.552 [INFO    ] orchestrator:   #2 Down score=13.92 tier=OVERFIT_DANGER folds=1/3 idx=[3] p=1.79e-08 ev=0.1145
2026-04-05 17:12:23.552 [INFO    ] orchestrator:   #1 Down score=10.21 tier=OVERFIT_DANGER folds=1/3 idx=[4] p=4.39e-05 ev=0.2160
2026-04-05 17:12:23.559 [INFO    ] orchestrator:   #5 Down score=8.67 tier=OVERFIT_DANGER folds=1/3 idx=[4] p=3.19e-06 ev=0.1028
2026-04-05 17:12:23.559 [INFO    ] orchestrator:   #6 Down score=7.53 tier=OVERFIT_DANGER folds=1/3 idx=[4] p=4.39e-05 ev=0.1267
2026-04-05 17:12:23.559 [INFO    ] orchestrator:   #7 Down score=6.93 tier=OVERFIT_DANGER folds=1/3 idx=[4] p=4.42e-05 ev=0.1077
2026-04-05 17:12:23.559 [INFO    ] orchestrator: signal #2 Down [210s->130s] d>=0.0% v<=0.85% has 1/3 folds < min 2 — skipping (fallback)
2026-04-05 17:12:23.569 [INFO    ] orchestrator: signal #1 Down [290s->240s] d>=0.0% v<=0.65% has 1/3 folds < min 2 — skipping (fallback)
2026-04-05 17:12:23.569 [INFO    ] orchestrator: signal #5 Down [220s->170s] d>=0.0% v<=0.65% score 8.67 < threshold 10.00 — skipping
2026-04-05 17:12:23.569 [INFO    ] orchestrator: no signal passed all delivery gates — not sending to bot
2026-04-05 17:27:23.587 [INFO    ] orchestrator: data quality check passed: 600 windows available
2026-04-05 17:27:23.587 [INFO    ] orchestrator: starting engine: C:\Users\operator\Desktop\PolySignalLab\PolySignalEngine\build\Release\PolySignalEngine.exe C:\Users\operator\Desktop\PolySignalLab\PolyDataCollector\data --output-dir C:\Users\operator\Desktop\PolySignalLab\engine_output
2026-04-05 17:27:31.191 [INFO    ] orchestrator: engine:   Summary written: C:\Users\operator\Desktop\PolySignalLab\engine_output\signals_summary_1775399251.json
2026-04-05 17:27:31.191 [INFO    ] orchestrator: engine: 
2026-04-05 17:27:31.191 [INFO    ] orchestrator: engine: ==========================================================
2026-04-05 17:27:31.191 [INFO    ] orchestrator: engine:   SUMMARY
2026-04-05 17:27:31.191 [INFO    ] orchestrator: engine: ==========================================================
2026-04-05 17:27:31.191 [INFO    ] orchestrator: engine:   Total windows:         600 (310 UP, 290 DOWN)
2026-04-05 17:27:31.191 [INFO    ] orchestrator: engine:   Walk-forward folds:    5 (3 test iterations)
2026-04-05 17:27:31.191 [INFO    ] orchestrator: engine:   OOS base rate:         51.7% UP (360 test windows total)
2026-04-05 17:27:31.191 [INFO    ] orchestrator: engine:   Viable WF-OOS signals: 24
2026-04-05 17:27:31.191 [INFO    ] orchestrator: engine: ==========================================================
2026-04-05 17:27:31.191 [INFO    ] orchestrator: engine produced: signals_summary_1775399251.json
2026-04-05 17:27:31.191 [INFO    ] orchestrator: cleaned up old summary: signals_summary_1775390173.json
2026-04-05 17:27:31.191 [INFO    ] orchestrator: ranked 20 signals
2026-04-05 17:27:31.191 [INFO    ] orchestrator:   #2 Down score=14.52 tier=OVERFIT_DANGER folds=1/3 idx=[3] p=7.53e-09 ev=0.1136
2026-04-05 17:27:31.191 [INFO    ] orchestrator:   #1 Down score=10.87 tier=OVERFIT_DANGER folds=1/3 idx=[4] p=3.11e-05 ev=0.2114
2026-04-05 17:27:31.191 [INFO    ] orchestrator:   #4 Down score=8.39 tier=OVERFIT_DANGER folds=1/3 idx=[4] p=4.45e-06 ev=0.1022
2026-04-05 17:27:31.191 [INFO    ] orchestrator:   #3 Down score=6.63 tier=OVERFIT_DANGER folds=1/3 idx=[3] p=1.18e-08 ev=0.0546
2026-04-05 17:27:31.191 [INFO    ] orchestrator:   #6 Down score=6.58 tier=OVERFIT_DANGER folds=1/3 idx=[4] p=5.91e-05 ev=0.1053
2026-04-05 17:27:31.205 [INFO    ] orchestrator: signal #2 Down [170s->130s] d>=0.0% v<=1.0% has 1/3 folds < min 2 — skipping (fallback)
2026-04-05 17:27:31.207 [INFO    ] orchestrator: signal #1 Down [270s->240s] d>=0.0% v<=1.0% has 1/3 folds < min 2 — skipping (fallback)
2026-04-05 17:27:31.207 [INFO    ] orchestrator: signal #4 Down [290s->170s] d>=0.0% v<=0.5% score 8.39 < threshold 10.00 — skipping
2026-04-05 17:27:31.207 [INFO    ] orchestrator: no signal passed all delivery gates — not sending to bot
2026-04-05 17:42:31.227 [INFO    ] orchestrator: data quality check passed: 600 windows available
2026-04-05 17:42:31.227 [INFO    ] orchestrator: starting engine: C:\Users\operator\Desktop\PolySignalLab\PolySignalEngine\build\Release\PolySignalEngine.exe C:\Users\operator\Desktop\PolySignalLab\PolyDataCollector\data --output-dir C:\Users\operator\Desktop\PolySignalLab\engine_output
2026-04-05 17:42:38.724 [INFO    ] orchestrator: engine:   Summary written: C:\Users\operator\Desktop\PolySignalLab\engine_output\signals_summary_1775400158.json
2026-04-05 17:42:38.724 [INFO    ] orchestrator: engine: 
2026-04-05 17:42:38.724 [INFO    ] orchestrator: engine: ==========================================================
2026-04-05 17:42:38.724 [INFO    ] orchestrator: engine:   SUMMARY
2026-04-05 17:42:38.724 [INFO    ] orchestrator: engine: ==========================================================
2026-04-05 17:42:38.724 [INFO    ] orchestrator: engine:   Total windows:         600 (311 UP, 289 DOWN)
2026-04-05 17:42:38.724 [INFO    ] orchestrator: engine:   Walk-forward folds:    5 (3 test iterations)
2026-04-05 17:42:38.724 [INFO    ] orchestrator: engine:   OOS base rate:         51.7% UP (360 test windows total)
2026-04-05 17:42:38.724 [INFO    ] orchestrator: engine:   Viable WF-OOS signals: 23
2026-04-05 17:42:38.724 [INFO    ] orchestrator: engine: ==========================================================
2026-04-05 17:42:38.724 [INFO    ] orchestrator: engine produced: signals_summary_1775400158.json
2026-04-05 17:42:38.724 [INFO    ] orchestrator: cleaned up old summary: signals_summary_1775391082.json
2026-04-05 17:42:38.724 [INFO    ] orchestrator: ranked 20 signals
2026-04-05 17:42:38.736 [INFO    ] orchestrator:   #2 Down score=13.99 tier=OVERFIT_DANGER folds=1/3 idx=[3] p=1.54e-08 ev=0.1140
2026-04-05 17:42:38.736 [INFO    ] orchestrator:   #1 Down score=10.81 tier=OVERFIT_DANGER folds=1/3 idx=[4] p=3.29e-05 ev=0.2114
2026-04-05 17:42:38.736 [INFO    ] orchestrator:   #5 Down score=8.16 tier=OVERFIT_DANGER folds=1/3 idx=[4] p=2.49e-05 ev=0.1203
2026-04-05 17:42:38.736 [INFO    ] orchestrator:   #4 Down score=6.81 tier=OVERFIT_DANGER folds=1/3 idx=[4] p=8.87e-06 ev=0.0884
2026-04-05 17:42:38.736 [INFO    ] orchestrator:   #3 Down score=6.42 tier=OVERFIT_DANGER folds=1/3 idx=[3] p=2.37e-08 ev=0.0551
2026-04-05 17:42:38.736 [INFO    ] orchestrator: signal #2 Down [190s->130s] d>=0.0% v<=0.4% has 1/3 folds < min 2 — skipping (fallback)
2026-04-05 17:42:38.740 [INFO    ] orchestrator: signal #1 Down [290s->240s] d>=0.0% v<=0.85% has 1/3 folds < min 2 — skipping (fallback)
2026-04-05 17:42:38.740 [INFO    ] orchestrator: signal #5 Down [280s->180s] d>=0.0% v<=0.3% score 8.16 < threshold 10.00 — skipping
2026-04-05 17:42:38.740 [INFO    ] orchestrator: no signal passed all delivery gates — not sending to bot
2026-04-05 17:57:38.747 [INFO    ] orchestrator: data quality check passed: 600 windows available
2026-04-05 17:57:38.747 [INFO    ] orchestrator: starting engine: C:\Users\operator\Desktop\PolySignalLab\PolySignalEngine\build\Release\PolySignalEngine.exe C:\Users\operator\Desktop\PolySignalLab\PolyDataCollector\data --output-dir C:\Users\operator\Desktop\PolySignalLab\engine_output
2026-04-05 17:57:46.434 [INFO    ] orchestrator: engine:   Summary written: C:\Users\operator\Desktop\PolySignalLab\engine_output\signals_summary_1775401066.json
2026-04-05 17:57:46.434 [INFO    ] orchestrator: engine: 
2026-04-05 17:57:46.434 [INFO    ] orchestrator: engine: ==========================================================
2026-04-05 17:57:46.434 [INFO    ] orchestrator: engine:   SUMMARY
2026-04-05 17:57:46.434 [INFO    ] orchestrator: engine: ==========================================================
2026-04-05 17:57:46.434 [INFO    ] orchestrator: engine:   Total windows:         600 (312 UP, 288 DOWN)
2026-04-05 17:57:46.434 [INFO    ] orchestrator: engine:   Walk-forward folds:    5 (3 test iterations)
2026-04-05 17:57:46.434 [INFO    ] orchestrator: engine:   OOS base rate:         51.7% UP (360 test windows total)
2026-04-05 17:57:46.434 [INFO    ] orchestrator: engine:   Viable WF-OOS signals: 19
2026-04-05 17:57:46.434 [INFO    ] orchestrator: engine: ==========================================================
2026-04-05 17:57:46.434 [INFO    ] orchestrator: engine produced: signals_summary_1775401066.json
2026-04-05 17:57:46.434 [INFO    ] orchestrator: cleaned up old summary: signals_summary_1775391990.json
2026-04-05 17:57:46.444 [INFO    ] orchestrator: ranked 19 signals
2026-04-05 17:57:46.444 [INFO    ] orchestrator:   #2 Down score=15.47 tier=OVERFIT_DANGER folds=1/3 idx=[3] p=3.89e-09 ev=0.1167
2026-04-05 17:57:46.444 [INFO    ] orchestrator:   #1 Down score=12.54 tier=OVERFIT_DANGER folds=1/3 idx=[4] p=1.89e-05 ev=0.2214
2026-04-05 17:57:46.444 [INFO    ] orchestrator:   #4 Down score=8.99 tier=OVERFIT_DANGER folds=1/3 idx=[4] p=4.45e-06 ev=0.1094
2026-04-05 17:57:46.444 [INFO    ] orchestrator:   #5 Down score=7.92 tier=OVERFIT_DANGER folds=1/3 idx=[4] p=3.65e-05 ev=0.1257
2026-04-05 17:57:46.444 [INFO    ] orchestrator:   #3 Down score=7.20 tier=OVERFIT_DANGER folds=1/3 idx=[3] p=6.24e-09 ev=0.0572
2026-04-05 17:57:46.444 [INFO    ] orchestrator: signal #2 Down [180s->130s] d>=0.0% v<=0.35% has 1/3 folds < min 2 — skipping (fallback)
2026-04-05 17:57:46.449 [INFO    ] orchestrator: signal #1 Down [280s->240s] d>=0.0% v<=0.3% has 1/3 folds < min 2 — skipping (fallback)
2026-04-05 17:57:46.449 [INFO    ] orchestrator: signal #4 Down [210s->170s] d>=0.0% v<=0.75% score 8.99 < threshold 10.00 — skipping
2026-04-05 17:57:46.449 [INFO    ] orchestrator: no signal passed all delivery gates — not sending to bot
2026-04-05 18:12:46.462 [INFO    ] orchestrator: data quality check passed: 600 windows available
2026-04-05 18:12:46.462 [INFO    ] orchestrator: starting engine: C:\Users\operator\Desktop\PolySignalLab\PolySignalEngine\build\Release\PolySignalEngine.exe C:\Users\operator\Desktop\PolySignalLab\PolyDataCollector\data --output-dir C:\Users\operator\Desktop\PolySignalLab\engine_output
2026-04-05 18:12:54.151 [INFO    ] orchestrator: engine:   Summary written: C:\Users\operator\Desktop\PolySignalLab\engine_output\signals_summary_1775401974.json
2026-04-05 18:12:54.151 [INFO    ] orchestrator: engine: 
2026-04-05 18:12:54.151 [INFO    ] orchestrator: engine: ==========================================================
2026-04-05 18:12:54.151 [INFO    ] orchestrator: engine:   SUMMARY
2026-04-05 18:12:54.151 [INFO    ] orchestrator: engine: ==========================================================
2026-04-05 18:12:54.151 [INFO    ] orchestrator: engine:   Total windows:         600 (311 UP, 289 DOWN)
2026-04-05 18:12:54.151 [INFO    ] orchestrator: engine:   Walk-forward folds:    5 (3 test iterations)
2026-04-05 18:12:54.151 [INFO    ] orchestrator: engine:   OOS base rate:         51.4% UP (360 test windows total)
2026-04-05 18:12:54.151 [INFO    ] orchestrator: engine:   Viable WF-OOS signals: 17
2026-04-05 18:12:54.151 [INFO    ] orchestrator: engine: ==========================================================
2026-04-05 18:12:54.151 [INFO    ] orchestrator: engine produced: signals_summary_1775401974.json
2026-04-05 18:12:54.151 [INFO    ] orchestrator: cleaned up old summary: signals_summary_1775392898.json
2026-04-05 18:12:54.151 [INFO    ] orchestrator: ranked 17 signals
2026-04-05 18:12:54.151 [INFO    ] orchestrator:   #2 Down score=14.59 tier=OVERFIT_DANGER folds=1/3 idx=[3] p=9.37e-09 ev=0.1155
2026-04-05 18:12:54.151 [INFO    ] orchestrator:   #1 Down score=12.41 tier=OVERFIT_DANGER folds=1/3 idx=[4] p=2.12e-05 ev=0.2214
2026-04-05 18:12:54.151 [INFO    ] orchestrator:   #4 Down score=8.88 tier=OVERFIT_DANGER folds=1/3 idx=[4] p=5.18e-06 ev=0.1094
2026-04-05 18:12:54.151 [INFO    ] orchestrator:   #5 Down score=7.82 tier=OVERFIT_DANGER folds=1/3 idx=[4] p=4.15e-05 ev=0.1257
2026-04-05 18:12:54.151 [INFO    ] orchestrator:   #3 Down score=6.91 tier=OVERFIT_DANGER folds=1/3 idx=[3] p=1.47e-08 ev=0.0576
2026-04-05 18:12:54.151 [INFO    ] orchestrator: signal #2 Down [160s->130s] d>=0.0% v<=0.4% has 1/3 folds < min 2 — skipping (fallback)
2026-04-05 18:12:54.167 [INFO    ] orchestrator: signal #1 Down [270s->240s] d>=0.0% v<=0.6% has 1/3 folds < min 2 — skipping (fallback)
2026-04-05 18:12:54.167 [INFO    ] orchestrator: signal #4 Down [280s->170s] d>=0.0% v<=0.1% score 8.88 < threshold 10.00 — skipping
2026-04-05 18:12:54.167 [INFO    ] orchestrator: no signal passed all delivery gates — not sending to bot
2026-04-05 18:27:54.187 [INFO    ] orchestrator: data quality check passed: 600 windows available
2026-04-05 18:27:54.187 [INFO    ] orchestrator: starting engine: C:\Users\operator\Desktop\PolySignalLab\PolySignalEngine\build\Release\PolySignalEngine.exe C:\Users\operator\Desktop\PolySignalLab\PolyDataCollector\data --output-dir C:\Users\operator\Desktop\PolySignalLab\engine_output
2026-04-05 18:28:01.896 [INFO    ] orchestrator: engine:   Summary written: C:\Users\operator\Desktop\PolySignalLab\engine_output\signals_summary_1775402881.json
2026-04-05 18:28:01.896 [INFO    ] orchestrator: engine: 
2026-04-05 18:28:01.896 [INFO    ] orchestrator: engine: ==========================================================
2026-04-05 18:28:01.896 [INFO    ] orchestrator: engine:   SUMMARY
2026-04-05 18:28:01.896 [INFO    ] orchestrator: engine: ==========================================================
2026-04-05 18:28:01.896 [INFO    ] orchestrator: engine:   Total windows:         600 (313 UP, 287 DOWN)
2026-04-05 18:28:01.896 [INFO    ] orchestrator: engine:   Walk-forward folds:    5 (3 test iterations)
2026-04-05 18:28:01.896 [INFO    ] orchestrator: engine:   OOS base rate:         51.4% UP (360 test windows total)
2026-04-05 18:28:01.896 [INFO    ] orchestrator: engine:   Viable WF-OOS signals: 19
2026-04-05 18:28:01.896 [INFO    ] orchestrator: engine: ==========================================================
2026-04-05 18:28:01.896 [INFO    ] orchestrator: engine produced: signals_summary_1775402881.json
2026-04-05 18:28:01.896 [INFO    ] orchestrator: cleaned up old summary: signals_summary_1775393805.json
2026-04-05 18:28:01.896 [INFO    ] orchestrator: ranked 19 signals
2026-04-05 18:28:01.896 [INFO    ] orchestrator:   #1 Down score=14.22 tier=OVERFIT_DANGER folds=1/3 idx=[3] p=1.91e-08 ev=0.1172
2026-04-05 18:28:01.896 [INFO    ] orchestrator:   #2 Down score=8.94 tier=OVERFIT_DANGER folds=1/3 idx=[4] p=1.15e-04 ev=0.1891
2026-04-05 18:28:01.896 [INFO    ] orchestrator:   #3 Down score=6.78 tier=OVERFIT_DANGER folds=1/3 idx=[3] p=2.94e-08 ev=0.0589
2026-04-05 18:28:01.896 [INFO    ] orchestrator:   #5 Down score=5.63 tier=OVERFIT_DANGER folds=1/3 idx=[4] p=2.41e-05 ev=0.0818
2026-04-05 18:28:01.896 [INFO    ] orchestrator:   #6 Down score=5.54 tier=OVERFIT_DANGER folds=1/3 idx=[4] p=1.46e-04 ev=0.1017
2026-04-05 18:28:01.896 [INFO    ] orchestrator: signal #1 Down [210s->130s] d>=0.0% v<=0.5% has 1/3 folds < min 2 — skipping (fallback)
2026-04-05 18:28:01.909 [INFO    ] orchestrator: signal #2 Down [280s->240s] d>=0.0% v<=1.0% score 8.94 < threshold 10.00 — skipping
2026-04-05 18:28:01.909 [INFO    ] orchestrator: no signal passed all delivery gates — not sending to bot
2026-04-05 18:43:01.922 [INFO    ] orchestrator: data quality check passed: 600 windows available
2026-04-05 18:43:01.922 [INFO    ] orchestrator: starting engine: C:\Users\operator\Desktop\PolySignalLab\PolySignalEngine\build\Release\PolySignalEngine.exe C:\Users\operator\Desktop\PolySignalLab\PolyDataCollector\data --output-dir C:\Users\operator\Desktop\PolySignalLab\engine_output
2026-04-05 18:43:09.399 [INFO    ] orchestrator: engine:   Summary written: C:\Users\operator\Desktop\PolySignalLab\engine_output\signals_summary_1775403789.json
2026-04-05 18:43:09.399 [INFO    ] orchestrator: engine: 
2026-04-05 18:43:09.399 [INFO    ] orchestrator: engine: ==========================================================
2026-04-05 18:43:09.399 [INFO    ] orchestrator: engine:   SUMMARY
2026-04-05 18:43:09.399 [INFO    ] orchestrator: engine: ==========================================================
2026-04-05 18:43:09.399 [INFO    ] orchestrator: engine:   Total windows:         600 (314 UP, 286 DOWN)
2026-04-05 18:43:09.399 [INFO    ] orchestrator: engine:   Walk-forward folds:    5 (3 test iterations)
2026-04-05 18:43:09.399 [INFO    ] orchestrator: engine:   OOS base rate:         51.7% UP (360 test windows total)
2026-04-05 18:43:09.399 [INFO    ] orchestrator: engine:   Viable WF-OOS signals: 21
2026-04-05 18:43:09.399 [INFO    ] orchestrator: engine: ==========================================================
2026-04-05 18:43:09.399 [INFO    ] orchestrator: engine produced: signals_summary_1775403789.json
2026-04-05 18:43:09.415 [INFO    ] orchestrator: cleaned up old summary: signals_summary_1775394713.json
2026-04-05 18:43:09.415 [INFO    ] orchestrator: ranked 20 signals
2026-04-05 18:43:09.415 [INFO    ] orchestrator:   #2 Down score=13.43 tier=OVERFIT_DANGER folds=1/3 idx=[3] p=4.60e-08 ev=0.1168
2026-04-05 18:43:09.415 [INFO    ] orchestrator:   #4 Down score=8.16 tier=OVERFIT_DANGER folds=1/3 idx=[4] p=2.01e-04 ev=0.1927
2026-04-05 18:43:09.415 [INFO    ] orchestrator:   #15 Down score=5.83 tier=SILVER folds=2/3 idx=[3, 4] p=6.94e-04 ev=0.0569
2026-04-05 18:43:09.415 [INFO    ] orchestrator:   #6 Down score=5.58 tier=OVERFIT_DANGER folds=1/3 idx=[4] p=3.12e-05 ev=0.0834
2026-04-05 18:43:09.415 [INFO    ] orchestrator:   #7 Down score=5.11 tier=OVERFIT_DANGER folds=1/3 idx=[4] p=2.38e-04 ev=0.1032
2026-04-05 18:43:09.415 [INFO    ] orchestrator: signal #2 Down [280s->130s] d>=0.0% v<=0.55% has 1/3 folds < min 2 — skipping (fallback)
2026-04-05 18:43:09.415 [INFO    ] orchestrator: signal #4 Down [270s->240s] d>=0.0% v<=0.75% score 8.16 < threshold 10.00 — skipping
2026-04-05 18:43:09.415 [INFO    ] orchestrator: no signal passed all delivery gates — not sending to bot
2026-04-05 18:58:09.434 [INFO    ] orchestrator: data quality check passed: 600 windows available
2026-04-05 18:58:09.434 [INFO    ] orchestrator: starting engine: C:\Users\operator\Desktop\PolySignalLab\PolySignalEngine\build\Release\PolySignalEngine.exe C:\Users\operator\Desktop\PolySignalLab\PolyDataCollector\data --output-dir C:\Users\operator\Desktop\PolySignalLab\engine_output
2026-04-05 18:58:17.269 [INFO    ] orchestrator: engine:   Summary written: C:\Users\operator\Desktop\PolySignalLab\engine_output\signals_summary_1775404697.json
2026-04-05 18:58:17.269 [INFO    ] orchestrator: engine: 
2026-04-05 18:58:17.269 [INFO    ] orchestrator: engine: ==========================================================
2026-04-05 18:58:17.269 [INFO    ] orchestrator: engine:   SUMMARY
2026-04-05 18:58:17.269 [INFO    ] orchestrator: engine: ==========================================================
2026-04-05 18:58:17.269 [INFO    ] orchestrator: engine:   Total windows:         600 (315 UP, 285 DOWN)
2026-04-05 18:58:17.269 [INFO    ] orchestrator: engine:   Walk-forward folds:    5 (3 test iterations)
2026-04-05 18:58:17.269 [INFO    ] orchestrator: engine:   OOS base rate:         51.4% UP (360 test windows total)
2026-04-05 18:58:17.269 [INFO    ] orchestrator: engine:   Viable WF-OOS signals: 19
2026-04-05 18:58:17.269 [INFO    ] orchestrator: engine: ==========================================================
2026-04-05 18:58:17.269 [INFO    ] orchestrator: engine produced: signals_summary_1775404697.json
2026-04-05 18:58:17.269 [INFO    ] orchestrator: cleaned up old summary: signals_summary_1775395620.json
2026-04-05 18:58:17.269 [INFO    ] orchestrator: ranked 19 signals
2026-04-05 18:58:17.269 [INFO    ] orchestrator:   #2 Down score=13.40 tier=OVERFIT_DANGER folds=1/3 idx=[3] p=5.52e-08 ev=0.1178
2026-04-05 18:58:17.269 [INFO    ] orchestrator:   #6 Down score=6.33 tier=OVERFIT_DANGER folds=1/3 idx=[4] p=4.25e-04 ev=0.1562
2026-04-05 18:58:17.269 [INFO    ] orchestrator:   #5 Down score=5.33 tier=OVERFIT_DANGER folds=1/3 idx=[4] p=3.50e-05 ev=0.0806
2026-04-05 18:58:17.269 [INFO    ] orchestrator:   #8 Down score=4.81 tier=OVERFIT_DANGER folds=1/3 idx=[4] p=1.45e-03 ev=0.1638
2026-04-05 18:58:17.269 [INFO    ] orchestrator:   #3 Down score=4.60 tier=OVERFIT_DANGER folds=1/3 idx=[3] p=5.52e-08 ev=0.0416
2026-04-05 18:58:17.269 [INFO    ] orchestrator: signal #2 Down [270s->130s] d>=0.0% v<=0.55% has 1/3 folds < min 2 — skipping (fallback)
2026-04-05 18:58:17.285 [INFO    ] orchestrator: signal #6 Down [280s->240s] d>=0.0% v<=0.15% score 6.33 < threshold 10.00 — skipping
2026-04-05 18:58:17.285 [INFO    ] orchestrator: no signal passed all delivery gates — not sending to bot
2026-04-05 19:13:17.301 [INFO    ] orchestrator: data quality check passed: 600 windows available
2026-04-05 19:13:17.301 [INFO    ] orchestrator: starting engine: C:\Users\operator\Desktop\PolySignalLab\PolySignalEngine\build\Release\PolySignalEngine.exe C:\Users\operator\Desktop\PolySignalLab\PolyDataCollector\data --output-dir C:\Users\operator\Desktop\PolySignalLab\engine_output
2026-04-05 19:13:24.918 [INFO    ] orchestrator: engine:   Summary written: C:\Users\operator\Desktop\PolySignalLab\engine_output\signals_summary_1775405604.json
2026-04-05 19:13:24.920 [INFO    ] orchestrator: engine: 
2026-04-05 19:13:24.920 [INFO    ] orchestrator: engine: ==========================================================
2026-04-05 19:13:24.920 [INFO    ] orchestrator: engine:   SUMMARY
2026-04-05 19:13:24.920 [INFO    ] orchestrator: engine: ==========================================================
2026-04-05 19:13:24.920 [INFO    ] orchestrator: engine:   Total windows:         600 (313 UP, 287 DOWN)
2026-04-05 19:13:24.922 [INFO    ] orchestrator: engine:   Walk-forward folds:    5 (3 test iterations)
2026-04-05 19:13:24.922 [INFO    ] orchestrator: engine:   OOS base rate:         51.4% UP (360 test windows total)
2026-04-05 19:13:24.922 [INFO    ] orchestrator: engine:   Viable WF-OOS signals: 23
2026-04-05 19:13:24.924 [INFO    ] orchestrator: engine: ==========================================================
2026-04-05 19:13:24.924 [INFO    ] orchestrator: engine produced: signals_summary_1775405604.json
2026-04-05 19:13:24.926 [INFO    ] orchestrator: cleaned up old summary: signals_summary_1775396528.json
2026-04-05 19:13:24.926 [INFO    ] orchestrator: ranked 20 signals
2026-04-05 19:13:24.928 [INFO    ] orchestrator:   #14 Down score=6.91 tier=SILVER folds=2/3 idx=[3, 4] p=5.39e-04 ev=0.0617
2026-04-05 19:13:24.928 [INFO    ] orchestrator:   #3 Down score=6.14 tier=OVERFIT_DANGER folds=1/3 idx=[4] p=4.08e-04 ev=0.1444
2026-04-05 19:13:24.928 [INFO    ] orchestrator:   #5 Down score=5.92 tier=OVERFIT_DANGER folds=1/3 idx=[4] p=6.74e-04 ev=0.1626
2026-04-05 19:13:24.930 [INFO    ] orchestrator:   #10 Down score=4.17 tier=OVERFIT_DANGER folds=1/3 idx=[4] p=1.01e-03 ev=0.1003
2026-04-05 19:13:24.930 [INFO    ] orchestrator:   #7 Down score=3.52 tier=OVERFIT_DANGER folds=1/3 idx=[3] p=5.39e-04 ev=0.0740
2026-04-05 19:13:24.930 [INFO    ] orchestrator: signal #14 Down [290s->260s] d>=0.0% v<=1.0% score 6.91 < threshold 10.00 — skipping
2026-04-05 19:13:24.940 [INFO    ] orchestrator: no signal passed all delivery gates — not sending to bot
2026-04-05 19:28:24.958 [INFO    ] orchestrator: data quality check passed: 600 windows available
2026-04-05 19:28:24.958 [INFO    ] orchestrator: starting engine: C:\Users\operator\Desktop\PolySignalLab\PolySignalEngine\build\Release\PolySignalEngine.exe C:\Users\operator\Desktop\PolySignalLab\PolyDataCollector\data --output-dir C:\Users\operator\Desktop\PolySignalLab\engine_output
2026-04-05 19:28:32.620 [INFO    ] orchestrator: engine:   Summary written: C:\Users\operator\Desktop\PolySignalLab\engine_output\signals_summary_1775406512.json
2026-04-05 19:28:32.636 [INFO    ] orchestrator: engine: 
2026-04-05 19:28:32.636 [INFO    ] orchestrator: engine: ==========================================================
2026-04-05 19:28:32.636 [INFO    ] orchestrator: engine:   SUMMARY
2026-04-05 19:28:32.636 [INFO    ] orchestrator: engine: ==========================================================
2026-04-05 19:28:32.636 [INFO    ] orchestrator: engine:   Total windows:         600 (312 UP, 288 DOWN)
2026-04-05 19:28:32.636 [INFO    ] orchestrator: engine:   Walk-forward folds:    5 (3 test iterations)
2026-04-05 19:28:32.636 [INFO    ] orchestrator: engine:   OOS base rate:         51.4% UP (360 test windows total)
2026-04-05 19:28:32.636 [INFO    ] orchestrator: engine:   Viable WF-OOS signals: 27
2026-04-05 19:28:32.636 [INFO    ] orchestrator: engine: ==========================================================
2026-04-05 19:28:32.636 [INFO    ] orchestrator: engine produced: signals_summary_1775406512.json
2026-04-05 19:28:32.636 [INFO    ] orchestrator: cleaned up old summary: signals_summary_1775397435.json
2026-04-05 19:28:32.636 [INFO    ] orchestrator: ranked 20 signals
2026-04-05 19:28:32.636 [INFO    ] orchestrator:   #4 Down score=8.56 tier=OVERFIT_DANGER folds=1/3 idx=[3] p=3.43e-07 ev=0.0880
2026-04-05 19:28:32.636 [INFO    ] orchestrator:   #2 Down score=8.15 tier=OVERFIT_DANGER folds=1/3 idx=[4] p=1.36e-06 ev=0.0884
2026-04-05 19:28:32.636 [INFO    ] orchestrator:   #3 Down score=7.64 tier=OVERFIT_DANGER folds=1/3 idx=[4] p=2.13e-05 ev=0.1208
2026-04-05 19:28:32.636 [INFO    ] orchestrator:   #6 Down score=4.55 tier=OVERFIT_DANGER folds=1/3 idx=[4] p=1.02e-03 ev=0.1400
2026-04-05 19:28:32.636 [INFO    ] orchestrator:   #10 Down score=4.16 tier=OVERFIT_DANGER folds=1/3 idx=[4] p=4.27e-04 ev=0.0944
2026-04-05 19:28:32.636 [INFO    ] orchestrator: signal #4 Down [290s->130s] d>=0.0% v<=0.05% score 8.56 < threshold 10.00 — skipping
2026-04-05 19:28:32.651 [INFO    ] orchestrator: no signal passed all delivery gates — not sending to bot
2026-04-05 19:43:32.663 [INFO    ] orchestrator: data quality check passed: 600 windows available
2026-04-05 19:43:32.663 [INFO    ] orchestrator: starting engine: C:\Users\operator\Desktop\PolySignalLab\PolySignalEngine\build\Release\PolySignalEngine.exe C:\Users\operator\Desktop\PolySignalLab\PolyDataCollector\data --output-dir C:\Users\operator\Desktop\PolySignalLab\engine_output
2026-04-05 19:43:40.387 [INFO    ] orchestrator: engine:   Summary written: C:\Users\operator\Desktop\PolySignalLab\engine_output\signals_summary_1775407420.json
2026-04-05 19:43:40.403 [INFO    ] orchestrator: engine: 
2026-04-05 19:43:40.403 [INFO    ] orchestrator: engine: ==========================================================
2026-04-05 19:43:40.403 [INFO    ] orchestrator: engine:   SUMMARY
2026-04-05 19:43:40.403 [INFO    ] orchestrator: engine: ==========================================================
2026-04-05 19:43:40.403 [INFO    ] orchestrator: engine:   Total windows:         600 (312 UP, 288 DOWN)
2026-04-05 19:43:40.403 [INFO    ] orchestrator: engine:   Walk-forward folds:    5 (3 test iterations)
2026-04-05 19:43:40.403 [INFO    ] orchestrator: engine:   OOS base rate:         51.7% UP (360 test windows total)
2026-04-05 19:43:40.403 [INFO    ] orchestrator: engine:   Viable WF-OOS signals: 26
2026-04-05 19:43:40.403 [INFO    ] orchestrator: engine: ==========================================================
2026-04-05 19:43:40.403 [INFO    ] orchestrator: engine produced: signals_summary_1775407420.json
2026-04-05 19:43:40.403 [INFO    ] orchestrator: cleaned up old summary: signals_summary_1775398343.json
2026-04-05 19:43:40.403 [INFO    ] orchestrator: ranked 20 signals
2026-04-05 19:43:40.403 [INFO    ] orchestrator:   #4 Down score=8.62 tier=OVERFIT_DANGER folds=1/3 idx=[3] p=2.37e-07 ev=0.0863
2026-04-05 19:43:40.403 [INFO    ] orchestrator:   #2 Down score=8.26 tier=OVERFIT_DANGER folds=1/3 idx=[4] p=1.14e-06 ev=0.0884
2026-04-05 19:43:40.403 [INFO    ] orchestrator:   #3 Down score=7.75 tier=OVERFIT_DANGER folds=1/3 idx=[4] p=1.83e-05 ev=0.1208
2026-04-05 19:43:40.403 [INFO    ] orchestrator:   #6 Down score=4.69 tier=OVERFIT_DANGER folds=1/3 idx=[4] p=8.25e-04 ev=0.1400
2026-04-05 19:43:40.403 [INFO    ] orchestrator:   #10 Down score=4.24 tier=OVERFIT_DANGER folds=1/3 idx=[4] p=3.71e-04 ev=0.0944
2026-04-05 19:43:40.403 [INFO    ] orchestrator: signal #4 Down [250s->130s] d>=0.0% v<=0.25% score 8.62 < threshold 10.00 — skipping
2026-04-05 19:43:40.419 [INFO    ] orchestrator: no signal passed all delivery gates — not sending to bot
2026-04-05 19:58:40.434 [INFO    ] orchestrator: data quality check passed: 600 windows available
2026-04-05 19:58:40.434 [INFO    ] orchestrator: starting engine: C:\Users\operator\Desktop\PolySignalLab\PolySignalEngine\build\Release\PolySignalEngine.exe C:\Users\operator\Desktop\PolySignalLab\PolyDataCollector\data --output-dir C:\Users\operator\Desktop\PolySignalLab\engine_output
2026-04-05 19:58:48.108 [INFO    ] orchestrator: engine:   Summary written: C:\Users\operator\Desktop\PolySignalLab\engine_output\signals_summary_1775408328.json
2026-04-05 19:58:48.108 [INFO    ] orchestrator: engine: 
2026-04-05 19:58:48.108 [INFO    ] orchestrator: engine: ==========================================================
2026-04-05 19:58:48.108 [INFO    ] orchestrator: engine:   SUMMARY
2026-04-05 19:58:48.108 [INFO    ] orchestrator: engine: ==========================================================
2026-04-05 19:58:48.108 [INFO    ] orchestrator: engine:   Total windows:         600 (312 UP, 288 DOWN)
2026-04-05 19:58:48.108 [INFO    ] orchestrator: engine:   Walk-forward folds:    5 (3 test iterations)
2026-04-05 19:58:48.108 [INFO    ] orchestrator: engine:   OOS base rate:         51.1% UP (360 test windows total)
2026-04-05 19:58:48.108 [INFO    ] orchestrator: engine:   Viable WF-OOS signals: 26
2026-04-05 19:58:48.108 [INFO    ] orchestrator: engine: ==========================================================
2026-04-05 19:58:48.108 [INFO    ] orchestrator: engine produced: signals_summary_1775408328.json
2026-04-05 19:58:48.108 [INFO    ] orchestrator: cleaned up old summary: signals_summary_1775399251.json
2026-04-05 19:58:48.108 [INFO    ] orchestrator: ranked 20 signals
2026-04-05 19:58:48.108 [INFO    ] orchestrator:   #2 Down score=9.21 tier=OVERFIT_DANGER folds=1/3 idx=[4] p=4.19e-07 ev=0.0915
2026-04-05 19:58:48.108 [INFO    ] orchestrator:   #4 Down score=8.39 tier=OVERFIT_DANGER folds=1/3 idx=[3] p=3.60e-07 ev=0.0863
2026-04-05 19:58:48.108 [INFO    ] orchestrator:   #3 Down score=6.53 tier=OVERFIT_DANGER folds=1/3 idx=[4] p=3.34e-05 ev=0.0993
2026-04-05 19:58:48.108 [INFO    ] orchestrator:   #1 Up score=3.46 tier=OVERFIT_DANGER folds=1/3 idx=[4] p=7.00e-06 ev=0.0581
2026-04-05 19:58:48.108 [INFO    ] orchestrator:   #8 Down score=3.24 tier=OVERFIT_DANGER folds=1/3 idx=[4] p=1.79e-03 ev=0.1033
2026-04-05 19:58:48.108 [INFO    ] orchestrator: signal #2 Down [140s->100s] d>=0.0% v<=0.5% score 9.21 < threshold 10.00 — skipping
2026-04-05 19:58:48.126 [INFO    ] orchestrator: no signal passed all delivery gates — not sending to bot
2026-04-05 20:13:48.126 [INFO    ] orchestrator: data quality check passed: 600 windows available
2026-04-05 20:13:48.126 [INFO    ] orchestrator: starting engine: C:\Users\operator\Desktop\PolySignalLab\PolySignalEngine\build\Release\PolySignalEngine.exe C:\Users\operator\Desktop\PolySignalLab\PolyDataCollector\data --output-dir C:\Users\operator\Desktop\PolySignalLab\engine_output
2026-04-05 20:13:55.640 [INFO    ] orchestrator: engine:   Summary written: C:\Users\operator\Desktop\PolySignalLab\engine_output\signals_summary_1775409235.json
2026-04-05 20:13:55.640 [INFO    ] orchestrator: engine: 
2026-04-05 20:13:55.640 [INFO    ] orchestrator: engine: ==========================================================
2026-04-05 20:13:55.640 [INFO    ] orchestrator: engine:   SUMMARY
2026-04-05 20:13:55.640 [INFO    ] orchestrator: engine: ==========================================================
2026-04-05 20:13:55.645 [INFO    ] orchestrator: engine:   Total windows:         600 (312 UP, 288 DOWN)
2026-04-05 20:13:55.645 [INFO    ] orchestrator: engine:   Walk-forward folds:    5 (3 test iterations)
2026-04-05 20:13:55.645 [INFO    ] orchestrator: engine:   OOS base rate:         50.8% UP (360 test windows total)
2026-04-05 20:13:55.645 [INFO    ] orchestrator: engine:   Viable WF-OOS signals: 24
2026-04-05 20:13:55.645 [INFO    ] orchestrator: engine: ==========================================================
2026-04-05 20:13:55.645 [INFO    ] orchestrator: engine produced: signals_summary_1775409235.json
2026-04-05 20:13:55.645 [INFO    ] orchestrator: cleaned up old summary: signals_summary_1775400158.json
2026-04-05 20:13:55.645 [INFO    ] orchestrator: ranked 20 signals
2026-04-05 20:13:55.645 [INFO    ] orchestrator:   #1 Down score=8.95 tier=OVERFIT_DANGER folds=1/3 idx=[4] p=6.35e-07 ev=0.0915
2026-04-05 20:13:55.645 [INFO    ] orchestrator:   #3 Down score=7.39 tier=OVERFIT_DANGER folds=1/3 idx=[3] p=6.35e-07 ev=0.0793
2026-04-05 20:13:55.645 [INFO    ] orchestrator:   #2 Down score=6.27 tier=OVERFIT_DANGER folds=1/3 idx=[4] p=5.02e-05 ev=0.0993
2026-04-05 20:13:55.645 [INFO    ] orchestrator:   #6 Down score=3.28 tier=OVERFIT_DANGER folds=1/3 idx=[4] p=6.41e-04 ev=0.0723
2026-04-05 20:13:55.645 [INFO    ] orchestrator:   #7 Down score=3.12 tier=OVERFIT_DANGER folds=1/3 idx=[4] p=2.28e-03 ev=0.1033
2026-04-05 20:13:55.645 [INFO    ] orchestrator: signal #1 Down [130s->100s] d>=0.0% v<=1.0% score 8.95 < threshold 10.00 — skipping
2026-04-05 20:13:55.656 [INFO    ] orchestrator: no signal passed all delivery gates — not sending to bot
2026-04-05 20:28:55.676 [INFO    ] orchestrator: data quality check passed: 600 windows available
2026-04-05 20:28:55.676 [INFO    ] orchestrator: starting engine: C:\Users\operator\Desktop\PolySignalLab\PolySignalEngine\build\Release\PolySignalEngine.exe C:\Users\operator\Desktop\PolySignalLab\PolyDataCollector\data --output-dir C:\Users\operator\Desktop\PolySignalLab\engine_output
2026-04-05 20:29:03.240 [INFO    ] orchestrator: engine:   Summary written: C:\Users\operator\Desktop\PolySignalLab\engine_output\signals_summary_1775410143.json
2026-04-05 20:29:03.240 [INFO    ] orchestrator: engine: 
2026-04-05 20:29:03.240 [INFO    ] orchestrator: engine: ==========================================================
2026-04-05 20:29:03.240 [INFO    ] orchestrator: engine:   SUMMARY
2026-04-05 20:29:03.240 [INFO    ] orchestrator: engine: ==========================================================
2026-04-05 20:29:03.240 [INFO    ] orchestrator: engine:   Total windows:         600 (313 UP, 287 DOWN)
2026-04-05 20:29:03.240 [INFO    ] orchestrator: engine:   Walk-forward folds:    5 (3 test iterations)
2026-04-05 20:29:03.240 [INFO    ] orchestrator: engine:   OOS base rate:         51.4% UP (360 test windows total)
2026-04-05 20:29:03.240 [INFO    ] orchestrator: engine:   Viable WF-OOS signals: 29
2026-04-05 20:29:03.240 [INFO    ] orchestrator: engine: ==========================================================
2026-04-05 20:29:03.240 [INFO    ] orchestrator: engine produced: signals_summary_1775410143.json
2026-04-05 20:29:03.240 [INFO    ] orchestrator: cleaned up old summary: signals_summary_1775401066.json
2026-04-05 20:29:03.251 [INFO    ] orchestrator: ranked 20 signals
2026-04-05 20:29:03.251 [INFO    ] orchestrator:   #4 Down score=5.08 tier=OVERFIT_DANGER folds=1/3 idx=[3] p=9.75e-07 ev=0.0574
2026-04-05 20:29:03.251 [INFO    ] orchestrator:   #2 Down score=4.66 tier=OVERFIT_DANGER folds=1/3 idx=[4] p=4.33e-06 ev=0.0570
2026-04-05 20:29:03.251 [INFO    ] orchestrator:   #1 Up score=3.49 tier=OVERFIT_DANGER folds=1/3 idx=[4] p=8.48e-06 ev=0.0595
2026-04-05 20:29:03.251 [INFO    ] orchestrator:   #6 Down score=3.32 tier=OVERFIT_DANGER folds=1/3 idx=[4] p=4.05e-04 ev=0.0721
2026-04-05 20:29:03.251 [INFO    ] orchestrator:   #13 Down score=2.17 tier=OVERFIT_DANGER folds=1/3 idx=[4] p=1.10e-02 ev=0.1205
2026-04-05 20:29:03.251 [INFO    ] orchestrator: signal #4 Down [200s->130s] d>=0.0% v<=0.65% score 5.08 < threshold 10.00 — skipping
2026-04-05 20:29:03.256 [INFO    ] orchestrator: no signal passed all delivery gates — not sending to bot
2026-04-05 20:44:03.272 [INFO    ] orchestrator: data quality check passed: 600 windows available
2026-04-05 20:44:03.272 [INFO    ] orchestrator: starting engine: C:\Users\operator\Desktop\PolySignalLab\PolySignalEngine\build\Release\PolySignalEngine.exe C:\Users\operator\Desktop\PolySignalLab\PolyDataCollector\data --output-dir C:\Users\operator\Desktop\PolySignalLab\engine_output
2026-04-05 20:44:10.854 [INFO    ] orchestrator: engine:   Summary written: C:\Users\operator\Desktop\PolySignalLab\engine_output\signals_summary_1775411050.json
2026-04-05 20:44:10.854 [INFO    ] orchestrator: engine: 
2026-04-05 20:44:10.854 [INFO    ] orchestrator: engine: ==========================================================
2026-04-05 20:44:10.854 [INFO    ] orchestrator: engine:   SUMMARY
2026-04-05 20:44:10.854 [INFO    ] orchestrator: engine: ==========================================================
2026-04-05 20:44:10.854 [INFO    ] orchestrator: engine:   Total windows:         600 (313 UP, 287 DOWN)
2026-04-05 20:44:10.854 [INFO    ] orchestrator: engine:   Walk-forward folds:    5 (3 test iterations)
2026-04-05 20:44:10.854 [INFO    ] orchestrator: engine:   OOS base rate:         51.7% UP (360 test windows total)
2026-04-05 20:44:10.854 [INFO    ] orchestrator: engine:   Viable WF-OOS signals: 28
2026-04-05 20:44:10.854 [INFO    ] orchestrator: engine: ==========================================================
2026-04-05 20:44:10.870 [INFO    ] orchestrator: engine produced: signals_summary_1775411050.json
2026-04-05 20:44:10.870 [INFO    ] orchestrator: cleaned up old summary: signals_summary_1775401974.json
2026-04-05 20:44:10.870 [INFO    ] orchestrator: ranked 20 signals
2026-04-05 20:44:10.870 [INFO    ] orchestrator:   #18 Down score=9.61 tier=SILVER folds=2/3 idx=[3, 4] p=2.22e-04 ev=0.0706
2026-04-05 20:44:10.870 [INFO    ] orchestrator:   #6 Down score=5.07 tier=OVERFIT_DANGER folds=1/3 idx=[3] p=1.74e-06 ev=0.0594
2026-04-05 20:44:10.870 [INFO    ] orchestrator:   #4 Down score=4.36 tier=OVERFIT_DANGER folds=1/3 idx=[4] p=9.86e-06 ev=0.0574
2026-04-05 20:44:10.870 [INFO    ] orchestrator:   #1 Up score=3.92 tier=OVERFIT_DANGER folds=1/3 idx=[4] p=3.38e-06 ev=0.0565
2026-04-05 20:44:10.870 [INFO    ] orchestrator:   #5 Down score=2.81 tier=OVERFIT_DANGER folds=1/3 idx=[3] p=4.00e-08 ev=0.0253
2026-04-05 20:44:10.870 [INFO    ] orchestrator: signal #18 Down [290s->260s] d>=0.0% v<=1.0% score 9.61 < threshold 10.00 — skipping
2026-04-05 20:44:10.870 [INFO    ] orchestrator: no signal passed all delivery gates — not sending to bot
2026-04-05 20:59:10.894 [INFO    ] orchestrator: data quality check passed: 600 windows available
2026-04-05 20:59:10.894 [INFO    ] orchestrator: starting engine: C:\Users\operator\Desktop\PolySignalLab\PolySignalEngine\build\Release\PolySignalEngine.exe C:\Users\operator\Desktop\PolySignalLab\PolyDataCollector\data --output-dir C:\Users\operator\Desktop\PolySignalLab\engine_output
2026-04-05 20:59:18.499 [INFO    ] orchestrator: engine:   Summary written: C:\Users\operator\Desktop\PolySignalLab\engine_output\signals_summary_1775411958.json
2026-04-05 20:59:18.499 [INFO    ] orchestrator: engine: 
2026-04-05 20:59:18.499 [INFO    ] orchestrator: engine: ==========================================================
2026-04-05 20:59:18.499 [INFO    ] orchestrator: engine:   SUMMARY
2026-04-05 20:59:18.499 [INFO    ] orchestrator: engine: ==========================================================
2026-04-05 20:59:18.499 [INFO    ] orchestrator: engine:   Total windows:         600 (313 UP, 287 DOWN)
2026-04-05 20:59:18.499 [INFO    ] orchestrator: engine:   Walk-forward folds:    5 (3 test iterations)
2026-04-05 20:59:18.499 [INFO    ] orchestrator: engine:   OOS base rate:         51.4% UP (360 test windows total)
2026-04-05 20:59:18.499 [INFO    ] orchestrator: engine:   Viable WF-OOS signals: 28
2026-04-05 20:59:18.499 [INFO    ] orchestrator: engine: ==========================================================
2026-04-05 20:59:18.499 [INFO    ] orchestrator: engine produced: signals_summary_1775411958.json
2026-04-05 20:59:18.499 [INFO    ] orchestrator: cleaned up old summary: signals_summary_1775402881.json
2026-04-05 20:59:18.513 [INFO    ] orchestrator: ranked 20 signals
2026-04-05 20:59:18.513 [INFO    ] orchestrator:   #4 Down score=5.38 tier=OVERFIT_DANGER folds=1/3 idx=[4] p=2.24e-06 ev=0.0610
2026-04-05 20:59:18.513 [INFO    ] orchestrator:   #8 Down score=4.69 tier=OVERFIT_DANGER folds=1/3 idx=[3] p=2.24e-06 ev=0.0570
2026-04-05 20:59:18.513 [INFO    ] orchestrator:   #2 Up score=4.18 tier=OVERFIT_DANGER folds=1/3 idx=[4] p=1.32e-05 ev=0.0775
2026-04-05 20:59:18.513 [INFO    ] orchestrator:   #1 Up score=4.04 tier=OVERFIT_DANGER folds=1/3 idx=[4] p=2.24e-06 ev=0.0565
2026-04-05 20:59:18.513 [INFO    ] orchestrator:   #17 Up score=3.27 tier=BRONZE folds=2/3 idx=[2, 4] p=1.91e-02 ev=0.0759
2026-04-05 20:59:18.513 [INFO    ] orchestrator: signal #4 Down [140s->100s] d>=0.0% v<=0.3% score 5.38 < threshold 10.00 — skipping
2026-04-05 20:59:18.518 [INFO    ] orchestrator: no signal passed all delivery gates — not sending to bot
2026-04-05 21:14:18.535 [INFO    ] orchestrator: data quality check passed: 600 windows available
2026-04-05 21:14:18.535 [INFO    ] orchestrator: starting engine: C:\Users\operator\Desktop\PolySignalLab\PolySignalEngine\build\Release\PolySignalEngine.exe C:\Users\operator\Desktop\PolySignalLab\PolyDataCollector\data --output-dir C:\Users\operator\Desktop\PolySignalLab\engine_output
2026-04-05 21:14:26.122 [INFO    ] orchestrator: engine:   Summary written: C:\Users\operator\Desktop\PolySignalLab\engine_output\signals_summary_1775412866.json
2026-04-05 21:14:26.122 [INFO    ] orchestrator: engine: 
2026-04-05 21:14:26.122 [INFO    ] orchestrator: engine: ==========================================================
2026-04-05 21:14:26.122 [INFO    ] orchestrator: engine:   SUMMARY
2026-04-05 21:14:26.122 [INFO    ] orchestrator: engine: ==========================================================
2026-04-05 21:14:26.122 [INFO    ] orchestrator: engine:   Total windows:         600 (312 UP, 288 DOWN)
2026-04-05 21:14:26.122 [INFO    ] orchestrator: engine:   Walk-forward folds:    5 (3 test iterations)
2026-04-05 21:14:26.122 [INFO    ] orchestrator: engine:   OOS base rate:         51.1% UP (360 test windows total)
2026-04-05 21:14:26.122 [INFO    ] orchestrator: engine:   Viable WF-OOS signals: 22
2026-04-05 21:14:26.122 [INFO    ] orchestrator: engine: ==========================================================
2026-04-05 21:14:26.122 [INFO    ] orchestrator: engine produced: signals_summary_1775412866.json
2026-04-05 21:14:26.137 [INFO    ] orchestrator: cleaned up old summary: signals_summary_1775403789.json
2026-04-05 21:14:26.138 [INFO    ] orchestrator: ranked 20 signals
2026-04-05 21:14:26.138 [INFO    ] orchestrator:   #2 Down score=6.00 tier=OVERFIT_DANGER folds=1/3 idx=[4] p=1.14e-06 ev=0.0644
2026-04-05 21:14:26.138 [INFO    ] orchestrator:   #5 Down score=5.87 tier=OVERFIT_DANGER folds=1/3 idx=[4] p=8.99e-05 ev=0.0983
2026-04-05 21:14:26.138 [INFO    ] orchestrator:   #6 Down score=4.57 tier=OVERFIT_DANGER folds=1/3 idx=[3] p=1.49e-06 ev=0.0541
2026-04-05 21:14:26.138 [INFO    ] orchestrator:   #8 Down score=4.02 tier=OVERFIT_DANGER folds=1/3 idx=[3] p=4.77e-05 ev=0.0653
2026-04-05 21:14:26.138 [INFO    ] orchestrator:   #10 Down score=3.84 tier=OVERFIT_DANGER folds=1/3 idx=[3] p=2.46e-04 ev=0.0763
2026-04-05 21:14:26.138 [INFO    ] orchestrator: signal #2 Down [150s->100s] d>=0.0% v<=0.45% score 6.00 < threshold 10.00 — skipping
2026-04-05 21:14:26.138 [INFO    ] orchestrator: no signal passed all delivery gates — not sending to bot
2026-04-05 21:29:26.151 [INFO    ] orchestrator: data quality check passed: 600 windows available
2026-04-05 21:29:26.151 [INFO    ] orchestrator: starting engine: C:\Users\operator\Desktop\PolySignalLab\PolySignalEngine\build\Release\PolySignalEngine.exe C:\Users\operator\Desktop\PolySignalLab\PolyDataCollector\data --output-dir C:\Users\operator\Desktop\PolySignalLab\engine_output
2026-04-05 21:29:33.845 [INFO    ] orchestrator: engine:   Summary written: C:\Users\operator\Desktop\PolySignalLab\engine_output\signals_summary_1775413773.json
2026-04-05 21:29:33.845 [INFO    ] orchestrator: engine: 
2026-04-05 21:29:33.845 [INFO    ] orchestrator: engine: ==========================================================
2026-04-05 21:29:33.845 [INFO    ] orchestrator: engine:   SUMMARY
2026-04-05 21:29:33.845 [INFO    ] orchestrator: engine: ==========================================================
2026-04-05 21:29:33.845 [INFO    ] orchestrator: engine:   Total windows:         600 (311 UP, 289 DOWN)
2026-04-05 21:29:33.845 [INFO    ] orchestrator: engine:   Walk-forward folds:    5 (3 test iterations)
2026-04-05 21:29:33.845 [INFO    ] orchestrator: engine:   OOS base rate:         51.1% UP (360 test windows total)
2026-04-05 21:29:33.845 [INFO    ] orchestrator: engine:   Viable WF-OOS signals: 24
2026-04-05 21:29:33.845 [INFO    ] orchestrator: engine: ==========================================================
2026-04-05 21:29:33.861 [INFO    ] orchestrator: engine produced: signals_summary_1775413773.json
2026-04-05 21:29:33.861 [INFO    ] orchestrator: cleaned up old summary: signals_summary_1775404697.json
2026-04-05 21:29:33.861 [INFO    ] orchestrator: ranked 20 signals
2026-04-05 21:29:33.861 [INFO    ] orchestrator:   #10 Down score=8.33 tier=OVERFIT_DANGER folds=1/3 idx=[3] p=1.88e-05 ev=0.1197
2026-04-05 21:29:33.861 [INFO    ] orchestrator:   #9 Down score=8.19 tier=OVERFIT_DANGER folds=1/3 idx=[3] p=1.24e-05 ev=0.1130
2026-04-05 21:29:33.861 [INFO    ] orchestrator:   #11 Down score=7.45 tier=OVERFIT_DANGER folds=1/3 idx=[3] p=1.99e-04 ev=0.1464
2026-04-05 21:29:33.861 [INFO    ] orchestrator:   #6 Down score=7.23 tier=OVERFIT_DANGER folds=1/3 idx=[3] p=2.86e-06 ev=0.0878
2026-04-05 21:29:33.861 [INFO    ] orchestrator:   #5 Down score=6.30 tier=OVERFIT_DANGER folds=1/3 idx=[3] p=1.32e-06 ev=0.0723
2026-04-05 21:29:33.861 [INFO    ] orchestrator: signal #10 Down [270s->200s] d>=0.0% v<=0.05% score 8.33 < threshold 10.00 — skipping
2026-04-05 21:29:33.861 [INFO    ] orchestrator: no signal passed all delivery gates — not sending to bot
2026-04-05 21:44:33.875 [INFO    ] orchestrator: data quality check passed: 600 windows available
2026-04-05 21:44:33.875 [INFO    ] orchestrator: starting engine: C:\Users\operator\Desktop\PolySignalLab\PolySignalEngine\build\Release\PolySignalEngine.exe C:\Users\operator\Desktop\PolySignalLab\PolyDataCollector\data --output-dir C:\Users\operator\Desktop\PolySignalLab\engine_output
2026-04-05 21:44:41.343 [INFO    ] orchestrator: engine:   Summary written: C:\Users\operator\Desktop\PolySignalLab\engine_output\signals_summary_1775414681.json
2026-04-05 21:44:41.345 [INFO    ] orchestrator: engine: 
2026-04-05 21:44:41.345 [INFO    ] orchestrator: engine: ==========================================================
2026-04-05 21:44:41.345 [INFO    ] orchestrator: engine:   SUMMARY
2026-04-05 21:44:41.345 [INFO    ] orchestrator: engine: ==========================================================
2026-04-05 21:44:41.345 [INFO    ] orchestrator: engine:   Total windows:         600 (311 UP, 289 DOWN)
2026-04-05 21:44:41.347 [INFO    ] orchestrator: engine:   Walk-forward folds:    5 (3 test iterations)
2026-04-05 21:44:41.347 [INFO    ] orchestrator: engine:   OOS base rate:         51.4% UP (360 test windows total)
2026-04-05 21:44:41.347 [INFO    ] orchestrator: engine:   Viable WF-OOS signals: 22
2026-04-05 21:44:41.347 [INFO    ] orchestrator: engine: ==========================================================
2026-04-05 21:44:41.347 [INFO    ] orchestrator: engine produced: signals_summary_1775414681.json
2026-04-05 21:44:41.349 [INFO    ] orchestrator: cleaned up old summary: signals_summary_1775405604.json
2026-04-05 21:44:41.351 [INFO    ] orchestrator: ranked 20 signals
2026-04-05 21:44:41.351 [INFO    ] orchestrator:   #11 Down score=7.92 tier=OVERFIT_DANGER folds=1/3 idx=[3] p=2.81e-05 ev=0.1186
2026-04-05 21:44:41.351 [INFO    ] orchestrator:   #10 Down score=7.46 tier=OVERFIT_DANGER folds=1/3 idx=[3] p=1.84e-05 ev=0.1072
2026-04-05 21:44:41.351 [INFO    ] orchestrator:   #7 Down score=6.51 tier=OVERFIT_DANGER folds=1/3 idx=[3] p=3.82e-06 ev=0.0813
2026-04-05 21:44:41.353 [INFO    ] orchestrator:   #9 Down score=6.09 tier=OVERFIT_DANGER folds=1/3 idx=[4] p=6.33e-05 ev=0.0983
2026-04-05 21:44:41.353 [INFO    ] orchestrator:   #3 Down score=5.55 tier=OVERFIT_DANGER folds=1/3 idx=[4] p=1.29e-06 ev=0.0603
2026-04-05 21:44:41.353 [INFO    ] orchestrator: signal #11 Down [290s->200s] d>=0.0% v<=0.05% score 7.92 < threshold 10.00 — skipping
2026-04-05 21:44:41.363 [INFO    ] orchestrator: no signal passed all delivery gates — not sending to bot
