2026-04-02 23:26:06.006 [INFO    ] orchestrator: logging initialized — level=INFO file=C:\Users\operator\Desktop\PolySignalLab\SignalOrchestrator\logs\orchestrator.log
2026-04-02 23:26:06.006 [INFO    ] orchestrator: orchestrator started — interval=15m min_windows=400 min_score=10.00 min_folds=2 override_score=0.00
2026-04-02 23:26:06.021 [INFO    ] orchestrator: data quality check passed: 600 windows available
2026-04-02 23:26:06.021 [INFO    ] orchestrator: starting engine: C:\Users\operator\Desktop\PolySignalLab\PolySignalEngine\build\Release\PolySignalEngine.exe C:\Users\operator\Desktop\PolySignalLab\PolyDataCollector\data --output-dir C:\Users\operator\Desktop\PolySignalLab\engine_output
2026-04-02 23:26:12.747 [INFO    ] orchestrator: engine:   Summary written: C:\Users\operator\Desktop\PolySignalLab\engine_output\signals_summary_1775161572.json
2026-04-02 23:26:12.747 [INFO    ] orchestrator: engine: 
2026-04-02 23:26:12.756 [INFO    ] orchestrator: engine: ==========================================================
2026-04-02 23:26:12.756 [INFO    ] orchestrator: engine:   SUMMARY
2026-04-02 23:26:12.756 [INFO    ] orchestrator: engine: ==========================================================
2026-04-02 23:26:12.756 [INFO    ] orchestrator: engine:   Total windows:         600 (298 UP, 302 DOWN)
2026-04-02 23:26:12.756 [INFO    ] orchestrator: engine:   Walk-forward folds:    5 (3 test iterations)
2026-04-02 23:26:12.756 [INFO    ] orchestrator: engine:   OOS base rate:         48.9% UP (360 test windows total)
2026-04-02 23:26:12.756 [INFO    ] orchestrator: engine:   Viable WF-OOS signals: 58
2026-04-02 23:26:12.756 [INFO    ] orchestrator: engine: ==========================================================
2026-04-02 23:26:12.759 [INFO    ] orchestrator: engine produced: signals_summary_1775161572.json
2026-04-02 23:26:12.760 [INFO    ] orchestrator: cleaned up old summary: signals_summary_1775152955.json
2026-04-02 23:26:12.761 [INFO    ] orchestrator: ranked 20 signals
2026-04-02 23:26:12.761 [INFO    ] orchestrator:   #5 Up score=68.87 tier=GOLDEN folds=3/3 p=3.81e-16 ev=0.0469
2026-04-02 23:26:12.762 [INFO    ] orchestrator:   #15 Down score=32.64 tier=SILVER folds=2/3 p=5.92e-11 ev=0.0684
2026-04-02 23:26:12.762 [INFO    ] orchestrator:   #18 Down score=21.52 tier=SILVER folds=2/3 p=2.01e-10 ev=0.0487
2026-04-02 23:26:12.762 [INFO    ] orchestrator:   #3 Up score=21.15 tier=SILVER folds=2/3 p=2.02e-10 ev=0.0420
2026-04-02 23:26:12.763 [INFO    ] orchestrator:   #6 Up score=20.45 tier=SILVER folds=2/3 p=1.34e-08 ev=0.0509
2026-04-02 23:26:12.763 [INFO    ] orchestrator: best signal: rank=5 side=Up score=68.87 tier=GOLDEN ev=0.0469
2026-04-02 23:26:12.764 [INFO    ] orchestrator: GOLDEN SIGNAL: #5 Up [180s->130s] d>=0.1% v<=0.05% (score=68.87)
2026-04-02 23:26:12.775 [INFO    ] shared.ipc: IPC: signal delivered successfully
2026-04-02 23:26:12.775 [INFO    ] orchestrator: golden signal delivered to bot
2026-04-02 23:41:12.790 [INFO    ] orchestrator: data quality check passed: 600 windows available
2026-04-02 23:41:12.790 [INFO    ] orchestrator: starting engine: C:\Users\operator\Desktop\PolySignalLab\PolySignalEngine\build\Release\PolySignalEngine.exe C:\Users\operator\Desktop\PolySignalLab\PolyDataCollector\data --output-dir C:\Users\operator\Desktop\PolySignalLab\engine_output
2026-04-02 23:41:19.587 [INFO    ] orchestrator: engine:   Summary written: C:\Users\operator\Desktop\PolySignalLab\engine_output\signals_summary_1775162479.json
2026-04-02 23:41:19.587 [INFO    ] orchestrator: engine: 
2026-04-02 23:41:19.587 [INFO    ] orchestrator: engine: ==========================================================
2026-04-02 23:41:19.587 [INFO    ] orchestrator: engine:   SUMMARY
2026-04-02 23:41:19.587 [INFO    ] orchestrator: engine: ==========================================================
2026-04-02 23:41:19.587 [INFO    ] orchestrator: engine:   Total windows:         600 (297 UP, 303 DOWN)
2026-04-02 23:41:19.587 [INFO    ] orchestrator: engine:   Walk-forward folds:    5 (3 test iterations)
2026-04-02 23:41:19.587 [INFO    ] orchestrator: engine:   OOS base rate:         48.6% UP (360 test windows total)
2026-04-02 23:41:19.587 [INFO    ] orchestrator: engine:   Viable WF-OOS signals: 66
2026-04-02 23:41:19.587 [INFO    ] orchestrator: engine: ==========================================================
2026-04-02 23:41:19.587 [INFO    ] orchestrator: engine produced: signals_summary_1775162479.json
2026-04-02 23:41:19.600 [INFO    ] orchestrator: cleaned up old summary: signals_summary_1775153740.json
2026-04-02 23:41:19.600 [INFO    ] orchestrator: ranked 20 signals
2026-04-02 23:41:19.600 [INFO    ] orchestrator:   #14 Down score=47.56 tier=SILVER folds=2/3 p=9.98e-14 ev=0.0768
2026-04-02 23:41:19.600 [INFO    ] orchestrator:   #17 Down score=41.06 tier=SILVER folds=2/3 p=1.28e-11 ev=0.0799
2026-04-02 23:41:19.600 [INFO    ] orchestrator:   #20 Down score=36.63 tier=SILVER folds=2/3 p=6.62e-12 ev=0.0700
2026-04-02 23:41:19.600 [INFO    ] orchestrator:   #5 Up score=20.38 tier=SILVER folds=2/3 p=1.42e-08 ev=0.0509
2026-04-02 23:41:19.600 [INFO    ] orchestrator:   #6 Up score=17.40 tier=SILVER folds=2/3 p=1.31e-11 ev=0.0310
2026-04-02 23:41:19.600 [INFO    ] orchestrator: best signal: rank=14 side=Down score=47.56 tier=SILVER ev=0.0768
2026-04-02 23:41:19.604 [INFO    ] orchestrator: SILVER SIGNAL: #14 Down [210s->110s] d>=0.0% v<=0.05% (score=47.56)
2026-04-02 23:41:19.614 [INFO    ] shared.ipc: IPC: signal delivered successfully
2026-04-02 23:41:19.614 [INFO    ] orchestrator: silver signal delivered to bot
2026-04-02 23:56:19.632 [INFO    ] orchestrator: data quality check passed: 600 windows available
2026-04-02 23:56:19.632 [INFO    ] orchestrator: starting engine: C:\Users\operator\Desktop\PolySignalLab\PolySignalEngine\build\Release\PolySignalEngine.exe C:\Users\operator\Desktop\PolySignalLab\PolyDataCollector\data --output-dir C:\Users\operator\Desktop\PolySignalLab\engine_output
2026-04-02 23:56:26.448 [INFO    ] orchestrator: engine:   Summary written: C:\Users\operator\Desktop\PolySignalLab\engine_output\signals_summary_1775163386.json
2026-04-02 23:56:26.448 [INFO    ] orchestrator: engine: 
2026-04-02 23:56:26.448 [INFO    ] orchestrator: engine: ==========================================================
2026-04-02 23:56:26.448 [INFO    ] orchestrator: engine:   SUMMARY
2026-04-02 23:56:26.448 [INFO    ] orchestrator: engine: ==========================================================
2026-04-02 23:56:26.448 [INFO    ] orchestrator: engine:   Total windows:         600 (297 UP, 303 DOWN)
2026-04-02 23:56:26.448 [INFO    ] orchestrator: engine:   Walk-forward folds:    5 (3 test iterations)
2026-04-02 23:56:26.448 [INFO    ] orchestrator: engine:   OOS base rate:         48.3% UP (360 test windows total)
2026-04-02 23:56:26.448 [INFO    ] orchestrator: engine:   Viable WF-OOS signals: 64
2026-04-02 23:56:26.448 [INFO    ] orchestrator: engine: ==========================================================
2026-04-02 23:56:26.464 [INFO    ] orchestrator: engine produced: signals_summary_1775163386.json
2026-04-02 23:56:26.464 [INFO    ] orchestrator: cleaned up old summary: signals_summary_1775154647.json
2026-04-02 23:56:26.464 [INFO    ] orchestrator: ranked 20 signals
2026-04-02 23:56:26.464 [INFO    ] orchestrator:   #19 Down score=35.53 tier=SILVER folds=2/3 p=1.44e-11 ev=0.0700
2026-04-02 23:56:26.464 [INFO    ] orchestrator:   #4 Up score=25.45 tier=SILVER folds=2/3 p=8.24e-09 ev=0.0606
2026-04-02 23:56:26.464 [INFO    ] orchestrator:   #14 Up score=25.04 tier=GOLDEN folds=3/3 p=8.26e-10 ev=0.0315
2026-04-02 23:56:26.464 [INFO    ] orchestrator:   #5 Up score=17.65 tier=SILVER folds=2/3 p=2.14e-08 ev=0.0453
2026-04-02 23:56:26.464 [INFO    ] orchestrator:   #9 Down score=16.03 tier=OVERFIT_DANGER folds=1/3 p=1.10e-08 ev=0.1100
2026-04-02 23:56:26.464 [INFO    ] orchestrator: best signal: rank=19 side=Down score=35.53 tier=SILVER ev=0.0700
2026-04-02 23:56:26.464 [INFO    ] orchestrator: SILVER SIGNAL: #19 Down [270s->120s] d>=0.0% v<=0.05% (score=35.53)
2026-04-02 23:56:26.464 [INFO    ] shared.ipc: IPC: signal delivered successfully
2026-04-02 23:56:26.464 [INFO    ] orchestrator: silver signal delivered to bot
2026-04-03 00:11:26.487 [INFO    ] orchestrator: data quality check passed: 600 windows available
2026-04-03 00:11:26.487 [INFO    ] orchestrator: starting engine: C:\Users\operator\Desktop\PolySignalLab\PolySignalEngine\build\Release\PolySignalEngine.exe C:\Users\operator\Desktop\PolySignalLab\PolyDataCollector\data --output-dir C:\Users\operator\Desktop\PolySignalLab\engine_output
2026-04-03 00:11:33.235 [INFO    ] orchestrator: engine:   Summary written: C:\Users\operator\Desktop\PolySignalLab\engine_output\signals_summary_1775164293.json
2026-04-03 00:11:33.235 [INFO    ] orchestrator: engine: 
2026-04-03 00:11:33.237 [INFO    ] orchestrator: engine: ==========================================================
2026-04-03 00:11:33.237 [INFO    ] orchestrator: engine:   SUMMARY
2026-04-03 00:11:33.237 [INFO    ] orchestrator: engine: ==========================================================
2026-04-03 00:11:33.237 [INFO    ] orchestrator: engine:   Total windows:         600 (295 UP, 305 DOWN)
2026-04-03 00:11:33.237 [INFO    ] orchestrator: engine:   Walk-forward folds:    5 (3 test iterations)
2026-04-03 00:11:33.239 [INFO    ] orchestrator: engine:   OOS base rate:         47.8% UP (360 test windows total)
2026-04-03 00:11:33.239 [INFO    ] orchestrator: engine:   Viable WF-OOS signals: 60
2026-04-03 00:11:33.239 [INFO    ] orchestrator: engine: ==========================================================
2026-04-03 00:11:33.239 [INFO    ] orchestrator: engine produced: signals_summary_1775164293.json
2026-04-03 00:11:33.241 [INFO    ] orchestrator: cleaned up old summary: signals_summary_1775154751.json
2026-04-03 00:11:33.241 [INFO    ] orchestrator: ranked 20 signals
2026-04-03 00:11:33.241 [INFO    ] orchestrator:   #18 Up score=25.91 tier=GOLDEN folds=3/3 p=4.79e-10 ev=0.0315
2026-04-03 00:11:33.243 [INFO    ] orchestrator:   #10 Down score=15.24 tier=OVERFIT_DANGER folds=1/3 p=3.16e-08 ev=0.1111
2026-04-03 00:11:33.243 [INFO    ] orchestrator:   #12 Up score=15.23 tier=SILVER folds=2/3 p=3.63e-08 ev=0.0403
2026-04-03 00:11:33.243 [INFO    ] orchestrator:   #13 Down score=14.07 tier=OVERFIT_DANGER folds=1/3 p=8.48e-10 ev=0.0855
2026-04-03 00:11:33.243 [INFO    ] orchestrator:   #17 Up score=13.65 tier=SILVER folds=2/3 p=2.80e-05 ev=0.0878
2026-04-03 00:11:33.243 [INFO    ] orchestrator: best signal: rank=18 side=Up score=25.91 tier=GOLDEN ev=0.0315
2026-04-03 00:11:33.245 [INFO    ] orchestrator: GOLDEN SIGNAL: #18 Up [220s->180s] d>=0.1% v<=0.05% (score=25.91)
2026-04-03 00:11:33.253 [INFO    ] shared.ipc: IPC: signal delivered successfully
2026-04-03 00:11:33.255 [INFO    ] orchestrator: golden signal delivered to bot
2026-04-03 00:26:33.276 [INFO    ] orchestrator: data quality check passed: 600 windows available
2026-04-03 00:26:33.278 [INFO    ] orchestrator: starting engine: C:\Users\operator\Desktop\PolySignalLab\PolySignalEngine\build\Release\PolySignalEngine.exe C:\Users\operator\Desktop\PolySignalLab\PolyDataCollector\data --output-dir C:\Users\operator\Desktop\PolySignalLab\engine_output
2026-04-03 00:26:39.922 [INFO    ] orchestrator: engine:   Summary written: C:\Users\operator\Desktop\PolySignalLab\engine_output\signals_summary_1775165199.json
2026-04-03 00:26:39.922 [INFO    ] orchestrator: engine: 
2026-04-03 00:26:39.922 [INFO    ] orchestrator: engine: ==========================================================
2026-04-03 00:26:39.922 [INFO    ] orchestrator: engine:   SUMMARY
2026-04-03 00:26:39.922 [INFO    ] orchestrator: engine: ==========================================================
2026-04-03 00:26:39.922 [INFO    ] orchestrator: engine:   Total windows:         600 (294 UP, 306 DOWN)
2026-04-03 00:26:39.922 [INFO    ] orchestrator: engine:   Walk-forward folds:    5 (3 test iterations)
2026-04-03 00:26:39.922 [INFO    ] orchestrator: engine:   OOS base rate:         47.5% UP (360 test windows total)
2026-04-03 00:26:39.922 [INFO    ] orchestrator: engine:   Viable WF-OOS signals: 57
2026-04-03 00:26:39.922 [INFO    ] orchestrator: engine: ==========================================================
2026-04-03 00:26:39.922 [INFO    ] orchestrator: engine produced: signals_summary_1775165199.json
2026-04-03 00:26:39.922 [INFO    ] orchestrator: cleaned up old summary: signals_summary_1775155658.json
2026-04-03 00:26:39.922 [INFO    ] orchestrator: ranked 20 signals
2026-04-03 00:26:39.922 [INFO    ] orchestrator:   #16 Down score=17.29 tier=OVERFIT_DANGER folds=1/3 p=2.30e-07 ev=0.1463
2026-04-03 00:26:39.922 [INFO    ] orchestrator:   #17 Down score=15.59 tier=OVERFIT_DANGER folds=1/3 p=4.27e-09 ev=0.1047
2026-04-03 00:26:39.922 [INFO    ] orchestrator:   #12 Up score=15.38 tier=SILVER folds=2/3 p=3.08e-08 ev=0.0403
2026-04-03 00:26:39.922 [INFO    ] orchestrator:   #20 Down score=15.32 tier=OVERFIT_DANGER folds=1/3 p=9.41e-09 ev=0.1091
2026-04-03 00:26:39.922 [INFO    ] orchestrator:   #10 Down score=15.24 tier=OVERFIT_DANGER folds=1/3 p=3.34e-08 ev=0.1115
2026-04-03 00:26:39.922 [INFO    ] orchestrator: best signal: rank=16 side=Down score=17.29 tier=OVERFIT_DANGER ev=0.1463
2026-04-03 00:26:39.922 [INFO    ] orchestrator: signal has 1/3 folds < min 2 (score 17.29 < override 0.00) — not sending to bot
2026-04-03 00:41:39.956 [INFO    ] orchestrator: data quality check passed: 600 windows available
2026-04-03 00:41:39.957 [INFO    ] orchestrator: starting engine: C:\Users\operator\Desktop\PolySignalLab\PolySignalEngine\build\Release\PolySignalEngine.exe C:\Users\operator\Desktop\PolySignalLab\PolyDataCollector\data --output-dir C:\Users\operator\Desktop\PolySignalLab\engine_output
2026-04-03 00:41:46.574 [INFO    ] orchestrator: engine:   Summary written: C:\Users\operator\Desktop\PolySignalLab\engine_output\signals_summary_1775166106.json
2026-04-03 00:41:46.574 [INFO    ] orchestrator: engine: 
2026-04-03 00:41:46.574 [INFO    ] orchestrator: engine: ==========================================================
2026-04-03 00:41:46.574 [INFO    ] orchestrator: engine:   SUMMARY
2026-04-03 00:41:46.574 [INFO    ] orchestrator: engine: ==========================================================
2026-04-03 00:41:46.576 [INFO    ] orchestrator: engine:   Total windows:         600 (295 UP, 305 DOWN)
2026-04-03 00:41:46.576 [INFO    ] orchestrator: engine:   Walk-forward folds:    5 (3 test iterations)
2026-04-03 00:41:46.576 [INFO    ] orchestrator: engine:   OOS base rate:         47.8% UP (360 test windows total)
2026-04-03 00:41:46.576 [INFO    ] orchestrator: engine:   Viable WF-OOS signals: 54
2026-04-03 00:41:46.576 [INFO    ] orchestrator: engine: ==========================================================
2026-04-03 00:41:46.578 [INFO    ] orchestrator: engine produced: signals_summary_1775166106.json
2026-04-03 00:41:46.578 [INFO    ] orchestrator: cleaned up old summary: signals_summary_1775156476.json
2026-04-03 00:41:46.580 [INFO    ] orchestrator: ranked 20 signals
2026-04-03 00:41:46.580 [INFO    ] orchestrator:   #2 Up score=29.58 tier=SILVER folds=2/3 p=2.63e-11 ev=0.0537
2026-04-03 00:41:46.580 [INFO    ] orchestrator:   #18 Down score=21.28 tier=SILVER folds=2/3 p=3.62e-12 ev=0.0410
2026-04-03 00:41:46.580 [INFO    ] orchestrator:   #13 Down score=18.57 tier=OVERFIT_DANGER folds=1/3 p=9.83e-08 ev=0.1483
2026-04-03 00:41:46.582 [INFO    ] orchestrator:   #15 Down score=17.23 tier=OVERFIT_DANGER folds=1/3 p=1.48e-06 ev=0.1675
2026-04-03 00:41:46.582 [INFO    ] orchestrator:   #6 Down score=17.19 tier=OVERFIT_DANGER folds=1/3 p=7.58e-10 ev=0.1023
2026-04-03 00:41:46.582 [INFO    ] orchestrator: best signal: rank=2 side=Up score=29.58 tier=SILVER ev=0.0537
2026-04-03 00:41:46.582 [INFO    ] orchestrator: SILVER SIGNAL: #2 Up [230s->130s] d>=0.1% v<=0.05% (score=29.58)
2026-04-03 00:41:46.592 [INFO    ] shared.ipc: IPC: signal delivered successfully
2026-04-03 00:41:46.594 [INFO    ] orchestrator: silver signal delivered to bot
2026-04-03 00:56:46.603 [INFO    ] orchestrator: data quality check passed: 600 windows available
2026-04-03 00:56:46.603 [INFO    ] orchestrator: starting engine: C:\Users\operator\Desktop\PolySignalLab\PolySignalEngine\build\Release\PolySignalEngine.exe C:\Users\operator\Desktop\PolySignalLab\PolyDataCollector\data --output-dir C:\Users\operator\Desktop\PolySignalLab\engine_output
2026-04-03 00:56:53.234 [INFO    ] orchestrator: engine:   Summary written: C:\Users\operator\Desktop\PolySignalLab\engine_output\signals_summary_1775167013.json
2026-04-03 00:56:53.234 [INFO    ] orchestrator: engine: 
2026-04-03 00:56:53.234 [INFO    ] orchestrator: engine: ==========================================================
2026-04-03 00:56:53.234 [INFO    ] orchestrator: engine:   SUMMARY
2026-04-03 00:56:53.234 [INFO    ] orchestrator: engine: ==========================================================
2026-04-03 00:56:53.234 [INFO    ] orchestrator: engine:   Total windows:         600 (295 UP, 305 DOWN)
2026-04-03 00:56:53.234 [INFO    ] orchestrator: engine:   Walk-forward folds:    5 (3 test iterations)
2026-04-03 00:56:53.234 [INFO    ] orchestrator: engine:   OOS base rate:         47.5% UP (360 test windows total)
2026-04-03 00:56:53.234 [INFO    ] orchestrator: engine:   Viable WF-OOS signals: 55
2026-04-03 00:56:53.234 [INFO    ] orchestrator: engine: ==========================================================
2026-04-03 00:56:53.234 [INFO    ] orchestrator: engine produced: signals_summary_1775167013.json
2026-04-03 00:56:53.234 [INFO    ] orchestrator: cleaned up old summary: signals_summary_1775157383.json
2026-04-03 00:56:53.234 [INFO    ] orchestrator: ranked 20 signals
2026-04-03 00:56:53.234 [INFO    ] orchestrator:   #3 Up score=83.07 tier=GOLDEN folds=3/3 p=2.41e-15 ev=0.0593
2026-04-03 00:56:53.234 [INFO    ] orchestrator:   #19 Down score=28.68 tier=SILVER folds=2/3 p=3.09e-12 ev=0.0540
2026-04-03 00:56:53.234 [INFO    ] orchestrator:   #20 Down score=24.17 tier=SILVER folds=2/3 p=8.13e-13 ev=0.0439
2026-04-03 00:56:53.234 [INFO    ] orchestrator:   #13 Down score=17.98 tier=OVERFIT_DANGER folds=1/3 p=1.63e-07 ev=0.1485
2026-04-03 00:56:53.234 [INFO    ] orchestrator:   #8 Down score=16.86 tier=OVERFIT_DANGER folds=1/3 p=1.10e-09 ev=0.1022
2026-04-03 00:56:53.234 [INFO    ] orchestrator: best signal: rank=3 side=Up score=83.07 tier=GOLDEN ev=0.0593
2026-04-03 00:56:53.234 [INFO    ] orchestrator: GOLDEN SIGNAL: #3 Up [230s->130s] d>=0.1% v<=0.05% (score=83.07)
2026-04-03 00:56:53.266 [INFO    ] shared.ipc: IPC: signal delivered successfully
2026-04-03 00:56:53.266 [INFO    ] orchestrator: golden signal delivered to bot
2026-04-03 01:11:53.283 [INFO    ] orchestrator: data quality check passed: 600 windows available
2026-04-03 01:11:53.283 [INFO    ] orchestrator: starting engine: C:\Users\operator\Desktop\PolySignalLab\PolySignalEngine\build\Release\PolySignalEngine.exe C:\Users\operator\Desktop\PolySignalLab\PolyDataCollector\data --output-dir C:\Users\operator\Desktop\PolySignalLab\engine_output
2026-04-03 01:12:00.109 [INFO    ] orchestrator: engine:   Summary written: C:\Users\operator\Desktop\PolySignalLab\engine_output\signals_summary_1775167920.json
2026-04-03 01:12:00.109 [INFO    ] orchestrator: engine: 
2026-04-03 01:12:00.113 [INFO    ] orchestrator: engine: ==========================================================
2026-04-03 01:12:00.113 [INFO    ] orchestrator: engine:   SUMMARY
2026-04-03 01:12:00.113 [INFO    ] orchestrator: engine: ==========================================================
2026-04-03 01:12:00.113 [INFO    ] orchestrator: engine:   Total windows:         600 (296 UP, 304 DOWN)
2026-04-03 01:12:00.113 [INFO    ] orchestrator: engine:   Walk-forward folds:    5 (3 test iterations)
2026-04-03 01:12:00.115 [INFO    ] orchestrator: engine:   OOS base rate:         47.8% UP (360 test windows total)
2026-04-03 01:12:00.115 [INFO    ] orchestrator: engine:   Viable WF-OOS signals: 66
2026-04-03 01:12:00.115 [INFO    ] orchestrator: engine: ==========================================================
2026-04-03 01:12:00.115 [INFO    ] orchestrator: engine produced: signals_summary_1775167920.json
2026-04-03 01:12:00.117 [INFO    ] orchestrator: cleaned up old summary: signals_summary_1775158290.json
2026-04-03 01:12:00.117 [INFO    ] orchestrator: ranked 20 signals
2026-04-03 01:12:00.117 [INFO    ] orchestrator:   #6 Up score=30.70 tier=SILVER folds=2/3 p=1.32e-11 ev=0.0541
2026-04-03 01:12:00.117 [INFO    ] orchestrator:   #5 Up score=29.17 tier=GOLDEN folds=3/3 p=1.32e-11 ev=0.0286
2026-04-03 01:12:00.117 [INFO    ] orchestrator:   #18 Down score=17.87 tier=OVERFIT_DANGER folds=1/3 p=1.80e-07 ev=0.1488
2026-04-03 01:12:00.117 [INFO    ] orchestrator:   #3 Up score=17.16 tier=SILVER folds=2/3 p=6.02e-07 ev=0.0724
2026-04-03 01:12:00.121 [INFO    ] orchestrator:   #8 Down score=17.00 tier=OVERFIT_DANGER folds=1/3 p=1.67e-09 ev=0.1052
2026-04-03 01:12:00.121 [INFO    ] orchestrator: best signal: rank=6 side=Up score=30.70 tier=SILVER ev=0.0541
2026-04-03 01:12:00.121 [INFO    ] orchestrator: SILVER SIGNAL: #6 Up [230s->130s] d>=0.1% v<=0.05% (score=30.70)
2026-04-03 01:12:00.145 [INFO    ] shared.ipc: IPC: signal delivered successfully
2026-04-03 01:12:00.145 [INFO    ] orchestrator: silver signal delivered to bot
2026-04-03 01:27:00.160 [INFO    ] orchestrator: data quality check passed: 600 windows available
2026-04-03 01:27:00.162 [INFO    ] orchestrator: starting engine: C:\Users\operator\Desktop\PolySignalLab\PolySignalEngine\build\Release\PolySignalEngine.exe C:\Users\operator\Desktop\PolySignalLab\PolyDataCollector\data --output-dir C:\Users\operator\Desktop\PolySignalLab\engine_output
2026-04-03 01:27:07.405 [INFO    ] orchestrator: engine:   Summary written: C:\Users\operator\Desktop\PolySignalLab\engine_output\signals_summary_1775168827.json
2026-04-03 01:27:07.405 [INFO    ] orchestrator: engine: 
2026-04-03 01:27:07.405 [INFO    ] orchestrator: engine: ==========================================================
2026-04-03 01:27:07.405 [INFO    ] orchestrator: engine:   SUMMARY
2026-04-03 01:27:07.405 [INFO    ] orchestrator: engine: ==========================================================
2026-04-03 01:27:07.405 [INFO    ] orchestrator: engine:   Total windows:         600 (295 UP, 305 DOWN)
2026-04-03 01:27:07.405 [INFO    ] orchestrator: engine:   Walk-forward folds:    5 (3 test iterations)
2026-04-03 01:27:07.405 [INFO    ] orchestrator: engine:   OOS base rate:         47.5% UP (360 test windows total)
2026-04-03 01:27:07.405 [INFO    ] orchestrator: engine:   Viable WF-OOS signals: 63
2026-04-03 01:27:07.405 [INFO    ] orchestrator: engine: ==========================================================
2026-04-03 01:27:07.405 [INFO    ] orchestrator: engine produced: signals_summary_1775168827.json
2026-04-03 01:27:07.421 [INFO    ] orchestrator: cleaned up old summary: signals_summary_1775159197.json
2026-04-03 01:27:07.421 [INFO    ] orchestrator: ranked 20 signals
2026-04-03 01:27:07.421 [INFO    ] orchestrator:   #6 Up score=28.54 tier=SILVER folds=2/3 p=3.97e-11 ev=0.0526
2026-04-03 01:27:07.421 [INFO    ] orchestrator:   #4 Up score=21.16 tier=SILVER folds=2/3 p=3.31e-07 ev=0.0818
2026-04-03 01:27:07.421 [INFO    ] orchestrator:   #10 Down score=17.68 tier=OVERFIT_DANGER folds=1/3 p=2.80e-09 ev=0.1124
2026-04-03 01:27:07.421 [INFO    ] orchestrator:   #8 Down score=17.51 tier=OVERFIT_DANGER folds=1/3 p=1.12e-09 ev=0.1062
2026-04-03 01:27:07.421 [INFO    ] orchestrator:   #15 Down score=17.19 tier=OVERFIT_DANGER folds=1/3 p=9.21e-09 ev=0.1206
2026-04-03 01:27:07.421 [INFO    ] orchestrator: best signal: rank=6 side=Up score=28.54 tier=SILVER ev=0.0526
2026-04-03 01:27:07.421 [INFO    ] orchestrator: SILVER SIGNAL: #6 Up [230s->130s] d>=0.1% v<=0.05% (score=28.54)
2026-04-03 01:27:07.421 [INFO    ] shared.ipc: IPC: signal delivered successfully
2026-04-03 01:27:07.421 [INFO    ] orchestrator: silver signal delivered to bot
2026-04-03 01:42:07.443 [INFO    ] orchestrator: data quality check passed: 600 windows available
2026-04-03 01:42:07.443 [INFO    ] orchestrator: starting engine: C:\Users\operator\Desktop\PolySignalLab\PolySignalEngine\build\Release\PolySignalEngine.exe C:\Users\operator\Desktop\PolySignalLab\PolyDataCollector\data --output-dir C:\Users\operator\Desktop\PolySignalLab\engine_output
2026-04-03 01:42:14.096 [INFO    ] orchestrator: engine:   Summary written: C:\Users\operator\Desktop\PolySignalLab\engine_output\signals_summary_1775169734.json
2026-04-03 01:42:14.096 [INFO    ] orchestrator: engine: 
2026-04-03 01:42:14.096 [INFO    ] orchestrator: engine: ==========================================================
2026-04-03 01:42:14.096 [INFO    ] orchestrator: engine:   SUMMARY
2026-04-03 01:42:14.096 [INFO    ] orchestrator: engine: ==========================================================
2026-04-03 01:42:14.096 [INFO    ] orchestrator: engine:   Total windows:         600 (295 UP, 305 DOWN)
2026-04-03 01:42:14.096 [INFO    ] orchestrator: engine:   Walk-forward folds:    5 (3 test iterations)
2026-04-03 01:42:14.096 [INFO    ] orchestrator: engine:   OOS base rate:         47.5% UP (360 test windows total)
2026-04-03 01:42:14.096 [INFO    ] orchestrator: engine:   Viable WF-OOS signals: 60
2026-04-03 01:42:14.096 [INFO    ] orchestrator: engine: ==========================================================
2026-04-03 01:42:14.096 [INFO    ] orchestrator: engine produced: signals_summary_1775169734.json
2026-04-03 01:42:14.108 [INFO    ] orchestrator: cleaned up old summary: signals_summary_1775160103.json
2026-04-03 01:42:14.108 [INFO    ] orchestrator: ranked 20 signals
2026-04-03 01:42:14.108 [INFO    ] orchestrator:   #17 Down score=52.17 tier=SILVER folds=2/3 p=2.75e-14 ev=0.0791
2026-04-03 01:42:14.108 [INFO    ] orchestrator:   #15 Up score=37.63 tier=GOLDEN folds=3/3 p=1.49e-10 ev=0.0434
2026-04-03 01:42:14.108 [INFO    ] orchestrator:   #7 Up score=25.54 tier=SILVER folds=2/3 p=7.62e-10 ev=0.0538
2026-04-03 01:42:14.108 [INFO    ] orchestrator:   #1 Up score=16.36 tier=SILVER folds=2/3 p=8.86e-09 ev=0.0400
2026-04-03 01:42:14.108 [INFO    ] orchestrator:   #18 Up score=14.95 tier=SILVER folds=2/3 p=5.45e-07 ev=0.0497
2026-04-03 01:42:14.108 [INFO    ] orchestrator: best signal: rank=17 side=Down score=52.17 tier=SILVER ev=0.0791
2026-04-03 01:42:14.108 [INFO    ] orchestrator: SILVER SIGNAL: #17 Down [190s->110s] d>=0.0% v<=0.05% (score=52.17)
2026-04-03 01:42:14.108 [INFO    ] shared.ipc: IPC: signal delivered successfully
2026-04-03 01:42:14.108 [INFO    ] orchestrator: silver signal delivered to bot
2026-04-03 01:57:14.132 [INFO    ] orchestrator: data quality check passed: 600 windows available
2026-04-03 01:57:14.132 [INFO    ] orchestrator: starting engine: C:\Users\operator\Desktop\PolySignalLab\PolySignalEngine\build\Release\PolySignalEngine.exe C:\Users\operator\Desktop\PolySignalLab\PolyDataCollector\data --output-dir C:\Users\operator\Desktop\PolySignalLab\engine_output
2026-04-03 01:57:20.875 [INFO    ] orchestrator: engine:   Summary written: C:\Users\operator\Desktop\PolySignalLab\engine_output\signals_summary_1775170640.json
2026-04-03 01:57:20.875 [INFO    ] orchestrator: engine: 
2026-04-03 01:57:20.875 [INFO    ] orchestrator: engine: ==========================================================
2026-04-03 01:57:20.875 [INFO    ] orchestrator: engine:   SUMMARY
2026-04-03 01:57:20.875 [INFO    ] orchestrator: engine: ==========================================================
2026-04-03 01:57:20.875 [INFO    ] orchestrator: engine:   Total windows:         600 (295 UP, 305 DOWN)
2026-04-03 01:57:20.875 [INFO    ] orchestrator: engine:   Walk-forward folds:    5 (3 test iterations)
2026-04-03 01:57:20.875 [INFO    ] orchestrator: engine:   OOS base rate:         47.2% UP (360 test windows total)
2026-04-03 01:57:20.875 [INFO    ] orchestrator: engine:   Viable WF-OOS signals: 67
2026-04-03 01:57:20.875 [INFO    ] orchestrator: engine: ==========================================================
2026-04-03 01:57:20.875 [INFO    ] orchestrator: engine produced: signals_summary_1775170640.json
2026-04-03 01:57:20.875 [INFO    ] orchestrator: cleaned up old summary: signals_summary_1775161572.json
2026-04-03 01:57:20.875 [INFO    ] orchestrator: ranked 20 signals
2026-04-03 01:57:20.875 [INFO    ] orchestrator:   #18 Up score=33.74 tier=GOLDEN folds=3/3 p=2.56e-10 ev=0.0402
2026-04-03 01:57:20.875 [INFO    ] orchestrator:   #1 Up score=29.11 tier=SILVER folds=2/3 p=1.49e-08 ev=0.0732
2026-04-03 01:57:20.875 [INFO    ] orchestrator:   #9 Up score=20.78 tier=SILVER folds=2/3 p=1.62e-07 ev=0.0657
2026-04-03 01:57:20.875 [INFO    ] orchestrator:   #12 Up score=16.51 tier=SILVER folds=2/3 p=1.56e-05 ev=0.1065
2026-04-03 01:57:20.875 [INFO    ] orchestrator:   #20 Up score=14.88 tier=SILVER folds=2/3 p=5.19e-07 ev=0.0497
2026-04-03 01:57:20.891 [INFO    ] orchestrator: best signal: rank=18 side=Up score=33.74 tier=GOLDEN ev=0.0402
2026-04-03 01:57:20.891 [INFO    ] orchestrator: GOLDEN SIGNAL: #18 Up [220s->180s] d>=0.1% v<=0.05% (score=33.74)
2026-04-03 01:57:20.891 [INFO    ] shared.ipc: IPC: signal delivered successfully
2026-04-03 01:57:20.891 [INFO    ] orchestrator: golden signal delivered to bot
2026-04-03 02:12:20.913 [INFO    ] orchestrator: data quality check passed: 600 windows available
2026-04-03 02:12:20.915 [INFO    ] orchestrator: starting engine: C:\Users\operator\Desktop\PolySignalLab\PolySignalEngine\build\Release\PolySignalEngine.exe C:\Users\operator\Desktop\PolySignalLab\PolyDataCollector\data --output-dir C:\Users\operator\Desktop\PolySignalLab\engine_output
2026-04-03 02:12:27.678 [INFO    ] orchestrator: engine:   Summary written: C:\Users\operator\Desktop\PolySignalLab\engine_output\signals_summary_1775171547.json
2026-04-03 02:12:27.678 [INFO    ] orchestrator: engine: 
2026-04-03 02:12:27.678 [INFO    ] orchestrator: engine: ==========================================================
2026-04-03 02:12:27.678 [INFO    ] orchestrator: engine:   SUMMARY
2026-04-03 02:12:27.678 [INFO    ] orchestrator: engine: ==========================================================
2026-04-03 02:12:27.678 [INFO    ] orchestrator: engine:   Total windows:         600 (295 UP, 305 DOWN)
2026-04-03 02:12:27.678 [INFO    ] orchestrator: engine:   Walk-forward folds:    5 (3 test iterations)
2026-04-03 02:12:27.678 [INFO    ] orchestrator: engine:   OOS base rate:         47.2% UP (360 test windows total)
2026-04-03 02:12:27.678 [INFO    ] orchestrator: engine:   Viable WF-OOS signals: 65
2026-04-03 02:12:27.678 [INFO    ] orchestrator: engine: ==========================================================
2026-04-03 02:12:27.694 [INFO    ] orchestrator: engine produced: signals_summary_1775171547.json
2026-04-03 02:12:27.694 [INFO    ] orchestrator: cleaned up old summary: signals_summary_1775162479.json
2026-04-03 02:12:27.694 [INFO    ] orchestrator: ranked 20 signals
2026-04-03 02:12:27.694 [INFO    ] orchestrator:   #17 Up score=32.55 tier=GOLDEN folds=3/3 p=5.01e-10 ev=0.0400
2026-04-03 02:12:27.694 [INFO    ] orchestrator:   #11 Up score=22.73 tier=SILVER folds=2/3 p=2.30e-07 ev=0.0719
2026-04-03 02:12:27.694 [INFO    ] orchestrator:   #6 Up score=12.86 tier=SILVER folds=2/3 p=7.22e-07 ev=0.0500
2026-04-03 02:12:27.694 [INFO    ] orchestrator:   #12 Down score=11.94 tier=OVERFIT_DANGER folds=1/3 p=3.31e-08 ev=0.0887
2026-04-03 02:12:27.694 [INFO    ] orchestrator:   #9 Down score=11.91 tier=OVERFIT_DANGER folds=1/3 p=1.18e-08 ev=0.0831
2026-04-03 02:12:27.694 [INFO    ] orchestrator: best signal: rank=17 side=Up score=32.55 tier=GOLDEN ev=0.0400
2026-04-03 02:12:27.694 [INFO    ] orchestrator: GOLDEN SIGNAL: #17 Up [220s->180s] d>=0.1% v<=0.05% (score=32.55)
2026-04-03 02:12:27.710 [INFO    ] shared.ipc: IPC: signal delivered successfully
2026-04-03 02:12:27.710 [INFO    ] orchestrator: golden signal delivered to bot
2026-04-03 02:27:27.717 [INFO    ] orchestrator: data quality check passed: 600 windows available
2026-04-03 02:27:27.717 [INFO    ] orchestrator: starting engine: C:\Users\operator\Desktop\PolySignalLab\PolySignalEngine\build\Release\PolySignalEngine.exe C:\Users\operator\Desktop\PolySignalLab\PolyDataCollector\data --output-dir C:\Users\operator\Desktop\PolySignalLab\engine_output
2026-04-03 02:27:34.519 [INFO    ] orchestrator: engine:   Summary written: C:\Users\operator\Desktop\PolySignalLab\engine_output\signals_summary_1775172454.json
2026-04-03 02:27:34.519 [INFO    ] orchestrator: engine: 
2026-04-03 02:27:34.519 [INFO    ] orchestrator: engine: ==========================================================
2026-04-03 02:27:34.519 [INFO    ] orchestrator: engine:   SUMMARY
2026-04-03 02:27:34.519 [INFO    ] orchestrator: engine: ==========================================================
2026-04-03 02:27:34.519 [INFO    ] orchestrator: engine:   Total windows:         600 (294 UP, 306 DOWN)
2026-04-03 02:27:34.519 [INFO    ] orchestrator: engine:   Walk-forward folds:    5 (3 test iterations)
2026-04-03 02:27:34.519 [INFO    ] orchestrator: engine:   OOS base rate:         47.2% UP (360 test windows total)
2026-04-03 02:27:34.519 [INFO    ] orchestrator: engine:   Viable WF-OOS signals: 69
2026-04-03 02:27:34.519 [INFO    ] orchestrator: engine: ==========================================================
2026-04-03 02:27:34.519 [INFO    ] orchestrator: engine produced: signals_summary_1775172454.json
2026-04-03 02:27:34.519 [INFO    ] orchestrator: cleaned up old summary: signals_summary_1775163386.json
2026-04-03 02:27:34.519 [INFO    ] orchestrator: ranked 20 signals
2026-04-03 02:27:34.519 [INFO    ] orchestrator:   #20 Down score=37.55 tier=SILVER folds=2/3 p=2.50e-11 ev=0.0741
2026-04-03 02:27:34.519 [INFO    ] orchestrator:   #17 Up score=33.91 tier=GOLDEN folds=3/3 p=2.05e-10 ev=0.0400
2026-04-03 02:27:34.528 [INFO    ] orchestrator:   #4 Up score=24.95 tier=GOLDEN folds=3/3 p=2.50e-11 ev=0.0251
2026-04-03 02:27:34.528 [INFO    ] orchestrator:   #5 Up score=24.87 tier=SILVER folds=2/3 p=1.07e-10 ev=0.0480
2026-04-03 02:27:34.528 [INFO    ] orchestrator:   #14 Up score=22.42 tier=SILVER folds=2/3 p=2.46e-07 ev=0.0719
2026-04-03 02:27:34.528 [INFO    ] orchestrator: best signal: rank=20 side=Down score=37.55 tier=SILVER ev=0.0741
2026-04-03 02:27:34.528 [INFO    ] orchestrator: SILVER SIGNAL: #20 Down [280s->110s] d>=0.0% v<=0.05% (score=37.55)
2026-04-03 02:27:34.535 [INFO    ] shared.ipc: IPC: signal delivered successfully
2026-04-03 02:27:34.535 [INFO    ] orchestrator: silver signal delivered to bot
2026-04-03 02:42:34.549 [INFO    ] orchestrator: data quality check passed: 600 windows available
2026-04-03 02:42:34.549 [INFO    ] orchestrator: starting engine: C:\Users\operator\Desktop\PolySignalLab\PolySignalEngine\build\Release\PolySignalEngine.exe C:\Users\operator\Desktop\PolySignalLab\PolyDataCollector\data --output-dir C:\Users\operator\Desktop\PolySignalLab\engine_output
2026-04-03 02:42:41.150 [INFO    ] orchestrator: engine:   Summary written: C:\Users\operator\Desktop\PolySignalLab\engine_output\signals_summary_1775173361.json
2026-04-03 02:42:41.150 [INFO    ] orchestrator: engine: 
2026-04-03 02:42:41.150 [INFO    ] orchestrator: engine: ==========================================================
2026-04-03 02:42:41.152 [INFO    ] orchestrator: engine:   SUMMARY
2026-04-03 02:42:41.152 [INFO    ] orchestrator: engine: ==========================================================
2026-04-03 02:42:41.152 [INFO    ] orchestrator: engine:   Total windows:         600 (296 UP, 304 DOWN)
2026-04-03 02:42:41.152 [INFO    ] orchestrator: engine:   Walk-forward folds:    5 (3 test iterations)
2026-04-03 02:42:41.152 [INFO    ] orchestrator: engine:   OOS base rate:         47.5% UP (360 test windows total)
2026-04-03 02:42:41.154 [INFO    ] orchestrator: engine:   Viable WF-OOS signals: 59
2026-04-03 02:42:41.154 [INFO    ] orchestrator: engine: ==========================================================
2026-04-03 02:42:41.154 [INFO    ] orchestrator: engine produced: signals_summary_1775173361.json
2026-04-03 02:42:41.156 [INFO    ] orchestrator: cleaned up old summary: signals_summary_1775164293.json
2026-04-03 02:42:41.156 [INFO    ] orchestrator: ranked 20 signals
2026-04-03 02:42:41.156 [INFO    ] orchestrator:   #5 Up score=43.26 tier=GOLDEN folds=3/3 p=1.14e-08 ev=0.0594
2026-04-03 02:42:41.158 [INFO    ] orchestrator:   #20 Down score=40.82 tier=SILVER folds=2/3 p=2.05e-11 ev=0.0799
2026-04-03 02:42:41.158 [INFO    ] orchestrator:   #17 Up score=33.48 tier=GOLDEN folds=3/3 p=3.27e-10 ev=0.0400
2026-04-03 02:42:41.158 [INFO    ] orchestrator:   #4 Up score=24.64 tier=GOLDEN folds=3/3 p=3.04e-11 ev=0.0251
2026-04-03 02:42:41.158 [INFO    ] orchestrator:   #13 Up score=22.10 tier=SILVER folds=2/3 p=4.67e-07 ev=0.0740
2026-04-03 02:42:41.158 [INFO    ] orchestrator: best signal: rank=5 side=Up score=43.26 tier=GOLDEN ev=0.0594
2026-04-03 02:42:41.160 [INFO    ] orchestrator: GOLDEN SIGNAL: #5 Up [290s->130s] d>=0.1% v<=0.05% (score=43.26)
2026-04-03 02:42:41.170 [INFO    ] shared.ipc: IPC: signal delivered successfully
2026-04-03 02:42:41.170 [INFO    ] orchestrator: golden signal delivered to bot
2026-04-03 02:57:41.186 [INFO    ] orchestrator: data quality check passed: 600 windows available
2026-04-03 02:57:41.188 [INFO    ] orchestrator: starting engine: C:\Users\operator\Desktop\PolySignalLab\PolySignalEngine\build\Release\PolySignalEngine.exe C:\Users\operator\Desktop\PolySignalLab\PolyDataCollector\data --output-dir C:\Users\operator\Desktop\PolySignalLab\engine_output
2026-04-03 02:57:47.875 [INFO    ] orchestrator: engine:   Summary written: C:\Users\operator\Desktop\PolySignalLab\engine_output\signals_summary_1775174267.json
2026-04-03 02:57:47.875 [INFO    ] orchestrator: engine: 
2026-04-03 02:57:47.875 [INFO    ] orchestrator: engine: ==========================================================
2026-04-03 02:57:47.883 [INFO    ] orchestrator: engine:   SUMMARY
2026-04-03 02:57:47.883 [INFO    ] orchestrator: engine: ==========================================================
2026-04-03 02:57:47.883 [INFO    ] orchestrator: engine:   Total windows:         600 (294 UP, 306 DOWN)
2026-04-03 02:57:47.883 [INFO    ] orchestrator: engine:   Walk-forward folds:    5 (3 test iterations)
2026-04-03 02:57:47.883 [INFO    ] orchestrator: engine:   OOS base rate:         47.5% UP (360 test windows total)
2026-04-03 02:57:47.883 [INFO    ] orchestrator: engine:   Viable WF-OOS signals: 63
2026-04-03 02:57:47.883 [INFO    ] orchestrator: engine: ==========================================================
2026-04-03 02:57:47.883 [INFO    ] orchestrator: engine produced: signals_summary_1775174267.json
2026-04-03 02:57:47.883 [INFO    ] orchestrator: cleaned up old summary: signals_summary_1775165199.json
2026-04-03 02:57:47.883 [INFO    ] orchestrator: ranked 20 signals
2026-04-03 02:57:47.883 [INFO    ] orchestrator:   #16 Down score=52.17 tier=SILVER folds=2/3 p=8.62e-14 ev=0.0821
2026-04-03 02:57:47.883 [INFO    ] orchestrator:   #15 Up score=34.03 tier=GOLDEN folds=3/3 p=2.69e-10 ev=0.0400
2026-04-03 02:57:47.883 [INFO    ] orchestrator:   #1 Up score=27.06 tier=SILVER folds=2/3 p=3.68e-10 ev=0.0527
2026-04-03 02:57:47.883 [INFO    ] orchestrator:   #5 Up score=25.19 tier=GOLDEN folds=3/3 p=1.57e-11 ev=0.0251
2026-04-03 02:57:47.883 [INFO    ] orchestrator:   #13 Up score=21.53 tier=SILVER folds=2/3 p=5.82e-07 ev=0.0740
2026-04-03 02:57:47.883 [INFO    ] orchestrator: best signal: rank=16 side=Down score=52.17 tier=SILVER ev=0.0821
2026-04-03 02:57:47.883 [INFO    ] orchestrator: SILVER SIGNAL: #16 Down [190s->110s] d>=0.0% v<=0.05% (score=52.17)
2026-04-03 02:57:47.899 [INFO    ] shared.ipc: IPC: signal delivered successfully
2026-04-03 02:57:47.899 [INFO    ] orchestrator: silver signal delivered to bot
2026-04-03 03:12:47.911 [INFO    ] orchestrator: data quality check passed: 600 windows available
2026-04-03 03:12:47.911 [INFO    ] orchestrator: starting engine: C:\Users\operator\Desktop\PolySignalLab\PolySignalEngine\build\Release\PolySignalEngine.exe C:\Users\operator\Desktop\PolySignalLab\PolyDataCollector\data --output-dir C:\Users\operator\Desktop\PolySignalLab\engine_output
2026-04-03 03:12:55.085 [INFO    ] orchestrator: engine:   Summary written: C:\Users\operator\Desktop\PolySignalLab\engine_output\signals_summary_1775175175.json
2026-04-03 03:12:55.085 [INFO    ] orchestrator: engine: 
2026-04-03 03:12:55.085 [INFO    ] orchestrator: engine: ==========================================================
2026-04-03 03:12:55.085 [INFO    ] orchestrator: engine:   SUMMARY
2026-04-03 03:12:55.087 [INFO    ] orchestrator: engine: ==========================================================
2026-04-03 03:12:55.087 [INFO    ] orchestrator: engine:   Total windows:         600 (294 UP, 306 DOWN)
2026-04-03 03:12:55.087 [INFO    ] orchestrator: engine:   Walk-forward folds:    5 (3 test iterations)
2026-04-03 03:12:55.087 [INFO    ] orchestrator: engine:   OOS base rate:         48.1% UP (360 test windows total)
2026-04-03 03:12:55.089 [INFO    ] orchestrator: engine:   Viable WF-OOS signals: 63
2026-04-03 03:12:55.089 [INFO    ] orchestrator: engine: ==========================================================
2026-04-03 03:12:55.089 [INFO    ] orchestrator: engine produced: signals_summary_1775175175.json
2026-04-03 03:12:55.089 [INFO    ] orchestrator: cleaned up old summary: signals_summary_1775166106.json
2026-04-03 03:12:55.089 [INFO    ] orchestrator: ranked 20 signals
2026-04-03 03:12:55.089 [INFO    ] orchestrator:   #15 Up score=36.30 tier=GOLDEN folds=3/3 p=6.82e-10 ev=0.0457
2026-04-03 03:12:55.089 [INFO    ] orchestrator:   #19 Up score=35.68 tier=GOLDEN folds=3/3 p=1.92e-10 ev=0.0413
2026-04-03 03:12:55.089 [INFO    ] orchestrator:   #7 Up score=24.39 tier=GOLDEN folds=3/3 p=2.50e-11 ev=0.0251
2026-04-03 03:12:55.089 [INFO    ] orchestrator:   #17 Up score=21.36 tier=SILVER folds=2/3 p=6.52e-07 ev=0.0740
2026-04-03 03:12:55.089 [INFO    ] orchestrator:   #4 Up score=14.55 tier=SILVER folds=2/3 p=8.46e-07 ev=0.0629
2026-04-03 03:12:55.089 [INFO    ] orchestrator: best signal: rank=15 side=Up score=36.30 tier=GOLDEN ev=0.0457
2026-04-03 03:12:55.089 [INFO    ] orchestrator: GOLDEN SIGNAL: #15 Up [250s->170s] d>=0.1% v<=0.05% (score=36.30)
2026-04-03 03:12:55.098 [INFO    ] shared.ipc: IPC: signal delivered successfully
2026-04-03 03:12:55.098 [INFO    ] orchestrator: golden signal delivered to bot
2026-04-03 03:27:55.109 [INFO    ] orchestrator: data quality check passed: 600 windows available
2026-04-03 03:27:55.109 [INFO    ] orchestrator: starting engine: C:\Users\operator\Desktop\PolySignalLab\PolySignalEngine\build\Release\PolySignalEngine.exe C:\Users\operator\Desktop\PolySignalLab\PolyDataCollector\data --output-dir C:\Users\operator\Desktop\PolySignalLab\engine_output
2026-04-03 03:28:01.923 [INFO    ] orchestrator: engine:   Summary written: C:\Users\operator\Desktop\PolySignalLab\engine_output\signals_summary_1775176081.json
2026-04-03 03:28:01.923 [INFO    ] orchestrator: engine: 
2026-04-03 03:28:01.923 [INFO    ] orchestrator: engine: ==========================================================
2026-04-03 03:28:01.923 [INFO    ] orchestrator: engine:   SUMMARY
2026-04-03 03:28:01.923 [INFO    ] orchestrator: engine: ==========================================================
2026-04-03 03:28:01.923 [INFO    ] orchestrator: engine:   Total windows:         600 (295 UP, 305 DOWN)
2026-04-03 03:28:01.923 [INFO    ] orchestrator: engine:   Walk-forward folds:    5 (3 test iterations)
2026-04-03 03:28:01.923 [INFO    ] orchestrator: engine:   OOS base rate:         48.3% UP (360 test windows total)
2026-04-03 03:28:01.923 [INFO    ] orchestrator: engine:   Viable WF-OOS signals: 71
2026-04-03 03:28:01.923 [INFO    ] orchestrator: engine: ==========================================================
2026-04-03 03:28:01.923 [INFO    ] orchestrator: engine produced: signals_summary_1775176081.json
2026-04-03 03:28:01.923 [INFO    ] orchestrator: cleaned up old summary: signals_summary_1775167013.json
2026-04-03 03:28:01.939 [INFO    ] orchestrator: ranked 20 signals
2026-04-03 03:28:01.939 [INFO    ] orchestrator:   #14 Up score=35.15 tier=GOLDEN folds=3/3 p=1.34e-09 ev=0.0457
2026-04-03 03:28:01.939 [INFO    ] orchestrator:   #18 Up score=34.46 tier=GOLDEN folds=3/3 p=4.11e-10 ev=0.0413
2026-04-03 03:28:01.939 [INFO    ] orchestrator:   #8 Up score=23.77 tier=GOLDEN folds=3/3 p=4.68e-11 ev=0.0251
2026-04-03 03:28:01.939 [INFO    ] orchestrator:   #16 Up score=18.10 tier=SILVER folds=2/3 p=1.56e-06 ev=0.0700
2026-04-03 03:28:01.939 [INFO    ] orchestrator:   #6 Up score=14.92 tier=SILVER folds=2/3 p=1.10e-06 ev=0.0657
2026-04-03 03:28:01.939 [INFO    ] orchestrator: best signal: rank=14 side=Up score=35.15 tier=GOLDEN ev=0.0457
2026-04-03 03:28:01.939 [INFO    ] orchestrator: GOLDEN SIGNAL: #14 Up [250s->170s] d>=0.1% v<=0.05% (score=35.15)
2026-04-03 03:28:01.939 [INFO    ] shared.ipc: IPC: signal delivered successfully
2026-04-03 03:28:01.939 [INFO    ] orchestrator: golden signal delivered to bot
2026-04-03 03:43:01.964 [INFO    ] orchestrator: data quality check passed: 600 windows available
2026-04-03 03:43:01.964 [INFO    ] orchestrator: starting engine: C:\Users\operator\Desktop\PolySignalLab\PolySignalEngine\build\Release\PolySignalEngine.exe C:\Users\operator\Desktop\PolySignalLab\PolyDataCollector\data --output-dir C:\Users\operator\Desktop\PolySignalLab\engine_output
2026-04-03 03:43:08.745 [INFO    ] orchestrator: engine:   Summary written: C:\Users\operator\Desktop\PolySignalLab\engine_output\signals_summary_1775176988.json
2026-04-03 03:43:08.745 [INFO    ] orchestrator: engine: 
2026-04-03 03:43:08.745 [INFO    ] orchestrator: engine: ==========================================================
2026-04-03 03:43:08.745 [INFO    ] orchestrator: engine:   SUMMARY
2026-04-03 03:43:08.745 [INFO    ] orchestrator: engine: ==========================================================
2026-04-03 03:43:08.745 [INFO    ] orchestrator: engine:   Total windows:         600 (294 UP, 306 DOWN)
2026-04-03 03:43:08.745 [INFO    ] orchestrator: engine:   Walk-forward folds:    5 (3 test iterations)
2026-04-03 03:43:08.745 [INFO    ] orchestrator: engine:   OOS base rate:         48.3% UP (360 test windows total)
2026-04-03 03:43:08.745 [INFO    ] orchestrator: engine:   Viable WF-OOS signals: 63
2026-04-03 03:43:08.745 [INFO    ] orchestrator: engine: ==========================================================
2026-04-03 03:43:08.745 [INFO    ] orchestrator: engine produced: signals_summary_1775176988.json
2026-04-03 03:43:08.745 [INFO    ] orchestrator: cleaned up old summary: signals_summary_1775167920.json
2026-04-03 03:43:08.745 [INFO    ] orchestrator: ranked 20 signals
2026-04-03 03:43:08.745 [INFO    ] orchestrator:   #17 Up score=32.11 tier=GOLDEN folds=3/3 p=9.84e-10 ev=0.0404
2026-04-03 03:43:08.745 [INFO    ] orchestrator:   #1 Up score=18.50 tier=SILVER folds=2/3 p=7.04e-09 ev=0.0417
2026-04-03 03:43:08.745 [INFO    ] orchestrator:   #14 Up score=15.19 tier=SILVER folds=2/3 p=2.28e-06 ev=0.0636
2026-04-03 03:43:08.745 [INFO    ] orchestrator:   #7 Up score=14.94 tier=SILVER folds=2/3 p=1.08e-06 ev=0.0657
2026-04-03 03:43:08.745 [INFO    ] orchestrator:   #15 Up score=12.11 tier=SILVER folds=2/3 p=2.28e-06 ev=0.0493
2026-04-03 03:43:08.745 [INFO    ] orchestrator: best signal: rank=17 side=Up score=32.11 tier=GOLDEN ev=0.0404
2026-04-03 03:43:08.760 [INFO    ] orchestrator: GOLDEN SIGNAL: #17 Up [220s->180s] d>=0.1% v<=0.05% (score=32.11)
2026-04-03 03:43:08.776 [INFO    ] shared.ipc: IPC: signal delivered successfully
2026-04-03 03:43:08.776 [INFO    ] orchestrator: golden signal delivered to bot
2026-04-03 03:58:08.787 [INFO    ] orchestrator: data quality check passed: 600 windows available
2026-04-03 03:58:08.787 [INFO    ] orchestrator: starting engine: C:\Users\operator\Desktop\PolySignalLab\PolySignalEngine\build\Release\PolySignalEngine.exe C:\Users\operator\Desktop\PolySignalLab\PolyDataCollector\data --output-dir C:\Users\operator\Desktop\PolySignalLab\engine_output
2026-04-03 03:58:15.478 [INFO    ] orchestrator: engine:   Summary written: C:\Users\operator\Desktop\PolySignalLab\engine_output\signals_summary_1775177895.json
2026-04-03 03:58:15.478 [INFO    ] orchestrator: engine: 
2026-04-03 03:58:15.478 [INFO    ] orchestrator: engine: ==========================================================
2026-04-03 03:58:15.478 [INFO    ] orchestrator: engine:   SUMMARY
2026-04-03 03:58:15.478 [INFO    ] orchestrator: engine: ==========================================================
2026-04-03 03:58:15.478 [INFO    ] orchestrator: engine:   Total windows:         600 (294 UP, 306 DOWN)
2026-04-03 03:58:15.478 [INFO    ] orchestrator: engine:   Walk-forward folds:    5 (3 test iterations)
2026-04-03 03:58:15.478 [INFO    ] orchestrator: engine:   OOS base rate:         47.8% UP (360 test windows total)
2026-04-03 03:58:15.494 [INFO    ] orchestrator: engine:   Viable WF-OOS signals: 61
2026-04-03 03:58:15.494 [INFO    ] orchestrator: engine: ==========================================================
2026-04-03 03:58:15.494 [INFO    ] orchestrator: engine produced: signals_summary_1775177895.json
2026-04-03 03:58:15.494 [INFO    ] orchestrator: cleaned up old summary: signals_summary_1775168827.json
2026-04-03 03:58:15.494 [INFO    ] orchestrator: ranked 20 signals
2026-04-03 03:58:15.494 [INFO    ] orchestrator:   #7 Up score=70.38 tier=GOLDEN folds=3/3 p=5.88e-14 ev=0.0570
2026-04-03 03:58:15.494 [INFO    ] orchestrator:   #20 Down score=41.56 tier=SILVER folds=2/3 p=1.40e-13 ev=0.0660
2026-04-03 03:58:15.494 [INFO    ] orchestrator:   #15 Up score=32.16 tier=GOLDEN folds=3/3 p=1.08e-09 ev=0.0410
2026-04-03 03:58:15.494 [INFO    ] orchestrator:   #1 Up score=17.22 tier=SILVER folds=2/3 p=1.25e-08 ev=0.0414
2026-04-03 03:58:15.494 [INFO    ] orchestrator:   #12 Up score=15.66 tier=SILVER folds=2/3 p=1.53e-06 ev=0.0636
2026-04-03 03:58:15.494 [INFO    ] orchestrator: best signal: rank=7 side=Up score=70.38 tier=GOLDEN ev=0.0570
2026-04-03 03:58:15.494 [INFO    ] orchestrator: GOLDEN SIGNAL: #7 Up [230s->130s] d>=0.1% v<=0.05% (score=70.38)
2026-04-03 03:58:15.510 [INFO    ] shared.ipc: IPC: signal delivered successfully
2026-04-03 03:58:15.510 [INFO    ] orchestrator: golden signal delivered to bot
2026-04-03 04:13:15.525 [INFO    ] orchestrator: data quality check passed: 600 windows available
2026-04-03 04:13:15.525 [INFO    ] orchestrator: starting engine: C:\Users\operator\Desktop\PolySignalLab\PolySignalEngine\build\Release\PolySignalEngine.exe C:\Users\operator\Desktop\PolySignalLab\PolyDataCollector\data --output-dir C:\Users\operator\Desktop\PolySignalLab\engine_output
2026-04-03 04:13:22.362 [INFO    ] orchestrator: engine:   Summary written: C:\Users\operator\Desktop\PolySignalLab\engine_output\signals_summary_1775178802.json
2026-04-03 04:13:22.362 [INFO    ] orchestrator: engine: 
2026-04-03 04:13:22.362 [INFO    ] orchestrator: engine: ==========================================================
2026-04-03 04:13:22.362 [INFO    ] orchestrator: engine:   SUMMARY
2026-04-03 04:13:22.362 [INFO    ] orchestrator: engine: ==========================================================
2026-04-03 04:13:22.362 [INFO    ] orchestrator: engine:   Total windows:         600 (295 UP, 305 DOWN)
2026-04-03 04:13:22.362 [INFO    ] orchestrator: engine:   Walk-forward folds:    5 (3 test iterations)
2026-04-03 04:13:22.362 [INFO    ] orchestrator: engine:   OOS base rate:         48.1% UP (360 test windows total)
2026-04-03 04:13:22.362 [INFO    ] orchestrator: engine:   Viable WF-OOS signals: 61
2026-04-03 04:13:22.362 [INFO    ] orchestrator: engine: ==========================================================
2026-04-03 04:13:22.362 [INFO    ] orchestrator: engine produced: signals_summary_1775178802.json
2026-04-03 04:13:22.362 [INFO    ] orchestrator: cleaned up old summary: signals_summary_1775169734.json
2026-04-03 04:13:22.362 [INFO    ] orchestrator: ranked 20 signals
2026-04-03 04:13:22.362 [INFO    ] orchestrator:   #5 Up score=47.80 tier=GOLDEN folds=3/3 p=8.05e-12 ev=0.0464
2026-04-03 04:13:22.362 [INFO    ] orchestrator:   #17 Down score=29.67 tier=SILVER folds=2/3 p=1.52e-12 ev=0.0522
2026-04-03 04:13:22.362 [INFO    ] orchestrator:   #4 Up score=21.60 tier=SILVER folds=2/3 p=1.11e-06 ev=0.0952
2026-04-03 04:13:22.362 [INFO    ] orchestrator:   #6 Up score=18.84 tier=SILVER folds=2/3 p=1.40e-09 ev=0.0419
2026-04-03 04:13:22.362 [INFO    ] orchestrator:   #1 Up score=17.43 tier=SILVER folds=2/3 p=1.00e-08 ev=0.0414
2026-04-03 04:13:22.362 [INFO    ] orchestrator: best signal: rank=5 side=Up score=47.80 tier=GOLDEN ev=0.0464
2026-04-03 04:13:22.362 [INFO    ] orchestrator: GOLDEN SIGNAL: #5 Up [270s->120s] d>=0.1% v<=0.05% (score=47.80)
2026-04-03 04:13:22.378 [INFO    ] shared.ipc: IPC: signal delivered successfully
2026-04-03 04:13:22.378 [INFO    ] orchestrator: golden signal delivered to bot
2026-04-03 04:28:22.384 [INFO    ] orchestrator: data quality check passed: 600 windows available
2026-04-03 04:28:22.384 [INFO    ] orchestrator: starting engine: C:\Users\operator\Desktop\PolySignalLab\PolySignalEngine\build\Release\PolySignalEngine.exe C:\Users\operator\Desktop\PolySignalLab\PolyDataCollector\data --output-dir C:\Users\operator\Desktop\PolySignalLab\engine_output
2026-04-03 04:28:29.148 [INFO    ] orchestrator: engine:   Summary written: C:\Users\operator\Desktop\PolySignalLab\engine_output\signals_summary_1775179709.json
2026-04-03 04:28:29.148 [INFO    ] orchestrator: engine: 
2026-04-03 04:28:29.148 [INFO    ] orchestrator: engine: ==========================================================
2026-04-03 04:28:29.148 [INFO    ] orchestrator: engine:   SUMMARY
2026-04-03 04:28:29.148 [INFO    ] orchestrator: engine: ==========================================================
2026-04-03 04:28:29.148 [INFO    ] orchestrator: engine:   Total windows:         600 (296 UP, 304 DOWN)
2026-04-03 04:28:29.148 [INFO    ] orchestrator: engine:   Walk-forward folds:    5 (3 test iterations)
2026-04-03 04:28:29.148 [INFO    ] orchestrator: engine:   OOS base rate:         48.1% UP (360 test windows total)
2026-04-03 04:28:29.148 [INFO    ] orchestrator: engine:   Viable WF-OOS signals: 58
2026-04-03 04:28:29.148 [INFO    ] orchestrator: engine: ==========================================================
2026-04-03 04:28:29.148 [INFO    ] orchestrator: engine produced: signals_summary_1775179709.json
2026-04-03 04:28:29.148 [INFO    ] orchestrator: cleaned up old summary: signals_summary_1775170640.json
2026-04-03 04:28:29.148 [INFO    ] orchestrator: ranked 20 signals
2026-04-03 04:28:29.148 [INFO    ] orchestrator:   #2 Up score=19.59 tier=SILVER folds=2/3 p=1.31e-07 ev=0.0581
2026-04-03 04:28:29.148 [INFO    ] orchestrator:   #1 Up score=16.82 tier=SILVER folds=2/3 p=2.92e-08 ev=0.0410
2026-04-03 04:28:29.148 [INFO    ] orchestrator:   #9 Up score=12.66 tier=SILVER folds=2/3 p=1.05e-06 ev=0.0430
2026-04-03 04:28:29.148 [INFO    ] orchestrator:   #8 Up score=10.87 tier=SILVER folds=2/3 p=2.09e-05 ev=0.0720
2026-04-03 04:28:29.148 [INFO    ] orchestrator:   #11 Up score=10.71 tier=SILVER folds=2/3 p=5.50e-05 ev=0.0700
2026-04-03 04:28:29.148 [INFO    ] orchestrator: best signal: rank=2 side=Up score=19.59 tier=SILVER ev=0.0581
2026-04-03 04:28:29.148 [INFO    ] orchestrator: SILVER SIGNAL: #2 Up [270s->110s] d>=0.1% v<=0.05% (score=19.59)
2026-04-03 04:28:29.163 [INFO    ] shared.ipc: IPC: signal delivered successfully
2026-04-03 04:28:29.163 [INFO    ] orchestrator: silver signal delivered to bot
2026-04-03 04:43:29.170 [INFO    ] orchestrator: data quality check passed: 600 windows available
2026-04-03 04:43:29.170 [INFO    ] orchestrator: starting engine: C:\Users\operator\Desktop\PolySignalLab\PolySignalEngine\build\Release\PolySignalEngine.exe C:\Users\operator\Desktop\PolySignalLab\PolyDataCollector\data --output-dir C:\Users\operator\Desktop\PolySignalLab\engine_output
2026-04-03 04:43:35.901 [INFO    ] orchestrator: engine:   Summary written: C:\Users\operator\Desktop\PolySignalLab\engine_output\signals_summary_1775180615.json
2026-04-03 04:43:35.911 [INFO    ] orchestrator: engine: 
2026-04-03 04:43:35.911 [INFO    ] orchestrator: engine: ==========================================================
2026-04-03 04:43:35.911 [INFO    ] orchestrator: engine:   SUMMARY
2026-04-03 04:43:35.911 [INFO    ] orchestrator: engine: ==========================================================
2026-04-03 04:43:35.911 [INFO    ] orchestrator: engine:   Total windows:         600 (296 UP, 304 DOWN)
2026-04-03 04:43:35.911 [INFO    ] orchestrator: engine:   Walk-forward folds:    5 (3 test iterations)
2026-04-03 04:43:35.911 [INFO    ] orchestrator: engine:   OOS base rate:         47.8% UP (360 test windows total)
2026-04-03 04:43:35.911 [INFO    ] orchestrator: engine:   Viable WF-OOS signals: 63
2026-04-03 04:43:35.911 [INFO    ] orchestrator: engine: ==========================================================
2026-04-03 04:43:35.911 [INFO    ] orchestrator: engine produced: signals_summary_1775180615.json
2026-04-03 04:43:35.911 [INFO    ] orchestrator: cleaned up old summary: signals_summary_1775171547.json
2026-04-03 04:43:35.911 [INFO    ] orchestrator: ranked 20 signals
2026-04-03 04:43:35.911 [INFO    ] orchestrator:   #4 Up score=14.98 tier=SILVER folds=2/3 p=2.42e-08 ev=0.0389
2026-04-03 04:43:35.911 [INFO    ] orchestrator:   #10 Up score=13.00 tier=SILVER folds=2/3 p=5.36e-06 ev=0.0581
2026-04-03 04:43:35.911 [INFO    ] orchestrator:   #11 Down score=12.97 tier=OVERFIT_DANGER folds=1/3 p=1.24e-07 ev=0.1065
2026-04-03 04:43:35.911 [INFO    ] orchestrator:   #16 Down score=11.40 tier=OVERFIT_DANGER folds=1/3 p=3.71e-07 ev=0.1016
2026-04-03 04:43:35.911 [INFO    ] orchestrator:   #9 Up score=11.02 tier=SILVER folds=2/3 p=1.17e-06 ev=0.0390
2026-04-03 04:43:35.911 [INFO    ] orchestrator: best signal: rank=4 side=Up score=14.98 tier=SILVER ev=0.0389
2026-04-03 04:43:35.911 [INFO    ] orchestrator: SILVER SIGNAL: #4 Up [230s->130s] d>=0.1% v<=0.05% (score=14.98)
2026-04-03 04:43:35.927 [INFO    ] shared.ipc: IPC: signal delivered successfully
2026-04-03 04:43:35.927 [INFO    ] orchestrator: silver signal delivered to bot
2026-04-03 04:58:35.936 [INFO    ] orchestrator: data quality check passed: 600 windows available
2026-04-03 04:58:35.936 [INFO    ] orchestrator: starting engine: C:\Users\operator\Desktop\PolySignalLab\PolySignalEngine\build\Release\PolySignalEngine.exe C:\Users\operator\Desktop\PolySignalLab\PolyDataCollector\data --output-dir C:\Users\operator\Desktop\PolySignalLab\engine_output
2026-04-03 04:58:42.740 [INFO    ] orchestrator: engine:   Summary written: C:\Users\operator\Desktop\PolySignalLab\engine_output\signals_summary_1775181522.json
2026-04-03 04:58:42.740 [INFO    ] orchestrator: engine: 
2026-04-03 04:58:42.740 [INFO    ] orchestrator: engine: ==========================================================
2026-04-03 04:58:42.740 [INFO    ] orchestrator: engine:   SUMMARY
2026-04-03 04:58:42.740 [INFO    ] orchestrator: engine: ==========================================================
2026-04-03 04:58:42.756 [INFO    ] orchestrator: engine:   Total windows:         600 (295 UP, 305 DOWN)
2026-04-03 04:58:42.756 [INFO    ] orchestrator: engine:   Walk-forward folds:    5 (3 test iterations)
2026-04-03 04:58:42.756 [INFO    ] orchestrator: engine:   OOS base rate:         47.8% UP (360 test windows total)
2026-04-03 04:58:42.756 [INFO    ] orchestrator: engine:   Viable WF-OOS signals: 62
2026-04-03 04:58:42.756 [INFO    ] orchestrator: engine: ==========================================================
2026-04-03 04:58:42.756 [INFO    ] orchestrator: engine produced: signals_summary_1775181522.json
2026-04-03 04:58:42.756 [INFO    ] orchestrator: cleaned up old summary: signals_summary_1775172454.json
2026-04-03 04:58:42.756 [INFO    ] orchestrator: ranked 20 signals
2026-04-03 04:58:42.756 [INFO    ] orchestrator:   #4 Up score=36.43 tier=GOLDEN folds=3/3 p=2.75e-08 ev=0.0530
2026-04-03 04:58:42.756 [INFO    ] orchestrator:   #3 Up score=15.58 tier=SILVER folds=2/3 p=1.19e-08 ev=0.0389
2026-04-03 04:58:42.756 [INFO    ] orchestrator:   #8 Up score=15.23 tier=SILVER folds=2/3 p=3.45e-06 ev=0.0626
2026-04-03 04:58:42.756 [INFO    ] orchestrator:   #9 Down score=13.65 tier=OVERFIT_DANGER folds=1/3 p=4.99e-08 ev=0.1058
2026-04-03 04:58:42.756 [INFO    ] orchestrator:   #10 Down score=11.31 tier=OVERFIT_DANGER folds=1/3 p=4.85e-07 ev=0.1026
2026-04-03 04:58:42.756 [INFO    ] orchestrator: best signal: rank=4 side=Up score=36.43 tier=GOLDEN ev=0.0530
2026-04-03 04:58:42.756 [INFO    ] orchestrator: GOLDEN SIGNAL: #4 Up [280s->130s] d>=0.1% v<=0.05% (score=36.43)
2026-04-03 04:58:42.771 [INFO    ] shared.ipc: IPC: signal delivered successfully
2026-04-03 04:58:42.771 [INFO    ] orchestrator: golden signal delivered to bot
2026-04-03 05:13:42.776 [INFO    ] orchestrator: data quality check passed: 600 windows available
2026-04-03 05:13:42.776 [INFO    ] orchestrator: starting engine: C:\Users\operator\Desktop\PolySignalLab\PolySignalEngine\build\Release\PolySignalEngine.exe C:\Users\operator\Desktop\PolySignalLab\PolyDataCollector\data --output-dir C:\Users\operator\Desktop\PolySignalLab\engine_output
2026-04-03 05:13:49.359 [INFO    ] orchestrator: engine:   Summary written: C:\Users\operator\Desktop\PolySignalLab\engine_output\signals_summary_1775182429.json
2026-04-03 05:13:49.359 [INFO    ] orchestrator: engine: 
2026-04-03 05:13:49.359 [INFO    ] orchestrator: engine: ==========================================================
2026-04-03 05:13:49.359 [INFO    ] orchestrator: engine:   SUMMARY
2026-04-03 05:13:49.359 [INFO    ] orchestrator: engine: ==========================================================
2026-04-03 05:13:49.359 [INFO    ] orchestrator: engine:   Total windows:         600 (294 UP, 306 DOWN)
2026-04-03 05:13:49.359 [INFO    ] orchestrator: engine:   Walk-forward folds:    5 (3 test iterations)
2026-04-03 05:13:49.359 [INFO    ] orchestrator: engine:   OOS base rate:         47.5% UP (360 test windows total)
2026-04-03 05:13:49.367 [INFO    ] orchestrator: engine:   Viable WF-OOS signals: 61
2026-04-03 05:13:49.367 [INFO    ] orchestrator: engine: ==========================================================
2026-04-03 05:13:49.367 [INFO    ] orchestrator: engine produced: signals_summary_1775182429.json
2026-04-03 05:13:49.367 [INFO    ] orchestrator: cleaned up old summary: signals_summary_1775173361.json
2026-04-03 05:13:49.367 [INFO    ] orchestrator: ranked 20 signals
2026-04-03 05:13:49.367 [INFO    ] orchestrator:   #6 Up score=36.40 tier=GOLDEN folds=3/3 p=2.62e-08 ev=0.0528
2026-04-03 05:13:49.367 [INFO    ] orchestrator:   #2 Up score=22.55 tier=SILVER folds=2/3 p=1.91e-08 ev=0.0575
2026-04-03 05:13:49.367 [INFO    ] orchestrator:   #1 Up score=17.89 tier=SILVER folds=2/3 p=1.14e-08 ev=0.0428
2026-04-03 05:13:49.367 [INFO    ] orchestrator:   #5 Up score=15.58 tier=SILVER folds=2/3 p=1.14e-08 ev=0.0388
2026-04-03 05:13:49.367 [INFO    ] orchestrator:   #11 Down score=14.61 tier=OVERFIT_DANGER folds=1/3 p=2.62e-08 ev=0.1088
2026-04-03 05:13:49.367 [INFO    ] orchestrator: best signal: rank=6 side=Up score=36.40 tier=GOLDEN ev=0.0528
2026-04-03 05:13:49.367 [INFO    ] orchestrator: GOLDEN SIGNAL: #6 Up [280s->130s] d>=0.1% v<=0.05% (score=36.40)
2026-04-03 05:13:49.382 [INFO    ] shared.ipc: IPC: signal delivered successfully
2026-04-03 05:13:49.382 [INFO    ] orchestrator: golden signal delivered to bot
2026-04-03 05:28:49.391 [INFO    ] orchestrator: data quality check passed: 600 windows available
2026-04-03 05:28:49.391 [INFO    ] orchestrator: starting engine: C:\Users\operator\Desktop\PolySignalLab\PolySignalEngine\build\Release\PolySignalEngine.exe C:\Users\operator\Desktop\PolySignalLab\PolyDataCollector\data --output-dir C:\Users\operator\Desktop\PolySignalLab\engine_output
2026-04-03 05:28:56.093 [INFO    ] orchestrator: engine:   Summary written: C:\Users\operator\Desktop\PolySignalLab\engine_output\signals_summary_1775183336.json
2026-04-03 05:28:56.093 [INFO    ] orchestrator: engine: 
2026-04-03 05:28:56.093 [INFO    ] orchestrator: engine: ==========================================================
2026-04-03 05:28:56.093 [INFO    ] orchestrator: engine:   SUMMARY
2026-04-03 05:28:56.093 [INFO    ] orchestrator: engine: ==========================================================
2026-04-03 05:28:56.095 [INFO    ] orchestrator: engine:   Total windows:         600 (296 UP, 304 DOWN)
2026-04-03 05:28:56.095 [INFO    ] orchestrator: engine:   Walk-forward folds:    5 (3 test iterations)
2026-04-03 05:28:56.095 [INFO    ] orchestrator: engine:   OOS base rate:         47.8% UP (360 test windows total)
2026-04-03 05:28:56.095 [INFO    ] orchestrator: engine:   Viable WF-OOS signals: 59
2026-04-03 05:28:56.097 [INFO    ] orchestrator: engine: ==========================================================
2026-04-03 05:28:56.097 [INFO    ] orchestrator: engine produced: signals_summary_1775183336.json
2026-04-03 05:28:56.099 [INFO    ] orchestrator: cleaned up old summary: signals_summary_1775174267.json
2026-04-03 05:28:56.099 [INFO    ] orchestrator: ranked 20 signals
2026-04-03 05:28:56.099 [INFO    ] orchestrator:   #8 Up score=21.94 tier=GOLDEN folds=3/3 p=4.58e-08 ev=0.0345
2026-04-03 05:28:56.101 [INFO    ] orchestrator:   #1 Up score=20.89 tier=SILVER folds=2/3 p=4.58e-08 ev=0.0581
2026-04-03 05:28:56.101 [INFO    ] orchestrator:   #11 Up score=19.58 tier=GOLDEN folds=3/3 p=2.34e-08 ev=0.0296
2026-04-03 05:28:56.101 [INFO    ] orchestrator:   #4 Up score=14.53 tier=SILVER folds=2/3 p=1.81e-07 ev=0.0441
2026-04-03 05:28:56.103 [INFO    ] orchestrator:   #9 Up score=13.72 tier=SILVER folds=2/3 p=6.91e-06 ev=0.0615
2026-04-03 05:28:56.103 [INFO    ] orchestrator: best signal: rank=8 side=Up score=21.94 tier=GOLDEN ev=0.0345
2026-04-03 05:28:56.103 [INFO    ] orchestrator: GOLDEN SIGNAL: #8 Up [250s->170s] d>=0.1% v<=0.05% (score=21.94)
2026-04-03 05:28:56.124 [INFO    ] shared.ipc: IPC: signal delivered successfully
2026-04-03 05:28:56.124 [INFO    ] orchestrator: golden signal delivered to bot
2026-04-03 05:43:56.131 [INFO    ] orchestrator: data quality check passed: 600 windows available
2026-04-03 05:43:56.131 [INFO    ] orchestrator: starting engine: C:\Users\operator\Desktop\PolySignalLab\PolySignalEngine\build\Release\PolySignalEngine.exe C:\Users\operator\Desktop\PolySignalLab\PolyDataCollector\data --output-dir C:\Users\operator\Desktop\PolySignalLab\engine_output
2026-04-03 05:44:03.089 [INFO    ] orchestrator: engine:   Summary written: C:\Users\operator\Desktop\PolySignalLab\engine_output\signals_summary_1775184243.json
2026-04-03 05:44:03.089 [INFO    ] orchestrator: engine: 
2026-04-03 05:44:03.089 [INFO    ] orchestrator: engine: ==========================================================
2026-04-03 05:44:03.089 [INFO    ] orchestrator: engine:   SUMMARY
2026-04-03 05:44:03.089 [INFO    ] orchestrator: engine: ==========================================================
2026-04-03 05:44:03.089 [INFO    ] orchestrator: engine:   Total windows:         600 (296 UP, 304 DOWN)
2026-04-03 05:44:03.089 [INFO    ] orchestrator: engine:   Walk-forward folds:    5 (3 test iterations)
2026-04-03 05:44:03.089 [INFO    ] orchestrator: engine:   OOS base rate:         48.1% UP (360 test windows total)
2026-04-03 05:44:03.089 [INFO    ] orchestrator: engine:   Viable WF-OOS signals: 56
2026-04-03 05:44:03.089 [INFO    ] orchestrator: engine: ==========================================================
2026-04-03 05:44:03.089 [INFO    ] orchestrator: engine produced: signals_summary_1775184243.json
2026-04-03 05:44:03.089 [INFO    ] orchestrator: cleaned up old summary: signals_summary_1775175175.json
2026-04-03 05:44:03.089 [INFO    ] orchestrator: ranked 20 signals
2026-04-03 05:44:03.089 [INFO    ] orchestrator:   #7 Up score=33.36 tier=GOLDEN folds=3/3 p=9.40e-09 ev=0.0471
2026-04-03 05:44:03.089 [INFO    ] orchestrator:   #13 Up score=15.02 tier=SILVER folds=3/3 p=9.72e-06 ev=0.0372
2026-04-03 05:44:03.089 [INFO    ] orchestrator:   #10 Down score=12.90 tier=OVERFIT_DANGER folds=1/3 p=9.01e-08 ev=0.1038
2026-04-03 05:44:03.089 [INFO    ] orchestrator:   #9 Up score=12.28 tier=SILVER folds=2/3 p=1.20e-05 ev=0.0600
2026-04-03 05:44:03.089 [INFO    ] orchestrator:   #11 Down score=10.49 tier=OVERFIT_DANGER folds=1/3 p=9.71e-07 ev=0.1002
2026-04-03 05:44:03.089 [INFO    ] orchestrator: best signal: rank=7 side=Up score=33.36 tier=GOLDEN ev=0.0471
2026-04-03 05:44:03.089 [INFO    ] orchestrator: GOLDEN SIGNAL: #7 Up [220s->180s] d>=0.1% v<=0.05% (score=33.36)
2026-04-03 05:44:03.106 [INFO    ] shared.ipc: IPC: signal delivered successfully
2026-04-03 05:44:03.106 [INFO    ] orchestrator: golden signal delivered to bot
2026-04-03 05:59:03.116 [INFO    ] orchestrator: data quality check passed: 600 windows available
2026-04-03 05:59:03.116 [INFO    ] orchestrator: starting engine: C:\Users\operator\Desktop\PolySignalLab\PolySignalEngine\build\Release\PolySignalEngine.exe C:\Users\operator\Desktop\PolySignalLab\PolyDataCollector\data --output-dir C:\Users\operator\Desktop\PolySignalLab\engine_output
2026-04-03 05:59:09.897 [INFO    ] orchestrator: engine:   Summary written: C:\Users\operator\Desktop\PolySignalLab\engine_output\signals_summary_1775185149.json
2026-04-03 05:59:09.897 [INFO    ] orchestrator: engine: 
2026-04-03 05:59:09.897 [INFO    ] orchestrator: engine: ==========================================================
2026-04-03 05:59:09.897 [INFO    ] orchestrator: engine:   SUMMARY
2026-04-03 05:59:09.897 [INFO    ] orchestrator: engine: ==========================================================
2026-04-03 05:59:09.897 [INFO    ] orchestrator: engine:   Total windows:         600 (297 UP, 303 DOWN)
2026-04-03 05:59:09.897 [INFO    ] orchestrator: engine:   Walk-forward folds:    5 (3 test iterations)
2026-04-03 05:59:09.897 [INFO    ] orchestrator: engine:   OOS base rate:         48.1% UP (360 test windows total)
2026-04-03 05:59:09.897 [INFO    ] orchestrator: engine:   Viable WF-OOS signals: 50
2026-04-03 05:59:09.897 [INFO    ] orchestrator: engine: ==========================================================
2026-04-03 05:59:09.897 [INFO    ] orchestrator: engine produced: signals_summary_1775185149.json
2026-04-03 05:59:09.897 [INFO    ] orchestrator: cleaned up old summary: signals_summary_1775176081.json
2026-04-03 05:59:09.897 [INFO    ] orchestrator: ranked 20 signals
2026-04-03 05:59:09.897 [INFO    ] orchestrator:   #8 Up score=35.71 tier=GOLDEN folds=3/3 p=2.95e-09 ev=0.0471
2026-04-03 05:59:09.897 [INFO    ] orchestrator:   #10 Up score=22.63 tier=GOLDEN folds=3/3 p=2.69e-08 ev=0.0345
2026-04-03 05:59:09.897 [INFO    ] orchestrator:   #7 Down score=17.49 tier=OVERFIT_DANGER folds=1/3 p=4.37e-09 ev=0.1158
2026-04-03 05:59:09.897 [INFO    ] orchestrator:   #19 Up score=15.10 tier=SILVER folds=3/3 p=9.15e-06 ev=0.0372
2026-04-03 05:59:09.897 [INFO    ] orchestrator:   #9 Down score=14.73 tier=OVERFIT_DANGER folds=1/3 p=8.31e-08 ev=0.1164
2026-04-03 05:59:09.897 [INFO    ] orchestrator: best signal: rank=8 side=Up score=35.71 tier=GOLDEN ev=0.0471
2026-04-03 05:59:09.897 [INFO    ] orchestrator: GOLDEN SIGNAL: #8 Up [220s->180s] d>=0.1% v<=0.05% (score=35.71)
2026-04-03 05:59:09.918 [INFO    ] shared.ipc: IPC: signal delivered successfully
2026-04-03 05:59:09.918 [INFO    ] orchestrator: golden signal delivered to bot
2026-04-03 06:14:09.932 [INFO    ] orchestrator: data quality check passed: 600 windows available
2026-04-03 06:14:09.932 [INFO    ] orchestrator: starting engine: C:\Users\operator\Desktop\PolySignalLab\PolySignalEngine\build\Release\PolySignalEngine.exe C:\Users\operator\Desktop\PolySignalLab\PolyDataCollector\data --output-dir C:\Users\operator\Desktop\PolySignalLab\engine_output
2026-04-03 06:14:16.824 [INFO    ] orchestrator: engine:   Summary written: C:\Users\operator\Desktop\PolySignalLab\engine_output\signals_summary_1775186056.json
2026-04-03 06:14:16.824 [INFO    ] orchestrator: engine: 
2026-04-03 06:14:16.824 [INFO    ] orchestrator: engine: ==========================================================
2026-04-03 06:14:16.824 [INFO    ] orchestrator: engine:   SUMMARY
2026-04-03 06:14:16.824 [INFO    ] orchestrator: engine: ==========================================================
2026-04-03 06:14:16.824 [INFO    ] orchestrator: engine:   Total windows:         600 (296 UP, 304 DOWN)
2026-04-03 06:14:16.824 [INFO    ] orchestrator: engine:   Walk-forward folds:    5 (3 test iterations)
2026-04-03 06:14:16.824 [INFO    ] orchestrator: engine:   OOS base rate:         47.8% UP (360 test windows total)
2026-04-03 06:14:16.824 [INFO    ] orchestrator: engine:   Viable WF-OOS signals: 41
2026-04-03 06:14:16.824 [INFO    ] orchestrator: engine: ==========================================================
2026-04-03 06:14:16.824 [INFO    ] orchestrator: engine produced: signals_summary_1775186056.json
2026-04-03 06:14:16.828 [INFO    ] orchestrator: cleaned up old summary: signals_summary_1775176988.json
2026-04-03 06:14:16.828 [INFO    ] orchestrator: ranked 20 signals
2026-04-03 06:14:16.830 [INFO    ] orchestrator:   #7 Up score=35.25 tier=GOLDEN folds=3/3 p=3.30e-09 ev=0.0471
2026-04-03 06:14:16.830 [INFO    ] orchestrator:   #5 Down score=17.33 tier=OVERFIT_DANGER folds=1/3 p=3.81e-09 ev=0.1138
2026-04-03 06:14:16.830 [INFO    ] orchestrator:   #16 Up score=15.42 tier=SILVER folds=3/3 p=8.57e-06 ev=0.0372
2026-04-03 06:14:16.830 [INFO    ] orchestrator:   #8 Down score=14.44 tier=OVERFIT_DANGER folds=1/3 p=8.60e-08 ev=0.1142
2026-04-03 06:14:16.830 [INFO    ] orchestrator:   #10 Down score=13.19 tier=OVERFIT_DANGER folds=1/3 p=1.80e-08 ev=0.0962
2026-04-03 06:14:16.830 [INFO    ] orchestrator: best signal: rank=7 side=Up score=35.25 tier=GOLDEN ev=0.0471
2026-04-03 06:14:16.830 [INFO    ] orchestrator: GOLDEN SIGNAL: #7 Up [220s->180s] d>=0.1% v<=0.05% (score=35.25)
2026-04-03 06:14:16.830 [INFO    ] shared.ipc: IPC: signal delivered successfully
2026-04-03 06:14:16.844 [INFO    ] orchestrator: golden signal delivered to bot
2026-04-03 06:29:16.852 [INFO    ] orchestrator: data quality check passed: 600 windows available
2026-04-03 06:29:16.852 [INFO    ] orchestrator: starting engine: C:\Users\operator\Desktop\PolySignalLab\PolySignalEngine\build\Release\PolySignalEngine.exe C:\Users\operator\Desktop\PolySignalLab\PolyDataCollector\data --output-dir C:\Users\operator\Desktop\PolySignalLab\engine_output
2026-04-03 06:29:23.663 [INFO    ] orchestrator: engine:   Summary written: C:\Users\operator\Desktop\PolySignalLab\engine_output\signals_summary_1775186963.json
2026-04-03 06:29:23.663 [INFO    ] orchestrator: engine: 
2026-04-03 06:29:23.663 [INFO    ] orchestrator: engine: ==========================================================
2026-04-03 06:29:23.663 [INFO    ] orchestrator: engine:   SUMMARY
2026-04-03 06:29:23.663 [INFO    ] orchestrator: engine: ==========================================================
2026-04-03 06:29:23.663 [INFO    ] orchestrator: engine:   Total windows:         600 (297 UP, 303 DOWN)
2026-04-03 06:29:23.663 [INFO    ] orchestrator: engine:   Walk-forward folds:    5 (3 test iterations)
2026-04-03 06:29:23.663 [INFO    ] orchestrator: engine:   OOS base rate:         48.1% UP (360 test windows total)
2026-04-03 06:29:23.663 [INFO    ] orchestrator: engine:   Viable WF-OOS signals: 43
2026-04-03 06:29:23.663 [INFO    ] orchestrator: engine: ==========================================================
2026-04-03 06:29:23.673 [INFO    ] orchestrator: engine produced: signals_summary_1775186963.json
2026-04-03 06:29:23.673 [INFO    ] orchestrator: cleaned up old summary: signals_summary_1775177895.json
2026-04-03 06:29:23.673 [INFO    ] orchestrator: ranked 20 signals
2026-04-03 06:29:23.673 [INFO    ] orchestrator:   #9 Up score=38.13 tier=GOLDEN folds=3/3 p=1.43e-09 ev=0.0485
2026-04-03 06:29:23.673 [INFO    ] orchestrator:   #1 Up score=25.07 tier=SILVER folds=2/3 p=1.43e-08 ev=0.0629
2026-04-03 06:29:23.673 [INFO    ] orchestrator:   #20 Down score=18.77 tier=SILVER folds=2/3 p=3.30e-10 ev=0.0428
2026-04-03 06:29:23.673 [INFO    ] orchestrator:   #6 Up score=18.34 tier=SILVER folds=2/3 p=4.30e-07 ev=0.0637
2026-04-03 06:29:23.673 [INFO    ] orchestrator:   #17 Down score=14.66 tier=SILVER folds=2/3 p=2.98e-10 ev=0.0334
2026-04-03 06:29:23.673 [INFO    ] orchestrator: best signal: rank=9 side=Up score=38.13 tier=GOLDEN ev=0.0485
2026-04-03 06:29:23.678 [INFO    ] orchestrator: GOLDEN SIGNAL: #9 Up [220s->180s] d>=0.1% v<=0.05% (score=38.13)
2026-04-03 06:29:23.679 [INFO    ] shared.ipc: IPC: signal delivered successfully
2026-04-03 06:29:23.679 [INFO    ] orchestrator: golden signal delivered to bot
2026-04-03 06:44:23.704 [INFO    ] orchestrator: data quality check passed: 600 windows available
2026-04-03 06:44:23.704 [INFO    ] orchestrator: starting engine: C:\Users\operator\Desktop\PolySignalLab\PolySignalEngine\build\Release\PolySignalEngine.exe C:\Users\operator\Desktop\PolySignalLab\PolyDataCollector\data --output-dir C:\Users\operator\Desktop\PolySignalLab\engine_output
2026-04-03 06:44:30.446 [INFO    ] orchestrator: engine:   Summary written: C:\Users\operator\Desktop\PolySignalLab\engine_output\signals_summary_1775187870.json
2026-04-03 06:44:30.446 [INFO    ] orchestrator: engine: 
2026-04-03 06:44:30.446 [INFO    ] orchestrator: engine: ==========================================================
2026-04-03 06:44:30.446 [INFO    ] orchestrator: engine:   SUMMARY
2026-04-03 06:44:30.446 [INFO    ] orchestrator: engine: ==========================================================
2026-04-03 06:44:30.446 [INFO    ] orchestrator: engine:   Total windows:         600 (297 UP, 303 DOWN)
2026-04-03 06:44:30.446 [INFO    ] orchestrator: engine:   Walk-forward folds:    5 (3 test iterations)
2026-04-03 06:44:30.446 [INFO    ] orchestrator: engine:   OOS base rate:         47.8% UP (360 test windows total)
2026-04-03 06:44:30.459 [INFO    ] orchestrator: engine:   Viable WF-OOS signals: 47
2026-04-03 06:44:30.459 [INFO    ] orchestrator: engine: ==========================================================
2026-04-03 06:44:30.459 [INFO    ] orchestrator: engine produced: signals_summary_1775187870.json
2026-04-03 06:44:30.459 [INFO    ] orchestrator: cleaned up old summary: signals_summary_1775178802.json
2026-04-03 06:44:30.459 [INFO    ] orchestrator: ranked 20 signals
2026-04-03 06:44:30.459 [INFO    ] orchestrator:   #1 Up score=24.22 tier=SILVER folds=2/3 p=2.62e-08 ev=0.0652
2026-04-03 06:44:30.459 [INFO    ] orchestrator:   #18 Down score=21.22 tier=SILVER folds=2/3 p=1.13e-10 ev=0.0459
2026-04-03 06:44:30.459 [INFO    ] orchestrator:   #16 Down score=16.63 tier=SILVER folds=2/3 p=1.13e-10 ev=0.0363
2026-04-03 06:44:30.459 [INFO    ] orchestrator:   #13 Up score=15.20 tier=SILVER folds=3/3 p=1.01e-05 ev=0.0372
2026-04-03 06:44:30.459 [INFO    ] orchestrator:   #7 Down score=14.98 tier=OVERFIT_DANGER folds=1/3 p=4.79e-09 ev=0.1012
2026-04-03 06:44:30.459 [INFO    ] orchestrator: best signal: rank=1 side=Up score=24.22 tier=SILVER ev=0.0652
2026-04-03 06:44:30.459 [INFO    ] orchestrator: SILVER SIGNAL: #1 Up [270s->110s] d>=0.1% v<=0.05% (score=24.22)
2026-04-03 06:44:30.475 [INFO    ] shared.ipc: IPC: signal delivered successfully
2026-04-03 06:44:30.475 [INFO    ] orchestrator: silver signal delivered to bot
2026-04-03 06:59:30.485 [INFO    ] orchestrator: data quality check passed: 600 windows available
2026-04-03 06:59:30.485 [INFO    ] orchestrator: starting engine: C:\Users\operator\Desktop\PolySignalLab\PolySignalEngine\build\Release\PolySignalEngine.exe C:\Users\operator\Desktop\PolySignalLab\PolyDataCollector\data --output-dir C:\Users\operator\Desktop\PolySignalLab\engine_output
2026-04-03 06:59:37.419 [INFO    ] orchestrator: engine:   Summary written: C:\Users\operator\Desktop\PolySignalLab\engine_output\signals_summary_1775188777.json
2026-04-03 06:59:37.419 [INFO    ] orchestrator: engine: 
2026-04-03 06:59:37.419 [INFO    ] orchestrator: engine: ==========================================================
2026-04-03 06:59:37.419 [INFO    ] orchestrator: engine:   SUMMARY
2026-04-03 06:59:37.419 [INFO    ] orchestrator: engine: ==========================================================
2026-04-03 06:59:37.419 [INFO    ] orchestrator: engine:   Total windows:         600 (297 UP, 303 DOWN)
2026-04-03 06:59:37.419 [INFO    ] orchestrator: engine:   Walk-forward folds:    5 (3 test iterations)
2026-04-03 06:59:37.419 [INFO    ] orchestrator: engine:   OOS base rate:         47.2% UP (360 test windows total)
2026-04-03 06:59:37.419 [INFO    ] orchestrator: engine:   Viable WF-OOS signals: 45
2026-04-03 06:59:37.419 [INFO    ] orchestrator: engine: ==========================================================
2026-04-03 06:59:37.419 [INFO    ] orchestrator: engine produced: signals_summary_1775188777.json
2026-04-03 06:59:37.419 [INFO    ] orchestrator: cleaned up old summary: signals_summary_1775179709.json
2026-04-03 06:59:37.419 [INFO    ] orchestrator: ranked 20 signals
2026-04-03 06:59:37.419 [INFO    ] orchestrator:   #10 Up score=34.38 tier=SILVER folds=3/3 p=5.44e-06 ev=0.0942
2026-04-03 06:59:37.419 [INFO    ] orchestrator:   #3 Up score=22.53 tier=SILVER folds=2/3 p=2.46e-07 ev=0.0817
2026-04-03 06:59:37.419 [INFO    ] orchestrator:   #5 Up score=16.53 tier=SILVER folds=2/3 p=2.29e-08 ev=0.0428
2026-04-03 06:59:37.419 [INFO    ] orchestrator:   #18 Up score=15.95 tier=SILVER folds=3/3 p=6.68e-06 ev=0.0372
2026-04-03 06:59:37.419 [INFO    ] orchestrator:   #9 Down score=14.65 tier=OVERFIT_DANGER folds=1/3 p=1.41e-08 ev=0.1050
2026-04-03 06:59:37.419 [INFO    ] orchestrator: best signal: rank=10 side=Up score=34.38 tier=SILVER ev=0.0942
2026-04-03 06:59:37.419 [INFO    ] orchestrator: SILVER SIGNAL: #10 Up [290s->230s] d>=0.1% v<=0.05% (score=34.38)
2026-04-03 06:59:37.451 [INFO    ] shared.ipc: IPC: signal delivered successfully
2026-04-03 06:59:37.451 [INFO    ] orchestrator: silver signal delivered to bot
2026-04-03 07:14:37.464 [INFO    ] orchestrator: data quality check passed: 600 windows available
2026-04-03 07:14:37.464 [INFO    ] orchestrator: starting engine: C:\Users\operator\Desktop\PolySignalLab\PolySignalEngine\build\Release\PolySignalEngine.exe C:\Users\operator\Desktop\PolySignalLab\PolyDataCollector\data --output-dir C:\Users\operator\Desktop\PolySignalLab\engine_output
2026-04-03 07:14:44.295 [INFO    ] orchestrator: engine:   Summary written: C:\Users\operator\Desktop\PolySignalLab\engine_output\signals_summary_1775189684.json
2026-04-03 07:14:44.295 [INFO    ] orchestrator: engine: 
2026-04-03 07:14:44.295 [INFO    ] orchestrator: engine: ==========================================================
2026-04-03 07:14:44.295 [INFO    ] orchestrator: engine:   SUMMARY
2026-04-03 07:14:44.295 [INFO    ] orchestrator: engine: ==========================================================
2026-04-03 07:14:44.295 [INFO    ] orchestrator: engine:   Total windows:         600 (297 UP, 303 DOWN)
2026-04-03 07:14:44.295 [INFO    ] orchestrator: engine:   Walk-forward folds:    5 (3 test iterations)
2026-04-03 07:14:44.295 [INFO    ] orchestrator: engine:   OOS base rate:         47.8% UP (360 test windows total)
2026-04-03 07:14:44.300 [INFO    ] orchestrator: engine:   Viable WF-OOS signals: 46
2026-04-03 07:14:44.300 [INFO    ] orchestrator: engine: ==========================================================
2026-04-03 07:14:44.300 [INFO    ] orchestrator: engine produced: signals_summary_1775189684.json
2026-04-03 07:14:44.302 [INFO    ] orchestrator: cleaned up old summary: signals_summary_1775180615.json
2026-04-03 07:14:44.303 [INFO    ] orchestrator: ranked 20 signals
2026-04-03 07:14:44.303 [INFO    ] orchestrator:   #8 Up score=34.03 tier=SILVER folds=3/3 p=6.16e-06 ev=0.0942
2026-04-03 07:14:44.303 [INFO    ] orchestrator:   #2 Up score=22.35 tier=SILVER folds=2/3 p=2.79e-07 ev=0.0817
2026-04-03 07:14:44.303 [INFO    ] orchestrator:   #5 Up score=16.34 tier=SILVER folds=2/3 p=2.79e-08 ev=0.0428
2026-04-03 07:14:44.303 [INFO    ] orchestrator:   #19 Up score=15.75 tier=SILVER folds=3/3 p=7.75e-06 ev=0.0372
2026-04-03 07:14:44.303 [INFO    ] orchestrator:   #9 Down score=14.36 tier=OVERFIT_DANGER folds=1/3 p=2.31e-08 ev=0.1062
2026-04-03 07:14:44.303 [INFO    ] orchestrator: best signal: rank=8 side=Up score=34.03 tier=SILVER ev=0.0942
2026-04-03 07:14:44.303 [INFO    ] orchestrator: SILVER SIGNAL: #8 Up [290s->230s] d>=0.1% v<=0.05% (score=34.03)
2026-04-03 07:14:44.314 [INFO    ] shared.ipc: IPC: signal delivered successfully
2026-04-03 07:14:44.316 [INFO    ] orchestrator: silver signal delivered to bot
2026-04-03 07:29:44.317 [INFO    ] orchestrator: data quality check passed: 600 windows available
2026-04-03 07:29:44.317 [INFO    ] orchestrator: starting engine: C:\Users\operator\Desktop\PolySignalLab\PolySignalEngine\build\Release\PolySignalEngine.exe C:\Users\operator\Desktop\PolySignalLab\PolyDataCollector\data --output-dir C:\Users\operator\Desktop\PolySignalLab\engine_output
2026-04-03 07:29:51.210 [INFO    ] orchestrator: engine:   Summary written: C:\Users\operator\Desktop\PolySignalLab\engine_output\signals_summary_1775190591.json
2026-04-03 07:29:51.210 [INFO    ] orchestrator: engine: 
2026-04-03 07:29:51.210 [INFO    ] orchestrator: engine: ==========================================================
2026-04-03 07:29:51.210 [INFO    ] orchestrator: engine:   SUMMARY
2026-04-03 07:29:51.210 [INFO    ] orchestrator: engine: ==========================================================
2026-04-03 07:29:51.210 [INFO    ] orchestrator: engine:   Total windows:         600 (297 UP, 303 DOWN)
2026-04-03 07:29:51.210 [INFO    ] orchestrator: engine:   Walk-forward folds:    5 (3 test iterations)
2026-04-03 07:29:51.210 [INFO    ] orchestrator: engine:   OOS base rate:         48.1% UP (360 test windows total)
2026-04-03 07:29:51.210 [INFO    ] orchestrator: engine:   Viable WF-OOS signals: 47
2026-04-03 07:29:51.210 [INFO    ] orchestrator: engine: ==========================================================
2026-04-03 07:29:51.210 [INFO    ] orchestrator: engine produced: signals_summary_1775190591.json
2026-04-03 07:29:51.210 [INFO    ] orchestrator: cleaned up old summary: signals_summary_1775181522.json
2026-04-03 07:29:51.210 [INFO    ] orchestrator: ranked 20 signals
2026-04-03 07:29:51.210 [INFO    ] orchestrator:   #19 Down score=28.61 tier=SILVER folds=2/3 p=7.12e-12 ev=0.0548
2026-04-03 07:29:51.210 [INFO    ] orchestrator:   #1 Up score=21.27 tier=SILVER folds=2/3 p=8.66e-08 ev=0.0664
2026-04-03 07:29:51.210 [INFO    ] orchestrator:   #5 Up score=16.14 tier=SILVER folds=2/3 p=3.13e-08 ev=0.0428
2026-04-03 07:29:51.210 [INFO    ] orchestrator:   #18 Up score=15.69 tier=SILVER folds=3/3 p=8.11e-06 ev=0.0372
2026-04-03 07:29:51.210 [INFO    ] orchestrator:   #9 Down score=14.14 tier=OVERFIT_DANGER folds=1/3 p=2.08e-08 ev=0.1040
2026-04-03 07:29:51.210 [INFO    ] orchestrator: best signal: rank=19 side=Down score=28.61 tier=SILVER ev=0.0548
2026-04-03 07:29:51.210 [INFO    ] orchestrator: SILVER SIGNAL: #19 Down [210s->110s] d>=0.0% v<=0.05% (score=28.61)
2026-04-03 07:29:51.226 [INFO    ] shared.ipc: IPC: signal delivered successfully
2026-04-03 07:29:51.226 [INFO    ] orchestrator: silver signal delivered to bot
2026-04-03 07:44:51.242 [INFO    ] orchestrator: data quality check passed: 600 windows available
2026-04-03 07:44:51.242 [INFO    ] orchestrator: starting engine: C:\Users\operator\Desktop\PolySignalLab\PolySignalEngine\build\Release\PolySignalEngine.exe C:\Users\operator\Desktop\PolySignalLab\PolyDataCollector\data --output-dir C:\Users\operator\Desktop\PolySignalLab\engine_output
2026-04-03 07:44:57.899 [INFO    ] orchestrator: engine:   Summary written: C:\Users\operator\Desktop\PolySignalLab\engine_output\signals_summary_1775191497.json
2026-04-03 07:44:57.901 [INFO    ] orchestrator: engine: 
2026-04-03 07:44:57.901 [INFO    ] orchestrator: engine: ==========================================================
2026-04-03 07:44:57.901 [INFO    ] orchestrator: engine:   SUMMARY
2026-04-03 07:44:57.901 [INFO    ] orchestrator: engine: ==========================================================
2026-04-03 07:44:57.901 [INFO    ] orchestrator: engine:   Total windows:         600 (296 UP, 304 DOWN)
2026-04-03 07:44:57.901 [INFO    ] orchestrator: engine:   Walk-forward folds:    5 (3 test iterations)
2026-04-03 07:44:57.901 [INFO    ] orchestrator: engine:   OOS base rate:         48.1% UP (360 test windows total)
2026-04-03 07:44:57.901 [INFO    ] orchestrator: engine:   Viable WF-OOS signals: 48
2026-04-03 07:44:57.901 [INFO    ] orchestrator: engine: ==========================================================
2026-04-03 07:44:57.901 [INFO    ] orchestrator: engine produced: signals_summary_1775191497.json
2026-04-03 07:44:57.901 [INFO    ] orchestrator: cleaned up old summary: signals_summary_1775182429.json
2026-04-03 07:44:57.901 [INFO    ] orchestrator: ranked 20 signals
2026-04-03 07:44:57.901 [INFO    ] orchestrator:   #3 Up score=21.13 tier=SILVER folds=2/3 p=9.65e-08 ev=0.0664
2026-04-03 07:44:57.901 [INFO    ] orchestrator:   #5 Up score=15.87 tier=SILVER folds=2/3 p=3.73e-08 ev=0.0428
2026-04-03 07:44:57.901 [INFO    ] orchestrator:   #15 Up score=15.41 tier=SILVER folds=3/3 p=1.00e-05 ev=0.0372
2026-04-03 07:44:57.901 [INFO    ] orchestrator:   #9 Down score=11.29 tier=OVERFIT_DANGER folds=1/3 p=3.73e-08 ev=0.0860
2026-04-03 07:44:57.901 [INFO    ] orchestrator:   #10 Up score=10.70 tier=SILVER folds=2/3 p=2.09e-05 ev=0.0600
2026-04-03 07:44:57.901 [INFO    ] orchestrator: best signal: rank=3 side=Up score=21.13 tier=SILVER ev=0.0664
2026-04-03 07:44:57.901 [INFO    ] orchestrator: SILVER SIGNAL: #3 Up [270s->110s] d>=0.1% v<=0.05% (score=21.13)
2026-04-03 07:44:57.917 [INFO    ] shared.ipc: IPC: signal delivered successfully
2026-04-03 07:44:57.917 [INFO    ] orchestrator: silver signal delivered to bot
2026-04-03 07:59:57.921 [INFO    ] orchestrator: data quality check passed: 600 windows available
2026-04-03 07:59:57.921 [INFO    ] orchestrator: starting engine: C:\Users\operator\Desktop\PolySignalLab\PolySignalEngine\build\Release\PolySignalEngine.exe C:\Users\operator\Desktop\PolySignalLab\PolyDataCollector\data --output-dir C:\Users\operator\Desktop\PolySignalLab\engine_output
2026-04-03 08:00:04.722 [INFO    ] orchestrator: engine:   Summary written: C:\Users\operator\Desktop\PolySignalLab\engine_output\signals_summary_1775192404.json
2026-04-03 08:00:04.722 [INFO    ] orchestrator: engine: 
2026-04-03 08:00:04.722 [INFO    ] orchestrator: engine: ==========================================================
2026-04-03 08:00:04.722 [INFO    ] orchestrator: engine:   SUMMARY
2026-04-03 08:00:04.722 [INFO    ] orchestrator: engine: ==========================================================
2026-04-03 08:00:04.722 [INFO    ] orchestrator: engine:   Total windows:         600 (298 UP, 302 DOWN)
2026-04-03 08:00:04.722 [INFO    ] orchestrator: engine:   Walk-forward folds:    5 (3 test iterations)
2026-04-03 08:00:04.722 [INFO    ] orchestrator: engine:   OOS base rate:         48.3% UP (360 test windows total)
2026-04-03 08:00:04.722 [INFO    ] orchestrator: engine:   Viable WF-OOS signals: 37
2026-04-03 08:00:04.722 [INFO    ] orchestrator: engine: ==========================================================
2026-04-03 08:00:04.722 [INFO    ] orchestrator: engine produced: signals_summary_1775192404.json
2026-04-03 08:00:04.722 [INFO    ] orchestrator: cleaned up old summary: signals_summary_1775183336.json
2026-04-03 08:00:04.722 [INFO    ] orchestrator: ranked 20 signals
2026-04-03 08:00:04.722 [INFO    ] orchestrator:   #9 Up score=27.66 tier=SILVER folds=3/3 p=1.62e-05 ev=0.0924
2026-04-03 08:00:04.722 [INFO    ] orchestrator:   #4 Up score=15.57 tier=SILVER folds=2/3 p=4.43e-08 ev=0.0428
2026-04-03 08:00:04.722 [INFO    ] orchestrator:   #7 Up score=14.10 tier=SILVER folds=3/3 p=5.61e-06 ev=0.0341
2026-04-03 08:00:04.722 [INFO    ] orchestrator:   #8 Down score=11.40 tier=OVERFIT_DANGER folds=1/3 p=2.77e-08 ev=0.0852
2026-04-03 08:00:04.722 [INFO    ] orchestrator:   #12 Down score=11.08 tier=OVERFIT_DANGER folds=1/3 p=1.89e-07 ev=0.0940
2026-04-03 08:00:04.722 [INFO    ] orchestrator: best signal: rank=9 side=Up score=27.66 tier=SILVER ev=0.0924
2026-04-03 08:00:04.735 [INFO    ] orchestrator: SILVER SIGNAL: #9 Up [290s->230s] d>=0.1% v<=0.05% (score=27.66)
2026-04-03 08:00:04.735 [INFO    ] shared.ipc: IPC: signal delivered successfully
2026-04-03 08:00:04.735 [INFO    ] orchestrator: silver signal delivered to bot
2026-04-03 08:15:04.746 [INFO    ] orchestrator: data quality check passed: 600 windows available
2026-04-03 08:15:04.746 [INFO    ] orchestrator: starting engine: C:\Users\operator\Desktop\PolySignalLab\PolySignalEngine\build\Release\PolySignalEngine.exe C:\Users\operator\Desktop\PolySignalLab\PolyDataCollector\data --output-dir C:\Users\operator\Desktop\PolySignalLab\engine_output
2026-04-03 08:15:11.520 [INFO    ] orchestrator: engine:   Summary written: C:\Users\operator\Desktop\PolySignalLab\engine_output\signals_summary_1775193311.json
2026-04-03 08:15:11.520 [INFO    ] orchestrator: engine: 
2026-04-03 08:15:11.520 [INFO    ] orchestrator: engine: ==========================================================
2026-04-03 08:15:11.520 [INFO    ] orchestrator: engine:   SUMMARY
2026-04-03 08:15:11.520 [INFO    ] orchestrator: engine: ==========================================================
2026-04-03 08:15:11.520 [INFO    ] orchestrator: engine:   Total windows:         600 (298 UP, 302 DOWN)
2026-04-03 08:15:11.520 [INFO    ] orchestrator: engine:   Walk-forward folds:    5 (3 test iterations)
2026-04-03 08:15:11.520 [INFO    ] orchestrator: engine:   OOS base rate:         48.6% UP (360 test windows total)
2026-04-03 08:15:11.520 [INFO    ] orchestrator: engine:   Viable WF-OOS signals: 41
2026-04-03 08:15:11.520 [INFO    ] orchestrator: engine: ==========================================================
2026-04-03 08:15:11.520 [INFO    ] orchestrator: engine produced: signals_summary_1775193311.json
2026-04-03 08:15:11.520 [INFO    ] orchestrator: cleaned up old summary: signals_summary_1775184243.json
2026-04-03 08:15:11.520 [INFO    ] orchestrator: ranked 20 signals
2026-04-03 08:15:11.520 [INFO    ] orchestrator:   #3 Up score=42.41 tier=GOLDEN folds=3/3 p=4.88e-11 ev=0.0437
2026-04-03 08:15:11.520 [INFO    ] orchestrator:   #4 Up score=34.85 tier=GOLDEN folds=3/3 p=3.83e-08 ev=0.0506
2026-04-03 08:15:11.520 [INFO    ] orchestrator:   #17 Down score=25.64 tier=SILVER folds=2/3 p=1.02e-11 ev=0.0500
2026-04-03 08:15:11.520 [INFO    ] orchestrator:   #8 Up score=11.92 tier=SILVER folds=3/3 p=9.32e-06 ev=0.0323
2026-04-03 08:15:11.520 [INFO    ] orchestrator:   #9 Down score=11.77 tier=OVERFIT_DANGER folds=1/3 p=7.31e-09 ev=0.0816
2026-04-03 08:15:11.520 [INFO    ] orchestrator: best signal: rank=3 side=Up score=42.41 tier=GOLDEN ev=0.0437
2026-04-03 08:15:11.520 [INFO    ] orchestrator: GOLDEN SIGNAL: #3 Up [270s->120s] d>=0.1% v<=0.05% (score=42.41)
2026-04-03 08:15:11.536 [INFO    ] shared.ipc: IPC: signal delivered successfully
2026-04-03 08:15:11.536 [INFO    ] orchestrator: golden signal delivered to bot
2026-04-03 08:30:11.547 [INFO    ] orchestrator: data quality check passed: 600 windows available
2026-04-03 08:30:11.547 [INFO    ] orchestrator: starting engine: C:\Users\operator\Desktop\PolySignalLab\PolySignalEngine\build\Release\PolySignalEngine.exe C:\Users\operator\Desktop\PolySignalLab\PolyDataCollector\data --output-dir C:\Users\operator\Desktop\PolySignalLab\engine_output
2026-04-03 08:30:18.291 [INFO    ] orchestrator: engine:   Summary written: C:\Users\operator\Desktop\PolySignalLab\engine_output\signals_summary_1775194218.json
2026-04-03 08:30:18.291 [INFO    ] orchestrator: engine: 
2026-04-03 08:30:18.291 [INFO    ] orchestrator: engine: ==========================================================
2026-04-03 08:30:18.297 [INFO    ] orchestrator: engine:   SUMMARY
2026-04-03 08:30:18.297 [INFO    ] orchestrator: engine: ==========================================================
2026-04-03 08:30:18.297 [INFO    ] orchestrator: engine:   Total windows:         600 (295 UP, 305 DOWN)
2026-04-03 08:30:18.297 [INFO    ] orchestrator: engine:   Walk-forward folds:    5 (3 test iterations)
2026-04-03 08:30:18.297 [INFO    ] orchestrator: engine:   OOS base rate:         48.3% UP (360 test windows total)
2026-04-03 08:30:18.297 [INFO    ] orchestrator: engine:   Viable WF-OOS signals: 39
2026-04-03 08:30:18.297 [INFO    ] orchestrator: engine: ==========================================================
2026-04-03 08:30:18.297 [INFO    ] orchestrator: engine produced: signals_summary_1775194218.json
2026-04-03 08:30:18.302 [INFO    ] orchestrator: cleaned up old summary: signals_summary_1775185149.json
2026-04-03 08:30:18.302 [INFO    ] orchestrator: ranked 20 signals
2026-04-03 08:30:18.302 [INFO    ] orchestrator:   #9 Down score=11.35 tier=OVERFIT_DANGER folds=1/3 p=1.11e-07 ev=0.0929
2026-04-03 08:30:18.302 [INFO    ] orchestrator:   #20 Down score=11.28 tier=OVERFIT_DANGER folds=1/3 p=1.92e-05 ev=0.1456
2026-04-03 08:30:18.302 [INFO    ] orchestrator:   #6 Down score=10.99 tier=OVERFIT_DANGER folds=1/3 p=2.52e-08 ev=0.0814
2026-04-03 08:30:18.302 [INFO    ] orchestrator:   #7 Up score=10.03 tier=SILVER folds=3/3 p=1.54e-05 ev=0.0292
2026-04-03 08:30:18.302 [INFO    ] orchestrator:   #8 Up score=10.02 tier=SILVER folds=2/3 p=1.77e-07 ev=0.0300
2026-04-03 08:30:18.302 [INFO    ] orchestrator: best signal: rank=9 side=Down score=11.35 tier=OVERFIT_DANGER ev=0.0929
2026-04-03 08:30:18.302 [INFO    ] orchestrator: signal has 1/3 folds < min 2 (score 11.35 < override 0.00) — not sending to bot
2026-04-03 08:45:18.315 [INFO    ] orchestrator: data quality check passed: 600 windows available
2026-04-03 08:45:18.315 [INFO    ] orchestrator: starting engine: C:\Users\operator\Desktop\PolySignalLab\PolySignalEngine\build\Release\PolySignalEngine.exe C:\Users\operator\Desktop\PolySignalLab\PolyDataCollector\data --output-dir C:\Users\operator\Desktop\PolySignalLab\engine_output
2026-04-03 08:45:24.999 [INFO    ] orchestrator: engine:   Summary written: C:\Users\operator\Desktop\PolySignalLab\engine_output\signals_summary_1775195124.json
2026-04-03 08:45:24.999 [INFO    ] orchestrator: engine: 
2026-04-03 08:45:24.999 [INFO    ] orchestrator: engine: ==========================================================
2026-04-03 08:45:24.999 [INFO    ] orchestrator: engine:   SUMMARY
2026-04-03 08:45:24.999 [INFO    ] orchestrator: engine: ==========================================================
2026-04-03 08:45:24.999 [INFO    ] orchestrator: engine:   Total windows:         600 (297 UP, 303 DOWN)
2026-04-03 08:45:24.999 [INFO    ] orchestrator: engine:   Walk-forward folds:    5 (3 test iterations)
2026-04-03 08:45:24.999 [INFO    ] orchestrator: engine:   OOS base rate:         48.9% UP (360 test windows total)
2026-04-03 08:45:24.999 [INFO    ] orchestrator: engine:   Viable WF-OOS signals: 38
2026-04-03 08:45:24.999 [INFO    ] orchestrator: engine: ==========================================================
2026-04-03 08:45:24.999 [INFO    ] orchestrator: engine produced: signals_summary_1775195124.json
2026-04-03 08:45:24.999 [INFO    ] orchestrator: cleaned up old summary: signals_summary_1775186056.json
2026-04-03 08:45:25.013 [INFO    ] orchestrator: ranked 20 signals
2026-04-03 08:45:25.013 [INFO    ] orchestrator:   #6 Up score=29.45 tier=GOLDEN folds=3/3 p=1.01e-08 ev=0.0407
2026-04-03 08:45:25.013 [INFO    ] orchestrator:   #15 Down score=19.65 tier=SILVER folds=2/3 p=1.12e-09 ev=0.0467
2026-04-03 08:45:25.013 [INFO    ] orchestrator:   #20 Down score=14.63 tier=SILVER folds=2/3 p=1.22e-08 ev=0.0411
2026-04-03 08:45:25.013 [INFO    ] orchestrator:   #9 Down score=11.73 tier=OVERFIT_DANGER folds=1/3 p=5.76e-08 ev=0.0922
2026-04-03 08:45:25.013 [INFO    ] orchestrator:   #12 Down score=11.60 tier=OVERFIT_DANGER folds=1/3 p=1.13e-08 ev=0.0836
2026-04-03 08:45:25.013 [INFO    ] orchestrator: best signal: rank=6 side=Up score=29.45 tier=GOLDEN ev=0.0407
2026-04-03 08:45:25.013 [INFO    ] orchestrator: GOLDEN SIGNAL: #6 Up [220s->180s] d>=0.1% v<=0.05% (score=29.45)
2026-04-03 08:45:25.013 [INFO    ] shared.ipc: IPC: signal delivered successfully
2026-04-03 08:45:25.013 [INFO    ] orchestrator: golden signal delivered to bot
2026-04-03 09:00:25.030 [INFO    ] orchestrator: data quality check passed: 600 windows available
2026-04-03 09:00:25.030 [INFO    ] orchestrator: starting engine: C:\Users\operator\Desktop\PolySignalLab\PolySignalEngine\build\Release\PolySignalEngine.exe C:\Users\operator\Desktop\PolySignalLab\PolyDataCollector\data --output-dir C:\Users\operator\Desktop\PolySignalLab\engine_output
2026-04-03 09:00:31.957 [INFO    ] orchestrator: engine:   Summary written: C:\Users\operator\Desktop\PolySignalLab\engine_output\signals_summary_1775196031.json
2026-04-03 09:00:31.957 [INFO    ] orchestrator: engine: 
2026-04-03 09:00:31.958 [INFO    ] orchestrator: engine: ==========================================================
2026-04-03 09:00:31.958 [INFO    ] orchestrator: engine:   SUMMARY
2026-04-03 09:00:31.958 [INFO    ] orchestrator: engine: ==========================================================
2026-04-03 09:00:31.958 [INFO    ] orchestrator: engine:   Total windows:         600 (296 UP, 304 DOWN)
2026-04-03 09:00:31.958 [INFO    ] orchestrator: engine:   Walk-forward folds:    5 (3 test iterations)
2026-04-03 09:00:31.958 [INFO    ] orchestrator: engine:   OOS base rate:         48.6% UP (360 test windows total)
2026-04-03 09:00:31.958 [INFO    ] orchestrator: engine:   Viable WF-OOS signals: 41
2026-04-03 09:00:31.961 [INFO    ] orchestrator: engine: ==========================================================
2026-04-03 09:00:31.961 [INFO    ] orchestrator: engine produced: signals_summary_1775196031.json
2026-04-03 09:00:31.963 [INFO    ] orchestrator: cleaned up old summary: signals_summary_1775186963.json
2026-04-03 09:00:31.963 [INFO    ] orchestrator: ranked 20 signals
2026-04-03 09:00:31.963 [INFO    ] orchestrator:   #5 Up score=23.76 tier=SILVER folds=2/3 p=1.13e-05 ev=0.1323
2026-04-03 09:00:31.963 [INFO    ] orchestrator:   #19 Down score=16.89 tier=SILVER folds=2/3 p=2.36e-11 ev=0.0355
2026-04-03 09:00:31.963 [INFO    ] orchestrator:   #10 Down score=13.21 tier=OVERFIT_DANGER folds=1/3 p=5.13e-09 ev=0.0897
2026-04-03 09:00:31.963 [INFO    ] orchestrator:   #11 Up score=12.21 tier=SILVER folds=2/3 p=8.48e-08 ev=0.0349
2026-04-03 09:00:31.963 [INFO    ] orchestrator:   #12 Down score=10.94 tier=OVERFIT_DANGER folds=1/3 p=3.23e-07 ev=0.0949
2026-04-03 09:00:31.963 [INFO    ] orchestrator: best signal: rank=5 side=Up score=23.76 tier=SILVER ev=0.1323
2026-04-03 09:00:31.967 [INFO    ] orchestrator: SILVER SIGNAL: #5 Up [290s->230s] d>=0.1% v<=0.05% (score=23.76)
2026-04-03 09:00:31.978 [INFO    ] shared.ipc: IPC: signal delivered successfully
2026-04-03 09:00:31.978 [INFO    ] orchestrator: silver signal delivered to bot
2026-04-03 09:15:31.992 [INFO    ] orchestrator: data quality check passed: 600 windows available
2026-04-03 09:15:31.994 [INFO    ] orchestrator: starting engine: C:\Users\operator\Desktop\PolySignalLab\PolySignalEngine\build\Release\PolySignalEngine.exe C:\Users\operator\Desktop\PolySignalLab\PolyDataCollector\data --output-dir C:\Users\operator\Desktop\PolySignalLab\engine_output
2026-04-03 09:15:38.812 [INFO    ] orchestrator: engine:   Summary written: C:\Users\operator\Desktop\PolySignalLab\engine_output\signals_summary_1775196938.json
2026-04-03 09:15:38.812 [INFO    ] orchestrator: engine: 
2026-04-03 09:15:38.812 [INFO    ] orchestrator: engine: ==========================================================
2026-04-03 09:15:38.812 [INFO    ] orchestrator: engine:   SUMMARY
2026-04-03 09:15:38.812 [INFO    ] orchestrator: engine: ==========================================================
2026-04-03 09:15:38.812 [INFO    ] orchestrator: engine:   Total windows:         600 (296 UP, 304 DOWN)
2026-04-03 09:15:38.812 [INFO    ] orchestrator: engine:   Walk-forward folds:    5 (3 test iterations)
2026-04-03 09:15:38.824 [INFO    ] orchestrator: engine:   OOS base rate:         48.9% UP (360 test windows total)
2026-04-03 09:15:38.824 [INFO    ] orchestrator: engine:   Viable WF-OOS signals: 39
2026-04-03 09:15:38.824 [INFO    ] orchestrator: engine: ==========================================================
2026-04-03 09:15:38.824 [INFO    ] orchestrator: engine produced: signals_summary_1775196938.json
2026-04-03 09:15:38.824 [INFO    ] orchestrator: cleaned up old summary: signals_summary_1775187870.json
2026-04-03 09:15:38.824 [INFO    ] orchestrator: ranked 20 signals
2026-04-03 09:15:38.824 [INFO    ] orchestrator:   #6 Up score=29.94 tier=SILVER folds=3/3 p=4.81e-07 ev=0.0550
2026-04-03 09:15:38.828 [INFO    ] orchestrator:   #14 Up score=27.69 tier=GOLDEN folds=3/3 p=3.29e-08 ev=0.0407
2026-04-03 09:15:38.828 [INFO    ] orchestrator:   #4 Up score=16.37 tier=SILVER folds=2/3 p=1.50e-06 ev=0.0738
2026-04-03 09:15:38.828 [INFO    ] orchestrator:   #13 Down score=11.66 tier=OVERFIT_DANGER folds=1/3 p=5.98e-08 ev=0.0900
2026-04-03 09:15:38.828 [INFO    ] orchestrator:   #12 Down score=10.44 tier=SILVER folds=2/3 p=6.98e-05 ev=0.0755
2026-04-03 09:15:38.828 [INFO    ] orchestrator: best signal: rank=6 side=Up score=29.94 tier=SILVER ev=0.0550
2026-04-03 09:15:38.828 [INFO    ] orchestrator: SILVER SIGNAL: #6 Up [290s->130s] d>=0.1% v<=0.05% (score=29.94)
2026-04-03 09:15:38.828 [INFO    ] shared.ipc: IPC: signal delivered successfully
2026-04-03 09:15:38.828 [INFO    ] orchestrator: silver signal delivered to bot
2026-04-03 09:30:38.841 [INFO    ] orchestrator: data quality check passed: 600 windows available
2026-04-03 09:30:38.841 [INFO    ] orchestrator: starting engine: C:\Users\operator\Desktop\PolySignalLab\PolySignalEngine\build\Release\PolySignalEngine.exe C:\Users\operator\Desktop\PolySignalLab\PolyDataCollector\data --output-dir C:\Users\operator\Desktop\PolySignalLab\engine_output
2026-04-03 09:30:45.506 [INFO    ] orchestrator: engine:   Summary written: C:\Users\operator\Desktop\PolySignalLab\engine_output\signals_summary_1775197845.json
2026-04-03 09:30:45.506 [INFO    ] orchestrator: engine: 
2026-04-03 09:30:45.506 [INFO    ] orchestrator: engine: ==========================================================
2026-04-03 09:30:45.506 [INFO    ] orchestrator: engine:   SUMMARY
2026-04-03 09:30:45.506 [INFO    ] orchestrator: engine: ==========================================================
2026-04-03 09:30:45.506 [INFO    ] orchestrator: engine:   Total windows:         600 (296 UP, 304 DOWN)
2026-04-03 09:30:45.512 [INFO    ] orchestrator: engine:   Walk-forward folds:    5 (3 test iterations)
2026-04-03 09:30:45.512 [INFO    ] orchestrator: engine:   OOS base rate:         48.6% UP (360 test windows total)
2026-04-03 09:30:45.512 [INFO    ] orchestrator: engine:   Viable WF-OOS signals: 47
2026-04-03 09:30:45.512 [INFO    ] orchestrator: engine: ==========================================================
2026-04-03 09:30:45.512 [INFO    ] orchestrator: engine produced: signals_summary_1775197845.json
2026-04-03 09:30:45.512 [INFO    ] orchestrator: cleaned up old summary: signals_summary_1775188777.json
2026-04-03 09:30:45.512 [INFO    ] orchestrator: ranked 20 signals
2026-04-03 09:30:45.512 [INFO    ] orchestrator:   #6 Up score=30.73 tier=SILVER folds=3/3 p=3.58e-07 ev=0.0550
2026-04-03 09:30:45.516 [INFO    ] orchestrator:   #15 Up score=29.55 tier=GOLDEN folds=3/3 p=1.35e-08 ev=0.0413
2026-04-03 09:30:45.516 [INFO    ] orchestrator:   #4 Up score=16.58 tier=SILVER folds=2/3 p=1.27e-06 ev=0.0738
2026-04-03 09:30:45.516 [INFO    ] orchestrator:   #10 Down score=15.53 tier=OVERFIT_DANGER folds=1/3 p=1.82e-08 ev=0.1096
2026-04-03 09:30:45.516 [INFO    ] orchestrator:   #14 Down score=12.44 tier=OVERFIT_DANGER folds=1/3 p=1.35e-08 ev=0.0877
2026-04-03 09:30:45.516 [INFO    ] orchestrator: best signal: rank=6 side=Up score=30.73 tier=SILVER ev=0.0550
2026-04-03 09:30:45.516 [INFO    ] orchestrator: SILVER SIGNAL: #6 Up [290s->130s] d>=0.1% v<=0.05% (score=30.73)
2026-04-03 09:30:45.516 [INFO    ] shared.ipc: IPC: signal delivered successfully
2026-04-03 09:30:45.532 [INFO    ] orchestrator: silver signal delivered to bot
2026-04-03 09:45:45.543 [INFO    ] orchestrator: data quality check passed: 600 windows available
2026-04-03 09:45:45.543 [INFO    ] orchestrator: starting engine: C:\Users\operator\Desktop\PolySignalLab\PolySignalEngine\build\Release\PolySignalEngine.exe C:\Users\operator\Desktop\PolySignalLab\PolyDataCollector\data --output-dir C:\Users\operator\Desktop\PolySignalLab\engine_output
2026-04-03 09:45:52.186 [INFO    ] orchestrator: engine:   Summary written: C:\Users\operator\Desktop\PolySignalLab\engine_output\signals_summary_1775198752.json
2026-04-03 09:45:52.186 [INFO    ] orchestrator: engine: 
2026-04-03 09:45:52.186 [INFO    ] orchestrator: engine: ==========================================================
2026-04-03 09:45:52.188 [INFO    ] orchestrator: engine:   SUMMARY
2026-04-03 09:45:52.188 [INFO    ] orchestrator: engine: ==========================================================
2026-04-03 09:45:52.188 [INFO    ] orchestrator: engine:   Total windows:         600 (296 UP, 304 DOWN)
2026-04-03 09:45:52.188 [INFO    ] orchestrator: engine:   Walk-forward folds:    5 (3 test iterations)
2026-04-03 09:45:52.188 [INFO    ] orchestrator: engine:   OOS base rate:         48.6% UP (360 test windows total)
2026-04-03 09:45:52.188 [INFO    ] orchestrator: engine:   Viable WF-OOS signals: 46
2026-04-03 09:45:52.188 [INFO    ] orchestrator: engine: ==========================================================
2026-04-03 09:45:52.188 [INFO    ] orchestrator: engine produced: signals_summary_1775198752.json
2026-04-03 09:45:52.193 [INFO    ] orchestrator: cleaned up old summary: signals_summary_1775189684.json
2026-04-03 09:45:52.193 [INFO    ] orchestrator: ranked 20 signals
2026-04-03 09:45:52.193 [INFO    ] orchestrator:   #5 Up score=33.13 tier=GOLDEN folds=3/3 p=1.29e-08 ev=0.0450
2026-04-03 09:45:52.195 [INFO    ] orchestrator:   #15 Up score=32.02 tier=GOLDEN folds=3/3 p=2.96e-09 ev=0.0413
2026-04-03 09:45:52.195 [INFO    ] orchestrator:   #2 Up score=27.71 tier=SILVER folds=2/3 p=2.96e-09 ev=0.0597
2026-04-03 09:45:52.195 [INFO    ] orchestrator:   #1 Up score=25.98 tier=SILVER folds=2/3 p=1.35e-11 ev=0.0439
2026-04-03 09:45:52.195 [INFO    ] orchestrator:   #9 Up score=23.84 tier=SILVER folds=2/3 p=1.08e-05 ev=0.1323
2026-04-03 09:45:52.197 [INFO    ] orchestrator: best signal: rank=5 side=Up score=33.13 tier=GOLDEN ev=0.0450
2026-04-03 09:45:52.197 [INFO    ] orchestrator: GOLDEN SIGNAL: #5 Up [280s->120s] d>=0.1% v<=0.05% (score=33.13)
2026-04-03 09:45:52.206 [INFO    ] shared.ipc: IPC: signal delivered successfully
2026-04-03 09:45:52.206 [INFO    ] orchestrator: golden signal delivered to bot
2026-04-03 10:00:52.223 [INFO    ] orchestrator: data quality check passed: 600 windows available
2026-04-03 10:00:52.223 [INFO    ] orchestrator: starting engine: C:\Users\operator\Desktop\PolySignalLab\PolySignalEngine\build\Release\PolySignalEngine.exe C:\Users\operator\Desktop\PolySignalLab\PolyDataCollector\data --output-dir C:\Users\operator\Desktop\PolySignalLab\engine_output
2026-04-03 10:00:59.048 [INFO    ] orchestrator: engine:   Summary written: C:\Users\operator\Desktop\PolySignalLab\engine_output\signals_summary_1775199659.json
2026-04-03 10:00:59.048 [INFO    ] orchestrator: engine: 
2026-04-03 10:00:59.048 [INFO    ] orchestrator: engine: ==========================================================
2026-04-03 10:00:59.048 [INFO    ] orchestrator: engine:   SUMMARY
2026-04-03 10:00:59.048 [INFO    ] orchestrator: engine: ==========================================================
2026-04-03 10:00:59.063 [INFO    ] orchestrator: engine:   Total windows:         600 (295 UP, 305 DOWN)
2026-04-03 10:00:59.063 [INFO    ] orchestrator: engine:   Walk-forward folds:    5 (3 test iterations)
2026-04-03 10:00:59.063 [INFO    ] orchestrator: engine:   OOS base rate:         48.6% UP (360 test windows total)
2026-04-03 10:00:59.063 [INFO    ] orchestrator: engine:   Viable WF-OOS signals: 48
2026-04-03 10:00:59.063 [INFO    ] orchestrator: engine: ==========================================================
2026-04-03 10:00:59.063 [INFO    ] orchestrator: engine produced: signals_summary_1775199659.json
2026-04-03 10:00:59.063 [INFO    ] orchestrator: cleaned up old summary: signals_summary_1775190591.json
2026-04-03 10:00:59.063 [INFO    ] orchestrator: ranked 20 signals
2026-04-03 10:00:59.063 [INFO    ] orchestrator:   #5 Up score=33.89 tier=GOLDEN folds=3/3 p=3.69e-08 ev=0.0491
2026-04-03 10:00:59.063 [INFO    ] orchestrator:   #15 Up score=31.63 tier=GOLDEN folds=3/3 p=3.76e-09 ev=0.0413
2026-04-03 10:00:59.063 [INFO    ] orchestrator:   #1 Up score=26.86 tier=SILVER folds=2/3 p=1.35e-08 ev=0.0627
2026-04-03 10:00:59.063 [INFO    ] orchestrator:   #19 Down score=16.56 tier=OVERFIT_DANGER folds=1/3 p=4.10e-08 ev=0.1273
2026-04-03 10:00:59.063 [INFO    ] orchestrator:   #11 Down score=15.66 tier=OVERFIT_DANGER folds=1/3 p=1.66e-08 ev=0.1100
2026-04-03 10:00:59.063 [INFO    ] orchestrator: best signal: rank=5 side=Up score=33.89 tier=GOLDEN ev=0.0491
2026-04-03 10:00:59.063 [INFO    ] orchestrator: GOLDEN SIGNAL: #5 Up [280s->130s] d>=0.1% v<=0.05% (score=33.89)
2026-04-03 10:00:59.080 [INFO    ] shared.ipc: IPC: signal delivered successfully
2026-04-03 10:00:59.080 [INFO    ] orchestrator: golden signal delivered to bot
2026-04-03 10:15:59.098 [INFO    ] orchestrator: data quality check passed: 600 windows available
2026-04-03 10:15:59.098 [INFO    ] orchestrator: starting engine: C:\Users\operator\Desktop\PolySignalLab\PolySignalEngine\build\Release\PolySignalEngine.exe C:\Users\operator\Desktop\PolySignalLab\PolyDataCollector\data --output-dir C:\Users\operator\Desktop\PolySignalLab\engine_output
2026-04-03 10:16:05.983 [INFO    ] orchestrator: engine:   Summary written: C:\Users\operator\Desktop\PolySignalLab\engine_output\signals_summary_1775200565.json
2026-04-03 10:16:05.983 [INFO    ] orchestrator: engine: 
2026-04-03 10:16:05.983 [INFO    ] orchestrator: engine: ==========================================================
2026-04-03 10:16:05.983 [INFO    ] orchestrator: engine:   SUMMARY
2026-04-03 10:16:05.983 [INFO    ] orchestrator: engine: ==========================================================
2026-04-03 10:16:05.983 [INFO    ] orchestrator: engine:   Total windows:         600 (295 UP, 305 DOWN)
2026-04-03 10:16:05.983 [INFO    ] orchestrator: engine:   Walk-forward folds:    5 (3 test iterations)
2026-04-03 10:16:05.983 [INFO    ] orchestrator: engine:   OOS base rate:         48.9% UP (360 test windows total)
2026-04-03 10:16:05.983 [INFO    ] orchestrator: engine:   Viable WF-OOS signals: 50
2026-04-03 10:16:05.983 [INFO    ] orchestrator: engine: ==========================================================
2026-04-03 10:16:05.983 [INFO    ] orchestrator: engine produced: signals_summary_1775200565.json
2026-04-03 10:16:05.983 [INFO    ] orchestrator: cleaned up old summary: signals_summary_1775191497.json
2026-04-03 10:16:05.983 [INFO    ] orchestrator: ranked 20 signals
2026-04-03 10:16:05.983 [INFO    ] orchestrator:   #18 Up score=29.77 tier=GOLDEN folds=3/3 p=4.66e-09 ev=0.0393
2026-04-03 10:16:05.983 [INFO    ] orchestrator:   #1 Up score=27.82 tier=SILVER folds=2/3 p=7.05e-09 ev=0.0627
2026-04-03 10:16:05.983 [INFO    ] orchestrator:   #17 Down score=21.15 tier=OVERFIT_DANGER folds=1/3 p=7.25e-09 ev=0.1444
2026-04-03 10:16:05.983 [INFO    ] orchestrator:   #6 Up score=19.65 tier=SILVER folds=2/3 p=1.23e-07 ev=0.0550
2026-04-03 10:16:05.983 [INFO    ] orchestrator:   #12 Down score=16.76 tier=OVERFIT_DANGER folds=1/3 p=7.05e-09 ev=0.1122
2026-04-03 10:16:05.983 [INFO    ] orchestrator: best signal: rank=18 side=Up score=29.77 tier=GOLDEN ev=0.0393
2026-04-03 10:16:05.983 [INFO    ] orchestrator: GOLDEN SIGNAL: #18 Up [220s->180s] d>=0.1% v<=0.05% (score=29.77)
2026-04-03 10:16:06.012 [INFO    ] shared.ipc: IPC: signal delivered successfully
2026-04-03 10:16:06.012 [INFO    ] orchestrator: golden signal delivered to bot
2026-04-03 10:31:06.027 [INFO    ] orchestrator: data quality check passed: 600 windows available
2026-04-03 10:31:06.027 [INFO    ] orchestrator: starting engine: C:\Users\operator\Desktop\PolySignalLab\PolySignalEngine\build\Release\PolySignalEngine.exe C:\Users\operator\Desktop\PolySignalLab\PolyDataCollector\data --output-dir C:\Users\operator\Desktop\PolySignalLab\engine_output
2026-04-03 10:31:12.716 [INFO    ] orchestrator: engine:   Summary written: C:\Users\operator\Desktop\PolySignalLab\engine_output\signals_summary_1775201472.json
2026-04-03 10:31:12.716 [INFO    ] orchestrator: engine: 
2026-04-03 10:31:12.716 [INFO    ] orchestrator: engine: ==========================================================
2026-04-03 10:31:12.716 [INFO    ] orchestrator: engine:   SUMMARY
2026-04-03 10:31:12.716 [INFO    ] orchestrator: engine: ==========================================================
2026-04-03 10:31:12.716 [INFO    ] orchestrator: engine:   Total windows:         600 (296 UP, 304 DOWN)
2026-04-03 10:31:12.716 [INFO    ] orchestrator: engine:   Walk-forward folds:    5 (3 test iterations)
2026-04-03 10:31:12.716 [INFO    ] orchestrator: engine:   OOS base rate:         49.2% UP (360 test windows total)
2026-04-03 10:31:12.732 [INFO    ] orchestrator: engine:   Viable WF-OOS signals: 50
2026-04-03 10:31:12.732 [INFO    ] orchestrator: engine: ==========================================================
2026-04-03 10:31:12.732 [INFO    ] orchestrator: engine produced: signals_summary_1775201472.json
2026-04-03 10:31:12.732 [INFO    ] orchestrator: cleaned up old summary: signals_summary_1775192404.json
2026-04-03 10:31:12.732 [INFO    ] orchestrator: ranked 20 signals
2026-04-03 10:31:12.732 [INFO    ] orchestrator:   #1 Up score=27.78 tier=SILVER folds=2/3 p=7.24e-09 ev=0.0627
2026-04-03 10:31:12.732 [INFO    ] orchestrator:   #20 Down score=22.23 tier=OVERFIT_DANGER folds=1/3 p=2.71e-09 ev=0.1438
2026-04-03 10:31:12.732 [INFO    ] orchestrator:   #7 Up score=19.65 tier=SILVER folds=2/3 p=1.24e-07 ev=0.0550
2026-04-03 10:31:12.732 [INFO    ] orchestrator:   #19 Down score=19.29 tier=OVERFIT_DANGER folds=1/3 p=1.83e-09 ev=0.1222
2026-04-03 10:31:12.732 [INFO    ] orchestrator:   #3 Up score=18.97 tier=SILVER folds=2/3 p=7.63e-08 ev=0.0565
2026-04-03 10:31:12.732 [INFO    ] orchestrator: best signal: rank=1 side=Up score=27.78 tier=SILVER ev=0.0627
2026-04-03 10:31:12.732 [INFO    ] orchestrator: SILVER SIGNAL: #1 Up [230s->110s] d>=0.1% v<=0.05% (score=27.78)
2026-04-03 10:31:12.747 [INFO    ] shared.ipc: IPC: signal delivered successfully
2026-04-03 10:31:12.747 [INFO    ] orchestrator: silver signal delivered to bot
2026-04-03 10:46:12.758 [INFO    ] orchestrator: data quality check passed: 600 windows available
2026-04-03 10:46:12.758 [INFO    ] orchestrator: starting engine: C:\Users\operator\Desktop\PolySignalLab\PolySignalEngine\build\Release\PolySignalEngine.exe C:\Users\operator\Desktop\PolySignalLab\PolyDataCollector\data --output-dir C:\Users\operator\Desktop\PolySignalLab\engine_output
2026-04-03 10:46:19.598 [INFO    ] orchestrator: engine:   Summary written: C:\Users\operator\Desktop\PolySignalLab\engine_output\signals_summary_1775202379.json
2026-04-03 10:46:19.598 [INFO    ] orchestrator: engine: 
2026-04-03 10:46:19.598 [INFO    ] orchestrator: engine: ==========================================================
2026-04-03 10:46:19.598 [INFO    ] orchestrator: engine:   SUMMARY
2026-04-03 10:46:19.598 [INFO    ] orchestrator: engine: ==========================================================
2026-04-03 10:46:19.598 [INFO    ] orchestrator: engine:   Total windows:         600 (296 UP, 304 DOWN)
2026-04-03 10:46:19.598 [INFO    ] orchestrator: engine:   Walk-forward folds:    5 (3 test iterations)
2026-04-03 10:46:19.598 [INFO    ] orchestrator: engine:   OOS base rate:         50.0% UP (360 test windows total)
2026-04-03 10:46:19.598 [INFO    ] orchestrator: engine:   Viable WF-OOS signals: 50
2026-04-03 10:46:19.598 [INFO    ] orchestrator: engine: ==========================================================
2026-04-03 10:46:19.598 [INFO    ] orchestrator: engine produced: signals_summary_1775202379.json
2026-04-03 10:46:19.598 [INFO    ] orchestrator: cleaned up old summary: signals_summary_1775193311.json
2026-04-03 10:46:19.598 [INFO    ] orchestrator: ranked 20 signals
2026-04-03 10:46:19.598 [INFO    ] orchestrator:   #16 Up score=36.10 tier=SILVER folds=3/3 p=4.38e-06 ev=0.0882
2026-04-03 10:46:19.598 [INFO    ] orchestrator:   #15 Up score=29.38 tier=GOLDEN folds=3/3 p=5.46e-09 ev=0.0393
2026-04-03 10:46:19.598 [INFO    ] orchestrator:   #1 Up score=27.24 tier=SILVER folds=2/3 p=1.05e-08 ev=0.0627
2026-04-03 10:46:19.598 [INFO    ] orchestrator:   #14 Down score=23.92 tier=OVERFIT_DANGER folds=1/3 p=5.65e-07 ev=0.2122
2026-04-03 10:46:19.598 [INFO    ] orchestrator:   #5 Up score=21.93 tier=SILVER folds=2/3 p=1.00e-07 ev=0.0606
2026-04-03 10:46:19.598 [INFO    ] orchestrator: best signal: rank=16 side=Up score=36.10 tier=SILVER ev=0.0882
2026-04-03 10:46:19.598 [INFO    ] orchestrator: SILVER SIGNAL: #16 Up [290s->230s] d>=0.1% v<=0.05% (score=36.10)
2026-04-03 10:46:19.613 [INFO    ] shared.ipc: IPC: signal delivered successfully
2026-04-03 10:46:19.613 [INFO    ] orchestrator: silver signal delivered to bot
2026-04-03 11:01:19.622 [INFO    ] orchestrator: data quality check passed: 600 windows available
2026-04-03 11:01:19.622 [INFO    ] orchestrator: starting engine: C:\Users\operator\Desktop\PolySignalLab\PolySignalEngine\build\Release\PolySignalEngine.exe C:\Users\operator\Desktop\PolySignalLab\PolyDataCollector\data --output-dir C:\Users\operator\Desktop\PolySignalLab\engine_output
2026-04-03 11:01:26.441 [INFO    ] orchestrator: engine:   Summary written: C:\Users\operator\Desktop\PolySignalLab\engine_output\signals_summary_1775203286.json
2026-04-03 11:01:26.443 [INFO    ] orchestrator: engine: 
2026-04-03 11:01:26.443 [INFO    ] orchestrator: engine: ==========================================================
2026-04-03 11:01:26.443 [INFO    ] orchestrator: engine:   SUMMARY
2026-04-03 11:01:26.443 [INFO    ] orchestrator: engine: ==========================================================
2026-04-03 11:01:26.443 [INFO    ] orchestrator: engine:   Total windows:         600 (295 UP, 305 DOWN)
2026-04-03 11:01:26.445 [INFO    ] orchestrator: engine:   Walk-forward folds:    5 (3 test iterations)
2026-04-03 11:01:26.445 [INFO    ] orchestrator: engine:   OOS base rate:         50.0% UP (360 test windows total)
2026-04-03 11:01:26.445 [INFO    ] orchestrator: engine:   Viable WF-OOS signals: 50
2026-04-03 11:01:26.445 [INFO    ] orchestrator: engine: ==========================================================
2026-04-03 11:01:26.445 [INFO    ] orchestrator: engine produced: signals_summary_1775203286.json
2026-04-03 11:01:26.448 [INFO    ] orchestrator: cleaned up old summary: signals_summary_1775194218.json
2026-04-03 11:01:26.448 [INFO    ] orchestrator: ranked 20 signals
2026-04-03 11:01:26.448 [INFO    ] orchestrator:   #16 Down score=25.46 tier=OVERFIT_DANGER folds=1/3 p=3.03e-07 ev=0.2161
2026-04-03 11:01:26.450 [INFO    ] orchestrator:   #19 Down score=19.20 tier=OVERFIT_DANGER folds=1/3 p=1.67e-09 ev=0.1231
2026-04-03 11:01:26.450 [INFO    ] orchestrator:   #9 Down score=17.82 tier=OVERFIT_DANGER folds=1/3 p=1.67e-09 ev=0.1105
2026-04-03 11:01:26.450 [INFO    ] orchestrator:   #8 Down score=16.56 tier=OVERFIT_DANGER folds=1/3 p=1.57e-09 ev=0.1022
2026-04-03 11:01:26.450 [INFO    ] orchestrator:   #14 Down score=15.51 tier=OVERFIT_DANGER folds=1/3 p=3.06e-08 ev=0.1132
2026-04-03 11:01:26.450 [INFO    ] orchestrator: best signal: rank=16 side=Down score=25.46 tier=OVERFIT_DANGER ev=0.2161
2026-04-03 11:01:26.450 [INFO    ] orchestrator: signal has 1/3 folds < min 2 (score 25.46 < override 0.00) — not sending to bot
2026-04-03 11:16:26.470 [INFO    ] orchestrator: data quality check passed: 600 windows available
2026-04-03 11:16:26.470 [INFO    ] orchestrator: starting engine: C:\Users\operator\Desktop\PolySignalLab\PolySignalEngine\build\Release\PolySignalEngine.exe C:\Users\operator\Desktop\PolySignalLab\PolyDataCollector\data --output-dir C:\Users\operator\Desktop\PolySignalLab\engine_output
2026-04-03 11:16:33.317 [INFO    ] orchestrator: engine:   Summary written: C:\Users\operator\Desktop\PolySignalLab\engine_output\signals_summary_1775204193.json
2026-04-03 11:16:33.317 [INFO    ] orchestrator: engine: 
2026-04-03 11:16:33.317 [INFO    ] orchestrator: engine: ==========================================================
2026-04-03 11:16:33.317 [INFO    ] orchestrator: engine:   SUMMARY
2026-04-03 11:16:33.317 [INFO    ] orchestrator: engine: ==========================================================
2026-04-03 11:16:33.317 [INFO    ] orchestrator: engine:   Total windows:         600 (295 UP, 305 DOWN)
2026-04-03 11:16:33.317 [INFO    ] orchestrator: engine:   Walk-forward folds:    5 (3 test iterations)
2026-04-03 11:16:33.317 [INFO    ] orchestrator: engine:   OOS base rate:         50.3% UP (360 test windows total)
2026-04-03 11:16:33.317 [INFO    ] orchestrator: engine:   Viable WF-OOS signals: 52
2026-04-03 11:16:33.317 [INFO    ] orchestrator: engine: ==========================================================
2026-04-03 11:16:33.317 [INFO    ] orchestrator: engine produced: signals_summary_1775204193.json
2026-04-03 11:16:33.317 [INFO    ] orchestrator: cleaned up old summary: signals_summary_1775195124.json
2026-04-03 11:16:33.317 [INFO    ] orchestrator: ranked 20 signals
2026-04-03 11:16:33.317 [INFO    ] orchestrator:   #5 Up score=44.13 tier=GOLDEN folds=3/3 p=1.58e-09 ev=0.0531
2026-04-03 11:16:33.317 [INFO    ] orchestrator:   #7 Down score=36.30 tier=SILVER folds=3/3 p=6.48e-07 ev=0.0711
2026-04-03 11:16:33.317 [INFO    ] orchestrator:   #20 Up score=35.45 tier=GOLDEN folds=3/3 p=8.98e-07 ev=0.0684
2026-04-03 11:16:33.317 [INFO    ] orchestrator:   #1 Up score=27.29 tier=SILVER folds=2/3 p=6.05e-09 ev=0.0610
2026-04-03 11:16:33.317 [INFO    ] orchestrator:   #19 Down score=25.85 tier=OVERFIT_DANGER folds=1/3 p=2.42e-07 ev=0.2161
2026-04-03 11:16:33.317 [INFO    ] orchestrator: best signal: rank=5 side=Up score=44.13 tier=GOLDEN ev=0.0531
2026-04-03 11:16:33.317 [INFO    ] orchestrator: GOLDEN SIGNAL: #5 Up [270s->130s] d>=0.1% v<=0.05% (score=44.13)
2026-04-03 11:16:33.333 [INFO    ] shared.ipc: IPC: signal delivered successfully
2026-04-03 11:16:33.333 [INFO    ] orchestrator: golden signal delivered to bot
2026-04-03 11:31:33.345 [INFO    ] orchestrator: data quality check passed: 600 windows available
2026-04-03 11:31:33.345 [INFO    ] orchestrator: starting engine: C:\Users\operator\Desktop\PolySignalLab\PolySignalEngine\build\Release\PolySignalEngine.exe C:\Users\operator\Desktop\PolySignalLab\PolyDataCollector\data --output-dir C:\Users\operator\Desktop\PolySignalLab\engine_output
2026-04-03 11:31:40.104 [INFO    ] orchestrator: engine:   Summary written: C:\Users\operator\Desktop\PolySignalLab\engine_output\signals_summary_1775205100.json
2026-04-03 11:31:40.104 [INFO    ] orchestrator: engine: 
2026-04-03 11:31:40.104 [INFO    ] orchestrator: engine: ==========================================================
2026-04-03 11:31:40.104 [INFO    ] orchestrator: engine:   SUMMARY
2026-04-03 11:31:40.104 [INFO    ] orchestrator: engine: ==========================================================
2026-04-03 11:31:40.104 [INFO    ] orchestrator: engine:   Total windows:         600 (294 UP, 306 DOWN)
2026-04-03 11:31:40.104 [INFO    ] orchestrator: engine:   Walk-forward folds:    5 (3 test iterations)
2026-04-03 11:31:40.104 [INFO    ] orchestrator: engine:   OOS base rate:         50.3% UP (360 test windows total)
2026-04-03 11:31:40.104 [INFO    ] orchestrator: engine:   Viable WF-OOS signals: 54
2026-04-03 11:31:40.104 [INFO    ] orchestrator: engine: ==========================================================
2026-04-03 11:31:40.104 [INFO    ] orchestrator: engine produced: signals_summary_1775205100.json
2026-04-03 11:31:40.104 [INFO    ] orchestrator: cleaned up old summary: signals_summary_1775196031.json
2026-04-03 11:31:40.104 [INFO    ] orchestrator: ranked 20 signals
2026-04-03 11:31:40.104 [INFO    ] orchestrator:   #11 Up score=55.07 tier=GOLDEN folds=3/3 p=1.44e-07 ev=0.0867
2026-04-03 11:31:40.104 [INFO    ] orchestrator:   #16 Up score=46.39 tier=GOLDEN folds=3/3 p=2.32e-09 ev=0.0591
2026-04-03 11:31:40.104 [INFO    ] orchestrator:   #13 Up score=44.88 tier=SILVER folds=3/3 p=8.27e-07 ev=0.0911
2026-04-03 11:31:40.104 [INFO    ] orchestrator:   #14 Down score=31.98 tier=SILVER folds=3/3 p=1.05e-06 ev=0.0673
2026-04-03 11:31:40.104 [INFO    ] orchestrator:   #8 Up score=21.30 tier=SILVER folds=2/3 p=1.53e-08 ev=0.0532
2026-04-03 11:31:40.104 [INFO    ] orchestrator: best signal: rank=11 side=Up score=55.07 tier=GOLDEN ev=0.0867
2026-04-03 11:31:40.118 [INFO    ] orchestrator: GOLDEN SIGNAL: #11 Up [280s->180s] d>=0.1% v<=0.05% (score=55.07)
2026-04-03 11:31:40.128 [INFO    ] shared.ipc: IPC: signal delivered successfully
2026-04-03 11:31:40.128 [INFO    ] orchestrator: golden signal delivered to bot
2026-04-03 11:46:40.141 [INFO    ] orchestrator: data quality check passed: 600 windows available
2026-04-03 11:46:40.141 [INFO    ] orchestrator: starting engine: C:\Users\operator\Desktop\PolySignalLab\PolySignalEngine\build\Release\PolySignalEngine.exe C:\Users\operator\Desktop\PolySignalLab\PolyDataCollector\data --output-dir C:\Users\operator\Desktop\PolySignalLab\engine_output
2026-04-03 11:46:46.916 [INFO    ] orchestrator: engine:   Summary written: C:\Users\operator\Desktop\PolySignalLab\engine_output\signals_summary_1775206006.json
2026-04-03 11:46:46.932 [INFO    ] orchestrator: engine: 
2026-04-03 11:46:46.932 [INFO    ] orchestrator: engine: ==========================================================
2026-04-03 11:46:46.932 [INFO    ] orchestrator: engine:   SUMMARY
2026-04-03 11:46:46.932 [INFO    ] orchestrator: engine: ==========================================================
2026-04-03 11:46:46.932 [INFO    ] orchestrator: engine:   Total windows:         600 (292 UP, 308 DOWN)
2026-04-03 11:46:46.932 [INFO    ] orchestrator: engine:   Walk-forward folds:    5 (3 test iterations)
2026-04-03 11:46:46.932 [INFO    ] orchestrator: engine:   OOS base rate:         50.3% UP (360 test windows total)
2026-04-03 11:46:46.932 [INFO    ] orchestrator: engine:   Viable WF-OOS signals: 60
2026-04-03 11:46:46.932 [INFO    ] orchestrator: engine: ==========================================================
2026-04-03 11:46:46.932 [INFO    ] orchestrator: engine produced: signals_summary_1775206006.json
2026-04-03 11:46:46.932 [INFO    ] orchestrator: cleaned up old summary: signals_summary_1775196938.json
2026-04-03 11:46:46.932 [INFO    ] orchestrator: ranked 20 signals
2026-04-03 11:46:46.932 [INFO    ] orchestrator:   #10 Up score=55.38 tier=GOLDEN folds=3/3 p=1.32e-07 ev=0.0867
2026-04-03 11:46:46.932 [INFO    ] orchestrator:   #15 Up score=45.49 tier=GOLDEN folds=3/3 p=3.41e-09 ev=0.0591
2026-04-03 11:46:46.932 [INFO    ] orchestrator:   #13 Up score=39.75 tier=SILVER folds=3/3 p=1.15e-06 ev=0.0858
2026-04-03 11:46:46.932 [INFO    ] orchestrator:   #19 Up score=36.27 tier=GOLDEN folds=3/3 p=7.63e-07 ev=0.0684
2026-04-03 11:46:46.932 [INFO    ] orchestrator:   #14 Down score=28.85 tier=SILVER folds=3/3 p=1.62e-06 ev=0.0652
2026-04-03 11:46:46.932 [INFO    ] orchestrator: best signal: rank=10 side=Up score=55.38 tier=GOLDEN ev=0.0867
2026-04-03 11:46:46.932 [INFO    ] orchestrator: GOLDEN SIGNAL: #10 Up [280s->180s] d>=0.1% v<=0.05% (score=55.38)
2026-04-03 11:46:46.948 [INFO    ] shared.ipc: IPC: signal delivered successfully
2026-04-03 11:46:46.948 [INFO    ] orchestrator: golden signal delivered to bot
2026-04-03 12:01:46.963 [INFO    ] orchestrator: data quality check passed: 600 windows available
2026-04-03 12:01:46.963 [INFO    ] orchestrator: starting engine: C:\Users\operator\Desktop\PolySignalLab\PolySignalEngine\build\Release\PolySignalEngine.exe C:\Users\operator\Desktop\PolySignalLab\PolyDataCollector\data --output-dir C:\Users\operator\Desktop\PolySignalLab\engine_output
2026-04-03 12:01:53.889 [INFO    ] orchestrator: engine:   Summary written: C:\Users\operator\Desktop\PolySignalLab\engine_output\signals_summary_1775206913.json
2026-04-03 12:01:53.889 [INFO    ] orchestrator: engine: 
2026-04-03 12:01:53.891 [INFO    ] orchestrator: engine: ==========================================================
2026-04-03 12:01:53.891 [INFO    ] orchestrator: engine:   SUMMARY
2026-04-03 12:01:53.893 [INFO    ] orchestrator: engine: ==========================================================
2026-04-03 12:01:53.893 [INFO    ] orchestrator: engine:   Total windows:         600 (290 UP, 310 DOWN)
2026-04-03 12:01:53.893 [INFO    ] orchestrator: engine:   Walk-forward folds:    5 (3 test iterations)
2026-04-03 12:01:53.893 [INFO    ] orchestrator: engine:   OOS base rate:         50.3% UP (360 test windows total)
2026-04-03 12:01:53.893 [INFO    ] orchestrator: engine:   Viable WF-OOS signals: 62
2026-04-03 12:01:53.893 [INFO    ] orchestrator: engine: ==========================================================
2026-04-03 12:01:53.893 [INFO    ] orchestrator: engine produced: signals_summary_1775206913.json
2026-04-03 12:01:53.893 [INFO    ] orchestrator: cleaned up old summary: signals_summary_1775197845.json
2026-04-03 12:01:53.893 [INFO    ] orchestrator: ranked 20 signals
2026-04-03 12:01:53.893 [INFO    ] orchestrator:   #8 Up score=54.87 tier=GOLDEN folds=3/3 p=1.53e-07 ev=0.0867
2026-04-03 12:01:53.893 [INFO    ] orchestrator:   #18 Up score=35.70 tier=GOLDEN folds=3/3 p=9.52e-07 ev=0.0684
2026-04-03 12:01:53.893 [INFO    ] orchestrator:   #12 Up score=33.15 tier=SILVER folds=3/3 p=2.46e-06 ev=0.0788
2026-04-03 12:01:53.893 [INFO    ] orchestrator:   #13 Down score=25.90 tier=SILVER folds=3/3 p=3.42e-06 ev=0.0646
2026-04-03 12:01:53.893 [INFO    ] orchestrator:   #15 Down score=24.17 tier=SILVER folds=3/3 p=1.07e-05 ev=0.0714
2026-04-03 12:01:53.893 [INFO    ] orchestrator: best signal: rank=8 side=Up score=54.87 tier=GOLDEN ev=0.0867
2026-04-03 12:01:53.893 [INFO    ] orchestrator: GOLDEN SIGNAL: #8 Up [280s->180s] d>=0.1% v<=0.05% (score=54.87)
2026-04-03 12:01:53.924 [INFO    ] shared.ipc: IPC: signal delivered successfully
2026-04-03 12:01:53.924 [INFO    ] orchestrator: golden signal delivered to bot
2026-04-03 12:16:53.930 [INFO    ] orchestrator: data quality check passed: 600 windows available
2026-04-03 12:16:53.930 [INFO    ] orchestrator: starting engine: C:\Users\operator\Desktop\PolySignalLab\PolySignalEngine\build\Release\PolySignalEngine.exe C:\Users\operator\Desktop\PolySignalLab\PolyDataCollector\data --output-dir C:\Users\operator\Desktop\PolySignalLab\engine_output
2026-04-03 12:17:00.674 [INFO    ] orchestrator: engine:   Summary written: C:\Users\operator\Desktop\PolySignalLab\engine_output\signals_summary_1775207820.json
2026-04-03 12:17:00.674 [INFO    ] orchestrator: engine: 
2026-04-03 12:17:00.674 [INFO    ] orchestrator: engine: ==========================================================
2026-04-03 12:17:00.674 [INFO    ] orchestrator: engine:   SUMMARY
2026-04-03 12:17:00.674 [INFO    ] orchestrator: engine: ==========================================================
2026-04-03 12:17:00.674 [INFO    ] orchestrator: engine:   Total windows:         600 (289 UP, 311 DOWN)
2026-04-03 12:17:00.674 [INFO    ] orchestrator: engine:   Walk-forward folds:    5 (3 test iterations)
2026-04-03 12:17:00.674 [INFO    ] orchestrator: engine:   OOS base rate:         50.0% UP (360 test windows total)
2026-04-03 12:17:00.674 [INFO    ] orchestrator: engine:   Viable WF-OOS signals: 56
2026-04-03 12:17:00.674 [INFO    ] orchestrator: engine: ==========================================================
2026-04-03 12:17:00.674 [INFO    ] orchestrator: engine produced: signals_summary_1775207820.json
2026-04-03 12:17:00.684 [INFO    ] orchestrator: cleaned up old summary: signals_summary_1775198752.json
2026-04-03 12:17:00.684 [INFO    ] orchestrator: ranked 20 signals
2026-04-03 12:17:00.684 [INFO    ] orchestrator:   #6 Up score=50.22 tier=SILVER folds=3/3 p=2.71e-07 ev=0.0852
2026-04-03 12:17:00.684 [INFO    ] orchestrator:   #12 Up score=44.60 tier=GOLDEN folds=3/3 p=2.83e-09 ev=0.0574
2026-04-03 12:17:00.684 [INFO    ] orchestrator:   #16 Up score=33.18 tier=GOLDEN folds=3/3 p=1.58e-06 ev=0.0660
2026-04-03 12:17:00.684 [INFO    ] orchestrator:   #8 Up score=29.01 tier=SILVER folds=3/3 p=4.52e-06 ev=0.0754
2026-04-03 12:17:00.684 [INFO    ] orchestrator:   #9 Down score=25.32 tier=SILVER folds=3/3 p=4.52e-06 ev=0.0646
2026-04-03 12:17:00.684 [INFO    ] orchestrator: best signal: rank=6 side=Up score=50.22 tier=SILVER ev=0.0852
2026-04-03 12:17:00.684 [INFO    ] orchestrator: SILVER SIGNAL: #6 Up [280s->180s] d>=0.1% v<=0.05% (score=50.22)
2026-04-03 12:17:00.700 [INFO    ] shared.ipc: IPC: signal delivered successfully
2026-04-03 12:17:00.700 [INFO    ] orchestrator: silver signal delivered to bot
2026-04-03 12:32:00.712 [INFO    ] orchestrator: data quality check passed: 600 windows available
2026-04-03 12:32:00.712 [INFO    ] orchestrator: starting engine: C:\Users\operator\Desktop\PolySignalLab\PolySignalEngine\build\Release\PolySignalEngine.exe C:\Users\operator\Desktop\PolySignalLab\PolyDataCollector\data --output-dir C:\Users\operator\Desktop\PolySignalLab\engine_output
2026-04-03 12:32:07.418 [INFO    ] orchestrator: engine:   Summary written: C:\Users\operator\Desktop\PolySignalLab\engine_output\signals_summary_1775208727.json
2026-04-03 12:32:07.418 [INFO    ] orchestrator: engine: 
2026-04-03 12:32:07.418 [INFO    ] orchestrator: engine: ==========================================================
2026-04-03 12:32:07.418 [INFO    ] orchestrator: engine:   SUMMARY
2026-04-03 12:32:07.418 [INFO    ] orchestrator: engine: ==========================================================
2026-04-03 12:32:07.418 [INFO    ] orchestrator: engine:   Total windows:         600 (288 UP, 312 DOWN)
2026-04-03 12:32:07.418 [INFO    ] orchestrator: engine:   Walk-forward folds:    5 (3 test iterations)
2026-04-03 12:32:07.418 [INFO    ] orchestrator: engine:   OOS base rate:         50.0% UP (360 test windows total)
2026-04-03 12:32:07.418 [INFO    ] orchestrator: engine:   Viable WF-OOS signals: 60
2026-04-03 12:32:07.418 [INFO    ] orchestrator: engine: ==========================================================
2026-04-03 12:32:07.418 [INFO    ] orchestrator: engine produced: signals_summary_1775208727.json
2026-04-03 12:32:07.418 [INFO    ] orchestrator: cleaned up old summary: signals_summary_1775199659.json
2026-04-03 12:32:07.418 [INFO    ] orchestrator: ranked 20 signals
2026-04-03 12:32:07.418 [INFO    ] orchestrator:   #7 Up score=48.58 tier=SILVER folds=3/3 p=2.79e-07 ev=0.0852
2026-04-03 12:32:07.418 [INFO    ] orchestrator:   #15 Up score=43.99 tier=GOLDEN folds=3/3 p=5.05e-09 ev=0.0571
2026-04-03 12:32:07.418 [INFO    ] orchestrator:   #12 Up score=29.29 tier=SILVER folds=3/3 p=4.55e-06 ev=0.0754
2026-04-03 12:32:07.418 [INFO    ] orchestrator:   #10 Down score=26.64 tier=SILVER folds=3/3 p=2.81e-06 ev=0.0628
2026-04-03 12:32:07.418 [INFO    ] orchestrator:   #1 Up score=25.50 tier=SILVER folds=2/3 p=1.02e-09 ev=0.0521
2026-04-03 12:32:07.418 [INFO    ] orchestrator: best signal: rank=7 side=Up score=48.58 tier=SILVER ev=0.0852
2026-04-03 12:32:07.418 [INFO    ] orchestrator: SILVER SIGNAL: #7 Up [280s->180s] d>=0.1% v<=0.05% (score=48.58)
2026-04-03 12:32:07.434 [INFO    ] shared.ipc: IPC: signal delivered successfully
2026-04-03 12:32:07.434 [INFO    ] orchestrator: silver signal delivered to bot
2026-04-03 12:47:07.451 [INFO    ] orchestrator: data quality check passed: 600 windows available
2026-04-03 12:47:07.451 [INFO    ] orchestrator: starting engine: C:\Users\operator\Desktop\PolySignalLab\PolySignalEngine\build\Release\PolySignalEngine.exe C:\Users\operator\Desktop\PolySignalLab\PolyDataCollector\data --output-dir C:\Users\operator\Desktop\PolySignalLab\engine_output
2026-04-03 12:47:14.144 [INFO    ] orchestrator: engine:   Summary written: C:\Users\operator\Desktop\PolySignalLab\engine_output\signals_summary_1775209634.json
2026-04-03 12:47:14.144 [INFO    ] orchestrator: engine: 
2026-04-03 12:47:14.144 [INFO    ] orchestrator: engine: ==========================================================
2026-04-03 12:47:14.144 [INFO    ] orchestrator: engine:   SUMMARY
2026-04-03 12:47:14.144 [INFO    ] orchestrator: engine: ==========================================================
2026-04-03 12:47:14.144 [INFO    ] orchestrator: engine:   Total windows:         600 (290 UP, 310 DOWN)
2026-04-03 12:47:14.144 [INFO    ] orchestrator: engine:   Walk-forward folds:    5 (3 test iterations)
2026-04-03 12:47:14.144 [INFO    ] orchestrator: engine:   OOS base rate:         50.3% UP (360 test windows total)
2026-04-03 12:47:14.144 [INFO    ] orchestrator: engine:   Viable WF-OOS signals: 62
2026-04-03 12:47:14.144 [INFO    ] orchestrator: engine: ==========================================================
2026-04-03 12:47:14.144 [INFO    ] orchestrator: engine produced: signals_summary_1775209634.json
2026-04-03 12:47:14.144 [INFO    ] orchestrator: cleaned up old summary: signals_summary_1775200565.json
2026-04-03 12:47:14.144 [INFO    ] orchestrator: ranked 20 signals
2026-04-03 12:47:14.144 [INFO    ] orchestrator:   #9 Up score=42.06 tier=SILVER folds=3/3 p=6.24e-07 ev=0.0807
2026-04-03 12:47:14.144 [INFO    ] orchestrator:   #16 Up score=39.56 tier=GOLDEN folds=3/3 p=1.02e-08 ev=0.0533
2026-04-03 12:47:14.144 [INFO    ] orchestrator:   #13 Up score=27.75 tier=SILVER folds=3/3 p=8.23e-06 ev=0.0783
2026-04-03 12:47:14.144 [INFO    ] orchestrator:   #1 Up score=24.42 tier=SILVER folds=2/3 p=3.07e-09 ev=0.0527
2026-04-03 12:47:14.144 [INFO    ] orchestrator:   #14 Down score=24.37 tier=SILVER folds=3/3 p=1.12e-05 ev=0.0723
2026-04-03 12:47:14.144 [INFO    ] orchestrator: best signal: rank=9 side=Up score=42.06 tier=SILVER ev=0.0807
2026-04-03 12:47:14.144 [INFO    ] orchestrator: SILVER SIGNAL: #9 Up [280s->180s] d>=0.1% v<=0.05% (score=42.06)
2026-04-03 12:47:14.160 [INFO    ] shared.ipc: IPC: signal delivered successfully
2026-04-03 12:47:14.160 [INFO    ] orchestrator: silver signal delivered to bot
2026-04-03 13:02:14.168 [INFO    ] orchestrator: data quality check passed: 600 windows available
2026-04-03 13:02:14.168 [INFO    ] orchestrator: starting engine: C:\Users\operator\Desktop\PolySignalLab\PolySignalEngine\build\Release\PolySignalEngine.exe C:\Users\operator\Desktop\PolySignalLab\PolyDataCollector\data --output-dir C:\Users\operator\Desktop\PolySignalLab\engine_output
2026-04-03 13:02:21.161 [INFO    ] orchestrator: engine:   Summary written: C:\Users\operator\Desktop\PolySignalLab\engine_output\signals_summary_1775210541.json
2026-04-03 13:02:21.161 [INFO    ] orchestrator: engine: 
2026-04-03 13:02:21.163 [INFO    ] orchestrator: engine: ==========================================================
2026-04-03 13:02:21.163 [INFO    ] orchestrator: engine:   SUMMARY
2026-04-03 13:02:21.163 [INFO    ] orchestrator: engine: ==========================================================
2026-04-03 13:02:21.163 [INFO    ] orchestrator: engine:   Total windows:         600 (289 UP, 311 DOWN)
2026-04-03 13:02:21.163 [INFO    ] orchestrator: engine:   Walk-forward folds:    5 (3 test iterations)
2026-04-03 13:02:21.165 [INFO    ] orchestrator: engine:   OOS base rate:         50.6% UP (360 test windows total)
2026-04-03 13:02:21.165 [INFO    ] orchestrator: engine:   Viable WF-OOS signals: 55
2026-04-03 13:02:21.165 [INFO    ] orchestrator: engine: ==========================================================
2026-04-03 13:02:21.167 [INFO    ] orchestrator: engine produced: signals_summary_1775210541.json
2026-04-03 13:02:21.167 [INFO    ] orchestrator: cleaned up old summary: signals_summary_1775201472.json
2026-04-03 13:02:21.169 [INFO    ] orchestrator: ranked 20 signals
2026-04-03 13:02:21.169 [INFO    ] orchestrator:   #8 Up score=42.31 tier=SILVER folds=3/3 p=7.44e-07 ev=0.0807
2026-04-03 13:02:21.169 [INFO    ] orchestrator:   #16 Up score=39.67 tier=GOLDEN folds=3/3 p=1.15e-08 ev=0.0533
2026-04-03 13:02:21.169 [INFO    ] orchestrator:   #11 Up score=28.33 tier=SILVER folds=3/3 p=7.71e-06 ev=0.0783
2026-04-03 13:02:21.171 [INFO    ] orchestrator:   #14 Down score=24.83 tier=SILVER folds=3/3 p=9.05e-06 ev=0.0723
2026-04-03 13:02:21.171 [INFO    ] orchestrator:   #1 Up score=24.82 tier=SILVER folds=2/3 p=2.23e-09 ev=0.0527
2026-04-03 13:02:21.171 [INFO    ] orchestrator: best signal: rank=8 side=Up score=42.31 tier=SILVER ev=0.0807
2026-04-03 13:02:21.171 [INFO    ] orchestrator: SILVER SIGNAL: #8 Up [280s->180s] d>=0.1% v<=0.05% (score=42.31)
2026-04-03 13:02:21.183 [INFO    ] shared.ipc: IPC: signal delivered successfully
2026-04-03 13:02:21.183 [INFO    ] orchestrator: silver signal delivered to bot
2026-04-03 13:17:21.204 [INFO    ] orchestrator: data quality check passed: 600 windows available
2026-04-03 13:17:21.204 [INFO    ] orchestrator: starting engine: C:\Users\operator\Desktop\PolySignalLab\PolySignalEngine\build\Release\PolySignalEngine.exe C:\Users\operator\Desktop\PolySignalLab\PolyDataCollector\data --output-dir C:\Users\operator\Desktop\PolySignalLab\engine_output
2026-04-03 13:17:28.099 [INFO    ] orchestrator: engine:   Summary written: C:\Users\operator\Desktop\PolySignalLab\engine_output\signals_summary_1775211448.json
2026-04-03 13:17:28.099 [INFO    ] orchestrator: engine: 
2026-04-03 13:17:28.099 [INFO    ] orchestrator: engine: ==========================================================
2026-04-03 13:17:28.099 [INFO    ] orchestrator: engine:   SUMMARY
2026-04-03 13:17:28.099 [INFO    ] orchestrator: engine: ==========================================================
2026-04-03 13:17:28.099 [INFO    ] orchestrator: engine:   Total windows:         600 (291 UP, 309 DOWN)
2026-04-03 13:17:28.099 [INFO    ] orchestrator: engine:   Walk-forward folds:    5 (3 test iterations)
2026-04-03 13:17:28.099 [INFO    ] orchestrator: engine:   OOS base rate:         50.8% UP (360 test windows total)
2026-04-03 13:17:28.099 [INFO    ] orchestrator: engine:   Viable WF-OOS signals: 54
2026-04-03 13:17:28.099 [INFO    ] orchestrator: engine: ==========================================================
2026-04-03 13:17:28.099 [INFO    ] orchestrator: engine produced: signals_summary_1775211448.json
2026-04-03 13:17:28.099 [INFO    ] orchestrator: cleaned up old summary: signals_summary_1775202379.json
2026-04-03 13:17:28.108 [INFO    ] orchestrator: ranked 20 signals
2026-04-03 13:17:28.108 [INFO    ] orchestrator:   #9 Up score=42.42 tier=SILVER folds=3/3 p=7.19e-07 ev=0.0807
2026-04-03 13:17:28.108 [INFO    ] orchestrator:   #18 Up score=39.53 tier=GOLDEN folds=3/3 p=1.32e-08 ev=0.0533
2026-04-03 13:17:28.108 [INFO    ] orchestrator:   #13 Up score=28.04 tier=SILVER folds=3/3 p=8.72e-06 ev=0.0783
2026-04-03 13:17:28.108 [INFO    ] orchestrator:   #15 Down score=24.91 tier=SILVER folds=3/3 p=8.72e-06 ev=0.0723
2026-04-03 13:17:28.108 [INFO    ] orchestrator:   #11 Down score=24.71 tier=SILVER folds=3/3 p=3.46e-06 ev=0.0617
2026-04-03 13:17:28.108 [INFO    ] orchestrator: best signal: rank=9 side=Up score=42.42 tier=SILVER ev=0.0807
2026-04-03 13:17:28.111 [INFO    ] orchestrator: SILVER SIGNAL: #9 Up [280s->180s] d>=0.1% v<=0.05% (score=42.42)
2026-04-03 13:17:28.119 [INFO    ] shared.ipc: IPC: signal delivered successfully
2026-04-03 13:17:28.119 [INFO    ] orchestrator: silver signal delivered to bot
