
[92mpre-flight checks passed[0m

2026-04-08 23:42:35.049 [INFO] utils.log: logging to file: /opt/polytrader/bot/data/logs/2026-04-08_23-42-35.log
[92m[1m2026-04-08 23:42:35.050 [INFO] __main__: starting polymarket bot — mode=paper[0m
2026-04-08 23:42:35.050 [INFO] __main__: data paths: bankroll=/opt/polytrader/bot/data/paper/bankroll.json journal=/opt/polytrader/bot/data/paper/journal.jsonl state=/opt/polytrader/bot/data/paper/state.json results=/opt/polytrader/bot/data/paper/results
2026-04-08 23:42:35.054 [INFO] shared.ipc: IPC server listening on 0.0.0.0:19731
2026-04-08 23:42:35.102 [INFO] __main__: gamma API: reachable
2026-04-08 23:42:35.111 [INFO] shared.volatility_tracker: vol cache loaded: prices=25 stddev=0.117% age=22.6 min
2026-04-08 23:42:35.112 [INFO] shared.chop_detector: chop cache loaded: windows=6 avg_flips=3.7 age=22.6 min
2026-04-08 23:42:35.113 [INFO] shared.outcome_tracker: outcome cache loaded: windows=6 recent=2U/4D over 6w age=22.6 min
2026-04-08 23:42:35.233 [INFO] utils.reconnect: rtds connected to wss://ws-live-data.polymarket.com
2026-04-08 23:42:35.234 [INFO] market_data.rtds_ws: RTDS subscribed to chainlink
2026-04-08 23:42:35.977 [INFO] utils.reconnect: binance connected to wss://stream.binance.com:9443/stream?streams=btcusdt@trade/btcusdt@depth5@100ms
2026-04-08 23:42:36.615 [INFO] __main__: price feeds live: binance=71072.91 chainlink=71075.38 — waiting for depth stream
[92m[1m2026-04-08 23:42:36.615 [INFO] __main__: all feeds live: binance=71072.91 chainlink=71075.38 obi=-0.6203[0m
2026-04-08 23:42:36.615 [INFO] __main__: no signal file provided -- waiting for orchestrator to deliver first signal...
[93m2026-04-08 23:45:00.114 [INFO] __main__: warmup complete, waiting for signal from orchestrator (vol=24 prices, chop=6 windows, 30 min credited)[0m
[93m2026-04-08 23:50:00.167 [INFO] __main__: warmup complete, waiting for signal from orchestrator (vol=24 prices, chop=6 windows, 30 min credited)[0m
[93m2026-04-08 23:55:00.211 [INFO] __main__: warmup complete, waiting for signal from orchestrator (vol=24 prices, chop=6 windows, 30 min credited)[0m
[93m2026-04-09 00:00:00.047 [INFO] __main__: warmup complete, waiting for signal from orchestrator (vol=24 prices, chop=6 windows, 30 min credited)[0m
[93m2026-04-09 00:05:00.130 [INFO] __main__: warmup complete, waiting for signal from orchestrator (vol=24 prices, chop=6 windows, 30 min credited)[0m
2026-04-09 00:06:32.662 [INFO] shared.ipc: IPC: received authenticated signal_update (summary=signals_summary_1775693192.json)
2026-04-09 00:06:32.662 [INFO] __main__: received new signal from orchestrator: rank=1 side=Down
2026-04-09 00:06:32.703 [INFO] __main__: first signal received from orchestrator: rank=1 side=down signal_id=down_270.0_190.0_0.07_0.05
2026-04-09 00:06:32.703 [INFO] __main__: SIGNAL_SWAP_ACTIVE: {"rank":1,"side":"down","observeFromS":270.0,"observeToS":190.0,"minDeltaPct":0.07,"maxVariancePct":0.05,"trainWinRatePct":88.33,"oosWinRatePct":96.55,"oosBhAdjustedPValue":7.31822e-10,"oosMatches":29,"avgEntryPrice":0.8659,"evPerTrade":0.0697,"smartScore":12.38,"wfFoldsAppeared":3,"wfTotalTestFolds":6,"wfFoldIndices":[2,5,7]}
[93m2026-04-09 00:06:32.704 [WARNING] risk.position_tracker: STATE SIGNAL MISMATCH: saved signal_id=down_260.0_170.0_0.07_0.05 but current=down_270.0_190.0_0.07_0.05 — state may be stale, resetting totals[0m
[92m2026-04-09 00:06:32.705 [INFO] __main__: paper trading mode — orders will be simulated (balance=$1000.00)[0m
2026-04-09 00:06:32.706 [INFO] strategy.kelly: Loaded bankroll from /opt/polytrader/bot/data/paper/bankroll.json: $925.41
[93m2026-04-09 00:06:32.706 [INFO] strategy.regime: warmup credit: vol=24_prices chop=6_windows — crediting 30 min toward warmup (0 min remaining)[0m
[96m[1m2026-04-09 00:06:32.706 [INFO] strategy.window_tracker: new window: btc-updown-5m-1775693100 (ts=1775693100)[0m
2026-04-09 00:06:32.783 [INFO] utils.reconnect: clob-market connected to wss://ws-subscriptions-clob.polymarket.com/ws/market
2026-04-09 00:06:32.784 [INFO] market_data.clob_market_ws: CLOB market subscribed for tokens up=445226715416 down=898726373304
[96m2026-04-09 00:06:32.790 [INFO] strategy.window_handler: REGIME vol_stddev=0.108% chop_flips=6.0 outcome=2U/4D over 6w sprt=dormant llr=0.00 age=0w bankroll=$925.41[0m
[96m2026-04-09 00:06:32.790 [INFO] strategy.window_handler: KELLY wr_adj=88.4% base=96.5% total_disc=5.1% vol=3.9% chop=42.9% outcome=0.0% feedback=+0.0%[0m
[96m2026-04-09 00:06:32.791 [INFO] __main__: window open price captured: 71120.06 (chainlink)[0m
[2m2026-04-09 00:06:33.042 [INFO] __main__: STATUS t=207s delta=-0.0063% dir=down agree=True chain=71115.60 bin=71114.98 open=71120.06 obi=-0.9970 ask_up=0.88 ask_dn=0.13 bid_up=0.87 bid_dn=0.12 halted=False[0m
[37m2026-04-09 00:06:50.091 [INFO] strategy.momentum_signal: [SKIP] rank=1 side=down reason=conditions_not_met latest_pct=0.0137 need=<=-0.07 stddev=0.0114 max_var=0.050[0m
[2m2026-04-09 00:07:03.132 [INFO] __main__: STATUS t=177s delta=0.0093% dir=up agree=False chain=71126.69 bin=71116.58 open=71120.06 obi=-0.9858 ask_up=0.90 ask_dn=0.11 bid_up=0.89 bid_dn=0.10 halted=False[0m
[2m2026-04-09 00:07:33.227 [INFO] __main__: STATUS t=147s delta=-0.0451% dir=down agree=True chain=71087.99 bin=71080.23 open=71120.06 obi=-0.5722 ask_up=0.81 ask_dn=0.20 bid_up=0.80 bid_dn=0.19 halted=False[0m
[2m2026-04-09 00:08:03.325 [INFO] __main__: STATUS t=117s delta=-0.0852% dir=down agree=True chain=71059.46 bin=71056.00 open=71120.06 obi=0.7645 ask_up=0.72 ask_dn=0.29 bid_up=0.71 bid_dn=0.28 halted=False[0m
[2m2026-04-09 00:08:33.421 [INFO] __main__: STATUS t=87s delta=-0.0773% dir=down agree=True chain=71065.10 bin=71061.83 open=71120.06 obi=0.3664 ask_up=0.77 ask_dn=0.24 bid_up=0.76 bid_dn=0.23 halted=False[0m
[2m2026-04-09 00:09:03.531 [INFO] __main__: STATUS t=56s delta=-0.0737% dir=down agree=True chain=71067.67 bin=71062.77 open=71120.06 obi=-0.1030 ask_up=0.81 ask_dn=0.20 bid_up=0.80 bid_dn=0.19 halted=False[0m
[2m2026-04-09 00:09:33.618 [INFO] __main__: STATUS t=26s delta=-0.0736% dir=down agree=True chain=71067.74 bin=71065.80 open=71120.06 obi=-0.1989 ask_up=0.90 ask_dn=0.11 bid_up=0.89 bid_dn=0.10 halted=False[0m
[37m2026-04-09 00:10:00.202 [INFO] execution.paper_trading: paper window_ts=1775693100 [SKIP] pnl=0.0000 direction=down outcome=down - balance=$1000.00 bid_up=0.95 ask_up=0.97 bid_dn=0.03 ask_dn=0.05[0m
[93m[1m2026-04-09 00:10:00.202 [INFO] risk.position_tracker: WINDOW_SUMMARY window_pnl=$0.0000 session_pnl=$0.0000 won=$0.0000 lost=$0.0000 wr=0.0% (0/0) consec_losses=0[0m
[96m2026-04-09 00:10:00.204 [INFO] strategy.window_handler: REGIME chop_detected flips=3 delta_range=0.2526% avg_flips=5.0 over=6_windows[0m
[37m2026-04-09 00:10:00.209 [INFO] strategy.window_handler: WINDOW_DECISION [SKIP] rank=1 side=down pnl=$0.0000 entry=0.00 size=$0.00 (conditions not met)[0m
[96m[1m2026-04-09 00:10:00.209 [INFO] strategy.window_tracker: new window: btc-updown-5m-1775693400 (ts=1775693400)[0m
[96m2026-04-09 00:10:00.260 [INFO] strategy.window_handler: REGIME vol_stddev=0.107% chop_flips=5.0 outcome=2U/4D over 6w sprt=dormant llr=0.00 age=1w bankroll=$925.41[0m
[96m2026-04-09 00:10:00.260 [INFO] strategy.window_handler: KELLY wr_adj=90.1% base=96.5% total_disc=3.4% vol=3.6% chop=28.6% outcome=0.0% feedback=+0.0%[0m
[96m2026-04-09 00:10:00.261 [INFO] __main__: window open price captured: 71046.50 (chainlink)[0m
2026-04-09 00:10:00.928 [INFO] market_data.clob_market_ws: CLOB market subscribed for tokens up=957409525613 down=638304324247
[2m2026-04-09 00:10:03.783 [INFO] __main__: STATUS t=296s delta=-0.0100% dir=down agree=True chain=71039.37 bin=71034.18 open=71046.50 obi=-0.4718 ask_up=0.46 ask_dn=0.55 bid_up=0.45 bid_dn=0.54 halted=False[0m
[2m2026-04-09 00:10:33.887 [INFO] __main__: STATUS t=266s delta=-0.0224% dir=down agree=True chain=71030.56 bin=71020.22 open=71046.50 obi=0.8260 ask_up=0.41 ask_dn=0.60 bid_up=0.40 bid_dn=0.59 halted=False[0m
[2m2026-04-09 00:11:03.982 [INFO] __main__: STATUS t=236s delta=-0.0238% dir=down agree=True chain=71029.62 bin=71028.90 open=71046.50 obi=-0.9959 ask_up=0.38 ask_dn=0.63 bid_up=0.37 bid_dn=0.62 halted=False[0m
[2m2026-04-09 00:11:34.077 [INFO] __main__: STATUS t=206s delta=-0.0100% dir=down agree=True chain=71039.41 bin=71035.29 open=71046.50 obi=-0.1377 ask_up=0.48 ask_dn=0.53 bid_up=0.47 bid_dn=0.52 halted=False[0m
[37m2026-04-09 00:11:50.125 [INFO] strategy.momentum_signal: [SKIP] rank=1 side=down reason=conditions_not_met latest_pct=-0.0158 need=<=-0.07 stddev=0.0060 max_var=0.050[0m
[2m2026-04-09 00:12:04.170 [INFO] __main__: STATUS t=176s delta=-0.0014% dir=down agree=True chain=71045.52 bin=71040.00 open=71046.50 obi=-0.0516 ask_up=0.52 ask_dn=0.49 bid_up=0.51 bid_dn=0.48 halted=False[0m
[2m2026-04-09 00:12:34.268 [INFO] __main__: STATUS t=146s delta=-0.0007% dir=down agree=True chain=71046.00 bin=71040.00 open=71046.50 obi=-0.6018 ask_up=0.53 ask_dn=0.48 bid_up=0.52 bid_dn=0.47 halted=False[0m
[2m2026-04-09 00:13:04.362 [INFO] __main__: STATUS t=116s delta=-0.0383% dir=down agree=True chain=71019.29 bin=71008.46 open=71046.50 obi=-0.9716 ask_up=0.22 ask_dn=0.81 bid_up=0.19 bid_dn=0.78 halted=False[0m
[2m2026-04-09 00:13:34.458 [INFO] __main__: STATUS t=86s delta=-0.0620% dir=down agree=True chain=71002.47 bin=71000.00 open=71046.50 obi=-0.4456 ask_up=0.11 ask_dn=0.90 bid_up=0.10 bid_dn=0.89 halted=False[0m
[2m2026-04-09 00:14:04.572 [INFO] __main__: STATUS t=55s delta=-0.0180% dir=down agree=True chain=71033.71 bin=71028.66 open=71046.50 obi=0.3153 ask_up=0.38 ask_dn=0.63 bid_up=0.37 bid_dn=0.62 halted=False[0m
[2m2026-04-09 00:14:34.663 [INFO] __main__: STATUS t=25s delta=-0.0554% dir=down agree=True chain=71007.11 bin=71006.43 open=71046.50 obi=-0.5003 ask_up=0.13 ask_dn=0.88 bid_up=0.12 bid_dn=0.87 halted=False[0m
[37m2026-04-09 00:15:00.240 [INFO] execution.paper_trading: paper window_ts=1775693400 [SKIP] pnl=0.0000 direction=down outcome=down - balance=$1000.00 bid_up=0.01 ask_up=0.01 bid_dn=0.99 ask_dn=1.00[0m
[93m[1m2026-04-09 00:15:00.240 [INFO] risk.position_tracker: WINDOW_SUMMARY window_pnl=$0.0000 session_pnl=$0.0000 won=$0.0000 lost=$0.0000 wr=0.0% (0/0) consec_losses=0[0m
[96m2026-04-09 00:15:00.242 [INFO] strategy.window_handler: REGIME chop_detected flips=6 delta_range=0.0714% avg_flips=4.7 over=6_windows[0m
[37m2026-04-09 00:15:00.245 [INFO] strategy.window_handler: WINDOW_DECISION [SKIP] rank=1 side=down pnl=$0.0000 entry=0.00 size=$0.00 (conditions not met)[0m
[96m[1m2026-04-09 00:15:00.246 [INFO] strategy.window_tracker: new window: btc-updown-5m-1775693700 (ts=1775693700)[0m
[96m2026-04-09 00:15:00.292 [INFO] strategy.window_handler: REGIME vol_stddev=0.107% chop_flips=4.7 outcome=1U/5D over 6w sprt=dormant llr=0.00 age=2w bankroll=$925.41[0m
[96m2026-04-09 00:15:00.292 [INFO] strategy.window_handler: KELLY wr_adj=90.7% base=96.5% total_disc=2.9% vol=3.7% chop=23.8% outcome=0.0% feedback=+0.0%[0m
[96m2026-04-09 00:15:00.292 [INFO] __main__: window open price captured: 71004.96 (chainlink)[0m
2026-04-09 00:15:01.149 [INFO] market_data.clob_market_ws: CLOB market subscribed for tokens up=812842799761 down=714747999195
[2m2026-04-09 00:15:04.818 [INFO] __main__: STATUS t=295s delta=0.0069% dir=up agree=True chain=71009.83 bin=71007.75 open=71004.96 obi=0.4581 ask_up=0.50 ask_dn=0.51 bid_up=0.49 bid_dn=0.50 halted=False[0m
[2m2026-04-09 00:15:34.912 [INFO] __main__: STATUS t=265s delta=-0.0189% dir=down agree=True chain=70991.54 bin=70981.76 open=71004.96 obi=0.6928 ask_up=0.39 ask_dn=0.62 bid_up=0.38 bid_dn=0.61 halted=False[0m
[2m2026-04-09 00:16:05.008 [INFO] __main__: STATUS t=235s delta=-0.0412% dir=down agree=True chain=70975.73 bin=70962.69 open=71004.96 obi=-0.7220 ask_up=0.31 ask_dn=0.70 bid_up=0.30 bid_dn=0.69 halted=False[0m
[2m2026-04-09 00:16:35.098 [INFO] __main__: STATUS t=205s delta=-0.0180% dir=down agree=True chain=70992.15 bin=70995.14 open=71004.96 obi=0.9891 ask_up=0.48 ask_dn=0.53 bid_up=0.47 bid_dn=0.52 halted=False[0m
[37m2026-04-09 00:16:50.146 [INFO] strategy.momentum_signal: [SKIP] rank=1 side=down reason=conditions_not_met latest_pct=-0.0144 need=<=-0.07 stddev=0.0187 max_var=0.050[0m
[2m2026-04-09 00:17:05.196 [INFO] __main__: STATUS t=175s delta=-0.0227% dir=down agree=True chain=70988.81 bin=70976.64 open=71004.96 obi=0.4357 ask_up=0.35 ask_dn=0.66 bid_up=0.34 bid_dn=0.65 halted=False[0m
[2m2026-04-09 00:17:35.282 [INFO] __main__: STATUS t=145s delta=-0.0019% dir=down agree=True chain=71003.59 bin=70995.63 open=71004.96 obi=0.4472 ask_up=0.51 ask_dn=0.50 bid_up=0.50 bid_dn=0.49 halted=False[0m
[2m2026-04-09 00:18:05.376 [INFO] __main__: STATUS t=115s delta=0.0124% dir=up agree=True chain=71013.74 bin=71007.76 open=71004.96 obi=0.9419 ask_up=0.63 ask_dn=0.38 bid_up=0.62 bid_dn=0.37 halted=False[0m
[2m2026-04-09 00:18:35.466 [INFO] __main__: STATUS t=85s delta=-0.0339% dir=down agree=True chain=70980.91 bin=70976.64 open=71004.96 obi=-0.3692 ask_up=0.29 ask_dn=0.72 bid_up=0.28 bid_dn=0.71 halted=False[0m
[2m2026-04-09 00:19:05.569 [INFO] __main__: STATUS t=54s delta=-0.1122% dir=down agree=True chain=70925.27 bin=70925.00 open=71004.96 obi=-0.8988 ask_up=0.02 ask_dn=0.99 bid_up=0.01 bid_dn=0.98 halted=False[0m
[2m2026-04-09 00:19:35.665 [INFO] __main__: STATUS t=24s delta=-0.1088% dir=down agree=True chain=70927.69 bin=70938.54 open=71004.96 obi=0.7210 ask_up=0.01 ask_dn=1.00 bid_up=0.01 bid_dn=0.99 halted=False[0m
[37m2026-04-09 00:20:00.243 [INFO] execution.paper_trading: paper window_ts=1775693700 [SKIP] pnl=0.0000 direction=down outcome=down - balance=$1000.00 bid_up=0.01 ask_up=0.01 bid_dn=0.99 ask_dn=1.00[0m
[93m[1m2026-04-09 00:20:00.243 [INFO] risk.position_tracker: WINDOW_SUMMARY window_pnl=$0.0000 session_pnl=$0.0000 won=$0.0000 lost=$0.0000 wr=0.0% (0/0) consec_losses=0[0m
[96m2026-04-09 00:20:00.245 [INFO] strategy.window_handler: REGIME chop_detected flips=9 delta_range=0.1432% avg_flips=5.2 over=6_windows[0m
[37m2026-04-09 00:20:00.250 [INFO] strategy.window_handler: WINDOW_DECISION [SKIP] rank=1 side=down pnl=$0.0000 entry=0.00 size=$0.00 (conditions not met)[0m
[96m[1m2026-04-09 00:20:00.250 [INFO] strategy.window_tracker: new window: btc-updown-5m-1775694000 (ts=1775694000)[0m
[96m2026-04-09 00:20:00.312 [INFO] strategy.window_handler: REGIME vol_stddev=0.108% chop_flips=5.2 outcome=0U/6D over 6w sprt=dormant llr=0.00 age=3w bankroll=$925.41[0m
[96m2026-04-09 00:20:00.312 [INFO] strategy.window_handler: KELLY wr_adj=89.8% base=96.5% total_disc=3.7% vol=3.9% chop=31.0% outcome=0.0% feedback=+0.0%[0m
[96m2026-04-09 00:20:00.312 [INFO] __main__: window open price captured: 70944.13 (chainlink)[0m
2026-04-09 00:20:00.368 [INFO] market_data.clob_market_ws: CLOB market subscribed for tokens up=531364373870 down=114467984927
[2m2026-04-09 00:20:05.831 [INFO] __main__: STATUS t=294s delta=-0.0151% dir=down agree=True chain=70933.44 bin=70929.27 open=70944.13 obi=0.8264 ask_up=0.42 ask_dn=0.60 bid_up=0.40 bid_dn=0.58 halted=False[0m
[2m2026-04-09 00:20:35.916 [INFO] __main__: STATUS t=264s delta=-0.0401% dir=down agree=True chain=70915.66 bin=70910.00 open=70944.13 obi=0.0602 ask_up=0.30 ask_dn=0.71 bid_up=0.29 bid_dn=0.70 halted=False[0m
[2m2026-04-09 00:21:06.004 [INFO] __main__: STATUS t=234s delta=0.0275% dir=up agree=True chain=70963.65 bin=70957.93 open=70944.13 obi=-0.2331 ask_up=0.58 ask_dn=0.43 bid_up=0.57 bid_dn=0.42 halted=False[0m
[2m2026-04-09 00:21:36.093 [INFO] __main__: STATUS t=204s delta=-0.0172% dir=down agree=True chain=70931.90 bin=70918.05 open=70944.13 obi=-0.8623 ask_up=0.33 ask_dn=0.68 bid_up=0.32 bid_dn=0.67 halted=False[0m
2026-04-09 00:21:47.727 [INFO] shared.ipc: IPC: received authenticated signal_update (summary=signals_summary_1775694107.json)
2026-04-09 00:21:47.728 [INFO] __main__: received new signal from orchestrator: rank=1 side=Down
[96m2026-04-09 00:21:50.137 [INFO] strategy.momentum_signal: KELLY sizing: p_adj=0.898 base=0.935 total_disc=0.037 vol=0.039 chop=0.310 outcome=0.000 feedback=+0.000[0m
[96m2026-04-09 00:21:50.137 [INFO] strategy.momentum_signal: KELLY bet: entry=0.85 raw_f=0.322 frac_f=0.081 bankroll=$925.41 kelly_bet=$23.14 sprt=1.00 final=$23.14[0m
[92m[1m2026-04-09 00:21:50.137 [INFO] strategy.momentum_signal: FIRED rank=1 side=down t=189.9s dir=-0.0866% stddev=0.0347% n=319 oos_wr=96.5% bh_p=7.32e-10 avg_entry=0.87 ask=0.85 size=$23.14[0m
2026-04-09 00:21:50.138 [INFO] execution.paper_trading: paper momentum1 maker: id=paper-1 price=0.84 size=27.5476 [resting]
2026-04-09 00:21:50.138 [INFO] strategy.momentum_signal: MAKER PLACED rank=1 side=down price=0.84 (ask=0.85 -1tick) size=$23.14 timeout=20s
[92m[1m2026-04-09 00:21:52.646 [INFO] execution.paper_trading: paper momentum1 maker fill: id=paper-1 price=0.84[0m
2026-04-09 00:21:52.647 [INFO] strategy.momentum_signal: MAKER FILLED rank=1 side=down price=0.84 size=$23.14
[2m2026-04-09 00:22:06.185 [INFO] __main__: STATUS t=174s delta=-0.0340% dir=down agree=True chain=70920.02 bin=70908.03 open=70944.13 obi=-0.5440 ask_up=0.31 ask_dn=0.70 bid_up=0.30 bid_dn=0.69 halted=False[0m
[2m2026-04-09 00:22:36.275 [INFO] __main__: STATUS t=144s delta=-0.0307% dir=down agree=True chain=70922.35 bin=70913.03 open=70944.13 obi=-0.2996 ask_up=0.34 ask_dn=0.67 bid_up=0.33 bid_dn=0.66 halted=False[0m
[2m2026-04-09 00:23:06.366 [INFO] __main__: STATUS t=114s delta=0.0459% dir=up agree=True chain=70976.67 bin=70967.83 open=70944.13 obi=0.3485 ask_up=0.75 ask_dn=0.26 bid_up=0.74 bid_dn=0.25 halted=False[0m
[2m2026-04-09 00:23:36.464 [INFO] __main__: STATUS t=84s delta=0.0518% dir=up agree=True chain=70980.90 bin=70975.99 open=70944.13 obi=-0.8687 ask_up=0.72 ask_dn=0.31 bid_up=0.69 bid_dn=0.28 halted=False[0m
[2m2026-04-09 00:24:06.560 [INFO] __main__: STATUS t=53s delta=0.0520% dir=up agree=True chain=70981.00 bin=70976.00 open=70944.13 obi=-0.8595 ask_up=0.77 ask_dn=0.24 bid_up=0.76 bid_dn=0.23 halted=False[0m
[2m2026-04-09 00:24:36.661 [INFO] __main__: STATUS t=23s delta=0.0173% dir=up agree=True chain=70956.42 bin=70948.76 open=70944.13 obi=-0.3785 ask_up=0.61 ask_dn=0.40 bid_up=0.60 bid_dn=0.39 halted=False[0m
[91m[1m2026-04-09 00:25:00.229 [INFO] execution.paper_trading: paper window_ts=1775694000 [LOSS] pnl=-23.1400 direction=up outcome=up rule#1(fill) balance=$976.86 bid_up=0.68 ask_up=0.69 bid_dn=0.31 ask_dn=0.32[0m
[93m[1m2026-04-09 00:25:00.229 [INFO] risk.position_tracker: WINDOW_SUMMARY window_pnl=$-23.1400 session_pnl=$-23.1400 won=$0.0000 lost=$23.1400 wr=0.0% (0/1) consec_losses=1[0m
[96m2026-04-09 00:25:00.232 [INFO] strategy.window_handler: REGIME chop_detected flips=6 delta_range=0.1403% avg_flips=5.0 over=6_windows[0m
[91m[1m2026-04-09 00:25:00.236 [INFO] strategy.window_handler: WINDOW_DECISION [LOSS] rank=1 side=down pnl=$-23.1400 entry=0.84 size=$23.14[0m
2026-04-09 00:25:00.237 [INFO] strategy.window_handler: Signal changed: down_270.0_190.0_0.07_0.05 -> down_280.0_160.0_0.07_0.05 (age was 4 windows)
2026-04-09 00:25:00.237 [INFO] strategy.window_handler: SIGNAL_SWAP_ACTIVE: {"rank":1,"side":"down","observeFromS":280.0,"observeToS":160.0,"minDeltaPct":0.07,"maxVariancePct":0.05,"trainWinRatePct":83.61,"oosWinRatePct":96.77,"oosBhAdjustedPValue":9.81625e-06,"oosMatches":31,"avgEntryPrice":0.8729,"evPerTrade":0.0648,"smartScore":11.59,"wfFoldsAppeared":3,"wfTotalTestFolds":6,"wfFoldIndices":[3,4,7]}
2026-04-09 00:25:00.237 [INFO] strategy.window_handler: switched to new signal: #1 down (previous: #1 down)
[96m[1m2026-04-09 00:25:00.238 [INFO] strategy.window_tracker: new window: btc-updown-5m-1775694300 (ts=1775694300)[0m
[96m2026-04-09 00:25:00.292 [INFO] strategy.window_handler: REGIME vol_stddev=0.105% chop_flips=5.0 outcome=1U/5D over 6w sprt=dormant llr=0.00 age=0w bankroll=$902.18[0m
[96m2026-04-09 00:25:00.292 [INFO] strategy.window_handler: KELLY wr_adj=90.3% base=96.8% total_disc=3.4% vol=2.6% chop=28.6% outcome=0.0% feedback=+0.0%[0m
[96m2026-04-09 00:25:00.292 [INFO] __main__: window open price captured: 70951.08 (chainlink)[0m
2026-04-09 00:25:00.574 [INFO] market_data.clob_market_ws: CLOB market subscribed for tokens up=844215197707 down=115143471621
[2m2026-04-09 00:25:06.819 [INFO] __main__: STATUS t=293s delta=-0.0033% dir=down agree=True chain=70948.76 bin=70943.52 open=70951.08 obi=-0.9193 ask_up=0.51 ask_dn=0.50 bid_up=0.50 bid_dn=0.49 halted=False[0m
[2m2026-04-09 00:25:36.913 [INFO] __main__: STATUS t=263s delta=-0.0085% dir=down agree=True chain=70945.03 bin=70940.53 open=70951.08 obi=-0.5345 ask_up=0.50 ask_dn=0.51 bid_up=0.49 bid_dn=0.50 halted=False[0m
[93m2026-04-09 00:25:50.196 [WARNING] utils.reconnect: rtds disconnected: received 1012 (service restart) Service restarting; then sent 1012 (service restart) Service restarting — reconnecting in 0.8s[0m
2026-04-09 00:25:51.143 [INFO] utils.reconnect: rtds connected to wss://ws-live-data.polymarket.com
2026-04-09 00:25:51.144 [INFO] market_data.rtds_ws: RTDS subscribed to chainlink
[2m2026-04-09 00:26:07.012 [INFO] __main__: STATUS t=233s delta=-0.0115% dir=down agree=True chain=70942.89 bin=70923.60 open=70951.08 obi=-0.6603 ask_up=0.38 ask_dn=0.63 bid_up=0.37 bid_dn=0.62 halted=False[0m
[2m2026-04-09 00:26:37.103 [INFO] __main__: STATUS t=203s delta=0.0231% dir=up agree=True chain=70967.45 bin=70959.27 open=70951.08 obi=0.7020 ask_up=0.58 ask_dn=0.43 bid_up=0.57 bid_dn=0.42 halted=False[0m
[2m2026-04-09 00:27:07.199 [INFO] __main__: STATUS t=173s delta=0.0522% dir=up agree=True chain=70988.13 bin=70983.08 open=70951.08 obi=0.5020 ask_up=0.75 ask_dn=0.26 bid_up=0.74 bid_dn=0.25 halted=False[0m
[37m2026-04-09 00:27:20.241 [INFO] strategy.momentum_signal: [SKIP] rank=1 side=down reason=conditions_not_met latest_pct=0.0689 need=<=-0.07 stddev=0.0320 max_var=0.050[0m
[2m2026-04-09 00:27:37.298 [INFO] __main__: STATUS t=143s delta=0.0824% dir=up agree=True chain=71009.54 bin=70999.99 open=70951.08 obi=0.1370 ask_up=0.91 ask_dn=0.10 bid_up=0.90 bid_dn=0.09 halted=False[0m
[2m2026-04-09 00:28:07.398 [INFO] __main__: STATUS t=113s delta=0.0712% dir=up agree=True chain=71001.63 bin=70990.01 open=70951.08 obi=-0.6387 ask_up=0.86 ask_dn=0.15 bid_up=0.85 bid_dn=0.14 halted=False[0m
[2m2026-04-09 00:28:37.488 [INFO] __main__: STATUS t=83s delta=0.0461% dir=up agree=True chain=70983.82 bin=70972.02 open=70951.08 obi=-0.9967 ask_up=0.80 ask_dn=0.29 bid_up=0.71 bid_dn=0.20 halted=False[0m
[2m2026-04-09 00:29:07.580 [INFO] __main__: STATUS t=52s delta=0.0439% dir=up agree=True chain=70982.21 bin=70975.50 open=70951.08 obi=0.8398 ask_up=0.87 ask_dn=0.14 bid_up=0.86 bid_dn=0.13 halted=False[0m
[2m2026-04-09 00:29:37.671 [INFO] __main__: STATUS t=22s delta=0.0204% dir=up agree=True chain=70965.57 bin=70955.45 open=70951.08 obi=-0.6792 ask_up=0.74 ask_dn=0.27 bid_up=0.73 bid_dn=0.26 halted=False[0m
[37m2026-04-09 00:30:00.231 [INFO] execution.paper_trading: paper window_ts=1775694300 [SKIP] pnl=0.0000 direction=down outcome=down - balance=$976.86 bid_up=0.01 ask_up=0.01 bid_dn=0.99 ask_dn=1.00[0m
[93m[1m2026-04-09 00:30:00.231 [INFO] risk.position_tracker: WINDOW_SUMMARY window_pnl=$0.0000 session_pnl=$-23.1400 won=$0.0000 lost=$23.1400 wr=0.0% (0/1) consec_losses=1[0m
[96m2026-04-09 00:30:00.233 [INFO] strategy.window_handler: REGIME chop_detected flips=4 delta_range=0.1262% avg_flips=4.8 over=6_windows[0m
[37m2026-04-09 00:30:00.237 [INFO] strategy.window_handler: WINDOW_DECISION [SKIP] rank=1 side=down pnl=$0.0000 entry=0.00 size=$0.00 (conditions not met)[0m
[96m[1m2026-04-09 00:30:00.237 [INFO] strategy.window_tracker: new window: btc-updown-5m-1775694600 (ts=1775694600)[0m
[96m2026-04-09 00:30:00.284 [INFO] strategy.window_handler: REGIME vol_stddev=0.102% chop_flips=4.8 outcome=1U/5D over 6w sprt=dormant llr=0.00 age=1w bankroll=$902.18[0m
[96m2026-04-09 00:30:00.284 [INFO] strategy.window_handler: KELLY wr_adj=90.6% base=96.8% total_disc=3.1% vol=1.2% chop=26.2% outcome=0.0% feedback=+0.0%[0m
[96m2026-04-09 00:30:00.284 [INFO] __main__: window open price captured: 70932.62 (chainlink)[0m
2026-04-09 00:30:00.792 [INFO] market_data.clob_market_ws: CLOB market subscribed for tokens up=678279157136 down=352786826739
[2m2026-04-09 00:30:07.811 [INFO] __main__: STATUS t=292s delta=-0.0024% dir=down agree=True chain=70930.89 bin=70929.98 open=70932.62 obi=-0.9827 ask_up=0.51 ask_dn=0.50 bid_up=0.50 bid_dn=0.49 halted=False[0m
[2m2026-04-09 00:30:37.898 [INFO] __main__: STATUS t=262s delta=-0.0925% dir=down agree=True chain=70867.01 bin=70816.00 open=70932.62 obi=-0.1842 ask_up=0.99 ask_dn=0.99 bid_up=0.01 bid_dn=0.01 halted=False[0m
[2m2026-04-09 00:31:07.991 [INFO] __main__: STATUS t=232s delta=-0.0835% dir=down agree=True chain=70873.41 bin=70867.01 open=70932.62 obi=0.4278 ask_up=0.23 ask_dn=0.78 bid_up=0.22 bid_dn=0.77 halted=False[0m
[2m2026-04-09 00:31:38.077 [INFO] __main__: STATUS t=202s delta=-0.0861% dir=down agree=True chain=70871.53 bin=70881.57 open=70932.62 obi=0.8189 ask_up=0.29 ask_dn=0.72 bid_up=0.28 bid_dn=0.71 halted=False[0m
[2m2026-04-09 00:32:08.175 [INFO] __main__: STATUS t=172s delta=-0.0393% dir=down agree=True chain=70904.73 bin=70881.58 open=70932.62 obi=-0.5055 ask_up=0.35 ask_dn=0.66 bid_up=0.34 bid_dn=0.65 halted=False[0m
[96m2026-04-09 00:32:20.210 [INFO] strategy.momentum_signal: KELLY sizing: p_adj=0.906 base=0.938 total_disc=0.031 vol=0.012 chop=0.262 outcome=0.000 feedback=+0.000[0m
[96m2026-04-09 00:32:20.210 [INFO] strategy.momentum_signal: KELLY bet: entry=0.75 raw_f=0.625 frac_f=0.156 bankroll=$902.18 kelly_bet=$22.55 sprt=1.00 final=$22.55[0m
[92m[1m2026-04-09 00:32:20.210 [INFO] strategy.momentum_signal: FIRED rank=1 side=down t=159.8s dir=-0.0720% stddev=0.0380% n=479 oos_wr=96.8% bh_p=9.82e-06 avg_entry=0.87 ask=0.75 size=$22.55[0m
2026-04-09 00:32:20.210 [INFO] execution.paper_trading: paper momentum1 maker: id=paper-2 price=0.74 size=30.4730 [resting]
2026-04-09 00:32:20.211 [INFO] strategy.momentum_signal: MAKER PLACED rank=1 side=down price=0.74 (ask=0.75 -1tick) size=$22.55 timeout=20s
[2m2026-04-09 00:32:38.269 [INFO] __main__: STATUS t=142s delta=-0.0643% dir=down agree=True chain=70887.04 bin=70870.70 open=70932.62 obi=-0.1320 ask_up=0.22 ask_dn=0.83 bid_up=0.17 bid_dn=0.78 halted=False[0m
2026-04-09 00:32:40.275 [INFO] execution.paper_trading: paper cancel: paper-2 (maker escalation)
2026-04-09 00:32:40.275 [INFO] execution.paper_trading: paper momentum1 taker: id=paper-3 price=0.82 size=27.5000 [filled]
2026-04-09 00:32:40.276 [INFO] strategy.momentum_signal: TAKER ESCALATION rank=1 side=down maker_price=0.74 taker_price=0.82 elapsed=20.1s size=$22.55
[2m2026-04-09 00:33:08.364 [INFO] __main__: STATUS t=112s delta=-0.1201% dir=down agree=True chain=70847.43 bin=70839.68 open=70932.62 obi=-0.0060 ask_up=0.06 ask_dn=0.95 bid_up=0.05 bid_dn=0.94 halted=False[0m
[2m2026-04-09 00:33:38.462 [INFO] __main__: STATUS t=82s delta=-0.1198% dir=down agree=True chain=70847.67 bin=70842.00 open=70932.62 obi=-0.9964 ask_up=0.06 ask_dn=0.95 bid_up=0.05 bid_dn=0.94 halted=False[0m
[2m2026-04-09 00:34:08.560 [INFO] __main__: STATUS t=51s delta=-0.1747% dir=down agree=True chain=70808.71 bin=70807.00 open=70932.62 obi=-0.9993 ask_up=0.01 ask_dn=1.00 bid_up=0.01 bid_dn=0.99 halted=False[0m
[2m2026-04-09 00:34:38.658 [INFO] __main__: STATUS t=21s delta=-0.1734% dir=down agree=True chain=70809.61 bin=70800.42 open=70932.62 obi=0.4768 ask_up=0.01 ask_dn=1.00 bid_up=0.01 bid_dn=0.99 halted=False[0m
[92m[1m2026-04-09 00:35:00.235 [INFO] execution.paper_trading: paper window_ts=1775694600 [WIN] pnl=4.8510 direction=down outcome=down rule#1(fill) balance=$981.71 bid_up=0.01 ask_up=0.01 bid_dn=0.99 ask_dn=1.00[0m
[93m[1m2026-04-09 00:35:00.235 [INFO] risk.position_tracker: WINDOW_SUMMARY window_pnl=$4.8510 session_pnl=$-18.2890 won=$4.8510 lost=$23.1400 wr=50.0% (1/2) consec_losses=0[0m
[96m2026-04-09 00:35:00.237 [INFO] strategy.window_handler: REGIME chop_detected flips=4 delta_range=0.2202% avg_flips=5.3 over=6_windows[0m
[92m[1m2026-04-09 00:35:00.241 [INFO] strategy.window_handler: WINDOW_DECISION [WIN] rank=1 side=down pnl=$4.8510 entry=0.82 size=$22.55[0m
[96m[1m2026-04-09 00:35:00.242 [INFO] strategy.window_tracker: new window: btc-updown-5m-1775694900 (ts=1775694900)[0m
[96m2026-04-09 00:35:00.301 [INFO] strategy.window_handler: REGIME vol_stddev=0.105% chop_flips=5.3 outcome=1U/5D over 6w sprt=dormant llr=-0.05 age=2w bankroll=$907.03[0m
[96m2026-04-09 00:35:00.301 [INFO] strategy.window_handler: KELLY wr_adj=89.8% base=96.8% total_disc=4.0% vol=2.3% chop=33.3% outcome=0.0% feedback=+0.0%[0m
[96m2026-04-09 00:35:00.301 [INFO] __main__: window open price captured: 70829.63 (chainlink)[0m
2026-04-09 00:35:01.023 [INFO] market_data.clob_market_ws: CLOB market subscribed for tokens up=759041677699 down=992472195956
[2m2026-04-09 00:35:08.832 [INFO] __main__: STATUS t=291s delta=0.0027% dir=up agree=True chain=70831.51 bin=70830.00 open=70829.63 obi=-0.4621 ask_up=0.54 ask_dn=0.47 bid_up=0.53 bid_dn=0.46 halted=False[0m
[2m2026-04-09 00:35:38.925 [INFO] __main__: STATUS t=261s delta=0.0100% dir=up agree=False chain=70836.71 bin=70816.08 open=70829.63 obi=-0.9062 ask_up=0.52 ask_dn=0.50 bid_up=0.50 bid_dn=0.48 halted=False[0m
[2m2026-04-09 00:36:09.021 [INFO] __main__: STATUS t=231s delta=-0.0221% dir=down agree=True chain=70814.00 bin=70804.21 open=70829.63 obi=0.9652 ask_up=0.45 ask_dn=0.56 bid_up=0.44 bid_dn=0.55 halted=False[0m
[2m2026-04-09 00:36:39.113 [INFO] __main__: STATUS t=201s delta=0.0124% dir=up agree=True chain=70838.42 bin=70832.77 open=70829.63 obi=-0.4520 ask_up=0.59 ask_dn=0.42 bid_up=0.58 bid_dn=0.41 halted=False[0m
2026-04-09 00:37:02.761 [INFO] shared.ipc: IPC: received authenticated signal_update (summary=signals_summary_1775695022.json)
2026-04-09 00:37:02.761 [INFO] __main__: received new signal from orchestrator: rank=1 side=Down
[2m2026-04-09 00:37:09.202 [INFO] __main__: STATUS t=171s delta=0.0616% dir=up agree=True chain=70873.24 bin=70866.88 open=70829.63 obi=0.8852 ask_up=0.78 ask_dn=0.23 bid_up=0.77 bid_dn=0.22 halted=False[0m
[37m2026-04-09 00:37:20.235 [INFO] strategy.momentum_signal: [SKIP] rank=1 side=down reason=conditions_not_met latest_pct=0.1083 need=<=-0.07 stddev=0.0405 max_var=0.050[0m
[2m2026-04-09 00:37:39.300 [INFO] __main__: STATUS t=141s delta=0.1425% dir=up agree=True chain=70930.60 bin=70928.94 open=70829.63 obi=-0.0845 ask_up=0.93 ask_dn=0.08 bid_up=0.92 bid_dn=0.07 halted=False[0m
[2m2026-04-09 00:38:09.394 [INFO] __main__: STATUS t=111s delta=0.0632% dir=up agree=True chain=70874.42 bin=70848.01 open=70829.63 obi=-0.9434 ask_up=0.73 ask_dn=0.28 bid_up=0.72 bid_dn=0.27 halted=False[0m
[2m2026-04-09 00:38:39.487 [INFO] __main__: STATUS t=81s delta=0.0789% dir=up agree=True chain=70885.51 bin=70879.03 open=70829.63 obi=-0.0708 ask_up=0.82 ask_dn=0.19 bid_up=0.81 bid_dn=0.18 halted=False[0m
[2m2026-04-09 00:39:09.614 [INFO] __main__: STATUS t=50s delta=0.0270% dir=up agree=True chain=70848.76 bin=70841.09 open=70829.63 obi=-0.4897 ask_up=0.99 ask_dn=0.99 bid_up=0.01 bid_dn=0.01 halted=False[0m
[2m2026-04-09 00:39:39.707 [INFO] __main__: STATUS t=20s delta=0.0326% dir=up agree=True chain=70852.70 bin=70848.46 open=70829.63 obi=0.2271 ask_up=0.63 ask_dn=0.38 bid_up=0.62 bid_dn=0.37 halted=False[0m
[37m2026-04-09 00:40:00.017 [INFO] execution.paper_trading: paper window_ts=1775694900 [SKIP] pnl=0.0000 direction=down outcome=down - balance=$981.71 bid_up=0.01 ask_up=0.01 bid_dn=0.99 ask_dn=1.00[0m
[93m[1m2026-04-09 00:40:00.017 [INFO] risk.position_tracker: WINDOW_SUMMARY window_pnl=$0.0000 session_pnl=$-18.2890 won=$4.8510 lost=$23.1400 wr=50.0% (1/2) consec_losses=0[0m
[96m2026-04-09 00:40:00.019 [INFO] strategy.window_handler: REGIME chop_detected flips=5 delta_range=0.2238% avg_flips=5.7 over=6_windows[0m
[37m2026-04-09 00:40:00.026 [INFO] strategy.window_handler: WINDOW_DECISION [SKIP] rank=1 side=down pnl=$0.0000 entry=0.00 size=$0.00 (conditions not met)[0m
2026-04-09 00:40:00.026 [INFO] strategy.window_handler: Signal changed: down_280.0_160.0_0.07_0.05 -> down_260.0_170.0_0.07_0.05 (age was 3 windows)
2026-04-09 00:40:00.026 [INFO] strategy.window_handler: SIGNAL_SWAP_ACTIVE: {"rank":1,"side":"down","observeFromS":260.0,"observeToS":170.0,"minDeltaPct":0.07,"maxVariancePct":0.05,"trainWinRatePct":90.62,"oosWinRatePct":94.44,"oosBhAdjustedPValue":1.19936e-11,"oosMatches":54,"avgEntryPrice":0.8813,"evPerTrade":0.0331,"smartScore":18.91,"wfFoldsAppeared":5,"wfTotalTestFolds":6,"wfFoldIndices":[3,4,5,6,7]}
2026-04-09 00:40:00.026 [INFO] strategy.window_handler: switched to new signal: #1 down (previous: #1 down)
[96m[1m2026-04-09 00:40:00.026 [INFO] strategy.window_tracker: new window: btc-updown-5m-1775695200 (ts=1775695200)[0m
[96m2026-04-09 00:40:00.125 [INFO] strategy.window_handler: REGIME vol_stddev=0.103% chop_flips=5.7 outcome=1U/5D over 6w sprt=dormant llr=0.00 age=0w bankroll=$907.03[0m
[96m2026-04-09 00:40:00.125 [INFO] strategy.window_handler: KELLY wr_adj=86.9% base=94.4% total_disc=4.6% vol=1.7% chop=38.1% outcome=0.0% feedback=+0.0%[0m
[96m2026-04-09 00:40:00.125 [INFO] __main__: window open price captured: 70788.45 (chainlink)[0m
2026-04-09 00:40:00.271 [INFO] market_data.clob_market_ws: CLOB market subscribed for tokens up=541538054122 down=840874725998
[2m2026-04-09 00:40:09.933 [INFO] __main__: STATUS t=290s delta=0.0307% dir=up agree=True chain=70810.20 bin=70819.08 open=70788.45 obi=-0.9208 ask_up=0.75 ask_dn=0.30 bid_up=0.70 bid_dn=0.25 halted=False[0m
[2m2026-04-09 00:40:40.020 [INFO] __main__: STATUS t=260s delta=0.0011% dir=up agree=False chain=70789.25 bin=70781.41 open=70788.45 obi=0.9894 ask_up=0.59 ask_dn=0.42 bid_up=0.58 bid_dn=0.41 halted=False[0m
[2m2026-04-09 00:41:10.109 [INFO] __main__: STATUS t=230s delta=0.0555% dir=up agree=True chain=70827.70 bin=70812.83 open=70788.45 obi=-0.8219 ask_up=0.75 ask_dn=0.27 bid_up=0.73 bid_dn=0.25 halted=False[0m
[2m2026-04-09 00:41:40.203 [INFO] __main__: STATUS t=200s delta=-0.0083% dir=down agree=True chain=70782.60 bin=70778.42 open=70788.45 obi=-0.7321 ask_up=0.57 ask_dn=0.44 bid_up=0.56 bid_dn=0.43 halted=False[0m
[37m2026-04-09 00:42:10.054 [INFO] strategy.momentum_signal: [SKIP] rank=1 side=down reason=conditions_not_met latest_pct=-0.0245 need=<=-0.07 stddev=0.0204 max_var=0.050[0m
[2m2026-04-09 00:42:10.305 [INFO] __main__: STATUS t=170s delta=-0.0194% dir=down agree=True chain=70774.75 bin=70771.12 open=70788.45 obi=0.5595 ask_up=0.99 ask_dn=0.99 bid_up=0.01 bid_dn=0.01 halted=False[0m
[2m2026-04-09 00:42:40.395 [INFO] __main__: STATUS t=140s delta=-0.0231% dir=down agree=True chain=70772.13 bin=70768.83 open=70788.45 obi=-0.3232 ask_up=0.50 ask_dn=0.51 bid_up=0.49 bid_dn=0.50 halted=False[0m
[2m2026-04-09 00:43:10.510 [INFO] __main__: STATUS t=109s delta=0.0009% dir=up agree=False chain=70789.12 bin=70785.25 open=70788.45 obi=0.5058 ask_up=0.64 ask_dn=0.37 bid_up=0.63 bid_dn=0.36 halted=False[0m
[2m2026-04-09 00:43:40.608 [INFO] __main__: STATUS t=79s delta=0.0174% dir=up agree=True chain=70800.78 bin=70789.30 open=70788.45 obi=-0.4039 ask_up=0.99 ask_dn=0.99 bid_up=0.01 bid_dn=0.01 halted=False[0m
[2m2026-04-09 00:44:10.704 [INFO] __main__: STATUS t=49s delta=0.0128% dir=up agree=False chain=70797.52 bin=70787.04 open=70788.45 obi=0.9708 ask_up=0.72 ask_dn=0.29 bid_up=0.71 bid_dn=0.28 halted=False[0m
[2m2026-04-09 00:44:40.793 [INFO] __main__: STATUS t=19s delta=0.0065% dir=up agree=False chain=70793.05 bin=70782.96 open=70788.45 obi=-0.5149 ask_up=0.61 ask_dn=0.40 bid_up=0.60 bid_dn=0.39 halted=False[0m
[37m2026-04-09 00:45:00.101 [INFO] execution.paper_trading: paper window_ts=1775695200 [SKIP] pnl=0.0000 direction=up outcome=up - balance=$981.71 bid_up=0.99 ask_up=1.00 bid_dn=0.01 ask_dn=0.01[0m
[93m[1m2026-04-09 00:45:00.101 [INFO] risk.position_tracker: WINDOW_SUMMARY window_pnl=$0.0000 session_pnl=$-18.2890 won=$4.8510 lost=$23.1400 wr=50.0% (1/2) consec_losses=0[0m
[96m2026-04-09 00:45:00.104 [INFO] strategy.window_handler: REGIME chop_detected flips=15 delta_range=0.0918% avg_flips=7.2 over=6_windows[0m
[37m2026-04-09 00:45:00.135 [INFO] strategy.window_handler: WINDOW_DECISION [SKIP] rank=1 side=down pnl=$0.0000 entry=0.00 size=$0.00 (conditions not met)[0m
[96m[1m2026-04-09 00:45:00.136 [INFO] strategy.window_tracker: new window: btc-updown-5m-1775695500 (ts=1775695500)[0m
[96m2026-04-09 00:45:00.209 [INFO] strategy.window_handler: REGIME vol_stddev=0.103% chop_flips=7.2 outcome=2U/4D over 6w sprt=dormant llr=0.00 age=1w bankroll=$907.03[0m
[96m2026-04-09 00:45:00.209 [INFO] strategy.window_handler: KELLY wr_adj=84.3% base=94.4% total_disc=7.1% vol=1.5% chop=59.5% outcome=0.0% feedback=+0.0%[0m
[96m2026-04-09 00:45:00.209 [INFO] __main__: window open price captured: 70813.70 (chainlink)[0m
2026-04-09 00:45:00.493 [INFO] market_data.clob_market_ws: CLOB market subscribed for tokens up=562291497221 down=113143775091
[2m2026-04-09 00:45:10.996 [INFO] __main__: STATUS t=289s delta=0.0003% dir=up agree=False chain=70813.89 bin=70808.00 open=70813.70 obi=-0.6963 ask_up=0.51 ask_dn=0.50 bid_up=0.50 bid_dn=0.49 halted=False[0m
[2m2026-04-09 00:45:41.092 [INFO] __main__: STATUS t=259s delta=-0.0371% dir=down agree=True chain=70787.44 bin=70767.95 open=70813.70 obi=0.3871 ask_up=0.30 ask_dn=0.73 bid_up=0.27 bid_dn=0.70 halted=False[0m
[2m2026-04-09 00:46:11.184 [INFO] __main__: STATUS t=229s delta=-0.0949% dir=down agree=True chain=70746.49 bin=70741.08 open=70813.70 obi=-0.7759 ask_up=0.23 ask_dn=0.78 bid_up=0.22 bid_dn=0.77 halted=False[0m
[2m2026-04-09 00:46:41.283 [INFO] __main__: STATUS t=199s delta=-0.1168% dir=down agree=True chain=70730.98 bin=70732.00 open=70813.70 obi=0.6049 ask_up=0.20 ask_dn=0.81 bid_up=0.19 bid_dn=0.80 halted=False[0m
[37m2026-04-09 00:47:10.128 [INFO] strategy.momentum_signal: [SKIP] rank=1 side=down reason=market_disagrees discount=22.8% max=20.0% ask=0.68 avg_entry=0.88[0m
[2m2026-04-09 00:47:11.382 [INFO] __main__: STATUS t=169s delta=-0.0597% dir=down agree=True chain=70771.45 bin=70762.23 open=70813.70 obi=-0.9380 ask_up=0.32 ask_dn=0.70 bid_up=0.30 bid_dn=0.68 halted=False[0m
[2m2026-04-09 00:47:41.479 [INFO] __main__: STATUS t=139s delta=-0.1106% dir=down agree=True chain=70735.38 bin=70725.47 open=70813.70 obi=-0.6708 ask_up=0.99 ask_dn=0.83 bid_up=0.01 bid_dn=0.82 halted=False[0m
[2m2026-04-09 00:48:11.564 [INFO] __main__: STATUS t=108s delta=-0.0932% dir=down agree=True chain=70747.73 bin=70736.41 open=70813.70 obi=-0.8402 ask_up=0.18 ask_dn=0.83 bid_up=0.17 bid_dn=0.82 halted=False[0m
[2m2026-04-09 00:48:41.653 [INFO] __main__: STATUS t=78s delta=-0.1330% dir=down agree=True chain=70719.50 bin=70713.62 open=70813.70 obi=-0.5386 ask_up=0.09 ask_dn=0.92 bid_up=0.08 bid_dn=0.91 halted=False[0m
[2m2026-04-09 00:49:11.748 [INFO] __main__: STATUS t=48s delta=-0.0803% dir=down agree=True chain=70756.86 bin=70747.00 open=70813.70 obi=-0.2777 ask_up=0.12 ask_dn=0.89 bid_up=0.11 bid_dn=0.88 halted=False[0m
[2m2026-04-09 00:49:41.842 [INFO] __main__: STATUS t=18s delta=-0.0998% dir=down agree=True chain=70743.01 bin=70733.18 open=70813.70 obi=0.9966 ask_up=0.01 ask_dn=1.00 bid_up=0.01 bid_dn=0.99 halted=False[0m
[37m2026-04-09 00:50:00.151 [INFO] execution.paper_trading: paper window_ts=1775695500 [SKIP] pnl=0.0000 direction=down outcome=down - balance=$981.71 bid_up=0.01 ask_up=0.01 bid_dn=0.99 ask_dn=1.00[0m
[93m[1m2026-04-09 00:50:00.151 [INFO] risk.position_tracker: WINDOW_SUMMARY window_pnl=$0.0000 session_pnl=$-18.2890 won=$4.8510 lost=$23.1400 wr=50.0% (1/2) consec_losses=0[0m
[37m2026-04-09 00:50:00.160 [INFO] strategy.window_handler: WINDOW_DECISION [SKIP] rank=1 side=down pnl=$0.0000 entry=0.00 size=$0.00 (conditions not met)[0m
[96m[1m2026-04-09 00:50:00.160 [INFO] strategy.window_tracker: new window: btc-updown-5m-1775695800 (ts=1775695800)[0m
[96m2026-04-09 00:50:00.264 [INFO] strategy.window_handler: REGIME vol_stddev=0.098% chop_flips=6.0 outcome=2U/4D over 6w sprt=dormant llr=0.00 age=2w bankroll=$907.03[0m
[96m2026-04-09 00:50:00.265 [INFO] strategy.window_handler: KELLY wr_adj=86.3% base=94.4% total_disc=5.1% vol=0.0% chop=42.9% outcome=0.0% feedback=+0.0%[0m
[96m2026-04-09 00:50:00.265 [INFO] __main__: window open price captured: 70750.63 (chainlink)[0m
2026-04-09 00:50:00.702 [INFO] market_data.clob_market_ws: CLOB market subscribed for tokens up=944437913574 down=870920634733
[2m2026-04-09 00:50:12.067 [INFO] __main__: STATUS t=288s delta=-0.0005% dir=down agree=True chain=70750.26 bin=70743.77 open=70750.63 obi=-0.4472 ask_up=0.53 ask_dn=0.48 bid_up=0.52 bid_dn=0.47 halted=False[0m
[2m2026-04-09 00:50:42.155 [INFO] __main__: STATUS t=258s delta=-0.0345% dir=down agree=True chain=70726.23 bin=70720.00 open=70750.63 obi=-0.7238 ask_up=0.33 ask_dn=0.68 bid_up=0.32 bid_dn=0.67 halted=False[0m
[2m2026-04-09 00:51:12.265 [INFO] __main__: STATUS t=228s delta=-0.1069% dir=down agree=True chain=70674.98 bin=70662.01 open=70750.63 obi=-0.9948 ask_up=0.11 ask_dn=0.90 bid_up=0.10 bid_dn=0.89 halted=False[0m
[2m2026-04-09 00:51:42.359 [INFO] __main__: STATUS t=198s delta=-0.0639% dir=down agree=True chain=70705.44 bin=70703.69 open=70750.63 obi=0.5223 ask_up=0.28 ask_dn=0.73 bid_up=0.27 bid_dn=0.72 halted=False[0m
[96m2026-04-09 00:52:10.208 [INFO] strategy.momentum_signal: KELLY sizing: p_adj=0.863 base=0.914 total_disc=0.051 vol=0.000 chop=0.429 outcome=0.000 feedback=+0.000[0m
[96m2026-04-09 00:52:10.208 [INFO] strategy.momentum_signal: KELLY bet: entry=0.73 raw_f=0.492 frac_f=0.123 bankroll=$907.03 kelly_bet=$22.68 sprt=1.00 final=$22.68[0m
[92m[1m2026-04-09 00:52:10.208 [INFO] strategy.momentum_signal: FIRED rank=1 side=down t=169.8s dir=-0.0879% stddev=0.0280% n=359 oos_wr=94.4% bh_p=1.2e-11 avg_entry=0.88 ask=0.73 size=$22.68[0m
2026-04-09 00:52:10.208 [INFO] execution.paper_trading: paper momentum1 maker: id=paper-4 price=0.72 size=31.5000 [resting]
2026-04-09 00:52:10.208 [INFO] strategy.momentum_signal: MAKER PLACED rank=1 side=down price=0.72 (ask=0.73 -1tick) size=$22.68 timeout=20s
[2m2026-04-09 00:52:12.465 [INFO] __main__: STATUS t=168s delta=-0.0763% dir=down agree=True chain=70696.67 bin=70695.30 open=70750.63 obi=0.6240 ask_up=0.28 ask_dn=0.73 bid_up=0.27 bid_dn=0.72 halted=False[0m
[92m[1m2026-04-09 00:52:19.232 [INFO] execution.paper_trading: paper momentum1 maker fill: id=paper-4 price=0.72[0m
2026-04-09 00:52:19.233 [INFO] strategy.momentum_signal: MAKER FILLED rank=1 side=down price=0.72 size=$22.68
[2m2026-04-09 00:52:42.552 [INFO] __main__: STATUS t=137s delta=-0.0350% dir=down agree=True chain=70725.85 bin=70723.34 open=70750.63 obi=-0.3180 ask_up=0.42 ask_dn=0.59 bid_up=0.41 bid_dn=0.58 halted=False[0m
[2m2026-04-09 00:53:12.650 [INFO] __main__: STATUS t=107s delta=-0.0634% dir=down agree=True chain=70705.78 bin=70703.29 open=70750.63 obi=0.3438 ask_up=0.38 ask_dn=0.63 bid_up=0.37 bid_dn=0.62 halted=False[0m
[2m2026-04-09 00:53:42.741 [INFO] __main__: STATUS t=77s delta=-0.0611% dir=down agree=True chain=70707.37 bin=70699.00 open=70750.63 obi=0.2912 ask_up=0.32 ask_dn=0.69 bid_up=0.31 bid_dn=0.68 halted=False[0m
[2m2026-04-09 00:54:12.838 [INFO] __main__: STATUS t=47s delta=-0.0716% dir=down agree=True chain=70699.94 bin=70696.23 open=70750.63 obi=0.7943 ask_up=0.34 ask_dn=0.67 bid_up=0.33 bid_dn=0.66 halted=False[0m
[2m2026-04-09 00:54:42.921 [INFO] __main__: STATUS t=17s delta=0.0124% dir=up agree=True chain=70759.42 bin=70753.26 open=70750.63 obi=0.9546 ask_up=0.92 ask_dn=0.09 bid_up=0.91 bid_dn=0.08 halted=False[0m
[91m[1m2026-04-09 00:55:00.227 [INFO] execution.paper_trading: paper window_ts=1775695800 [LOSS] pnl=-22.6800 direction=up outcome=up rule#1(fill) balance=$959.03 bid_up=0.99 ask_up=1.00 bid_dn=0.01 ask_dn=0.01[0m
[93m[1m2026-04-09 00:55:00.227 [INFO] risk.position_tracker: WINDOW_SUMMARY window_pnl=$-22.6800 session_pnl=$-40.9690 won=$4.8510 lost=$45.8200 wr=33.3% (1/3) consec_losses=1[0m
[96m2026-04-09 00:55:00.229 [INFO] strategy.window_handler: REGIME chop_detected flips=6 delta_range=0.1474% avg_flips=6.0 over=6_windows[0m
[91m[1m2026-04-09 00:55:00.232 [INFO] strategy.window_handler: WINDOW_DECISION [LOSS] rank=1 side=down pnl=$-22.6800 entry=0.72 size=$22.68[0m
[96m[1m2026-04-09 00:55:00.233 [INFO] strategy.window_tracker: new window: btc-updown-5m-1775696100 (ts=1775696100)[0m
[96m2026-04-09 00:55:00.286 [INFO] strategy.window_handler: REGIME vol_stddev=0.092% chop_flips=6.0 outcome=2U/4D over 6w sprt=dormant llr=0.14 age=3w bankroll=$884.17[0m
[96m2026-04-09 00:55:00.286 [INFO] strategy.window_handler: KELLY wr_adj=86.3% base=94.4% total_disc=5.1% vol=0.0% chop=42.9% outcome=0.0% feedback=+0.0%[0m
[96m2026-04-09 00:55:00.286 [INFO] __main__: window open price captured: 70762.03 (chainlink)[0m
2026-04-09 00:55:00.910 [INFO] market_data.clob_market_ws: CLOB market subscribed for tokens up=794289624411 down=713779653387
[2m2026-04-09 00:55:13.084 [INFO] __main__: STATUS t=287s delta=0.0919% dir=up agree=True chain=70827.04 bin=70846.19 open=70762.03 obi=-0.3920 ask_up=0.83 ask_dn=0.18 bid_up=0.82 bid_dn=0.17 halted=False[0m
[2m2026-04-09 00:55:43.176 [INFO] __main__: STATUS t=257s delta=0.0643% dir=up agree=True chain=70807.50 bin=70802.02 open=70762.03 obi=-0.4238 ask_up=0.69 ask_dn=0.32 bid_up=0.68 bid_dn=0.31 halted=False[0m
[2m2026-04-09 00:56:13.319 [INFO] __main__: STATUS t=227s delta=0.0794% dir=up agree=True chain=70818.21 bin=70806.01 open=70762.03 obi=-0.9706 ask_up=0.71 ask_dn=0.32 bid_up=0.68 bid_dn=0.29 halted=False[0m
[2m2026-04-09 00:56:43.412 [INFO] __main__: STATUS t=197s delta=0.1313% dir=up agree=True chain=70854.91 bin=70851.33 open=70762.03 obi=-0.8331 ask_up=0.87 ask_dn=0.14 bid_up=0.86 bid_dn=0.13 halted=False[0m
[37m2026-04-09 00:57:10.243 [INFO] strategy.momentum_signal: [SKIP] rank=1 side=down reason=conditions_not_met latest_pct=0.1584 need=<=-0.07 stddev=0.0319 max_var=0.050[0m
[2m2026-04-09 00:57:13.503 [INFO] __main__: STATUS t=166s delta=0.1639% dir=up agree=True chain=70877.98 bin=70874.15 open=70762.03 obi=0.0139 ask_up=0.91 ask_dn=0.10 bid_up=0.90 bid_dn=0.09 halted=False[0m
[2m2026-04-09 00:57:43.594 [INFO] __main__: STATUS t=136s delta=0.1457% dir=up agree=True chain=70865.13 bin=70864.45 open=70762.03 obi=-0.4963 ask_up=0.92 ask_dn=0.09 bid_up=0.91 bid_dn=0.08 halted=False[0m
[2m2026-04-09 00:58:13.686 [INFO] __main__: STATUS t=106s delta=0.1436% dir=up agree=True chain=70863.67 bin=70862.50 open=70762.03 obi=-0.5558 ask_up=0.99 ask_dn=0.99 bid_up=0.01 bid_dn=0.01 halted=False[0m
[2m2026-04-09 00:58:43.777 [INFO] __main__: STATUS t=76s delta=0.1214% dir=up agree=True chain=70847.94 bin=70843.11 open=70762.03 obi=-0.9223 ask_up=0.96 ask_dn=0.05 bid_up=0.95 bid_dn=0.04 halted=False[0m
[2m2026-04-09 00:59:13.871 [INFO] __main__: STATUS t=46s delta=0.1232% dir=up agree=True chain=70849.19 bin=70846.21 open=70762.03 obi=-0.0572 ask_up=0.98 ask_dn=0.03 bid_up=0.97 bid_dn=0.02 halted=False[0m
[2m2026-04-09 00:59:43.970 [INFO] __main__: STATUS t=16s delta=0.0920% dir=up agree=True chain=70827.14 bin=70825.30 open=70762.03 obi=-0.9585 ask_up=0.99 ask_dn=0.02 bid_up=0.98 bid_dn=0.01 halted=False[0m
[37m2026-04-09 01:00:00.023 [INFO] execution.paper_trading: paper window_ts=1775696100 [SKIP] pnl=0.0000 direction=up outcome=up - balance=$959.03 bid_up=0.99 ask_up=1.00 bid_dn=0.01 ask_dn=0.01[0m
[93m[1m2026-04-09 01:00:00.024 [INFO] risk.position_tracker: WINDOW_SUMMARY window_pnl=$0.0000 session_pnl=$-40.9690 won=$4.8510 lost=$45.8200 wr=33.3% (1/3) consec_losses=1[0m
[37m2026-04-09 01:00:00.038 [INFO] strategy.window_handler: WINDOW_DECISION [SKIP] rank=1 side=down pnl=$0.0000 entry=0.00 size=$0.00 (conditions not met)[0m
[96m[1m2026-04-09 01:00:00.039 [INFO] strategy.window_tracker: new window: btc-updown-5m-1775696400 (ts=1775696400)[0m
[96m2026-04-09 01:00:00.107 [INFO] strategy.window_handler: REGIME vol_stddev=0.092% chop_flips=5.3 outcome=3U/3D over 6w sprt=dormant llr=0.14 age=4w bankroll=$884.17[0m
[96m2026-04-09 01:00:00.107 [INFO] strategy.window_handler: KELLY wr_adj=87.4% base=94.4% total_disc=4.0% vol=0.0% chop=33.3% outcome=0.0% feedback=+0.0%[0m
[96m2026-04-09 01:00:00.107 [INFO] __main__: window open price captured: 70817.37 (chainlink)[0m
2026-04-09 01:00:00.142 [INFO] market_data.clob_market_ws: CLOB market subscribed for tokens up=409060836623 down=562263924579
[2m2026-04-09 01:00:14.157 [INFO] __main__: STATUS t=286s delta=0.0588% dir=up agree=True chain=70859.01 bin=70857.89 open=70817.37 obi=-0.4678 ask_up=0.71 ask_dn=0.30 bid_up=0.70 bid_dn=0.29 halted=False[0m
[2m2026-04-09 01:00:44.246 [INFO] __main__: STATUS t=256s delta=0.0584% dir=up agree=True chain=70858.71 bin=70857.41 open=70817.37 obi=0.9088 ask_up=0.69 ask_dn=0.32 bid_up=0.68 bid_dn=0.31 halted=False[0m
[2m2026-04-09 01:01:14.331 [INFO] __main__: STATUS t=226s delta=0.0923% dir=up agree=True chain=70882.71 bin=70877.70 open=70817.37 obi=0.9923 ask_up=0.80 ask_dn=0.21 bid_up=0.79 bid_dn=0.20 halted=False[0m
[2m2026-04-09 01:01:44.426 [INFO] __main__: STATUS t=196s delta=0.0704% dir=up agree=True chain=70867.20 bin=70850.84 open=70817.37 obi=-0.9616 ask_up=0.74 ask_dn=0.27 bid_up=0.73 bid_dn=0.26 halted=False[0m
[37m2026-04-09 01:02:10.006 [INFO] strategy.momentum_signal: [SKIP] rank=1 side=down reason=conditions_not_met latest_pct=0.0652 need=<=-0.07 stddev=0.0100 max_var=0.050[0m
[2m2026-04-09 01:02:14.520 [INFO] __main__: STATUS t=165s delta=0.0769% dir=up agree=True chain=70871.83 bin=70860.00 open=70817.37 obi=-0.9573 ask_up=0.81 ask_dn=0.20 bid_up=0.80 bid_dn=0.19 halted=False[0m
[2m2026-04-09 01:02:44.609 [INFO] __main__: STATUS t=135s delta=0.0409% dir=up agree=True chain=70846.32 bin=70836.54 open=70817.37 obi=0.8348 ask_up=0.71 ask_dn=0.30 bid_up=0.70 bid_dn=0.29 halted=False[0m
[2m2026-04-09 01:03:14.708 [INFO] __main__: STATUS t=105s delta=-0.0102% dir=down agree=True chain=70810.12 bin=70801.30 open=70817.37 obi=0.3076 ask_up=0.40 ask_dn=0.61 bid_up=0.39 bid_dn=0.60 halted=False[0m
[2m2026-04-09 01:03:44.800 [INFO] __main__: STATUS t=75s delta=0.0137% dir=up agree=True chain=70827.05 bin=70819.29 open=70817.37 obi=0.2920 ask_up=0.59 ask_dn=0.42 bid_up=0.58 bid_dn=0.41 halted=False[0m
[2m2026-04-09 01:04:14.890 [INFO] __main__: STATUS t=45s delta=0.0484% dir=up agree=True chain=70851.62 bin=70847.05 open=70817.37 obi=-0.9935 ask_up=0.83 ask_dn=0.18 bid_up=0.82 bid_dn=0.17 halted=False[0m
[2m2026-04-09 01:04:44.978 [INFO] __main__: STATUS t=15s delta=0.0143% dir=up agree=True chain=70827.49 bin=70819.28 open=70817.37 obi=-0.2506 ask_up=0.77 ask_dn=0.24 bid_up=0.76 bid_dn=0.23 halted=False[0m
[37m2026-04-09 01:05:00.024 [INFO] execution.paper_trading: paper window_ts=1775696400 [SKIP] pnl=0.0000 direction=up outcome=up - balance=$959.03 bid_up=0.99 ask_up=1.00 bid_dn=0.01 ask_dn=0.01[0m
[93m[1m2026-04-09 01:05:00.024 [INFO] risk.position_tracker: WINDOW_SUMMARY window_pnl=$0.0000 session_pnl=$-40.9690 won=$4.8510 lost=$45.8200 wr=33.3% (1/3) consec_losses=1[0m
[96m2026-04-09 01:05:00.035 [INFO] strategy.window_handler: REGIME chop_detected flips=5 delta_range=0.1218% avg_flips=5.5 over=6_windows[0m
[37m2026-04-09 01:05:00.044 [INFO] strategy.window_handler: WINDOW_DECISION [SKIP] rank=1 side=down pnl=$0.0000 entry=0.00 size=$0.00 (conditions not met)[0m
[96m[1m2026-04-09 01:05:00.044 [INFO] strategy.window_tracker: new window: btc-updown-5m-1775696700 (ts=1775696700)[0m
[96m2026-04-09 01:05:00.132 [INFO] strategy.window_handler: REGIME vol_stddev=0.092% chop_flips=5.5 outcome=4U/2D over 6w sprt=dormant llr=0.14 age=5w bankroll=$884.17[0m
[96m2026-04-09 01:05:00.135 [INFO] strategy.window_handler: KELLY wr_adj=86.9% base=94.4% total_disc=4.6% vol=0.0% chop=35.7% outcome=38.1% feedback=+0.0%[0m
[96m2026-04-09 01:05:00.135 [INFO] __main__: window open price captured: 70851.25 (chainlink)[0m
2026-04-09 01:05:00.349 [INFO] market_data.clob_market_ws: CLOB market subscribed for tokens up=476965610901 down=498698842952
[2m2026-04-09 01:05:15.185 [INFO] __main__: STATUS t=285s delta=0.0311% dir=up agree=True chain=70873.25 bin=70870.41 open=70851.25 obi=-0.9945 ask_up=0.60 ask_dn=0.41 bid_up=0.59 bid_dn=0.40 halted=False[0m
[2m2026-04-09 01:05:45.271 [INFO] __main__: STATUS t=255s delta=-0.0383% dir=down agree=True chain=70824.10 bin=70815.41 open=70851.25 obi=-0.9626 ask_up=0.32 ask_dn=0.69 bid_up=0.31 bid_dn=0.68 halted=False[0m
[2m2026-04-09 01:06:15.369 [INFO] __main__: STATUS t=225s delta=-0.0659% dir=down agree=True chain=70804.53 bin=70800.21 open=70851.25 obi=0.5375 ask_up=0.30 ask_dn=0.71 bid_up=0.29 bid_dn=0.70 halted=False[0m
[2m2026-04-09 01:06:45.453 [INFO] __main__: STATUS t=195s delta=-0.0940% dir=down agree=True chain=70784.64 bin=70815.17 open=70851.25 obi=0.9597 ask_up=0.20 ask_dn=0.81 bid_up=0.19 bid_dn=0.80 halted=False[0m
[96m2026-04-09 01:07:10.021 [INFO] strategy.momentum_signal: KELLY sizing: p_adj=0.869 base=0.914 total_disc=0.046 vol=0.000 chop=0.357 outcome=0.381 feedback=+0.000[0m
[96m2026-04-09 01:07:10.021 [INFO] strategy.momentum_signal: KELLY bet: entry=0.85 raw_f=0.125 frac_f=0.031 bankroll=$884.17 kelly_bet=$22.10 sprt=1.00 final=$22.10[0m
[92m[1m2026-04-09 01:07:10.021 [INFO] strategy.momentum_signal: FIRED rank=1 side=down t=170.0s dir=-0.1311% stddev=0.0310% n=359 oos_wr=94.4% bh_p=1.2e-11 avg_entry=0.88 ask=0.85 size=$22.10[0m
2026-04-09 01:07:10.022 [INFO] execution.paper_trading: paper momentum1 maker: id=paper-5 price=0.84 size=26.3095 [resting]
2026-04-09 01:07:10.022 [INFO] strategy.momentum_signal: MAKER PLACED rank=1 side=down price=0.84 (ask=0.85 -1tick) size=$22.10 timeout=20s
[92m[1m2026-04-09 01:07:12.528 [INFO] execution.paper_trading: paper momentum1 maker fill: id=paper-5 price=0.84[0m
2026-04-09 01:07:12.529 [INFO] strategy.momentum_signal: MAKER FILLED rank=1 side=down price=0.84 size=$22.10
[2m2026-04-09 01:07:15.537 [INFO] __main__: STATUS t=164s delta=-0.1296% dir=down agree=True chain=70759.44 bin=70730.00 open=70851.25 obi=-0.9590 ask_up=0.13 ask_dn=0.88 bid_up=0.12 bid_dn=0.87 halted=False[0m
[2m2026-04-09 01:07:45.633 [INFO] __main__: STATUS t=134s delta=-0.2451% dir=down agree=True chain=70677.59 bin=70671.50 open=70851.25 obi=-0.9228 ask_up=0.02 ask_dn=0.99 bid_up=0.01 bid_dn=0.98 halted=False[0m
[2m2026-04-09 01:08:15.729 [INFO] __main__: STATUS t=104s delta=-0.4141% dir=down agree=True chain=70557.88 bin=70546.74 open=70851.25 obi=-0.9952 ask_up=0.01 ask_dn=1.00 bid_up=0.01 bid_dn=0.99 halted=False[0m
[2m2026-04-09 01:08:45.826 [INFO] __main__: STATUS t=74s delta=-0.4729% dir=down agree=True chain=70516.17 bin=70529.12 open=70851.25 obi=0.8782 ask_up=0.01 ask_dn=1.00 bid_up=0.01 bid_dn=0.99 halted=False[0m
[2m2026-04-09 01:09:15.928 [INFO] __main__: STATUS t=44s delta=-0.5096% dir=down agree=True chain=70490.20 bin=70496.31 open=70851.25 obi=0.2724 ask_up=0.01 ask_dn=1.00 bid_up=0.01 bid_dn=0.99 halted=False[0m
[2m2026-04-09 01:09:46.028 [INFO] __main__: STATUS t=14s delta=-0.4118% dir=down agree=True chain=70559.46 bin=70566.46 open=70851.25 obi=0.4895 ask_up=0.00 ask_dn=1.00 bid_up=0.00 bid_dn=1.00 halted=False[0m
[92m[1m2026-04-09 01:10:00.073 [INFO] execution.paper_trading: paper window_ts=1775696700 [WIN] pnl=4.2095 direction=down outcome=down rule#1(fill) balance=$963.24 bid_up=0.00 ask_up=0.00 bid_dn=1.00 ask_dn=1.00[0m
[93m[1m2026-04-09 01:10:00.073 [INFO] risk.position_tracker: WINDOW_SUMMARY window_pnl=$4.2095 session_pnl=$-36.7595 won=$9.0605 lost=$45.8200 wr=50.0% (2/4) consec_losses=0[0m
[92m[1m2026-04-09 01:10:00.087 [INFO] strategy.window_handler: WINDOW_DECISION [WIN] rank=1 side=down pnl=$4.2095 entry=0.84 size=$22.10[0m
[96m[1m2026-04-09 01:10:00.099 [INFO] strategy.window_tracker: new window: btc-updown-5m-1775697000 (ts=1775697000)[0m
[96m2026-04-09 01:10:00.169 [INFO] strategy.window_handler: REGIME vol_stddev=0.111% chop_flips=4.8 outcome=4U/2D over 6w sprt=dormant llr=0.13 age=6w bankroll=$888.30[0m
[96m2026-04-09 01:10:00.169 [INFO] strategy.window_handler: KELLY wr_adj=86.9% base=94.4% total_disc=4.6% vol=5.5% chop=26.2% outcome=38.1% feedback=+0.0%[0m
[96m2026-04-09 01:10:00.169 [INFO] __main__: window open price captured: 70587.69 (chainlink)[0m
2026-04-09 01:10:00.563 [INFO] market_data.clob_market_ws: CLOB market subscribed for tokens up=246482417783 down=102449445339
[2m2026-04-09 01:10:16.218 [INFO] __main__: STATUS t=284s delta=-0.0521% dir=down agree=True chain=70550.94 bin=70548.28 open=70587.69 obi=0.2622 ask_up=0.47 ask_dn=0.54 bid_up=0.46 bid_dn=0.53 halted=False[0m
[2m2026-04-09 01:10:46.304 [INFO] __main__: STATUS t=254s delta=-0.0031% dir=down agree=True chain=70585.49 bin=70583.39 open=70587.69 obi=0.3532 ask_up=0.57 ask_dn=0.44 bid_up=0.56 bid_dn=0.43 halted=False[0m
[2m2026-04-09 01:11:16.394 [INFO] __main__: STATUS t=224s delta=0.0967% dir=up agree=True chain=70655.92 bin=70643.52 open=70587.69 obi=-0.9036 ask_up=0.78 ask_dn=0.23 bid_up=0.77 bid_dn=0.22 halted=False[0m
[2m2026-04-09 01:11:46.483 [INFO] __main__: STATUS t=194s delta=0.0461% dir=up agree=True chain=70620.25 bin=70616.61 open=70587.69 obi=-0.8805 ask_up=0.70 ask_dn=0.31 bid_up=0.69 bid_dn=0.30 halted=False[0m
[37m2026-04-09 01:12:10.096 [INFO] strategy.momentum_signal: [SKIP] rank=1 side=down reason=conditions_not_met latest_pct=0.0093 need=<=-0.07 stddev=0.0318 max_var=0.050[0m
[2m2026-04-09 01:12:16.617 [INFO] __main__: STATUS t=163s delta=0.0405% dir=up agree=True chain=70616.30 bin=70610.40 open=70587.69 obi=0.4490 ask_up=0.72 ask_dn=0.29 bid_up=0.71 bid_dn=0.28 halted=False[0m
[2m2026-04-09 01:12:46.710 [INFO] __main__: STATUS t=133s delta=0.0964% dir=up agree=True chain=70655.73 bin=70655.04 open=70587.69 obi=0.7180 ask_up=0.90 ask_dn=0.11 bid_up=0.89 bid_dn=0.10 halted=False[0m
[2m2026-04-09 01:13:16.813 [INFO] __main__: STATUS t=103s delta=0.0472% dir=up agree=True chain=70621.01 bin=70617.84 open=70587.69 obi=0.4664 ask_up=0.79 ask_dn=0.22 bid_up=0.78 bid_dn=0.21 halted=False[0m
[2m2026-04-09 01:13:46.905 [INFO] __main__: STATUS t=73s delta=0.0645% dir=up agree=True chain=70633.25 bin=70628.26 open=70587.69 obi=-0.9666 ask_up=0.87 ask_dn=0.14 bid_up=0.86 bid_dn=0.13 halted=False[0m
[2m2026-04-09 01:14:17.040 [INFO] __main__: STATUS t=43s delta=0.0939% dir=up agree=True chain=70653.97 bin=70647.67 open=70587.69 obi=-0.1430 ask_up=0.99 ask_dn=0.02 bid_up=0.98 bid_dn=0.01 halted=False[0m
[2m2026-04-09 01:14:47.139 [INFO] __main__: STATUS t=13s delta=0.0910% dir=up agree=True chain=70651.89 bin=70656.50 open=70587.69 obi=-0.3264 ask_up=1.00 ask_dn=0.01 bid_up=0.99 bid_dn=0.01 halted=False[0m
[37m2026-04-09 01:15:00.189 [INFO] execution.paper_trading: paper window_ts=1775697000 [SKIP] pnl=0.0000 direction=up outcome=up - balance=$963.24 bid_up=0.99 ask_up=1.00 bid_dn=0.01 ask_dn=0.01[0m
[93m[1m2026-04-09 01:15:00.190 [INFO] risk.position_tracker: WINDOW_SUMMARY window_pnl=$0.0000 session_pnl=$-36.7595 won=$9.0605 lost=$45.8200 wr=50.0% (2/4) consec_losses=0[0m
[96m2026-04-09 01:15:00.191 [INFO] strategy.window_handler: REGIME chop_detected flips=3 delta_range=0.1662% avg_flips=2.8 over=6_windows[0m
[37m2026-04-09 01:15:00.195 [INFO] strategy.window_handler: WINDOW_DECISION [SKIP] rank=1 side=down pnl=$0.0000 entry=0.00 size=$0.00 (conditions not met)[0m
[96m[1m2026-04-09 01:15:00.195 [INFO] strategy.window_tracker: new window: btc-updown-5m-1775697300 (ts=1775697300)[0m
[96m2026-04-09 01:15:00.266 [INFO] strategy.window_handler: REGIME vol_stddev=0.112% chop_flips=2.8 outcome=4U/2D over 6w sprt=dormant llr=0.13 age=7w bankroll=$888.30[0m
[96m2026-04-09 01:15:00.266 [INFO] strategy.window_handler: KELLY wr_adj=86.9% base=94.4% total_disc=4.6% vol=6.1% chop=0.0% outcome=38.1% feedback=+0.0%[0m
[96m2026-04-09 01:15:00.267 [INFO] __main__: window open price captured: 70662.31 (chainlink)[0m
2026-04-09 01:15:00.791 [INFO] market_data.clob_market_ws: CLOB market subscribed for tokens up=759333646493 down=113835388402
[2m2026-04-09 01:15:17.160 [INFO] __main__: STATUS t=283s delta=0.0042% dir=up agree=False chain=70665.29 bin=70657.19 open=70662.31 obi=-0.9175 ask_up=0.50 ask_dn=0.51 bid_up=0.49 bid_dn=0.50 halted=False[0m
[2m2026-04-09 01:15:47.245 [INFO] __main__: STATUS t=253s delta=-0.0066% dir=down agree=True chain=70657.61 bin=70653.30 open=70662.31 obi=-0.3797 ask_up=0.48 ask_dn=0.53 bid_up=0.47 bid_dn=0.52 halted=False[0m
[2m2026-04-09 01:16:17.356 [INFO] __main__: STATUS t=223s delta=-0.0987% dir=down agree=True chain=70592.55 bin=70576.64 open=70662.31 obi=-0.9984 ask_up=0.19 ask_dn=0.83 bid_up=0.17 bid_dn=0.81 halted=False[0m
[2m2026-04-09 01:16:47.446 [INFO] __main__: STATUS t=193s delta=-0.1172% dir=down agree=True chain=70579.50 bin=70601.92 open=70662.31 obi=-0.4433 ask_up=0.15 ask_dn=0.86 bid_up=0.14 bid_dn=0.85 halted=False[0m
[37m2026-04-09 01:17:10.016 [INFO] strategy.momentum_signal: [SKIP] rank=1 side=down reason=conditions_not_met latest_pct=-0.0656 need=<=-0.07 stddev=0.0470 max_var=0.050[0m
[2m2026-04-09 01:17:17.540 [INFO] __main__: STATUS t=162s delta=-0.0519% dir=down agree=True chain=70625.63 bin=70623.17 open=70662.31 obi=0.7366 ask_up=0.31 ask_dn=0.70 bid_up=0.30 bid_dn=0.69 halted=False[0m
[2m2026-04-09 01:17:47.642 [INFO] __main__: STATUS t=132s delta=-0.1134% dir=down agree=True chain=70582.19 bin=70573.42 open=70662.31 obi=0.9915 ask_up=0.12 ask_dn=0.89 bid_up=0.11 bid_dn=0.88 halted=False[0m
[2m2026-04-09 01:18:17.739 [INFO] __main__: STATUS t=102s delta=-0.0878% dir=down agree=True chain=70600.26 bin=70575.09 open=70662.31 obi=-0.8976 ask_up=0.15 ask_dn=0.86 bid_up=0.14 bid_dn=0.85 halted=False[0m
[2m2026-04-09 01:18:47.824 [INFO] __main__: STATUS t=72s delta=-0.1113% dir=down agree=True chain=70583.64 bin=70587.54 open=70662.31 obi=0.5202 ask_up=0.07 ask_dn=0.94 bid_up=0.06 bid_dn=0.93 halted=False[0m
[2m2026-04-09 01:19:17.919 [INFO] __main__: STATUS t=42s delta=-0.0950% dir=down agree=True chain=70595.15 bin=70590.01 open=70662.31 obi=-0.6171 ask_up=0.03 ask_dn=0.98 bid_up=0.02 bid_dn=0.97 halted=False[0m
[2m2026-04-09 01:19:48.018 [INFO] __main__: STATUS t=12s delta=-0.0724% dir=down agree=True chain=70611.14 bin=70607.09 open=70662.31 obi=-0.9955 ask_up=0.03 ask_dn=0.98 bid_up=0.02 bid_dn=0.97 halted=False[0m
[37m2026-04-09 01:20:00.055 [INFO] execution.paper_trading: paper window_ts=1775697300 [SKIP] pnl=0.0000 direction=down outcome=down - balance=$963.24 bid_up=0.01 ask_up=0.01 bid_dn=0.99 ask_dn=1.00[0m
[93m[1m2026-04-09 01:20:00.056 [INFO] risk.position_tracker: WINDOW_SUMMARY window_pnl=$0.0000 session_pnl=$-36.7595 won=$9.0605 lost=$45.8200 wr=50.0% (2/4) consec_losses=0[0m
[96m2026-04-09 01:20:00.057 [INFO] strategy.window_handler: REGIME chop_detected flips=3 delta_range=0.1631% avg_flips=3.0 over=6_windows[0m
[37m2026-04-09 01:20:00.061 [INFO] strategy.window_handler: WINDOW_DECISION [SKIP] rank=1 side=down pnl=$0.0000 entry=0.00 size=$0.00 (conditions not met)[0m
[96m[1m2026-04-09 01:20:00.062 [INFO] strategy.window_tracker: new window: btc-updown-5m-1775697600 (ts=1775697600)[0m
[96m2026-04-09 01:20:00.190 [INFO] strategy.window_handler: REGIME vol_stddev=0.110% chop_flips=3.0 outcome=4U/2D over 6w sprt=dormant llr=0.13 age=8w bankroll=$888.30[0m
[96m2026-04-09 01:20:00.190 [INFO] strategy.window_handler: KELLY wr_adj=86.9% base=94.4% total_disc=4.6% vol=5.1% chop=0.0% outcome=38.1% feedback=+0.0%[0m
[96m2026-04-09 01:20:00.191 [INFO] __main__: window open price captured: 70611.10 (chainlink)[0m
2026-04-09 01:20:01.005 [INFO] market_data.clob_market_ws: CLOB market subscribed for tokens up=722610109204 down=876333882147
[2m2026-04-09 01:20:18.248 [INFO] __main__: STATUS t=282s delta=0.0002% dir=up agree=False chain=70611.26 bin=70608.10 open=70611.10 obi=0.5314 ask_up=0.53 ask_dn=0.48 bid_up=0.52 bid_dn=0.47 halted=False[0m
[2m2026-04-09 01:20:48.331 [INFO] __main__: STATUS t=252s delta=0.0042% dir=up agree=True chain=70614.05 bin=70612.00 open=70611.10 obi=0.9374 ask_up=0.57 ask_dn=0.44 bid_up=0.56 bid_dn=0.43 halted=False[0m
[2m2026-04-09 01:21:18.428 [INFO] __main__: STATUS t=222s delta=0.0807% dir=up agree=True chain=70668.11 bin=70669.17 open=70611.10 obi=-0.0543 ask_up=0.77 ask_dn=0.24 bid_up=0.76 bid_dn=0.23 halted=False[0m
[2m2026-04-09 01:21:48.514 [INFO] __main__: STATUS t=191s delta=0.0707% dir=up agree=True chain=70661.04 bin=70655.88 open=70611.10 obi=-0.9450 ask_up=0.75 ask_dn=0.26 bid_up=0.74 bid_dn=0.25 halted=False[0m
[37m2026-04-09 01:22:10.094 [INFO] strategy.momentum_signal: [SKIP] rank=1 side=down reason=conditions_not_met latest_pct=0.0455 need=<=-0.07 stddev=0.0308 max_var=0.050[0m
[2m2026-04-09 01:22:18.620 [INFO] __main__: STATUS t=161s delta=0.0508% dir=up agree=True chain=70646.95 bin=70644.00 open=70611.10 obi=0.9989 ask_up=0.76 ask_dn=0.25 bid_up=0.75 bid_dn=0.24 halted=False[0m
2026-04-09 01:22:46.861 [INFO] shared.ipc: IPC: received authenticated signal_update (summary=signals_summary_1775697766.json)
2026-04-09 01:22:46.861 [INFO] __main__: received new signal from orchestrator: rank=1 side=Down
[2m2026-04-09 01:22:48.703 [INFO] __main__: STATUS t=131s delta=-0.0316% dir=down agree=True chain=70588.78 bin=70584.63 open=70611.10 obi=-0.4884 ask_up=0.35 ask_dn=0.66 bid_up=0.34 bid_dn=0.65 halted=False[0m
[2m2026-04-09 01:23:18.797 [INFO] __main__: STATUS t=101s delta=-0.0841% dir=down agree=True chain=70551.71 bin=70504.19 open=70611.10 obi=0.5311 ask_up=0.14 ask_dn=0.87 bid_up=0.13 bid_dn=0.86 halted=False[0m
[2m2026-04-09 01:23:48.896 [INFO] __main__: STATUS t=71s delta=-0.1469% dir=down agree=True chain=70507.37 bin=70500.00 open=70611.10 obi=-0.6834 ask_up=0.02 ask_dn=0.99 bid_up=0.01 bid_dn=0.98 halted=False[0m
[2m2026-04-09 01:24:18.997 [INFO] __main__: STATUS t=41s delta=-0.1642% dir=down agree=True chain=70495.14 bin=70480.90 open=70611.10 obi=-0.7560 ask_up=0.01 ask_dn=1.00 bid_up=0.01 bid_dn=0.99 halted=False[0m
[2m2026-04-09 01:24:49.106 [INFO] __main__: STATUS t=11s delta=-0.1046% dir=down agree=True chain=70537.25 bin=70540.96 open=70611.10 obi=0.4348 ask_up=0.01 ask_dn=1.00 bid_up=0.01 bid_dn=0.99 halted=False[0m
[37m2026-04-09 01:25:00.148 [INFO] execution.paper_trading: paper window_ts=1775697600 [SKIP] pnl=0.0000 direction=down outcome=down - balance=$963.24 bid_up=0.01 ask_up=0.01 bid_dn=0.99 ask_dn=1.00[0m
[93m[1m2026-04-09 01:25:00.150 [INFO] risk.position_tracker: WINDOW_SUMMARY window_pnl=$0.0000 session_pnl=$-36.7595 won=$9.0605 lost=$45.8200 wr=50.0% (2/4) consec_losses=0[0m
[96m2026-04-09 01:25:00.152 [INFO] strategy.window_handler: REGIME chop_detected flips=8 delta_range=0.2995% avg_flips=3.3 over=6_windows[0m
[37m2026-04-09 01:25:00.159 [INFO] strategy.window_handler: WINDOW_DECISION [SKIP] rank=1 side=down pnl=$0.0000 entry=0.00 size=$0.00 (conditions not met)[0m
2026-04-09 01:25:00.160 [INFO] strategy.window_handler: Signal changed: down_260.0_170.0_0.07_0.05 -> down_240.0_120.0_0.07_0.05 (age was 9 windows)
2026-04-09 01:25:00.160 [INFO] strategy.window_handler: SIGNAL_SWAP_ACTIVE: {"rank":1,"side":"down","observeFromS":240.0,"observeToS":120.0,"minDeltaPct":0.07,"maxVariancePct":0.05,"trainWinRatePct":93.06,"oosWinRatePct":100.0,"oosBhAdjustedPValue":4.45203e-14,"oosMatches":35,"avgEntryPrice":0.9217,"evPerTrade":0.0483,"smartScore":15.78,"wfFoldsAppeared":3,"wfTotalTestFolds":6,"wfFoldIndices":[3,4,7]}
2026-04-09 01:25:00.160 [INFO] strategy.window_handler: switched to new signal: #1 down (previous: #1 down)
[96m[1m2026-04-09 01:25:00.160 [INFO] strategy.window_tracker: new window: btc-updown-5m-1775697900 (ts=1775697900)[0m
[96m2026-04-09 01:25:00.235 [INFO] strategy.window_handler: REGIME vol_stddev=0.108% chop_flips=3.3 outcome=3U/3D over 6w sprt=dormant llr=0.00 age=0w bankroll=$888.30[0m
[96m2026-04-09 01:25:00.235 [INFO] strategy.window_handler: KELLY wr_adj=96.4% base=100.0% total_disc=0.6% vol=4.2% chop=4.8% outcome=0.0% feedback=+0.0%[0m
[96m2026-04-09 01:25:00.235 [INFO] __main__: window open price captured: 70544.89 (chainlink)[0m
2026-04-09 01:25:00.243 [INFO] market_data.clob_market_ws: CLOB market subscribed for tokens up=363616304549 down=350923258018
[2m2026-04-09 01:25:19.313 [INFO] __main__: STATUS t=281s delta=0.0161% dir=up agree=True chain=70556.25 bin=70552.55 open=70544.89 obi=-0.9690 ask_up=0.56 ask_dn=0.45 bid_up=0.55 bid_dn=0.44 halted=False[0m
[2m2026-04-09 01:25:49.410 [INFO] __main__: STATUS t=251s delta=-0.0073% dir=down agree=True chain=70539.76 bin=70536.04 open=70544.89 obi=-0.8112 ask_up=0.50 ask_dn=0.51 bid_up=0.49 bid_dn=0.50 halted=False[0m
[2m2026-04-09 01:26:19.496 [INFO] __main__: STATUS t=221s delta=0.0342% dir=up agree=True chain=70569.04 bin=70562.95 open=70544.89 obi=-0.2899 ask_up=0.61 ask_dn=0.40 bid_up=0.60 bid_dn=0.39 halted=False[0m
[2m2026-04-09 01:26:49.590 [INFO] __main__: STATUS t=190s delta=0.1225% dir=up agree=True chain=70631.31 bin=70622.82 open=70544.89 obi=-0.9603 ask_up=0.88 ask_dn=0.13 bid_up=0.87 bid_dn=0.12 halted=False[0m
[2m2026-04-09 01:27:19.681 [INFO] __main__: STATUS t=160s delta=0.0714% dir=up agree=True chain=70595.28 bin=70599.21 open=70544.89 obi=0.9698 ask_up=0.82 ask_dn=0.19 bid_up=0.81 bid_dn=0.18 halted=False[0m
[2m2026-04-09 01:27:49.770 [INFO] __main__: STATUS t=130s delta=0.0933% dir=up agree=True chain=70610.73 bin=70604.64 open=70544.89 obi=-0.0299 ask_up=0.87 ask_dn=0.14 bid_up=0.86 bid_dn=0.13 halted=False[0m
[37m2026-04-09 01:28:00.049 [INFO] strategy.momentum_signal: [SKIP] rank=1 side=down reason=conditions_not_met latest_pct=0.0902 need=<=-0.07 stddev=0.0267 max_var=0.050[0m
[2m2026-04-09 01:28:19.864 [INFO] __main__: STATUS t=100s delta=0.0870% dir=up agree=True chain=70606.24 bin=70599.01 open=70544.89 obi=-0.5250 ask_up=0.88 ask_dn=0.13 bid_up=0.87 bid_dn=0.12 halted=False[0m
[2m2026-04-09 01:28:49.954 [INFO] __main__: STATUS t=70s delta=0.0677% dir=up agree=True chain=70592.67 bin=70584.79 open=70544.89 obi=0.1177 ask_up=0.88 ask_dn=0.13 bid_up=0.87 bid_dn=0.12 halted=False[0m
[2m2026-04-09 01:29:20.053 [INFO] __main__: STATUS t=40s delta=0.0365% dir=up agree=True chain=70570.63 bin=70564.51 open=70544.89 obi=0.9117 ask_up=0.87 ask_dn=0.14 bid_up=0.86 bid_dn=0.13 halted=False[0m
[2m2026-04-09 01:29:50.130 [INFO] __main__: STATUS t=10s delta=0.0813% dir=up agree=True chain=70602.24 bin=70597.38 open=70544.89 obi=0.9661 ask_up=1.00 ask_dn=0.01 bid_up=0.99 bid_dn=0.01 halted=False[0m
[37m2026-04-09 01:30:00.172 [INFO] execution.paper_trading: paper window_ts=1775697900 [SKIP] pnl=0.0000 direction=up outcome=up - balance=$963.24 bid_up=0.99 ask_up=1.00 bid_dn=0.01 ask_dn=0.01[0m
[93m[1m2026-04-09 01:30:00.173 [INFO] risk.position_tracker: WINDOW_SUMMARY window_pnl=$0.0000 session_pnl=$-36.7595 won=$9.0605 lost=$45.8200 wr=50.0% (2/4) consec_losses=0[0m
[37m2026-04-09 01:30:00.195 [INFO] strategy.window_handler: WINDOW_DECISION [SKIP] rank=1 side=down pnl=$0.0000 entry=0.00 size=$0.00 (conditions not met)[0m
[96m[1m2026-04-09 01:30:00.198 [INFO] strategy.window_tracker: new window: btc-updown-5m-1775698200 (ts=1775698200)[0m
[96m2026-04-09 01:30:00.278 [INFO] strategy.window_handler: REGIME vol_stddev=0.111% chop_flips=3.7 outcome=3U/3D over 6w sprt=dormant llr=0.00 age=1w bankroll=$888.30[0m
[96m2026-04-09 01:30:00.278 [INFO] strategy.window_handler: KELLY wr_adj=95.9% base=100.0% total_disc=1.1% vol=5.3% chop=9.5% outcome=0.0% feedback=+0.0%[0m
[96m2026-04-09 01:30:00.279 [INFO] __main__: window open price captured: 70620.47 (chainlink)[0m
2026-04-09 01:30:00.456 [INFO] market_data.clob_market_ws: CLOB market subscribed for tokens up=446350825634 down=932610585945
[2m2026-04-09 01:30:20.356 [INFO] __main__: STATUS t=280s delta=-0.0297% dir=down agree=True chain=70599.48 bin=70596.99 open=70620.47 obi=-0.3055 ask_up=0.43 ask_dn=0.58 bid_up=0.42 bid_dn=0.57 halted=False[0m
[2m2026-04-09 01:30:50.441 [INFO] __main__: STATUS t=250s delta=-0.0313% dir=down agree=True chain=70598.34 bin=70594.16 open=70620.47 obi=0.1371 ask_up=0.39 ask_dn=0.62 bid_up=0.38 bid_dn=0.61 halted=False[0m
[2m2026-04-09 01:31:20.536 [INFO] __main__: STATUS t=219s delta=0.1058% dir=up agree=True chain=70695.18 bin=70730.99 open=70620.47 obi=0.9920 ask_up=0.82 ask_dn=0.22 bid_up=0.78 bid_dn=0.18 halted=False[0m
[2m2026-04-09 01:31:50.631 [INFO] __main__: STATUS t=189s delta=0.1492% dir=up agree=True chain=70725.82 bin=70726.05 open=70620.47 obi=0.2289 ask_up=0.90 ask_dn=0.11 bid_up=0.89 bid_dn=0.10 halted=False[0m
[2m2026-04-09 01:32:20.724 [INFO] __main__: STATUS t=159s delta=0.2059% dir=up agree=True chain=70765.86 bin=70794.88 open=70620.47 obi=0.7676 ask_up=0.97 ask_dn=0.04 bid_up=0.96 bid_dn=0.03 halted=False[0m
[2m2026-04-09 01:32:50.815 [INFO] __main__: STATUS t=129s delta=0.2793% dir=up agree=True chain=70817.71 bin=70817.08 open=70620.47 obi=0.7405 ask_up=0.99 ask_dn=0.02 bid_up=0.98 bid_dn=0.01 halted=False[0m
[37m2026-04-09 01:33:00.102 [INFO] strategy.momentum_signal: [SKIP] rank=1 side=down reason=conditions_not_met latest_pct=0.2599 need=<=-0.07 stddev=0.0821 max_var=0.050[0m
[2m2026-04-09 01:33:20.915 [INFO] __main__: STATUS t=99s delta=0.2857% dir=up agree=True chain=70822.20 bin=70819.00 open=70620.47 obi=0.0556 ask_up=1.00 ask_dn=0.01 bid_up=0.99 bid_dn=0.01 halted=False[0m
[2m2026-04-09 01:33:51.012 [INFO] __main__: STATUS t=69s delta=0.2913% dir=up agree=True chain=70826.19 bin=70821.00 open=70620.47 obi=0.3821 ask_up=1.00 ask_dn=0.00 bid_up=1.00 bid_dn=0.00 halted=False[0m
[2m2026-04-09 01:34:21.108 [INFO] __main__: STATUS t=39s delta=0.2809% dir=up agree=True chain=70818.82 bin=70815.52 open=70620.47 obi=0.1158 ask_up=1.00 ask_dn=0.00 bid_up=1.00 bid_dn=0.00 halted=False[0m
[2m2026-04-09 01:34:51.201 [INFO] __main__: STATUS t=9s delta=0.3034% dir=up agree=True chain=70834.76 bin=70829.76 open=70620.47 obi=-0.9559 ask_up=1.00 ask_dn=0.00 bid_up=1.00 bid_dn=0.00 halted=False[0m
[37m2026-04-09 01:35:00.234 [INFO] execution.paper_trading: paper window_ts=1775698200 [SKIP] pnl=0.0000 direction=up outcome=up - balance=$963.24 bid_up=1.00 ask_up=1.00 bid_dn=0.00 ask_dn=0.00[0m
[93m[1m2026-04-09 01:35:00.234 [INFO] risk.position_tracker: WINDOW_SUMMARY window_pnl=$0.0000 session_pnl=$-36.7595 won=$9.0605 lost=$45.8200 wr=50.0% (2/4) consec_losses=0[0m
[96m2026-04-09 01:35:00.236 [INFO] strategy.window_handler: REGIME chop_detected flips=3 delta_range=0.3635% avg_flips=3.3 over=6_windows[0m
[37m2026-04-09 01:35:00.240 [INFO] strategy.window_handler: WINDOW_DECISION [SKIP] rank=1 side=down pnl=$0.0000 entry=0.00 size=$0.00 (conditions not met)[0m
[96m[1m2026-04-09 01:35:00.240 [INFO] strategy.window_tracker: new window: btc-updown-5m-1775698500 (ts=1775698500)[0m
[96m2026-04-09 01:35:00.289 [INFO] strategy.window_handler: REGIME vol_stddev=0.117% chop_flips=3.3 outcome=3U/3D over 6w sprt=dormant llr=0.00 age=2w bankroll=$888.30[0m
[96m2026-04-09 01:35:00.290 [INFO] strategy.window_handler: KELLY wr_adj=96.0% base=100.0% total_disc=1.0% vol=8.7% chop=4.8% outcome=0.0% feedback=+0.0%[0m
[96m2026-04-09 01:35:00.290 [INFO] __main__: window open price captured: 70829.65 (chainlink)[0m
2026-04-09 01:35:00.682 [INFO] market_data.clob_market_ws: CLOB market subscribed for tokens up=974177374676 down=108633239463
[2m2026-04-09 01:35:21.358 [INFO] __main__: STATUS t=279s delta=-0.0227% dir=down agree=True chain=70813.59 bin=70806.24 open=70829.65 obi=0.3393 ask_up=0.47 ask_dn=0.54 bid_up=0.46 bid_dn=0.53 halted=False[0m
[2m2026-04-09 01:35:51.452 [INFO] __main__: STATUS t=249s delta=-0.0646% dir=down agree=True chain=70783.86 bin=70780.11 open=70829.65 obi=-0.7911 ask_up=0.34 ask_dn=0.67 bid_up=0.33 bid_dn=0.66 halted=False[0m
[2m2026-04-09 01:36:21.562 [INFO] __main__: STATUS t=218s delta=-0.0455% dir=down agree=True chain=70797.39 bin=70776.67 open=70829.65 obi=-0.6006 ask_up=0.37 ask_dn=0.64 bid_up=0.36 bid_dn=0.63 halted=False[0m
[2m2026-04-09 01:36:51.649 [INFO] __main__: STATUS t=188s delta=-0.0548% dir=down agree=True chain=70790.81 bin=70792.25 open=70829.65 obi=0.2593 ask_up=0.31 ask_dn=0.70 bid_up=0.30 bid_dn=0.69 halted=False[0m
[2m2026-04-09 01:37:21.737 [INFO] __main__: STATUS t=158s delta=-0.0743% dir=down agree=True chain=70777.06 bin=70772.51 open=70829.65 obi=-0.4021 ask_up=0.24 ask_dn=0.77 bid_up=0.23 bid_dn=0.76 halted=False[0m
[2m2026-04-09 01:37:51.829 [INFO] __main__: STATUS t=128s delta=-0.1009% dir=down agree=True chain=70758.17 bin=70753.03 open=70829.65 obi=-0.1114 ask_up=0.16 ask_dn=0.85 bid_up=0.15 bid_dn=0.84 halted=False[0m
[96m2026-04-09 01:38:00.113 [INFO] strategy.momentum_signal: KELLY sizing: p_adj=0.960 base=0.970 total_disc=0.010 vol=0.087 chop=0.048 outcome=0.000 feedback=+0.000[0m
[96m2026-04-09 01:38:00.114 [INFO] strategy.momentum_signal: KELLY bet: entry=0.82 raw_f=0.775 frac_f=0.194 bankroll=$888.30 kelly_bet=$22.21 sprt=1.00 final=$22.21[0m
[92m[1m2026-04-09 01:38:00.114 [INFO] strategy.momentum_signal: FIRED rank=1 side=down t=119.9s dir=-0.0964% stddev=0.0192% n=478 oos_wr=100.0% bh_p=4.45e-14 avg_entry=0.92 ask=0.82 size=$22.21[0m
2026-04-09 01:38:00.115 [INFO] execution.paper_trading: paper momentum1 maker: id=paper-6 price=0.81 size=27.4198 [resting]
2026-04-09 01:38:00.116 [INFO] strategy.momentum_signal: MAKER PLACED rank=1 side=down price=0.81 (ask=0.82 -1tick) size=$22.21 timeout=20s
2026-04-09 01:38:01.855 [INFO] shared.ipc: IPC: received authenticated signal_update (summary=signals_summary_1775698681.json)
2026-04-09 01:38:01.855 [INFO] __main__: received new signal from orchestrator: rank=1 side=Down
[92m[1m2026-04-09 01:38:02.626 [INFO] execution.paper_trading: paper momentum1 maker fill: id=paper-6 price=0.81[0m
2026-04-09 01:38:02.627 [INFO] strategy.momentum_signal: MAKER FILLED rank=1 side=down price=0.81 size=$22.21
[2m2026-04-09 01:38:21.932 [INFO] __main__: STATUS t=98s delta=-0.1125% dir=down agree=True chain=70749.96 bin=70760.09 open=70829.65 obi=0.2803 ask_up=0.13 ask_dn=0.89 bid_up=0.11 bid_dn=0.87 halted=False[0m
[2m2026-04-09 01:38:52.031 [INFO] __main__: STATUS t=68s delta=-0.0454% dir=down agree=True chain=70797.49 bin=70789.17 open=70829.65 obi=-0.1855 ask_up=0.24 ask_dn=0.77 bid_up=0.23 bid_dn=0.76 halted=False[0m
[2m2026-04-09 01:39:22.125 [INFO] __main__: STATUS t=38s delta=-0.0794% dir=down agree=True chain=70773.42 bin=70768.02 open=70829.65 obi=0.3570 ask_up=0.07 ask_dn=0.94 bid_up=0.06 bid_dn=0.93 halted=False[0m
[2m2026-04-09 01:39:52.214 [INFO] __main__: STATUS t=8s delta=-0.0661% dir=down agree=True chain=70782.84 bin=70778.91 open=70829.65 obi=-0.7928 ask_up=0.02 ask_dn=0.99 bid_up=0.01 bid_dn=0.98 halted=False[0m
[92m[1m2026-04-09 01:40:00.246 [INFO] execution.paper_trading: paper window_ts=1775698500 [WIN] pnl=5.2098 direction=down outcome=down rule#1(fill) balance=$968.45 bid_up=0.01 ask_up=0.01 bid_dn=0.99 ask_dn=1.00[0m
[93m[1m2026-04-09 01:40:00.246 [INFO] risk.position_tracker: WINDOW_SUMMARY window_pnl=$5.2098 session_pnl=$-31.5497 won=$14.2703 lost=$45.8200 wr=60.0% (3/5) consec_losses=0[0m
[92m[1m2026-04-09 01:40:00.252 [INFO] strategy.window_handler: WINDOW_DECISION [WIN] rank=1 side=down pnl=$5.2098 entry=0.81 size=$22.21[0m
2026-04-09 01:40:00.253 [INFO] strategy.window_handler: Signal changed: down_240.0_120.0_0.07_0.05 -> down_270.0_200.0_0.07_0.05 (age was 3 windows)
2026-04-09 01:40:00.255 [INFO] strategy.window_handler: SIGNAL_SWAP_ACTIVE: {"rank":1,"side":"down","observeFromS":270.0,"observeToS":200.0,"minDeltaPct":0.07,"maxVariancePct":0.05,"trainWinRatePct":86.67,"oosWinRatePct":94.74,"oosBhAdjustedPValue":8.39554e-09,"oosMatches":38,"avgEntryPrice":0.8147,"evPerTrade":0.1026,"smartScore":24.32,"wfFoldsAppeared":3,"wfTotalTestFolds":6,"wfFoldIndices":[2,6,7]}
2026-04-09 01:40:00.255 [INFO] strategy.window_handler: switched to new signal: #1 down (previous: #1 down)
[96m[1m2026-04-09 01:40:00.255 [INFO] strategy.window_tracker: new window: btc-updown-5m-1775698800 (ts=1775698800)[0m
[96m2026-04-09 01:40:00.324 [INFO] strategy.window_handler: REGIME vol_stddev=0.116% chop_flips=3.2 outcome=3U/3D over 6w sprt=dormant llr=0.00 age=0w bankroll=$893.41[0m
[96m2026-04-09 01:40:00.324 [INFO] strategy.window_handler: KELLY wr_adj=90.8% base=94.7% total_disc=1.0% vol=8.1% chop=2.4% outcome=0.0% feedback=+0.0%[0m
[96m2026-04-09 01:40:00.324 [INFO] __main__: window open price captured: 70774.29 (chainlink)[0m
2026-04-09 01:40:00.925 [INFO] market_data.clob_market_ws: CLOB market subscribed for tokens up=124279388133 down=658481168475
[2m2026-04-09 01:40:22.395 [INFO] __main__: STATUS t=278s delta=-0.0211% dir=down agree=True chain=70759.38 bin=70754.66 open=70774.29 obi=0.9944 ask_up=0.47 ask_dn=0.54 bid_up=0.46 bid_dn=0.53 halted=False[0m
[2m2026-04-09 01:40:52.483 [INFO] __main__: STATUS t=248s delta=0.0050% dir=up agree=False chain=70777.80 bin=70772.22 open=70774.29 obi=-0.9972 ask_up=0.51 ask_dn=0.51 bid_up=0.49 bid_dn=0.49 halted=False[0m
[2m2026-04-09 01:41:22.583 [INFO] __main__: STATUS t=217s delta=-0.0168% dir=down agree=True chain=70762.39 bin=70763.09 open=70774.29 obi=0.9797 ask_up=0.45 ask_dn=0.56 bid_up=0.44 bid_dn=0.55 halted=False[0m
[37m2026-04-09 01:41:40.138 [INFO] strategy.momentum_signal: [SKIP] rank=1 side=down reason=conditions_not_met latest_pct=-0.0231 need=<=-0.07 stddev=0.0147 max_var=0.050[0m
[2m2026-04-09 01:41:52.672 [INFO] __main__: STATUS t=187s delta=-0.0229% dir=down agree=True chain=70758.10 bin=70751.65 open=70774.29 obi=-0.6011 ask_up=0.37 ask_dn=0.64 bid_up=0.36 bid_dn=0.63 halted=False[0m
[2m2026-04-09 01:42:22.790 [INFO] __main__: STATUS t=157s delta=-0.0160% dir=down agree=True chain=70762.99 bin=70760.30 open=70774.29 obi=-0.6267 ask_up=0.42 ask_dn=0.59 bid_up=0.41 bid_dn=0.58 halted=False[0m
[2m2026-04-09 01:42:52.880 [INFO] __main__: STATUS t=127s delta=-0.0150% dir=down agree=True chain=70763.65 bin=70773.73 open=70774.29 obi=0.9024 ask_up=0.48 ask_dn=0.53 bid_up=0.47 bid_dn=0.52 halted=False[0m
[93m2026-04-09 01:43:22.839 [WARNING] utils.reconnect: rtds disconnected: no close frame received or sent — reconnecting in 0.6s[0m
[2m2026-04-09 01:43:22.974 [INFO] __main__: STATUS t=97s delta=-0.0045% dir=down agree=True chain=70771.11 bin=70765.18 open=70774.29 obi=0.2430 ask_up=0.49 ask_dn=0.52 bid_up=0.48 bid_dn=0.51 halted=False[0m
2026-04-09 01:43:23.539 [INFO] utils.reconnect: rtds connected to wss://ws-live-data.polymarket.com
2026-04-09 01:43:23.539 [INFO] market_data.rtds_ws: RTDS subscribed to chainlink
[2m2026-04-09 01:43:53.074 [INFO] __main__: STATUS t=67s delta=0.0021% dir=up agree=False chain=70775.82 bin=70770.05 open=70774.29 obi=-0.0054 ask_up=0.52 ask_dn=0.49 bid_up=0.51 bid_dn=0.48 halted=False[0m
[2m2026-04-09 01:44:23.176 [INFO] __main__: STATUS t=37s delta=-0.0154% dir=down agree=True chain=70763.42 bin=70753.53 open=70774.29 obi=0.1091 ask_up=0.28 ask_dn=0.73 bid_up=0.27 bid_dn=0.72 halted=False[0m
[2m2026-04-09 01:44:53.263 [INFO] __main__: STATUS t=7s delta=-0.0124% dir=down agree=True chain=70765.49 bin=70764.88 open=70774.29 obi=-0.7919 ask_up=0.23 ask_dn=0.78 bid_up=0.22 bid_dn=0.77 halted=False[0m
[37m2026-04-09 01:45:00.036 [INFO] execution.paper_trading: paper window_ts=1775698800 [SKIP] pnl=0.0000 direction=down outcome=down - balance=$968.45 bid_up=0.04 ask_up=0.01 bid_dn=0.99 ask_dn=1.00[0m
[93m[1m2026-04-09 01:45:00.036 [INFO] risk.position_tracker: WINDOW_SUMMARY window_pnl=$0.0000 session_pnl=$-31.5497 won=$14.2703 lost=$45.8200 wr=60.0% (3/5) consec_losses=0[0m
[96m2026-04-09 01:45:00.038 [INFO] strategy.window_handler: REGIME chop_detected flips=16 delta_range=0.0502% avg_flips=5.3 over=6_windows[0m
[37m2026-04-09 01:45:00.042 [INFO] strategy.window_handler: WINDOW_DECISION [SKIP] rank=1 side=down pnl=$0.0000 entry=0.00 size=$0.00 (conditions not met)[0m
[96m[1m2026-04-09 01:45:00.042 [INFO] strategy.window_tracker: new window: btc-updown-5m-1775699100 (ts=1775699100)[0m
[96m2026-04-09 01:45:00.144 [INFO] strategy.window_handler: REGIME vol_stddev=0.116% chop_flips=5.3 outcome=2U/4D over 6w sprt=dormant llr=0.00 age=1w bankroll=$893.41[0m
[96m2026-04-09 01:45:00.144 [INFO] strategy.window_handler: KELLY wr_adj=87.7% base=94.7% total_disc=4.0% vol=8.1% chop=33.3% outcome=0.0% feedback=+0.0%[0m
[96m2026-04-09 01:45:00.144 [INFO] __main__: window open price captured: 70765.69 (chainlink)[0m
2026-04-09 01:45:00.147 [INFO] market_data.clob_market_ws: CLOB market subscribed for tokens up=339608305128 down=530569874478
[2m2026-04-09 01:45:23.473 [INFO] __main__: STATUS t=277s delta=0.0011% dir=up agree=False chain=70766.50 bin=70763.27 open=70765.69 obi=-0.9914 ask_up=0.50 ask_dn=0.51 bid_up=0.49 bid_dn=0.50 halted=False[0m
[2m2026-04-09 01:45:53.562 [INFO] __main__: STATUS t=246s delta=0.0250% dir=up agree=True chain=70783.37 bin=70776.53 open=70765.69 obi=-0.9733 ask_up=0.58 ask_dn=0.43 bid_up=0.57 bid_dn=0.42 halted=False[0m
[2m2026-04-09 01:46:23.651 [INFO] __main__: STATUS t=216s delta=0.0348% dir=up agree=True chain=70790.32 bin=70779.32 open=70765.69 obi=-0.9363 ask_up=0.62 ask_dn=0.39 bid_up=0.61 bid_dn=0.38 halted=False[0m
[37m2026-04-09 01:46:40.202 [INFO] strategy.momentum_signal: [SKIP] rank=1 side=down reason=conditions_not_met latest_pct=-0.0035 need=<=-0.07 stddev=0.0158 max_var=0.050[0m
[2m2026-04-09 01:46:53.745 [INFO] __main__: STATUS t=186s delta=-0.0009% dir=down agree=True chain=70765.06 bin=70751.85 open=70765.69 obi=-0.9891 ask_up=0.46 ask_dn=0.55 bid_up=0.45 bid_dn=0.54 halted=False[0m
[2m2026-04-09 01:47:23.837 [INFO] __main__: STATUS t=156s delta=-0.0275% dir=down agree=True chain=70746.25 bin=70727.44 open=70765.69 obi=-0.2976 ask_up=0.23 ask_dn=0.78 bid_up=0.22 bid_dn=0.77 halted=False[0m
[2m2026-04-09 01:47:53.937 [INFO] __main__: STATUS t=126s delta=-0.0667% dir=down agree=True chain=70718.50 bin=70719.12 open=70765.69 obi=0.5079 ask_up=0.20 ask_dn=0.81 bid_up=0.19 bid_dn=0.80 halted=False[0m
[2m2026-04-09 01:48:24.033 [INFO] __main__: STATUS t=96s delta=-0.0558% dir=down agree=True chain=70726.21 bin=70709.18 open=70765.69 obi=-0.8628 ask_up=0.27 ask_dn=0.74 bid_up=0.26 bid_dn=0.73 halted=False[0m
[2m2026-04-09 01:48:54.126 [INFO] __main__: STATUS t=66s delta=-0.0478% dir=down agree=True chain=70731.85 bin=70736.25 open=70765.69 obi=0.9919 ask_up=0.34 ask_dn=0.67 bid_up=0.33 bid_dn=0.66 halted=False[0m
[2m2026-04-09 01:49:24.214 [INFO] __main__: STATUS t=36s delta=0.0607% dir=up agree=True chain=70808.67 bin=70804.00 open=70765.69 obi=-0.0905 ask_up=0.95 ask_dn=0.06 bid_up=0.94 bid_dn=0.05 halted=False[0m
[2m2026-04-09 01:49:54.311 [INFO] __main__: STATUS t=6s delta=0.1089% dir=up agree=True chain=70842.78 bin=70832.50 open=70765.69 obi=-0.6884 ask_up=1.00 ask_dn=0.01 bid_up=0.99 bid_dn=0.01 halted=False[0m
[37m2026-04-09 01:50:00.081 [INFO] execution.paper_trading: paper window_ts=1775699100 [SKIP] pnl=0.0000 direction=up outcome=up - balance=$968.45 bid_up=0.99 ask_up=1.00 bid_dn=0.01 ask_dn=0.01[0m
[93m[1m2026-04-09 01:50:00.081 [INFO] risk.position_tracker: WINDOW_SUMMARY window_pnl=$0.0000 session_pnl=$-31.5497 won=$14.2703 lost=$45.8200 wr=60.0% (3/5) consec_losses=0[0m
[96m2026-04-09 01:50:00.083 [INFO] strategy.window_handler: REGIME chop_detected flips=7 delta_range=0.2133% avg_flips=6.0 over=6_windows[0m
[37m2026-04-09 01:50:00.086 [INFO] strategy.window_handler: WINDOW_DECISION [SKIP] rank=1 side=down pnl=$0.0000 entry=0.00 size=$0.00 (conditions not met)[0m
[96m[1m2026-04-09 01:50:00.088 [INFO] strategy.window_tracker: new window: btc-updown-5m-1775699400 (ts=1775699400)[0m
[96m2026-04-09 01:50:00.199 [INFO] strategy.window_handler: REGIME vol_stddev=0.117% chop_flips=6.0 outcome=3U/3D over 6w sprt=dormant llr=0.00 age=2w bankroll=$893.41[0m
[96m2026-04-09 01:50:00.199 [INFO] strategy.window_handler: KELLY wr_adj=86.6% base=94.7% total_disc=5.1% vol=8.4% chop=42.9% outcome=0.0% feedback=+0.0%[0m
[96m2026-04-09 01:50:00.199 [INFO] __main__: window open price captured: 70831.48 (chainlink)[0m
2026-04-09 01:50:00.364 [INFO] market_data.clob_market_ws: CLOB market subscribed for tokens up=685181207000 down=475777666574
[2m2026-04-09 01:50:24.527 [INFO] __main__: STATUS t=275s delta=0.0289% dir=up agree=True chain=70851.92 bin=70848.63 open=70831.48 obi=0.7513 ask_up=0.58 ask_dn=0.43 bid_up=0.57 bid_dn=0.42 halted=False[0m
[2m2026-04-09 01:50:54.622 [INFO] __main__: STATUS t=245s delta=0.0999% dir=up agree=True chain=70902.23 bin=70893.37 open=70831.48 obi=-0.9113 ask_up=0.80 ask_dn=0.21 bid_up=0.79 bid_dn=0.20 halted=False[0m
[2m2026-04-09 01:51:24.716 [INFO] __main__: STATUS t=215s delta=0.0808% dir=up agree=True chain=70888.71 bin=70883.49 open=70831.48 obi=-0.5592 ask_up=0.76 ask_dn=0.25 bid_up=0.75 bid_dn=0.24 halted=False[0m
[37m2026-04-09 01:51:40.017 [INFO] strategy.momentum_signal: [SKIP] rank=1 side=down reason=conditions_not_met latest_pct=0.0810 need=<=-0.07 stddev=0.0162 max_var=0.050[0m
[2m2026-04-09 01:51:54.814 [INFO] __main__: STATUS t=185s delta=0.0591% dir=up agree=True chain=70873.36 bin=70868.68 open=70831.48 obi=-0.6865 ask_up=0.70 ask_dn=0.31 bid_up=0.69 bid_dn=0.30 halted=False[0m
[2m2026-04-09 01:52:24.908 [INFO] __main__: STATUS t=155s delta=0.0667% dir=up agree=True chain=70878.76 bin=70873.28 open=70831.48 obi=-0.9954 ask_up=0.75 ask_dn=0.26 bid_up=0.74 bid_dn=0.25 halted=False[0m
[2m2026-04-09 01:52:54.996 [INFO] __main__: STATUS t=125s delta=0.0976% dir=up agree=True chain=70900.57 bin=70900.00 open=70831.48 obi=-0.1768 ask_up=0.90 ask_dn=0.11 bid_up=0.89 bid_dn=0.10 halted=False[0m
2026-04-09 01:53:16.890 [INFO] shared.ipc: IPC: received authenticated signal_update (summary=signals_summary_1775699596.json)
2026-04-09 01:53:16.891 [INFO] __main__: received new signal from orchestrator: rank=1 side=Down
[2m2026-04-09 01:53:25.105 [INFO] __main__: STATUS t=95s delta=0.1047% dir=up agree=True chain=70905.63 bin=70899.99 open=70831.48 obi=0.9113 ask_up=0.92 ask_dn=0.09 bid_up=0.91 bid_dn=0.08 halted=False[0m
[2m2026-04-09 01:53:55.204 [INFO] __main__: STATUS t=65s delta=0.1074% dir=up agree=True chain=70907.58 bin=70888.98 open=70831.48 obi=-0.3642 ask_up=0.92 ask_dn=0.10 bid_up=0.90 bid_dn=0.08 halted=False[0m
[2m2026-04-09 01:54:25.311 [INFO] __main__: STATUS t=35s delta=0.1054% dir=up agree=True chain=70906.12 bin=70902.80 open=70831.48 obi=0.5636 ask_up=0.98 ask_dn=0.03 bid_up=0.97 bid_dn=0.02 halted=False[0m
[2m2026-04-09 01:54:55.402 [INFO] __main__: STATUS t=5s delta=0.1799% dir=up agree=True chain=70958.91 bin=70950.36 open=70831.48 obi=-0.9593 ask_up=1.00 ask_dn=0.01 bid_up=0.99 bid_dn=0.01 halted=False[0m
[37m2026-04-09 01:55:00.168 [INFO] execution.paper_trading: paper window_ts=1775699400 [SKIP] pnl=0.0000 direction=up outcome=up - balance=$968.45 bid_up=0.99 ask_up=1.00 bid_dn=0.01 ask_dn=0.01[0m
[93m[1m2026-04-09 01:55:00.168 [INFO] risk.position_tracker: WINDOW_SUMMARY window_pnl=$0.0000 session_pnl=$-31.5497 won=$14.2703 lost=$45.8200 wr=60.0% (3/5) consec_losses=0[0m
[37m2026-04-09 01:55:00.174 [INFO] strategy.window_handler: WINDOW_DECISION [SKIP] rank=1 side=down pnl=$0.0000 entry=0.00 size=$0.00 (conditions not met)[0m
2026-04-09 01:55:00.175 [INFO] strategy.window_handler: Signal changed: down_270.0_200.0_0.07_0.05 -> down_240.0_120.0_0.07_0.05 (age was 3 windows)
2026-04-09 01:55:00.175 [INFO] strategy.window_handler: SIGNAL_SWAP_ACTIVE: {"rank":1,"side":"down","observeFromS":240.0,"observeToS":120.0,"minDeltaPct":0.07,"maxVariancePct":0.05,"trainWinRatePct":93.15,"oosWinRatePct":97.83,"oosBhAdjustedPValue":1.58396e-14,"oosMatches":46,"avgEntryPrice":0.9211,"evPerTrade":0.0272,"smartScore":13.31,"wfFoldsAppeared":4,"wfTotalTestFolds":6,"wfFoldIndices":[2,3,4,7]}
2026-04-09 01:55:00.175 [INFO] strategy.window_handler: switched to new signal: #1 down (previous: #1 down)
[96m[1m2026-04-09 01:55:00.175 [INFO] strategy.window_tracker: new window: btc-updown-5m-1775699700 (ts=1775699700)[0m
[96m2026-04-09 01:55:00.229 [INFO] strategy.window_handler: REGIME vol_stddev=0.122% chop_flips=4.7 outcome=4U/2D over 6w sprt=dormant llr=0.00 age=0w bankroll=$893.41[0m
[96m2026-04-09 01:55:00.230 [INFO] strategy.window_handler: KELLY wr_adj=90.3% base=97.8% total_disc=4.6% vol=11.2% chop=23.8% outcome=38.1% feedback=+0.0%[0m
[96m2026-04-09 01:55:00.230 [INFO] __main__: window open price captured: 70952.00 (chainlink)[0m
2026-04-09 01:55:00.576 [INFO] market_data.clob_market_ws: CLOB market subscribed for tokens up=734377081257 down=740458014239
[93m2026-04-09 01:55:24.156 [WARNING] utils.reconnect: clob-market disconnected: no close frame received or sent — reconnecting in 1.3s[0m
2026-04-09 01:55:25.514 [INFO] utils.reconnect: clob-market connected to wss://ws-subscriptions-clob.polymarket.com/ws/market
2026-04-09 01:55:25.514 [INFO] market_data.clob_market_ws: CLOB market subscribed for tokens up=734377081257 down=740458014239
[2m2026-04-09 01:55:25.566 [INFO] __main__: STATUS t=274s delta=-0.0210% dir=down agree=True chain=70937.08 bin=70940.00 open=70952.00 obi=-0.0652 ask_up=0.48 ask_dn=0.53 bid_up=0.47 bid_dn=0.52 halted=False[0m
[2m2026-04-09 01:55:55.658 [INFO] __main__: STATUS t=244s delta=-0.0308% dir=down agree=True chain=70930.14 bin=70930.30 open=70952.00 obi=-0.1274 ask_up=0.43 ask_dn=0.58 bid_up=0.42 bid_dn=0.57 halted=False[0m
[2m2026-04-09 01:56:25.748 [INFO] __main__: STATUS t=214s delta=-0.0358% dir=down agree=True chain=70926.58 bin=70926.95 open=70952.00 obi=0.5771 ask_up=0.99 ask_dn=0.99 bid_up=0.01 bid_dn=0.01 halted=False[0m
[2m2026-04-09 01:56:55.839 [INFO] __main__: STATUS t=184s delta=-0.0002% dir=down agree=True chain=70951.83 bin=70948.62 open=70952.00 obi=0.0049 ask_up=0.99 ask_dn=0.99 bid_up=0.01 bid_dn=0.01 halted=False[0m
[2m2026-04-09 01:57:25.929 [INFO] __main__: STATUS t=154s delta=-0.0268% dir=down agree=True chain=70932.97 bin=70928.75 open=70952.00 obi=-0.0495 ask_up=0.41 ask_dn=0.60 bid_up=0.40 bid_dn=0.59 halted=False[0m
[2m2026-04-09 01:57:56.025 [INFO] __main__: STATUS t=124s delta=-0.0375% dir=down agree=True chain=70925.43 bin=70923.26 open=70952.00 obi=-0.6448 ask_up=0.33 ask_dn=0.68 bid_up=0.32 bid_dn=0.67 halted=False[0m
[37m2026-04-09 01:58:00.039 [INFO] strategy.momentum_signal: [SKIP] rank=1 side=down reason=conditions_not_met latest_pct=-0.0405 need=<=-0.07 stddev=0.0119 max_var=0.050[0m
[2m2026-04-09 01:58:26.120 [INFO] __main__: STATUS t=94s delta=-0.0483% dir=down agree=True chain=70917.73 bin=70916.72 open=70952.00 obi=-0.0705 ask_up=0.24 ask_dn=0.77 bid_up=0.23 bid_dn=0.76 halted=False[0m
[2m2026-04-09 01:58:56.211 [INFO] __main__: STATUS t=64s delta=-0.0329% dir=down agree=True chain=70928.64 bin=70926.63 open=70952.00 obi=-0.4569 ask_up=0.29 ask_dn=0.72 bid_up=0.28 bid_dn=0.71 halted=False[0m
[2m2026-04-09 01:59:26.302 [INFO] __main__: STATUS t=34s delta=-0.0521% dir=down agree=True chain=70915.03 bin=70914.00 open=70952.00 obi=0.4324 ask_up=0.10 ask_dn=0.91 bid_up=0.09 bid_dn=0.90 halted=False[0m
[2m2026-04-09 01:59:56.387 [INFO] __main__: STATUS t=4s delta=-0.0387% dir=down agree=True chain=70924.57 bin=70922.35 open=70952.00 obi=-0.9658 ask_up=0.99 ask_dn=0.99 bid_up=0.01 bid_dn=0.01 halted=False[0m
[37m2026-04-09 02:00:00.151 [INFO] execution.paper_trading: paper window_ts=1775699700 [SKIP] pnl=0.0000 direction=down outcome=down - balance=$968.45 bid_up=0.01 ask_up=0.01 bid_dn=0.99 ask_dn=1.00[0m
[93m[1m2026-04-09 02:00:00.151 [INFO] risk.position_tracker: WINDOW_SUMMARY window_pnl=$0.0000 session_pnl=$-31.5497 won=$14.2703 lost=$45.8200 wr=60.0% (3/5) consec_losses=0[0m
[37m2026-04-09 02:00:00.156 [INFO] strategy.window_handler: WINDOW_DECISION [SKIP] rank=1 side=down pnl=$0.0000 entry=0.00 size=$0.00 (conditions not met)[0m
[96m[1m2026-04-09 02:00:00.157 [INFO] strategy.window_tracker: new window: btc-updown-5m-1775700000 (ts=1775700000)[0m
[96m2026-04-09 02:00:00.285 [INFO] strategy.window_handler: REGIME vol_stddev=0.122% chop_flips=4.7 outcome=3U/3D over 6w sprt=dormant llr=0.00 age=1w bankroll=$893.41[0m
[96m2026-04-09 02:00:00.286 [INFO] strategy.window_handler: KELLY wr_adj=92.0% base=97.8% total_disc=2.9% vol=11.2% chop=23.8% outcome=0.0% feedback=+0.0%[0m
[96m2026-04-09 02:00:00.286 [INFO] __main__: window open price captured: 70930.32 (chainlink)[0m
2026-04-09 02:00:00.694 [INFO] market_data.clob_market_ws: CLOB market subscribed for tokens up=982245693389 down=826404858669
[2m2026-04-09 02:00:26.618 [INFO] __main__: STATUS t=273s delta=0.0322% dir=up agree=True chain=70953.19 bin=70949.03 open=70930.32 obi=0.8068 ask_up=0.65 ask_dn=0.36 bid_up=0.64 bid_dn=0.35 halted=False[0m
[2m2026-04-09 02:00:56.717 [INFO] __main__: STATUS t=243s delta=0.0828% dir=up agree=True chain=70989.05 bin=70983.99 open=70930.32 obi=0.4317 ask_up=0.77 ask_dn=0.28 bid_up=0.72 bid_dn=0.23 halted=False[0m
[2m2026-04-09 02:01:26.838 [INFO] __main__: STATUS t=213s delta=0.0840% dir=up agree=True chain=70989.90 bin=70989.24 open=70930.32 obi=0.3124 ask_up=0.75 ask_dn=0.26 bid_up=0.74 bid_dn=0.25 halted=False[0m
[2m2026-04-09 02:01:56.934 [INFO] __main__: STATUS t=183s delta=0.0811% dir=up agree=True chain=70987.86 bin=70980.58 open=70930.32 obi=-0.9903 ask_up=0.99 ask_dn=0.32 bid_up=0.01 bid_dn=0.30 halted=False[0m
[2m2026-04-09 02:02:27.027 [INFO] __main__: STATUS t=153s delta=0.0455% dir=up agree=True chain=70962.56 bin=70980.56 open=70930.32 obi=-0.4383 ask_up=0.74 ask_dn=0.27 bid_up=0.73 bid_dn=0.26 halted=False[0m
[2m2026-04-09 02:02:57.112 [INFO] __main__: STATUS t=123s delta=0.0454% dir=up agree=True chain=70962.55 bin=70961.16 open=70930.32 obi=-0.9905 ask_up=0.63 ask_dn=0.38 bid_up=0.62 bid_dn=0.37 halted=False[0m
[37m2026-04-09 02:03:00.121 [INFO] strategy.momentum_signal: [SKIP] rank=1 side=down reason=conditions_not_met latest_pct=0.0408 need=<=-0.07 stddev=0.0201 max_var=0.050[0m
[2m2026-04-09 02:03:27.201 [INFO] __main__: STATUS t=93s delta=0.0270% dir=up agree=True chain=70949.45 bin=70940.00 open=70930.32 obi=-0.9022 ask_up=0.63 ask_dn=0.39 bid_up=0.61 bid_dn=0.37 halted=False[0m
[2m2026-04-09 02:03:57.298 [INFO] __main__: STATUS t=63s delta=-0.0061% dir=down agree=True chain=70926.02 bin=70925.45 open=70930.32 obi=-0.0773 ask_up=0.31 ask_dn=0.70 bid_up=0.30 bid_dn=0.69 halted=False[0m
[2m2026-04-09 02:04:27.384 [INFO] __main__: STATUS t=33s delta=-0.0282% dir=down agree=True chain=70910.33 bin=70907.00 open=70930.32 obi=-0.3034 ask_up=0.09 ask_dn=0.92 bid_up=0.08 bid_dn=0.91 halted=False[0m
[2m2026-04-09 02:04:57.477 [INFO] __main__: STATUS t=3s delta=-0.0673% dir=down agree=True chain=70882.57 bin=70881.57 open=70930.32 obi=0.3111 ask_up=0.01 ask_dn=1.00 bid_up=0.01 bid_dn=0.99 halted=False[0m
[37m2026-04-09 02:05:00.238 [INFO] execution.paper_trading: paper window_ts=1775700000 [SKIP] pnl=0.0000 direction=down outcome=down - balance=$968.45 bid_up=0.01 ask_up=0.01 bid_dn=0.99 ask_dn=1.00[0m
[93m[1m2026-04-09 02:05:00.238 [INFO] risk.position_tracker: WINDOW_SUMMARY window_pnl=$0.0000 session_pnl=$-31.5497 won=$14.2703 lost=$45.8200 wr=60.0% (3/5) consec_losses=0[0m
[96m2026-04-09 02:05:00.239 [INFO] strategy.window_handler: REGIME chop_detected flips=3 delta_range=0.1905% avg_flips=4.7 over=6_windows[0m
[37m2026-04-09 02:05:00.244 [INFO] strategy.window_handler: WINDOW_DECISION [SKIP] rank=1 side=down pnl=$0.0000 entry=0.00 size=$0.00 (conditions not met)[0m
[96m[1m2026-04-09 02:05:00.244 [INFO] strategy.window_tracker: new window: btc-updown-5m-1775700300 (ts=1775700300)[0m
[96m2026-04-09 02:05:00.296 [INFO] strategy.window_handler: REGIME vol_stddev=0.122% chop_flips=4.7 outcome=2U/4D over 6w sprt=dormant llr=0.00 age=2w bankroll=$893.41[0m
[96m2026-04-09 02:05:00.296 [INFO] strategy.window_handler: KELLY wr_adj=92.0% base=97.8% total_disc=2.9% vol=10.9% chop=23.8% outcome=0.0% feedback=+0.0%[0m
[96m2026-04-09 02:05:00.296 [INFO] __main__: window open price captured: 70885.61 (chainlink)[0m
2026-04-09 02:05:00.907 [INFO] market_data.clob_market_ws: CLOB market subscribed for tokens up=298093773654 down=187166921323
[2m2026-04-09 02:05:27.638 [INFO] __main__: STATUS t=272s delta=0.0384% dir=up agree=True chain=70912.81 bin=70910.00 open=70885.61 obi=0.2176 ask_up=0.64 ask_dn=0.37 bid_up=0.63 bid_dn=0.36 halted=False[0m
[2m2026-04-09 02:05:57.733 [INFO] __main__: STATUS t=242s delta=0.0697% dir=up agree=True chain=70934.98 bin=70934.00 open=70885.61 obi=0.9942 ask_up=0.78 ask_dn=0.23 bid_up=0.77 bid_dn=0.22 halted=False[0m
[2m2026-04-09 02:06:27.841 [INFO] __main__: STATUS t=212s delta=0.0691% dir=up agree=True chain=70934.62 bin=70934.50 open=70885.61 obi=-0.5402 ask_up=0.69 ask_dn=0.32 bid_up=0.68 bid_dn=0.31 halted=False[0m
[2m2026-04-09 02:06:57.931 [INFO] __main__: STATUS t=182s delta=0.0645% dir=up agree=True chain=70931.36 bin=70928.00 open=70885.61 obi=-0.9968 ask_up=0.70 ask_dn=0.31 bid_up=0.69 bid_dn=0.30 halted=False[0m
[2m2026-04-09 02:07:28.019 [INFO] __main__: STATUS t=152s delta=0.0682% dir=up agree=True chain=70933.95 bin=70930.27 open=70885.61 obi=0.0073 ask_up=0.66 ask_dn=0.35 bid_up=0.65 bid_dn=0.34 halted=False[0m
[2m2026-04-09 02:07:58.111 [INFO] __main__: STATUS t=122s delta=0.0900% dir=up agree=True chain=70949.40 bin=70948.72 open=70885.61 obi=0.7874 ask_up=0.78 ask_dn=0.23 bid_up=0.77 bid_dn=0.22 halted=False[0m
[37m2026-04-09 02:08:00.118 [INFO] strategy.momentum_signal: [SKIP] rank=1 side=down reason=conditions_not_met latest_pct=0.0912 need=<=-0.07 stddev=0.0151 max_var=0.050[0m
[2m2026-04-09 02:08:28.202 [INFO] __main__: STATUS t=92s delta=0.0744% dir=up agree=True chain=70938.32 bin=70942.05 open=70885.61 obi=0.5827 ask_up=0.78 ask_dn=0.23 bid_up=0.77 bid_dn=0.22 halted=False[0m
[2m2026-04-09 02:08:58.289 [INFO] __main__: STATUS t=62s delta=0.0870% dir=up agree=True chain=70947.25 bin=70949.82 open=70885.61 obi=-0.0898 ask_up=0.79 ask_dn=0.24 bid_up=0.76 bid_dn=0.21 halted=False[0m
[2m2026-04-09 02:09:28.377 [INFO] __main__: STATUS t=32s delta=0.1268% dir=up agree=True chain=70975.49 bin=70978.19 open=70885.61 obi=-0.5081 ask_up=1.00 ask_dn=0.01 bid_up=0.99 bid_dn=0.01 halted=False[0m
[2m2026-04-09 02:09:58.479 [INFO] __main__: STATUS t=2s delta=0.1202% dir=up agree=True chain=70970.79 bin=70967.15 open=70885.61 obi=-0.9805 ask_up=1.00 ask_dn=0.01 bid_up=0.99 bid_dn=0.01 halted=False[0m
[37m2026-04-09 02:10:00.238 [INFO] execution.paper_trading: paper window_ts=1775700300 [SKIP] pnl=0.0000 direction=up outcome=up - balance=$968.45 bid_up=0.99 ask_up=1.00 bid_dn=0.01 ask_dn=0.01[0m
[93m[1m2026-04-09 02:10:00.238 [INFO] risk.position_tracker: WINDOW_SUMMARY window_pnl=$0.0000 session_pnl=$-31.5497 won=$14.2703 lost=$45.8200 wr=60.0% (3/5) consec_losses=0[0m
[37m2026-04-09 02:10:00.254 [INFO] strategy.window_handler: WINDOW_DECISION [SKIP] rank=1 side=down pnl=$0.0000 entry=0.00 size=$0.00 (conditions not met)[0m
[96m[1m2026-04-09 02:10:00.255 [INFO] strategy.window_tracker: new window: btc-updown-5m-1775700600 (ts=1775700600)[0m
[96m2026-04-09 02:10:00.328 [INFO] strategy.window_handler: REGIME vol_stddev=0.124% chop_flips=4.7 outcome=3U/3D over 6w sprt=dormant llr=0.00 age=3w bankroll=$893.41[0m
[96m2026-04-09 02:10:00.328 [INFO] strategy.window_handler: KELLY wr_adj=92.0% base=97.8% total_disc=2.9% vol=11.9% chop=23.8% outcome=0.0% feedback=+0.0%[0m
[96m2026-04-09 02:10:00.328 [INFO] __main__: window open price captured: 70966.44 (chainlink)[0m
2026-04-09 02:10:01.102 [INFO] market_data.clob_market_ws: CLOB market subscribed for tokens up=552308115514 down=112144444425
[2m2026-04-09 02:10:28.664 [INFO] __main__: STATUS t=271s delta=-0.0023% dir=down agree=True chain=70964.81 bin=70962.23 open=70966.44 obi=0.0728 ask_up=0.49 ask_dn=0.52 bid_up=0.48 bid_dn=0.51 halted=False[0m
[2m2026-04-09 02:10:58.751 [INFO] __main__: STATUS t=241s delta=-0.0398% dir=down agree=True chain=70938.21 bin=70929.00 open=70966.44 obi=-0.5118 ask_up=0.22 ask_dn=0.79 bid_up=0.21 bid_dn=0.78 halted=False[0m
[2m2026-04-09 02:11:28.857 [INFO] __main__: STATUS t=211s delta=-0.0688% dir=down agree=True chain=70917.63 bin=70916.72 open=70966.44 obi=0.3240 ask_up=0.22 ask_dn=0.79 bid_up=0.21 bid_dn=0.78 halted=False[0m
[2m2026-04-09 02:11:58.946 [INFO] __main__: STATUS t=181s delta=-0.0765% dir=down agree=True chain=70912.13 bin=70906.01 open=70966.44 obi=-0.7484 ask_up=0.99 ask_dn=0.99 bid_up=0.01 bid_dn=0.01 halted=False[0m
[2m2026-04-09 02:12:29.042 [INFO] __main__: STATUS t=151s delta=-0.0894% dir=down agree=True chain=70903.00 bin=70904.38 open=70966.44 obi=0.1977 ask_up=0.22 ask_dn=0.79 bid_up=0.21 bid_dn=0.78 halted=False[0m
[2m2026-04-09 02:12:59.135 [INFO] __main__: STATUS t=121s delta=-0.0904% dir=down agree=True chain=70902.31 bin=70892.68 open=70966.44 obi=-0.5874 ask_up=0.21 ask_dn=0.80 bid_up=0.20 bid_dn=0.79 halted=False[0m
[96m2026-04-09 02:13:00.139 [INFO] strategy.momentum_signal: KELLY sizing: p_adj=0.920 base=0.948 total_disc=0.029 vol=0.119 chop=0.238 outcome=0.000 feedback=+0.000[0m
[96m2026-04-09 02:13:00.139 [INFO] strategy.momentum_signal: KELLY bet: entry=0.80 raw_f=0.599 frac_f=0.150 bankroll=$893.41 kelly_bet=$22.34 sprt=1.00 final=$22.34[0m
[92m[1m2026-04-09 02:13:00.139 [INFO] strategy.momentum_signal: FIRED rank=1 side=down t=119.9s dir=-0.1120% stddev=0.0121% n=479 oos_wr=97.8% bh_p=1.58e-14 avg_entry=0.92 ask=0.80 size=$22.34[0m
2026-04-09 02:13:00.139 [INFO] execution.paper_trading: paper momentum1 maker: id=paper-7 price=0.79 size=28.2785 [resting]
2026-04-09 02:13:00.140 [INFO] strategy.momentum_signal: MAKER PLACED rank=1 side=down price=0.79 (ask=0.80 -1tick) size=$22.34 timeout=20s
2026-04-09 02:13:20.220 [INFO] execution.paper_trading: paper cancel: paper-7 (maker escalation)
2026-04-09 02:13:20.220 [INFO] execution.paper_trading: paper momentum1 taker: id=paper-8 price=0.90 size=24.8222 [filled]
2026-04-09 02:13:20.220 [INFO] strategy.momentum_signal: TAKER ESCALATION rank=1 side=down maker_price=0.79 taker_price=0.90 elapsed=20.1s size=$22.34
[2m2026-04-09 02:13:29.248 [INFO] __main__: STATUS t=91s delta=-0.1240% dir=down agree=True chain=70878.47 bin=70880.61 open=70966.44 obi=-0.4666 ask_up=0.09 ask_dn=0.92 bid_up=0.08 bid_dn=0.91 halted=False[0m
[2m2026-04-09 02:13:59.343 [INFO] __main__: STATUS t=61s delta=-0.1732% dir=down agree=True chain=70843.51 bin=70831.65 open=70966.44 obi=-0.4371 ask_up=0.99 ask_dn=0.99 bid_up=0.01 bid_dn=0.01 halted=False[0m
[2m2026-04-09 02:14:29.491 [INFO] __main__: STATUS t=31s delta=-0.1724% dir=down agree=True chain=70844.10 bin=70846.42 open=70966.44 obi=-0.9340 ask_up=0.01 ask_dn=1.00 bid_up=0.01 bid_dn=0.99 halted=False[0m
[2m2026-04-09 02:14:59.594 [INFO] __main__: STATUS t=0s delta=-0.1861% dir=down agree=True chain=70834.35 bin=70835.68 open=70966.44 obi=-0.5147 ask_up=0.01 ask_dn=1.00 bid_up=0.01 bid_dn=0.99 halted=False[0m
[92m[1m2026-04-09 02:15:00.099 [INFO] execution.paper_trading: paper window_ts=1775700600 [WIN] pnl=2.4326 direction=down outcome=down rule#1(fill) balance=$970.88 bid_up=0.01 ask_up=0.01 bid_dn=0.99 ask_dn=1.00[0m
[93m[1m2026-04-09 02:15:00.100 [INFO] risk.position_tracker: WINDOW_SUMMARY window_pnl=$2.4326 session_pnl=$-29.1171 won=$16.7029 lost=$45.8200 wr=66.7% (4/6) consec_losses=0[0m
[92m[1m2026-04-09 02:15:00.110 [INFO] strategy.window_handler: WINDOW_DECISION [WIN] rank=1 side=down pnl=$2.4326 entry=0.90 size=$22.34[0m
[96m[1m2026-04-09 02:15:00.112 [INFO] strategy.window_tracker: new window: btc-updown-5m-1775700900 (ts=1775700900)[0m
[96m2026-04-09 02:15:00.174 [INFO] strategy.window_handler: REGIME vol_stddev=0.129% chop_flips=2.0 outcome=3U/3D over 6w sprt=dormant llr=-0.01 age=4w bankroll=$895.84[0m
[96m2026-04-09 02:15:00.174 [INFO] strategy.window_handler: KELLY wr_adj=93.1% base=97.8% total_disc=1.7% vol=14.4% chop=0.0% outcome=0.0% feedback=+0.0%[0m
[96m2026-04-09 02:15:00.174 [INFO] __main__: window open price captured: 70834.35 (chainlink)[0m
2026-04-09 02:15:00.316 [INFO] market_data.clob_market_ws: CLOB market subscribed for tokens up=734519058300 down=825533978965
[2m2026-04-09 02:15:29.776 [INFO] __main__: STATUS t=270s delta=-0.0255% dir=down agree=True chain=70816.30 bin=70816.37 open=70834.35 obi=-0.0154 ask_up=0.37 ask_dn=0.64 bid_up=0.36 bid_dn=0.63 halted=False[0m
[2m2026-04-09 02:15:59.863 [INFO] __main__: STATUS t=240s delta=-0.0036% dir=down agree=True chain=70831.78 bin=70833.99 open=70834.35 obi=0.7961 ask_up=0.52 ask_dn=0.49 bid_up=0.51 bid_dn=0.48 halted=False[0m
[2m2026-04-09 02:16:29.961 [INFO] __main__: STATUS t=210s delta=0.0093% dir=up agree=True chain=70840.94 bin=70838.46 open=70834.35 obi=0.1190 ask_up=0.57 ask_dn=0.44 bid_up=0.56 bid_dn=0.43 halted=False[0m
[2m2026-04-09 02:17:00.049 [INFO] __main__: STATUS t=180s delta=0.0219% dir=up agree=True chain=70849.86 bin=70846.91 open=70834.35 obi=-0.1072 ask_up=0.61 ask_dn=0.40 bid_up=0.60 bid_dn=0.39 halted=False[0m
[2m2026-04-09 02:17:30.145 [INFO] __main__: STATUS t=150s delta=0.0198% dir=up agree=True chain=70848.35 bin=70848.20 open=70834.35 obi=-0.9973 ask_up=0.59 ask_dn=0.42 bid_up=0.58 bid_dn=0.41 halted=False[0m
[2m2026-04-09 02:18:00.235 [INFO] __main__: STATUS t=120s delta=0.0410% dir=up agree=True chain=70863.37 bin=70881.57 open=70834.35 obi=0.9206 ask_up=0.72 ask_dn=0.29 bid_up=0.71 bid_dn=0.28 halted=False[0m
[37m2026-04-09 02:18:00.236 [INFO] strategy.momentum_signal: [SKIP] rank=1 side=down reason=conditions_not_met latest_pct=0.0667 need=<=-0.07 stddev=0.0102 max_var=0.050[0m
[2m2026-04-09 02:18:30.318 [INFO] __main__: STATUS t=90s delta=0.0865% dir=up agree=True chain=70895.61 bin=70897.99 open=70834.35 obi=0.9980 ask_up=0.82 ask_dn=0.19 bid_up=0.81 bid_dn=0.18 halted=False[0m
[2m2026-04-09 02:19:00.402 [INFO] __main__: STATUS t=60s delta=0.0725% dir=up agree=True chain=70885.69 bin=70886.83 open=70834.35 obi=0.5211 ask_up=0.79 ask_dn=0.22 bid_up=0.78 bid_dn=0.21 halted=False[0m
[2m2026-04-09 02:19:30.496 [INFO] __main__: STATUS t=30s delta=0.0931% dir=up agree=True chain=70900.29 bin=70901.36 open=70834.35 obi=0.0075 ask_up=0.86 ask_dn=0.15 bid_up=0.85 bid_dn=0.14 halted=False[0m
[37m2026-04-09 02:20:00.094 [INFO] execution.paper_trading: paper window_ts=1775700900 [SKIP] pnl=0.0000 direction=up outcome=up - balance=$970.88 bid_up=0.99 ask_up=1.00 bid_dn=0.01 ask_dn=0.01[0m
[93m[1m2026-04-09 02:20:00.094 [INFO] risk.position_tracker: WINDOW_SUMMARY window_pnl=$0.0000 session_pnl=$-29.1171 won=$16.7029 lost=$45.8200 wr=66.7% (4/6) consec_losses=0[0m
[37m2026-04-09 02:20:00.101 [INFO] strategy.window_handler: WINDOW_DECISION [SKIP] rank=1 side=down pnl=$0.0000 entry=0.00 size=$0.00 (conditions not met)[0m
[96m[1m2026-04-09 02:20:00.103 [INFO] strategy.window_tracker: new window: btc-updown-5m-1775701200 (ts=1775701200)[0m
[96m2026-04-09 02:20:00.189 [INFO] strategy.window_handler: REGIME vol_stddev=0.132% chop_flips=1.2 outcome=3U/3D over 6w sprt=dormant llr=-0.01 age=5w bankroll=$895.84[0m
[96m2026-04-09 02:20:00.190 [INFO] strategy.window_handler: KELLY wr_adj=92.9% base=97.8% total_disc=1.9% vol=16.1% chop=0.0% outcome=0.0% feedback=+0.0%[0m
[96m2026-04-09 02:20:00.191 [INFO] __main__: window open price captured: 70945.15 (chainlink)[0m
2026-04-09 02:20:00.514 [INFO] market_data.clob_market_ws: CLOB market subscribed for tokens up=916332662615 down=417274200737
[2m2026-04-09 02:20:00.693 [INFO] __main__: STATUS t=299s delta=0.0000% dir=none agree=True chain=70945.15 bin=70949.99 open=70945.15 obi=0.9128 ask_up=0.53 ask_dn=0.48 bid_up=0.52 bid_dn=0.47 halted=False[0m
[2m2026-04-09 02:20:30.783 [INFO] __main__: STATUS t=269s delta=-0.0184% dir=down agree=True chain=70932.07 bin=70938.00 open=70945.15 obi=0.4185 ask_up=0.43 ask_dn=0.58 bid_up=0.42 bid_dn=0.57 halted=False[0m
[2m2026-04-09 02:21:00.875 [INFO] __main__: STATUS t=239s delta=-0.0194% dir=down agree=True chain=70931.40 bin=70928.15 open=70945.15 obi=-0.8733 ask_up=0.31 ask_dn=0.70 bid_up=0.30 bid_dn=0.69 halted=False[0m
[2m2026-04-09 02:21:30.968 [INFO] __main__: STATUS t=209s delta=-0.0098% dir=down agree=True chain=70938.22 bin=70942.08 open=70945.15 obi=0.1189 ask_up=0.42 ask_dn=0.59 bid_up=0.41 bid_dn=0.58 halted=False[0m
[2m2026-04-09 02:22:01.056 [INFO] __main__: STATUS t=179s delta=-0.0316% dir=down agree=True chain=70922.72 bin=70911.87 open=70945.15 obi=-0.6639 ask_up=0.33 ask_dn=0.68 bid_up=0.32 bid_dn=0.67 halted=False[0m
[2m2026-04-09 02:22:31.148 [INFO] __main__: STATUS t=149s delta=-0.0575% dir=down agree=True chain=70904.36 bin=70899.63 open=70945.15 obi=-0.6941 ask_up=0.27 ask_dn=0.74 bid_up=0.26 bid_dn=0.73 halted=False[0m
[37m2026-04-09 02:23:00.238 [INFO] strategy.momentum_signal: [SKIP] rank=1 side=down reason=conditions_not_met latest_pct=-0.0464 need=<=-0.07 stddev=0.0214 max_var=0.050[0m
[2m2026-04-09 02:23:01.242 [INFO] __main__: STATUS t=119s delta=-0.0522% dir=down agree=True chain=70908.09 bin=70912.21 open=70945.15 obi=0.6206 ask_up=0.32 ask_dn=0.69 bid_up=0.31 bid_dn=0.68 halted=False[0m
[2m2026-04-09 02:23:31.338 [INFO] __main__: STATUS t=89s delta=-0.0442% dir=down agree=True chain=70913.82 bin=70910.01 open=70945.15 obi=0.3512 ask_up=0.36 ask_dn=0.65 bid_up=0.35 bid_dn=0.64 halted=False[0m
[2m2026-04-09 02:24:01.423 [INFO] __main__: STATUS t=59s delta=-0.0216% dir=down agree=True chain=70929.80 bin=70930.01 open=70945.15 obi=0.5409 ask_up=0.45 ask_dn=0.56 bid_up=0.44 bid_dn=0.55 halted=False[0m
[2m2026-04-09 02:24:31.561 [INFO] __main__: STATUS t=28s delta=-0.0102% dir=down agree=True chain=70937.91 bin=70940.00 open=70945.15 obi=0.5809 ask_up=0.64 ask_dn=0.37 bid_up=0.63 bid_dn=0.36 halted=False[0m
[37m2026-04-09 02:25:00.142 [INFO] execution.paper_trading: paper window_ts=1775701200 [SKIP] pnl=0.0000 direction=down outcome=down - balance=$970.88 bid_up=0.04 ask_up=0.05 bid_dn=0.95 ask_dn=0.96[0m
[93m[1m2026-04-09 02:25:00.142 [INFO] risk.position_tracker: WINDOW_SUMMARY window_pnl=$0.0000 session_pnl=$-29.1171 won=$16.7029 lost=$45.8200 wr=66.7% (4/6) consec_losses=0[0m
[37m2026-04-09 02:25:00.154 [INFO] strategy.window_handler: WINDOW_DECISION [SKIP] rank=1 side=down pnl=$0.0000 entry=0.00 size=$0.00 (conditions not met)[0m
[96m[1m2026-04-09 02:25:00.154 [INFO] strategy.window_tracker: new window: btc-updown-5m-1775701500 (ts=1775701500)[0m
[96m2026-04-09 02:25:00.216 [INFO] strategy.window_handler: REGIME vol_stddev=0.132% chop_flips=1.3 outcome=2U/4D over 6w sprt=dormant llr=-0.01 age=6w bankroll=$895.84[0m
[96m2026-04-09 02:25:00.216 [INFO] strategy.window_handler: KELLY wr_adj=92.9% base=97.8% total_disc=1.9% vol=16.1% chop=0.0% outcome=0.0% feedback=+0.0%[0m
[96m2026-04-09 02:25:00.216 [INFO] __main__: window open price captured: 70941.77 (chainlink)[0m
2026-04-09 02:25:00.718 [INFO] market_data.clob_market_ws: CLOB market subscribed for tokens up=939234289985 down=665261582412
[2m2026-04-09 02:25:01.720 [INFO] __main__: STATUS t=298s delta=0.0005% dir=up agree=True chain=70942.10 bin=70947.96 open=70941.77 obi=0.9919 ask_up=0.53 ask_dn=0.48 bid_up=0.52 bid_dn=0.47 halted=False[0m
[2m2026-04-09 02:25:31.824 [INFO] __main__: STATUS t=268s delta=0.0083% dir=up agree=True chain=70947.66 bin=70946.68 open=70941.77 obi=0.2134 ask_up=0.55 ask_dn=0.46 bid_up=0.54 bid_dn=0.45 halted=False[0m
[2m2026-04-09 02:26:01.913 [INFO] __main__: STATUS t=238s delta=-0.0033% dir=down agree=True chain=70939.41 bin=70940.03 open=70941.77 obi=-0.7421 ask_up=0.47 ask_dn=0.54 bid_up=0.46 bid_dn=0.53 halted=False[0m
[2m2026-04-09 02:26:32.001 [INFO] __main__: STATUS t=208s delta=0.0137% dir=up agree=True chain=70951.48 bin=70949.05 open=70941.77 obi=0.7155 ask_up=0.58 ask_dn=0.43 bid_up=0.57 bid_dn=0.42 halted=False[0m
[2m2026-04-09 02:27:02.093 [INFO] __main__: STATUS t=178s delta=0.0899% dir=up agree=True chain=71005.54 bin=71000.00 open=70941.77 obi=0.8256 ask_up=0.79 ask_dn=0.22 bid_up=0.78 bid_dn=0.21 halted=False[0m
[2m2026-04-09 02:27:32.181 [INFO] __main__: STATUS t=148s delta=0.0941% dir=up agree=True chain=71008.52 bin=71019.99 open=70941.77 obi=0.9408 ask_up=0.80 ask_dn=0.22 bid_up=0.78 bid_dn=0.20 halted=False[0m
[37m2026-04-09 02:28:00.019 [INFO] strategy.momentum_signal: [SKIP] rank=1 side=down reason=conditions_not_met latest_pct=0.1357 need=<=-0.07 stddev=0.0562 max_var=0.050[0m
[2m2026-04-09 02:28:02.277 [INFO] __main__: STATUS t=118s delta=0.1372% dir=up agree=True chain=71039.10 bin=71030.15 open=70941.77 obi=-0.8630 ask_up=0.95 ask_dn=0.06 bid_up=0.94 bid_dn=0.05 halted=False[0m
[2m2026-04-09 02:28:32.369 [INFO] __main__: STATUS t=88s delta=0.1311% dir=up agree=True chain=71034.80 bin=71031.48 open=70941.77 obi=-0.0898 ask_up=0.99 ask_dn=0.99 bid_up=0.01 bid_dn=0.01 halted=False[0m
[2m2026-04-09 02:29:02.457 [INFO] __main__: STATUS t=58s delta=0.1265% dir=up agree=True chain=71031.54 bin=71028.88 open=70941.77 obi=-0.7663 ask_up=0.99 ask_dn=0.99 bid_up=0.01 bid_dn=0.01 halted=False[0m
[2m2026-04-09 02:29:32.547 [INFO] __main__: STATUS t=27s delta=0.1562% dir=up agree=True chain=71052.60 bin=71051.06 open=70941.77 obi=-0.5135 ask_up=1.00 ask_dn=0.01 bid_up=0.99 bid_dn=0.01 halted=False[0m
[37m2026-04-09 02:30:00.142 [INFO] execution.paper_trading: paper window_ts=1775701500 [SKIP] pnl=0.0000 direction=up outcome=up - balance=$970.88 bid_up=0.99 ask_up=1.00 bid_dn=0.01 ask_dn=0.01[0m
[93m[1m2026-04-09 02:30:00.143 [INFO] risk.position_tracker: WINDOW_SUMMARY window_pnl=$0.0000 session_pnl=$-29.1171 won=$16.7029 lost=$45.8200 wr=66.7% (4/6) consec_losses=0[0m
[37m2026-04-09 02:30:00.148 [INFO] strategy.window_handler: WINDOW_DECISION [SKIP] rank=1 side=down pnl=$0.0000 entry=0.00 size=$0.00 (conditions not met)[0m
[96m[1m2026-04-09 02:30:00.148 [INFO] strategy.window_tracker: new window: btc-updown-5m-1775701800 (ts=1775701800)[0m
[96m2026-04-09 02:30:00.207 [INFO] strategy.window_handler: REGIME vol_stddev=0.134% chop_flips=1.3 outcome=3U/3D over 6w sprt=dormant llr=-0.01 age=7w bankroll=$895.84[0m
[96m2026-04-09 02:30:00.208 [INFO] strategy.window_handler: KELLY wr_adj=92.8% base=97.8% total_disc=2.1% vol=17.1% chop=0.0% outcome=0.0% feedback=+0.0%[0m
[96m2026-04-09 02:30:00.208 [INFO] __main__: window open price captured: 71027.57 (chainlink)[0m
2026-04-09 02:30:00.914 [INFO] market_data.clob_market_ws: CLOB market subscribed for tokens up=107431769333 down=381534703583
[2m2026-04-09 02:30:02.721 [INFO] __main__: STATUS t=297s delta=-0.0010% dir=down agree=True chain=71026.85 bin=71024.47 open=71027.57 obi=-0.8359 ask_up=0.99 ask_dn=0.99 bid_up=0.01 bid_dn=0.01 halted=False[0m
[2m2026-04-09 02:30:32.811 [INFO] __main__: STATUS t=267s delta=0.0005% dir=up agree=True chain=71027.91 bin=71027.68 open=71027.57 obi=-0.1279 ask_up=0.52 ask_dn=0.49 bid_up=0.51 bid_dn=0.48 halted=False[0m
[2m2026-04-09 02:31:02.912 [INFO] __main__: STATUS t=237s delta=0.0218% dir=up agree=True chain=71043.07 bin=71039.57 open=71027.57 obi=0.6600 ask_up=0.65 ask_dn=0.36 bid_up=0.64 bid_dn=0.35 halted=False[0m
[2m2026-04-09 02:31:33.005 [INFO] __main__: STATUS t=207s delta=0.0206% dir=up agree=True chain=71042.22 bin=71037.01 open=71027.57 obi=-0.1772 ask_up=0.62 ask_dn=0.39 bid_up=0.61 bid_dn=0.38 halted=False[0m
[2m2026-04-09 02:32:03.106 [INFO] __main__: STATUS t=177s delta=0.0210% dir=up agree=True chain=71042.48 bin=71039.79 open=71027.57 obi=0.1710 ask_up=0.66 ask_dn=0.35 bid_up=0.65 bid_dn=0.34 halted=False[0m
[2m2026-04-09 02:32:33.196 [INFO] __main__: STATUS t=147s delta=0.0455% dir=up agree=True chain=71059.91 bin=71054.87 open=71027.57 obi=0.5678 ask_up=0.82 ask_dn=0.19 bid_up=0.81 bid_dn=0.18 halted=False[0m
[37m2026-04-09 02:33:00.039 [INFO] strategy.momentum_signal: [SKIP] rank=1 side=down reason=conditions_not_met latest_pct=0.0640 need=<=-0.07 stddev=0.0172 max_var=0.050[0m
[2m2026-04-09 02:33:03.299 [INFO] __main__: STATUS t=117s delta=0.0673% dir=up agree=True chain=71075.34 bin=71072.99 open=71027.57 obi=0.5186 ask_up=0.92 ask_dn=0.10 bid_up=0.90 bid_dn=0.08 halted=False[0m
[2m2026-04-09 02:33:33.394 [INFO] __main__: STATUS t=87s delta=0.0782% dir=up agree=True chain=71083.09 bin=71077.95 open=71027.57 obi=-0.8749 ask_up=0.95 ask_dn=0.06 bid_up=0.94 bid_dn=0.05 halted=False[0m
[93m2026-04-09 02:33:50.889 [WARNING] utils.reconnect: rtds disconnected: no close frame received or sent — reconnecting in 1.1s[0m
2026-04-09 02:33:52.125 [INFO] utils.reconnect: rtds connected to wss://ws-live-data.polymarket.com
2026-04-09 02:33:52.125 [INFO] market_data.rtds_ws: RTDS subscribed to chainlink
[2m2026-04-09 02:34:03.480 [INFO] __main__: STATUS t=57s delta=0.0773% dir=up agree=True chain=71082.45 bin=71074.42 open=71027.57 obi=-0.7434 ask_up=0.90 ask_dn=0.11 bid_up=0.89 bid_dn=0.10 halted=False[0m
[2m2026-04-09 02:34:33.577 [INFO] __main__: STATUS t=26s delta=0.0488% dir=up agree=True chain=71062.24 bin=71058.00 open=71027.57 obi=-0.8687 ask_up=0.83 ask_dn=0.18 bid_up=0.82 bid_dn=0.17 halted=False[0m
[37m2026-04-09 02:35:00.157 [INFO] execution.paper_trading: paper window_ts=1775701800 [SKIP] pnl=0.0000 direction=up outcome=up - balance=$970.88 bid_up=0.99 ask_up=1.00 bid_dn=0.01 ask_dn=0.01[0m
[93m[1m2026-04-09 02:35:00.157 [INFO] risk.position_tracker: WINDOW_SUMMARY window_pnl=$0.0000 session_pnl=$-29.1171 won=$16.7029 lost=$45.8200 wr=66.7% (4/6) consec_losses=0[0m
[96m2026-04-09 02:35:00.159 [INFO] strategy.window_handler: REGIME chop_detected flips=5 delta_range=0.0997% avg_flips=1.7 over=6_windows[0m
[37m2026-04-09 02:35:00.168 [INFO] strategy.window_handler: WINDOW_DECISION [SKIP] rank=1 side=down pnl=$0.0000 entry=0.00 size=$0.00 (conditions not met)[0m
[96m[1m2026-04-09 02:35:00.169 [INFO] strategy.window_tracker: new window: btc-updown-5m-1775702100 (ts=1775702100)[0m
[96m2026-04-09 02:35:00.225 [INFO] strategy.window_handler: REGIME vol_stddev=0.131% chop_flips=1.7 outcome=4U/2D over 6w sprt=dormant llr=-0.01 age=8w bankroll=$895.84[0m
[96m2026-04-09 02:35:00.226 [INFO] strategy.window_handler: KELLY wr_adj=90.3% base=97.8% total_disc=4.6% vol=15.3% chop=0.0% outcome=38.1% feedback=+0.0%[0m
[96m2026-04-09 02:35:00.226 [INFO] __main__: window open price captured: 71060.34 (chainlink)[0m
2026-04-09 02:35:01.128 [INFO] market_data.clob_market_ws: CLOB market subscribed for tokens up=250591958081 down=888958948133
[2m2026-04-09 02:35:03.736 [INFO] __main__: STATUS t=296s delta=-0.0152% dir=down agree=True chain=71049.52 bin=71044.50 open=71060.34 obi=-0.9146 ask_up=0.39 ask_dn=0.62 bid_up=0.38 bid_dn=0.61 halted=False[0m
[2m2026-04-09 02:35:33.820 [INFO] __main__: STATUS t=266s delta=-0.0061% dir=down agree=True chain=71055.97 bin=71055.30 open=71060.34 obi=0.7344 ask_up=0.54 ask_dn=0.47 bid_up=0.53 bid_dn=0.46 halted=False[0m
[2m2026-04-09 02:36:03.905 [INFO] __main__: STATUS t=236s delta=-0.0150% dir=down agree=True chain=71049.71 bin=71047.37 open=71060.34 obi=-0.9873 ask_up=0.42 ask_dn=0.59 bid_up=0.41 bid_dn=0.58 halted=False[0m
[2m2026-04-09 02:36:33.996 [INFO] __main__: STATUS t=206s delta=-0.0128% dir=down agree=True chain=71051.25 bin=71036.21 open=71060.34 obi=-0.1404 ask_up=0.38 ask_dn=0.63 bid_up=0.37 bid_dn=0.62 halted=False[0m
[2m2026-04-09 02:37:04.092 [INFO] __main__: STATUS t=176s delta=-0.0258% dir=down agree=True chain=71042.02 bin=71038.38 open=71060.34 obi=-0.4620 ask_up=0.35 ask_dn=0.66 bid_up=0.34 bid_dn=0.65 halted=False[0m
[2m2026-04-09 02:37:34.178 [INFO] __main__: STATUS t=146s delta=-0.0397% dir=down agree=True chain=71032.13 bin=71027.03 open=71060.34 obi=-0.7518 ask_up=0.26 ask_dn=0.75 bid_up=0.25 bid_dn=0.74 halted=False[0m
[37m2026-04-09 02:38:00.020 [INFO] strategy.momentum_signal: [SKIP] rank=1 side=down reason=KELLY_NO_EDGE p_adj=0.903 entry=0.92 raw_f=-0.218 total_disc=0.046 vol=0.153 chop=0.000 outcome=0.381[0m
[2m2026-04-09 02:38:04.285 [INFO] __main__: STATUS t=116s delta=-0.0654% dir=down agree=True chain=71013.88 bin=71004.60 open=71060.34 obi=0.8183 ask_up=0.14 ask_dn=0.87 bid_up=0.13 bid_dn=0.86 halted=False[0m
[2m2026-04-09 02:38:34.392 [INFO] __main__: STATUS t=86s delta=-0.0857% dir=down agree=True chain=70999.45 bin=70991.29 open=71060.34 obi=-0.7778 ask_up=0.10 ask_dn=0.91 bid_up=0.09 bid_dn=0.90 halted=False[0m
2026-04-09 02:39:01.668 [INFO] shared.ipc: IPC: received authenticated signal_update (summary=signals_summary_1775702341.json)
2026-04-09 02:39:01.680 [INFO] __main__: received new signal from orchestrator: rank=1 side=Down
[2m2026-04-09 02:39:04.513 [INFO] __main__: STATUS t=55s delta=-0.0654% dir=down agree=True chain=71013.83 bin=71018.54 open=71060.34 obi=0.9302 ask_up=0.22 ask_dn=0.79 bid_up=0.21 bid_dn=0.78 halted=False[0m
[2m2026-04-09 02:39:34.595 [INFO] __main__: STATUS t=25s delta=-0.0149% dir=down agree=True chain=71049.73 bin=71042.53 open=71060.34 obi=0.9445 ask_up=0.56 ask_dn=0.45 bid_up=0.55 bid_dn=0.44 halted=False[0m
[93m2026-04-09 02:39:56.993 [WARNING] utils.reconnect: clob-market disconnected: no close frame received or sent — reconnecting in 1.4s[0m
2026-04-09 02:39:58.437 [INFO] utils.reconnect: clob-market connected to wss://ws-subscriptions-clob.polymarket.com/ws/market
2026-04-09 02:39:58.438 [INFO] market_data.clob_market_ws: CLOB market subscribed for tokens up=250591958081 down=888958948133
[37m2026-04-09 02:40:00.168 [INFO] execution.paper_trading: paper window_ts=1775702100 [SKIP] pnl=0.0000 direction=down outcome=down - balance=$970.88 bid_up=0.06 ask_up=0.08 bid_dn=0.92 ask_dn=0.94[0m
[93m[1m2026-04-09 02:40:00.168 [INFO] risk.position_tracker: WINDOW_SUMMARY window_pnl=$0.0000 session_pnl=$-29.1171 won=$16.7029 lost=$45.8200 wr=66.7% (4/6) consec_losses=0[0m
[96m2026-04-09 02:40:00.170 [INFO] strategy.window_handler: REGIME chop_detected flips=10 delta_range=0.1044% avg_flips=3.3 over=6_windows[0m
[37m2026-04-09 02:40:00.174 [INFO] strategy.window_handler: WINDOW_DECISION [SKIP] rank=1 side=down pnl=$0.0000 entry=0.00 size=$0.00 (conditions not met)[0m
2026-04-09 02:40:00.174 [INFO] strategy.window_handler: Signal changed: down_240.0_120.0_0.07_0.05 -> down_270.0_200.0_0.07_0.05 (age was 9 windows)
2026-04-09 02:40:00.175 [INFO] strategy.window_handler: SIGNAL_SWAP_ACTIVE: {"rank":1,"side":"down","observeFromS":270.0,"observeToS":200.0,"minDeltaPct":0.07,"maxVariancePct":0.05,"trainWinRatePct":86.67,"oosWinRatePct":96.43,"oosBhAdjustedPValue":4.35681e-09,"oosMatches":28,"avgEntryPrice":0.8118,"evPerTrade":0.1225,"smartScore":12.36,"wfFoldsAppeared":2,"wfTotalTestFolds":6,"wfFoldIndices":[6,7]}
2026-04-09 02:40:00.175 [INFO] strategy.window_handler: switched to new signal: #1 down (previous: #1 down)
[96m[1m2026-04-09 02:40:00.175 [INFO] strategy.window_tracker: new window: btc-updown-5m-1775702400 (ts=1775702400)[0m
[96m2026-04-09 02:40:00.300 [INFO] strategy.window_handler: REGIME vol_stddev=0.130% chop_flips=3.3 outcome=3U/3D over 6w sprt=dormant llr=0.00 age=0w bankroll=$895.84[0m
[96m2026-04-09 02:40:00.300 [INFO] strategy.window_handler: KELLY wr_adj=91.6% base=96.4% total_disc=1.8% vol=15.1% chop=4.8% outcome=0.0% feedback=+0.0%[0m
[96m2026-04-09 02:40:00.300 [INFO] __main__: window open price captured: 71042.97 (chainlink)[0m
2026-04-09 02:40:00.439 [INFO] market_data.clob_market_ws: CLOB market subscribed for tokens up=607625584073 down=416386999634
[2m2026-04-09 02:40:04.610 [INFO] __main__: STATUS t=295s delta=-0.0080% dir=down agree=True chain=71037.26 bin=71029.76 open=71042.97 obi=-0.8595 ask_up=0.46 ask_dn=0.55 bid_up=0.45 bid_dn=0.54 halted=False[0m
[2m2026-04-09 02:40:34.699 [INFO] __main__: STATUS t=265s delta=-0.0459% dir=down agree=True chain=71010.38 bin=71007.09 open=71042.97 obi=-0.9655 ask_up=0.29 ask_dn=0.72 bid_up=0.28 bid_dn=0.71 halted=False[0m
[2m2026-04-09 02:41:04.786 [INFO] __main__: STATUS t=235s delta=-0.0517% dir=down agree=True chain=71006.25 bin=70995.17 open=71042.97 obi=-0.7325 ask_up=0.99 ask_dn=0.99 bid_up=0.01 bid_dn=0.01 halted=False[0m
[2m2026-04-09 02:41:34.882 [INFO] __main__: STATUS t=205s delta=-0.0801% dir=down agree=True chain=70986.08 bin=70978.45 open=71042.97 obi=-0.3158 ask_up=0.16 ask_dn=0.85 bid_up=0.15 bid_dn=0.84 halted=False[0m
[96m2026-04-09 02:41:40.148 [INFO] strategy.momentum_signal: KELLY sizing: p_adj=0.916 base=0.934 total_disc=0.018 vol=0.151 chop=0.048 outcome=0.000 feedback=+0.000[0m
[96m2026-04-09 02:41:40.148 [INFO] strategy.momentum_signal: KELLY bet: entry=0.86 raw_f=0.401 frac_f=0.100 bankroll=$895.84 kelly_bet=$22.40 sprt=1.00 final=$22.40[0m
[92m[1m2026-04-09 02:41:40.148 [INFO] strategy.momentum_signal: FIRED rank=1 side=down t=199.9s dir=-0.0908% stddev=0.0169% n=279 oos_wr=96.4% bh_p=4.36e-09 avg_entry=0.81 ask=0.86 size=$22.40[0m
2026-04-09 02:41:40.148 [INFO] execution.paper_trading: paper momentum1 maker: id=paper-9 price=0.85 size=26.3529 [resting]
2026-04-09 02:41:40.148 [INFO] strategy.momentum_signal: MAKER PLACED rank=1 side=down price=0.85 (ask=0.86 -1tick) size=$22.40 timeout=20s
2026-04-09 02:42:00.209 [INFO] execution.paper_trading: paper cancel: paper-9 (maker escalation)
[37m2026-04-09 02:42:00.209 [INFO] strategy.momentum_signal: [SKIP] rank=1 reason=TAKER_NO_EDGE_AT_NEW_PRICE ask=0.92 p=0.916 raw_f=-0.048 maker_was=0.85[0m
[2m2026-04-09 02:42:05.002 [INFO] __main__: STATUS t=175s delta=-0.1036% dir=down agree=True chain=70969.35 bin=70959.29 open=71042.97 obi=-0.9837 ask_up=0.09 ask_dn=0.92 bid_up=0.08 bid_dn=0.91 halted=False[0m
[2m2026-04-09 02:42:35.098 [INFO] __main__: STATUS t=145s delta=-0.1681% dir=down agree=True chain=70923.56 bin=70966.17 open=71042.97 obi=0.7673 ask_up=0.11 ask_dn=0.92 bid_up=0.08 bid_dn=0.89 halted=False[0m
[2m2026-04-09 02:43:05.200 [INFO] __main__: STATUS t=115s delta=-0.0702% dir=down agree=True chain=70993.11 bin=70979.62 open=71042.97 obi=0.2151 ask_up=0.20 ask_dn=0.81 bid_up=0.19 bid_dn=0.80 halted=False[0m
[2m2026-04-09 02:43:35.292 [INFO] __main__: STATUS t=85s delta=-0.0783% dir=down agree=True chain=70987.36 bin=71000.00 open=71042.97 obi=0.9921 ask_up=0.10 ask_dn=0.91 bid_up=0.09 bid_dn=0.90 halted=False[0m
[2m2026-04-09 02:44:05.408 [INFO] __main__: STATUS t=55s delta=-0.0304% dir=down agree=True chain=71021.41 bin=71016.56 open=71042.97 obi=-0.9886 ask_up=0.10 ask_dn=0.91 bid_up=0.09 bid_dn=0.90 halted=False[0m
[2m2026-04-09 02:44:35.501 [INFO] __main__: STATUS t=24s delta=-0.0672% dir=down agree=True chain=70995.21 bin=70990.42 open=71042.97 obi=0.7526 ask_up=0.04 ask_dn=0.97 bid_up=0.03 bid_dn=0.96 halted=False[0m
[37m2026-04-09 02:45:00.069 [INFO] execution.paper_trading: paper window_ts=1775702400 [SKIP] pnl=0.0000 direction=up outcome=up - balance=$970.88 bid_up=0.94 ask_up=0.95 bid_dn=0.05 ask_dn=0.06[0m
[93m[1m2026-04-09 02:45:00.069 [INFO] risk.position_tracker: WINDOW_SUMMARY window_pnl=$0.0000 session_pnl=$-29.1171 won=$16.7029 lost=$45.8200 wr=66.7% (4/6) consec_losses=0[0m
[37m2026-04-09 02:45:00.075 [INFO] strategy.window_handler: WINDOW_DECISION [SKIP] rank=1 side=down pnl=$0.0000 entry=0.00 size=$0.00 (conditions not met)[0m
[96m[1m2026-04-09 02:45:00.075 [INFO] strategy.window_tracker: new window: btc-updown-5m-1775702700 (ts=1775702700)[0m
[96m2026-04-09 02:45:00.144 [INFO] strategy.window_handler: REGIME vol_stddev=0.130% chop_flips=3.5 outcome=4U/2D over 6w sprt=dormant llr=0.00 age=1w bankroll=$895.84[0m
[96m2026-04-09 02:45:00.144 [INFO] strategy.window_handler: KELLY wr_adj=88.9% base=96.4% total_disc=4.6% vol=15.2% chop=7.1% outcome=38.1% feedback=+0.0%[0m
[96m2026-04-09 02:45:00.144 [INFO] __main__: window open price captured: 71045.47 (chainlink)[0m
2026-04-09 02:45:00.651 [INFO] market_data.clob_market_ws: CLOB market subscribed for tokens up=624299235640 down=112575063418
[2m2026-04-09 02:45:05.662 [INFO] __main__: STATUS t=294s delta=0.0017% dir=up agree=False chain=71046.70 bin=71042.00 open=71045.47 obi=0.2805 ask_up=0.37 ask_dn=0.64 bid_up=0.36 bid_dn=0.63 halted=False[0m
[2m2026-04-09 02:45:35.755 [INFO] __main__: STATUS t=264s delta=-0.0339% dir=down agree=True chain=71021.39 bin=71015.91 open=71045.47 obi=0.9926 ask_up=0.28 ask_dn=0.73 bid_up=0.27 bid_dn=0.72 halted=False[0m
[2m2026-04-09 02:46:05.853 [INFO] __main__: STATUS t=234s delta=0.0343% dir=up agree=True chain=71069.86 bin=71061.56 open=71045.47 obi=0.6988 ask_up=0.53 ask_dn=0.48 bid_up=0.52 bid_dn=0.47 halted=False[0m
[2m2026-04-09 02:46:35.944 [INFO] __main__: STATUS t=204s delta=0.1161% dir=up agree=True chain=71127.97 bin=71112.47 open=71045.47 obi=-0.8979 ask_up=0.78 ask_dn=0.23 bid_up=0.77 bid_dn=0.22 halted=False[0m
[37m2026-04-09 02:46:40.209 [INFO] strategy.momentum_signal: [SKIP] rank=1 side=down reason=conditions_not_met latest_pct=0.0943 need=<=-0.07 stddev=0.0421 max_var=0.050[0m
[2m2026-04-09 02:47:06.039 [INFO] __main__: STATUS t=174s delta=0.0573% dir=up agree=True chain=71086.17 bin=71082.55 open=71045.47 obi=0.9586 ask_up=0.69 ask_dn=0.32 bid_up=0.68 bid_dn=0.31 halted=False[0m
[2m2026-04-09 02:47:36.128 [INFO] __main__: STATUS t=144s delta=0.1067% dir=up agree=True chain=71121.27 bin=71114.33 open=71045.47 obi=-0.3827 ask_up=0.83 ask_dn=0.18 bid_up=0.82 bid_dn=0.17 halted=False[0m
[2m2026-04-09 02:48:06.217 [INFO] __main__: STATUS t=114s delta=0.1015% dir=up agree=True chain=71117.61 bin=71118.40 open=71045.47 obi=-0.0258 ask_up=0.93 ask_dn=0.08 bid_up=0.92 bid_dn=0.07 halted=False[0m
[2m2026-04-09 02:48:36.308 [INFO] __main__: STATUS t=84s delta=0.1192% dir=up agree=True chain=71130.14 bin=71128.07 open=71045.47 obi=0.3095 ask_up=0.98 ask_dn=0.03 bid_up=0.97 bid_dn=0.02 halted=False[0m
[2m2026-04-09 02:49:06.410 [INFO] __main__: STATUS t=54s delta=0.1108% dir=up agree=True chain=71124.15 bin=71130.25 open=71045.47 obi=-0.3690 ask_up=1.00 ask_dn=0.01 bid_up=0.99 bid_dn=0.01 halted=False[0m
[2m2026-04-09 02:49:36.505 [INFO] __main__: STATUS t=23s delta=0.1442% dir=up agree=True chain=71147.91 bin=71134.20 open=71045.47 obi=-0.6875 ask_up=1.00 ask_dn=0.01 bid_up=0.99 bid_dn=0.01 halted=False[0m
[37m2026-04-09 02:50:00.083 [INFO] execution.paper_trading: paper window_ts=1775702700 [SKIP] pnl=0.0000 direction=up outcome=up - balance=$970.88 bid_up=1.00 ask_up=1.00 bid_dn=0.00 ask_dn=0.00[0m
[93m[1m2026-04-09 02:50:00.083 [INFO] risk.position_tracker: WINDOW_SUMMARY window_pnl=$0.0000 session_pnl=$-29.1171 won=$16.7029 lost=$45.8200 wr=66.7% (4/6) consec_losses=0[0m
[96m2026-04-09 02:50:00.085 [INFO] strategy.window_handler: REGIME chop_detected flips=4 delta_range=0.2232% avg_flips=3.8 over=6_windows[0m
[37m2026-04-09 02:50:00.088 [INFO] strategy.window_handler: WINDOW_DECISION [SKIP] rank=1 side=down pnl=$0.0000 entry=0.00 size=$0.00 (conditions not met)[0m
[96m[1m2026-04-09 02:50:00.088 [INFO] strategy.window_tracker: new window: btc-updown-5m-1775703000 (ts=1775703000)[0m
[96m2026-04-09 02:50:00.173 [INFO] strategy.window_handler: REGIME vol_stddev=0.131% chop_flips=3.8 outcome=4U/2D over 6w sprt=dormant llr=0.00 age=2w bankroll=$895.84[0m
[96m2026-04-09 02:50:00.173 [INFO] strategy.window_handler: KELLY wr_adj=88.9% base=96.4% total_disc=4.6% vol=15.6% chop=11.9% outcome=38.1% feedback=+0.0%[0m
[96m2026-04-09 02:50:00.173 [INFO] __main__: window open price captured: 71150.29 (chainlink)[0m
2026-04-09 02:50:00.862 [INFO] market_data.clob_market_ws: CLOB market subscribed for tokens up=622794208265 down=867423699750
[2m2026-04-09 02:50:06.713 [INFO] __main__: STATUS t=293s delta=-0.0019% dir=down agree=True chain=71148.93 bin=71145.21 open=71150.29 obi=-0.4172 ask_up=0.49 ask_dn=0.52 bid_up=0.48 bid_dn=0.51 halted=False[0m
[2m2026-04-09 02:50:36.803 [INFO] __main__: STATUS t=263s delta=-0.0228% dir=down agree=True chain=71134.09 bin=71131.46 open=71150.29 obi=-0.6701 ask_up=0.42 ask_dn=0.59 bid_up=0.41 bid_dn=0.58 halted=False[0m
[2m2026-04-09 02:51:06.892 [INFO] __main__: STATUS t=233s delta=-0.0267% dir=down agree=True chain=71131.27 bin=71130.02 open=71150.29 obi=-0.9438 ask_up=0.37 ask_dn=0.64 bid_up=0.36 bid_dn=0.63 halted=False[0m
[2m2026-04-09 02:51:36.981 [INFO] __main__: STATUS t=203s delta=0.0040% dir=up agree=True chain=71153.17 bin=71151.14 open=71150.29 obi=-0.0500 ask_up=0.51 ask_dn=0.51 bid_up=0.49 bid_dn=0.49 halted=False[0m
[37m2026-04-09 02:51:40.243 [INFO] strategy.momentum_signal: [SKIP] rank=1 side=down reason=conditions_not_met latest_pct=0.0146 need=<=-0.07 stddev=0.0126 max_var=0.050[0m
[2m2026-04-09 02:52:07.079 [INFO] __main__: STATUS t=173s delta=0.0250% dir=up agree=True chain=71168.11 bin=71164.67 open=71150.29 obi=0.1566 ask_up=0.58 ask_dn=0.44 bid_up=0.56 bid_dn=0.42 halted=False[0m
[2m2026-04-09 02:52:37.160 [INFO] __main__: STATUS t=143s delta=0.0436% dir=up agree=True chain=71181.29 bin=71166.35 open=71150.29 obi=-0.8245 ask_up=0.62 ask_dn=0.39 bid_up=0.61 bid_dn=0.38 halted=False[0m
[2m2026-04-09 02:53:07.248 [INFO] __main__: STATUS t=113s delta=-0.0038% dir=down agree=True chain=71147.60 bin=71147.42 open=71150.29 obi=-0.8180 ask_up=0.45 ask_dn=0.56 bid_up=0.44 bid_dn=0.55 halted=False[0m
[2m2026-04-09 02:53:37.343 [INFO] __main__: STATUS t=83s delta=-0.0052% dir=down agree=True chain=71146.56 bin=71140.17 open=71150.29 obi=0.8384 ask_up=0.46 ask_dn=0.55 bid_up=0.45 bid_dn=0.54 halted=False[0m
[2m2026-04-09 02:54:07.450 [INFO] __main__: STATUS t=53s delta=0.0283% dir=up agree=True chain=71170.39 bin=71167.71 open=71150.29 obi=-0.9248 ask_up=0.75 ask_dn=0.26 bid_up=0.74 bid_dn=0.25 halted=False[0m
[2m2026-04-09 02:54:37.544 [INFO] __main__: STATUS t=22s delta=0.0055% dir=up agree=True chain=71154.23 bin=71151.20 open=71150.29 obi=-0.7213 ask_up=0.68 ask_dn=0.33 bid_up=0.67 bid_dn=0.32 halted=False[0m
[37m2026-04-09 02:55:00.123 [INFO] execution.paper_trading: paper window_ts=1775703000 [SKIP] pnl=0.0000 direction=up outcome=up - balance=$970.88 bid_up=0.99 ask_up=1.00 bid_dn=0.01 ask_dn=0.01[0m
[93m[1m2026-04-09 02:55:00.123 [INFO] risk.position_tracker: WINDOW_SUMMARY window_pnl=$0.0000 session_pnl=$-29.1171 won=$16.7029 lost=$45.8200 wr=66.7% (4/6) consec_losses=0[0m
[96m2026-04-09 02:55:00.130 [INFO] strategy.window_handler: REGIME chop_detected flips=8 delta_range=0.0976% avg_flips=5.0 over=6_windows[0m
[37m2026-04-09 02:55:00.134 [INFO] strategy.window_handler: WINDOW_DECISION [SKIP] rank=1 side=down pnl=$0.0000 entry=0.00 size=$0.00 (conditions not met)[0m
[96m[1m2026-04-09 02:55:00.134 [INFO] strategy.window_tracker: new window: btc-updown-5m-1775703300 (ts=1775703300)[0m
[96m2026-04-09 02:55:00.186 [INFO] strategy.window_handler: REGIME vol_stddev=0.131% chop_flips=5.0 outcome=5U/1D over 6w sprt=dormant llr=0.00 age=3w bankroll=$895.84[0m
[96m2026-04-09 02:55:00.186 [INFO] strategy.window_handler: KELLY wr_adj=84.3% base=96.4% total_disc=9.1% vol=15.6% chop=28.6% outcome=76.2% feedback=+0.0%[0m
[96m2026-04-09 02:55:00.186 [INFO] __main__: window open price captured: 71155.80 (chainlink)[0m
2026-04-09 02:55:01.063 [INFO] market_data.clob_market_ws: CLOB market subscribed for tokens up=113290443944 down=244040004817
[2m2026-04-09 02:55:07.722 [INFO] __main__: STATUS t=292s delta=-0.0073% dir=down agree=True chain=71150.58 bin=71150.64 open=71155.80 obi=-0.9986 ask_up=0.45 ask_dn=0.56 bid_up=0.44 bid_dn=0.55 halted=False[0m
[2m2026-04-09 02:55:37.809 [INFO] __main__: STATUS t=262s delta=-0.0055% dir=down agree=True chain=71151.86 bin=71151.98 open=71155.80 obi=-0.9752 ask_up=0.46 ask_dn=0.55 bid_up=0.45 bid_dn=0.54 halted=False[0m
[2m2026-04-09 02:56:07.900 [INFO] __main__: STATUS t=232s delta=-0.0569% dir=down agree=True chain=71115.28 bin=71114.71 open=71155.80 obi=-0.7728 ask_up=0.16 ask_dn=0.85 bid_up=0.15 bid_dn=0.84 halted=False[0m
[2m2026-04-09 02:56:37.992 [INFO] __main__: STATUS t=202s delta=-0.1041% dir=down agree=True chain=71081.74 bin=71074.30 open=71155.80 obi=-0.8691 ask_up=0.06 ask_dn=0.95 bid_up=0.05 bid_dn=0.94 halted=False[0m
[37m2026-04-09 02:56:40.250 [INFO] strategy.momentum_signal: [SKIP] rank=1 side=down reason=KELLY_NO_EDGE p_adj=0.843 entry=0.94 raw_f=-1.619 total_disc=0.091 vol=0.156 chop=0.286 outcome=0.762[0m
[2m2026-04-09 02:57:08.091 [INFO] __main__: STATUS t=172s delta=-0.1185% dir=down agree=True chain=71071.45 bin=71071.18 open=71155.80 obi=-0.9949 ask_up=0.06 ask_dn=0.95 bid_up=0.05 bid_dn=0.94 halted=False[0m
[2m2026-04-09 02:57:38.179 [INFO] __main__: STATUS t=142s delta=-0.1167% dir=down agree=True chain=71072.75 bin=71069.41 open=71155.80 obi=0.5987 ask_up=0.05 ask_dn=0.96 bid_up=0.04 bid_dn=0.95 halted=False[0m
[2m2026-04-09 02:58:08.293 [INFO] __main__: STATUS t=112s delta=-0.1217% dir=down agree=True chain=71069.24 bin=71069.35 open=71155.80 obi=0.7512 ask_up=0.05 ask_dn=0.96 bid_up=0.04 bid_dn=0.95 halted=False[0m
[2m2026-04-09 02:58:38.391 [INFO] __main__: STATUS t=82s delta=-0.1076% dir=down agree=True chain=71079.25 bin=71083.23 open=71155.80 obi=0.9968 ask_up=0.99 ask_dn=0.99 bid_up=0.01 bid_dn=0.01 halted=False[0m
[2m2026-04-09 02:59:08.492 [INFO] __main__: STATUS t=52s delta=-0.1193% dir=down agree=True chain=71070.90 bin=71069.03 open=71155.80 obi=-0.9957 ask_up=0.01 ask_dn=1.00 bid_up=0.01 bid_dn=0.99 halted=False[0m
[2m2026-04-09 02:59:38.595 [INFO] __main__: STATUS t=21s delta=-0.1529% dir=down agree=True chain=71047.01 bin=71044.50 open=71155.80 obi=-0.1043 ask_up=0.01 ask_dn=1.00 bid_up=0.01 bid_dn=0.99 halted=False[0m
[37m2026-04-09 03:00:00.169 [INFO] execution.paper_trading: paper window_ts=1775703300 [SKIP] pnl=0.0000 direction=down outcome=down - balance=$970.88 bid_up=0.01 ask_up=0.01 bid_dn=0.99 ask_dn=1.00[0m
[93m[1m2026-04-09 03:00:00.169 [INFO] risk.position_tracker: WINDOW_SUMMARY window_pnl=$0.0000 session_pnl=$-29.1171 won=$16.7029 lost=$45.8200 wr=66.7% (4/6) consec_losses=0[0m
[96m2026-04-09 03:00:00.180 [INFO] strategy.window_handler: REGIME chop_detected flips=3 delta_range=0.1587% avg_flips=5.2 over=6_windows[0m
[37m2026-04-09 03:00:00.186 [INFO] strategy.window_handler: WINDOW_DECISION [SKIP] rank=1 side=down pnl=$0.0000 entry=0.00 size=$0.00 (conditions not met)[0m
[96m[1m2026-04-09 03:00:00.187 [INFO] strategy.window_tracker: new window: btc-updown-5m-1775703600 (ts=1775703600)[0m
2026-04-09 03:00:00.293 [INFO] market_data.clob_market_ws: CLOB market subscribed for tokens up=741629924517 down=300675957531
[96m2026-04-09 03:00:00.302 [INFO] strategy.window_handler: REGIME vol_stddev=0.134% chop_flips=5.2 outcome=4U/2D over 6w sprt=dormant llr=0.00 age=4w bankroll=$895.84[0m
[96m2026-04-09 03:00:00.302 [INFO] strategy.window_handler: KELLY wr_adj=88.9% base=96.4% total_disc=4.6% vol=17.2% chop=31.0% outcome=38.1% feedback=+0.0%[0m
[96m2026-04-09 03:00:00.302 [INFO] __main__: window open price captured: 71061.93 (chainlink)[0m
[2m2026-04-09 03:00:08.614 [INFO] __main__: STATUS t=291s delta=-0.0081% dir=down agree=True chain=71056.20 bin=71055.89 open=71061.93 obi=-0.9568 ask_up=0.45 ask_dn=0.56 bid_up=0.44 bid_dn=0.55 halted=False[0m
[2m2026-04-09 03:00:38.705 [INFO] __main__: STATUS t=261s delta=-0.0141% dir=down agree=True chain=71051.88 bin=71049.06 open=71061.93 obi=0.7465 ask_up=0.44 ask_dn=0.57 bid_up=0.43 bid_dn=0.56 halted=False[0m
[2m2026-04-09 03:01:08.806 [INFO] __main__: STATUS t=231s delta=-0.0220% dir=down agree=True chain=71046.29 bin=71043.26 open=71061.93 obi=0.9912 ask_up=0.38 ask_dn=0.63 bid_up=0.37 bid_dn=0.62 halted=False[0m
[2m2026-04-09 03:01:38.900 [INFO] __main__: STATUS t=201s delta=-0.0172% dir=down agree=True chain=71049.73 bin=71048.38 open=71061.93 obi=0.8934 ask_up=0.42 ask_dn=0.59 bid_up=0.41 bid_dn=0.58 halted=False[0m
[37m2026-04-09 03:01:40.155 [INFO] strategy.momentum_signal: [SKIP] rank=1 side=down reason=conditions_not_met latest_pct=-0.0191 need=<=-0.07 stddev=0.0050 max_var=0.050[0m
[2m2026-04-09 03:02:09.006 [INFO] __main__: STATUS t=171s delta=-0.0065% dir=down agree=True chain=71057.31 bin=71054.37 open=71061.93 obi=0.9877 ask_up=0.52 ask_dn=0.49 bid_up=0.51 bid_dn=0.48 halted=False[0m
[2m2026-04-09 03:02:39.100 [INFO] __main__: STATUS t=141s delta=0.0131% dir=up agree=True chain=71071.24 bin=71065.54 open=71061.93 obi=0.5418 ask_up=0.64 ask_dn=0.37 bid_up=0.63 bid_dn=0.36 halted=False[0m
[2m2026-04-09 03:03:09.199 [INFO] __main__: STATUS t=111s delta=0.0154% dir=up agree=True chain=71072.85 bin=71071.70 open=71061.93 obi=-0.3668 ask_up=0.68 ask_dn=0.33 bid_up=0.67 bid_dn=0.32 halted=False[0m
[2m2026-04-09 03:03:39.297 [INFO] __main__: STATUS t=81s delta=-0.0009% dir=down agree=True chain=71061.28 bin=71057.17 open=71061.93 obi=0.1815 ask_up=0.99 ask_dn=0.99 bid_up=0.01 bid_dn=0.01 halted=False[0m
[2m2026-04-09 03:04:09.392 [INFO] __main__: STATUS t=51s delta=0.0364% dir=up agree=True chain=71087.77 bin=71082.17 open=71061.93 obi=-0.4587 ask_up=0.89 ask_dn=0.12 bid_up=0.88 bid_dn=0.11 halted=False[0m
[2m2026-04-09 03:04:39.494 [INFO] __main__: STATUS t=21s delta=0.0288% dir=up agree=True chain=71082.43 bin=71078.63 open=71061.93 obi=-0.0345 ask_up=0.95 ask_dn=0.06 bid_up=0.94 bid_dn=0.05 halted=False[0m
[37m2026-04-09 03:05:00.059 [INFO] execution.paper_trading: paper window_ts=1775703600 [SKIP] pnl=0.0000 direction=up outcome=up - balance=$970.88 bid_up=0.99 ask_up=1.00 bid_dn=0.01 ask_dn=0.01[0m
[93m[1m2026-04-09 03:05:00.059 [INFO] risk.position_tracker: WINDOW_SUMMARY window_pnl=$0.0000 session_pnl=$-29.1171 won=$16.7029 lost=$45.8200 wr=66.7% (4/6) consec_losses=0[0m
[96m2026-04-09 03:05:00.061 [INFO] strategy.window_handler: REGIME chop_detected flips=4 delta_range=0.0709% avg_flips=5.0 over=6_windows[0m
[37m2026-04-09 03:05:00.066 [INFO] strategy.window_handler: WINDOW_DECISION [SKIP] rank=1 side=down pnl=$0.0000 entry=0.00 size=$0.00 (conditions not met)[0m
[96m[1m2026-04-09 03:05:00.066 [INFO] strategy.window_tracker: new window: btc-updown-5m-1775703900 (ts=1775703900)[0m
[96m2026-04-09 03:05:00.172 [INFO] strategy.window_handler: REGIME vol_stddev=0.134% chop_flips=5.0 outcome=4U/2D over 6w sprt=dormant llr=0.00 age=5w bankroll=$895.84[0m
[96m2026-04-09 03:05:00.172 [INFO] strategy.window_handler: KELLY wr_adj=88.9% base=96.4% total_disc=4.6% vol=17.2% chop=28.6% outcome=38.1% feedback=+0.0%[0m
[96m2026-04-09 03:05:00.172 [INFO] __main__: window open price captured: 71085.56 (chainlink)[0m
2026-04-09 03:05:00.502 [INFO] market_data.clob_market_ws: CLOB market subscribed for tokens up=409317743031 down=100236425556
[2m2026-04-09 03:05:09.702 [INFO] __main__: STATUS t=290s delta=0.0386% dir=up agree=True chain=71113.03 bin=71123.58 open=71085.56 obi=-0.9742 ask_up=0.77 ask_dn=0.25 bid_up=0.75 bid_dn=0.23 halted=False[0m
[2m2026-04-09 03:05:39.795 [INFO] __main__: STATUS t=260s delta=0.0127% dir=up agree=True chain=71094.60 bin=71093.59 open=71085.56 obi=-0.9519 ask_up=0.56 ask_dn=0.45 bid_up=0.55 bid_dn=0.44 halted=False[0m
[2m2026-04-09 03:06:09.890 [INFO] __main__: STATUS t=230s delta=0.0049% dir=up agree=False chain=71089.07 bin=71081.43 open=71085.56 obi=0.1791 ask_up=0.49 ask_dn=0.52 bid_up=0.48 bid_dn=0.51 halted=False[0m
[2m2026-04-09 03:06:39.987 [INFO] __main__: STATUS t=200s delta=-0.0056% dir=down agree=True chain=71081.55 bin=71071.06 open=71085.56 obi=-0.2948 ask_up=0.39 ask_dn=0.62 bid_up=0.38 bid_dn=0.61 halted=False[0m
[37m2026-04-09 03:06:40.239 [INFO] strategy.momentum_signal: [SKIP] rank=1 side=down reason=conditions_not_met latest_pct=-0.0204 need=<=-0.07 stddev=0.0093 max_var=0.050[0m
[2m2026-04-09 03:07:10.073 [INFO] __main__: STATUS t=170s delta=-0.0610% dir=down agree=True chain=71042.20 bin=71036.24 open=71085.56 obi=0.4919 ask_up=0.26 ask_dn=0.75 bid_up=0.25 bid_dn=0.74 halted=False[0m
[2m2026-04-09 03:07:40.166 [INFO] __main__: STATUS t=140s delta=-0.1047% dir=down agree=True chain=71011.17 bin=71000.00 open=71085.56 obi=0.2774 ask_up=0.12 ask_dn=0.89 bid_up=0.11 bid_dn=0.88 halted=False[0m
[2m2026-04-09 03:08:10.269 [INFO] __main__: STATUS t=110s delta=-0.1255% dir=down agree=True chain=70996.38 bin=70986.94 open=71085.56 obi=-0.9201 ask_up=0.08 ask_dn=0.93 bid_up=0.07 bid_dn=0.92 halted=False[0m
[2m2026-04-09 03:08:40.367 [INFO] __main__: STATUS t=80s delta=-0.0949% dir=down agree=True chain=71018.08 bin=71016.16 open=71085.56 obi=0.4253 ask_up=0.14 ask_dn=0.87 bid_up=0.13 bid_dn=0.86 halted=False[0m
[2m2026-04-09 03:09:10.472 [INFO] __main__: STATUS t=50s delta=-0.1085% dir=down agree=True chain=71008.47 bin=71002.88 open=71085.56 obi=-0.8972 ask_up=0.09 ask_dn=0.92 bid_up=0.08 bid_dn=0.91 halted=False[0m
[2m2026-04-09 03:09:40.571 [INFO] __main__: STATUS t=19s delta=-0.1071% dir=down agree=True chain=71009.44 bin=71002.87 open=71085.56 obi=-0.6888 ask_up=0.01 ask_dn=1.00 bid_up=0.01 bid_dn=0.99 halted=False[0m
[37m2026-04-09 03:10:00.134 [INFO] execution.paper_trading: paper window_ts=1775703900 [SKIP] pnl=0.0000 direction=down outcome=down - balance=$970.88 bid_up=0.01 ask_up=0.01 bid_dn=0.99 ask_dn=1.00[0m
[93m[1m2026-04-09 03:10:00.134 [INFO] risk.position_tracker: WINDOW_SUMMARY window_pnl=$0.0000 session_pnl=$-29.1171 won=$16.7029 lost=$45.8200 wr=66.7% (4/6) consec_losses=0[0m
[37m2026-04-09 03:10:00.143 [INFO] strategy.window_handler: WINDOW_DECISION [SKIP] rank=1 side=down pnl=$0.0000 entry=0.00 size=$0.00 (conditions not met)[0m
[96m[1m2026-04-09 03:10:00.144 [INFO] strategy.window_tracker: new window: btc-updown-5m-1775704200 (ts=1775704200)[0m
[96m2026-04-09 03:10:00.216 [INFO] strategy.window_handler: REGIME vol_stddev=0.115% chop_flips=3.5 outcome=4U/2D over 6w sprt=dormant llr=0.00 age=6w bankroll=$895.84[0m
[96m2026-04-09 03:10:00.216 [INFO] strategy.window_handler: KELLY wr_adj=88.9% base=96.4% total_disc=4.6% vol=7.6% chop=7.1% outcome=38.1% feedback=+0.0%[0m
[96m2026-04-09 03:10:00.217 [INFO] __main__: window open price captured: 71000.75 (chainlink)[0m
2026-04-09 03:10:00.726 [INFO] market_data.clob_market_ws: CLOB market subscribed for tokens up=947272417386 down=110504185477
[2m2026-04-09 03:10:10.756 [INFO] __main__: STATUS t=289s delta=-0.0054% dir=down agree=True chain=70996.91 bin=70989.26 open=71000.75 obi=-0.9883 ask_up=0.51 ask_dn=0.50 bid_up=0.50 bid_dn=0.49 halted=False[0m
[2m2026-04-09 03:10:40.840 [INFO] __main__: STATUS t=259s delta=-0.0246% dir=down agree=True chain=70983.28 bin=70978.50 open=71000.75 obi=-0.9984 ask_up=0.40 ask_dn=0.61 bid_up=0.39 bid_dn=0.60 halted=False[0m
[2m2026-04-09 03:11:10.931 [INFO] __main__: STATUS t=229s delta=-0.0718% dir=down agree=True chain=70949.79 bin=70943.69 open=71000.75 obi=0.0956 ask_up=0.28 ask_dn=0.73 bid_up=0.27 bid_dn=0.72 halted=False[0m
[37m2026-04-09 03:11:40.016 [INFO] strategy.momentum_signal: [SKIP] rank=1 side=down reason=conditions_not_met latest_pct=-0.0486 need=<=-0.07 stddev=0.0177 max_var=0.050[0m
[2m2026-04-09 03:11:41.019 [INFO] __main__: STATUS t=199s delta=-0.0406% dir=down agree=True chain=70971.90 bin=70966.21 open=71000.75 obi=-0.9357 ask_up=0.33 ask_dn=0.68 bid_up=0.32 bid_dn=0.67 halted=False[0m
[2m2026-04-09 03:12:11.116 [INFO] __main__: STATUS t=169s delta=-0.0545% dir=down agree=True chain=70962.08 bin=70959.17 open=71000.75 obi=-0.8320 ask_up=0.29 ask_dn=0.72 bid_up=0.28 bid_dn=0.71 halted=False[0m
[2m2026-04-09 03:12:41.197 [INFO] __main__: STATUS t=139s delta=-0.0284% dir=down agree=True chain=70980.59 bin=70973.41 open=71000.75 obi=0.9839 ask_up=0.50 ask_dn=0.51 bid_up=0.49 bid_dn=0.50 halted=False[0m
[2m2026-04-09 03:13:11.304 [INFO] __main__: STATUS t=109s delta=-0.0170% dir=down agree=True chain=70988.68 bin=70981.37 open=71000.75 obi=-0.9953 ask_up=0.40 ask_dn=0.61 bid_up=0.39 bid_dn=0.60 halted=False[0m
[2m2026-04-09 03:13:41.393 [INFO] __main__: STATUS t=79s delta=-0.0176% dir=down agree=True chain=70988.24 bin=70978.49 open=71000.75 obi=0.8278 ask_up=0.43 ask_dn=0.58 bid_up=0.42 bid_dn=0.57 halted=False[0m
[2m2026-04-09 03:14:11.491 [INFO] __main__: STATUS t=49s delta=-0.0298% dir=down agree=True chain=70979.60 bin=70972.01 open=71000.75 obi=0.0713 ask_up=0.24 ask_dn=0.77 bid_up=0.23 bid_dn=0.76 halted=False[0m
[2m2026-04-09 03:14:41.587 [INFO] __main__: STATUS t=18s delta=-0.0198% dir=down agree=True chain=70986.72 bin=70980.00 open=71000.75 obi=0.7262 ask_up=0.27 ask_dn=0.74 bid_up=0.26 bid_dn=0.73 halted=False[0m
[37m2026-04-09 03:15:00.149 [INFO] execution.paper_trading: paper window_ts=1775704200 [SKIP] pnl=0.0000 direction=down outcome=down - balance=$970.88 bid_up=0.01 ask_up=0.02 bid_dn=0.98 ask_dn=0.99[0m
[93m[1m2026-04-09 03:15:00.149 [INFO] risk.position_tracker: WINDOW_SUMMARY window_pnl=$0.0000 session_pnl=$-29.1171 won=$16.7029 lost=$45.8200 wr=66.7% (4/6) consec_losses=0[0m
[37m2026-04-09 03:15:00.155 [INFO] strategy.window_handler: WINDOW_DECISION [SKIP] rank=1 side=down pnl=$0.0000 entry=0.00 size=$0.00 (conditions not met)[0m
[96m[1m2026-04-09 03:15:00.155 [INFO] strategy.window_tracker: new window: btc-updown-5m-1775704500 (ts=1775704500)[0m
[96m2026-04-09 03:15:00.206 [INFO] strategy.window_handler: REGIME vol_stddev=0.114% chop_flips=3.5 outcome=3U/3D over 6w sprt=dormant llr=0.00 age=7w bankroll=$895.84[0m
[96m2026-04-09 03:15:00.206 [INFO] strategy.window_handler: KELLY wr_adj=92.6% base=96.4% total_disc=0.9% vol=7.1% chop=7.1% outcome=0.0% feedback=+0.0%[0m
[96m2026-04-09 03:15:00.206 [INFO] __main__: window open price captured: 70989.41 (chainlink)[0m
2026-04-09 03:15:00.913 [INFO] market_data.clob_market_ws: CLOB market subscribed for tokens up=341702275060 down=956624724036
[2m2026-04-09 03:15:11.743 [INFO] __main__: STATUS t=288s delta=0.0019% dir=up agree=False chain=70990.79 bin=70983.54 open=70989.41 obi=-0.7601 ask_up=0.51 ask_dn=0.50 bid_up=0.50 bid_dn=0.49 halted=False[0m
[2m2026-04-09 03:15:41.830 [INFO] __main__: STATUS t=258s delta=-0.0024% dir=down agree=True chain=70987.69 bin=70983.54 open=70989.41 obi=-0.9733 ask_up=0.49 ask_dn=0.52 bid_up=0.48 bid_dn=0.51 halted=False[0m
[2m2026-04-09 03:16:11.923 [INFO] __main__: STATUS t=228s delta=-0.0029% dir=down agree=True chain=70987.33 bin=70978.31 open=70989.41 obi=0.3115 ask_up=0.52 ask_dn=0.49 bid_up=0.51 bid_dn=0.48 halted=False[0m
[37m2026-04-09 03:16:40.008 [INFO] strategy.momentum_signal: [SKIP] rank=1 side=down reason=conditions_not_met latest_pct=0.0148 need=<=-0.07 stddev=0.0139 max_var=0.050[0m
[2m2026-04-09 03:16:42.014 [INFO] __main__: STATUS t=198s delta=0.0236% dir=up agree=True chain=71006.14 bin=70998.16 open=70989.41 obi=-0.9114 ask_up=0.67 ask_dn=0.34 bid_up=0.66 bid_dn=0.33 halted=False[0m
[2m2026-04-09 03:17:12.101 [INFO] __main__: STATUS t=168s delta=0.0178% dir=up agree=True chain=71002.06 bin=70997.37 open=70989.41 obi=-0.9777 ask_up=0.62 ask_dn=0.39 bid_up=0.61 bid_dn=0.38 halted=False[0m
[2m2026-04-09 03:17:42.198 [INFO] __main__: STATUS t=138s delta=0.0072% dir=up agree=False chain=70994.51 bin=70955.43 open=70989.41 obi=-0.9188 ask_up=0.18 ask_dn=0.83 bid_up=0.17 bid_dn=0.82 halted=False[0m
[2m2026-04-09 03:18:12.311 [INFO] __main__: STATUS t=108s delta=-0.0619% dir=down agree=True chain=70945.45 bin=70935.78 open=70989.41 obi=-0.8643 ask_up=0.12 ask_dn=0.89 bid_up=0.11 bid_dn=0.88 halted=False[0m
[2m2026-04-09 03:18:42.407 [INFO] __main__: STATUS t=78s delta=-0.0516% dir=down agree=True chain=70952.80 bin=70946.77 open=70989.41 obi=-0.0592 ask_up=0.12 ask_dn=0.89 bid_up=0.11 bid_dn=0.88 halted=False[0m
[2m2026-04-09 03:19:12.528 [INFO] __main__: STATUS t=47s delta=-0.0503% dir=down agree=True chain=70953.68 bin=70946.77 open=70989.41 obi=0.2338 ask_up=0.16 ask_dn=0.85 bid_up=0.15 bid_dn=0.84 halted=False[0m
[2m2026-04-09 03:19:42.611 [INFO] __main__: STATUS t=17s delta=-0.0300% dir=down agree=True chain=70968.11 bin=70961.48 open=70989.41 obi=0.5335 ask_up=0.33 ask_dn=0.68 bid_up=0.32 bid_dn=0.67 halted=False[0m
[37m2026-04-09 03:20:00.164 [INFO] execution.paper_trading: paper window_ts=1775704500 [SKIP] pnl=0.0000 direction=down outcome=down - balance=$970.88 bid_up=0.24 ask_up=0.31 bid_dn=0.69 ask_dn=0.76[0m
[93m[1m2026-04-09 03:20:00.164 [INFO] risk.position_tracker: WINDOW_SUMMARY window_pnl=$0.0000 session_pnl=$-29.1171 won=$16.7029 lost=$45.8200 wr=66.7% (4/6) consec_losses=0[0m
[96m2026-04-09 03:20:00.167 [INFO] strategy.window_handler: REGIME chop_detected flips=7 delta_range=0.0907% avg_flips=4.0 over=6_windows[0m
[37m2026-04-09 03:20:00.171 [INFO] strategy.window_handler: WINDOW_DECISION [SKIP] rank=1 side=down pnl=$0.0000 entry=0.00 size=$0.00 (conditions not met)[0m
[96m[1m2026-04-09 03:20:00.172 [INFO] strategy.window_tracker: new window: btc-updown-5m-1775704800 (ts=1775704800)[0m
[96m2026-04-09 03:20:00.231 [INFO] strategy.window_handler: REGIME vol_stddev=0.113% chop_flips=4.0 outcome=2U/4D over 6w sprt=dormant llr=0.00 age=8w bankroll=$895.84[0m
[96m2026-04-09 03:20:00.231 [INFO] strategy.window_handler: KELLY wr_adj=91.7% base=96.4% total_disc=1.7% vol=6.5% chop=14.3% outcome=0.0% feedback=+0.0%[0m
[96m2026-04-09 03:20:00.231 [INFO] __main__: window open price captured: 70986.48 (chainlink)[0m
2026-04-09 03:20:01.136 [INFO] market_data.clob_market_ws: CLOB market subscribed for tokens up=368607150141 down=586743056188
[2m2026-04-09 03:20:12.772 [INFO] __main__: STATUS t=287s delta=-0.0085% dir=down agree=True chain=70980.46 bin=70969.31 open=70986.48 obi=-0.0627 ask_up=0.43 ask_dn=0.58 bid_up=0.42 bid_dn=0.57 halted=False[0m
[2m2026-04-09 03:20:42.857 [INFO] __main__: STATUS t=257s delta=-0.0525% dir=down agree=True chain=70949.23 bin=70949.92 open=70986.48 obi=0.1067 ask_up=0.34 ask_dn=0.67 bid_up=0.33 bid_dn=0.66 halted=False[0m
[2m2026-04-09 03:21:12.951 [INFO] __main__: STATUS t=227s delta=-0.0381% dir=down agree=True chain=70959.46 bin=70955.77 open=70986.48 obi=-0.7403 ask_up=0.31 ask_dn=0.70 bid_up=0.30 bid_dn=0.69 halted=False[0m
[37m2026-04-09 03:21:40.028 [INFO] strategy.momentum_signal: [SKIP] rank=1 side=down reason=conditions_not_met latest_pct=-0.0286 need=<=-0.07 stddev=0.0172 max_var=0.050[0m
[2m2026-04-09 03:21:43.035 [INFO] __main__: STATUS t=197s delta=-0.0250% dir=down agree=True chain=70968.70 bin=70966.20 open=70986.48 obi=0.1368 ask_up=0.46 ask_dn=0.55 bid_up=0.45 bid_dn=0.54 halted=False[0m
[2m2026-04-09 03:22:13.121 [INFO] __main__: STATUS t=167s delta=-0.0137% dir=down agree=True chain=70976.78 bin=70970.28 open=70986.48 obi=0.1963 ask_up=0.47 ask_dn=0.54 bid_up=0.46 bid_dn=0.53 halted=False[0m
[2m2026-04-09 03:22:43.214 [INFO] __main__: STATUS t=137s delta=-0.0131% dir=down agree=True chain=70977.18 bin=70970.29 open=70986.48 obi=-0.0991 ask_up=0.44 ask_dn=0.57 bid_up=0.43 bid_dn=0.56 halted=False[0m
[2m2026-04-09 03:23:13.302 [INFO] __main__: STATUS t=107s delta=-0.0127% dir=down agree=True chain=70977.47 bin=70974.81 open=70986.48 obi=-0.0896 ask_up=0.44 ask_dn=0.57 bid_up=0.43 bid_dn=0.56 halted=False[0m
[2m2026-04-09 03:23:43.394 [INFO] __main__: STATUS t=77s delta=0.0092% dir=up agree=True chain=70993.02 bin=70986.62 open=70986.48 obi=0.6200 ask_up=0.62 ask_dn=0.39 bid_up=0.61 bid_dn=0.38 halted=False[0m
[2m2026-04-09 03:24:13.489 [INFO] __main__: STATUS t=47s delta=-0.0140% dir=down agree=True chain=70976.56 bin=70979.78 open=70986.48 obi=0.9717 ask_up=0.60 ask_dn=0.41 bid_up=0.59 bid_dn=0.40 halted=False[0m
[2m2026-04-09 03:24:43.579 [INFO] __main__: STATUS t=16s delta=0.0083% dir=up agree=True chain=70992.37 bin=70986.62 open=70986.48 obi=0.8759 ask_up=0.79 ask_dn=0.22 bid_up=0.78 bid_dn=0.21 halted=False[0m
[37m2026-04-09 03:25:00.131 [INFO] execution.paper_trading: paper window_ts=1775704800 [SKIP] pnl=0.0000 direction=up outcome=up - balance=$970.88 bid_up=0.98 ask_up=0.99 bid_dn=0.01 ask_dn=0.02[0m
[93m[1m2026-04-09 03:25:00.132 [INFO] risk.position_tracker: WINDOW_SUMMARY window_pnl=$0.0000 session_pnl=$-29.1171 won=$16.7029 lost=$45.8200 wr=66.7% (4/6) consec_losses=0[0m
[96m2026-04-09 03:25:00.134 [INFO] strategy.window_handler: REGIME chop_detected flips=7 delta_range=0.0770% avg_flips=3.8 over=6_windows[0m
[37m2026-04-09 03:25:00.139 [INFO] strategy.window_handler: WINDOW_DECISION [SKIP] rank=1 side=down pnl=$0.0000 entry=0.00 size=$0.00 (conditions not met)[0m
[96m[1m2026-04-09 03:25:00.139 [INFO] strategy.window_tracker: new window: btc-updown-5m-1775705100 (ts=1775705100)[0m
[96m2026-04-09 03:25:00.207 [INFO] strategy.window_handler: REGIME vol_stddev=0.110% chop_flips=3.8 outcome=2U/4D over 6w sprt=active_100pct llr=0.00 age=9w bankroll=$895.84[0m
[96m2026-04-09 03:25:00.207 [INFO] strategy.window_handler: KELLY wr_adj=92.0% base=96.4% total_disc=1.4% vol=4.9% chop=11.9% outcome=0.0% feedback=+0.0%[0m
[96m2026-04-09 03:25:00.207 [INFO] __main__: window open price captured: 70992.82 (chainlink)[0m
2026-04-09 03:25:00.331 [INFO] market_data.clob_market_ws: CLOB market subscribed for tokens up=620703502837 down=886042800966
[2m2026-04-09 03:25:13.762 [INFO] __main__: STATUS t=286s delta=0.0056% dir=up agree=False chain=70996.83 bin=70990.00 open=70992.82 obi=0.9078 ask_up=0.58 ask_dn=0.43 bid_up=0.57 bid_dn=0.42 halted=False[0m
[2m2026-04-09 03:25:43.855 [INFO] __main__: STATUS t=256s delta=-0.0095% dir=down agree=True chain=70986.05 bin=70986.59 open=70992.82 obi=0.8946 ask_up=0.53 ask_dn=0.48 bid_up=0.52 bid_dn=0.47 halted=False[0m
[2m2026-04-09 03:26:13.950 [INFO] __main__: STATUS t=226s delta=-0.0058% dir=down agree=True chain=70988.72 bin=70984.55 open=70992.82 obi=-0.3379 ask_up=0.49 ask_dn=0.52 bid_up=0.48 bid_dn=0.51 halted=False[0m
[37m2026-04-09 03:26:40.031 [INFO] strategy.momentum_signal: [SKIP] rank=1 side=down reason=conditions_not_met latest_pct=-0.0070 need=<=-0.07 stddev=0.0044 max_var=0.050[0m
[2m2026-04-09 03:26:44.044 [INFO] __main__: STATUS t=196s delta=-0.0049% dir=down agree=True chain=70989.37 bin=70983.11 open=70992.82 obi=-0.9958 ask_up=0.46 ask_dn=0.56 bid_up=0.44 bid_dn=0.54 halted=False[0m
[2m2026-04-09 03:27:14.141 [INFO] __main__: STATUS t=166s delta=-0.0577% dir=down agree=True chain=70951.84 bin=70948.58 open=70992.82 obi=-0.9572 ask_up=0.15 ask_dn=0.86 bid_up=0.14 bid_dn=0.85 halted=False[0m
[2m2026-04-09 03:27:44.230 [INFO] __main__: STATUS t=136s delta=-0.1122% dir=down agree=True chain=70913.17 bin=70896.08 open=70992.82 obi=0.3773 ask_up=0.03 ask_dn=0.98 bid_up=0.02 bid_dn=0.97 halted=False[0m
[2m2026-04-09 03:28:14.327 [INFO] __main__: STATUS t=106s delta=-0.1414% dir=down agree=True chain=70892.44 bin=70890.01 open=70992.82 obi=0.6098 ask_up=0.01 ask_dn=1.00 bid_up=0.01 bid_dn=0.99 halted=False[0m
[2m2026-04-09 03:28:44.426 [INFO] __main__: STATUS t=76s delta=-0.1653% dir=down agree=True chain=70875.48 bin=70875.56 open=70992.82 obi=0.1783 ask_up=0.01 ask_dn=1.00 bid_up=0.01 bid_dn=0.99 halted=False[0m
[2m2026-04-09 03:29:14.524 [INFO] __main__: STATUS t=45s delta=-0.1329% dir=down agree=True chain=70898.44 bin=70895.44 open=70992.82 obi=0.3634 ask_up=0.01 ask_dn=1.00 bid_up=0.01 bid_dn=0.99 halted=False[0m
[2m2026-04-09 03:29:44.618 [INFO] __main__: STATUS t=15s delta=-0.1070% dir=down agree=True chain=70916.86 bin=70914.36 open=70992.82 obi=-0.3941 ask_up=0.01 ask_dn=1.00 bid_up=0.01 bid_dn=0.99 halted=False[0m
[37m2026-04-09 03:30:00.171 [INFO] execution.paper_trading: paper window_ts=1775705100 [SKIP] pnl=0.0000 direction=down outcome=down - balance=$970.88 bid_up=0.01 ask_up=0.01 bid_dn=0.99 ask_dn=1.00[0m
[93m[1m2026-04-09 03:30:00.171 [INFO] risk.position_tracker: WINDOW_SUMMARY window_pnl=$0.0000 session_pnl=$-29.1171 won=$16.7029 lost=$45.8200 wr=66.7% (4/6) consec_losses=0[0m
[96m2026-04-09 03:30:00.173 [INFO] strategy.window_handler: REGIME chop_detected flips=5 delta_range=0.1796% avg_flips=4.2 over=6_windows[0m
[37m2026-04-09 03:30:00.176 [INFO] strategy.window_handler: WINDOW_DECISION [SKIP] rank=1 side=down pnl=$0.0000 entry=0.00 size=$0.00 (conditions not met)[0m
[96m[1m2026-04-09 03:30:00.176 [INFO] strategy.window_tracker: new window: btc-updown-5m-1775705400 (ts=1775705400)[0m
[96m2026-04-09 03:30:00.233 [INFO] strategy.window_handler: REGIME vol_stddev=0.112% chop_flips=4.2 outcome=2U/4D over 6w sprt=active_100pct llr=0.00 age=10w bankroll=$895.84[0m
[96m2026-04-09 03:30:00.233 [INFO] strategy.window_handler: KELLY wr_adj=91.4% base=96.4% total_disc=2.0% vol=5.8% chop=16.7% outcome=0.0% feedback=+0.0%[0m
[96m2026-04-09 03:30:00.233 [INFO] __main__: window open price captured: 70916.76 (chainlink)[0m
2026-04-09 03:30:00.545 [INFO] market_data.clob_market_ws: CLOB market subscribed for tokens up=400928579266 down=120994283587
[2m2026-04-09 03:30:14.825 [INFO] __main__: STATUS t=285s delta=-0.0023% dir=down agree=True chain=70915.13 bin=70913.05 open=70916.76 obi=-0.8906 ask_up=0.51 ask_dn=0.50 bid_up=0.50 bid_dn=0.49 halted=False[0m
[2m2026-04-09 03:30:44.917 [INFO] __main__: STATUS t=255s delta=0.0481% dir=up agree=True chain=70950.88 bin=70951.87 open=70916.76 obi=0.5505 ask_up=0.79 ask_dn=0.22 bid_up=0.78 bid_dn=0.21 halted=False[0m
[2m2026-04-09 03:31:15.014 [INFO] __main__: STATUS t=225s delta=0.0608% dir=up agree=True chain=70959.86 bin=70958.89 open=70916.76 obi=0.9076 ask_up=0.82 ask_dn=0.19 bid_up=0.81 bid_dn=0.18 halted=False[0m
[37m2026-04-09 03:31:40.088 [INFO] strategy.momentum_signal: [SKIP] rank=1 side=down reason=conditions_not_met latest_pct=0.0542 need=<=-0.07 stddev=0.0149 max_var=0.050[0m
[2m2026-04-09 03:31:45.104 [INFO] __main__: STATUS t=195s delta=0.0550% dir=up agree=True chain=70955.76 bin=70950.35 open=70916.76 obi=0.5836 ask_up=0.79 ask_dn=0.22 bid_up=0.78 bid_dn=0.21 halted=False[0m
[2m2026-04-09 03:32:15.198 [INFO] __main__: STATUS t=165s delta=0.0732% dir=up agree=True chain=70968.66 bin=70961.40 open=70916.76 obi=-0.9244 ask_up=0.81 ask_dn=0.20 bid_up=0.80 bid_dn=0.19 halted=False[0m
[2m2026-04-09 03:32:45.292 [INFO] __main__: STATUS t=135s delta=0.0330% dir=up agree=True chain=70940.14 bin=70938.78 open=70916.76 obi=-0.5824 ask_up=0.68 ask_dn=0.33 bid_up=0.67 bid_dn=0.32 halted=False[0m
[2m2026-04-09 03:33:15.390 [INFO] __main__: STATUS t=105s delta=0.0394% dir=up agree=True chain=70944.70 bin=70938.78 open=70916.76 obi=-0.3214 ask_up=0.75 ask_dn=0.26 bid_up=0.74 bid_dn=0.25 halted=False[0m
[2m2026-04-09 03:33:45.486 [INFO] __main__: STATUS t=75s delta=0.0365% dir=up agree=True chain=70942.68 bin=70938.78 open=70916.76 obi=-0.2623 ask_up=0.80 ask_dn=0.21 bid_up=0.79 bid_dn=0.20 halted=False[0m
[2m2026-04-09 03:34:15.586 [INFO] __main__: STATUS t=44s delta=0.0509% dir=up agree=True chain=70952.83 bin=70952.00 open=70916.76 obi=-0.2853 ask_up=0.95 ask_dn=0.06 bid_up=0.94 bid_dn=0.05 halted=False[0m
[2m2026-04-09 03:34:45.682 [INFO] __main__: STATUS t=14s delta=0.0513% dir=up agree=True chain=70953.16 bin=70952.00 open=70916.76 obi=-0.4232 ask_up=0.98 ask_dn=0.03 bid_up=0.97 bid_dn=0.02 halted=False[0m
[37m2026-04-09 03:35:00.230 [INFO] execution.paper_trading: paper window_ts=1775705400 [SKIP] pnl=0.0000 direction=up outcome=up - balance=$970.88 bid_up=0.99 ask_up=1.00 bid_dn=0.01 ask_dn=0.01[0m
[93m[1m2026-04-09 03:35:00.230 [INFO] risk.position_tracker: WINDOW_SUMMARY window_pnl=$0.0000 session_pnl=$-29.1171 won=$16.7029 lost=$45.8200 wr=66.7% (4/6) consec_losses=0[0m
[96m2026-04-09 03:35:00.232 [INFO] strategy.window_handler: REGIME chop_detected flips=4 delta_range=0.0941% avg_flips=4.2 over=6_windows[0m
[37m2026-04-09 03:35:00.235 [INFO] strategy.window_handler: WINDOW_DECISION [SKIP] rank=1 side=down pnl=$0.0000 entry=0.00 size=$0.00 (conditions not met)[0m
[96m[1m2026-04-09 03:35:00.236 [INFO] strategy.window_tracker: new window: btc-updown-5m-1775705700 (ts=1775705700)[0m
[96m2026-04-09 03:35:00.310 [INFO] strategy.window_handler: REGIME vol_stddev=0.095% chop_flips=4.2 outcome=2U/4D over 6w sprt=active_100pct llr=0.00 age=11w bankroll=$895.84[0m
[96m2026-04-09 03:35:00.310 [INFO] strategy.window_handler: KELLY wr_adj=91.4% base=96.4% total_disc=2.0% vol=0.0% chop=16.7% outcome=0.0% feedback=+0.0%[0m
[96m2026-04-09 03:35:00.310 [INFO] __main__: window open price captured: 70949.03 (chainlink)[0m
2026-04-09 03:35:00.758 [INFO] market_data.clob_market_ws: CLOB market subscribed for tokens up=912576825482 down=741817370873
[2m2026-04-09 03:35:15.891 [INFO] __main__: STATUS t=284s delta=0.0141% dir=up agree=True chain=70959.05 bin=70959.49 open=70949.03 obi=-0.9209 ask_up=0.60 ask_dn=0.41 bid_up=0.59 bid_dn=0.40 halted=False[0m
[2m2026-04-09 03:35:45.978 [INFO] __main__: STATUS t=254s delta=0.0418% dir=up agree=True chain=70978.66 bin=70975.75 open=70949.03 obi=0.4284 ask_up=0.74 ask_dn=0.27 bid_up=0.73 bid_dn=0.26 halted=False[0m
[2m2026-04-09 03:36:16.078 [INFO] __main__: STATUS t=224s delta=0.0448% dir=up agree=True chain=70980.80 bin=70982.01 open=70949.03 obi=-0.5524 ask_up=0.78 ask_dn=0.23 bid_up=0.77 bid_dn=0.22 halted=False[0m
[37m2026-04-09 03:36:40.150 [INFO] strategy.momentum_signal: [SKIP] rank=1 side=down reason=conditions_not_met latest_pct=0.0206 need=<=-0.07 stddev=0.0089 max_var=0.050[0m
[2m2026-04-09 03:36:46.167 [INFO] __main__: STATUS t=194s delta=0.0228% dir=up agree=True chain=70965.21 bin=70963.67 open=70949.03 obi=-0.5910 ask_up=0.63 ask_dn=0.38 bid_up=0.62 bid_dn=0.37 halted=False[0m
[2m2026-04-09 03:37:16.260 [INFO] __main__: STATUS t=164s delta=0.0056% dir=up agree=True chain=70953.03 bin=70957.54 open=70949.03 obi=-0.6418 ask_up=0.65 ask_dn=0.36 bid_up=0.64 bid_dn=0.35 halted=False[0m
[2m2026-04-09 03:37:46.358 [INFO] __main__: STATUS t=134s delta=-0.0245% dir=down agree=True chain=70931.67 bin=70923.60 open=70949.03 obi=0.8626 ask_up=0.28 ask_dn=0.73 bid_up=0.27 bid_dn=0.72 halted=False[0m
[2m2026-04-09 03:38:16.466 [INFO] __main__: STATUS t=104s delta=-0.0267% dir=down agree=True chain=70930.10 bin=70928.27 open=70949.03 obi=-0.3567 ask_up=0.27 ask_dn=0.74 bid_up=0.26 bid_dn=0.73 halted=False[0m
[2m2026-04-09 03:38:46.566 [INFO] __main__: STATUS t=73s delta=-0.0286% dir=down agree=True chain=70928.71 bin=70928.27 open=70949.03 obi=-0.3679 ask_up=0.21 ask_dn=0.80 bid_up=0.20 bid_dn=0.79 halted=False[0m
[2m2026-04-09 03:39:16.673 [INFO] __main__: STATUS t=43s delta=-0.0221% dir=down agree=True chain=70933.32 bin=70933.46 open=70949.03 obi=-0.1027 ask_up=0.21 ask_dn=0.80 bid_up=0.20 bid_dn=0.79 halted=False[0m
[2m2026-04-09 03:39:46.769 [INFO] __main__: STATUS t=13s delta=-0.0222% dir=down agree=True chain=70933.25 bin=70928.63 open=70949.03 obi=-0.0530 ask_up=0.08 ask_dn=0.93 bid_up=0.07 bid_dn=0.92 halted=False[0m
[37m2026-04-09 03:40:00.062 [INFO] execution.paper_trading: paper window_ts=1775705700 [SKIP] pnl=0.0000 direction=down outcome=down - balance=$970.88 bid_up=0.28 ask_up=0.29 bid_dn=0.71 ask_dn=0.72[0m
[93m[1m2026-04-09 03:40:00.062 [INFO] risk.position_tracker: WINDOW_SUMMARY window_pnl=$0.0000 session_pnl=$-29.1171 won=$16.7029 lost=$45.8200 wr=66.7% (4/6) consec_losses=0[0m
[96m2026-04-09 03:40:00.066 [INFO] strategy.window_handler: REGIME chop_detected flips=4 delta_range=0.0816% avg_flips=4.7 over=6_windows[0m
[37m2026-04-09 03:40:00.071 [INFO] strategy.window_handler: WINDOW_DECISION [SKIP] rank=1 side=down pnl=$0.0000 entry=0.00 size=$0.00 (conditions not met)[0m
[96m[1m2026-04-09 03:40:00.071 [INFO] strategy.window_tracker: new window: btc-updown-5m-1775706000 (ts=1775706000)[0m
[96m2026-04-09 03:40:00.150 [INFO] strategy.window_handler: REGIME vol_stddev=0.093% chop_flips=4.7 outcome=2U/4D over 6w sprt=active_100pct llr=0.00 age=12w bankroll=$895.84[0m
[96m2026-04-09 03:40:00.150 [INFO] strategy.window_handler: KELLY wr_adj=90.6% base=96.4% total_disc=2.9% vol=0.0% chop=23.8% outcome=0.0% feedback=+0.0%[0m
[96m2026-04-09 03:40:00.150 [INFO] __main__: window open price captured: 70943.37 (chainlink)[0m
2026-04-09 03:40:00.971 [INFO] market_data.clob_market_ws: CLOB market subscribed for tokens up=282712008008 down=988213120778
[2m2026-04-09 03:40:16.950 [INFO] __main__: STATUS t=283s delta=-0.0031% dir=down agree=True chain=70941.20 bin=70874.17 open=70943.37 obi=-0.5658 ask_up=0.99 ask_dn=0.99 bid_up=0.01 bid_dn=0.01 halted=False[0m
[2m2026-04-09 03:40:47.053 [INFO] __main__: STATUS t=253s delta=-0.0337% dir=down agree=True chain=70919.49 bin=70916.69 open=70943.37 obi=0.5492 ask_up=0.36 ask_dn=0.65 bid_up=0.35 bid_dn=0.64 halted=False[0m
[2m2026-04-09 03:41:17.158 [INFO] __main__: STATUS t=223s delta=-0.0323% dir=down agree=True chain=70920.44 bin=70917.09 open=70943.37 obi=0.4949 ask_up=0.38 ask_dn=0.63 bid_up=0.37 bid_dn=0.62 halted=False[0m
[37m2026-04-09 03:41:40.236 [INFO] strategy.momentum_signal: [SKIP] rank=1 side=down reason=conditions_not_met latest_pct=-0.0556 need=<=-0.07 stddev=0.0071 max_var=0.050[0m
[2m2026-04-09 03:41:47.259 [INFO] __main__: STATUS t=193s delta=-0.0495% dir=down agree=True chain=70908.25 bin=70903.92 open=70943.37 obi=-0.8538 ask_up=0.18 ask_dn=0.83 bid_up=0.17 bid_dn=0.82 halted=False[0m
[2m2026-04-09 03:42:17.470 [INFO] __main__: STATUS t=163s delta=-0.0680% dir=down agree=True chain=70895.16 bin=70894.85 open=70943.37 obi=0.0169 ask_up=0.13 ask_dn=0.88 bid_up=0.12 bid_dn=0.87 halted=False[0m
[2m2026-04-09 03:42:47.560 [INFO] __main__: STATUS t=132s delta=-0.0506% dir=down agree=True chain=70907.47 bin=70903.93 open=70943.37 obi=0.9744 ask_up=0.17 ask_dn=0.84 bid_up=0.16 bid_dn=0.83 halted=False[0m
[2m2026-04-09 03:43:17.655 [INFO] __main__: STATUS t=102s delta=-0.0617% dir=down agree=True chain=70899.61 bin=70898.00 open=70943.37 obi=0.4714 ask_up=0.09 ask_dn=0.92 bid_up=0.08 bid_dn=0.91 halted=False[0m
[2m2026-04-09 03:43:47.760 [INFO] __main__: STATUS t=72s delta=-0.0586% dir=down agree=True chain=70901.77 bin=70898.01 open=70943.37 obi=0.3164 ask_up=0.09 ask_dn=0.92 bid_up=0.08 bid_dn=0.91 halted=False[0m
[2m2026-04-09 03:44:17.855 [INFO] __main__: STATUS t=42s delta=-0.0452% dir=down agree=True chain=70911.27 bin=70914.40 open=70943.37 obi=0.2056 ask_up=0.10 ask_dn=0.91 bid_up=0.09 bid_dn=0.90 halted=False[0m
[2m2026-04-09 03:44:47.950 [INFO] __main__: STATUS t=12s delta=-0.0531% dir=down agree=True chain=70905.67 bin=70903.94 open=70943.37 obi=-0.9048 ask_up=0.02 ask_dn=0.99 bid_up=0.01 bid_dn=0.98 halted=False[0m
[37m2026-04-09 03:45:00.239 [INFO] execution.paper_trading: paper window_ts=1775706000 [SKIP] pnl=0.0000 direction=down outcome=down - balance=$970.88 bid_up=0.01 ask_up=0.01 bid_dn=0.99 ask_dn=1.00[0m
[93m[1m2026-04-09 03:45:00.239 [INFO] risk.position_tracker: WINDOW_SUMMARY window_pnl=$0.0000 session_pnl=$-29.1171 won=$16.7029 lost=$45.8200 wr=66.7% (4/6) consec_losses=0[0m
[37m2026-04-09 03:45:00.243 [INFO] strategy.window_handler: WINDOW_DECISION [SKIP] rank=1 side=down pnl=$0.0000 entry=0.00 size=$0.00 (conditions not met)[0m
[96m[1m2026-04-09 03:45:00.243 [INFO] strategy.window_tracker: new window: btc-updown-5m-1775706300 (ts=1775706300)[0m
[96m2026-04-09 03:45:00.298 [INFO] strategy.window_handler: REGIME vol_stddev=0.094% chop_flips=4.7 outcome=2U/4D over 6w sprt=active_100pct llr=0.00 age=13w bankroll=$895.84[0m
[96m2026-04-09 03:45:00.300 [INFO] strategy.window_handler: KELLY wr_adj=90.6% base=96.4% total_disc=2.9% vol=0.0% chop=23.8% outcome=0.0% feedback=+0.0%[0m
[96m2026-04-09 03:45:00.300 [INFO] __main__: window open price captured: 70908.27 (chainlink)[0m
2026-04-09 03:45:01.190 [INFO] market_data.clob_market_ws: CLOB market subscribed for tokens up=253836423579 down=101456525926
[2m2026-04-09 03:45:18.130 [INFO] __main__: STATUS t=282s delta=0.0112% dir=up agree=True chain=70916.19 bin=70912.21 open=70908.27 obi=-0.1386 ask_up=0.58 ask_dn=0.43 bid_up=0.57 bid_dn=0.42 halted=False[0m
[2m2026-04-09 03:45:48.218 [INFO] __main__: STATUS t=252s delta=-0.0411% dir=down agree=True chain=70879.13 bin=70875.21 open=70908.27 obi=-0.7514 ask_up=0.31 ask_dn=0.70 bid_up=0.30 bid_dn=0.69 halted=False[0m
[2m2026-04-09 03:46:18.302 [INFO] __main__: STATUS t=222s delta=-0.0172% dir=down agree=True chain=70896.10 bin=70894.00 open=70908.27 obi=0.9006 ask_up=0.44 ask_dn=0.57 bid_up=0.43 bid_dn=0.56 halted=False[0m
[37m2026-04-09 03:46:40.124 [INFO] strategy.momentum_signal: [SKIP] rank=1 side=down reason=conditions_not_met latest_pct=-0.0060 need=<=-0.07 stddev=0.0160 max_var=0.050[0m
[2m2026-04-09 03:46:48.397 [INFO] __main__: STATUS t=192s delta=-0.0674% dir=down agree=True chain=70860.50 bin=70859.95 open=70908.27 obi=0.9089 ask_up=0.24 ask_dn=0.77 bid_up=0.23 bid_dn=0.76 halted=False[0m
[2m2026-04-09 03:47:18.502 [INFO] __main__: STATUS t=161s delta=-0.0280% dir=down agree=True chain=70888.42 bin=70880.59 open=70908.27 obi=-0.7506 ask_up=0.33 ask_dn=0.69 bid_up=0.31 bid_dn=0.67 halted=False[0m
[2m2026-04-09 03:47:48.591 [INFO] __main__: STATUS t=131s delta=-0.0240% dir=down agree=True chain=70891.27 bin=70891.73 open=70908.27 obi=0.7705 ask_up=0.44 ask_dn=0.57 bid_up=0.43 bid_dn=0.56 halted=False[0m
[2m2026-04-09 03:48:18.683 [INFO] __main__: STATUS t=101s delta=0.0070% dir=up agree=True chain=70913.26 bin=70910.06 open=70908.27 obi=0.4591 ask_up=0.58 ask_dn=0.43 bid_up=0.57 bid_dn=0.42 halted=False[0m
[2m2026-04-09 03:48:48.767 [INFO] __main__: STATUS t=71s delta=0.0350% dir=up agree=True chain=70933.07 bin=70935.88 open=70908.27 obi=0.4875 ask_up=0.99 ask_dn=0.99 bid_up=0.01 bid_dn=0.01 halted=False[0m
[2m2026-04-09 03:49:18.855 [INFO] __main__: STATUS t=41s delta=0.0360% dir=up agree=True chain=70933.82 bin=70939.80 open=70908.27 obi=0.9831 ask_up=0.91 ask_dn=0.10 bid_up=0.90 bid_dn=0.09 halted=False[0m
[2m2026-04-09 03:49:48.941 [INFO] __main__: STATUS t=11s delta=0.0789% dir=up agree=True chain=70964.22 bin=70971.21 open=70908.27 obi=0.6900 ask_up=1.00 ask_dn=0.01 bid_up=0.99 bid_dn=0.01 halted=False[0m
[37m2026-04-09 03:50:00.233 [INFO] execution.paper_trading: paper window_ts=1775706300 [SKIP] pnl=0.0000 direction=up outcome=up - balance=$970.88 bid_up=0.99 ask_up=1.00 bid_dn=0.01 ask_dn=0.01[0m
[93m[1m2026-04-09 03:50:00.234 [INFO] risk.position_tracker: WINDOW_SUMMARY window_pnl=$0.0000 session_pnl=$-29.1171 won=$16.7029 lost=$45.8200 wr=66.7% (4/6) consec_losses=0[0m
[96m2026-04-09 03:50:00.236 [INFO] strategy.window_handler: REGIME chop_detected flips=6 delta_range=0.1727% avg_flips=4.5 over=6_windows[0m
[37m2026-04-09 03:50:00.241 [INFO] strategy.window_handler: WINDOW_DECISION [SKIP] rank=1 side=down pnl=$0.0000 entry=0.00 size=$0.00 (conditions not met)[0m
[96m[1m2026-04-09 03:50:00.242 [INFO] strategy.window_tracker: new window: btc-updown-5m-1775706600 (ts=1775706600)[0m
[96m2026-04-09 03:50:00.303 [INFO] strategy.window_handler: REGIME vol_stddev=0.094% chop_flips=4.5 outcome=3U/3D over 6w sprt=active_100pct llr=0.00 age=14w bankroll=$895.84[0m
[96m2026-04-09 03:50:00.303 [INFO] strategy.window_handler: KELLY wr_adj=90.9% base=96.4% total_disc=2.6% vol=0.0% chop=21.4% outcome=0.0% feedback=+0.0%[0m
[96m2026-04-09 03:50:00.304 [INFO] __main__: window open price captured: 70976.56 (chainlink)[0m
2026-04-09 03:50:00.402 [INFO] market_data.clob_market_ws: CLOB market subscribed for tokens up=569797101918 down=549667029723
[2m2026-04-09 03:50:19.116 [INFO] __main__: STATUS t=281s delta=0.0417% dir=up agree=True chain=71006.17 bin=71001.44 open=70976.56 obi=-0.6968 ask_up=0.66 ask_dn=0.35 bid_up=0.65 bid_dn=0.34 halted=False[0m
[2m2026-04-09 03:50:49.206 [INFO] __main__: STATUS t=251s delta=0.0610% dir=up agree=True chain=71019.88 bin=71010.57 open=70976.56 obi=-0.9786 ask_up=0.76 ask_dn=0.25 bid_up=0.75 bid_dn=0.24 halted=False[0m
[2m2026-04-09 03:51:19.300 [INFO] __main__: STATUS t=221s delta=0.0506% dir=up agree=True chain=71012.46 bin=71007.76 open=70976.56 obi=-0.5258 ask_up=0.74 ask_dn=0.27 bid_up=0.73 bid_dn=0.26 halted=False[0m
[37m2026-04-09 03:51:40.114 [INFO] strategy.momentum_signal: [SKIP] rank=1 side=down reason=conditions_not_met latest_pct=0.0909 need=<=-0.07 stddev=0.0126 max_var=0.050[0m
[2m2026-04-09 03:51:49.395 [INFO] __main__: STATUS t=191s delta=0.0918% dir=up agree=True chain=71041.74 bin=71035.03 open=70976.56 obi=-0.8605 ask_up=0.86 ask_dn=0.15 bid_up=0.85 bid_dn=0.14 halted=False[0m
[2m2026-04-09 03:52:19.481 [INFO] __main__: STATUS t=161s delta=0.0812% dir=up agree=True chain=71034.22 bin=71024.70 open=70976.56 obi=0.2242 ask_up=0.99 ask_dn=0.99 bid_up=0.01 bid_dn=0.01 halted=False[0m
[2m2026-04-09 03:52:49.569 [INFO] __main__: STATUS t=130s delta=0.1016% dir=up agree=True chain=71048.68 bin=71036.00 open=70976.56 obi=-0.4384 ask_up=0.84 ask_dn=0.17 bid_up=0.83 bid_dn=0.16 halted=False[0m
[93m2026-04-09 03:53:10.414 [WARNING] __main__: feed stale: chainlink — suppressing trading[0m
[2m2026-04-09 03:53:19.698 [INFO] __main__: STATUS t=100s delta=0.1016% dir=up agree=True chain=71048.68 bin=71008.00 open=70976.56 obi=-0.2722 ask_up=0.75 ask_dn=0.26 bid_up=0.74 bid_dn=0.25 halted=False[0m
[93m2026-04-09 03:53:40.506 [WARNING] __main__: feed stale: chainlink — suppressing trading[0m
[2m2026-04-09 03:53:49.783 [INFO] __main__: STATUS t=70s delta=0.1016% dir=up agree=True chain=71048.68 bin=71008.00 open=70976.56 obi=-0.9532 ask_up=0.76 ask_dn=0.25 bid_up=0.75 bid_dn=0.24 halted=False[0m
[93m2026-04-09 03:54:10.602 [WARNING] __main__: feed stale: chainlink — suppressing trading[0m
[2m2026-04-09 03:54:19.882 [INFO] __main__: STATUS t=40s delta=0.1016% dir=up agree=True chain=71048.68 bin=71007.78 open=70976.56 obi=-0.5497 ask_up=0.89 ask_dn=0.12 bid_up=0.88 bid_dn=0.11 halted=False[0m
[93m2026-04-09 03:54:40.693 [WARNING] __main__: feed stale: chainlink — suppressing trading[0m
[2m2026-04-09 03:54:49.972 [INFO] __main__: STATUS t=10s delta=0.1016% dir=up agree=True chain=71048.68 bin=71018.00 open=70976.56 obi=-0.8644 ask_up=0.99 ask_dn=0.03 bid_up=0.97 bid_dn=0.01 halted=False[0m
[37m2026-04-09 03:55:00.021 [INFO] execution.paper_trading: paper window_ts=1775706600 [SKIP] pnl=0.0000 direction=up outcome=up - balance=$970.88 bid_up=0.99 ask_up=1.00 bid_dn=0.01 ask_dn=0.01[0m
[93m[1m2026-04-09 03:55:00.021 [INFO] risk.position_tracker: WINDOW_SUMMARY window_pnl=$0.0000 session_pnl=$-29.1171 won=$16.7029 lost=$45.8200 wr=66.7% (4/6) consec_losses=0[0m
[37m2026-04-09 03:55:00.032 [INFO] strategy.window_handler: WINDOW_DECISION [SKIP] rank=1 side=down pnl=$0.0000 entry=0.00 size=$0.00 (conditions not met)[0m
[96m[1m2026-04-09 03:55:00.036 [INFO] strategy.window_tracker: new window: btc-updown-5m-1775706900 (ts=1775706900)[0m
[96m2026-04-09 03:55:00.193 [INFO] strategy.window_handler: REGIME vol_stddev=0.090% chop_flips=3.3 outcome=3U/3D over 6w sprt=active_100pct llr=0.00 age=15w bankroll=$895.84[0m
[96m2026-04-09 03:55:00.193 [INFO] strategy.window_handler: KELLY wr_adj=92.9% base=96.4% total_disc=0.6% vol=0.0% chop=4.8% outcome=0.0% feedback=+0.0%[0m
[96m2026-04-09 03:55:00.193 [INFO] __main__: window open price captured: 71048.68 (chainlink)[0m
2026-04-09 03:55:00.616 [INFO] market_data.clob_market_ws: CLOB market subscribed for tokens up=111479549535 down=550900221579
[93m2026-04-09 03:55:10.743 [WARNING] __main__: feed stale: chainlink — suppressing trading[0m
[2m2026-04-09 03:55:20.023 [INFO] __main__: STATUS t=280s delta=0.0000% dir=none agree=False chain=71048.68 bin=71010.01 open=71048.68 obi=-0.9988 ask_up=0.46 ask_dn=0.55 bid_up=0.45 bid_dn=0.54 halted=False[0m
[93m2026-04-09 03:55:40.834 [WARNING] __main__: feed stale: chainlink — suppressing trading[0m
[2m2026-04-09 03:55:50.112 [INFO] __main__: STATUS t=250s delta=0.0000% dir=none agree=False chain=71048.68 bin=70997.03 open=71048.68 obi=-0.1281 ask_up=0.34 ask_dn=0.67 bid_up=0.33 bid_dn=0.66 halted=False[0m
[93m2026-04-09 03:56:10.934 [WARNING] __main__: feed stale: chainlink — suppressing trading[0m
[2m2026-04-09 03:56:20.215 [INFO] __main__: STATUS t=220s delta=0.0000% dir=none agree=False chain=71048.68 bin=70998.41 open=71048.68 obi=-0.9900 ask_up=0.32 ask_dn=0.69 bid_up=0.31 bid_dn=0.68 halted=False[0m
[93m2026-04-09 03:56:41.025 [WARNING] __main__: feed stale: chainlink — suppressing trading[0m
[2m2026-04-09 03:56:50.309 [INFO] __main__: STATUS t=190s delta=0.0000% dir=none agree=False chain=71048.68 bin=71002.78 open=71048.68 obi=-0.0179 ask_up=0.39 ask_dn=0.62 bid_up=0.38 bid_dn=0.61 halted=False[0m
[93m2026-04-09 03:57:11.120 [WARNING] __main__: feed stale: chainlink — suppressing trading[0m
[2m2026-04-09 03:57:20.397 [INFO] __main__: STATUS t=160s delta=0.0000% dir=none agree=False chain=71048.68 bin=71002.79 open=71048.68 obi=-0.5246 ask_up=0.35 ask_dn=0.66 bid_up=0.34 bid_dn=0.65 halted=False[0m
[93m2026-04-09 03:57:41.214 [WARNING] __main__: feed stale: chainlink — suppressing trading[0m
[2m2026-04-09 03:57:50.495 [INFO] __main__: STATUS t=130s delta=0.0000% dir=none agree=False chain=71048.68 bin=71004.90 open=71048.68 obi=-0.9832 ask_up=0.38 ask_dn=0.63 bid_up=0.37 bid_dn=0.62 halted=False[0m
[93m2026-04-09 03:58:11.311 [WARNING] __main__: feed stale: chainlink — suppressing trading[0m
[2m2026-04-09 03:58:20.588 [INFO] __main__: STATUS t=99s delta=0.0000% dir=none agree=False chain=71048.68 bin=70986.27 open=71048.68 obi=-0.9137 ask_up=0.11 ask_dn=0.90 bid_up=0.10 bid_dn=0.89 halted=False[0m
[93m2026-04-09 03:58:41.390 [WARNING] __main__: feed stale: chainlink — suppressing trading[0m
[2m2026-04-09 03:58:50.666 [INFO] __main__: STATUS t=69s delta=0.0000% dir=none agree=False chain=71048.68 bin=70980.58 open=71048.68 obi=-0.9720 ask_up=0.06 ask_dn=0.95 bid_up=0.05 bid_dn=0.94 halted=False[0m
[93m2026-04-09 03:59:11.483 [WARNING] __main__: feed stale: chainlink — suppressing trading[0m
[2m2026-04-09 03:59:20.762 [INFO] __main__: STATUS t=39s delta=0.0000% dir=none agree=False chain=71048.68 bin=70975.64 open=71048.68 obi=-0.5787 ask_up=0.04 ask_dn=0.97 bid_up=0.03 bid_dn=0.96 halted=False[0m
[93m2026-04-09 03:59:41.566 [WARNING] __main__: feed stale: chainlink — suppressing trading[0m
[2m2026-04-09 03:59:50.845 [INFO] __main__: STATUS t=9s delta=0.0000% dir=none agree=False chain=71048.68 bin=70996.19 open=71048.68 obi=-0.9782 ask_up=0.07 ask_dn=0.94 bid_up=0.06 bid_dn=0.93 halted=False[0m
[37m2026-04-09 04:00:00.125 [INFO] execution.paper_trading: paper window_ts=1775706900 [SKIP] pnl=0.0000 direction=none outcome=None - balance=$970.88 bid_up=0.01 ask_up=0.01 bid_dn=0.99 ask_dn=1.00[0m
[93m[1m2026-04-09 04:00:00.125 [INFO] risk.position_tracker: WINDOW_SUMMARY window_pnl=$0.0000 session_pnl=$-29.1171 won=$16.7029 lost=$45.8200 wr=66.7% (4/6) consec_losses=0[0m
[37m2026-04-09 04:00:00.139 [INFO] strategy.window_handler: WINDOW_DECISION [SKIP] rank=1 side=down pnl=$0.0000 entry=0.00 size=$0.00 (no fire)[0m
[96m[1m2026-04-09 04:00:00.140 [INFO] strategy.window_tracker: new window: btc-updown-5m-1775707200 (ts=1775707200)[0m
[96m2026-04-09 04:00:00.235 [INFO] strategy.window_handler: REGIME vol_stddev=0.090% chop_flips=2.5 outcome=3U/3D over 6w sprt=active_100pct llr=0.00 age=16w bankroll=$895.84[0m
[96m2026-04-09 04:00:00.235 [INFO] __main__: window open price captured: 71048.68 (chainlink)[0m
2026-04-09 04:00:00.831 [INFO] market_data.clob_market_ws: CLOB market subscribed for tokens up=113246401764 down=822334435710
[93m2026-04-09 04:00:11.777 [WARNING] __main__: feed stale: chainlink — suppressing trading[0m
[2m2026-04-09 04:00:21.054 [INFO] __main__: STATUS t=279s delta=0.0000% dir=none agree=False chain=71048.68 bin=70997.38 open=71048.68 obi=-0.2505 ask_up=0.53 ask_dn=0.48 bid_up=0.52 bid_dn=0.47 halted=False[0m
[93m2026-04-09 04:00:41.870 [WARNING] __main__: feed stale: chainlink — suppressing trading[0m
[2m2026-04-09 04:00:51.144 [INFO] __main__: STATUS t=249s delta=0.0000% dir=none agree=False chain=71048.68 bin=70996.41 open=71048.68 obi=-0.7902 ask_up=0.51 ask_dn=0.50 bid_up=0.50 bid_dn=0.49 halted=False[0m
[93m2026-04-09 04:01:11.958 [WARNING] __main__: feed stale: chainlink — suppressing trading[0m
[2m2026-04-09 04:01:21.236 [INFO] __main__: STATUS t=219s delta=0.0000% dir=none agree=False chain=71048.68 bin=70969.81 open=71048.68 obi=0.7926 ask_up=0.24 ask_dn=0.77 bid_up=0.23 bid_dn=0.76 halted=False[0m
[93m2026-04-09 04:01:42.043 [WARNING] __main__: feed stale: chainlink — suppressing trading[0m
[2m2026-04-09 04:01:51.320 [INFO] __main__: STATUS t=189s delta=0.0000% dir=none agree=False chain=71048.68 bin=70963.27 open=71048.68 obi=-0.6541 ask_up=0.24 ask_dn=0.77 bid_up=0.23 bid_dn=0.76 halted=False[0m
[93m2026-04-09 04:02:12.132 [WARNING] __main__: feed stale: chainlink — suppressing trading[0m
[2m2026-04-09 04:02:21.406 [INFO] __main__: STATUS t=159s delta=0.0000% dir=none agree=False chain=71048.68 bin=70984.19 open=71048.68 obi=-0.8315 ask_up=0.38 ask_dn=0.63 bid_up=0.37 bid_dn=0.62 halted=False[0m
[93m2026-04-09 04:02:42.212 [WARNING] __main__: feed stale: chainlink — suppressing trading[0m
[2m2026-04-09 04:02:51.487 [INFO] __main__: STATUS t=129s delta=0.0000% dir=none agree=False chain=71048.68 bin=71006.07 open=71048.68 obi=0.1859 ask_up=0.69 ask_dn=0.33 bid_up=0.67 bid_dn=0.31 halted=False[0m
[93m2026-04-09 04:03:12.304 [WARNING] __main__: feed stale: chainlink — suppressing trading[0m
[2m2026-04-09 04:03:21.586 [INFO] __main__: STATUS t=98s delta=0.0000% dir=none agree=False chain=71048.68 bin=70970.09 open=71048.68 obi=-0.6361 ask_up=0.27 ask_dn=0.74 bid_up=0.26 bid_dn=0.73 halted=False[0m
[93m2026-04-09 04:03:42.394 [WARNING] __main__: feed stale: chainlink — suppressing trading[0m
[2m2026-04-09 04:03:51.674 [INFO] __main__: STATUS t=68s delta=0.0000% dir=none agree=False chain=71048.68 bin=70991.09 open=71048.68 obi=0.9990 ask_up=0.54 ask_dn=0.47 bid_up=0.53 bid_dn=0.46 halted=False[0m
[93m2026-04-09 04:04:12.481 [WARNING] __main__: feed stale: chainlink — suppressing trading[0m
[2m2026-04-09 04:04:21.759 [INFO] __main__: STATUS t=38s delta=0.0000% dir=none agree=False chain=71048.68 bin=70991.98 open=71048.68 obi=-0.7564 ask_up=0.48 ask_dn=0.53 bid_up=0.47 bid_dn=0.52 halted=False[0m
[93m2026-04-09 04:04:42.566 [WARNING] __main__: feed stale: chainlink — suppressing trading[0m
[2m2026-04-09 04:04:51.840 [INFO] __main__: STATUS t=8s delta=0.0000% dir=none agree=False chain=71048.68 bin=70990.01 open=71048.68 obi=0.0668 ask_up=0.42 ask_dn=0.59 bid_up=0.41 bid_dn=0.58 halted=False[0m
[37m2026-04-09 04:05:00.114 [INFO] execution.paper_trading: paper window_ts=1775707200 [SKIP] pnl=0.0000 direction=none outcome=None - balance=$970.88 bid_up=0.92 ask_up=0.96 bid_dn=0.04 ask_dn=0.08[0m
[93m[1m2026-04-09 04:05:00.114 [INFO] risk.position_tracker: WINDOW_SUMMARY window_pnl=$0.0000 session_pnl=$-29.1171 won=$16.7029 lost=$45.8200 wr=66.7% (4/6) consec_losses=0[0m
[37m2026-04-09 04:05:00.120 [INFO] strategy.window_handler: WINDOW_DECISION [SKIP] rank=1 side=down pnl=$0.0000 entry=0.00 size=$0.00 (no fire)[0m
[96m[1m2026-04-09 04:05:00.120 [INFO] strategy.window_tracker: new window: btc-updown-5m-1775707500 (ts=1775707500)[0m
[96m2026-04-09 04:05:00.182 [INFO] strategy.window_handler: REGIME vol_stddev=0.088% chop_flips=1.8 outcome=3U/3D over 6w sprt=active_100pct llr=0.00 age=17w bankroll=$895.84[0m
[96m2026-04-09 04:05:00.182 [INFO] __main__: window open price captured: 71048.68 (chainlink)[0m
2026-04-09 04:05:01.047 [INFO] market_data.clob_market_ws: CLOB market subscribed for tokens up=399960211734 down=679320384415
[93m2026-04-09 04:05:12.736 [WARNING] __main__: feed stale: chainlink — suppressing trading[0m
[2m2026-04-09 04:05:22.009 [INFO] __main__: STATUS t=278s delta=0.0000% dir=none agree=False chain=71048.68 bin=71000.00 open=71048.68 obi=-0.7017 ask_up=0.46 ask_dn=0.55 bid_up=0.45 bid_dn=0.54 halted=False[0m
[93m2026-04-09 04:05:42.827 [WARNING] __main__: feed stale: chainlink — suppressing trading[0m
[2m2026-04-09 04:05:52.103 [INFO] __main__: STATUS t=248s delta=0.0000% dir=none agree=False chain=71048.68 bin=71000.00 open=71048.68 obi=-0.6552 ask_up=0.51 ask_dn=0.50 bid_up=0.50 bid_dn=0.49 halted=False[0m
[93m2026-04-09 04:06:12.913 [WARNING] __main__: feed stale: chainlink — suppressing trading[0m
[2m2026-04-09 04:06:22.192 [INFO] __main__: STATUS t=218s delta=0.0000% dir=none agree=False chain=71048.68 bin=70999.99 open=71048.68 obi=0.3861 ask_up=0.53 ask_dn=0.48 bid_up=0.52 bid_dn=0.47 halted=False[0m
[93m2026-04-09 04:06:43.001 [WARNING] __main__: feed stale: chainlink — suppressing trading[0m
[2m2026-04-09 04:06:52.277 [INFO] __main__: STATUS t=188s delta=0.0000% dir=none agree=False chain=71048.68 bin=71006.12 open=71048.68 obi=-0.9311 ask_up=0.58 ask_dn=0.43 bid_up=0.57 bid_dn=0.42 halted=False[0m
[93m2026-04-09 04:07:13.092 [WARNING] __main__: feed stale: chainlink — suppressing trading[0m
[2m2026-04-09 04:07:22.367 [INFO] __main__: STATUS t=158s delta=0.0000% dir=none agree=False chain=71048.68 bin=70984.98 open=71048.68 obi=0.8448 ask_up=0.40 ask_dn=0.61 bid_up=0.39 bid_dn=0.60 halted=False[0m
[93m2026-04-09 04:07:43.173 [WARNING] __main__: feed stale: chainlink — suppressing trading[0m
[2m2026-04-09 04:07:52.453 [INFO] __main__: STATUS t=128s delta=0.0000% dir=none agree=False chain=71048.68 bin=70984.97 open=71048.68 obi=-0.0379 ask_up=0.37 ask_dn=0.64 bid_up=0.36 bid_dn=0.63 halted=False[0m
[93m2026-04-09 04:08:13.280 [WARNING] __main__: feed stale: chainlink — suppressing trading[0m
[2m2026-04-09 04:08:22.560 [INFO] __main__: STATUS t=97s delta=0.0000% dir=none agree=False chain=71048.68 bin=70958.61 open=71048.68 obi=-0.1118 ask_up=0.11 ask_dn=0.90 bid_up=0.10 bid_dn=0.89 halted=False[0m
[93m2026-04-09 04:08:43.372 [WARNING] __main__: feed stale: chainlink — suppressing trading[0m
[2m2026-04-09 04:08:52.649 [INFO] __main__: STATUS t=67s delta=0.0000% dir=none agree=False chain=71048.68 bin=70935.36 open=71048.68 obi=0.0205 ask_up=0.03 ask_dn=0.98 bid_up=0.02 bid_dn=0.97 halted=False[0m
[93m2026-04-09 04:09:13.482 [WARNING] __main__: feed stale: chainlink — suppressing trading[0m
[2m2026-04-09 04:09:22.758 [INFO] __main__: STATUS t=37s delta=0.0000% dir=none agree=False chain=71048.68 bin=70956.62 open=71048.68 obi=-0.2876 ask_up=0.03 ask_dn=0.98 bid_up=0.02 bid_dn=0.97 halted=False[0m
[93m2026-04-09 04:09:43.571 [WARNING] __main__: feed stale: chainlink — suppressing trading[0m
[2m2026-04-09 04:09:52.846 [INFO] __main__: STATUS t=7s delta=0.0000% dir=none agree=False chain=71048.68 bin=70952.16 open=71048.68 obi=0.3800 ask_up=0.03 ask_dn=0.98 bid_up=0.02 bid_dn=0.97 halted=False[0m
[37m2026-04-09 04:10:00.120 [INFO] execution.paper_trading: paper window_ts=1775707500 [SKIP] pnl=0.0000 direction=none outcome=None - balance=$970.88 bid_up=0.01 ask_up=0.01 bid_dn=0.99 ask_dn=1.00[0m
[93m[1m2026-04-09 04:10:00.121 [INFO] risk.position_tracker: WINDOW_SUMMARY window_pnl=$0.0000 session_pnl=$-29.1171 won=$16.7029 lost=$45.8200 wr=66.7% (4/6) consec_losses=0[0m
[37m2026-04-09 04:10:00.134 [INFO] strategy.window_handler: WINDOW_DECISION [SKIP] rank=1 side=down pnl=$0.0000 entry=0.00 size=$0.00 (no fire)[0m
[96m[1m2026-04-09 04:10:00.134 [INFO] strategy.window_tracker: new window: btc-updown-5m-1775707800 (ts=1775707800)[0m
[96m2026-04-09 04:10:00.207 [INFO] strategy.window_handler: REGIME vol_stddev=0.085% chop_flips=1.2 outcome=3U/3D over 6w sprt=active_100pct llr=0.00 age=18w bankroll=$895.84[0m
[96m2026-04-09 04:10:00.208 [INFO] __main__: window open price captured: 71048.68 (chainlink)[0m
2026-04-09 04:10:00.249 [INFO] market_data.clob_market_ws: CLOB market subscribed for tokens up=541830695363 down=808956377411
[93m2026-04-09 04:10:13.765 [WARNING] __main__: feed stale: chainlink — suppressing trading[0m
[2m2026-04-09 04:10:23.043 [INFO] __main__: STATUS t=277s delta=0.0000% dir=none agree=False chain=71048.68 bin=70957.63 open=71048.68 obi=-0.3894 ask_up=0.54 ask_dn=0.47 bid_up=0.53 bid_dn=0.46 halted=False[0m
2026-04-09 04:10:32.214 [INFO] shared.ipc: IPC: received authenticated signal_update (summary=signals_summary_1775707831.json)
2026-04-09 04:10:32.214 [INFO] __main__: received new signal from orchestrator: rank=1 side=Up
[93m2026-04-09 04:10:43.852 [WARNING] __main__: feed stale: chainlink — suppressing trading[0m
[2m2026-04-09 04:10:53.130 [INFO] __main__: STATUS t=247s delta=0.0000% dir=none agree=False chain=71048.68 bin=70961.48 open=71048.68 obi=-0.8167 ask_up=0.54 ask_dn=0.47 bid_up=0.53 bid_dn=0.46 halted=False[0m
[93m2026-04-09 04:11:13.943 [WARNING] __main__: feed stale: chainlink — suppressing trading[0m
[2m2026-04-09 04:11:23.222 [INFO] __main__: STATUS t=217s delta=0.0000% dir=none agree=False chain=71048.68 bin=70955.86 open=71048.68 obi=-0.9872 ask_up=0.50 ask_dn=0.51 bid_up=0.49 bid_dn=0.50 halted=False[0m
[93m2026-04-09 04:11:44.029 [WARNING] __main__: feed stale: chainlink — suppressing trading[0m
[2m2026-04-09 04:11:53.306 [INFO] __main__: STATUS t=187s delta=0.0000% dir=none agree=False chain=71048.68 bin=70954.65 open=71048.68 obi=0.7373 ask_up=0.55 ask_dn=0.46 bid_up=0.54 bid_dn=0.45 halted=False[0m
[93m2026-04-09 04:12:14.125 [WARNING] __main__: feed stale: chainlink — suppressing trading[0m
[2m2026-04-09 04:12:23.404 [INFO] __main__: STATUS t=157s delta=0.0000% dir=none agree=False chain=71048.68 bin=70954.94 open=71048.68 obi=-0.3272 ask_up=0.58 ask_dn=0.43 bid_up=0.57 bid_dn=0.42 halted=False[0m
[93m2026-04-09 04:12:44.213 [WARNING] __main__: feed stale: chainlink — suppressing trading[0m
[2m2026-04-09 04:12:53.493 [INFO] __main__: STATUS t=127s delta=0.0000% dir=none agree=False chain=71048.68 bin=70925.28 open=71048.68 obi=-0.8124 ask_up=0.20 ask_dn=0.81 bid_up=0.19 bid_dn=0.80 halted=False[0m
[93m2026-04-09 04:13:14.316 [WARNING] __main__: feed stale: chainlink — suppressing trading[0m
[2m2026-04-09 04:13:23.596 [INFO] __main__: STATUS t=96s delta=0.0000% dir=none agree=False chain=71048.68 bin=70903.15 open=71048.68 obi=-0.0102 ask_up=0.06 ask_dn=0.95 bid_up=0.05 bid_dn=0.94 halted=False[0m
[93m2026-04-09 04:13:44.405 [WARNING] __main__: feed stale: chainlink — suppressing trading[0m
[2m2026-04-09 04:13:53.679 [INFO] __main__: STATUS t=66s delta=0.0000% dir=none agree=False chain=71048.68 bin=70900.00 open=71048.68 obi=0.1568 ask_up=0.03 ask_dn=0.98 bid_up=0.02 bid_dn=0.97 halted=False[0m
[93m2026-04-09 04:14:14.496 [WARNING] __main__: feed stale: chainlink — suppressing trading[0m
[2m2026-04-09 04:14:23.779 [INFO] __main__: STATUS t=36s delta=0.0000% dir=none agree=False chain=71048.68 bin=70902.06 open=71048.68 obi=-0.0947 ask_up=0.03 ask_dn=0.98 bid_up=0.02 bid_dn=0.97 halted=False[0m
[93m2026-04-09 04:14:44.589 [WARNING] __main__: feed stale: chainlink — suppressing trading[0m
[2m2026-04-09 04:14:53.867 [INFO] __main__: STATUS t=6s delta=0.0000% dir=none agree=False chain=71048.68 bin=70908.00 open=71048.68 obi=0.8106 ask_up=0.02 ask_dn=0.99 bid_up=0.01 bid_dn=0.98 halted=False[0m
[37m2026-04-09 04:15:00.140 [INFO] execution.paper_trading: paper window_ts=1775707800 [SKIP] pnl=0.0000 direction=none outcome=None - balance=$970.88 bid_up=0.01 ask_up=0.01 bid_dn=0.99 ask_dn=1.00[0m
[93m[1m2026-04-09 04:15:00.141 [INFO] risk.position_tracker: WINDOW_SUMMARY window_pnl=$0.0000 session_pnl=$-29.1171 won=$16.7029 lost=$45.8200 wr=66.7% (4/6) consec_losses=0[0m
[37m2026-04-09 04:15:00.147 [INFO] strategy.window_handler: WINDOW_DECISION [SKIP] rank=1 side=down pnl=$0.0000 entry=0.00 size=$0.00 (no fire)[0m
2026-04-09 04:15:00.147 [INFO] strategy.window_handler: Signal changed: down_270.0_200.0_0.07_0.05 -> up_290.0_90.0_0.07_0.05 (age was 19 windows)
2026-04-09 04:15:00.147 [INFO] strategy.window_handler: SIGNAL_SWAP_ACTIVE: {"rank":1,"side":"up","observeFromS":290.0,"observeToS":90.0,"minDeltaPct":0.07,"maxVariancePct":0.05,"trainWinRatePct":89.87,"oosWinRatePct":100.0,"oosBhAdjustedPValue":1.01537e-07,"oosMatches":32,"avgEntryPrice":0.9216,"evPerTrade":0.0484,"smartScore":13.45,"wfFoldsAppeared":3,"wfTotalTestFolds":6,"wfFoldIndices":[3,6,7]}
2026-04-09 04:15:00.147 [INFO] strategy.window_handler: switched to new signal: #1 up (previous: #1 down)
[96m[1m2026-04-09 04:15:00.147 [INFO] strategy.window_tracker: new window: btc-updown-5m-1775708100 (ts=1775708100)[0m
[96m2026-04-09 04:15:00.207 [INFO] strategy.window_handler: REGIME vol_stddev=0.075% chop_flips=1.0 outcome=3U/3D over 6w sprt=dormant llr=0.00 age=0w bankroll=$895.84[0m
[96m2026-04-09 04:15:00.207 [INFO] __main__: window open price captured: 71048.68 (chainlink)[0m
2026-04-09 04:15:00.454 [INFO] market_data.clob_market_ws: CLOB market subscribed for tokens up=118520632648 down=836567461227
[93m2026-04-09 04:15:14.816 [WARNING] __main__: feed stale: chainlink — suppressing trading[0m
[2m2026-04-09 04:15:24.093 [INFO] __main__: STATUS t=276s delta=0.0000% dir=none agree=False chain=71048.68 bin=70884.39 open=71048.68 obi=-0.6557 ask_up=0.28 ask_dn=0.73 bid_up=0.27 bid_dn=0.72 halted=False[0m
[93m2026-04-09 04:15:44.895 [WARNING] __main__: feed stale: chainlink — suppressing trading[0m
[2m2026-04-09 04:15:54.171 [INFO] __main__: STATUS t=246s delta=0.0000% dir=none agree=False chain=71048.68 bin=70890.86 open=71048.68 obi=0.0833 ask_up=0.35 ask_dn=0.67 bid_up=0.33 bid_dn=0.65 halted=False[0m
[93m2026-04-09 04:16:14.976 [WARNING] __main__: feed stale: chainlink — suppressing trading[0m
[2m2026-04-09 04:16:24.249 [INFO] __main__: STATUS t=216s delta=0.0000% dir=none agree=False chain=71048.68 bin=70884.57 open=71048.68 obi=0.0861 ask_up=0.25 ask_dn=0.76 bid_up=0.24 bid_dn=0.75 halted=False[0m
[93m2026-04-09 04:16:45.055 [WARNING] __main__: feed stale: chainlink — suppressing trading[0m
[2m2026-04-09 04:16:54.331 [INFO] __main__: STATUS t=186s delta=0.0000% dir=none agree=False chain=71048.68 bin=70912.19 open=71048.68 obi=0.1157 ask_up=0.54 ask_dn=0.47 bid_up=0.53 bid_dn=0.46 halted=False[0m
[93m2026-04-09 04:17:15.214 [WARNING] __main__: feed stale: chainlink — suppressing trading[0m
[2m2026-04-09 04:17:24.492 [INFO] __main__: STATUS t=156s delta=0.0000% dir=none agree=False chain=71048.68 bin=70908.69 open=71048.68 obi=-0.7864 ask_up=0.44 ask_dn=0.57 bid_up=0.43 bid_dn=0.56 halted=False[0m
[93m2026-04-09 04:17:45.302 [WARNING] __main__: feed stale: chainlink — suppressing trading[0m
[2m2026-04-09 04:17:54.582 [INFO] __main__: STATUS t=125s delta=0.0000% dir=none agree=False chain=71048.68 bin=70899.40 open=71048.68 obi=-0.4288 ask_up=0.32 ask_dn=0.69 bid_up=0.31 bid_dn=0.68 halted=False[0m
[93m2026-04-09 04:18:15.421 [WARNING] __main__: feed stale: chainlink — suppressing trading[0m
[2m2026-04-09 04:18:24.697 [INFO] __main__: STATUS t=95s delta=0.0000% dir=none agree=False chain=71048.68 bin=70901.48 open=71048.68 obi=-0.2100 ask_up=0.31 ask_dn=0.70 bid_up=0.30 bid_dn=0.69 halted=False[0m
[93m2026-04-09 04:18:45.508 [WARNING] __main__: feed stale: chainlink — suppressing trading[0m
[2m2026-04-09 04:18:54.784 [INFO] __main__: STATUS t=65s delta=0.0000% dir=none agree=False chain=71048.68 bin=70901.47 open=71048.68 obi=0.0064 ask_up=0.30 ask_dn=0.71 bid_up=0.29 bid_dn=0.70 halted=False[0m
[93m2026-04-09 04:19:15.598 [WARNING] __main__: feed stale: chainlink — suppressing trading[0m
[2m2026-04-09 04:19:24.873 [INFO] __main__: STATUS t=35s delta=0.0000% dir=none agree=False chain=71048.68 bin=70901.47 open=71048.68 obi=-0.1078 ask_up=0.22 ask_dn=0.79 bid_up=0.21 bid_dn=0.78 halted=False[0m
[93m2026-04-09 04:19:45.682 [WARNING] __main__: feed stale: chainlink — suppressing trading[0m
[2m2026-04-09 04:19:54.963 [INFO] __main__: STATUS t=5s delta=0.0000% dir=none agree=False chain=71048.68 bin=70927.69 open=71048.68 obi=0.9464 ask_up=0.40 ask_dn=0.61 bid_up=0.39 bid_dn=0.60 halted=False[0m
[37m2026-04-09 04:20:00.229 [INFO] execution.paper_trading: paper window_ts=1775708100 [SKIP] pnl=0.0000 direction=none outcome=None - balance=$970.88 bid_up=0.99 ask_up=1.00 bid_dn=0.01 ask_dn=0.01[0m
[93m[1m2026-04-09 04:20:00.230 [INFO] risk.position_tracker: WINDOW_SUMMARY window_pnl=$0.0000 session_pnl=$-29.1171 won=$16.7029 lost=$45.8200 wr=66.7% (4/6) consec_losses=0[0m
[37m2026-04-09 04:20:00.235 [INFO] strategy.window_handler: WINDOW_DECISION [SKIP] rank=1 side=up pnl=$0.0000 entry=0.00 size=$0.00 (no fire)[0m
[96m[1m2026-04-09 04:20:00.235 [INFO] strategy.window_tracker: new window: btc-updown-5m-1775708400 (ts=1775708400)[0m
[96m2026-04-09 04:20:00.284 [INFO] strategy.window_handler: REGIME vol_stddev=0.068% chop_flips=0.0 outcome=3U/3D over 6w sprt=dormant llr=0.00 age=1w bankroll=$895.84[0m
[96m2026-04-09 04:20:00.284 [INFO] __main__: window open price captured: 71048.68 (chainlink)[0m
2026-04-09 04:20:00.692 [INFO] market_data.clob_market_ws: CLOB market subscribed for tokens up=597310250892 down=368017122786
[93m2026-04-09 04:20:15.868 [WARNING] __main__: feed stale: chainlink — suppressing trading[0m
[2m2026-04-09 04:20:25.148 [INFO] __main__: STATUS t=275s delta=0.0000% dir=none agree=False chain=71048.68 bin=70888.83 open=71048.68 obi=-0.9762 ask_up=0.21 ask_dn=0.80 bid_up=0.20 bid_dn=0.79 halted=False[0m
[93m2026-04-09 04:20:45.960 [WARNING] __main__: feed stale: chainlink — suppressing trading[0m
[2m2026-04-09 04:20:55.237 [INFO] __main__: STATUS t=245s delta=0.0000% dir=none agree=False chain=71048.68 bin=70881.57 open=71048.68 obi=-0.9695 ask_up=0.15 ask_dn=0.86 bid_up=0.14 bid_dn=0.85 halted=False[0m
[93m2026-04-09 04:21:16.046 [WARNING] __main__: feed stale: chainlink — suppressing trading[0m
[2m2026-04-09 04:21:25.324 [INFO] __main__: STATUS t=215s delta=0.0000% dir=none agree=False chain=71048.68 bin=70858.05 open=71048.68 obi=-0.8384 ask_up=0.06 ask_dn=0.95 bid_up=0.05 bid_dn=0.94 halted=False[0m
[93m2026-04-09 04:21:46.133 [WARNING] __main__: feed stale: chainlink — suppressing trading[0m
[2m2026-04-09 04:21:55.413 [INFO] __main__: STATUS t=185s delta=0.0000% dir=none agree=False chain=71048.68 bin=70866.70 open=71048.68 obi=-0.2244 ask_up=0.09 ask_dn=0.92 bid_up=0.08 bid_dn=0.91 halted=False[0m
[93m2026-04-09 04:22:16.229 [WARNING] __main__: feed stale: chainlink — suppressing trading[0m
[2m2026-04-09 04:22:25.512 [INFO] __main__: STATUS t=154s delta=0.0000% dir=none agree=False chain=71048.68 bin=70866.70 open=71048.68 obi=-0.2229 ask_up=0.07 ask_dn=0.94 bid_up=0.06 bid_dn=0.93 halted=False[0m
[93m2026-04-09 04:22:46.326 [WARNING] __main__: feed stale: chainlink — suppressing trading[0m
[2m2026-04-09 04:22:55.602 [INFO] __main__: STATUS t=124s delta=0.0000% dir=none agree=False chain=71048.68 bin=70862.79 open=71048.68 obi=-0.8958 ask_up=0.06 ask_dn=0.95 bid_up=0.05 bid_dn=0.94 halted=False[0m
[93m2026-04-09 04:23:16.416 [WARNING] __main__: feed stale: chainlink — suppressing trading[0m
[2m2026-04-09 04:23:25.697 [INFO] __main__: STATUS t=94s delta=0.0000% dir=none agree=False chain=71048.68 bin=70862.79 open=71048.68 obi=-0.9452 ask_up=0.04 ask_dn=0.97 bid_up=0.03 bid_dn=0.96 halted=False[0m
[93m2026-04-09 04:23:46.518 [WARNING] __main__: feed stale: chainlink — suppressing trading[0m
[2m2026-04-09 04:23:55.797 [INFO] __main__: STATUS t=64s delta=0.0000% dir=none agree=False chain=71048.68 bin=70859.38 open=71048.68 obi=-0.2016 ask_up=0.03 ask_dn=0.98 bid_up=0.02 bid_dn=0.97 halted=False[0m
[93m2026-04-09 04:24:16.628 [WARNING] __main__: feed stale: chainlink — suppressing trading[0m
[2m2026-04-09 04:24:25.911 [INFO] __main__: STATUS t=34s delta=0.0000% dir=none agree=False chain=71048.68 bin=70859.38 open=71048.68 obi=-0.9196 ask_up=0.03 ask_dn=0.98 bid_up=0.02 bid_dn=0.97 halted=False[0m
[93m2026-04-09 04:24:46.721 [WARNING] __main__: feed stale: chainlink — suppressing trading[0m
[2m2026-04-09 04:24:55.997 [INFO] __main__: STATUS t=4s delta=0.0000% dir=none agree=False chain=71048.68 bin=70845.82 open=71048.68 obi=-0.8986 ask_up=0.01 ask_dn=1.00 bid_up=0.02 bid_dn=0.99 halted=False[0m
[37m2026-04-09 04:25:00.010 [INFO] execution.paper_trading: paper window_ts=1775708400 [SKIP] pnl=0.0000 direction=none outcome=None - balance=$970.88 bid_up=0.02 ask_up=0.01 bid_dn=0.99 ask_dn=1.00[0m
[93m[1m2026-04-09 04:25:00.010 [INFO] risk.position_tracker: WINDOW_SUMMARY window_pnl=$0.0000 session_pnl=$-29.1171 won=$16.7029 lost=$45.8200 wr=66.7% (4/6) consec_losses=0[0m
[37m2026-04-09 04:25:00.015 [INFO] strategy.window_handler: WINDOW_DECISION [SKIP] rank=1 side=up pnl=$0.0000 entry=0.00 size=$0.00 (no fire)[0m
[96m[1m2026-04-09 04:25:00.015 [INFO] strategy.window_tracker: new window: btc-updown-5m-1775708700 (ts=1775708700)[0m
[96m2026-04-09 04:25:00.077 [INFO] strategy.window_handler: REGIME vol_stddev=0.068% chop_flips=0.0 outcome=3U/3D over 6w sprt=dormant llr=0.00 age=2w bankroll=$895.84[0m
[96m2026-04-09 04:25:00.077 [INFO] __main__: window open price captured: 71048.68 (chainlink)[0m
2026-04-09 04:25:00.924 [INFO] market_data.clob_market_ws: CLOB market subscribed for tokens up=120148486353 down=853212990374
[93m2026-04-09 04:25:16.889 [WARNING] __main__: feed stale: chainlink — suppressing trading[0m
[2m2026-04-09 04:25:26.166 [INFO] __main__: STATUS t=274s delta=0.0000% dir=none agree=False chain=71048.68 bin=70820.13 open=71048.68 obi=-0.9976 ask_up=0.34 ask_dn=0.67 bid_up=0.33 bid_dn=0.66 halted=False[0m
[93m2026-04-09 04:25:46.976 [WARNING] __main__: feed stale: chainlink — suppressing trading[0m
[2m2026-04-09 04:25:56.250 [INFO] __main__: STATUS t=244s delta=0.0000% dir=none agree=False chain=71048.68 bin=70816.78 open=71048.68 obi=0.9707 ask_up=0.26 ask_dn=0.75 bid_up=0.25 bid_dn=0.74 halted=False[0m
[93m2026-04-09 04:26:17.073 [WARNING] __main__: feed stale: chainlink — suppressing trading[0m
[2m2026-04-09 04:26:26.350 [INFO] __main__: STATUS t=214s delta=0.0000% dir=none agree=False chain=71048.68 bin=70814.63 open=71048.68 obi=-0.9226 ask_up=0.19 ask_dn=0.82 bid_up=0.18 bid_dn=0.81 halted=False[0m
[93m2026-04-09 04:26:47.151 [WARNING] __main__: feed stale: chainlink — suppressing trading[0m
[2m2026-04-09 04:26:56.430 [INFO] __main__: STATUS t=184s delta=0.0000% dir=none agree=False chain=71048.68 bin=70824.00 open=71048.68 obi=0.7819 ask_up=0.31 ask_dn=0.70 bid_up=0.30 bid_dn=0.69 halted=False[0m
[93m2026-04-09 04:27:17.243 [WARNING] __main__: feed stale: chainlink — suppressing trading[0m
[2m2026-04-09 04:27:26.521 [INFO] __main__: STATUS t=153s delta=0.0000% dir=none agree=False chain=71048.68 bin=70842.00 open=71048.68 obi=0.5453 ask_up=0.47 ask_dn=0.54 bid_up=0.46 bid_dn=0.53 halted=False[0m
[93m2026-04-09 04:27:47.330 [WARNING] __main__: feed stale: chainlink — suppressing trading[0m
[2m2026-04-09 04:27:56.609 [INFO] __main__: STATUS t=123s delta=0.0000% dir=none agree=False chain=71048.68 bin=70838.80 open=71048.68 obi=0.5446 ask_up=0.44 ask_dn=0.57 bid_up=0.43 bid_dn=0.56 halted=False[0m
[93m2026-04-09 04:28:17.424 [WARNING] __main__: feed stale: chainlink — suppressing trading[0m
[2m2026-04-09 04:28:26.700 [INFO] __main__: STATUS t=93s delta=0.0000% dir=none agree=False chain=71048.68 bin=70832.18 open=71048.68 obi=-0.8473 ask_up=0.31 ask_dn=0.70 bid_up=0.30 bid_dn=0.69 halted=False[0m
[93m2026-04-09 04:28:47.511 [WARNING] __main__: feed stale: chainlink — suppressing trading[0m
[2m2026-04-09 04:28:56.785 [INFO] __main__: STATUS t=63s delta=0.0000% dir=none agree=False chain=71048.68 bin=70830.00 open=71048.68 obi=-0.7876 ask_up=0.32 ask_dn=0.69 bid_up=0.31 bid_dn=0.68 halted=False[0m
[93m2026-04-09 04:29:17.595 [WARNING] __main__: feed stale: chainlink — suppressing trading[0m
[2m2026-04-09 04:29:26.872 [INFO] __main__: STATUS t=33s delta=0.0000% dir=none agree=False chain=71048.68 bin=70849.24 open=71048.68 obi=0.8878 ask_up=0.78 ask_dn=0.23 bid_up=0.77 bid_dn=0.22 halted=False[0m
[93m2026-04-09 04:29:47.684 [WARNING] __main__: feed stale: chainlink — suppressing trading[0m
[2m2026-04-09 04:29:56.960 [INFO] __main__: STATUS t=3s delta=0.0000% dir=none agree=False chain=71048.68 bin=70837.99 open=71048.68 obi=-0.9572 ask_up=0.08 ask_dn=0.93 bid_up=0.07 bid_dn=0.92 halted=False[0m
[37m2026-04-09 04:30:00.232 [INFO] execution.paper_trading: paper window_ts=1775708700 [SKIP] pnl=0.0000 direction=none outcome=None - balance=$970.88 bid_up=0.34 ask_up=0.35 bid_dn=0.65 ask_dn=0.66[0m
[93m[1m2026-04-09 04:30:00.232 [INFO] risk.position_tracker: WINDOW_SUMMARY window_pnl=$0.0000 session_pnl=$-29.1171 won=$16.7029 lost=$45.8200 wr=66.7% (4/6) consec_losses=0[0m
[37m2026-04-09 04:30:00.244 [INFO] strategy.window_handler: WINDOW_DECISION [SKIP] rank=1 side=up pnl=$0.0000 entry=0.00 size=$0.00 (no fire)[0m
[96m[1m2026-04-09 04:30:00.245 [INFO] strategy.window_tracker: new window: btc-updown-5m-1775709000 (ts=1775709000)[0m
[96m2026-04-09 04:30:00.300 [INFO] strategy.window_handler: REGIME vol_stddev=0.064% chop_flips=0.0 outcome=3U/3D over 6w sprt=dormant llr=0.00 age=3w bankroll=$895.84[0m
[96m2026-04-09 04:30:00.300 [INFO] __main__: window open price captured: 71048.68 (chainlink)[0m
2026-04-09 04:30:01.153 [INFO] market_data.clob_market_ws: CLOB market subscribed for tokens up=419027600641 down=111754811670
[93m2026-04-09 04:30:17.855 [WARNING] __main__: feed stale: chainlink — suppressing trading[0m
[2m2026-04-09 04:30:27.131 [INFO] __main__: STATUS t=273s delta=0.0000% dir=none agree=False chain=71048.68 bin=70844.73 open=71048.68 obi=-0.9199 ask_up=0.51 ask_dn=0.50 bid_up=0.50 bid_dn=0.49 halted=False[0m
[93m2026-04-09 04:30:47.938 [WARNING] __main__: feed stale: chainlink — suppressing trading[0m
[2m2026-04-09 04:30:57.220 [INFO] __main__: STATUS t=243s delta=0.0000% dir=none agree=False chain=71048.68 bin=70844.73 open=71048.68 obi=-0.3159 ask_up=0.51 ask_dn=0.50 bid_up=0.50 bid_dn=0.49 halted=False[0m
[93m2026-04-09 04:31:18.035 [WARNING] __main__: feed stale: chainlink — suppressing trading[0m
[2m2026-04-09 04:31:27.316 [INFO] __main__: STATUS t=213s delta=0.0000% dir=none agree=False chain=71048.68 bin=70872.72 open=71048.68 obi=0.0149 ask_up=0.81 ask_dn=0.20 bid_up=0.80 bid_dn=0.19 halted=False[0m
[93m2026-04-09 04:31:48.127 [WARNING] __main__: feed stale: chainlink — suppressing trading[0m
[2m2026-04-09 04:31:57.406 [INFO] __main__: STATUS t=183s delta=0.0000% dir=none agree=False chain=71048.68 bin=70881.58 open=71048.68 obi=-0.2346 ask_up=0.83 ask_dn=0.18 bid_up=0.82 bid_dn=0.17 halted=False[0m
[93m2026-04-09 04:32:18.215 [WARNING] __main__: feed stale: chainlink — suppressing trading[0m
[2m2026-04-09 04:32:27.495 [INFO] __main__: STATUS t=153s delta=0.0000% dir=none agree=False chain=71048.68 bin=70885.78 open=71048.68 obi=-0.9545 ask_up=0.80 ask_dn=0.21 bid_up=0.79 bid_dn=0.20 halted=False[0m
[93m2026-04-09 04:32:48.307 [WARNING] __main__: feed stale: chainlink — suppressing trading[0m
[2m2026-04-09 04:32:57.584 [INFO] __main__: STATUS t=122s delta=0.0000% dir=none agree=False chain=71048.68 bin=70867.05 open=71048.68 obi=0.6678 ask_up=0.75 ask_dn=0.26 bid_up=0.74 bid_dn=0.25 halted=False[0m
[93m2026-04-09 04:33:18.392 [WARNING] __main__: feed stale: chainlink — suppressing trading[0m
[2m2026-04-09 04:33:27.670 [INFO] __main__: STATUS t=92s delta=0.0000% dir=none agree=False chain=71048.68 bin=70874.54 open=71048.68 obi=0.7863 ask_up=0.81 ask_dn=0.20 bid_up=0.80 bid_dn=0.19 halted=False[0m
[93m2026-04-09 04:33:48.488 [WARNING] __main__: feed stale: chainlink — suppressing trading[0m
2026-04-09 04:33:52.229 [INFO] utils.reconnect: rtds connected to wss://ws-live-data.polymarket.com
2026-04-09 04:33:52.229 [INFO] market_data.rtds_ws: RTDS subscribed to chainlink
[2m2026-04-09 04:33:57.762 [INFO] __main__: STATUS t=62s delta=-0.2412% dir=down agree=True chain=70877.29 bin=70870.00 open=71048.68 obi=-0.9414 ask_up=0.80 ask_dn=0.22 bid_up=0.78 bid_dn=0.20 halted=False[0m
[2m2026-04-09 04:34:27.859 [INFO] __main__: STATUS t=32s delta=-0.2401% dir=down agree=True chain=70878.12 bin=70875.55 open=71048.68 obi=0.6522 ask_up=0.99 ask_dn=0.99 bid_up=0.01 bid_dn=0.01 halted=False[0m
[2m2026-04-09 04:34:57.971 [INFO] __main__: STATUS t=2s delta=-0.2180% dir=down agree=True chain=70893.82 bin=70889.18 open=71048.68 obi=0.7973 ask_up=0.99 ask_dn=0.99 bid_up=0.01 bid_dn=0.01 halted=False[0m
[37m2026-04-09 04:35:00.230 [INFO] execution.paper_trading: paper window_ts=1775709000 [SKIP] pnl=0.0000 direction=down outcome=down - balance=$970.88 bid_up=0.01 ask_up=0.99 bid_dn=0.01 ask_dn=0.99[0m
[93m[1m2026-04-09 04:35:00.230 [INFO] risk.position_tracker: WINDOW_SUMMARY window_pnl=$0.0000 session_pnl=$-29.1171 won=$16.7029 lost=$45.8200 wr=66.7% (4/6) consec_losses=0[0m
[37m2026-04-09 04:35:00.235 [INFO] strategy.window_handler: WINDOW_DECISION [SKIP] rank=1 side=up pnl=$0.0000 entry=0.00 size=$0.00 (conditions not met)[0m
[96m[1m2026-04-09 04:35:00.236 [INFO] strategy.window_tracker: new window: btc-updown-5m-1775709300 (ts=1775709300)[0m
[96m2026-04-09 04:35:00.285 [INFO] strategy.window_handler: REGIME vol_stddev=0.077% chop_flips=0.0 outcome=3U/3D over 6w sprt=dormant llr=0.00 age=4w bankroll=$895.84[0m
[96m2026-04-09 04:35:00.285 [INFO] __main__: window open price captured: 70893.84 (chainlink)[0m
2026-04-09 04:35:00.355 [INFO] market_data.clob_market_ws: CLOB market subscribed for tokens up=639825462489 down=272082523001
[2m2026-04-09 04:35:28.139 [INFO] __main__: STATUS t=272s delta=0.0260% dir=up agree=True chain=70912.24 bin=70909.01 open=70893.84 obi=-0.7338 ask_up=0.99 ask_dn=0.99 bid_up=0.01 bid_dn=0.01 halted=False[0m
[2m2026-04-09 04:35:58.255 [INFO] __main__: STATUS t=242s delta=-0.0051% dir=down agree=True chain=70890.19 bin=70882.59 open=70893.84 obi=-0.8472 ask_up=0.99 ask_dn=0.99 bid_up=0.01 bid_dn=0.01 halted=False[0m
[93m2026-04-09 04:36:00.513 [WARNING] __main__: feed stale: clob_book — suppressing trading[0m
[2m2026-04-09 04:36:28.360 [INFO] __main__: STATUS t=212s delta=-0.0291% dir=down agree=True chain=70873.19 bin=70870.01 open=70893.84 obi=-0.8849 ask_up=0.99 ask_dn=0.99 bid_up=0.01 bid_dn=0.01 halted=False[0m
[93m2026-04-09 04:36:30.620 [WARNING] __main__: feed stale: clob_book — suppressing trading[0m
[2m2026-04-09 04:36:58.467 [INFO] __main__: STATUS t=182s delta=-0.0082% dir=down agree=True chain=70888.04 bin=70884.00 open=70893.84 obi=-0.9301 ask_up=0.45 ask_dn=0.56 bid_up=0.44 bid_dn=0.55 halted=False[0m
[2m2026-04-09 04:37:28.554 [INFO] __main__: STATUS t=151s delta=-0.0045% dir=down agree=True chain=70890.62 bin=70885.07 open=70893.84 obi=0.5215 ask_up=0.52 ask_dn=0.49 bid_up=0.51 bid_dn=0.48 halted=False[0m
[2m2026-04-09 04:37:58.635 [INFO] __main__: STATUS t=121s delta=0.0083% dir=up agree=True chain=70899.69 bin=70895.43 open=70893.84 obi=-0.8770 ask_up=0.57 ask_dn=0.44 bid_up=0.56 bid_dn=0.43 halted=False[0m
[2m2026-04-09 04:38:28.718 [INFO] __main__: STATUS t=91s delta=0.0021% dir=up agree=False chain=70895.30 bin=70892.27 open=70893.84 obi=-0.6404 ask_up=0.61 ask_dn=0.40 bid_up=0.60 bid_dn=0.39 halted=False[0m
[37m2026-04-09 04:38:30.222 [INFO] strategy.momentum_signal: [SKIP] rank=1 side=up reason=conditions_not_met latest_pct=-0.0022 need=>=0.07 stddev=0.0123 max_var=0.050[0m
[2m2026-04-09 04:38:58.805 [INFO] __main__: STATUS t=61s delta=-0.0270% dir=down agree=True chain=70874.72 bin=70872.00 open=70893.84 obi=-0.8022 ask_up=0.38 ask_dn=0.63 bid_up=0.37 bid_dn=0.62 halted=False[0m
[2m2026-04-09 04:39:28.901 [INFO] __main__: STATUS t=31s delta=0.0130% dir=up agree=True chain=70903.04 bin=70900.00 open=70893.84 obi=0.7626 ask_up=0.93 ask_dn=0.08 bid_up=0.92 bid_dn=0.07 halted=False[0m
[2m2026-04-09 04:39:58.986 [INFO] __main__: STATUS t=1s delta=0.0185% dir=up agree=False chain=70906.96 bin=70879.99 open=70893.84 obi=-0.9339 ask_up=0.05 ask_dn=0.96 bid_up=0.04 bid_dn=0.95 halted=False[0m
[37m2026-04-09 04:40:00.241 [INFO] execution.paper_trading: paper window_ts=1775709300 [SKIP] pnl=0.0000 direction=up outcome=up - balance=$970.88 bid_up=0.09 ask_up=0.10 bid_dn=0.90 ask_dn=0.91[0m
[93m[1m2026-04-09 04:40:00.242 [INFO] risk.position_tracker: WINDOW_SUMMARY window_pnl=$0.0000 session_pnl=$-29.1171 won=$16.7029 lost=$45.8200 wr=66.7% (4/6) consec_losses=0[0m
[96m2026-04-09 04:40:00.243 [INFO] strategy.window_handler: REGIME chop_detected flips=8 delta_range=0.0570% avg_flips=1.3 over=6_windows[0m
[37m2026-04-09 04:40:00.247 [INFO] strategy.window_handler: WINDOW_DECISION [SKIP] rank=1 side=up pnl=$0.0000 entry=0.00 size=$0.00 (conditions not met)[0m
[96m[1m2026-04-09 04:40:00.247 [INFO] strategy.window_tracker: new window: btc-updown-5m-1775709600 (ts=1775709600)[0m
[96m2026-04-09 04:40:00.314 [INFO] strategy.window_handler: REGIME vol_stddev=0.077% chop_flips=1.3 outcome=3U/3D over 6w sprt=dormant llr=0.00 age=5w bankroll=$895.84[0m
[96m2026-04-09 04:40:00.314 [INFO] __main__: window open price captured: 70894.99 (chainlink)[0m
2026-04-09 04:40:00.587 [INFO] market_data.clob_market_ws: CLOB market subscribed for tokens up=345227480117 down=752410131235
[2m2026-04-09 04:40:29.165 [INFO] __main__: STATUS t=271s delta=0.0026% dir=up agree=False chain=70896.87 bin=70894.20 open=70894.99 obi=-0.5035 ask_up=0.54 ask_dn=0.47 bid_up=0.53 bid_dn=0.46 halted=False[0m
[2m2026-04-09 04:40:59.250 [INFO] __main__: STATUS t=241s delta=0.0027% dir=up agree=False chain=70896.92 bin=70894.20 open=70894.99 obi=0.5655 ask_up=0.57 ask_dn=0.44 bid_up=0.56 bid_dn=0.43 halted=False[0m
2026-04-09 04:41:01.782 [INFO] shared.ipc: IPC: received authenticated signal_update (summary=signals_summary_1775709661.json)
2026-04-09 04:41:01.784 [INFO] __main__: received new signal from orchestrator: rank=1 side=Up
[2m2026-04-09 04:41:29.349 [INFO] __main__: STATUS t=211s delta=0.0179% dir=up agree=True chain=70907.67 bin=70904.75 open=70894.99 obi=0.2973 ask_up=0.69 ask_dn=0.32 bid_up=0.68 bid_dn=0.31 halted=False[0m
[2m2026-04-09 04:41:59.434 [INFO] __main__: STATUS t=181s delta=0.0420% dir=up agree=True chain=70924.76 bin=70927.13 open=70894.99 obi=0.8470 ask_up=0.86 ask_dn=0.15 bid_up=0.85 bid_dn=0.14 halted=False[0m
[2m2026-04-09 04:42:29.668 [INFO] __main__: STATUS t=150s delta=0.0433% dir=up agree=True chain=70925.71 bin=70921.76 open=70894.99 obi=-0.9709 ask_up=0.75 ask_dn=0.26 bid_up=0.74 bid_dn=0.25 halted=False[0m
[2m2026-04-09 04:42:59.760 [INFO] __main__: STATUS t=120s delta=0.0362% dir=up agree=True chain=70920.69 bin=70918.04 open=70894.99 obi=0.2056 ask_up=0.79 ask_dn=0.22 bid_up=0.78 bid_dn=0.21 halted=False[0m
[2m2026-04-09 04:43:29.857 [INFO] __main__: STATUS t=90s delta=0.0330% dir=up agree=True chain=70918.39 bin=70909.94 open=70894.99 obi=-0.7045 ask_up=0.67 ask_dn=0.34 bid_up=0.66 bid_dn=0.33 halted=False[0m
[37m2026-04-09 04:43:30.109 [INFO] strategy.momentum_signal: [SKIP] rank=1 side=up reason=conditions_not_met latest_pct=0.0211 need=>=0.07 stddev=0.0180 max_var=0.050[0m
[2m2026-04-09 04:43:59.940 [INFO] __main__: STATUS t=60s delta=0.0262% dir=up agree=True chain=70913.56 bin=70908.06 open=70894.99 obi=0.8942 ask_up=0.82 ask_dn=0.19 bid_up=0.81 bid_dn=0.18 halted=False[0m
[2m2026-04-09 04:44:30.059 [INFO] __main__: STATUS t=30s delta=0.0268% dir=up agree=True chain=70913.99 bin=70909.94 open=70894.99 obi=0.0358 ask_up=0.80 ask_dn=0.21 bid_up=0.79 bid_dn=0.20 halted=False[0m
[2m2026-04-09 04:45:00.148 [INFO] __main__: STATUS t=300s delta=-0.0278% dir=down agree=True chain=70875.26 bin=70874.18 open=70894.99 obi=-0.9174 ask_up=0.01 ask_dn=1.00 bid_up=0.01 bid_dn=0.99 halted=False[0m
[37m2026-04-09 04:45:00.150 [INFO] execution.paper_trading: paper window_ts=1775709600 [SKIP] pnl=0.0000 direction=down outcome=down - balance=$970.88 bid_up=0.01 ask_up=0.01 bid_dn=0.99 ask_dn=1.00[0m
[93m[1m2026-04-09 04:45:00.150 [INFO] risk.position_tracker: WINDOW_SUMMARY window_pnl=$0.0000 session_pnl=$-29.1171 won=$16.7029 lost=$45.8200 wr=66.7% (4/6) consec_losses=0[0m
[96m2026-04-09 04:45:00.152 [INFO] strategy.window_handler: REGIME chop_detected flips=4 delta_range=0.0799% avg_flips=2.0 over=6_windows[0m
[37m2026-04-09 04:45:00.156 [INFO] strategy.window_handler: WINDOW_DECISION [SKIP] rank=1 side=up pnl=$0.0000 entry=0.00 size=$0.00 (conditions not met)[0m
2026-04-09 04:45:00.156 [INFO] strategy.window_handler: Signal changed: up_290.0_90.0_0.07_0.05 -> up_260.0_180.0_0.07_0.05 (age was 6 windows)
2026-04-09 04:45:00.156 [INFO] strategy.window_handler: SIGNAL_SWAP_ACTIVE: {"rank":1,"side":"up","observeFromS":260.0,"observeToS":180.0,"minDeltaPct":0.07,"maxVariancePct":0.05,"trainWinRatePct":83.33,"oosWinRatePct":91.67,"oosBhAdjustedPValue":5.67113e-08,"oosMatches":48,"avgEntryPrice":0.8537,"evPerTrade":0.0329,"smartScore":11.16,"wfFoldsAppeared":4,"wfTotalTestFolds":6,"wfFoldIndices":[3,4,6,7]}
2026-04-09 04:45:00.157 [INFO] strategy.window_handler: switched to new signal: #1 up (previous: #1 up)
[96m[1m2026-04-09 04:45:00.157 [INFO] strategy.window_tracker: new window: btc-updown-5m-1775709900 (ts=1775709900)[0m
[96m2026-04-09 04:45:00.212 [INFO] strategy.window_handler: REGIME vol_stddev=0.078% chop_flips=2.0 outcome=3U/3D over 6w sprt=dormant llr=0.00 age=0w bankroll=$895.84[0m
[96m2026-04-09 04:45:00.212 [INFO] __main__: window open price captured: 70875.26 (chainlink)[0m
2026-04-09 04:45:00.938 [INFO] market_data.clob_market_ws: CLOB market subscribed for tokens up=112890862179 down=484250660030
[2m2026-04-09 04:45:30.307 [INFO] __main__: STATUS t=270s delta=0.0009% dir=up agree=False chain=70875.90 bin=70870.64 open=70875.26 obi=0.4448 ask_up=0.52 ask_dn=0.49 bid_up=0.51 bid_dn=0.48 halted=False[0m
[2m2026-04-09 04:46:00.398 [INFO] __main__: STATUS t=240s delta=0.0063% dir=up agree=True chain=70879.73 bin=70878.62 open=70875.26 obi=-0.2617 ask_up=0.57 ask_dn=0.44 bid_up=0.56 bid_dn=0.43 halted=False[0m
[2m2026-04-09 04:46:30.494 [INFO] __main__: STATUS t=210s delta=0.0019% dir=up agree=True chain=70876.59 bin=70876.48 open=70875.26 obi=-0.7322 ask_up=0.54 ask_dn=0.47 bid_up=0.53 bid_dn=0.46 halted=False[0m
[37m2026-04-09 04:47:00.081 [INFO] strategy.momentum_signal: [SKIP] rank=1 side=up reason=conditions_not_met latest_pct=0.0127 need=>=0.07 stddev=0.0040 max_var=0.050[0m
[2m2026-04-09 04:47:00.583 [INFO] __main__: STATUS t=179s delta=0.0136% dir=up agree=True chain=70884.93 bin=70884.29 open=70875.26 obi=0.8493 ask_up=0.73 ask_dn=0.28 bid_up=0.72 bid_dn=0.27 halted=False[0m
[2m2026-04-09 04:47:30.675 [INFO] __main__: STATUS t=149s delta=0.0358% dir=up agree=True chain=70900.62 bin=70898.69 open=70875.26 obi=0.1520 ask_up=0.79 ask_dn=0.22 bid_up=0.78 bid_dn=0.21 halted=False[0m
[2m2026-04-09 04:48:00.776 [INFO] __main__: STATUS t=119s delta=0.0271% dir=up agree=True chain=70894.44 bin=70894.63 open=70875.26 obi=-0.8359 ask_up=0.76 ask_dn=0.25 bid_up=0.75 bid_dn=0.24 halted=False[0m
[2m2026-04-09 04:48:30.867 [INFO] __main__: STATUS t=89s delta=0.0064% dir=up agree=False chain=70879.78 bin=70784.10 open=70875.26 obi=0.3297 ask_up=0.12 ask_dn=0.92 bid_up=0.08 bid_dn=0.88 halted=False[0m
[2m2026-04-09 04:49:00.958 [INFO] __main__: STATUS t=59s delta=-0.0672% dir=down agree=True chain=70827.61 bin=70822.94 open=70875.26 obi=-0.9417 ask_up=0.13 ask_dn=0.88 bid_up=0.12 bid_dn=0.87 halted=False[0m
[2m2026-04-09 04:49:31.059 [INFO] __main__: STATUS t=29s delta=-0.1201% dir=down agree=True chain=70790.18 bin=70775.01 open=70875.26 obi=-0.9261 ask_up=0.02 ask_dn=0.99 bid_up=0.01 bid_dn=0.98 halted=False[0m
[37m2026-04-09 04:50:00.158 [INFO] execution.paper_trading: paper window_ts=1775709900 [SKIP] pnl=0.0000 direction=down outcome=down - balance=$970.88 bid_up=0.01 ask_up=0.01 bid_dn=0.99 ask_dn=1.00[0m
[93m[1m2026-04-09 04:50:00.158 [INFO] risk.position_tracker: WINDOW_SUMMARY window_pnl=$0.0000 session_pnl=$-29.1171 won=$16.7029 lost=$45.8200 wr=66.7% (4/6) consec_losses=0[0m
[96m2026-04-09 04:50:00.160 [INFO] strategy.window_handler: REGIME chop_detected flips=4 delta_range=0.2116% avg_flips=2.7 over=6_windows[0m
[37m2026-04-09 04:50:00.164 [INFO] strategy.window_handler: WINDOW_DECISION [SKIP] rank=1 side=up pnl=$0.0000 entry=0.00 size=$0.00 (conditions not met)[0m
[96m[1m2026-04-09 04:50:00.165 [INFO] strategy.window_tracker: new window: btc-updown-5m-1775710200 (ts=1775710200)[0m
[96m2026-04-09 04:50:00.253 [INFO] strategy.window_handler: REGIME vol_stddev=0.076% chop_flips=2.7 outcome=3U/3D over 6w sprt=dormant llr=0.00 age=1w bankroll=$895.84[0m
[96m2026-04-09 04:50:00.254 [INFO] __main__: window open price captured: 70766.45 (chainlink)[0m
2026-04-09 04:50:01.141 [INFO] market_data.clob_market_ws: CLOB market subscribed for tokens up=463980407608 down=772026039378
[2m2026-04-09 04:50:01.257 [INFO] __main__: STATUS t=299s delta=0.0000% dir=none agree=True chain=70766.45 bin=70768.00 open=70766.45 obi=0.3449 ask_up=0.60 ask_dn=0.41 bid_up=0.59 bid_dn=0.40 halted=False[0m
[2m2026-04-09 04:50:31.423 [INFO] __main__: STATUS t=269s delta=-0.0013% dir=down agree=True chain=70765.50 bin=70753.66 open=70766.45 obi=-0.5751 ask_up=0.51 ask_dn=0.50 bid_up=0.50 bid_dn=0.49 halted=False[0m
[2m2026-04-09 04:51:01.521 [INFO] __main__: STATUS t=238s delta=-0.0134% dir=down agree=True chain=70756.97 bin=70747.29 open=70766.45 obi=0.4510 ask_up=0.49 ask_dn=0.52 bid_up=0.48 bid_dn=0.51 halted=False[0m
[2m2026-04-09 04:51:31.610 [INFO] __main__: STATUS t=208s delta=0.0138% dir=up agree=True chain=70776.20 bin=70769.10 open=70766.45 obi=-0.0736 ask_up=0.59 ask_dn=0.42 bid_up=0.58 bid_dn=0.41 halted=False[0m
[37m2026-04-09 04:52:00.198 [INFO] strategy.momentum_signal: [SKIP] rank=1 side=up reason=conditions_not_met latest_pct=0.0127 need=>=0.07 stddev=0.0184 max_var=0.050[0m
[2m2026-04-09 04:52:01.702 [INFO] __main__: STATUS t=178s delta=0.0240% dir=up agree=True chain=70783.45 bin=70774.71 open=70766.45 obi=-0.8917 ask_up=0.66 ask_dn=0.35 bid_up=0.65 bid_dn=0.34 halted=False[0m
[2m2026-04-09 04:52:31.794 [INFO] __main__: STATUS t=148s delta=0.0459% dir=up agree=True chain=70798.93 bin=70790.40 open=70766.45 obi=-0.9594 ask_up=0.75 ask_dn=0.26 bid_up=0.74 bid_dn=0.25 halted=False[0m
[2m2026-04-09 04:53:01.889 [INFO] __main__: STATUS t=118s delta=0.0507% dir=up agree=True chain=70802.36 bin=70796.39 open=70766.45 obi=-0.7125 ask_up=0.85 ask_dn=0.16 bid_up=0.84 bid_dn=0.15 halted=False[0m
[2m2026-04-09 04:53:31.974 [INFO] __main__: STATUS t=88s delta=0.0024% dir=up agree=False chain=70768.15 bin=70761.88 open=70766.45 obi=-0.2480 ask_up=0.61 ask_dn=0.40 bid_up=0.60 bid_dn=0.39 halted=False[0m
[2m2026-04-09 04:54:02.066 [INFO] __main__: STATUS t=58s delta=0.0131% dir=up agree=True chain=70775.73 bin=70769.08 open=70766.45 obi=0.4958 ask_up=0.74 ask_dn=0.27 bid_up=0.73 bid_dn=0.26 halted=False[0m
[2m2026-04-09 04:54:32.163 [INFO] __main__: STATUS t=28s delta=0.0162% dir=up agree=True chain=70777.88 bin=70771.77 open=70766.45 obi=-0.3631 ask_up=0.74 ask_dn=0.27 bid_up=0.73 bid_dn=0.26 halted=False[0m
[37m2026-04-09 04:55:00.242 [INFO] execution.paper_trading: paper window_ts=1775710200 [SKIP] pnl=0.0000 direction=up outcome=up - balance=$970.88 bid_up=0.99 ask_up=1.00 bid_dn=0.01 ask_dn=0.01[0m
[93m[1m2026-04-09 04:55:00.242 [INFO] risk.position_tracker: WINDOW_SUMMARY window_pnl=$0.0000 session_pnl=$-29.1171 won=$16.7029 lost=$45.8200 wr=66.7% (4/6) consec_losses=0[0m
[96m2026-04-09 04:55:00.245 [INFO] strategy.window_handler: REGIME chop_detected flips=5 delta_range=0.0721% avg_flips=3.5 over=6_windows[0m
[37m2026-04-09 04:55:00.249 [INFO] strategy.window_handler: WINDOW_DECISION [SKIP] rank=1 side=up pnl=$0.0000 entry=0.00 size=$0.00 (conditions not met)[0m
[96m[1m2026-04-09 04:55:00.249 [INFO] strategy.window_tracker: new window: btc-updown-5m-1775710500 (ts=1775710500)[0m
[96m2026-04-09 04:55:00.303 [INFO] strategy.window_handler: REGIME vol_stddev=0.077% chop_flips=3.5 outcome=3U/3D over 6w sprt=dormant llr=0.00 age=2w bankroll=$895.84[0m
[96m2026-04-09 04:55:00.303 [INFO] strategy.window_handler: KELLY wr_adj=87.8% base=91.7% total_disc=0.9% vol=0.0% chop=7.1% outcome=0.0% feedback=+0.0%[0m
[96m2026-04-09 04:55:00.304 [INFO] __main__: window open price captured: 70780.10 (chainlink)[0m
2026-04-09 04:55:00.349 [INFO] market_data.clob_market_ws: CLOB market subscribed for tokens up=107742102031 down=637247804475
[2m2026-04-09 04:55:02.319 [INFO] __main__: STATUS t=298s delta=0.0022% dir=up agree=False chain=70781.65 bin=70771.78 open=70780.10 obi=0.8552 ask_up=0.53 ask_dn=0.48 bid_up=0.52 bid_dn=0.47 halted=False[0m
[2m2026-04-09 04:55:32.410 [INFO] __main__: STATUS t=268s delta=0.0219% dir=up agree=True chain=70795.63 bin=70789.13 open=70780.10 obi=-0.5587 ask_up=0.62 ask_dn=0.39 bid_up=0.61 bid_dn=0.38 halted=False[0m
[2m2026-04-09 04:56:02.498 [INFO] __main__: STATUS t=238s delta=0.0104% dir=up agree=True chain=70787.45 bin=70781.28 open=70780.10 obi=-0.5943 ask_up=0.58 ask_dn=0.43 bid_up=0.57 bid_dn=0.42 halted=False[0m
[2m2026-04-09 04:56:32.589 [INFO] __main__: STATUS t=207s delta=-0.0010% dir=down agree=True chain=70779.40 bin=70771.78 open=70780.10 obi=-0.8225 ask_up=0.48 ask_dn=0.53 bid_up=0.47 bid_dn=0.52 halted=False[0m
[37m2026-04-09 04:57:00.171 [INFO] strategy.momentum_signal: [SKIP] rank=1 side=up reason=conditions_not_met latest_pct=-0.0153 need=>=0.07 stddev=0.0073 max_var=0.050[0m
[2m2026-04-09 04:57:02.681 [INFO] __main__: STATUS t=177s delta=-0.0089% dir=down agree=True chain=70773.79 bin=70769.26 open=70780.10 obi=-0.4364 ask_up=0.43 ask_dn=0.58 bid_up=0.42 bid_dn=0.57 halted=False[0m
[2m2026-04-09 04:57:32.770 [INFO] __main__: STATUS t=147s delta=-0.0077% dir=down agree=True chain=70774.65 bin=70765.58 open=70780.10 obi=-0.8784 ask_up=0.99 ask_dn=0.99 bid_up=0.01 bid_dn=0.01 halted=False[0m
[2m2026-04-09 04:58:02.860 [INFO] __main__: STATUS t=117s delta=-0.0094% dir=down agree=True chain=70773.47 bin=70765.32 open=70780.10 obi=-0.1822 ask_up=0.56 ask_dn=0.45 bid_up=0.55 bid_dn=0.44 halted=False[0m
[2m2026-04-09 04:58:32.945 [INFO] __main__: STATUS t=87s delta=-0.0057% dir=down agree=True chain=70776.09 bin=70765.33 open=70780.10 obi=0.5386 ask_up=0.61 ask_dn=0.41 bid_up=0.59 bid_dn=0.39 halted=False[0m
[2m2026-04-09 04:59:03.043 [INFO] __main__: STATUS t=57s delta=-0.0228% dir=down agree=True chain=70763.95 bin=70760.00 open=70780.10 obi=-0.6812 ask_up=0.37 ask_dn=0.64 bid_up=0.36 bid_dn=0.63 halted=False[0m
[2m2026-04-09 04:59:33.134 [INFO] __main__: STATUS t=27s delta=-0.0242% dir=down agree=True chain=70763.00 bin=70765.31 open=70780.10 obi=0.9307 ask_up=0.73 ask_dn=0.28 bid_up=0.72 bid_dn=0.27 halted=False[0m
[37m2026-04-09 05:00:00.210 [INFO] execution.paper_trading: paper window_ts=1775710500 [SKIP] pnl=0.0000 direction=up outcome=up - balance=$970.88 bid_up=0.97 ask_up=0.99 bid_dn=0.01 ask_dn=0.03[0m
[93m[1m2026-04-09 05:00:00.210 [INFO] risk.position_tracker: WINDOW_SUMMARY window_pnl=$0.0000 session_pnl=$-29.1171 won=$16.7029 lost=$45.8200 wr=66.7% (4/6) consec_losses=0[0m
[37m2026-04-09 05:00:00.216 [INFO] strategy.window_handler: WINDOW_DECISION [SKIP] rank=1 side=up pnl=$0.0000 entry=0.00 size=$0.00 (conditions not met)[0m
[96m[1m2026-04-09 05:00:00.216 [INFO] strategy.window_tracker: new window: btc-updown-5m-1775710800 (ts=1775710800)[0m
[96m2026-04-09 05:00:00.302 [INFO] strategy.window_handler: REGIME vol_stddev=0.073% chop_flips=3.8 outcome=3U/3D over 6w sprt=dormant llr=0.00 age=3w bankroll=$895.84[0m
[96m2026-04-09 05:00:00.302 [INFO] strategy.window_handler: KELLY wr_adj=87.2% base=91.7% total_disc=1.4% vol=0.0% chop=11.9% outcome=0.0% feedback=+0.0%[0m
[96m2026-04-09 05:00:00.302 [INFO] __main__: window open price captured: 70789.52 (chainlink)[0m
2026-04-09 05:00:00.551 [INFO] market_data.clob_market_ws: CLOB market subscribed for tokens up=198858098470 down=883466638081
[2m2026-04-09 05:00:03.323 [INFO] __main__: STATUS t=297s delta=0.0002% dir=up agree=False chain=70789.65 bin=70764.83 open=70789.52 obi=-0.7638 ask_up=0.38 ask_dn=0.64 bid_up=0.36 bid_dn=0.62 halted=False[0m
[2m2026-04-09 05:00:33.415 [INFO] __main__: STATUS t=267s delta=-0.0361% dir=down agree=True chain=70763.99 bin=70757.92 open=70789.52 obi=-0.8943 ask_up=0.29 ask_dn=0.72 bid_up=0.28 bid_dn=0.71 halted=False[0m
[2m2026-04-09 05:01:03.506 [INFO] __main__: STATUS t=236s delta=-0.0477% dir=down agree=True chain=70755.73 bin=70762.83 open=70789.52 obi=-0.8778 ask_up=0.38 ask_dn=0.63 bid_up=0.37 bid_dn=0.62 halted=False[0m
[2m2026-04-09 05:01:33.586 [INFO] __main__: STATUS t=206s delta=-0.1091% dir=down agree=True chain=70712.31 bin=70723.22 open=70789.52 obi=0.3556 ask_up=0.16 ask_dn=0.85 bid_up=0.15 bid_dn=0.84 halted=False[0m
[37m2026-04-09 05:02:00.163 [INFO] strategy.momentum_signal: [SKIP] rank=1 side=up reason=conditions_not_met latest_pct=-0.0506 need=>=0.07 stddev=0.0216 max_var=0.050[0m
[2m2026-04-09 05:02:03.675 [INFO] __main__: STATUS t=176s delta=-0.0376% dir=down agree=True chain=70762.88 bin=70753.67 open=70789.52 obi=-0.4207 ask_up=0.31 ask_dn=0.70 bid_up=0.30 bid_dn=0.69 halted=False[0m
[2m2026-04-09 05:02:33.764 [INFO] __main__: STATUS t=146s delta=0.0287% dir=up agree=True chain=70809.86 bin=70800.00 open=70789.52 obi=0.4848 ask_up=0.72 ask_dn=0.29 bid_up=0.71 bid_dn=0.28 halted=False[0m
[2m2026-04-09 05:03:03.850 [INFO] __main__: STATUS t=116s delta=0.0048% dir=up agree=False chain=70792.93 bin=70787.26 open=70789.52 obi=-0.9736 ask_up=0.55 ask_dn=0.46 bid_up=0.54 bid_dn=0.45 halted=False[0m
[2m2026-04-09 05:03:33.933 [INFO] __main__: STATUS t=86s delta=0.0073% dir=up agree=False chain=70794.69 bin=70787.68 open=70789.52 obi=0.0173 ask_up=0.63 ask_dn=0.38 bid_up=0.62 bid_dn=0.37 halted=False[0m
[2m2026-04-09 05:04:04.021 [INFO] __main__: STATUS t=56s delta=0.0321% dir=up agree=True chain=70812.23 bin=70807.08 open=70789.52 obi=-0.5082 ask_up=0.82 ask_dn=0.19 bid_up=0.81 bid_dn=0.18 halted=False[0m
[2m2026-04-09 05:04:34.105 [INFO] __main__: STATUS t=26s delta=0.0918% dir=up agree=True chain=70854.50 bin=70849.99 open=70789.52 obi=0.0926 ask_up=0.99 ask_dn=0.02 bid_up=0.98 bid_dn=0.01 halted=False[0m
[37m2026-04-09 05:05:00.192 [INFO] execution.paper_trading: paper window_ts=1775710800 [SKIP] pnl=0.0000 direction=up outcome=up - balance=$970.88 bid_up=0.99 ask_up=1.00 bid_dn=0.01 ask_dn=0.01[0m
[93m[1m2026-04-09 05:05:00.192 [INFO] risk.position_tracker: WINDOW_SUMMARY window_pnl=$0.0000 session_pnl=$-29.1171 won=$16.7029 lost=$45.8200 wr=66.7% (4/6) consec_losses=0[0m
[37m2026-04-09 05:05:00.197 [INFO] strategy.window_handler: WINDOW_DECISION [SKIP] rank=1 side=up pnl=$0.0000 entry=0.00 size=$0.00 (conditions not met)[0m
[96m[1m2026-04-09 05:05:00.197 [INFO] strategy.window_tracker: new window: btc-updown-5m-1775711100 (ts=1775711100)[0m
[96m2026-04-09 05:05:00.265 [INFO] strategy.window_handler: REGIME vol_stddev=0.076% chop_flips=4.2 outcome=4U/2D over 6w sprt=dormant llr=0.00 age=4w bankroll=$895.84[0m
[96m2026-04-09 05:05:00.266 [INFO] strategy.window_handler: KELLY wr_adj=86.7% base=91.7% total_disc=2.0% vol=0.0% chop=16.7% outcome=0.0% feedback=+0.0%[0m
[96m2026-04-09 05:05:00.266 [INFO] __main__: window open price captured: 70849.61 (chainlink)[0m
2026-04-09 05:05:00.763 [INFO] market_data.clob_market_ws: CLOB market subscribed for tokens up=402591972322 down=546159117574
[2m2026-04-09 05:05:04.278 [INFO] __main__: STATUS t=296s delta=-0.0129% dir=down agree=True chain=70840.44 bin=70831.66 open=70849.61 obi=-0.9668 ask_up=0.39 ask_dn=0.62 bid_up=0.38 bid_dn=0.61 halted=False[0m
[2m2026-04-09 05:05:34.362 [INFO] __main__: STATUS t=266s delta=0.0087% dir=up agree=True chain=70855.79 bin=70851.81 open=70849.61 obi=0.4510 ask_up=0.57 ask_dn=0.44 bid_up=0.56 bid_dn=0.43 halted=False[0m
[2m2026-04-09 05:06:04.532 [INFO] __main__: STATUS t=235s delta=0.0124% dir=up agree=True chain=70858.39 bin=70856.00 open=70849.61 obi=-0.8500 ask_up=0.56 ask_dn=0.45 bid_up=0.55 bid_dn=0.44 halted=False[0m
[2m2026-04-09 05:06:34.621 [INFO] __main__: STATUS t=205s delta=-0.0086% dir=down agree=True chain=70843.51 bin=70839.73 open=70849.61 obi=-0.3241 ask_up=0.45 ask_dn=0.56 bid_up=0.44 bid_dn=0.55 halted=False[0m
[37m2026-04-09 05:07:00.198 [INFO] strategy.momentum_signal: [SKIP] rank=1 side=up reason=conditions_not_met latest_pct=-0.0139 need=>=0.07 stddev=0.0140 max_var=0.050[0m
[2m2026-04-09 05:07:04.711 [INFO] __main__: STATUS t=175s delta=-0.0001% dir=down agree=True chain=70849.55 bin=70839.73 open=70849.61 obi=0.6606 ask_up=0.48 ask_dn=0.53 bid_up=0.47 bid_dn=0.52 halted=False[0m
[2m2026-04-09 05:07:34.806 [INFO] __main__: STATUS t=145s delta=-0.0187% dir=down agree=True chain=70836.39 bin=70831.65 open=70849.61 obi=-0.3319 ask_up=0.34 ask_dn=0.67 bid_up=0.33 bid_dn=0.66 halted=False[0m
[2m2026-04-09 05:08:04.905 [INFO] __main__: STATUS t=115s delta=-0.0017% dir=down agree=True chain=70848.41 bin=70837.41 open=70849.61 obi=-0.9963 ask_up=0.34 ask_dn=0.67 bid_up=0.33 bid_dn=0.66 halted=False[0m
[2m2026-04-09 05:08:34.998 [INFO] __main__: STATUS t=85s delta=-0.0356% dir=down agree=True chain=70824.42 bin=70816.44 open=70849.61 obi=0.6966 ask_up=0.17 ask_dn=0.84 bid_up=0.16 bid_dn=0.83 halted=False[0m
[2m2026-04-09 05:09:05.097 [INFO] __main__: STATUS t=55s delta=-0.0326% dir=down agree=True chain=70826.50 bin=70826.21 open=70849.61 obi=-0.9884 ask_up=0.18 ask_dn=0.83 bid_up=0.17 bid_dn=0.82 halted=False[0m
[2m2026-04-09 05:09:35.183 [INFO] __main__: STATUS t=25s delta=-0.0305% dir=down agree=True chain=70828.00 bin=70824.65 open=70849.61 obi=0.8577 ask_up=0.26 ask_dn=0.75 bid_up=0.25 bid_dn=0.74 halted=False[0m
[37m2026-04-09 05:10:00.003 [INFO] execution.paper_trading: paper window_ts=1775711100 [SKIP] pnl=0.0000 direction=down outcome=down - balance=$970.88 bid_up=0.01 ask_up=0.99 bid_dn=0.01 ask_dn=0.99[0m
[93m[1m2026-04-09 05:10:00.004 [INFO] risk.position_tracker: WINDOW_SUMMARY window_pnl=$0.0000 session_pnl=$-29.1171 won=$16.7029 lost=$45.8200 wr=66.7% (4/6) consec_losses=0[0m
[96m2026-04-09 05:10:00.009 [INFO] strategy.window_handler: REGIME chop_detected flips=6 delta_range=0.0605% avg_flips=3.8 over=6_windows[0m
[37m2026-04-09 05:10:00.013 [INFO] strategy.window_handler: WINDOW_DECISION [SKIP] rank=1 side=up pnl=$0.0000 entry=0.00 size=$0.00 (conditions not met)[0m
[96m[1m2026-04-09 05:10:00.013 [INFO] strategy.window_tracker: new window: btc-updown-5m-1775711400 (ts=1775711400)[0m
[96m2026-04-09 05:10:00.133 [INFO] strategy.window_handler: REGIME vol_stddev=0.072% chop_flips=3.8 outcome=3U/3D over 6w sprt=dormant llr=0.00 age=5w bankroll=$895.84[0m
[96m2026-04-09 05:10:00.133 [INFO] strategy.window_handler: KELLY wr_adj=87.2% base=91.7% total_disc=1.4% vol=0.0% chop=11.9% outcome=0.0% feedback=+0.0%[0m
[96m2026-04-09 05:10:00.134 [INFO] __main__: window open price captured: 70862.17 (chainlink)[0m
2026-04-09 05:10:00.961 [INFO] market_data.clob_market_ws: CLOB market subscribed for tokens up=773649964192 down=104502341594
[2m2026-04-09 05:10:05.406 [INFO] __main__: STATUS t=295s delta=-0.0159% dir=down agree=True chain=70850.91 bin=70844.83 open=70862.17 obi=-0.9533 ask_up=0.37 ask_dn=0.64 bid_up=0.36 bid_dn=0.63 halted=False[0m
[2m2026-04-09 05:10:35.497 [INFO] __main__: STATUS t=265s delta=-0.0569% dir=down agree=True chain=70821.82 bin=70816.50 open=70862.17 obi=0.5867 ask_up=0.30 ask_dn=0.71 bid_up=0.29 bid_dn=0.70 halted=False[0m
[2m2026-04-09 05:11:05.589 [INFO] __main__: STATUS t=234s delta=-0.0744% dir=down agree=True chain=70809.45 bin=70806.35 open=70862.17 obi=0.9042 ask_up=0.32 ask_dn=0.70 bid_up=0.30 bid_dn=0.68 halted=False[0m
2026-04-09 05:11:31.196 [INFO] shared.ipc: IPC: received authenticated signal_update (summary=signals_summary_1775711490.json)
2026-04-09 05:11:31.197 [INFO] __main__: received new signal from orchestrator: rank=1 side=Up
[2m2026-04-09 05:11:35.678 [INFO] __main__: STATUS t=204s delta=-0.0741% dir=down agree=True chain=70809.66 bin=70810.21 open=70862.17 obi=0.9605 ask_up=0.33 ask_dn=0.68 bid_up=0.32 bid_dn=0.67 halted=False[0m
[37m2026-04-09 05:12:00.243 [INFO] strategy.momentum_signal: [SKIP] rank=1 side=up reason=conditions_not_met latest_pct=-0.0431 need=>=0.07 stddev=0.0135 max_var=0.050[0m
[2m2026-04-09 05:12:05.760 [INFO] __main__: STATUS t=174s delta=-0.0370% dir=down agree=True chain=70835.97 bin=70835.79 open=70862.17 obi=0.6693 ask_up=0.56 ask_dn=0.45 bid_up=0.55 bid_dn=0.44 halted=False[0m
[2m2026-04-09 05:12:35.838 [INFO] __main__: STATUS t=144s delta=-0.0102% dir=down agree=True chain=70854.95 bin=70852.88 open=70862.17 obi=-0.9188 ask_up=0.57 ask_dn=0.44 bid_up=0.56 bid_dn=0.43 halted=False[0m
[2m2026-04-09 05:13:05.942 [INFO] __main__: STATUS t=114s delta=-0.0336% dir=down agree=True chain=70838.33 bin=70840.08 open=70862.17 obi=-0.8887 ask_up=0.34 ask_dn=0.67 bid_up=0.33 bid_dn=0.66 halted=False[0m
[2m2026-04-09 05:13:36.032 [INFO] __main__: STATUS t=84s delta=-0.0196% dir=down agree=True chain=70848.29 bin=70846.05 open=70862.17 obi=-0.1118 ask_up=0.51 ask_dn=0.50 bid_up=0.50 bid_dn=0.49 halted=False[0m
[2m2026-04-09 05:14:06.136 [INFO] __main__: STATUS t=54s delta=-0.0342% dir=down agree=True chain=70837.91 bin=70839.10 open=70862.17 obi=-0.9306 ask_up=0.61 ask_dn=0.40 bid_up=0.60 bid_dn=0.39 halted=False[0m
[2m2026-04-09 05:14:36.224 [INFO] __main__: STATUS t=24s delta=-0.0234% dir=down agree=True chain=70845.62 bin=70839.09 open=70862.17 obi=0.8745 ask_up=0.76 ask_dn=0.25 bid_up=0.75 bid_dn=0.24 halted=False[0m
[93m2026-04-09 05:14:46.488 [WARNING] utils.reconnect: clob-market disconnected: no close frame received or sent — reconnecting in 0.8s[0m
2026-04-09 05:14:47.318 [INFO] utils.reconnect: clob-market connected to wss://ws-subscriptions-clob.polymarket.com/ws/market
2026-04-09 05:14:47.318 [INFO] market_data.clob_market_ws: CLOB market subscribed for tokens up=773649964192 down=104502341594
[37m2026-04-09 05:15:00.065 [INFO] execution.paper_trading: paper window_ts=1775711400 [SKIP] pnl=0.0000 direction=up outcome=up - balance=$970.88 bid_up=0.01 ask_up=0.99 bid_dn=0.01 ask_dn=0.99[0m
[93m[1m2026-04-09 05:15:00.066 [INFO] risk.position_tracker: WINDOW_SUMMARY window_pnl=$0.0000 session_pnl=$-29.1171 won=$16.7029 lost=$45.8200 wr=66.7% (4/6) consec_losses=0[0m
[37m2026-04-09 05:15:00.075 [INFO] strategy.window_handler: WINDOW_DECISION [SKIP] rank=1 side=up pnl=$0.0000 entry=0.00 size=$0.00 (conditions not met)[0m
2026-04-09 05:15:00.079 [INFO] strategy.window_handler: Signal changed: up_260.0_180.0_0.07_0.05 -> up_270.0_110.0_0.07_0.05 (age was 6 windows)
2026-04-09 05:15:00.087 [INFO] strategy.window_handler: SIGNAL_SWAP_ACTIVE: {"rank":1,"side":"up","observeFromS":270.0,"observeToS":110.0,"minDeltaPct":0.07,"maxVariancePct":0.05,"trainWinRatePct":88.89,"oosWinRatePct":100.0,"oosBhAdjustedPValue":3.37431e-11,"oosMatches":29,"avgEntryPrice":0.9124,"evPerTrade":0.0576,"smartScore":13.96,"wfFoldsAppeared":3,"wfTotalTestFolds":6,"wfFoldIndices":[4,6,7]}
2026-04-09 05:15:00.088 [INFO] strategy.window_handler: switched to new signal: #1 up (previous: #1 up)
[96m[1m2026-04-09 05:15:00.088 [INFO] strategy.window_tracker: new window: btc-updown-5m-1775711700 (ts=1775711700)[0m
[96m2026-04-09 05:15:00.183 [INFO] strategy.window_handler: REGIME vol_stddev=0.073% chop_flips=3.3 outcome=4U/2D over 6w sprt=dormant llr=0.00 age=0w bankroll=$895.84[0m
[96m2026-04-09 05:15:00.183 [INFO] strategy.window_handler: KELLY wr_adj=96.4% base=100.0% total_disc=0.6% vol=0.0% chop=4.8% outcome=0.0% feedback=+0.0%[0m
[96m2026-04-09 05:15:00.184 [INFO] __main__: window open price captured: 70869.87 (chainlink)[0m
2026-04-09 05:15:00.326 [INFO] market_data.clob_market_ws: CLOB market subscribed for tokens up=856463655422 down=106720386529
[2m2026-04-09 05:15:06.467 [INFO] __main__: STATUS t=294s delta=0.0038% dir=up agree=True chain=70872.58 bin=70870.92 open=70869.87 obi=0.1667 ask_up=0.53 ask_dn=0.48 bid_up=0.52 bid_dn=0.47 halted=False[0m
[2m2026-04-09 05:15:36.559 [INFO] __main__: STATUS t=263s delta=-0.0100% dir=down agree=True chain=70862.76 bin=70859.58 open=70869.87 obi=-0.4543 ask_up=0.41 ask_dn=0.60 bid_up=0.40 bid_dn=0.59 halted=False[0m
[2m2026-04-09 05:16:06.648 [INFO] __main__: STATUS t=233s delta=-0.0216% dir=down agree=True chain=70854.59 bin=70848.61 open=70869.87 obi=0.9216 ask_up=0.38 ask_dn=0.63 bid_up=0.37 bid_dn=0.62 halted=False[0m
[2m2026-04-09 05:16:36.728 [INFO] __main__: STATUS t=203s delta=-0.0157% dir=down agree=True chain=70858.76 bin=70858.90 open=70869.87 obi=0.8530 ask_up=0.56 ask_dn=0.45 bid_up=0.55 bid_dn=0.44 halted=False[0m
[2m2026-04-09 05:17:06.816 [INFO] __main__: STATUS t=173s delta=0.0038% dir=up agree=True chain=70872.55 bin=70881.57 open=70869.87 obi=0.9284 ask_up=0.65 ask_dn=0.37 bid_up=0.63 bid_dn=0.35 halted=False[0m
[2m2026-04-09 05:17:36.904 [INFO] __main__: STATUS t=143s delta=0.0467% dir=up agree=True chain=70902.96 bin=70898.99 open=70869.87 obi=-0.9516 ask_up=0.80 ask_dn=0.21 bid_up=0.79 bid_dn=0.20 halted=False[0m
[2m2026-04-09 05:18:07.007 [INFO] __main__: STATUS t=113s delta=0.0097% dir=up agree=True chain=70876.73 bin=70869.94 open=70869.87 obi=0.2134 ask_up=0.58 ask_dn=0.43 bid_up=0.57 bid_dn=0.42 halted=False[0m
[37m2026-04-09 05:18:10.015 [INFO] strategy.momentum_signal: [SKIP] rank=1 side=up reason=conditions_not_met latest_pct=0.0001 need=>=0.07 stddev=0.0220 max_var=0.050[0m
[2m2026-04-09 05:18:37.094 [INFO] __main__: STATUS t=83s delta=-0.0029% dir=down agree=True chain=70867.78 bin=70860.80 open=70869.87 obi=-0.9316 ask_up=0.55 ask_dn=0.46 bid_up=0.54 bid_dn=0.45 halted=False[0m
[2m2026-04-09 05:19:07.195 [INFO] __main__: STATUS t=53s delta=-0.0087% dir=down agree=True chain=70863.73 bin=70860.79 open=70869.87 obi=0.4797 ask_up=0.64 ask_dn=0.37 bid_up=0.63 bid_dn=0.36 halted=False[0m
[2m2026-04-09 05:19:37.284 [INFO] __main__: STATUS t=23s delta=0.0130% dir=up agree=True chain=70879.09 bin=70891.07 open=70869.87 obi=0.9984 ask_up=0.89 ask_dn=0.13 bid_up=0.87 bid_dn=0.11 halted=False[0m
[37m2026-04-09 05:20:00.105 [INFO] execution.paper_trading: paper window_ts=1775711700 [SKIP] pnl=0.0000 direction=up outcome=up - balance=$970.88 bid_up=0.99 ask_up=1.00 bid_dn=0.01 ask_dn=0.01[0m
[93m[1m2026-04-09 05:20:00.105 [INFO] risk.position_tracker: WINDOW_SUMMARY window_pnl=$0.0000 session_pnl=$-29.1171 won=$16.7029 lost=$45.8200 wr=66.7% (4/6) consec_losses=0[0m
[96m2026-04-09 05:20:00.107 [INFO] strategy.window_handler: REGIME chop_detected flips=6 delta_range=0.1090% avg_flips=3.7 over=6_windows[0m
[37m2026-04-09 05:20:00.110 [INFO] strategy.window_handler: WINDOW_DECISION [SKIP] rank=1 side=up pnl=$0.0000 entry=0.00 size=$0.00 (conditions not met)[0m
[96m[1m2026-04-09 05:20:00.111 [INFO] strategy.window_tracker: new window: btc-updown-5m-1775712000 (ts=1775712000)[0m
[96m2026-04-09 05:20:00.167 [INFO] strategy.window_handler: REGIME vol_stddev=0.075% chop_flips=3.7 outcome=5U/1D over 6w sprt=dormant llr=0.00 age=1w bankroll=$895.84[0m
[96m2026-04-09 05:20:00.167 [INFO] strategy.window_handler: KELLY wr_adj=95.9% base=100.0% total_disc=1.1% vol=0.0% chop=9.5% outcome=0.0% feedback=+0.0%[0m
[96m2026-04-09 05:20:00.167 [INFO] __main__: window open price captured: 70926.26 (chainlink)[0m
2026-04-09 05:20:00.562 [INFO] market_data.clob_market_ws: CLOB market subscribed for tokens up=100953890713 down=850966117559
[2m2026-04-09 05:20:07.449 [INFO] __main__: STATUS t=293s delta=0.0153% dir=up agree=True chain=70937.12 bin=70961.10 open=70926.26 obi=0.7086 ask_up=0.66 ask_dn=0.35 bid_up=0.65 bid_dn=0.34 halted=False[0m
[2m2026-04-09 05:20:37.530 [INFO] __main__: STATUS t=262s delta=0.0347% dir=up agree=True chain=70950.84 bin=70944.68 open=70926.26 obi=-0.5065 ask_up=0.55 ask_dn=0.46 bid_up=0.54 bid_dn=0.45 halted=False[0m
[2m2026-04-09 05:21:07.618 [INFO] __main__: STATUS t=232s delta=-0.0104% dir=down agree=True chain=70918.88 bin=70918.00 open=70926.26 obi=-0.7930 ask_up=0.39 ask_dn=0.62 bid_up=0.38 bid_dn=0.61 halted=False[0m
[2m2026-04-09 05:21:37.705 [INFO] __main__: STATUS t=202s delta=0.0067% dir=up agree=True chain=70930.99 bin=70930.58 open=70926.26 obi=-0.8282 ask_up=0.51 ask_dn=0.50 bid_up=0.50 bid_dn=0.49 halted=False[0m
[2m2026-04-09 05:22:07.805 [INFO] __main__: STATUS t=172s delta=-0.0372% dir=down agree=True chain=70899.85 bin=70900.22 open=70926.26 obi=-0.9979 ask_up=0.28 ask_dn=0.73 bid_up=0.27 bid_dn=0.72 halted=False[0m
[2m2026-04-09 05:22:37.898 [INFO] __main__: STATUS t=142s delta=-0.0179% dir=down agree=True chain=70913.55 bin=70916.83 open=70926.26 obi=-0.6959 ask_up=0.47 ask_dn=0.54 bid_up=0.46 bid_dn=0.53 halted=False[0m
[2m2026-04-09 05:23:07.992 [INFO] __main__: STATUS t=112s delta=-0.0356% dir=down agree=True chain=70901.01 bin=70900.00 open=70926.26 obi=0.7098 ask_up=0.60 ask_dn=0.41 bid_up=0.59 bid_dn=0.40 halted=False[0m
[37m2026-04-09 05:23:10.248 [INFO] strategy.momentum_signal: [SKIP] rank=1 side=up reason=conditions_not_met latest_pct=-0.0307 need=>=0.07 stddev=0.0251 max_var=0.050[0m
[2m2026-04-09 05:23:38.082 [INFO] __main__: STATUS t=82s delta=-0.0112% dir=down agree=True chain=70918.32 bin=70916.84 open=70926.26 obi=-0.9143 ask_up=0.46 ask_dn=0.55 bid_up=0.45 bid_dn=0.54 halted=False[0m
[2m2026-04-09 05:24:08.251 [INFO] __main__: STATUS t=52s delta=0.0311% dir=up agree=True chain=70948.31 bin=70952.20 open=70926.26 obi=-0.8135 ask_up=0.70 ask_dn=0.31 bid_up=0.69 bid_dn=0.30 halted=False[0m
[2m2026-04-09 05:24:38.339 [INFO] __main__: STATUS t=22s delta=0.0219% dir=up agree=True chain=70941.78 bin=70939.79 open=70926.26 obi=0.0212 ask_up=0.99 ask_dn=0.99 bid_up=0.01 bid_dn=0.01 halted=False[0m
[37m2026-04-09 05:25:00.151 [INFO] execution.paper_trading: paper window_ts=1775712000 [SKIP] pnl=0.0000 direction=up outcome=up - balance=$970.88 bid_up=0.48 ask_up=0.61 bid_dn=0.39 ask_dn=0.52[0m
[93m[1m2026-04-09 05:25:00.151 [INFO] risk.position_tracker: WINDOW_SUMMARY window_pnl=$0.0000 session_pnl=$-29.1171 won=$16.7029 lost=$45.8200 wr=66.7% (4/6) consec_losses=0[0m
[96m2026-04-09 05:25:00.153 [INFO] strategy.window_handler: REGIME chop_detected flips=9 delta_range=0.0976% avg_flips=4.3 over=6_windows[0m
[37m2026-04-09 05:25:00.156 [INFO] strategy.window_handler: WINDOW_DECISION [SKIP] rank=1 side=up pnl=$0.0000 entry=0.00 size=$0.00 (conditions not met)[0m
[96m[1m2026-04-09 05:25:00.156 [INFO] strategy.window_tracker: new window: btc-updown-5m-1775712300 (ts=1775712300)[0m
[96m2026-04-09 05:25:00.215 [INFO] strategy.window_handler: REGIME vol_stddev=0.075% chop_flips=4.3 outcome=5U/1D over 6w sprt=dormant llr=0.00 age=2w bankroll=$895.84[0m
[96m2026-04-09 05:25:00.216 [INFO] strategy.window_handler: KELLY wr_adj=94.7% base=100.0% total_disc=2.3% vol=0.0% chop=19.0% outcome=0.0% feedback=+0.0%[0m
[96m2026-04-09 05:25:00.216 [INFO] __main__: window open price captured: 70924.17 (chainlink)[0m
2026-04-09 05:25:00.796 [INFO] market_data.clob_market_ws: CLOB market subscribed for tokens up=747319700544 down=321143855394
[2m2026-04-09 05:25:08.517 [INFO] __main__: STATUS t=291s delta=0.0191% dir=up agree=True chain=70937.69 bin=70934.98 open=70924.17 obi=0.3037 ask_up=0.54 ask_dn=0.47 bid_up=0.53 bid_dn=0.46 halted=False[0m
[2m2026-04-09 05:25:38.597 [INFO] __main__: STATUS t=261s delta=0.0266% dir=up agree=True chain=70943.00 bin=70943.19 open=70924.17 obi=0.7737 ask_up=0.65 ask_dn=0.36 bid_up=0.64 bid_dn=0.35 halted=False[0m
[2m2026-04-09 05:26:08.690 [INFO] __main__: STATUS t=231s delta=0.0427% dir=up agree=True chain=70954.44 bin=70955.81 open=70924.17 obi=0.3730 ask_up=0.73 ask_dn=0.28 bid_up=0.72 bid_dn=0.27 halted=False[0m
[2m2026-04-09 05:26:38.777 [INFO] __main__: STATUS t=201s delta=0.0478% dir=up agree=True chain=70958.08 bin=70959.25 open=70924.17 obi=0.2127 ask_up=0.78 ask_dn=0.23 bid_up=0.77 bid_dn=0.22 halted=False[0m
2026-04-09 05:26:46.314 [INFO] shared.ipc: IPC: received authenticated signal_update (summary=signals_summary_1775712406.json)
2026-04-09 05:26:46.314 [INFO] __main__: received new signal from orchestrator: rank=1 side=Up
[2m2026-04-09 05:27:08.863 [INFO] __main__: STATUS t=171s delta=0.1047% dir=up agree=True chain=70998.42 bin=70994.08 open=70924.17 obi=-0.7744 ask_up=0.93 ask_dn=0.08 bid_up=0.92 bid_dn=0.07 halted=False[0m
[2m2026-04-09 05:27:38.947 [INFO] __main__: STATUS t=141s delta=0.0790% dir=up agree=True chain=70980.20 bin=70976.82 open=70924.17 obi=-0.4704 ask_up=0.87 ask_dn=0.14 bid_up=0.86 bid_dn=0.13 halted=False[0m
[2m2026-04-09 05:28:09.047 [INFO] __main__: STATUS t=111s delta=0.0671% dir=up agree=True chain=70971.75 bin=70971.68 open=70924.17 obi=0.7295 ask_up=0.92 ask_dn=0.09 bid_up=0.91 bid_dn=0.08 halted=False[0m
[37m2026-04-09 05:28:10.049 [INFO] strategy.momentum_signal: [SKIP] rank=1 side=up reason=conditions_not_met latest_pct=0.0670 need=>=0.07 stddev=0.0212 max_var=0.050[0m
[2m2026-04-09 05:28:39.141 [INFO] __main__: STATUS t=81s delta=0.0867% dir=up agree=True chain=70985.66 bin=70984.31 open=70924.17 obi=-0.3482 ask_up=0.97 ask_dn=0.04 bid_up=0.96 bid_dn=0.03 halted=False[0m
[2m2026-04-09 05:29:09.242 [INFO] __main__: STATUS t=51s delta=0.0775% dir=up agree=True chain=70979.14 bin=70978.33 open=70924.17 obi=0.4238 ask_up=0.99 ask_dn=0.02 bid_up=0.98 bid_dn=0.01 halted=False[0m
[2m2026-04-09 05:29:39.337 [INFO] __main__: STATUS t=21s delta=0.1049% dir=up agree=True chain=70998.56 bin=71000.00 open=70924.17 obi=-0.9520 ask_up=1.00 ask_dn=0.01 bid_up=0.99 bid_dn=0.01 halted=False[0m
[37m2026-04-09 05:30:00.157 [INFO] execution.paper_trading: paper window_ts=1775712300 [SKIP] pnl=0.0000 direction=up outcome=up - balance=$970.88 bid_up=0.99 ask_up=1.00 bid_dn=0.01 ask_dn=0.01[0m
[93m[1m2026-04-09 05:30:00.158 [INFO] risk.position_tracker: WINDOW_SUMMARY window_pnl=$0.0000 session_pnl=$-29.1171 won=$16.7029 lost=$45.8200 wr=66.7% (4/6) consec_losses=0[0m
[37m2026-04-09 05:30:00.165 [INFO] strategy.window_handler: WINDOW_DECISION [SKIP] rank=1 side=up pnl=$0.0000 entry=0.00 size=$0.00 (conditions not met)[0m
[95m2026-04-09 05:30:00.166 [INFO] strategy.window_handler: Signal refreshed (same pattern): up_270.0_110.0_0.07_0.05 — rank 1->1, keeping SPRT state (age=3w, trades=0, LLR=0.00)[0m
2026-04-09 05:30:00.170 [INFO] strategy.window_handler: SIGNAL_SWAP_ACTIVE: {"rank":1,"side":"up","observeFromS":270.0,"observeToS":110.0,"minDeltaPct":0.07,"maxVariancePct":0.05,"trainWinRatePct":88.89,"oosWinRatePct":100.0,"oosBhAdjustedPValue":3.35059e-11,"oosMatches":26,"avgEntryPrice":0.9119,"evPerTrade":0.0581,"smartScore":11.4,"wfFoldsAppeared":3,"wfTotalTestFolds":6,"wfFoldIndices":[4,6,7]}
2026-04-09 05:30:00.170 [INFO] strategy.window_handler: switched to new signal: #1 up (previous: #1 up)
[96m[1m2026-04-09 05:30:00.171 [INFO] strategy.window_tracker: new window: btc-updown-5m-1775712600 (ts=1775712600)[0m
[96m2026-04-09 05:30:00.270 [INFO] strategy.window_handler: REGIME vol_stddev=0.074% chop_flips=4.0 outcome=5U/1D over 6w sprt=dormant llr=0.00 age=3w bankroll=$895.84[0m
[96m2026-04-09 05:30:00.270 [INFO] strategy.window_handler: KELLY wr_adj=95.3% base=100.0% total_disc=1.7% vol=0.0% chop=14.3% outcome=0.0% feedback=+0.0%[0m
[96m2026-04-09 05:30:00.270 [INFO] __main__: window open price captured: 70985.99 (chainlink)[0m
2026-04-09 05:30:00.997 [INFO] market_data.clob_market_ws: CLOB market subscribed for tokens up=428400886471 down=699116169107
[2m2026-04-09 05:30:09.556 [INFO] __main__: STATUS t=290s delta=-0.0018% dir=down agree=True chain=70984.70 bin=70985.52 open=70985.99 obi=-0.1079 ask_up=0.48 ask_dn=0.53 bid_up=0.47 bid_dn=0.52 halted=False[0m
[2m2026-04-09 05:30:39.644 [INFO] __main__: STATUS t=260s delta=-0.0310% dir=down agree=True chain=70964.01 bin=70964.35 open=70985.99 obi=-0.5132 ask_up=0.32 ask_dn=0.69 bid_up=0.31 bid_dn=0.68 halted=False[0m
[2m2026-04-09 05:31:09.728 [INFO] __main__: STATUS t=230s delta=-0.0117% dir=down agree=True chain=70977.67 bin=70974.75 open=70985.99 obi=0.2921 ask_up=0.53 ask_dn=0.48 bid_up=0.52 bid_dn=0.47 halted=False[0m
[2m2026-04-09 05:31:39.819 [INFO] __main__: STATUS t=200s delta=-0.0133% dir=down agree=True chain=70976.57 bin=70974.76 open=70985.99 obi=0.7563 ask_up=0.52 ask_dn=0.49 bid_up=0.51 bid_dn=0.48 halted=False[0m
[2m2026-04-09 05:32:09.900 [INFO] __main__: STATUS t=170s delta=0.0083% dir=up agree=True chain=70991.87 bin=70986.60 open=70985.99 obi=0.6789 ask_up=0.68 ask_dn=0.33 bid_up=0.67 bid_dn=0.32 halted=False[0m
[2m2026-04-09 05:32:39.990 [INFO] __main__: STATUS t=140s delta=0.0344% dir=up agree=True chain=71010.42 bin=71000.60 open=70985.99 obi=-0.9410 ask_up=0.74 ask_dn=0.27 bid_up=0.73 bid_dn=0.26 halted=False[0m
[2m2026-04-09 05:33:10.070 [INFO] __main__: STATUS t=110s delta=0.0037% dir=up agree=True chain=70988.59 bin=70988.97 open=70985.99 obi=-0.9434 ask_up=0.61 ask_dn=0.40 bid_up=0.60 bid_dn=0.39 halted=False[0m
[37m2026-04-09 05:33:10.070 [INFO] strategy.momentum_signal: [SKIP] rank=1 side=up reason=conditions_not_met latest_pct=0.0042 need=>=0.07 stddev=0.0173 max_var=0.050[0m
[2m2026-04-09 05:33:40.148 [INFO] __main__: STATUS t=80s delta=0.0046% dir=up agree=False chain=70989.26 bin=70984.20 open=70985.99 obi=-0.9263 ask_up=0.58 ask_dn=0.43 bid_up=0.57 bid_dn=0.42 halted=False[0m
[2m2026-04-09 05:34:10.238 [INFO] __main__: STATUS t=50s delta=0.0135% dir=up agree=True chain=70995.56 bin=70996.97 open=70985.99 obi=-0.3593 ask_up=0.84 ask_dn=0.17 bid_up=0.83 bid_dn=0.16 halted=False[0m
[2m2026-04-09 05:34:40.322 [INFO] __main__: STATUS t=20s delta=0.0026% dir=up agree=False chain=70987.87 bin=70971.92 open=70985.99 obi=0.8988 ask_up=0.56 ask_dn=0.45 bid_up=0.55 bid_dn=0.44 halted=False[0m
[37m2026-04-09 05:35:00.128 [INFO] execution.paper_trading: paper window_ts=1775712600 [SKIP] pnl=0.0000 direction=down outcome=down - balance=$970.88 bid_up=0.98 ask_up=0.99 bid_dn=0.01 ask_dn=0.02[0m
[93m[1m2026-04-09 05:35:00.128 [INFO] risk.position_tracker: WINDOW_SUMMARY window_pnl=$0.0000 session_pnl=$-29.1171 won=$16.7029 lost=$45.8200 wr=66.7% (4/6) consec_losses=0[0m
[96m2026-04-09 05:35:00.130 [INFO] strategy.window_handler: REGIME chop_detected flips=9 delta_range=0.0730% avg_flips=5.2 over=6_windows[0m
[37m2026-04-09 05:35:00.134 [INFO] strategy.window_handler: WINDOW_DECISION [SKIP] rank=1 side=up pnl=$0.0000 entry=0.00 size=$0.00 (conditions not met)[0m
[96m[1m2026-04-09 05:35:00.135 [INFO] strategy.window_tracker: new window: btc-updown-5m-1775712900 (ts=1775712900)[0m
[96m2026-04-09 05:35:00.184 [INFO] strategy.window_handler: REGIME vol_stddev=0.073% chop_flips=5.2 outcome=4U/2D over 6w sprt=dormant llr=0.00 age=4w bankroll=$895.84[0m
[96m2026-04-09 05:35:00.184 [INFO] strategy.window_handler: KELLY wr_adj=93.3% base=100.0% total_disc=3.7% vol=0.0% chop=31.0% outcome=0.0% feedback=+0.0%[0m
[96m2026-04-09 05:35:00.185 [INFO] __main__: window open price captured: 70996.17 (chainlink)[0m
2026-04-09 05:35:00.194 [INFO] market_data.clob_market_ws: CLOB market subscribed for tokens up=108526633029 down=804014640628
[2m2026-04-09 05:35:10.474 [INFO] __main__: STATUS t=290s delta=-0.0030% dir=down agree=True chain=70994.07 bin=70992.18 open=70996.17 obi=0.5900 ask_up=0.47 ask_dn=0.54 bid_up=0.46 bid_dn=0.53 halted=False[0m
[2m2026-04-09 05:35:40.557 [INFO] __main__: STATUS t=259s delta=0.0001% dir=up agree=False chain=70996.26 bin=70994.00 open=70996.17 obi=-0.9622 ask_up=0.50 ask_dn=0.51 bid_up=0.49 bid_dn=0.50 halted=False[0m
[2m2026-04-09 05:36:10.647 [INFO] __main__: STATUS t=229s delta=0.0082% dir=up agree=True chain=71001.96 bin=70996.28 open=70996.17 obi=0.0591 ask_up=0.53 ask_dn=0.48 bid_up=0.52 bid_dn=0.47 halted=False[0m
[2m2026-04-09 05:36:40.738 [INFO] __main__: STATUS t=199s delta=0.0071% dir=up agree=True chain=71001.20 bin=71000.99 open=70996.17 obi=-0.8488 ask_up=0.55 ask_dn=0.46 bid_up=0.54 bid_dn=0.45 halted=False[0m
[2m2026-04-09 05:37:10.834 [INFO] __main__: STATUS t=169s delta=0.0131% dir=up agree=True chain=71005.48 bin=71001.86 open=70996.17 obi=-0.3891 ask_up=0.65 ask_dn=0.36 bid_up=0.64 bid_dn=0.35 halted=False[0m
[2m2026-04-09 05:37:40.916 [INFO] __main__: STATUS t=139s delta=0.0383% dir=up agree=True chain=71023.37 bin=71023.77 open=70996.17 obi=-0.9827 ask_up=0.74 ask_dn=0.27 bid_up=0.73 bid_dn=0.26 halted=False[0m
[37m2026-04-09 05:38:10.016 [INFO] strategy.momentum_signal: [SKIP] rank=1 side=up reason=conditions_not_met latest_pct=0.0334 need=>=0.07 stddev=0.0152 max_var=0.050[0m
[2m2026-04-09 05:38:11.020 [INFO] __main__: STATUS t=109s delta=0.0412% dir=up agree=True chain=71025.43 bin=71019.90 open=70996.17 obi=-0.7004 ask_up=0.77 ask_dn=0.24 bid_up=0.76 bid_dn=0.23 halted=False[0m
[2m2026-04-09 05:38:41.101 [INFO] __main__: STATUS t=79s delta=0.0846% dir=up agree=True chain=71056.23 bin=71057.33 open=70996.17 obi=-0.9589 ask_up=0.95 ask_dn=0.06 bid_up=0.94 bid_dn=0.05 halted=False[0m
[2m2026-04-09 05:39:11.211 [INFO] __main__: STATUS t=49s delta=0.1074% dir=up agree=True chain=71072.39 bin=71087.11 open=70996.17 obi=-0.7693 ask_up=0.99 ask_dn=0.02 bid_up=0.98 bid_dn=0.01 halted=False[0m
[2m2026-04-09 05:39:41.311 [INFO] __main__: STATUS t=19s delta=0.1192% dir=up agree=True chain=71080.82 bin=71077.92 open=70996.17 obi=-0.3906 ask_up=1.00 ask_dn=0.01 bid_up=0.99 bid_dn=0.01 halted=False[0m
[37m2026-04-09 05:40:00.126 [INFO] execution.paper_trading: paper window_ts=1775712900 [SKIP] pnl=0.0000 direction=up outcome=up - balance=$970.88 bid_up=0.99 ask_up=1.00 bid_dn=0.01 ask_dn=0.01[0m
[93m[1m2026-04-09 05:40:00.126 [INFO] risk.position_tracker: WINDOW_SUMMARY window_pnl=$0.0000 session_pnl=$-29.1171 won=$16.7029 lost=$45.8200 wr=66.7% (4/6) consec_losses=0[0m
[96m2026-04-09 05:40:00.147 [INFO] strategy.window_handler: REGIME chop_detected flips=7 delta_range=0.1453% avg_flips=5.3 over=6_windows[0m
[37m2026-04-09 05:40:00.154 [INFO] strategy.window_handler: WINDOW_DECISION [SKIP] rank=1 side=up pnl=$0.0000 entry=0.00 size=$0.00 (conditions not met)[0m
[96m[1m2026-04-09 05:40:00.155 [INFO] strategy.window_tracker: new window: btc-updown-5m-1775713200 (ts=1775713200)[0m
[96m2026-04-09 05:40:00.243 [INFO] strategy.window_handler: REGIME vol_stddev=0.080% chop_flips=5.3 outcome=5U/1D over 6w sprt=dormant llr=0.00 age=5w bankroll=$895.84[0m
[96m2026-04-09 05:40:00.244 [INFO] strategy.window_handler: KELLY wr_adj=93.0% base=100.0% total_disc=4.0% vol=0.0% chop=33.3% outcome=0.0% feedback=+0.0%[0m
[96m2026-04-09 05:40:00.244 [INFO] __main__: window open price captured: 71079.78 (chainlink)[0m
2026-04-09 05:40:00.383 [INFO] market_data.clob_market_ws: CLOB market subscribed for tokens up=151179373870 down=862914739353
[2m2026-04-09 05:40:11.338 [INFO] __main__: STATUS t=289s delta=-0.0194% dir=down agree=True chain=71066.00 bin=71048.87 open=71079.78 obi=-0.9417 ask_up=0.36 ask_dn=0.65 bid_up=0.35 bid_dn=0.64 halted=False[0m
[2m2026-04-09 05:40:41.423 [INFO] __main__: STATUS t=259s delta=-0.0514% dir=down agree=True chain=71043.22 bin=71035.62 open=71079.78 obi=-0.9770 ask_up=0.19 ask_dn=0.82 bid_up=0.18 bid_dn=0.81 halted=False[0m
[2m2026-04-09 05:41:11.508 [INFO] __main__: STATUS t=228s delta=-0.0574% dir=down agree=True chain=71038.96 bin=71035.62 open=71079.78 obi=-0.5316 ask_up=0.31 ask_dn=0.70 bid_up=0.30 bid_dn=0.69 halted=False[0m
[2m2026-04-09 05:41:41.593 [INFO] __main__: STATUS t=198s delta=-0.0596% dir=down agree=True chain=71037.43 bin=71035.62 open=71079.78 obi=-0.9114 ask_up=0.27 ask_dn=0.74 bid_up=0.26 bid_dn=0.73 halted=False[0m
[2m2026-04-09 05:42:11.694 [INFO] __main__: STATUS t=168s delta=-0.0623% dir=down agree=True chain=71035.47 bin=71035.62 open=71079.78 obi=-0.2775 ask_up=0.30 ask_dn=0.71 bid_up=0.29 bid_dn=0.70 halted=False[0m
[2m2026-04-09 05:42:41.775 [INFO] __main__: STATUS t=138s delta=-0.0342% dir=down agree=True chain=71055.50 bin=71054.49 open=71079.78 obi=0.5868 ask_up=0.99 ask_dn=0.99 bid_up=0.01 bid_dn=0.01 halted=False[0m
[37m2026-04-09 05:43:10.108 [INFO] strategy.momentum_signal: [SKIP] rank=1 side=up reason=conditions_not_met latest_pct=-0.0356 need=>=0.07 stddev=0.0111 max_var=0.050[0m
[2m2026-04-09 05:43:11.863 [INFO] __main__: STATUS t=108s delta=-0.0331% dir=down agree=True chain=71056.22 bin=71054.48 open=71079.78 obi=-0.2047 ask_up=0.43 ask_dn=0.58 bid_up=0.42 bid_dn=0.57 halted=False[0m
[2m2026-04-09 05:43:41.945 [INFO] __main__: STATUS t=78s delta=-0.0232% dir=down agree=True chain=71063.30 bin=71063.61 open=71079.78 obi=0.8101 ask_up=0.44 ask_dn=0.57 bid_up=0.43 bid_dn=0.56 halted=False[0m
[2m2026-04-09 05:44:12.035 [INFO] __main__: STATUS t=48s delta=-0.0492% dir=down agree=True chain=71044.80 bin=71040.57 open=71079.78 obi=-0.0753 ask_up=0.18 ask_dn=0.83 bid_up=0.17 bid_dn=0.82 halted=False[0m
[2m2026-04-09 05:44:42.116 [INFO] __main__: STATUS t=18s delta=-0.0482% dir=down agree=True chain=71045.55 bin=71040.58 open=71079.78 obi=0.5173 ask_up=0.10 ask_dn=0.91 bid_up=0.09 bid_dn=0.90 halted=False[0m
[37m2026-04-09 05:45:00.175 [INFO] execution.paper_trading: paper window_ts=1775713200 [SKIP] pnl=0.0000 direction=down outcome=down - balance=$970.88 bid_up=0.01 ask_up=0.01 bid_dn=0.99 ask_dn=1.00[0m
[93m[1m2026-04-09 05:45:00.175 [INFO] risk.position_tracker: WINDOW_SUMMARY window_pnl=$0.0000 session_pnl=$-29.1171 won=$16.7029 lost=$45.8200 wr=66.7% (4/6) consec_losses=0[0m
[37m2026-04-09 05:45:00.181 [INFO] strategy.window_handler: WINDOW_DECISION [SKIP] rank=1 side=up pnl=$0.0000 entry=0.00 size=$0.00 (conditions not met)[0m
[96m[1m2026-04-09 05:45:00.181 [INFO] strategy.window_tracker: new window: btc-updown-5m-1775713500 (ts=1775713500)[0m
[96m2026-04-09 05:45:00.232 [INFO] strategy.window_handler: REGIME vol_stddev=0.080% chop_flips=5.2 outcome=4U/2D over 6w sprt=dormant llr=0.00 age=6w bankroll=$895.84[0m
[96m2026-04-09 05:45:00.232 [INFO] strategy.window_handler: KELLY wr_adj=93.3% base=100.0% total_disc=3.7% vol=0.0% chop=31.0% outcome=0.0% feedback=+0.0%[0m
[96m2026-04-09 05:45:00.232 [INFO] __main__: window open price captured: 71045.25 (chainlink)[0m
2026-04-09 05:45:00.588 [INFO] market_data.clob_market_ws: CLOB market subscribed for tokens up=107077545962 down=366968051876
[2m2026-04-09 05:45:12.274 [INFO] __main__: STATUS t=288s delta=-0.0099% dir=down agree=True chain=71038.22 bin=71035.68 open=71045.25 obi=-0.0929 ask_up=0.45 ask_dn=0.56 bid_up=0.44 bid_dn=0.55 halted=False[0m
[2m2026-04-09 05:45:42.361 [INFO] __main__: STATUS t=258s delta=-0.0374% dir=down agree=True chain=71018.68 bin=71016.00 open=71045.25 obi=-0.2577 ask_up=0.32 ask_dn=0.69 bid_up=0.31 bid_dn=0.68 halted=False[0m
[2m2026-04-09 05:46:12.441 [INFO] __main__: STATUS t=228s delta=-0.0227% dir=down agree=True chain=71029.15 bin=71029.12 open=71045.25 obi=-0.2974 ask_up=0.47 ask_dn=0.54 bid_up=0.46 bid_dn=0.53 halted=False[0m
[2m2026-04-09 05:46:42.521 [INFO] __main__: STATUS t=197s delta=-0.0343% dir=down agree=True chain=71020.90 bin=71018.54 open=71045.25 obi=-0.9193 ask_up=0.51 ask_dn=0.50 bid_up=0.50 bid_dn=0.49 halted=False[0m
[2m2026-04-09 05:47:12.605 [INFO] __main__: STATUS t=167s delta=-0.0268% dir=down agree=True chain=71026.23 bin=71020.20 open=71045.25 obi=-0.8582 ask_up=0.40 ask_dn=0.61 bid_up=0.39 bid_dn=0.60 halted=False[0m
[2m2026-04-09 05:47:42.686 [INFO] __main__: STATUS t=137s delta=-0.0519% dir=down agree=True chain=71008.36 bin=71005.27 open=71045.25 obi=-0.5451 ask_up=0.37 ask_dn=0.64 bid_up=0.36 bid_dn=0.63 halted=False[0m
[37m2026-04-09 05:48:10.036 [INFO] strategy.momentum_signal: [SKIP] rank=1 side=up reason=conditions_not_met latest_pct=-0.0802 need=>=0.07 stddev=0.0157 max_var=0.050[0m
[2m2026-04-09 05:48:12.795 [INFO] __main__: STATUS t=107s delta=-0.0772% dir=down agree=True chain=70990.43 bin=70988.27 open=71045.25 obi=-0.9503 ask_up=0.13 ask_dn=0.88 bid_up=0.12 bid_dn=0.87 halted=False[0m
[2m2026-04-09 05:48:42.874 [INFO] __main__: STATUS t=77s delta=-0.0851% dir=down agree=True chain=70984.76 bin=70982.01 open=71045.25 obi=-0.7023 ask_up=0.09 ask_dn=0.92 bid_up=0.08 bid_dn=0.91 halted=False[0m
[2m2026-04-09 05:49:12.971 [INFO] __main__: STATUS t=47s delta=-0.1273% dir=down agree=True chain=70954.80 bin=70948.68 open=71045.25 obi=0.1850 ask_up=0.01 ask_dn=1.00 bid_up=0.01 bid_dn=0.99 halted=False[0m
[2m2026-04-09 05:49:43.070 [INFO] __main__: STATUS t=17s delta=-0.1203% dir=down agree=True chain=70959.79 bin=70956.71 open=71045.25 obi=0.9363 ask_up=0.01 ask_dn=1.00 bid_up=0.01 bid_dn=0.99 halted=False[0m
[37m2026-04-09 05:50:00.129 [INFO] execution.paper_trading: paper window_ts=1775713500 [SKIP] pnl=0.0000 direction=down outcome=down - balance=$970.88 bid_up=0.01 ask_up=0.01 bid_dn=0.99 ask_dn=1.00[0m
[93m[1m2026-04-09 05:50:00.130 [INFO] risk.position_tracker: WINDOW_SUMMARY window_pnl=$0.0000 session_pnl=$-29.1171 won=$16.7029 lost=$45.8200 wr=66.7% (4/6) consec_losses=0[0m
[37m2026-04-09 05:50:00.139 [INFO] strategy.window_handler: WINDOW_DECISION [SKIP] rank=1 side=up pnl=$0.0000 entry=0.00 size=$0.00 (conditions not met)[0m
[96m[1m2026-04-09 05:50:00.139 [INFO] strategy.window_tracker: new window: btc-updown-5m-1775713800 (ts=1775713800)[0m
[96m2026-04-09 05:50:00.199 [INFO] strategy.window_handler: REGIME vol_stddev=0.081% chop_flips=4.3 outcome=3U/3D over 6w sprt=dormant llr=0.00 age=7w bankroll=$895.84[0m
[96m2026-04-09 05:50:00.199 [INFO] strategy.window_handler: KELLY wr_adj=94.7% base=100.0% total_disc=2.3% vol=0.0% chop=19.0% outcome=0.0% feedback=+0.0%[0m
[96m2026-04-09 05:50:00.199 [INFO] __main__: window open price captured: 70964.65 (chainlink)[0m
2026-04-09 05:50:00.782 [INFO] market_data.clob_market_ws: CLOB market subscribed for tokens up=881251216420 down=106434591082
[2m2026-04-09 05:50:13.295 [INFO] __main__: STATUS t=287s delta=-0.0061% dir=down agree=True chain=70960.34 bin=70929.25 open=70964.65 obi=-0.9638 ask_up=0.30 ask_dn=0.74 bid_up=0.26 bid_dn=0.70 halted=False[0m
[2m2026-04-09 05:50:43.377 [INFO] __main__: STATUS t=257s delta=-0.0649% dir=down agree=True chain=70918.59 bin=70918.01 open=70964.65 obi=-0.9859 ask_up=0.43 ask_dn=0.58 bid_up=0.42 bid_dn=0.57 halted=False[0m
[2m2026-04-09 05:51:13.458 [INFO] __main__: STATUS t=227s delta=-0.0710% dir=down agree=True chain=70914.25 bin=70909.96 open=70964.65 obi=-0.7318 ask_up=0.34 ask_dn=0.68 bid_up=0.32 bid_dn=0.66 halted=False[0m
[2m2026-04-09 05:51:43.538 [INFO] __main__: STATUS t=196s delta=-0.0651% dir=down agree=True chain=70918.44 bin=70914.01 open=70964.65 obi=0.8642 ask_up=0.39 ask_dn=0.62 bid_up=0.38 bid_dn=0.61 halted=False[0m
[2m2026-04-09 05:52:13.618 [INFO] __main__: STATUS t=166s delta=-0.0540% dir=down agree=True chain=70926.33 bin=70923.60 open=70964.65 obi=-0.4997 ask_up=0.41 ask_dn=0.60 bid_up=0.40 bid_dn=0.59 halted=False[0m
[2m2026-04-09 05:52:43.699 [INFO] __main__: STATUS t=136s delta=-0.0283% dir=down agree=True chain=70944.60 bin=70944.54 open=70964.65 obi=0.1517 ask_up=0.45 ask_dn=0.56 bid_up=0.44 bid_dn=0.55 halted=False[0m
[37m2026-04-09 05:53:10.033 [INFO] strategy.momentum_signal: [SKIP] rank=1 side=up reason=conditions_not_met latest_pct=-0.0375 need=>=0.07 stddev=0.0170 max_var=0.050[0m
[2m2026-04-09 05:53:13.793 [INFO] __main__: STATUS t=106s delta=-0.0336% dir=down agree=True chain=70940.79 bin=70938.03 open=70964.65 obi=-0.7978 ask_up=0.31 ask_dn=0.70 bid_up=0.30 bid_dn=0.69 halted=False[0m
[2m2026-04-09 05:53:43.873 [INFO] __main__: STATUS t=76s delta=-0.0352% dir=down agree=True chain=70939.67 bin=70938.03 open=70964.65 obi=-0.0134 ask_up=0.43 ask_dn=0.58 bid_up=0.42 bid_dn=0.57 halted=False[0m
[2m2026-04-09 05:54:13.978 [INFO] __main__: STATUS t=46s delta=-0.0551% dir=down agree=True chain=70925.55 bin=70919.03 open=70964.65 obi=-0.0227 ask_up=0.35 ask_dn=0.66 bid_up=0.34 bid_dn=0.65 halted=False[0m
[2m2026-04-09 05:54:44.066 [INFO] __main__: STATUS t=16s delta=-0.0461% dir=down agree=True chain=70931.91 bin=70924.37 open=70964.65 obi=0.8974 ask_up=0.28 ask_dn=0.73 bid_up=0.27 bid_dn=0.72 halted=False[0m
[37m2026-04-09 05:55:00.113 [INFO] execution.paper_trading: paper window_ts=1775713800 [SKIP] pnl=0.0000 direction=up outcome=up - balance=$970.88 bid_up=0.33 ask_up=0.35 bid_dn=0.65 ask_dn=0.67[0m
[93m[1m2026-04-09 05:55:00.113 [INFO] risk.position_tracker: WINDOW_SUMMARY window_pnl=$0.0000 session_pnl=$-29.1171 won=$16.7029 lost=$45.8200 wr=66.7% (4/6) consec_losses=0[0m
[96m2026-04-09 05:55:00.117 [INFO] strategy.window_handler: REGIME chop_detected flips=3 delta_range=0.0985% avg_flips=3.3 over=6_windows[0m
[37m2026-04-09 05:55:00.122 [INFO] strategy.window_handler: WINDOW_DECISION [SKIP] rank=1 side=up pnl=$0.0000 entry=0.00 size=$0.00 (conditions not met)[0m
[96m[1m2026-04-09 05:55:00.123 [INFO] strategy.window_tracker: new window: btc-updown-5m-1775714100 (ts=1775714100)[0m
[96m2026-04-09 05:55:00.180 [INFO] strategy.window_handler: REGIME vol_stddev=0.078% chop_flips=3.3 outcome=3U/3D over 6w sprt=dormant llr=0.00 age=8w bankroll=$895.84[0m
[96m2026-04-09 05:55:00.180 [INFO] strategy.window_handler: KELLY wr_adj=96.4% base=100.0% total_disc=0.6% vol=0.0% chop=4.8% outcome=0.0% feedback=+0.0%[0m
[96m2026-04-09 05:55:00.181 [INFO] __main__: window open price captured: 70982.77 (chainlink)[0m
2026-04-09 05:55:01.018 [INFO] market_data.clob_market_ws: CLOB market subscribed for tokens up=981905157575 down=789243270798
[2m2026-04-09 05:55:14.233 [INFO] __main__: STATUS t=286s delta=-0.0328% dir=down agree=True chain=70959.51 bin=70951.99 open=70982.77 obi=-0.9503 ask_up=0.46 ask_dn=0.55 bid_up=0.45 bid_dn=0.54 halted=False[0m
[2m2026-04-09 05:55:44.317 [INFO] __main__: STATUS t=256s delta=-0.0167% dir=down agree=True chain=70970.93 bin=70966.91 open=70982.77 obi=0.0674 ask_up=0.56 ask_dn=0.45 bid_up=0.55 bid_dn=0.44 halted=False[0m
[2m2026-04-09 05:56:14.401 [INFO] __main__: STATUS t=226s delta=-0.0409% dir=down agree=True chain=70953.74 bin=70947.23 open=70982.77 obi=-0.8255 ask_up=0.37 ask_dn=0.64 bid_up=0.36 bid_dn=0.63 halted=False[0m
[2m2026-04-09 05:56:44.483 [INFO] __main__: STATUS t=196s delta=-0.0264% dir=down agree=True chain=70964.04 bin=70960.03 open=70982.77 obi=0.9573 ask_up=0.55 ask_dn=0.46 bid_up=0.54 bid_dn=0.45 halted=False[0m
[2m2026-04-09 05:57:14.570 [INFO] __main__: STATUS t=165s delta=-0.0358% dir=down agree=True chain=70957.38 bin=70975.04 open=70982.77 obi=-0.3630 ask_up=0.60 ask_dn=0.41 bid_up=0.59 bid_dn=0.40 halted=False[0m
[2m2026-04-09 05:57:44.648 [INFO] __main__: STATUS t=135s delta=-0.0356% dir=down agree=True chain=70957.52 bin=70956.81 open=70982.77 obi=0.6100 ask_up=0.52 ask_dn=0.49 bid_up=0.51 bid_dn=0.48 halted=False[0m
[37m2026-04-09 05:58:10.220 [INFO] strategy.momentum_signal: [SKIP] rank=1 side=up reason=conditions_not_met latest_pct=-0.0254 need=>=0.07 stddev=0.0086 max_var=0.050[0m
[2m2026-04-09 05:58:14.733 [INFO] __main__: STATUS t=105s delta=-0.0253% dir=down agree=True chain=70964.79 bin=70964.73 open=70982.77 obi=0.4755 ask_up=0.60 ask_dn=0.41 bid_up=0.59 bid_dn=0.40 halted=False[0m
[2m2026-04-09 05:58:44.820 [INFO] __main__: STATUS t=75s delta=-0.0063% dir=down agree=True chain=70978.30 bin=70977.35 open=70982.77 obi=0.8417 ask_up=0.76 ask_dn=0.25 bid_up=0.75 bid_dn=0.24 halted=False[0m
[2m2026-04-09 05:59:14.920 [INFO] __main__: STATUS t=45s delta=-0.0046% dir=down agree=True chain=70979.48 bin=70978.46 open=70982.77 obi=0.8984 ask_up=0.81 ask_dn=0.20 bid_up=0.80 bid_dn=0.19 halted=False[0m
[2m2026-04-09 05:59:45.004 [INFO] __main__: STATUS t=15s delta=0.0064% dir=up agree=True chain=70987.32 bin=70983.99 open=70982.77 obi=-0.3581 ask_up=0.91 ask_dn=0.10 bid_up=0.90 bid_dn=0.09 halted=False[0m
[37m2026-04-09 06:00:00.052 [INFO] execution.paper_trading: paper window_ts=1775714100 [SKIP] pnl=0.0000 direction=up outcome=up - balance=$970.88 bid_up=0.99 ask_up=1.00 bid_dn=0.01 ask_dn=0.01[0m
[93m[1m2026-04-09 06:00:00.052 [INFO] risk.position_tracker: WINDOW_SUMMARY window_pnl=$0.0000 session_pnl=$-29.1171 won=$16.7029 lost=$45.8200 wr=66.7% (4/6) consec_losses=0[0m
[96m2026-04-09 06:00:00.054 [INFO] strategy.window_handler: REGIME chop_detected flips=5 delta_range=0.0556% avg_flips=4.2 over=6_windows[0m
[37m2026-04-09 06:00:00.057 [INFO] strategy.window_handler: WINDOW_DECISION [SKIP] rank=1 side=up pnl=$0.0000 entry=0.00 size=$0.00 (conditions not met)[0m
[96m[1m2026-04-09 06:00:00.057 [INFO] strategy.window_tracker: new window: btc-updown-5m-1775714400 (ts=1775714400)[0m
[96m2026-04-09 06:00:00.163 [INFO] strategy.window_handler: REGIME vol_stddev=0.078% chop_flips=4.2 outcome=3U/3D over 6w sprt=dormant llr=0.00 age=9w bankroll=$895.84[0m
[96m2026-04-09 06:00:00.164 [INFO] strategy.window_handler: KELLY wr_adj=95.0% base=100.0% total_disc=2.0% vol=0.0% chop=16.7% outcome=0.0% feedback=+0.0%[0m
[96m2026-04-09 06:00:00.164 [INFO] __main__: window open price captured: 70987.65 (chainlink)[0m
2026-04-09 06:00:00.226 [INFO] market_data.clob_market_ws: CLOB market subscribed for tokens up=436882035496 down=430871560463
[2m2026-04-09 06:00:15.229 [INFO] __main__: STATUS t=285s delta=0.0267% dir=up agree=True chain=71006.57 bin=71001.56 open=70987.65 obi=-0.4624 ask_up=0.63 ask_dn=0.38 bid_up=0.62 bid_dn=0.37 halted=False[0m
[2m2026-04-09 06:00:45.313 [INFO] __main__: STATUS t=255s delta=0.0585% dir=up agree=True chain=71029.18 bin=71027.87 open=70987.65 obi=0.4938 ask_up=0.79 ask_dn=0.22 bid_up=0.78 bid_dn=0.21 halted=False[0m
[2m2026-04-09 06:01:15.406 [INFO] __main__: STATUS t=225s delta=0.0767% dir=up agree=True chain=71042.11 bin=71038.08 open=70987.65 obi=-0.9054 ask_up=0.82 ask_dn=0.19 bid_up=0.81 bid_dn=0.18 halted=False[0m
[2m2026-04-09 06:01:45.493 [INFO] __main__: STATUS t=195s delta=0.1032% dir=up agree=True chain=71060.90 bin=71063.96 open=70987.65 obi=0.0626 ask_up=0.93 ask_dn=0.08 bid_up=0.92 bid_dn=0.07 halted=False[0m
[2m2026-04-09 06:02:15.574 [INFO] __main__: STATUS t=164s delta=0.0858% dir=up agree=True chain=71048.54 bin=71052.71 open=70987.65 obi=0.1624 ask_up=0.95 ask_dn=0.06 bid_up=0.94 bid_dn=0.05 halted=False[0m
[2m2026-04-09 06:02:45.666 [INFO] __main__: STATUS t=134s delta=0.1042% dir=up agree=True chain=71061.59 bin=71065.68 open=70987.65 obi=0.6566 ask_up=0.97 ask_dn=0.04 bid_up=0.96 bid_dn=0.03 halted=False[0m
[37m2026-04-09 06:03:10.249 [INFO] strategy.momentum_signal: [SKIP] rank=1 side=up reason=KELLY_NO_EDGE p_adj=0.950 entry=0.99 raw_f=-4.000 total_disc=0.020 vol=0.000 chop=0.167 outcome=0.000[0m
[2m2026-04-09 06:03:15.764 [INFO] __main__: STATUS t=104s delta=0.1318% dir=up agree=True chain=71081.22 bin=71079.41 open=70987.65 obi=-0.4929 ask_up=0.97 ask_dn=0.04 bid_up=0.96 bid_dn=0.03 halted=False[0m
[2m2026-04-09 06:03:45.859 [INFO] __main__: STATUS t=74s delta=0.1237% dir=up agree=True chain=71075.43 bin=71074.31 open=70987.65 obi=-0.3334 ask_up=0.99 ask_dn=0.02 bid_up=0.98 bid_dn=0.01 halted=False[0m
[2m2026-04-09 06:04:15.953 [INFO] __main__: STATUS t=44s delta=0.0667% dir=up agree=True chain=71035.03 bin=71030.00 open=70987.65 obi=-0.9943 ask_up=0.92 ask_dn=0.09 bid_up=0.91 bid_dn=0.08 halted=False[0m
[2m2026-04-09 06:04:46.043 [INFO] __main__: STATUS t=14s delta=0.0355% dir=up agree=True chain=71012.85 bin=71010.01 open=70987.65 obi=-0.7739 ask_up=0.88 ask_dn=0.13 bid_up=0.87 bid_dn=0.12 halted=False[0m
[37m2026-04-09 06:05:00.100 [INFO] execution.paper_trading: paper window_ts=1775714400 [SKIP] pnl=0.0000 direction=up outcome=up - balance=$970.88 bid_up=0.99 ask_up=1.00 bid_dn=0.02 ask_dn=0.01[0m
[93m[1m2026-04-09 06:05:00.100 [INFO] risk.position_tracker: WINDOW_SUMMARY window_pnl=$0.0000 session_pnl=$-29.1171 won=$16.7029 lost=$45.8200 wr=66.7% (4/6) consec_losses=0[0m
[37m2026-04-09 06:05:00.114 [INFO] strategy.window_handler: WINDOW_DECISION [SKIP] rank=1 side=up pnl=$0.0000 entry=0.00 size=$0.00 (conditions not met)[0m
[96m[1m2026-04-09 06:05:00.115 [INFO] strategy.window_tracker: new window: btc-updown-5m-1775714700 (ts=1775714700)[0m
[96m2026-04-09 06:05:00.186 [INFO] strategy.window_handler: REGIME vol_stddev=0.079% chop_flips=2.7 outcome=4U/2D over 6w sprt=dormant llr=0.00 age=10w bankroll=$895.84[0m
[96m2026-04-09 06:05:00.186 [INFO] __main__: window open price captured: 71017.49 (chainlink)[0m
2026-04-09 06:05:00.456 [INFO] market_data.clob_market_ws: CLOB market subscribed for tokens up=608758519456 down=833590204915
[2m2026-04-09 06:05:16.255 [INFO] __main__: STATUS t=284s delta=0.0106% dir=up agree=True chain=71025.01 bin=71018.36 open=71017.49 obi=0.2438 ask_up=0.50 ask_dn=0.51 bid_up=0.49 bid_dn=0.50 halted=False[0m
[2m2026-04-09 06:05:46.339 [INFO] __main__: STATUS t=254s delta=-0.0094% dir=down agree=True chain=71010.85 bin=71008.35 open=71017.49 obi=-0.7259 ask_up=0.99 ask_dn=0.66 bid_up=0.01 bid_dn=0.65 halted=False[0m
[2m2026-04-09 06:06:16.444 [INFO] __main__: STATUS t=224s delta=-0.0089% dir=down agree=True chain=71011.19 bin=71008.36 open=71017.49 obi=0.5278 ask_up=0.39 ask_dn=0.62 bid_up=0.38 bid_dn=0.61 halted=False[0m
[2m2026-04-09 06:06:46.525 [INFO] __main__: STATUS t=193s delta=0.0107% dir=up agree=True chain=71025.07 bin=71023.23 open=71017.49 obi=0.2397 ask_up=0.59 ask_dn=0.42 bid_up=0.58 bid_dn=0.41 halted=False[0m
[2m2026-04-09 06:07:16.609 [INFO] __main__: STATUS t=163s delta=0.0526% dir=up agree=True chain=71054.86 bin=71054.31 open=71017.49 obi=-0.6893 ask_up=0.78 ask_dn=0.23 bid_up=0.77 bid_dn=0.22 halted=False[0m
[2m2026-04-09 06:07:46.703 [INFO] __main__: STATUS t=133s delta=0.0789% dir=up agree=True chain=71073.53 bin=71070.36 open=71017.49 obi=0.9585 ask_up=0.92 ask_dn=0.09 bid_up=0.91 bid_dn=0.08 halted=False[0m
[96m2026-04-09 06:08:10.026 [INFO] strategy.momentum_signal: KELLY sizing: p_adj=0.970 base=0.970 total_disc=0.000 vol=0.000 chop=0.000 outcome=0.000 feedback=+0.000[0m
[96m2026-04-09 06:08:10.026 [INFO] strategy.momentum_signal: KELLY bet: entry=0.92 raw_f=0.625 frac_f=0.156 bankroll=$895.84 kelly_bet=$22.40 sprt=1.00 final=$22.40[0m
[92m[1m2026-04-09 06:08:10.026 [INFO] strategy.momentum_signal: FIRED rank=1 side=up t=110.0s dir=0.0819% stddev=0.0373% n=638 oos_wr=100.0% bh_p=3.35e-11 avg_entry=0.91 ask=0.92 size=$22.40[0m
2026-04-09 06:08:10.026 [INFO] execution.paper_trading: paper momentum1 maker: id=paper-10 price=0.91 size=24.6154 [resting]
2026-04-09 06:08:10.026 [INFO] strategy.momentum_signal: MAKER PLACED rank=1 side=up price=0.91 (ask=0.92 -1tick) size=$22.40 timeout=20s
[2m2026-04-09 06:08:16.794 [INFO] __main__: STATUS t=103s delta=0.0817% dir=up agree=True chain=71075.49 bin=71075.68 open=71017.49 obi=0.0713 ask_up=0.93 ask_dn=0.08 bid_up=0.92 bid_dn=0.07 halted=False[0m
[92m[1m2026-04-09 06:08:23.064 [INFO] execution.paper_trading: paper momentum1 maker fill: id=paper-10 price=0.91[0m
2026-04-09 06:08:23.064 [INFO] strategy.momentum_signal: MAKER FILLED rank=1 side=up price=0.91 size=$22.40
[2m2026-04-09 06:08:46.886 [INFO] __main__: STATUS t=73s delta=0.0864% dir=up agree=True chain=71078.87 bin=71069.28 open=71017.49 obi=-0.7380 ask_up=0.90 ask_dn=0.11 bid_up=0.89 bid_dn=0.10 halted=False[0m
[2m2026-04-09 06:09:16.992 [INFO] __main__: STATUS t=43s delta=0.0594% dir=up agree=True chain=71059.66 bin=71040.78 open=71017.49 obi=0.7432 ask_up=0.71 ask_dn=0.30 bid_up=0.70 bid_dn=0.29 halted=False[0m
[2m2026-04-09 06:09:47.075 [INFO] __main__: STATUS t=13s delta=0.0286% dir=up agree=True chain=71037.83 bin=71034.20 open=71017.49 obi=-0.7216 ask_up=0.22 ask_dn=0.79 bid_up=0.21 bid_dn=0.78 halted=False[0m
[91m[1m2026-04-09 06:10:00.113 [INFO] execution.paper_trading: paper window_ts=1775714700 [LOSS] pnl=-22.4000 direction=down outcome=down rule#1(fill) balance=$948.48 bid_up=0.01 ask_up=0.02 bid_dn=0.98 ask_dn=0.99[0m
[93m[1m2026-04-09 06:10:00.113 [INFO] risk.position_tracker: WINDOW_SUMMARY window_pnl=$-22.4000 session_pnl=$-51.5171 won=$16.7029 lost=$68.2200 wr=57.1% (4/7) consec_losses=1[0m
[96m2026-04-09 06:10:00.117 [INFO] strategy.window_handler: REGIME chop_detected flips=9 delta_range=0.1065% avg_flips=3.0 over=6_windows[0m
[91m[1m2026-04-09 06:10:00.122 [INFO] strategy.window_handler: WINDOW_DECISION [LOSS] rank=1 side=up pnl=$-22.4000 entry=0.91 size=$22.40[0m
[96m[1m2026-04-09 06:10:00.124 [INFO] strategy.window_tracker: new window: btc-updown-5m-1775715000 (ts=1775715000)[0m
[96m2026-04-09 06:10:00.197 [INFO] strategy.window_handler: REGIME vol_stddev=0.079% chop_flips=3.0 outcome=3U/3D over 6w sprt=dormant llr=0.81 age=11w bankroll=$873.39[0m
[96m2026-04-09 06:10:00.197 [INFO] __main__: window open price captured: 71007.26 (chainlink)[0m
2026-04-09 06:10:00.655 [INFO] market_data.clob_market_ws: CLOB market subscribed for tokens up=819546597608 down=124146101095
[2m2026-04-09 06:10:17.151 [INFO] __main__: STATUS t=283s delta=-0.0043% dir=down agree=True chain=71004.21 bin=71001.06 open=71007.26 obi=0.7708 ask_up=0.52 ask_dn=0.49 bid_up=0.51 bid_dn=0.48 halted=False[0m
[2m2026-04-09 06:10:47.231 [INFO] __main__: STATUS t=253s delta=0.0104% dir=up agree=True chain=71014.68 bin=71008.87 open=71007.26 obi=0.7267 ask_up=0.63 ask_dn=0.38 bid_up=0.62 bid_dn=0.37 halted=False[0m
[2m2026-04-09 06:11:17.325 [INFO] __main__: STATUS t=223s delta=0.0381% dir=up agree=True chain=71034.29 bin=71027.62 open=71007.26 obi=-0.4320 ask_up=0.70 ask_dn=0.31 bid_up=0.69 bid_dn=0.30 halted=False[0m
[2m2026-04-09 06:11:47.413 [INFO] __main__: STATUS t=193s delta=0.0313% dir=up agree=True chain=71029.49 bin=71025.39 open=71007.26 obi=-0.9320 ask_up=0.67 ask_dn=0.34 bid_up=0.66 bid_dn=0.33 halted=False[0m
[2m2026-04-09 06:12:17.519 [INFO] __main__: STATUS t=162s delta=0.0194% dir=up agree=True chain=71021.02 bin=71017.93 open=71007.26 obi=0.5365 ask_up=0.66 ask_dn=0.35 bid_up=0.65 bid_dn=0.34 halted=False[0m
[2m2026-04-09 06:12:47.601 [INFO] __main__: STATUS t=132s delta=0.0238% dir=up agree=True chain=71024.16 bin=71017.93 open=71007.26 obi=0.6399 ask_up=0.68 ask_dn=0.33 bid_up=0.67 bid_dn=0.32 halted=False[0m
[37m2026-04-09 06:13:10.170 [INFO] strategy.momentum_signal: [SKIP] rank=1 side=up reason=conditions_not_met latest_pct=0.0039 need=>=0.07 stddev=0.0141 max_var=0.050[0m
[2m2026-04-09 06:13:17.686 [INFO] __main__: STATUS t=102s delta=0.0079% dir=up agree=True chain=71012.84 bin=71010.01 open=71007.26 obi=-0.6783 ask_up=0.54 ask_dn=0.47 bid_up=0.53 bid_dn=0.46 halted=False[0m
[2m2026-04-09 06:13:47.769 [INFO] __main__: STATUS t=72s delta=0.0083% dir=up agree=True chain=71013.15 bin=71010.02 open=71007.26 obi=-0.0400 ask_up=0.61 ask_dn=0.40 bid_up=0.60 bid_dn=0.39 halted=False[0m
[2m2026-04-09 06:14:17.882 [INFO] __main__: STATUS t=42s delta=0.0054% dir=up agree=False chain=71011.06 bin=71007.11 open=71007.26 obi=-0.9109 ask_up=0.53 ask_dn=0.48 bid_up=0.52 bid_dn=0.47 halted=False[0m
[2m2026-04-09 06:14:47.965 [INFO] __main__: STATUS t=12s delta=-0.0031% dir=down agree=True chain=71005.07 bin=71000.38 open=71007.26 obi=0.1268 ask_up=0.71 ask_dn=0.30 bid_up=0.70 bid_dn=0.29 halted=False[0m
[37m2026-04-09 06:15:00.250 [INFO] execution.paper_trading: paper window_ts=1775715000 [SKIP] pnl=0.0000 direction=up outcome=up - balance=$948.48 bid_up=0.99 ask_up=1.00 bid_dn=0.01 ask_dn=0.01[0m
[93m[1m2026-04-09 06:15:00.250 [INFO] risk.position_tracker: WINDOW_SUMMARY window_pnl=$0.0000 session_pnl=$-51.5171 won=$16.7029 lost=$68.2200 wr=57.1% (4/7) consec_losses=1[0m
[96m2026-04-09 06:15:00.252 [INFO] strategy.window_handler: REGIME chop_detected flips=7 delta_range=0.0816% avg_flips=4.2 over=6_windows[0m
[37m2026-04-09 06:15:00.257 [INFO] strategy.window_handler: WINDOW_DECISION [SKIP] rank=1 side=up pnl=$0.0000 entry=0.00 size=$0.00 (conditions not met)[0m
[96m[1m2026-04-09 06:15:00.257 [INFO] strategy.window_tracker: new window: btc-updown-5m-1775715300 (ts=1775715300)[0m
[96m2026-04-09 06:15:00.317 [INFO] strategy.window_handler: REGIME vol_stddev=0.079% chop_flips=4.2 outcome=4U/2D over 6w sprt=active_40pct llr=0.81 age=12w bankroll=$873.39[0m
[96m2026-04-09 06:15:00.317 [INFO] strategy.window_handler: KELLY wr_adj=95.0% base=100.0% total_disc=2.0% vol=0.0% chop=16.7% outcome=0.0% feedback=+0.0%[0m
[96m2026-04-09 06:15:00.319 [INFO] __main__: window open price captured: 71012.43 (chainlink)[0m
2026-04-09 06:15:00.883 [INFO] market_data.clob_market_ws: CLOB market subscribed for tokens up=647548435952 down=913626912415
[2m2026-04-09 06:15:18.125 [INFO] __main__: STATUS t=282s delta=-0.0251% dir=down agree=True chain=70994.58 bin=70987.68 open=71012.43 obi=-0.9567 ask_up=0.31 ask_dn=0.70 bid_up=0.30 bid_dn=0.69 halted=False[0m
[2m2026-04-09 06:15:48.216 [INFO] __main__: STATUS t=252s delta=-0.0229% dir=down agree=True chain=70996.15 bin=70993.91 open=71012.43 obi=-0.7401 ask_up=0.36 ask_dn=0.65 bid_up=0.35 bid_dn=0.64 halted=False[0m
[2m2026-04-09 06:16:18.302 [INFO] __main__: STATUS t=222s delta=-0.0172% dir=down agree=True chain=71000.25 bin=70996.65 open=71012.43 obi=0.2969 ask_up=0.41 ask_dn=0.60 bid_up=0.40 bid_dn=0.59 halted=False[0m
[2m2026-04-09 06:16:48.389 [INFO] __main__: STATUS t=192s delta=-0.0146% dir=down agree=True chain=71002.09 bin=70996.64 open=71012.43 obi=-0.1240 ask_up=0.39 ask_dn=0.62 bid_up=0.38 bid_dn=0.61 halted=False[0m
[2m2026-04-09 06:17:18.474 [INFO] __main__: STATUS t=162s delta=-0.0100% dir=down agree=True chain=71005.30 bin=71003.99 open=71012.43 obi=0.0301 ask_up=0.41 ask_dn=0.60 bid_up=0.40 bid_dn=0.59 halted=False[0m
[2m2026-04-09 06:17:48.562 [INFO] __main__: STATUS t=131s delta=-0.0023% dir=down agree=True chain=71010.82 bin=71009.16 open=71012.43 obi=-0.0625 ask_up=0.48 ask_dn=0.53 bid_up=0.47 bid_dn=0.52 halted=False[0m
[37m2026-04-09 06:18:10.167 [INFO] strategy.momentum_signal: [SKIP] rank=1 side=up reason=conditions_not_met latest_pct=-0.0400 need=>=0.07 stddev=0.0092 max_var=0.050[0m
[2m2026-04-09 06:18:18.687 [INFO] __main__: STATUS t=101s delta=-0.0307% dir=down agree=True chain=70990.65 bin=70984.00 open=71012.43 obi=-0.4121 ask_up=0.30 ask_dn=0.71 bid_up=0.29 bid_dn=0.70 halted=False[0m
[2m2026-04-09 06:18:48.765 [INFO] __main__: STATUS t=71s delta=-0.0237% dir=down agree=True chain=70995.61 bin=70990.63 open=71012.43 obi=-0.6259 ask_up=0.54 ask_dn=0.47 bid_up=0.53 bid_dn=0.46 halted=False[0m
[2m2026-04-09 06:19:18.862 [INFO] __main__: STATUS t=41s delta=-0.0375% dir=down agree=True chain=70985.76 bin=70980.90 open=71012.43 obi=-0.6312 ask_up=0.42 ask_dn=0.59 bid_up=0.41 bid_dn=0.58 halted=False[0m
[2m2026-04-09 06:19:48.958 [INFO] __main__: STATUS t=11s delta=-0.0981% dir=down agree=True chain=70942.73 bin=70938.06 open=71012.43 obi=-0.3341 ask_up=0.01 ask_dn=1.00 bid_up=0.01 bid_dn=0.99 halted=False[0m
[37m2026-04-09 06:20:00.248 [INFO] execution.paper_trading: paper window_ts=1775715300 [SKIP] pnl=0.0000 direction=down outcome=down - balance=$948.48 bid_up=0.01 ask_up=0.01 bid_dn=0.99 ask_dn=1.00[0m
[93m[1m2026-04-09 06:20:00.248 [INFO] risk.position_tracker: WINDOW_SUMMARY window_pnl=$0.0000 session_pnl=$-51.5171 won=$16.7029 lost=$68.2200 wr=57.1% (4/7) consec_losses=1[0m
[96m2026-04-09 06:20:00.250 [INFO] strategy.window_handler: REGIME chop_detected flips=3 delta_range=0.1048% avg_flips=4.5 over=6_windows[0m
[37m2026-04-09 06:20:00.255 [INFO] strategy.window_handler: WINDOW_DECISION [SKIP] rank=1 side=up pnl=$0.0000 entry=0.00 size=$0.00 (conditions not met)[0m
[96m[1m2026-04-09 06:20:00.255 [INFO] strategy.window_tracker: new window: btc-updown-5m-1775715600 (ts=1775715600)[0m
[96m2026-04-09 06:20:00.322 [INFO] strategy.window_handler: REGIME vol_stddev=0.081% chop_flips=4.5 outcome=4U/2D over 6w sprt=active_40pct llr=0.81 age=13w bankroll=$873.39[0m
[96m2026-04-09 06:20:00.323 [INFO] strategy.window_handler: KELLY wr_adj=94.4% base=100.0% total_disc=2.6% vol=0.0% chop=21.4% outcome=0.0% feedback=+0.0%[0m
[96m2026-04-09 06:20:00.323 [INFO] __main__: window open price captured: 70948.04 (chainlink)[0m
2026-04-09 06:20:01.090 [INFO] market_data.clob_market_ws: CLOB market subscribed for tokens up=313492103407 down=111861228751
[2m2026-04-09 06:20:19.145 [INFO] __main__: STATUS t=281s delta=-0.0048% dir=down agree=True chain=70944.63 bin=70938.23 open=70948.04 obi=-0.4270 ask_up=0.48 ask_dn=0.53 bid_up=0.47 bid_dn=0.52 halted=False[0m
[2m2026-04-09 06:20:49.235 [INFO] __main__: STATUS t=251s delta=-0.0192% dir=down agree=True chain=70934.44 bin=70923.20 open=70948.04 obi=-0.8890 ask_up=0.36 ask_dn=0.65 bid_up=0.35 bid_dn=0.64 halted=False[0m
[2m2026-04-09 06:21:19.324 [INFO] __main__: STATUS t=221s delta=-0.0065% dir=down agree=True chain=70943.41 bin=70938.06 open=70948.04 obi=-0.5330 ask_up=0.43 ask_dn=0.58 bid_up=0.42 bid_dn=0.57 halted=False[0m
[2m2026-04-09 06:21:49.414 [INFO] __main__: STATUS t=191s delta=-0.0078% dir=down agree=True chain=70942.53 bin=70937.23 open=70948.04 obi=-0.6083 ask_up=0.43 ask_dn=0.58 bid_up=0.42 bid_dn=0.57 halted=False[0m
[2m2026-04-09 06:22:19.502 [INFO] __main__: STATUS t=160s delta=-0.0202% dir=down agree=True chain=70933.69 bin=70930.18 open=70948.04 obi=-0.5804 ask_up=0.32 ask_dn=0.69 bid_up=0.31 bid_dn=0.68 halted=False[0m
[2m2026-04-09 06:22:49.583 [INFO] __main__: STATUS t=130s delta=-0.0384% dir=down agree=True chain=70920.78 bin=70906.21 open=70948.04 obi=0.6223 ask_up=0.31 ask_dn=0.70 bid_up=0.30 bid_dn=0.69 halted=False[0m
[37m2026-04-09 06:23:10.148 [INFO] strategy.momentum_signal: [SKIP] rank=1 side=up reason=conditions_not_met latest_pct=-0.0605 need=>=0.07 stddev=0.0155 max_var=0.050[0m
[2m2026-04-09 06:23:19.672 [INFO] __main__: STATUS t=100s delta=-0.0536% dir=down agree=True chain=70910.03 bin=70902.78 open=70948.04 obi=-0.7441 ask_up=0.27 ask_dn=0.74 bid_up=0.26 bid_dn=0.73 halted=False[0m
[2m2026-04-09 06:23:49.763 [INFO] __main__: STATUS t=70s delta=-0.0492% dir=down agree=True chain=70913.10 bin=70902.79 open=70948.04 obi=0.5119 ask_up=0.26 ask_dn=0.75 bid_up=0.25 bid_dn=0.74 halted=False[0m
[2m2026-04-09 06:24:19.914 [INFO] __main__: STATUS t=40s delta=-0.0711% dir=down agree=True chain=70897.61 bin=70890.00 open=70948.04 obi=-0.3500 ask_up=0.21 ask_dn=0.80 bid_up=0.20 bid_dn=0.79 halted=False[0m
[2m2026-04-09 06:24:50.010 [INFO] __main__: STATUS t=10s delta=-0.0849% dir=down agree=True chain=70887.82 bin=70881.45 open=70948.04 obi=0.2901 ask_up=0.01 ask_dn=1.00 bid_up=0.01 bid_dn=0.99 halted=False[0m
[37m2026-04-09 06:25:00.059 [INFO] execution.paper_trading: paper window_ts=1775715600 [SKIP] pnl=0.0000 direction=down outcome=down - balance=$948.48 bid_up=0.01 ask_up=0.01 bid_dn=0.99 ask_dn=1.00[0m
[93m[1m2026-04-09 06:25:00.060 [INFO] risk.position_tracker: WINDOW_SUMMARY window_pnl=$0.0000 session_pnl=$-51.5171 won=$16.7029 lost=$68.2200 wr=57.1% (4/7) consec_losses=1[0m
[37m2026-04-09 06:25:00.074 [INFO] strategy.window_handler: WINDOW_DECISION [SKIP] rank=1 side=up pnl=$0.0000 entry=0.00 size=$0.00 (conditions not met)[0m
[96m[1m2026-04-09 06:25:00.075 [INFO] strategy.window_tracker: new window: btc-updown-5m-1775715900 (ts=1775715900)[0m
[96m2026-04-09 06:25:00.145 [INFO] strategy.window_handler: REGIME vol_stddev=0.082% chop_flips=4.0 outcome=3U/3D over 6w sprt=active_40pct llr=0.81 age=14w bankroll=$873.39[0m
[96m2026-04-09 06:25:00.145 [INFO] strategy.window_handler: KELLY wr_adj=95.3% base=100.0% total_disc=1.7% vol=0.0% chop=14.3% outcome=0.0% feedback=+0.0%[0m
[96m2026-04-09 06:25:00.145 [INFO] __main__: window open price captured: 70889.51 (chainlink)[0m
2026-04-09 06:25:00.292 [INFO] market_data.clob_market_ws: CLOB market subscribed for tokens up=311723043964 down=509883659555
[2m2026-04-09 06:25:20.223 [INFO] __main__: STATUS t=280s delta=0.0003% dir=up agree=False chain=70889.71 bin=70881.57 open=70889.51 obi=0.8454 ask_up=0.59 ask_dn=0.42 bid_up=0.58 bid_dn=0.41 halted=False[0m
[93m2026-04-09 06:25:20.502 [WARNING] utils.reconnect: clob-market disconnected: no close frame received or sent — reconnecting in 1.5s[0m
2026-04-09 06:25:22.041 [INFO] utils.reconnect: clob-market connected to wss://ws-subscriptions-clob.polymarket.com/ws/market
2026-04-09 06:25:22.041 [INFO] market_data.clob_market_ws: CLOB market subscribed for tokens up=311723043964 down=509883659555
[2m2026-04-09 06:25:50.327 [INFO] __main__: STATUS t=250s delta=-0.0113% dir=down agree=True chain=70881.53 bin=70874.91 open=70889.51 obi=-0.7064 ask_up=0.48 ask_dn=0.53 bid_up=0.47 bid_dn=0.52 halted=False[0m
[2m2026-04-09 06:26:20.413 [INFO] __main__: STATUS t=220s delta=-0.0318% dir=down agree=True chain=70866.94 bin=70861.84 open=70889.51 obi=-0.8480 ask_up=0.30 ask_dn=0.71 bid_up=0.29 bid_dn=0.70 halted=False[0m
[2m2026-04-09 06:26:50.499 [INFO] __main__: STATUS t=190s delta=-0.0699% dir=down agree=True chain=70839.94 bin=70832.49 open=70889.51 obi=0.6168 ask_up=0.22 ask_dn=0.79 bid_up=0.21 bid_dn=0.78 halted=False[0m
[2m2026-04-09 06:27:20.606 [INFO] __main__: STATUS t=159s delta=-0.0483% dir=down agree=True chain=70855.24 bin=70852.61 open=70889.51 obi=0.8013 ask_up=0.33 ask_dn=0.68 bid_up=0.32 bid_dn=0.67 halted=False[0m
2026-04-09 06:27:45.012 [INFO] shared.ipc: IPC: received authenticated signal_update (summary=signals_summary_1775716064.json)
2026-04-09 06:27:45.012 [INFO] __main__: received new signal from orchestrator: rank=1 side=Up
[2m2026-04-09 06:27:50.688 [INFO] __main__: STATUS t=129s delta=-0.0113% dir=down agree=True chain=70881.51 bin=70881.56 open=70889.51 obi=0.4120 ask_up=0.61 ask_dn=0.40 bid_up=0.60 bid_dn=0.39 halted=False[0m
[37m2026-04-09 06:28:10.007 [INFO] strategy.momentum_signal: [SKIP] rank=1 side=up reason=conditions_not_met latest_pct=-0.0311 need=>=0.07 stddev=0.0180 max_var=0.050[0m
[2m2026-04-09 06:28:20.787 [INFO] __main__: STATUS t=99s delta=-0.0446% dir=down agree=True chain=70857.92 bin=70853.34 open=70889.51 obi=-0.3770 ask_up=0.35 ask_dn=0.66 bid_up=0.34 bid_dn=0.65 halted=False[0m
[2m2026-04-09 06:28:50.875 [INFO] __main__: STATUS t=69s delta=-0.0201% dir=down agree=True chain=70875.28 bin=70873.50 open=70889.51 obi=0.4123 ask_up=0.44 ask_dn=0.57 bid_up=0.43 bid_dn=0.56 halted=False[0m
[2m2026-04-09 06:29:20.965 [INFO] __main__: STATUS t=39s delta=-0.0295% dir=down agree=True chain=70868.57 bin=70863.54 open=70889.51 obi=0.3234 ask_up=0.21 ask_dn=0.80 bid_up=0.20 bid_dn=0.79 halted=False[0m
[2m2026-04-09 06:29:51.051 [INFO] __main__: STATUS t=9s delta=-0.0226% dir=down agree=True chain=70873.47 bin=70868.01 open=70889.51 obi=-0.3319 ask_up=0.11 ask_dn=0.90 bid_up=0.10 bid_dn=0.89 halted=False[0m
[37m2026-04-09 06:30:00.083 [INFO] execution.paper_trading: paper window_ts=1775715900 [SKIP] pnl=0.0000 direction=down outcome=down - balance=$948.48 bid_up=0.01 ask_up=0.01 bid_dn=0.99 ask_dn=1.00[0m
[93m[1m2026-04-09 06:30:00.083 [INFO] risk.position_tracker: WINDOW_SUMMARY window_pnl=$0.0000 session_pnl=$-51.5171 won=$16.7029 lost=$68.2200 wr=57.1% (4/7) consec_losses=1[0m
[96m2026-04-09 06:30:00.086 [INFO] strategy.window_handler: REGIME chop_detected flips=10 delta_range=0.0793% avg_flips=4.8 over=6_windows[0m
[37m2026-04-09 06:30:00.090 [INFO] strategy.window_handler: WINDOW_DECISION [SKIP] rank=1 side=up pnl=$0.0000 entry=0.00 size=$0.00 (conditions not met)[0m
2026-04-09 06:30:00.090 [INFO] strategy.window_handler: Signal changed: up_270.0_110.0_0.07_0.05 -> up_240.0_140.0_0.07_0.05 (age was 15 windows)
2026-04-09 06:30:00.090 [INFO] strategy.window_handler: SIGNAL_SWAP_ACTIVE: {"rank":1,"side":"up","observeFromS":240.0,"observeToS":140.0,"minDeltaPct":0.07,"maxVariancePct":0.05,"trainWinRatePct":89.36,"oosWinRatePct":95.92,"oosBhAdjustedPValue":1.81761e-12,"oosMatches":49,"avgEntryPrice":0.888,"evPerTrade":0.0412,"smartScore":18.51,"wfFoldsAppeared":4,"wfTotalTestFolds":6,"wfFoldIndices":[3,4,6,7]}
2026-04-09 06:30:00.090 [INFO] strategy.window_handler: switched to new signal: #1 up (previous: #1 up)
[96m[1m2026-04-09 06:30:00.091 [INFO] strategy.window_tracker: new window: btc-updown-5m-1775716200 (ts=1775716200)[0m
[96m2026-04-09 06:30:00.187 [INFO] strategy.window_handler: REGIME vol_stddev=0.083% chop_flips=4.8 outcome=2U/4D over 6w sprt=dormant llr=0.00 age=0w bankroll=$873.39[0m
[96m2026-04-09 06:30:00.187 [INFO] strategy.window_handler: KELLY wr_adj=88.3% base=95.9% total_disc=4.6% vol=0.0% chop=26.2% outcome=38.1% feedback=+0.0%[0m
[96m2026-04-09 06:30:00.187 [INFO] __main__: window open price captured: 70867.65 (chainlink)[0m
2026-04-09 06:30:00.233 [INFO] market_data.clob_market_ws: CLOB market subscribed for tokens up=305151709310 down=108175722951
[2m2026-04-09 06:30:21.094 [INFO] __main__: STATUS t=279s delta=-0.0448% dir=down agree=True chain=70835.87 bin=70831.48 open=70867.65 obi=-0.8575 ask_up=0.32 ask_dn=0.69 bid_up=0.31 bid_dn=0.68 halted=False[0m
[2m2026-04-09 06:30:51.174 [INFO] __main__: STATUS t=249s delta=-0.0564% dir=down agree=True chain=70827.66 bin=70821.37 open=70867.65 obi=0.5799 ask_up=0.30 ask_dn=0.71 bid_up=0.29 bid_dn=0.70 halted=False[0m
[2m2026-04-09 06:31:21.290 [INFO] __main__: STATUS t=219s delta=0.0082% dir=up agree=True chain=70873.48 bin=70869.10 open=70867.65 obi=-0.9312 ask_up=0.52 ask_dn=0.49 bid_up=0.51 bid_dn=0.48 halted=False[0m
[2m2026-04-09 06:31:51.378 [INFO] __main__: STATUS t=189s delta=-0.0047% dir=down agree=True chain=70864.32 bin=70860.01 open=70867.65 obi=0.0735 ask_up=0.49 ask_dn=0.52 bid_up=0.48 bid_dn=0.51 halted=False[0m
[2m2026-04-09 06:32:21.498 [INFO] __main__: STATUS t=159s delta=0.0326% dir=up agree=True chain=70890.76 bin=70881.58 open=70867.65 obi=-0.2678 ask_up=0.69 ask_dn=0.33 bid_up=0.67 bid_dn=0.31 halted=False[0m
[37m2026-04-09 06:32:40.053 [INFO] strategy.momentum_signal: [SKIP] rank=1 side=up reason=conditions_not_met latest_pct=0.0315 need=>=0.07 stddev=0.0253 max_var=0.050[0m
[2m2026-04-09 06:32:51.588 [INFO] __main__: STATUS t=128s delta=0.0626% dir=up agree=True chain=70911.99 bin=70912.00 open=70867.65 obi=0.3980 ask_up=0.88 ask_dn=0.13 bid_up=0.87 bid_dn=0.12 halted=False[0m
[2m2026-04-09 06:33:21.672 [INFO] __main__: STATUS t=98s delta=0.0573% dir=up agree=True chain=70908.27 bin=70902.08 open=70867.65 obi=0.7588 ask_up=0.76 ask_dn=0.25 bid_up=0.75 bid_dn=0.24 halted=False[0m
[2m2026-04-09 06:33:51.761 [INFO] __main__: STATUS t=68s delta=0.0824% dir=up agree=True chain=70926.04 bin=70924.38 open=70867.65 obi=-0.9826 ask_up=0.92 ask_dn=0.09 bid_up=0.91 bid_dn=0.08 halted=False[0m
2026-04-09 06:33:52.336 [INFO] utils.reconnect: rtds connected to wss://ws-live-data.polymarket.com
2026-04-09 06:33:52.336 [INFO] market_data.rtds_ws: RTDS subscribed to chainlink
[2m2026-04-09 06:34:21.876 [INFO] __main__: STATUS t=38s delta=0.0947% dir=up agree=True chain=70934.76 bin=70930.42 open=70867.65 obi=-0.8346 ask_up=0.97 ask_dn=0.04 bid_up=0.96 bid_dn=0.03 halted=False[0m
[2m2026-04-09 06:34:51.975 [INFO] __main__: STATUS t=8s delta=0.0791% dir=up agree=True chain=70923.70 bin=70918.66 open=70867.65 obi=0.4847 ask_up=1.00 ask_dn=0.01 bid_up=0.99 bid_dn=0.01 halted=False[0m
[37m2026-04-09 06:35:00.007 [INFO] execution.paper_trading: paper window_ts=1775716200 [SKIP] pnl=0.0000 direction=up outcome=up - balance=$948.48 bid_up=0.99 ask_up=1.00 bid_dn=0.01 ask_dn=0.01[0m
[93m[1m2026-04-09 06:35:00.008 [INFO] risk.position_tracker: WINDOW_SUMMARY window_pnl=$0.0000 session_pnl=$-51.5171 won=$16.7029 lost=$68.2200 wr=57.1% (4/7) consec_losses=1[0m
[96m2026-04-09 06:35:00.014 [INFO] strategy.window_handler: REGIME chop_detected flips=11 delta_range=0.1774% avg_flips=6.7 over=6_windows[0m
[37m2026-04-09 06:35:00.019 [INFO] strategy.window_handler: WINDOW_DECISION [SKIP] rank=1 side=up pnl=$0.0000 entry=0.00 size=$0.00 (conditions not met)[0m
[96m[1m2026-04-09 06:35:00.019 [INFO] strategy.window_tracker: new window: btc-updown-5m-1775716500 (ts=1775716500)[0m
[96m2026-04-09 06:35:00.135 [INFO] strategy.window_handler: REGIME vol_stddev=0.071% chop_flips=6.7 outcome=2U/4D over 6w sprt=dormant llr=0.00 age=1w bankroll=$873.39[0m
[96m2026-04-09 06:35:00.135 [INFO] strategy.window_handler: KELLY wr_adj=86.6% base=95.9% total_disc=6.3% vol=0.0% chop=52.4% outcome=38.1% feedback=+0.0%[0m
[96m2026-04-09 06:35:00.135 [INFO] __main__: window open price captured: 70924.05 (chainlink)[0m
2026-04-09 06:35:00.488 [INFO] market_data.clob_market_ws: CLOB market subscribed for tokens up=106838829250 down=102970208467
[2m2026-04-09 06:35:22.217 [INFO] __main__: STATUS t=278s delta=-0.0102% dir=down agree=True chain=70916.82 bin=70912.35 open=70924.05 obi=-0.0998 ask_up=0.51 ask_dn=0.50 bid_up=0.50 bid_dn=0.49 halted=False[0m
[2m2026-04-09 06:35:52.297 [INFO] __main__: STATUS t=248s delta=0.0647% dir=up agree=True chain=70969.91 bin=70971.83 open=70924.05 obi=0.8947 ask_up=0.86 ask_dn=0.15 bid_up=0.85 bid_dn=0.14 halted=False[0m
[2m2026-04-09 06:36:22.396 [INFO] __main__: STATUS t=218s delta=0.0688% dir=up agree=True chain=70972.85 bin=70968.41 open=70924.05 obi=-0.7825 ask_up=0.82 ask_dn=0.19 bid_up=0.81 bid_dn=0.18 halted=False[0m
[2m2026-04-09 06:36:52.485 [INFO] __main__: STATUS t=188s delta=0.0267% dir=up agree=True chain=70942.99 bin=70939.83 open=70924.05 obi=-0.3286 ask_up=0.71 ask_dn=0.30 bid_up=0.70 bid_dn=0.29 halted=False[0m
[2m2026-04-09 06:37:22.587 [INFO] __main__: STATUS t=157s delta=0.0245% dir=up agree=True chain=70941.44 bin=70939.83 open=70924.05 obi=-0.8528 ask_up=0.71 ask_dn=0.30 bid_up=0.70 bid_dn=0.29 halted=False[0m
[37m2026-04-09 06:37:40.136 [INFO] strategy.momentum_signal: [SKIP] rank=1 side=up reason=conditions_not_met latest_pct=0.0095 need=>=0.07 stddev=0.0207 max_var=0.050[0m
[2m2026-04-09 06:37:52.676 [INFO] __main__: STATUS t=127s delta=0.0395% dir=up agree=True chain=70952.07 bin=70954.79 open=70924.05 obi=0.9004 ask_up=0.78 ask_dn=0.23 bid_up=0.77 bid_dn=0.22 halted=False[0m
[2m2026-04-09 06:38:22.764 [INFO] __main__: STATUS t=97s delta=0.0298% dir=up agree=True chain=70945.19 bin=70940.60 open=70924.05 obi=0.1132 ask_up=0.62 ask_dn=0.39 bid_up=0.61 bid_dn=0.38 halted=False[0m
[2m2026-04-09 06:38:52.849 [INFO] __main__: STATUS t=67s delta=0.0367% dir=up agree=True chain=70950.09 bin=70945.10 open=70924.05 obi=-0.5588 ask_up=0.57 ask_dn=0.44 bid_up=0.56 bid_dn=0.43 halted=False[0m
[2m2026-04-09 06:39:22.943 [INFO] __main__: STATUS t=37s delta=0.0521% dir=up agree=True chain=70961.01 bin=70959.27 open=70924.05 obi=-0.9589 ask_up=0.78 ask_dn=0.23 bid_up=0.77 bid_dn=0.22 halted=False[0m
[2m2026-04-09 06:39:53.039 [INFO] __main__: STATUS t=7s delta=0.0403% dir=up agree=True chain=70952.62 bin=70951.72 open=70924.05 obi=-0.3159 ask_up=0.29 ask_dn=0.72 bid_up=0.28 bid_dn=0.71 halted=False[0m
[37m2026-04-09 06:40:00.066 [INFO] execution.paper_trading: paper window_ts=1775716500 [SKIP] pnl=0.0000 direction=down outcome=down - balance=$948.48 bid_up=0.37 ask_up=0.38 bid_dn=0.62 ask_dn=0.63[0m
[93m[1m2026-04-09 06:40:00.066 [INFO] risk.position_tracker: WINDOW_SUMMARY window_pnl=$0.0000 session_pnl=$-51.5171 won=$16.7029 lost=$68.2200 wr=57.1% (4/7) consec_losses=1[0m
[37m2026-04-09 06:40:00.071 [INFO] strategy.window_handler: WINDOW_DECISION [SKIP] rank=1 side=up pnl=$0.0000 entry=0.00 size=$0.00 (conditions not met)[0m
[96m[1m2026-04-09 06:40:00.072 [INFO] strategy.window_tracker: new window: btc-updown-5m-1775716800 (ts=1775716800)[0m
[96m2026-04-09 06:40:00.159 [INFO] strategy.window_handler: REGIME vol_stddev=0.071% chop_flips=5.5 outcome=2U/4D over 6w sprt=dormant llr=0.00 age=2w bankroll=$873.39[0m
[96m2026-04-09 06:40:00.160 [INFO] strategy.window_handler: KELLY wr_adj=88.3% base=95.9% total_disc=4.6% vol=0.0% chop=35.7% outcome=38.1% feedback=+0.0%[0m
[96m2026-04-09 06:40:00.161 [INFO] __main__: window open price captured: 70922.87 (chainlink)[0m
2026-04-09 06:40:00.701 [INFO] market_data.clob_market_ws: CLOB market subscribed for tokens up=422197889866 down=906495912377
[2m2026-04-09 06:40:23.243 [INFO] __main__: STATUS t=277s delta=0.0127% dir=up agree=True chain=70931.86 bin=70931.99 open=70922.87 obi=0.8007 ask_up=0.61 ask_dn=0.40 bid_up=0.60 bid_dn=0.39 halted=False[0m
[2m2026-04-09 06:40:53.322 [INFO] __main__: STATUS t=247s delta=0.0522% dir=up agree=True chain=70959.87 bin=70957.92 open=70922.87 obi=0.7622 ask_up=0.79 ask_dn=0.22 bid_up=0.78 bid_dn=0.21 halted=False[0m
[2m2026-04-09 06:41:23.415 [INFO] __main__: STATUS t=217s delta=0.0347% dir=up agree=True chain=70947.50 bin=70943.44 open=70922.87 obi=-0.7517 ask_up=0.68 ask_dn=0.33 bid_up=0.67 bid_dn=0.32 halted=False[0m
[2m2026-04-09 06:41:53.504 [INFO] __main__: STATUS t=186s delta=0.0373% dir=up agree=True chain=70949.33 bin=70947.17 open=70922.87 obi=-0.6589 ask_up=0.75 ask_dn=0.26 bid_up=0.74 bid_dn=0.25 halted=False[0m
[2m2026-04-09 06:42:23.623 [INFO] __main__: STATUS t=156s delta=0.0291% dir=up agree=True chain=70943.51 bin=70935.52 open=70922.87 obi=0.0909 ask_up=0.69 ask_dn=0.32 bid_up=0.68 bid_dn=0.31 halted=False[0m
[37m2026-04-09 06:42:40.169 [INFO] strategy.momentum_signal: [SKIP] rank=1 side=up reason=conditions_not_met latest_pct=0.0334 need=>=0.07 stddev=0.0056 max_var=0.050[0m
[2m2026-04-09 06:42:53.706 [INFO] __main__: STATUS t=126s delta=0.0267% dir=up agree=True chain=70941.82 bin=70937.53 open=70922.87 obi=0.6325 ask_up=0.72 ask_dn=0.29 bid_up=0.71 bid_dn=0.28 halted=False[0m
[2m2026-04-09 06:43:23.800 [INFO] __main__: STATUS t=96s delta=0.0344% dir=up agree=True chain=70947.26 bin=70941.49 open=70922.87 obi=-0.8682 ask_up=0.78 ask_dn=0.23 bid_up=0.77 bid_dn=0.22 halted=False[0m
[2m2026-04-09 06:43:53.889 [INFO] __main__: STATUS t=66s delta=0.0161% dir=up agree=True chain=70934.27 bin=70929.89 open=70922.87 obi=0.1063 ask_up=0.71 ask_dn=0.30 bid_up=0.70 bid_dn=0.29 halted=False[0m
[2m2026-04-09 06:44:24.004 [INFO] __main__: STATUS t=36s delta=0.0216% dir=up agree=True chain=70938.18 bin=70934.78 open=70922.87 obi=-0.4894 ask_up=0.82 ask_dn=0.19 bid_up=0.81 bid_dn=0.18 halted=False[0m
[2m2026-04-09 06:44:54.089 [INFO] __main__: STATUS t=6s delta=0.0243% dir=up agree=True chain=70940.08 bin=70934.78 open=70922.87 obi=-0.0329 ask_up=0.98 ask_dn=0.03 bid_up=0.97 bid_dn=0.02 halted=False[0m
[37m2026-04-09 06:45:00.110 [INFO] execution.paper_trading: paper window_ts=1775716800 [SKIP] pnl=0.0000 direction=up outcome=up - balance=$948.48 bid_up=0.99 ask_up=1.00 bid_dn=0.01 ask_dn=0.01[0m
[93m[1m2026-04-09 06:45:00.110 [INFO] risk.position_tracker: WINDOW_SUMMARY window_pnl=$0.0000 session_pnl=$-51.5171 won=$16.7029 lost=$68.2200 wr=57.1% (4/7) consec_losses=1[0m
[37m2026-04-09 06:45:00.116 [INFO] strategy.window_handler: WINDOW_DECISION [SKIP] rank=1 side=up pnl=$0.0000 entry=0.00 size=$0.00 (conditions not met)[0m
[96m[1m2026-04-09 06:45:00.116 [INFO] strategy.window_tracker: new window: btc-updown-5m-1775717100 (ts=1775717100)[0m
[96m2026-04-09 06:45:00.170 [INFO] strategy.window_handler: REGIME vol_stddev=0.071% chop_flips=4.5 outcome=2U/4D over 6w sprt=dormant llr=0.00 age=3w bankroll=$873.39[0m
[96m2026-04-09 06:45:00.171 [INFO] strategy.window_handler: KELLY wr_adj=88.3% base=95.9% total_disc=4.6% vol=0.0% chop=21.4% outcome=38.1% feedback=+0.0%[0m
[96m2026-04-09 06:45:00.171 [INFO] __main__: window open price captured: 70939.97 (chainlink)[0m
2026-04-09 06:45:00.898 [INFO] market_data.clob_market_ws: CLOB market subscribed for tokens up=289370767589 down=109668655769
[2m2026-04-09 06:45:24.254 [INFO] __main__: STATUS t=276s delta=0.0019% dir=up agree=False chain=70941.31 bin=70938.35 open=70939.97 obi=-0.7068 ask_up=0.60 ask_dn=0.41 bid_up=0.59 bid_dn=0.40 halted=False[0m
[2m2026-04-09 06:45:54.342 [INFO] __main__: STATUS t=246s delta=0.0080% dir=up agree=False chain=70945.65 bin=70935.35 open=70939.97 obi=-0.9190 ask_up=0.56 ask_dn=0.45 bid_up=0.55 bid_dn=0.44 halted=False[0m
[2m2026-04-09 06:46:24.434 [INFO] __main__: STATUS t=216s delta=-0.0035% dir=down agree=True chain=70937.50 bin=70935.67 open=70939.97 obi=0.6244 ask_up=0.66 ask_dn=0.35 bid_up=0.65 bid_dn=0.34 halted=False[0m
[2m2026-04-09 06:46:54.521 [INFO] __main__: STATUS t=185s delta=0.0048% dir=up agree=True chain=70943.35 bin=70942.97 open=70939.97 obi=-0.7455 ask_up=0.66 ask_dn=0.35 bid_up=0.65 bid_dn=0.34 halted=False[0m
[2m2026-04-09 06:47:24.624 [INFO] __main__: STATUS t=155s delta=0.0117% dir=up agree=True chain=70948.26 bin=70949.50 open=70939.97 obi=0.7138 ask_up=0.83 ask_dn=0.18 bid_up=0.82 bid_dn=0.17 halted=False[0m
[37m2026-04-09 06:47:40.175 [INFO] strategy.momentum_signal: [SKIP] rank=1 side=up reason=conditions_not_met latest_pct=0.0141 need=>=0.07 stddev=0.0097 max_var=0.050[0m
[2m2026-04-09 06:47:54.721 [INFO] __main__: STATUS t=125s delta=0.0167% dir=up agree=True chain=70951.78 bin=70950.00 open=70939.97 obi=0.9938 ask_up=0.80 ask_dn=0.21 bid_up=0.79 bid_dn=0.20 halted=False[0m
[2m2026-04-09 06:48:24.851 [INFO] __main__: STATUS t=95s delta=0.0152% dir=up agree=True chain=70950.78 bin=70949.99 open=70939.97 obi=0.3090 ask_up=0.77 ask_dn=0.24 bid_up=0.76 bid_dn=0.23 halted=False[0m
[2m2026-04-09 06:48:54.943 [INFO] __main__: STATUS t=65s delta=0.0206% dir=up agree=True chain=70954.56 bin=70954.85 open=70939.97 obi=0.3966 ask_up=0.90 ask_dn=0.11 bid_up=0.89 bid_dn=0.10 halted=False[0m
[2m2026-04-09 06:49:25.037 [INFO] __main__: STATUS t=35s delta=0.0015% dir=up agree=True chain=70941.06 bin=70940.46 open=70939.97 obi=-0.8214 ask_up=0.59 ask_dn=0.42 bid_up=0.58 bid_dn=0.41 halted=False[0m
[2m2026-04-09 06:49:55.123 [INFO] __main__: STATUS t=5s delta=-0.0061% dir=down agree=False chain=70935.65 bin=70950.00 open=70939.97 obi=0.9619 ask_up=0.98 ask_dn=0.03 bid_up=0.97 bid_dn=0.02 halted=False[0m
[37m2026-04-09 06:50:00.140 [INFO] execution.paper_trading: paper window_ts=1775717100 [SKIP] pnl=0.0000 direction=up outcome=up - balance=$948.48 bid_up=0.99 ask_up=1.00 bid_dn=0.01 ask_dn=0.01[0m
[93m[1m2026-04-09 06:50:00.140 [INFO] risk.position_tracker: WINDOW_SUMMARY window_pnl=$0.0000 session_pnl=$-51.5171 won=$16.7029 lost=$68.2200 wr=57.1% (4/7) consec_losses=1[0m
[96m2026-04-09 06:50:00.142 [INFO] strategy.window_handler: REGIME chop_detected flips=10 delta_range=0.0340% avg_flips=5.7 over=6_windows[0m
[37m2026-04-09 06:50:00.148 [INFO] strategy.window_handler: WINDOW_DECISION [SKIP] rank=1 side=up pnl=$0.0000 entry=0.00 size=$0.00 (conditions not met)[0m
[96m[1m2026-04-09 06:50:00.149 [INFO] strategy.window_tracker: new window: btc-updown-5m-1775717400 (ts=1775717400)[0m
[96m2026-04-09 06:50:00.255 [INFO] strategy.window_handler: REGIME vol_stddev=0.061% chop_flips=5.7 outcome=3U/3D over 6w sprt=dormant llr=0.00 age=4w bankroll=$873.39[0m
[96m2026-04-09 06:50:00.256 [INFO] strategy.window_handler: KELLY wr_adj=88.3% base=95.9% total_disc=4.6% vol=0.0% chop=38.1% outcome=0.0% feedback=+0.0%[0m
[96m2026-04-09 06:50:00.258 [INFO] __main__: window open price captured: 70950.19 (chainlink)[0m
2026-04-09 06:50:01.097 [INFO] market_data.clob_market_ws: CLOB market subscribed for tokens up=939800112407 down=769192184582
[2m2026-04-09 06:50:25.349 [INFO] __main__: STATUS t=275s delta=-0.0022% dir=down agree=True chain=70948.60 bin=70950.00 open=70950.19 obi=-0.4022 ask_up=0.56 ask_dn=0.45 bid_up=0.55 bid_dn=0.44 halted=False[0m
[2m2026-04-09 06:50:55.436 [INFO] __main__: STATUS t=245s delta=-0.0133% dir=down agree=True chain=70940.73 bin=70937.11 open=70950.19 obi=-0.8063 ask_up=0.43 ask_dn=0.58 bid_up=0.42 bid_dn=0.57 halted=False[0m
[2m2026-04-09 06:51:25.528 [INFO] __main__: STATUS t=214s delta=-0.0148% dir=down agree=True chain=70939.67 bin=70933.00 open=70950.19 obi=-0.9055 ask_up=0.41 ask_dn=0.60 bid_up=0.40 bid_dn=0.59 halted=False[0m
[2m2026-04-09 06:51:55.620 [INFO] __main__: STATUS t=184s delta=-0.0537% dir=down agree=True chain=70912.12 bin=70910.01 open=70950.19 obi=-0.9143 ask_up=0.23 ask_dn=0.78 bid_up=0.22 bid_dn=0.77 halted=False[0m
[2m2026-04-09 06:52:25.719 [INFO] __main__: STATUS t=154s delta=-0.0225% dir=down agree=True chain=70934.19 bin=70931.11 open=70950.19 obi=-0.5622 ask_up=0.36 ask_dn=0.65 bid_up=0.35 bid_dn=0.64 halted=False[0m
[37m2026-04-09 06:52:40.008 [INFO] strategy.momentum_signal: [SKIP] rank=1 side=up reason=conditions_not_met latest_pct=-0.0189 need=>=0.07 stddev=0.0178 max_var=0.050[0m
[2m2026-04-09 06:52:55.808 [INFO] __main__: STATUS t=124s delta=-0.0077% dir=down agree=True chain=70944.74 bin=70946.82 open=70950.19 obi=-0.0074 ask_up=0.57 ask_dn=0.44 bid_up=0.56 bid_dn=0.43 halted=False[0m
[2m2026-04-09 06:53:25.908 [INFO] __main__: STATUS t=94s delta=0.0271% dir=up agree=True chain=70969.42 bin=70970.14 open=70950.19 obi=0.2507 ask_up=0.88 ask_dn=0.13 bid_up=0.87 bid_dn=0.12 halted=False[0m
[2m2026-04-09 06:53:55.998 [INFO] __main__: STATUS t=64s delta=0.0262% dir=up agree=True chain=70968.80 bin=70970.13 open=70950.19 obi=-0.6852 ask_up=0.87 ask_dn=0.14 bid_up=0.86 bid_dn=0.13 halted=False[0m
[2m2026-04-09 06:54:26.110 [INFO] __main__: STATUS t=34s delta=0.0300% dir=up agree=True chain=70971.49 bin=70971.69 open=70950.19 obi=0.4416 ask_up=0.92 ask_dn=0.09 bid_up=0.91 bid_dn=0.08 halted=False[0m
[2m2026-04-09 06:54:56.211 [INFO] __main__: STATUS t=4s delta=0.0410% dir=up agree=True chain=70979.27 bin=70981.10 open=70950.19 obi=-0.1303 ask_up=0.99 ask_dn=0.99 bid_up=0.01 bid_dn=0.01 halted=False[0m
[37m2026-04-09 06:55:00.223 [INFO] execution.paper_trading: paper window_ts=1775717400 [SKIP] pnl=0.0000 direction=up outcome=up - balance=$948.48 bid_up=0.99 ask_up=1.00 bid_dn=0.01 ask_dn=0.01[0m
[93m[1m2026-04-09 06:55:00.223 [INFO] risk.position_tracker: WINDOW_SUMMARY window_pnl=$0.0000 session_pnl=$-51.5171 won=$16.7029 lost=$68.2200 wr=57.1% (4/7) consec_losses=1[0m
[96m2026-04-09 06:55:00.225 [INFO] strategy.window_handler: REGIME chop_detected flips=3 delta_range=0.0995% avg_flips=6.2 over=6_windows[0m
[37m2026-04-09 06:55:00.228 [INFO] strategy.window_handler: WINDOW_DECISION [SKIP] rank=1 side=up pnl=$0.0000 entry=0.00 size=$0.00 (conditions not met)[0m
[96m[1m2026-04-09 06:55:00.228 [INFO] strategy.window_tracker: new window: btc-updown-5m-1775717700 (ts=1775717700)[0m
[96m2026-04-09 06:55:00.279 [INFO] strategy.window_handler: REGIME vol_stddev=0.061% chop_flips=6.2 outcome=4U/2D over 6w sprt=dormant llr=0.00 age=5w bankroll=$873.39[0m
[96m2026-04-09 06:55:00.279 [INFO] strategy.window_handler: KELLY wr_adj=87.5% base=95.9% total_disc=5.4% vol=0.0% chop=45.2% outcome=0.0% feedback=+0.0%[0m
[96m2026-04-09 06:55:00.279 [INFO] __main__: window open price captured: 70979.86 (chainlink)[0m
2026-04-09 06:55:00.319 [INFO] market_data.clob_market_ws: CLOB market subscribed for tokens up=707730333107 down=617193337375
[2m2026-04-09 06:55:26.411 [INFO] __main__: STATUS t=274s delta=0.0161% dir=up agree=True chain=70991.32 bin=71000.81 open=70979.86 obi=0.1793 ask_up=0.71 ask_dn=0.30 bid_up=0.70 bid_dn=0.29 halted=False[0m
[2m2026-04-09 06:55:56.496 [INFO] __main__: STATUS t=244s delta=0.0275% dir=up agree=True chain=70999.40 bin=71000.01 open=70979.86 obi=0.2512 ask_up=0.71 ask_dn=0.30 bid_up=0.70 bid_dn=0.29 halted=False[0m
[2m2026-04-09 06:56:26.624 [INFO] __main__: STATUS t=213s delta=0.0297% dir=up agree=True chain=71000.94 bin=71000.01 open=70979.86 obi=-0.3906 ask_up=0.74 ask_dn=0.27 bid_up=0.73 bid_dn=0.26 halted=False[0m
[2m2026-04-09 06:56:56.714 [INFO] __main__: STATUS t=183s delta=0.0353% dir=up agree=True chain=71004.94 bin=71006.34 open=70979.86 obi=0.6996 ask_up=0.81 ask_dn=0.20 bid_up=0.80 bid_dn=0.19 halted=False[0m
[2m2026-04-09 06:57:26.818 [INFO] __main__: STATUS t=153s delta=0.0519% dir=up agree=True chain=71016.72 bin=71015.49 open=70979.86 obi=-0.5270 ask_up=0.86 ask_dn=0.16 bid_up=0.84 bid_dn=0.14 halted=False[0m
[37m2026-04-09 06:57:40.111 [INFO] strategy.momentum_signal: [SKIP] rank=1 side=up reason=conditions_not_met latest_pct=0.0502 need=>=0.07 stddev=0.0121 max_var=0.050[0m
[2m2026-04-09 06:57:56.905 [INFO] __main__: STATUS t=123s delta=0.0406% dir=up agree=True chain=71008.65 bin=71015.49 open=70979.86 obi=0.7239 ask_up=0.88 ask_dn=0.13 bid_up=0.87 bid_dn=0.12 halted=False[0m
2026-04-09 06:58:14.706 [INFO] shared.ipc: IPC: received authenticated signal_update (summary=signals_summary_1775717894.json)
2026-04-09 06:58:14.706 [INFO] __main__: received new signal from orchestrator: rank=1 side=Up
[2m2026-04-09 06:58:26.998 [INFO] __main__: STATUS t=93s delta=0.0542% dir=up agree=True chain=71018.36 bin=71020.36 open=70979.86 obi=0.4218 ask_up=0.92 ask_dn=0.09 bid_up=0.91 bid_dn=0.08 halted=False[0m
[2m2026-04-09 06:58:57.088 [INFO] __main__: STATUS t=63s delta=0.0595% dir=up agree=True chain=71022.08 bin=71024.13 open=70979.86 obi=-0.8488 ask_up=0.93 ask_dn=0.08 bid_up=0.92 bid_dn=0.07 halted=False[0m
[2m2026-04-09 06:59:27.191 [INFO] __main__: STATUS t=33s delta=0.0591% dir=up agree=True chain=71021.82 bin=71023.31 open=70979.86 obi=0.2674 ask_up=0.98 ask_dn=0.03 bid_up=0.97 bid_dn=0.02 halted=False[0m
[2m2026-04-09 06:59:57.292 [INFO] __main__: STATUS t=3s delta=0.0731% dir=up agree=True chain=71031.72 bin=71031.84 open=70979.86 obi=0.6944 ask_up=1.00 ask_dn=0.01 bid_up=0.99 bid_dn=0.01 halted=False[0m
[37m2026-04-09 07:00:00.054 [INFO] execution.paper_trading: paper window_ts=1775717700 [SKIP] pnl=0.0000 direction=up outcome=up - balance=$948.48 bid_up=0.99 ask_up=1.00 bid_dn=0.01 ask_dn=0.01[0m
[93m[1m2026-04-09 07:00:00.054 [INFO] risk.position_tracker: WINDOW_SUMMARY window_pnl=$0.0000 session_pnl=$-51.5171 won=$16.7029 lost=$68.2200 wr=57.1% (4/7) consec_losses=1[0m
[96m2026-04-09 07:00:00.056 [INFO] strategy.window_handler: REGIME chop_detected flips=3 delta_range=0.0805% avg_flips=5.0 over=6_windows[0m
[37m2026-04-09 07:00:00.060 [INFO] strategy.window_handler: WINDOW_DECISION [SKIP] rank=1 side=up pnl=$0.0000 entry=0.00 size=$0.00 (conditions not met)[0m
[95m2026-04-09 07:00:00.060 [INFO] strategy.window_handler: Signal refreshed (same pattern): up_240.0_140.0_0.07_0.05 — rank 1->1, keeping SPRT state (age=6w, trades=0, LLR=0.00)[0m
2026-04-09 07:00:00.060 [INFO] strategy.window_handler: SIGNAL_SWAP_ACTIVE: {"rank":1,"side":"up","observeFromS":240.0,"observeToS":140.0,"minDeltaPct":0.07,"maxVariancePct":0.05,"trainWinRatePct":89.25,"oosWinRatePct":97.22,"oosBhAdjustedPValue":1.85505e-12,"oosMatches":36,"avgEntryPrice":0.8897,"evPerTrade":0.0525,"smartScore":12.12,"wfFoldsAppeared":3,"wfTotalTestFolds":6,"wfFoldIndices":[3,4,7]}
2026-04-09 07:00:00.060 [INFO] strategy.window_handler: switched to new signal: #1 up (previous: #1 up)
[96m[1m2026-04-09 07:00:00.061 [INFO] strategy.window_tracker: new window: btc-updown-5m-1775718000 (ts=1775718000)[0m
[96m2026-04-09 07:00:00.249 [INFO] strategy.window_handler: REGIME vol_stddev=0.063% chop_flips=5.0 outcome=5U/1D over 6w sprt=dormant llr=0.00 age=6w bankroll=$873.39[0m
[96m2026-04-09 07:00:00.250 [INFO] strategy.window_handler: KELLY wr_adj=90.8% base=97.2% total_disc=3.4% vol=0.0% chop=28.6% outcome=0.0% feedback=+0.0%[0m
[96m2026-04-09 07:00:00.250 [INFO] __main__: window open price captured: 71031.83 (chainlink)[0m
2026-04-09 07:00:00.530 [INFO] market_data.clob_market_ws: CLOB market subscribed for tokens up=862476254797 down=552962114970
[2m2026-04-09 07:00:27.367 [INFO] __main__: STATUS t=273s delta=0.0234% dir=up agree=True chain=71048.47 bin=71045.98 open=71031.83 obi=0.3659 ask_up=0.62 ask_dn=0.39 bid_up=0.61 bid_dn=0.38 halted=False[0m
[2m2026-04-09 07:00:57.454 [INFO] __main__: STATUS t=243s delta=0.0340% dir=up agree=True chain=71055.96 bin=71071.59 open=71031.83 obi=0.9141 ask_up=0.77 ask_dn=0.25 bid_up=0.75 bid_dn=0.23 halted=False[0m
[2m2026-04-09 07:01:27.590 [INFO] __main__: STATUS t=212s delta=0.0200% dir=up agree=True chain=71046.06 bin=71044.40 open=71031.83 obi=0.0435 ask_up=0.62 ask_dn=0.39 bid_up=0.61 bid_dn=0.38 halted=False[0m
[2m2026-04-09 07:01:57.673 [INFO] __main__: STATUS t=182s delta=0.0227% dir=up agree=True chain=71047.92 bin=71047.38 open=71031.83 obi=-0.3018 ask_up=0.66 ask_dn=0.35 bid_up=0.65 bid_dn=0.34 halted=False[0m
[2m2026-04-09 07:02:27.770 [INFO] __main__: STATUS t=152s delta=0.0317% dir=up agree=True chain=71054.37 bin=71050.01 open=71031.83 obi=-0.9935 ask_up=0.66 ask_dn=0.35 bid_up=0.65 bid_dn=0.34 halted=False[0m
[37m2026-04-09 07:02:40.056 [INFO] strategy.momentum_signal: [SKIP] rank=1 side=up reason=conditions_not_met latest_pct=0.0053 need=>=0.07 stddev=0.0122 max_var=0.050[0m
[2m2026-04-09 07:02:57.860 [INFO] __main__: STATUS t=122s delta=0.0046% dir=up agree=False chain=71035.09 bin=71031.71 open=71031.83 obi=0.8558 ask_up=0.53 ask_dn=0.48 bid_up=0.52 bid_dn=0.47 halted=False[0m
[2m2026-04-09 07:03:27.943 [INFO] __main__: STATUS t=92s delta=-0.0111% dir=down agree=True chain=71023.93 bin=71020.01 open=71031.83 obi=-0.1631 ask_up=0.30 ask_dn=0.71 bid_up=0.29 bid_dn=0.70 halted=False[0m
[2m2026-04-09 07:03:58.028 [INFO] __main__: STATUS t=62s delta=-0.0157% dir=down agree=True chain=71020.68 bin=71013.72 open=71031.83 obi=-0.7003 ask_up=0.20 ask_dn=0.81 bid_up=0.19 bid_dn=0.80 halted=False[0m
[2m2026-04-09 07:04:28.143 [INFO] __main__: STATUS t=32s delta=-0.0107% dir=down agree=False chain=71024.22 bin=71050.01 open=71031.83 obi=0.1988 ask_up=0.89 ask_dn=0.12 bid_up=0.88 bid_dn=0.11 halted=False[0m
[2m2026-04-09 07:04:58.232 [INFO] __main__: STATUS t=2s delta=0.0305% dir=up agree=True chain=71053.48 bin=71054.26 open=71031.83 obi=-0.0543 ask_up=1.00 ask_dn=0.01 bid_up=0.99 bid_dn=0.01 halted=False[0m
[37m2026-04-09 07:05:00.238 [INFO] execution.paper_trading: paper window_ts=1775718000 [SKIP] pnl=0.0000 direction=up outcome=up - balance=$948.48 bid_up=0.99 ask_up=1.00 bid_dn=0.01 ask_dn=0.01[0m
[93m[1m2026-04-09 07:05:00.238 [INFO] risk.position_tracker: WINDOW_SUMMARY window_pnl=$0.0000 session_pnl=$-51.5171 won=$16.7029 lost=$68.2200 wr=57.1% (4/7) consec_losses=1[0m
[96m2026-04-09 07:05:00.241 [INFO] strategy.window_handler: REGIME chop_detected flips=7 delta_range=0.0884% avg_flips=4.3 over=6_windows[0m
[37m2026-04-09 07:05:00.245 [INFO] strategy.window_handler: WINDOW_DECISION [SKIP] rank=1 side=up pnl=$0.0000 entry=0.00 size=$0.00 (conditions not met)[0m
[96m[1m2026-04-09 07:05:00.245 [INFO] strategy.window_tracker: new window: btc-updown-5m-1775718300 (ts=1775718300)[0m
[96m2026-04-09 07:05:00.299 [INFO] strategy.window_handler: REGIME vol_stddev=0.061% chop_flips=4.3 outcome=5U/1D over 6w sprt=dormant llr=0.00 age=7w bankroll=$873.39[0m
[96m2026-04-09 07:05:00.299 [INFO] strategy.window_handler: KELLY wr_adj=91.9% base=97.2% total_disc=2.3% vol=0.0% chop=19.0% outcome=0.0% feedback=+0.0%[0m
[96m2026-04-09 07:05:00.299 [INFO] __main__: window open price captured: 71053.71 (chainlink)[0m
2026-04-09 07:05:00.733 [INFO] market_data.clob_market_ws: CLOB market subscribed for tokens up=517081462686 down=684049236655
[2m2026-04-09 07:05:28.401 [INFO] __main__: STATUS t=272s delta=-0.0058% dir=down agree=True chain=71049.59 bin=71042.23 open=71053.71 obi=-0.7029 ask_up=0.40 ask_dn=0.63 bid_up=0.37 bid_dn=0.60 halted=False[0m
[2m2026-04-09 07:05:58.484 [INFO] __main__: STATUS t=242s delta=0.0171% dir=up agree=True chain=71065.87 bin=71065.79 open=71053.71 obi=-0.8016 ask_up=0.53 ask_dn=0.48 bid_up=0.52 bid_dn=0.47 halted=False[0m
[2m2026-04-09 07:06:28.579 [INFO] __main__: STATUS t=211s delta=0.0098% dir=up agree=True chain=71060.67 bin=71058.25 open=71053.71 obi=-0.3008 ask_up=0.48 ask_dn=0.53 bid_up=0.47 bid_dn=0.52 halted=False[0m
[2m2026-04-09 07:06:58.666 [INFO] __main__: STATUS t=181s delta=0.0091% dir=up agree=True chain=71060.14 bin=71058.25 open=71053.71 obi=0.0064 ask_up=0.48 ask_dn=0.53 bid_up=0.47 bid_dn=0.52 halted=False[0m
[2m2026-04-09 07:07:28.782 [INFO] __main__: STATUS t=151s delta=0.0037% dir=up agree=True chain=71056.36 bin=71055.39 open=71053.71 obi=-0.9293 ask_up=0.45 ask_dn=0.56 bid_up=0.44 bid_dn=0.55 halted=False[0m
[37m2026-04-09 07:07:40.070 [INFO] strategy.momentum_signal: [SKIP] rank=1 side=up reason=conditions_not_met latest_pct=-0.0014 need=>=0.07 stddev=0.0050 max_var=0.050[0m
[2m2026-04-09 07:07:58.871 [INFO] __main__: STATUS t=121s delta=-0.0017% dir=down agree=True chain=71052.52 bin=71049.86 open=71053.71 obi=0.3038 ask_up=0.48 ask_dn=0.53 bid_up=0.47 bid_dn=0.52 halted=False[0m
[2m2026-04-09 07:08:28.978 [INFO] __main__: STATUS t=91s delta=-0.0061% dir=down agree=True chain=71049.35 bin=71049.37 open=71053.71 obi=-0.6940 ask_up=0.46 ask_dn=0.55 bid_up=0.45 bid_dn=0.54 halted=False[0m
[2m2026-04-09 07:08:59.065 [INFO] __main__: STATUS t=61s delta=-0.0017% dir=down agree=True chain=71052.49 bin=71049.37 open=71053.71 obi=0.0701 ask_up=0.51 ask_dn=0.50 bid_up=0.50 bid_dn=0.49 halted=False[0m
[2m2026-04-09 07:09:29.166 [INFO] __main__: STATUS t=31s delta=-0.0352% dir=down agree=True chain=71028.72 bin=71026.00 open=71053.71 obi=0.2135 ask_up=0.20 ask_dn=0.81 bid_up=0.19 bid_dn=0.80 halted=False[0m
[2m2026-04-09 07:09:59.252 [INFO] __main__: STATUS t=1s delta=0.0462% dir=up agree=True chain=71086.51 bin=71085.65 open=71053.71 obi=-0.8829 ask_up=1.00 ask_dn=0.01 bid_up=0.99 bid_dn=0.01 halted=False[0m
[37m2026-04-09 07:10:00.019 [INFO] execution.paper_trading: paper window_ts=1775718300 [SKIP] pnl=0.0000 direction=up outcome=up - balance=$948.48 bid_up=0.99 ask_up=1.00 bid_dn=0.01 ask_dn=0.01[0m
[93m[1m2026-04-09 07:10:00.019 [INFO] risk.position_tracker: WINDOW_SUMMARY window_pnl=$0.0000 session_pnl=$-51.5171 won=$16.7029 lost=$68.2200 wr=57.1% (4/7) consec_losses=1[0m
[96m2026-04-09 07:10:00.030 [INFO] strategy.window_handler: REGIME chop_detected flips=17 delta_range=0.0899% avg_flips=6.8 over=6_windows[0m
[37m2026-04-09 07:10:00.040 [INFO] strategy.window_handler: WINDOW_DECISION [SKIP] rank=1 side=up pnl=$0.0000 entry=0.00 size=$0.00 (conditions not met)[0m
[96m[1m2026-04-09 07:10:00.050 [INFO] strategy.window_tracker: new window: btc-updown-5m-1775718600 (ts=1775718600)[0m
[96m2026-04-09 07:10:00.218 [INFO] strategy.window_handler: REGIME vol_stddev=0.061% chop_flips=6.8 outcome=6U/0D over 6w sprt=dormant llr=0.00 age=8w bankroll=$873.39[0m
[96m2026-04-09 07:10:00.218 [INFO] strategy.window_handler: KELLY wr_adj=87.6% base=97.2% total_disc=6.6% vol=0.0% chop=54.8% outcome=0.0% feedback=+0.0%[0m
[96m2026-04-09 07:10:00.218 [INFO] __main__: window open price captured: 71086.26 (chainlink)[0m
2026-04-09 07:10:00.943 [INFO] market_data.clob_market_ws: CLOB market subscribed for tokens up=782291177650 down=305560864702
[2m2026-04-09 07:10:29.359 [INFO] __main__: STATUS t=271s delta=0.0051% dir=up agree=True chain=71089.87 bin=71089.19 open=71086.26 obi=0.7546 ask_up=0.53 ask_dn=0.48 bid_up=0.52 bid_dn=0.47 halted=False[0m
[2m2026-04-09 07:10:59.445 [INFO] __main__: STATUS t=241s delta=0.0208% dir=up agree=True chain=71101.08 bin=71099.99 open=71086.26 obi=0.9480 ask_up=0.61 ask_dn=0.40 bid_up=0.60 bid_dn=0.39 halted=False[0m
[2m2026-04-09 07:11:29.539 [INFO] __main__: STATUS t=210s delta=-0.0191% dir=down agree=True chain=71072.68 bin=71066.66 open=71086.26 obi=-0.7284 ask_up=0.33 ask_dn=0.68 bid_up=0.32 bid_dn=0.67 halted=False[0m
[2m2026-04-09 07:11:59.624 [INFO] __main__: STATUS t=180s delta=-0.0265% dir=down agree=True chain=71067.46 bin=71065.82 open=71086.26 obi=0.0695 ask_up=0.39 ask_dn=0.62 bid_up=0.38 bid_dn=0.61 halted=False[0m
[2m2026-04-09 07:12:29.720 [INFO] __main__: STATUS t=150s delta=-0.0152% dir=down agree=True chain=71075.44 bin=71075.73 open=71086.26 obi=-0.0498 ask_up=0.49 ask_dn=0.52 bid_up=0.48 bid_dn=0.51 halted=False[0m
[37m2026-04-09 07:12:40.004 [INFO] strategy.momentum_signal: [SKIP] rank=1 side=up reason=conditions_not_met latest_pct=-0.0148 need=>=0.07 stddev=0.0182 max_var=0.050[0m
[2m2026-04-09 07:12:59.814 [INFO] __main__: STATUS t=120s delta=-0.0198% dir=down agree=True chain=71072.21 bin=71070.39 open=71086.26 obi=-0.3236 ask_up=0.41 ask_dn=0.60 bid_up=0.40 bid_dn=0.59 halted=False[0m
[2m2026-04-09 07:13:29.928 [INFO] __main__: STATUS t=90s delta=-0.0210% dir=down agree=True chain=71071.37 bin=71070.40 open=71086.26 obi=-0.8656 ask_up=0.34 ask_dn=0.67 bid_up=0.33 bid_dn=0.66 halted=False[0m
[2m2026-04-09 07:14:00.029 [INFO] __main__: STATUS t=60s delta=-0.0442% dir=down agree=True chain=71054.88 bin=71051.14 open=71086.26 obi=-0.8702 ask_up=0.28 ask_dn=0.73 bid_up=0.27 bid_dn=0.72 halted=False[0m
[2m2026-04-09 07:14:30.134 [INFO] __main__: STATUS t=30s delta=-0.0398% dir=down agree=True chain=71057.95 bin=71056.96 open=71086.26 obi=0.2149 ask_up=0.54 ask_dn=0.47 bid_up=0.53 bid_dn=0.46 halted=False[0m
[2m2026-04-09 07:15:00.217 [INFO] __main__: STATUS t=300s delta=0.0010% dir=up agree=True chain=71086.96 bin=71093.01 open=71086.26 obi=0.9568 ask_up=1.00 ask_dn=0.01 bid_up=0.99 bid_dn=0.01 halted=False[0m
[37m2026-04-09 07:15:00.218 [INFO] execution.paper_trading: paper window_ts=1775718600 [SKIP] pnl=0.0000 direction=up outcome=up - balance=$948.48 bid_up=0.90 ask_up=0.92 bid_dn=0.08 ask_dn=0.10[0m
[93m[1m2026-04-09 07:15:00.218 [INFO] risk.position_tracker: WINDOW_SUMMARY window_pnl=$0.0000 session_pnl=$-51.5171 won=$16.7029 lost=$68.2200 wr=57.1% (4/7) consec_losses=1[0m
[96m2026-04-09 07:15:00.223 [INFO] strategy.window_handler: REGIME chop_detected flips=10 delta_range=0.0868% avg_flips=8.3 over=6_windows[0m
[37m2026-04-09 07:15:00.229 [INFO] strategy.window_handler: WINDOW_DECISION [SKIP] rank=1 side=up pnl=$0.0000 entry=0.00 size=$0.00 (conditions not met)[0m
[96m[1m2026-04-09 07:15:00.229 [INFO] strategy.window_tracker: new window: btc-updown-5m-1775718900 (ts=1775718900)[0m
[96m2026-04-09 07:15:00.312 [INFO] strategy.window_handler: REGIME vol_stddev=0.061% chop_flips=8.3 outcome=6U/0D over 6w sprt=dormant llr=0.00 age=9w bankroll=$873.39[0m
[96m2026-04-09 07:15:00.312 [INFO] strategy.window_handler: KELLY wr_adj=85.1% base=97.2% total_disc=9.1% vol=0.0% chop=76.2% outcome=0.0% feedback=+0.0%[0m
[96m2026-04-09 07:15:00.315 [INFO] __main__: window open price captured: 71086.96 (chainlink)[0m
2026-04-09 07:15:01.185 [INFO] market_data.clob_market_ws: CLOB market subscribed for tokens up=230804251865 down=765675054370
[2m2026-04-09 07:15:30.462 [INFO] __main__: STATUS t=270s delta=-0.0460% dir=down agree=True chain=71054.23 bin=71045.87 open=71086.96 obi=-0.1692 ask_up=0.23 ask_dn=0.78 bid_up=0.22 bid_dn=0.77 halted=False[0m
[2m2026-04-09 07:16:00.573 [INFO] __main__: STATUS t=239s delta=-0.0484% dir=down agree=True chain=71052.52 bin=71045.86 open=71086.96 obi=-0.3524 ask_up=0.24 ask_dn=0.77 bid_up=0.23 bid_dn=0.76 halted=False[0m
[2m2026-04-09 07:16:30.672 [INFO] __main__: STATUS t=209s delta=-0.0476% dir=down agree=True chain=71053.13 bin=71066.19 open=71086.96 obi=0.3630 ask_up=0.26 ask_dn=0.75 bid_up=0.25 bid_dn=0.74 halted=False[0m
[2m2026-04-09 07:17:00.789 [INFO] __main__: STATUS t=179s delta=-0.0679% dir=down agree=True chain=71038.71 bin=71032.89 open=71086.96 obi=-0.6155 ask_up=0.12 ask_dn=0.89 bid_up=0.11 bid_dn=0.88 halted=False[0m
[2m2026-04-09 07:17:30.890 [INFO] __main__: STATUS t=149s delta=-0.0830% dir=down agree=True chain=71027.97 bin=71008.71 open=71086.96 obi=-0.3200 ask_up=0.14 ask_dn=0.87 bid_up=0.13 bid_dn=0.86 halted=False[0m
[37m2026-04-09 07:17:40.166 [INFO] strategy.momentum_signal: [SKIP] rank=1 side=up reason=conditions_not_met latest_pct=-0.1101 need=>=0.07 stddev=0.0195 max_var=0.050[0m
[2m2026-04-09 07:18:00.977 [INFO] __main__: STATUS t=119s delta=-0.0976% dir=down agree=True chain=71017.56 bin=71008.71 open=71086.96 obi=-0.7121 ask_up=0.14 ask_dn=0.87 bid_up=0.13 bid_dn=0.86 halted=False[0m
[2m2026-04-09 07:18:31.074 [INFO] __main__: STATUS t=89s delta=-0.1443% dir=down agree=True chain=70984.37 bin=70974.98 open=71086.96 obi=0.5439 ask_up=0.99 ask_dn=0.99 bid_up=0.01 bid_dn=0.01 halted=False[0m
[2m2026-04-09 07:19:01.174 [INFO] __main__: STATUS t=59s delta=-0.1177% dir=down agree=True chain=71003.27 bin=71000.60 open=71086.96 obi=0.8552 ask_up=0.02 ask_dn=0.99 bid_up=0.01 bid_dn=0.98 halted=False[0m
[2m2026-04-09 07:19:31.278 [INFO] __main__: STATUS t=29s delta=-0.0914% dir=down agree=True chain=71021.96 bin=71017.66 open=71086.96 obi=-0.1059 ask_up=0.01 ask_dn=0.99 bid_up=0.01 bid_dn=0.99 halted=False[0m
[37m2026-04-09 07:20:00.129 [INFO] execution.paper_trading: paper window_ts=1775718900 [SKIP] pnl=0.0000 direction=down outcome=down - balance=$948.48 bid_up=0.00 ask_up=0.00 bid_dn=1.00 ask_dn=1.00[0m
[93m[1m2026-04-09 07:20:00.129 [INFO] risk.position_tracker: WINDOW_SUMMARY window_pnl=$0.0000 session_pnl=$-51.5171 won=$16.7029 lost=$68.2200 wr=57.1% (4/7) consec_losses=1[0m
[37m2026-04-09 07:20:00.158 [INFO] strategy.window_handler: WINDOW_DECISION [SKIP] rank=1 side=up pnl=$0.0000 entry=0.00 size=$0.00 (conditions not met)[0m
[96m[1m2026-04-09 07:20:00.159 [INFO] strategy.window_tracker: new window: btc-updown-5m-1775719200 (ts=1775719200)[0m
[96m2026-04-09 07:20:00.236 [INFO] strategy.window_handler: REGIME vol_stddev=0.061% chop_flips=6.8 outcome=5U/1D over 6w sprt=dormant llr=0.00 age=10w bankroll=$873.39[0m
[96m2026-04-09 07:20:00.236 [INFO] strategy.window_handler: KELLY wr_adj=87.6% base=97.2% total_disc=6.6% vol=0.0% chop=54.8% outcome=0.0% feedback=+0.0%[0m
[96m2026-04-09 07:20:00.236 [INFO] __main__: window open price captured: 71028.55 (chainlink)[0m
2026-04-09 07:20:00.394 [INFO] market_data.clob_market_ws: CLOB market subscribed for tokens up=102300772194 down=841069551857
[2m2026-04-09 07:20:01.501 [INFO] __main__: STATUS t=298s delta=0.0005% dir=up agree=False chain=71028.93 bin=71027.21 open=71028.55 obi=0.1728 ask_up=0.44 ask_dn=0.57 bid_up=0.43 bid_dn=0.56 halted=False[0m
[2m2026-04-09 07:20:31.596 [INFO] __main__: STATUS t=268s delta=-0.0266% dir=down agree=True chain=71009.65 bin=71005.69 open=71028.55 obi=0.0456 ask_up=0.35 ask_dn=0.66 bid_up=0.34 bid_dn=0.65 halted=False[0m
[2m2026-04-09 07:21:01.694 [INFO] __main__: STATUS t=238s delta=-0.0434% dir=down agree=True chain=70997.70 bin=70980.58 open=71028.55 obi=-0.9800 ask_up=0.17 ask_dn=0.84 bid_up=0.16 bid_dn=0.83 halted=False[0m
[2m2026-04-09 07:21:31.810 [INFO] __main__: STATUS t=208s delta=-0.0532% dir=down agree=True chain=70990.77 bin=70984.01 open=71028.55 obi=0.8430 ask_up=0.20 ask_dn=0.81 bid_up=0.19 bid_dn=0.80 halted=False[0m
[2m2026-04-09 07:22:01.902 [INFO] __main__: STATUS t=178s delta=-0.0490% dir=down agree=True chain=70993.73 bin=70990.44 open=71028.55 obi=0.6781 ask_up=0.20 ask_dn=0.81 bid_up=0.19 bid_dn=0.80 halted=False[0m
[2m2026-04-09 07:22:32.000 [INFO] __main__: STATUS t=148s delta=-0.0323% dir=down agree=True chain=71005.62 bin=71005.69 open=71028.55 obi=0.1650 ask_up=0.30 ask_dn=0.71 bid_up=0.29 bid_dn=0.70 halted=False[0m
[37m2026-04-09 07:22:40.025 [INFO] strategy.momentum_signal: [SKIP] rank=1 side=up reason=conditions_not_met latest_pct=-0.0289 need=>=0.07 stddev=0.0139 max_var=0.050[0m
[2m2026-04-09 07:23:02.095 [INFO] __main__: STATUS t=118s delta=-0.0231% dir=down agree=True chain=71012.12 bin=71011.32 open=71028.55 obi=0.0853 ask_up=0.37 ask_dn=0.64 bid_up=0.36 bid_dn=0.63 halted=False[0m
[2m2026-04-09 07:23:32.181 [INFO] __main__: STATUS t=88s delta=-0.0454% dir=down agree=True chain=70996.33 bin=70980.58 open=71028.55 obi=-0.7457 ask_up=0.16 ask_dn=0.85 bid_up=0.15 bid_dn=0.84 halted=False[0m
[2m2026-04-09 07:24:02.273 [INFO] __main__: STATUS t=58s delta=-0.0536% dir=down agree=True chain=70990.49 bin=70989.99 open=71028.55 obi=0.1493 ask_up=0.22 ask_dn=0.79 bid_up=0.21 bid_dn=0.78 halted=False[0m
[2m2026-04-09 07:24:32.379 [INFO] __main__: STATUS t=28s delta=-0.0429% dir=down agree=True chain=70998.07 bin=70993.79 open=71028.55 obi=-0.9693 ask_up=0.17 ask_dn=0.84 bid_up=0.16 bid_dn=0.83 halted=False[0m
[37m2026-04-09 07:25:00.216 [INFO] execution.paper_trading: paper window_ts=1775719200 [SKIP] pnl=0.0000 direction=down outcome=down - balance=$948.48 bid_up=0.01 ask_up=0.01 bid_dn=0.99 ask_dn=1.00[0m
[93m[1m2026-04-09 07:25:00.216 [INFO] risk.position_tracker: WINDOW_SUMMARY window_pnl=$0.0000 session_pnl=$-51.5171 won=$16.7029 lost=$68.2200 wr=57.1% (4/7) consec_losses=1[0m
[96m2026-04-09 07:25:00.219 [INFO] strategy.window_handler: REGIME chop_detected flips=3 delta_range=0.0795% avg_flips=6.8 over=6_windows[0m
[37m2026-04-09 07:25:00.224 [INFO] strategy.window_handler: WINDOW_DECISION [SKIP] rank=1 side=up pnl=$0.0000 entry=0.00 size=$0.00 (conditions not met)[0m
[96m[1m2026-04-09 07:25:00.225 [INFO] strategy.window_tracker: new window: btc-updown-5m-1775719500 (ts=1775719500)[0m
[96m2026-04-09 07:25:00.279 [INFO] strategy.window_handler: REGIME vol_stddev=0.063% chop_flips=6.8 outcome=4U/2D over 6w sprt=dormant llr=0.00 age=11w bankroll=$873.39[0m
[96m2026-04-09 07:25:00.279 [INFO] strategy.window_handler: KELLY wr_adj=87.6% base=97.2% total_disc=6.6% vol=0.0% chop=54.8% outcome=0.0% feedback=+0.0%[0m
[96m2026-04-09 07:25:00.279 [INFO] __main__: window open price captured: 70993.70 (chainlink)[0m
2026-04-09 07:25:00.616 [INFO] market_data.clob_market_ws: CLOB market subscribed for tokens up=212589734428 down=108914872636
[2m2026-04-09 07:25:02.536 [INFO] __main__: STATUS t=297s delta=-0.0000% dir=down agree=True chain=70993.70 bin=70993.10 open=70993.70 obi=0.9940 ask_up=0.50 ask_dn=0.51 bid_up=0.49 bid_dn=0.50 halted=False[0m
[2m2026-04-09 07:25:32.624 [INFO] __main__: STATUS t=267s delta=0.0103% dir=up agree=True chain=71001.03 bin=70998.37 open=70993.70 obi=0.9899 ask_up=0.50 ask_dn=0.51 bid_up=0.49 bid_dn=0.50 halted=False[0m
[2m2026-04-09 07:26:02.733 [INFO] __main__: STATUS t=237s delta=0.0199% dir=up agree=True chain=71007.84 bin=71006.28 open=70993.70 obi=0.2515 ask_up=0.59 ask_dn=0.42 bid_up=0.58 bid_dn=0.41 halted=False[0m
[2m2026-04-09 07:26:32.824 [INFO] __main__: STATUS t=207s delta=0.0236% dir=up agree=True chain=71010.44 bin=71006.27 open=70993.70 obi=-0.2492 ask_up=0.60 ask_dn=0.41 bid_up=0.59 bid_dn=0.40 halted=False[0m
[2m2026-04-09 07:27:02.923 [INFO] __main__: STATUS t=177s delta=0.0220% dir=up agree=False chain=71009.34 bin=70993.11 open=70993.70 obi=-0.9883 ask_up=0.56 ask_dn=0.45 bid_up=0.55 bid_dn=0.44 halted=False[0m
[2m2026-04-09 07:27:33.017 [INFO] __main__: STATUS t=147s delta=-0.0116% dir=down agree=True chain=70985.44 bin=70977.96 open=70993.70 obi=0.0445 ask_up=0.36 ask_dn=0.65 bid_up=0.35 bid_dn=0.64 halted=False[0m
[37m2026-04-09 07:27:40.039 [INFO] strategy.momentum_signal: [SKIP] rank=1 side=up reason=conditions_not_met latest_pct=-0.0222 need=>=0.07 stddev=0.0164 max_var=0.050[0m
[2m2026-04-09 07:28:03.126 [INFO] __main__: STATUS t=117s delta=-0.0219% dir=down agree=True chain=70978.17 bin=70977.01 open=70993.70 obi=-0.0272 ask_up=0.32 ask_dn=0.69 bid_up=0.31 bid_dn=0.68 halted=False[0m
[2m2026-04-09 07:28:33.217 [INFO] __main__: STATUS t=87s delta=-0.0169% dir=down agree=True chain=70981.71 bin=70978.56 open=70993.70 obi=0.9194 ask_up=0.43 ask_dn=0.58 bid_up=0.42 bid_dn=0.57 halted=False[0m
[2m2026-04-09 07:29:03.313 [INFO] __main__: STATUS t=57s delta=-0.0121% dir=down agree=True chain=70985.08 bin=70984.59 open=70993.70 obi=-0.1854 ask_up=0.38 ask_dn=0.63 bid_up=0.37 bid_dn=0.62 halted=False[0m
[2m2026-04-09 07:29:33.409 [INFO] __main__: STATUS t=27s delta=-0.0186% dir=down agree=True chain=70980.51 bin=70978.56 open=70993.70 obi=-0.5464 ask_up=0.14 ask_dn=0.87 bid_up=0.13 bid_dn=0.86 halted=False[0m
[37m2026-04-09 07:30:00.239 [INFO] execution.paper_trading: paper window_ts=1775719500 [SKIP] pnl=0.0000 direction=up outcome=up - balance=$948.48 bid_up=0.97 ask_up=0.98 bid_dn=0.02 ask_dn=0.03[0m
[93m[1m2026-04-09 07:30:00.239 [INFO] risk.position_tracker: WINDOW_SUMMARY window_pnl=$0.0000 session_pnl=$-51.5171 won=$16.7029 lost=$68.2200 wr=57.1% (4/7) consec_losses=1[0m
[96m2026-04-09 07:30:00.242 [INFO] strategy.window_handler: REGIME chop_detected flips=3 delta_range=0.0456% avg_flips=6.8 over=6_windows[0m
[37m2026-04-09 07:30:00.246 [INFO] strategy.window_handler: WINDOW_DECISION [SKIP] rank=1 side=up pnl=$0.0000 entry=0.00 size=$0.00 (conditions not met)[0m
[96m[1m2026-04-09 07:30:00.246 [INFO] strategy.window_tracker: new window: btc-updown-5m-1775719800 (ts=1775719800)[0m
[96m2026-04-09 07:30:00.310 [INFO] strategy.window_handler: REGIME vol_stddev=0.060% chop_flips=6.8 outcome=4U/2D over 6w sprt=dormant llr=0.00 age=12w bankroll=$873.39[0m
[96m2026-04-09 07:30:00.310 [INFO] strategy.window_handler: KELLY wr_adj=87.6% base=97.2% total_disc=6.6% vol=0.0% chop=54.8% outcome=0.0% feedback=+0.0%[0m
[96m2026-04-09 07:30:00.311 [INFO] __main__: window open price captured: 70994.54 (chainlink)[0m
2026-04-09 07:30:00.826 [INFO] market_data.clob_market_ws: CLOB market subscribed for tokens up=103779386328 down=744405953154
[2m2026-04-09 07:30:03.602 [INFO] __main__: STATUS t=296s delta=0.0025% dir=up agree=False chain=70996.28 bin=70979.30 open=70994.54 obi=-0.2003 ask_up=0.37 ask_dn=0.64 bid_up=0.36 bid_dn=0.63 halted=False[0m
[2m2026-04-09 07:30:33.692 [INFO] __main__: STATUS t=266s delta=-0.0336% dir=down agree=True chain=70970.65 bin=70966.30 open=70994.54 obi=0.0708 ask_up=0.25 ask_dn=0.76 bid_up=0.24 bid_dn=0.75 halted=False[0m
[2m2026-04-09 07:31:03.786 [INFO] __main__: STATUS t=236s delta=-0.0092% dir=down agree=True chain=70987.99 bin=70984.74 open=70994.54 obi=-0.2696 ask_up=0.40 ask_dn=0.61 bid_up=0.39 bid_dn=0.60 halted=False[0m
[2m2026-04-09 07:31:33.878 [INFO] __main__: STATUS t=206s delta=-0.0100% dir=down agree=True chain=70987.43 bin=70984.74 open=70994.54 obi=-0.0357 ask_up=0.40 ask_dn=0.61 bid_up=0.39 bid_dn=0.60 halted=False[0m
[2m2026-04-09 07:32:03.978 [INFO] __main__: STATUS t=176s delta=-0.0018% dir=down agree=False chain=70993.27 bin=70994.91 open=70994.54 obi=-0.0557 ask_up=0.47 ask_dn=0.54 bid_up=0.46 bid_dn=0.53 halted=False[0m
[2m2026-04-09 07:32:34.067 [INFO] __main__: STATUS t=146s delta=-0.0340% dir=down agree=True chain=70970.37 bin=70968.00 open=70994.54 obi=-0.2632 ask_up=0.16 ask_dn=0.85 bid_up=0.15 bid_dn=0.84 halted=False[0m
[37m2026-04-09 07:32:40.086 [INFO] strategy.momentum_signal: [SKIP] rank=1 side=up reason=conditions_not_met latest_pct=-0.0494 need=>=0.07 stddev=0.0167 max_var=0.050[0m
[2m2026-04-09 07:33:04.169 [INFO] __main__: STATUS t=116s delta=-0.0464% dir=down agree=True chain=70961.56 bin=70955.41 open=70994.54 obi=-0.9076 ask_up=0.13 ask_dn=0.88 bid_up=0.12 bid_dn=0.87 halted=False[0m
[2m2026-04-09 07:33:34.264 [INFO] __main__: STATUS t=86s delta=-0.0465% dir=down agree=True chain=70961.54 bin=70957.96 open=70994.54 obi=-0.9355 ask_up=0.14 ask_dn=0.87 bid_up=0.13 bid_dn=0.86 halted=False[0m
[2m2026-04-09 07:34:04.359 [INFO] __main__: STATUS t=56s delta=-0.0003% dir=down agree=True chain=70994.35 bin=70993.95 open=70994.54 obi=0.5140 ask_up=0.58 ask_dn=0.43 bid_up=0.57 bid_dn=0.42 halted=False[0m
[2m2026-04-09 07:34:34.459 [INFO] __main__: STATUS t=26s delta=0.0585% dir=up agree=True chain=71036.09 bin=71029.81 open=70994.54 obi=0.7315 ask_up=0.94 ask_dn=0.09 bid_up=0.91 bid_dn=0.06 halted=False[0m
[37m2026-04-09 07:35:00.037 [INFO] execution.paper_trading: paper window_ts=1775719800 [SKIP] pnl=0.0000 direction=up outcome=up - balance=$948.48 bid_up=0.99 ask_up=1.00 bid_dn=0.01 ask_dn=0.01[0m
[93m[1m2026-04-09 07:35:00.038 [INFO] risk.position_tracker: WINDOW_SUMMARY window_pnl=$0.0000 session_pnl=$-51.5171 won=$16.7029 lost=$68.2200 wr=57.1% (4/7) consec_losses=1[0m
[96m2026-04-09 07:35:00.042 [INFO] strategy.window_handler: REGIME chop_detected flips=4 delta_range=0.1118% avg_flips=6.3 over=6_windows[0m
[37m2026-04-09 07:35:00.058 [INFO] strategy.window_handler: WINDOW_DECISION [SKIP] rank=1 side=up pnl=$0.0000 entry=0.00 size=$0.00 (conditions not met)[0m
[96m[1m2026-04-09 07:35:00.059 [INFO] strategy.window_tracker: new window: btc-updown-5m-1775720100 (ts=1775720100)[0m
[96m2026-04-09 07:35:00.135 [INFO] strategy.window_handler: REGIME vol_stddev=0.061% chop_flips=6.3 outcome=4U/2D over 6w sprt=dormant llr=0.00 age=13w bankroll=$873.39[0m
[96m2026-04-09 07:35:00.135 [INFO] strategy.window_handler: KELLY wr_adj=88.5% base=97.2% total_disc=5.7% vol=0.0% chop=47.6% outcome=0.0% feedback=+0.0%[0m
[96m2026-04-09 07:35:00.135 [INFO] __main__: window open price captured: 71031.20 (chainlink)[0m
2026-04-09 07:35:01.064 [INFO] market_data.clob_market_ws: CLOB market subscribed for tokens up=744807884202 down=155599456725
[2m2026-04-09 07:35:04.656 [INFO] __main__: STATUS t=295s delta=-0.0006% dir=down agree=False chain=71030.73 bin=71044.47 open=71031.20 obi=0.9935 ask_up=0.56 ask_dn=0.45 bid_up=0.55 bid_dn=0.44 halted=False[0m
[2m2026-04-09 07:35:34.745 [INFO] __main__: STATUS t=265s delta=0.0191% dir=up agree=True chain=71044.74 bin=71036.00 open=71031.20 obi=-0.9987 ask_up=0.62 ask_dn=0.39 bid_up=0.61 bid_dn=0.38 halted=False[0m
[2m2026-04-09 07:36:04.862 [INFO] __main__: STATUS t=235s delta=0.0062% dir=up agree=False chain=71035.60 bin=71026.18 open=71031.20 obi=-0.8442 ask_up=0.53 ask_dn=0.48 bid_up=0.52 bid_dn=0.47 halted=False[0m
[2m2026-04-09 07:36:34.951 [INFO] __main__: STATUS t=205s delta=0.0008% dir=up agree=True chain=71031.76 bin=71035.75 open=71031.20 obi=0.8391 ask_up=0.59 ask_dn=0.42 bid_up=0.58 bid_dn=0.41 halted=False[0m
[2m2026-04-09 07:37:05.069 [INFO] __main__: STATUS t=175s delta=0.0487% dir=up agree=True chain=71065.77 bin=71070.05 open=71031.20 obi=0.8000 ask_up=0.85 ask_dn=0.16 bid_up=0.84 bid_dn=0.15 halted=False[0m
[2m2026-04-09 07:37:35.159 [INFO] __main__: STATUS t=145s delta=0.0419% dir=up agree=True chain=71060.99 bin=71061.63 open=71031.20 obi=-0.8139 ask_up=0.77 ask_dn=0.24 bid_up=0.76 bid_dn=0.23 halted=False[0m
[37m2026-04-09 07:37:40.176 [INFO] strategy.momentum_signal: [SKIP] rank=1 side=up reason=conditions_not_met latest_pct=0.0428 need=>=0.07 stddev=0.0238 max_var=0.050[0m
[2m2026-04-09 07:38:05.259 [INFO] __main__: STATUS t=115s delta=0.0335% dir=up agree=True chain=71054.99 bin=71055.07 open=71031.20 obi=0.1859 ask_up=0.76 ask_dn=0.25 bid_up=0.75 bid_dn=0.24 halted=False[0m
[2m2026-04-09 07:38:35.343 [INFO] __main__: STATUS t=85s delta=0.0582% dir=up agree=True chain=71072.55 bin=71074.11 open=71031.20 obi=0.3949 ask_up=0.81 ask_dn=0.20 bid_up=0.80 bid_dn=0.19 halted=False[0m
[2m2026-04-09 07:39:05.443 [INFO] __main__: STATUS t=55s delta=0.0683% dir=up agree=True chain=71079.70 bin=71068.91 open=71031.20 obi=0.8865 ask_up=0.90 ask_dn=0.11 bid_up=0.89 bid_dn=0.10 halted=False[0m
[2m2026-04-09 07:39:35.539 [INFO] __main__: STATUS t=24s delta=0.0581% dir=up agree=True chain=71072.44 bin=71071.63 open=71031.20 obi=-0.0295 ask_up=0.86 ask_dn=0.15 bid_up=0.85 bid_dn=0.14 halted=False[0m
[37m2026-04-09 07:40:00.110 [INFO] execution.paper_trading: paper window_ts=1775720100 [SKIP] pnl=0.0000 direction=up outcome=up - balance=$948.48 bid_up=0.41 ask_up=0.42 bid_dn=0.58 ask_dn=0.59[0m
[93m[1m2026-04-09 07:40:00.111 [INFO] risk.position_tracker: WINDOW_SUMMARY window_pnl=$0.0000 session_pnl=$-51.5171 won=$16.7029 lost=$68.2200 wr=57.1% (4/7) consec_losses=1[0m
[96m2026-04-09 07:40:00.114 [INFO] strategy.window_handler: REGIME chop_detected flips=7 delta_range=0.0764% avg_flips=4.7 over=6_windows[0m
[37m2026-04-09 07:40:00.120 [INFO] strategy.window_handler: WINDOW_DECISION [SKIP] rank=1 side=up pnl=$0.0000 entry=0.00 size=$0.00 (conditions not met)[0m
[96m[1m2026-04-09 07:40:00.128 [INFO] strategy.window_tracker: new window: btc-updown-5m-1775720400 (ts=1775720400)[0m
[96m2026-04-09 07:40:00.235 [INFO] strategy.window_handler: REGIME vol_stddev=0.052% chop_flips=4.7 outcome=4U/2D over 6w sprt=dormant llr=0.00 age=14w bankroll=$873.39[0m
[96m2026-04-09 07:40:00.235 [INFO] strategy.window_handler: KELLY wr_adj=91.4% base=97.2% total_disc=2.9% vol=0.0% chop=23.8% outcome=0.0% feedback=+0.0%[0m
[96m2026-04-09 07:40:00.235 [INFO] __main__: window open price captured: 71033.12 (chainlink)[0m
2026-04-09 07:40:00.280 [INFO] market_data.clob_market_ws: CLOB market subscribed for tokens up=308137902982 down=535143146672
[2m2026-04-09 07:40:05.751 [INFO] __main__: STATUS t=294s delta=0.0095% dir=up agree=False chain=71039.88 bin=71031.92 open=71033.12 obi=-0.6508 ask_up=0.55 ask_dn=0.46 bid_up=0.54 bid_dn=0.45 halted=False[0m
[2m2026-04-09 07:40:35.836 [INFO] __main__: STATUS t=264s delta=-0.0318% dir=down agree=True chain=71010.55 bin=71004.24 open=71033.12 obi=-0.7745 ask_up=0.45 ask_dn=0.56 bid_up=0.44 bid_dn=0.55 halted=False[0m
[2m2026-04-09 07:41:05.942 [INFO] __main__: STATUS t=234s delta=-0.0536% dir=down agree=True chain=70995.03 bin=70990.67 open=71033.12 obi=-0.8405 ask_up=0.33 ask_dn=0.68 bid_up=0.32 bid_dn=0.67 halted=False[0m
[2m2026-04-09 07:41:36.037 [INFO] __main__: STATUS t=204s delta=-0.0508% dir=down agree=True chain=70997.02 bin=70990.67 open=71033.12 obi=0.6027 ask_up=0.44 ask_dn=0.57 bid_up=0.43 bid_dn=0.56 halted=False[0m
[2m2026-04-09 07:42:06.202 [INFO] __main__: STATUS t=174s delta=-0.0414% dir=down agree=True chain=71003.72 bin=70993.03 open=71033.12 obi=-0.9470 ask_up=0.36 ask_dn=0.65 bid_up=0.35 bid_dn=0.64 halted=False[0m
[2m2026-04-09 07:42:36.299 [INFO] __main__: STATUS t=144s delta=-0.0707% dir=down agree=True chain=70982.88 bin=70982.92 open=71033.12 obi=-0.2508 ask_up=0.31 ask_dn=0.70 bid_up=0.30 bid_dn=0.69 halted=False[0m
[37m2026-04-09 07:42:40.058 [INFO] strategy.momentum_signal: [SKIP] rank=1 side=up reason=conditions_not_met latest_pct=-0.0707 need=>=0.07 stddev=0.0100 max_var=0.050[0m
[2m2026-04-09 07:43:06.387 [INFO] __main__: STATUS t=114s delta=-0.0654% dir=down agree=True chain=70986.63 bin=70982.92 open=71033.12 obi=-0.3080 ask_up=0.31 ask_dn=0.70 bid_up=0.30 bid_dn=0.69 halted=False[0m
[2m2026-04-09 07:43:36.483 [INFO] __main__: STATUS t=84s delta=-0.0677% dir=down agree=True chain=70985.04 bin=70982.93 open=71033.12 obi=-0.0180 ask_up=0.22 ask_dn=0.79 bid_up=0.21 bid_dn=0.78 halted=False[0m
[2m2026-04-09 07:44:06.608 [INFO] __main__: STATUS t=53s delta=-0.0616% dir=down agree=True chain=70989.37 bin=70998.63 open=71033.12 obi=0.2257 ask_up=0.30 ask_dn=0.71 bid_up=0.29 bid_dn=0.70 halted=False[0m
[2m2026-04-09 07:44:36.698 [INFO] __main__: STATUS t=23s delta=-0.0249% dir=down agree=True chain=71015.43 bin=71017.94 open=71033.12 obi=-0.8361 ask_up=0.50 ask_dn=0.52 bid_up=0.48 bid_dn=0.50 halted=False[0m
[37m2026-04-09 07:45:00.019 [INFO] execution.paper_trading: paper window_ts=1775720400 [SKIP] pnl=0.0000 direction=down outcome=down - balance=$948.48 bid_up=0.01 ask_up=0.01 bid_dn=0.99 ask_dn=1.00[0m
[93m[1m2026-04-09 07:45:00.022 [INFO] risk.position_tracker: WINDOW_SUMMARY window_pnl=$0.0000 session_pnl=$-51.5171 won=$16.7029 lost=$68.2200 wr=57.1% (4/7) consec_losses=1[0m
[37m2026-04-09 07:45:00.042 [INFO] strategy.window_handler: WINDOW_DECISION [SKIP] rank=1 side=up pnl=$0.0000 entry=0.00 size=$0.00 (conditions not met)[0m
[96m[1m2026-04-09 07:45:00.042 [INFO] strategy.window_tracker: new window: btc-updown-5m-1775720700 (ts=1775720700)[0m
[96m2026-04-09 07:45:00.135 [INFO] strategy.window_handler: REGIME vol_stddev=0.051% chop_flips=3.2 outcome=3U/3D over 6w sprt=active_100pct llr=0.00 age=15w bankroll=$873.39[0m
[96m2026-04-09 07:45:00.135 [INFO] strategy.window_handler: KELLY wr_adj=93.9% base=97.2% total_disc=0.3% vol=0.0% chop=2.4% outcome=0.0% feedback=+0.0%[0m
[96m2026-04-09 07:45:00.135 [INFO] __main__: window open price captured: 71020.61 (chainlink)[0m
2026-04-09 07:45:00.483 [INFO] market_data.clob_market_ws: CLOB market subscribed for tokens up=899789655835 down=244402590373
[2m2026-04-09 07:45:06.909 [INFO] __main__: STATUS t=293s delta=-0.0129% dir=down agree=True chain=71011.47 bin=71011.49 open=71020.61 obi=-0.2624 ask_up=0.45 ask_dn=0.56 bid_up=0.44 bid_dn=0.55 halted=False[0m
[2m2026-04-09 07:45:36.997 [INFO] __main__: STATUS t=263s delta=-0.0059% dir=down agree=True chain=71016.45 bin=71018.95 open=71020.61 obi=-0.6824 ask_up=0.48 ask_dn=0.53 bid_up=0.47 bid_dn=0.52 halted=False[0m
[2m2026-04-09 07:46:07.092 [INFO] __main__: STATUS t=233s delta=-0.0093% dir=down agree=True chain=71014.03 bin=71013.40 open=71020.61 obi=-0.9207 ask_up=0.36 ask_dn=0.65 bid_up=0.35 bid_dn=0.64 halted=False[0m
[2m2026-04-09 07:46:37.185 [INFO] __main__: STATUS t=203s delta=-0.0510% dir=down agree=True chain=70984.42 bin=70984.10 open=71020.61 obi=-0.2043 ask_up=0.18 ask_dn=0.83 bid_up=0.17 bid_dn=0.82 halted=False[0m
[2m2026-04-09 07:47:07.295 [INFO] __main__: STATUS t=173s delta=-0.0545% dir=down agree=True chain=70981.89 bin=70970.18 open=71020.61 obi=-0.8036 ask_up=0.09 ask_dn=0.92 bid_up=0.08 bid_dn=0.91 halted=False[0m
[2m2026-04-09 07:47:37.379 [INFO] __main__: STATUS t=143s delta=-0.0675% dir=down agree=True chain=70972.68 bin=70970.19 open=71020.61 obi=-0.6846 ask_up=0.09 ask_dn=0.92 bid_up=0.08 bid_dn=0.91 halted=False[0m
[37m2026-04-09 07:47:40.137 [INFO] strategy.momentum_signal: [SKIP] rank=1 side=up reason=conditions_not_met latest_pct=-0.0710 need=>=0.07 stddev=0.0187 max_var=0.050[0m
[2m2026-04-09 07:48:07.505 [INFO] __main__: STATUS t=112s delta=-0.0684% dir=down agree=True chain=70972.03 bin=70970.19 open=71020.61 obi=0.3388 ask_up=0.11 ask_dn=0.90 bid_up=0.10 bid_dn=0.89 halted=False[0m
[2m2026-04-09 07:48:37.599 [INFO] __main__: STATUS t=82s delta=-0.0696% dir=down agree=True chain=70971.15 bin=70970.19 open=71020.61 obi=-0.1658 ask_up=0.99 ask_dn=0.93 bid_up=0.01 bid_dn=0.92 halted=False[0m
[2m2026-04-09 07:49:07.700 [INFO] __main__: STATUS t=52s delta=-0.0463% dir=down agree=True chain=70987.71 bin=70989.21 open=71020.61 obi=0.8121 ask_up=0.13 ask_dn=0.88 bid_up=0.12 bid_dn=0.87 halted=False[0m
[2m2026-04-09 07:49:37.783 [INFO] __main__: STATUS t=22s delta=-0.0318% dir=down agree=True chain=70998.04 bin=70999.99 open=71020.61 obi=0.9937 ask_up=0.16 ask_dn=0.85 bid_up=0.15 bid_dn=0.84 halted=False[0m
[37m2026-04-09 07:50:00.109 [INFO] execution.paper_trading: paper window_ts=1775720700 [SKIP] pnl=0.0000 direction=down outcome=down - balance=$948.48 bid_up=0.01 ask_up=0.01 bid_dn=0.99 ask_dn=1.00[0m
[93m[1m2026-04-09 07:50:00.110 [INFO] risk.position_tracker: WINDOW_SUMMARY window_pnl=$0.0000 session_pnl=$-51.5171 won=$16.7029 lost=$68.2200 wr=57.1% (4/7) consec_losses=1[0m
[96m2026-04-09 07:50:00.120 [INFO] strategy.window_handler: REGIME chop_detected flips=6 delta_range=0.0819% avg_flips=4.0 over=6_windows[0m
[37m2026-04-09 07:50:00.128 [INFO] strategy.window_handler: WINDOW_DECISION [SKIP] rank=1 side=up pnl=$0.0000 entry=0.00 size=$0.00 (conditions not met)[0m
[96m[1m2026-04-09 07:50:00.128 [INFO] strategy.window_tracker: new window: btc-updown-5m-1775721000 (ts=1775721000)[0m
[96m2026-04-09 07:50:00.212 [INFO] strategy.window_handler: REGIME vol_stddev=0.047% chop_flips=4.0 outcome=3U/3D over 6w sprt=active_100pct llr=0.00 age=16w bankroll=$873.39[0m
[96m2026-04-09 07:50:00.213 [INFO] strategy.window_handler: KELLY wr_adj=92.5% base=97.2% total_disc=1.7% vol=0.0% chop=14.3% outcome=0.0% feedback=+0.0%[0m
[96m2026-04-09 07:50:00.213 [INFO] __main__: window open price captured: 70983.32 (chainlink)[0m
2026-04-09 07:50:00.705 [INFO] market_data.clob_market_ws: CLOB market subscribed for tokens up=929715878577 down=629884545894
[2m2026-04-09 07:50:08.014 [INFO] __main__: STATUS t=292s delta=0.0040% dir=up agree=True chain=70986.16 bin=70985.37 open=70983.32 obi=-0.0696 ask_up=0.42 ask_dn=0.59 bid_up=0.41 bid_dn=0.58 halted=False[0m
[2m2026-04-09 07:50:38.102 [INFO] __main__: STATUS t=262s delta=0.0076% dir=up agree=True chain=70988.69 bin=70987.86 open=70983.32 obi=0.8594 ask_up=0.46 ask_dn=0.55 bid_up=0.45 bid_dn=0.54 halted=False[0m
[2m2026-04-09 07:51:08.193 [INFO] __main__: STATUS t=232s delta=0.0075% dir=up agree=True chain=70988.65 bin=70989.31 open=70983.32 obi=-0.1758 ask_up=0.43 ask_dn=0.58 bid_up=0.42 bid_dn=0.57 halted=False[0m
[2m2026-04-09 07:51:38.282 [INFO] __main__: STATUS t=202s delta=0.0072% dir=up agree=True chain=70988.41 bin=70987.41 open=70983.32 obi=-0.1577 ask_up=0.46 ask_dn=0.55 bid_up=0.45 bid_dn=0.54 halted=False[0m
[2m2026-04-09 07:52:08.376 [INFO] __main__: STATUS t=172s delta=0.0230% dir=up agree=True chain=70999.65 bin=70994.60 open=70983.32 obi=-0.6610 ask_up=0.47 ask_dn=0.54 bid_up=0.46 bid_dn=0.53 halted=False[0m
[2m2026-04-09 07:52:38.463 [INFO] __main__: STATUS t=142s delta=0.0069% dir=up agree=True chain=70988.20 bin=70988.95 open=70983.32 obi=-0.7780 ask_up=0.46 ask_dn=0.55 bid_up=0.45 bid_dn=0.54 halted=False[0m
[37m2026-04-09 07:52:40.221 [INFO] strategy.momentum_signal: [SKIP] rank=1 side=up reason=conditions_not_met latest_pct=0.0079 need=>=0.07 stddev=0.0074 max_var=0.050[0m
[2m2026-04-09 07:53:08.583 [INFO] __main__: STATUS t=111s delta=0.0281% dir=up agree=True chain=71003.29 bin=71004.44 open=70983.32 obi=0.5043 ask_up=0.63 ask_dn=0.38 bid_up=0.62 bid_dn=0.37 halted=False[0m
[2m2026-04-09 07:53:38.672 [INFO] __main__: STATUS t=81s delta=0.0471% dir=up agree=True chain=71016.78 bin=71015.19 open=70983.32 obi=0.8217 ask_up=0.70 ask_dn=0.31 bid_up=0.69 bid_dn=0.30 halted=False[0m
[2m2026-04-09 07:54:08.769 [INFO] __main__: STATUS t=51s delta=0.0607% dir=up agree=True chain=71026.41 bin=71025.97 open=70983.32 obi=0.9438 ask_up=0.86 ask_dn=0.15 bid_up=0.85 bid_dn=0.14 halted=False[0m
[2m2026-04-09 07:54:38.864 [INFO] __main__: STATUS t=21s delta=0.0583% dir=up agree=True chain=71024.68 bin=71025.97 open=70983.32 obi=-0.5803 ask_up=0.88 ask_dn=0.13 bid_up=0.87 bid_dn=0.12 halted=False[0m
[37m2026-04-09 07:55:00.180 [INFO] execution.paper_trading: paper window_ts=1775721000 [SKIP] pnl=0.0000 direction=up outcome=up - balance=$948.48 bid_up=0.93 ask_up=0.94 bid_dn=0.06 ask_dn=0.07[0m
[93m[1m2026-04-09 07:55:00.181 [INFO] risk.position_tracker: WINDOW_SUMMARY window_pnl=$0.0000 session_pnl=$-51.5171 won=$16.7029 lost=$68.2200 wr=57.1% (4/7) consec_losses=1[0m
[37m2026-04-09 07:55:00.186 [INFO] strategy.window_handler: WINDOW_DECISION [SKIP] rank=1 side=up pnl=$0.0000 entry=0.00 size=$0.00 (conditions not met)[0m
[96m[1m2026-04-09 07:55:00.186 [INFO] strategy.window_tracker: new window: btc-updown-5m-1775721300 (ts=1775721300)[0m
[96m2026-04-09 07:55:00.245 [INFO] strategy.window_handler: REGIME vol_stddev=0.046% chop_flips=3.8 outcome=4U/2D over 6w sprt=active_100pct llr=0.00 age=17w bankroll=$873.39[0m
[96m2026-04-09 07:55:00.245 [INFO] strategy.window_handler: KELLY wr_adj=92.8% base=97.2% total_disc=1.4% vol=0.0% chop=11.9% outcome=0.0% feedback=+0.0%[0m
[96m2026-04-09 07:55:00.246 [INFO] __main__: window open price captured: 70984.05 (chainlink)[0m
2026-04-09 07:55:00.910 [INFO] market_data.clob_market_ws: CLOB market subscribed for tokens up=235163999418 down=412218194245
[2m2026-04-09 07:55:09.042 [INFO] __main__: STATUS t=291s delta=0.0109% dir=up agree=True chain=70991.79 bin=70997.21 open=70984.05 obi=0.8471 ask_up=0.64 ask_dn=0.37 bid_up=0.63 bid_dn=0.36 halted=False[0m
[2m2026-04-09 07:55:39.124 [INFO] __main__: STATUS t=261s delta=0.0431% dir=up agree=True chain=71014.65 bin=71015.94 open=70984.05 obi=0.8853 ask_up=0.76 ask_dn=0.25 bid_up=0.75 bid_dn=0.24 halted=False[0m
[2m2026-04-09 07:56:09.217 [INFO] __main__: STATUS t=231s delta=0.0598% dir=up agree=True chain=71026.47 bin=71023.63 open=70984.05 obi=0.6574 ask_up=0.82 ask_dn=0.19 bid_up=0.81 bid_dn=0.18 halted=False[0m
[2m2026-04-09 07:56:39.312 [INFO] __main__: STATUS t=201s delta=0.0559% dir=up agree=True chain=71023.74 bin=71029.15 open=70984.05 obi=0.9920 ask_up=0.84 ask_dn=0.17 bid_up=0.83 bid_dn=0.16 halted=False[0m
[2m2026-04-09 07:57:09.414 [INFO] __main__: STATUS t=171s delta=0.0394% dir=up agree=True chain=71012.04 bin=71012.00 open=70984.05 obi=-0.9702 ask_up=0.70 ask_dn=0.31 bid_up=0.69 bid_dn=0.30 halted=False[0m
[2m2026-04-09 07:57:39.505 [INFO] __main__: STATUS t=140s delta=0.0300% dir=up agree=True chain=71005.32 bin=71001.87 open=70984.05 obi=-0.8908 ask_up=0.65 ask_dn=0.37 bid_up=0.63 bid_dn=0.35 halted=False[0m
[37m2026-04-09 07:57:40.008 [INFO] strategy.momentum_signal: [SKIP] rank=1 side=up reason=conditions_not_met latest_pct=0.0251 need=>=0.07 stddev=0.0101 max_var=0.050[0m
[2m2026-04-09 07:58:09.596 [INFO] __main__: STATUS t=110s delta=-0.0042% dir=down agree=True chain=70981.10 bin=70981.17 open=70984.05 obi=0.1414 ask_up=0.46 ask_dn=0.55 bid_up=0.45 bid_dn=0.54 halted=False[0m
[2m2026-04-09 07:58:39.684 [INFO] __main__: STATUS t=80s delta=-0.0420% dir=down agree=True chain=70954.24 bin=70958.30 open=70984.05 obi=0.1700 ask_up=0.19 ask_dn=0.82 bid_up=0.18 bid_dn=0.81 halted=False[0m
[2m2026-04-09 07:59:09.783 [INFO] __main__: STATUS t=50s delta=-0.0047% dir=down agree=True chain=70980.71 bin=70981.79 open=70984.05 obi=0.4588 ask_up=0.51 ask_dn=0.50 bid_up=0.50 bid_dn=0.49 halted=False[0m
[2m2026-04-09 07:59:39.871 [INFO] __main__: STATUS t=20s delta=-0.0144% dir=down agree=True chain=70973.86 bin=70976.01 open=70984.05 obi=0.1148 ask_up=0.24 ask_dn=0.77 bid_up=0.23 bid_dn=0.76 halted=False[0m
[37m2026-04-09 08:00:00.185 [INFO] execution.paper_trading: paper window_ts=1775721300 [SKIP] pnl=0.0000 direction=down outcome=down - balance=$948.48 bid_up=0.02 ask_up=0.03 bid_dn=0.97 ask_dn=0.98[0m
[93m[1m2026-04-09 08:00:00.185 [INFO] risk.position_tracker: WINDOW_SUMMARY window_pnl=$0.0000 session_pnl=$-51.5171 won=$16.7029 lost=$68.2200 wr=57.1% (4/7) consec_losses=1[0m
[96m2026-04-09 08:00:00.196 [INFO] strategy.window_handler: REGIME chop_detected flips=3 delta_range=0.1071% avg_flips=3.8 over=6_windows[0m
[37m2026-04-09 08:00:00.200 [INFO] strategy.window_handler: WINDOW_DECISION [SKIP] rank=1 side=up pnl=$0.0000 entry=0.00 size=$0.00 (conditions not met)[0m
[96m[1m2026-04-09 08:00:00.200 [INFO] strategy.window_tracker: new window: btc-updown-5m-1775721600 (ts=1775721600)[0m
[96m2026-04-09 08:00:00.314 [INFO] strategy.window_handler: REGIME vol_stddev=0.046% chop_flips=3.8 outcome=3U/3D over 6w sprt=active_100pct llr=0.00 age=18w bankroll=$873.39[0m
[96m2026-04-09 08:00:00.314 [INFO] strategy.window_handler: KELLY wr_adj=92.8% base=97.2% total_disc=1.4% vol=0.0% chop=11.9% outcome=0.0% feedback=+0.0%[0m
[96m2026-04-09 08:00:00.314 [INFO] __main__: window open price captured: 70979.15 (chainlink)[0m
2026-04-09 08:00:01.114 [INFO] market_data.clob_market_ws: CLOB market subscribed for tokens up=107174182790 down=689251727198
[2m2026-04-09 08:00:10.112 [INFO] __main__: STATUS t=290s delta=-0.0007% dir=down agree=False chain=70978.63 bin=70982.00 open=70979.15 obi=0.3832 ask_up=0.52 ask_dn=0.49 bid_up=0.51 bid_dn=0.48 halted=False[0m
[2m2026-04-09 08:00:40.208 [INFO] __main__: STATUS t=260s delta=-0.0481% dir=down agree=True chain=70945.03 bin=70934.88 open=70979.15 obi=0.9313 ask_up=0.20 ask_dn=0.81 bid_up=0.19 bid_dn=0.80 halted=False[0m
[2m2026-04-09 08:01:10.345 [INFO] __main__: STATUS t=230s delta=-0.0544% dir=down agree=True chain=70940.55 bin=70938.99 open=70979.15 obi=-0.3530 ask_up=0.20 ask_dn=0.81 bid_up=0.19 bid_dn=0.80 halted=False[0m
[2m2026-04-09 08:01:40.425 [INFO] __main__: STATUS t=200s delta=-0.0512% dir=down agree=True chain=70942.79 bin=70944.85 open=70979.15 obi=-0.1883 ask_up=0.23 ask_dn=0.78 bid_up=0.22 bid_dn=0.77 halted=False[0m
[2m2026-04-09 08:02:10.517 [INFO] __main__: STATUS t=169s delta=-0.0566% dir=down agree=True chain=70939.00 bin=70938.55 open=70979.15 obi=0.9433 ask_up=0.24 ask_dn=0.77 bid_up=0.23 bid_dn=0.76 halted=False[0m
[37m2026-04-09 08:02:40.105 [INFO] strategy.momentum_signal: [SKIP] rank=1 side=up reason=conditions_not_met latest_pct=-0.0572 need=>=0.07 stddev=0.0097 max_var=0.050[0m
[2m2026-04-09 08:02:40.607 [INFO] __main__: STATUS t=139s delta=-0.0580% dir=down agree=True chain=70937.97 bin=70938.54 open=70979.15 obi=0.4982 ask_up=0.20 ask_dn=0.81 bid_up=0.19 bid_dn=0.80 halted=False[0m
[2m2026-04-09 08:03:10.714 [INFO] __main__: STATUS t=109s delta=-0.0435% dir=down agree=True chain=70948.30 bin=70952.00 open=70979.15 obi=0.8649 ask_up=0.27 ask_dn=0.74 bid_up=0.26 bid_dn=0.73 halted=False[0m
[2m2026-04-09 08:03:40.796 [INFO] __main__: STATUS t=79s delta=-0.0036% dir=down agree=False chain=70976.57 bin=70980.00 open=70979.15 obi=-0.3559 ask_up=0.44 ask_dn=0.57 bid_up=0.43 bid_dn=0.56 halted=False[0m
[2m2026-04-09 08:04:10.881 [INFO] __main__: STATUS t=49s delta=0.0101% dir=up agree=True chain=70986.29 bin=70987.63 open=70979.15 obi=-0.3092 ask_up=0.51 ask_dn=0.50 bid_up=0.50 bid_dn=0.49 halted=False[0m
[2m2026-04-09 08:04:40.971 [INFO] __main__: STATUS t=19s delta=0.0118% dir=up agree=False chain=70987.53 bin=70977.91 open=70979.15 obi=-0.8910 ask_up=0.27 ask_dn=0.74 bid_up=0.26 bid_dn=0.73 halted=False[0m
[37m2026-04-09 08:05:00.027 [INFO] execution.paper_trading: paper window_ts=1775721600 [SKIP] pnl=0.0000 direction=up outcome=up - balance=$948.48 bid_up=0.99 ask_up=1.00 bid_dn=0.01 ask_dn=0.01[0m
[93m[1m2026-04-09 08:05:00.029 [INFO] risk.position_tracker: WINDOW_SUMMARY window_pnl=$0.0000 session_pnl=$-51.5171 won=$16.7029 lost=$68.2200 wr=57.1% (4/7) consec_losses=1[0m
[96m2026-04-09 08:05:00.031 [INFO] strategy.window_handler: REGIME chop_detected flips=6 delta_range=0.1331% avg_flips=4.2 over=6_windows[0m
[37m2026-04-09 08:05:00.035 [INFO] strategy.window_handler: WINDOW_DECISION [SKIP] rank=1 side=up pnl=$0.0000 entry=0.00 size=$0.00 (conditions not met)[0m
[96m[1m2026-04-09 08:05:00.035 [INFO] strategy.window_tracker: new window: btc-updown-5m-1775721900 (ts=1775721900)[0m
[96m2026-04-09 08:05:00.122 [INFO] strategy.window_handler: REGIME vol_stddev=0.047% chop_flips=4.2 outcome=3U/3D over 6w sprt=active_100pct llr=0.00 age=19w bankroll=$873.39[0m
[96m2026-04-09 08:05:00.122 [INFO] strategy.window_handler: KELLY wr_adj=92.2% base=97.2% total_disc=2.0% vol=0.0% chop=16.7% outcome=0.0% feedback=+0.0%[0m
[96m2026-04-09 08:05:00.122 [INFO] __main__: window open price captured: 71015.72 (chainlink)[0m
2026-04-09 08:05:00.344 [INFO] market_data.clob_market_ws: CLOB market subscribed for tokens up=221743307285 down=727905858430
[2m2026-04-09 08:05:11.178 [INFO] __main__: STATUS t=289s delta=-0.0300% dir=down agree=True chain=70994.39 bin=70994.34 open=71015.72 obi=0.1400 ask_up=0.38 ask_dn=0.63 bid_up=0.37 bid_dn=0.62 halted=False[0m
[2m2026-04-09 08:05:41.268 [INFO] __main__: STATUS t=259s delta=-0.0062% dir=down agree=True chain=71011.29 bin=71008.27 open=71015.72 obi=-0.8206 ask_up=0.51 ask_dn=0.50 bid_up=0.50 bid_dn=0.49 halted=False[0m
[2m2026-04-09 08:06:11.510 [INFO] __main__: STATUS t=228s delta=-0.0268% dir=down agree=True chain=70996.71 bin=71000.00 open=71015.72 obi=-0.8944 ask_up=0.37 ask_dn=0.64 bid_up=0.36 bid_dn=0.63 halted=False[0m
[2m2026-04-09 08:06:41.595 [INFO] __main__: STATUS t=198s delta=-0.0201% dir=down agree=True chain=71001.45 bin=71008.27 open=71015.72 obi=0.9447 ask_up=0.56 ask_dn=0.45 bid_up=0.55 bid_dn=0.44 halted=False[0m
[2m2026-04-09 08:07:11.683 [INFO] __main__: STATUS t=168s delta=0.0028% dir=up agree=False chain=71017.69 bin=71014.88 open=71015.72 obi=-0.2782 ask_up=0.58 ask_dn=0.43 bid_up=0.57 bid_dn=0.42 halted=False[0m
[37m2026-04-09 08:07:40.013 [INFO] strategy.momentum_signal: [SKIP] rank=1 side=up reason=conditions_not_met latest_pct=-0.0144 need=>=0.07 stddev=0.0091 max_var=0.050[0m
[2m2026-04-09 08:07:41.770 [INFO] __main__: STATUS t=138s delta=-0.0149% dir=down agree=True chain=71005.16 bin=71005.52 open=71015.72 obi=-0.9583 ask_up=0.40 ask_dn=0.61 bid_up=0.39 bid_dn=0.60 halted=False[0m
[2m2026-04-09 08:08:11.866 [INFO] __main__: STATUS t=108s delta=-0.0183% dir=down agree=True chain=71002.70 bin=71001.45 open=71015.72 obi=-0.5966 ask_up=0.39 ask_dn=0.62 bid_up=0.38 bid_dn=0.61 halted=False[0m
[2m2026-04-09 08:08:41.957 [INFO] __main__: STATUS t=78s delta=-0.0293% dir=down agree=True chain=70994.88 bin=70994.43 open=71015.72 obi=0.7430 ask_up=0.29 ask_dn=0.72 bid_up=0.28 bid_dn=0.71 halted=False[0m
[2m2026-04-09 08:09:12.065 [INFO] __main__: STATUS t=48s delta=-0.0282% dir=down agree=True chain=70995.67 bin=70994.43 open=71015.72 obi=0.7327 ask_up=0.31 ask_dn=0.70 bid_up=0.30 bid_dn=0.69 halted=False[0m
[2m2026-04-09 08:09:42.152 [INFO] __main__: STATUS t=18s delta=-0.0443% dir=down agree=True chain=70984.25 bin=70985.60 open=71015.72 obi=-0.8019 ask_up=0.08 ask_dn=0.93 bid_up=0.07 bid_dn=0.92 halted=False[0m
[37m2026-04-09 08:10:00.210 [INFO] execution.paper_trading: paper window_ts=1775721900 [SKIP] pnl=0.0000 direction=down outcome=down - balance=$948.48 bid_up=0.01 ask_up=0.01 bid_dn=0.99 ask_dn=1.00[0m
[93m[1m2026-04-09 08:10:00.210 [INFO] risk.position_tracker: WINDOW_SUMMARY window_pnl=$0.0000 session_pnl=$-51.5171 won=$16.7029 lost=$68.2200 wr=57.1% (4/7) consec_losses=1[0m
[96m2026-04-09 08:10:00.212 [INFO] strategy.window_handler: REGIME chop_detected flips=3 delta_range=0.0616% avg_flips=3.5 over=6_windows[0m
[37m2026-04-09 08:10:00.216 [INFO] strategy.window_handler: WINDOW_DECISION [SKIP] rank=1 side=up pnl=$0.0000 entry=0.00 size=$0.00 (conditions not met)[0m
[96m[1m2026-04-09 08:10:00.217 [INFO] strategy.window_tracker: new window: btc-updown-5m-1775722200 (ts=1775722200)[0m
[96m2026-04-09 08:10:00.274 [INFO] strategy.window_handler: REGIME vol_stddev=0.048% chop_flips=3.5 outcome=2U/4D over 6w sprt=active_100pct llr=0.00 age=20w bankroll=$873.39[0m
[96m2026-04-09 08:10:00.274 [INFO] strategy.window_handler: KELLY wr_adj=89.6% base=97.2% total_disc=4.6% vol=0.0% chop=7.1% outcome=38.1% feedback=+0.0%[0m
[96m2026-04-09 08:10:00.274 [INFO] __main__: window open price captured: 70977.09 (chainlink)[0m
2026-04-09 08:10:00.554 [INFO] market_data.clob_market_ws: CLOB market subscribed for tokens up=248588451145 down=112354160969
[2m2026-04-09 08:10:12.341 [INFO] __main__: STATUS t=288s delta=-0.0024% dir=down agree=True chain=70975.39 bin=70964.01 open=70977.09 obi=-0.9954 ask_up=0.33 ask_dn=0.68 bid_up=0.32 bid_dn=0.67 halted=False[0m
[2m2026-04-09 08:10:42.428 [INFO] __main__: STATUS t=258s delta=-0.0584% dir=down agree=True chain=70935.61 bin=70934.80 open=70977.09 obi=-0.9113 ask_up=0.21 ask_dn=0.80 bid_up=0.20 bid_dn=0.79 halted=False[0m
[2m2026-04-09 08:11:12.526 [INFO] __main__: STATUS t=227s delta=-0.0697% dir=down agree=True chain=70927.63 bin=70924.17 open=70977.09 obi=-0.5948 ask_up=0.17 ask_dn=0.84 bid_up=0.16 bid_dn=0.83 halted=False[0m
[2m2026-04-09 08:11:42.611 [INFO] __main__: STATUS t=197s delta=-0.1321% dir=down agree=True chain=70883.30 bin=70883.62 open=70977.09 obi=0.2029 ask_up=0.08 ask_dn=0.93 bid_up=0.07 bid_dn=0.92 halted=False[0m
[2m2026-04-09 08:12:12.734 [INFO] __main__: STATUS t=167s delta=-0.0995% dir=down agree=True chain=70906.43 bin=70906.43 open=70977.09 obi=0.5696 ask_up=0.09 ask_dn=0.92 bid_up=0.08 bid_dn=0.91 halted=False[0m
[37m2026-04-09 08:12:40.067 [INFO] strategy.momentum_signal: [SKIP] rank=1 side=up reason=conditions_not_met latest_pct=-0.0995 need=>=0.07 stddev=0.0216 max_var=0.050[0m
[2m2026-04-09 08:12:42.825 [INFO] __main__: STATUS t=137s delta=-0.1015% dir=down agree=True chain=70905.08 bin=70906.43 open=70977.09 obi=0.0435 ask_up=0.07 ask_dn=0.94 bid_up=0.06 bid_dn=0.93 halted=False[0m
[2m2026-04-09 08:13:12.922 [INFO] __main__: STATUS t=107s delta=-0.0850% dir=down agree=True chain=70916.76 bin=70929.76 open=70977.09 obi=-0.5520 ask_up=0.09 ask_dn=0.92 bid_up=0.08 bid_dn=0.91 halted=False[0m
[2m2026-04-09 08:13:43.017 [INFO] __main__: STATUS t=77s delta=-0.0347% dir=down agree=True chain=70952.43 bin=70955.33 open=70977.09 obi=0.3765 ask_up=0.23 ask_dn=0.78 bid_up=0.22 bid_dn=0.77 halted=False[0m
[2m2026-04-09 08:14:13.112 [INFO] __main__: STATUS t=47s delta=-0.0080% dir=down agree=True chain=70971.42 bin=70969.73 open=70977.09 obi=0.2404 ask_up=0.28 ask_dn=0.73 bid_up=0.27 bid_dn=0.72 halted=False[0m
[2m2026-04-09 08:14:43.212 [INFO] __main__: STATUS t=17s delta=-0.0296% dir=down agree=True chain=70956.08 bin=70950.15 open=70977.09 obi=0.6156 ask_up=0.04 ask_dn=0.97 bid_up=0.03 bid_dn=0.96 halted=False[0m
[37m2026-04-09 08:15:00.023 [INFO] execution.paper_trading: paper window_ts=1775722200 [SKIP] pnl=0.0000 direction=down outcome=down - balance=$948.48 bid_up=0.01 ask_up=0.01 bid_dn=0.99 ask_dn=1.00[0m
[93m[1m2026-04-09 08:15:00.023 [INFO] risk.position_tracker: WINDOW_SUMMARY window_pnl=$0.0000 session_pnl=$-51.5171 won=$16.7029 lost=$68.2200 wr=57.1% (4/7) consec_losses=1[0m
[96m2026-04-09 08:15:00.025 [INFO] strategy.window_handler: REGIME chop_detected flips=5 delta_range=0.1532% avg_flips=4.2 over=6_windows[0m
[37m2026-04-09 08:15:00.029 [INFO] strategy.window_handler: WINDOW_DECISION [SKIP] rank=1 side=up pnl=$0.0000 entry=0.00 size=$0.00 (conditions not met)[0m
[96m[1m2026-04-09 08:15:00.029 [INFO] strategy.window_tracker: new window: btc-updown-5m-1775722500 (ts=1775722500)[0m
[96m2026-04-09 08:15:00.092 [INFO] strategy.window_handler: REGIME vol_stddev=0.048% chop_flips=4.2 outcome=2U/4D over 6w sprt=active_100pct llr=0.00 age=21w bankroll=$873.39[0m
[96m2026-04-09 08:15:00.092 [INFO] strategy.window_handler: KELLY wr_adj=89.6% base=97.2% total_disc=4.6% vol=0.0% chop=16.7% outcome=38.1% feedback=+0.0%[0m
[96m2026-04-09 08:15:00.092 [INFO] __main__: window open price captured: 70954.85 (chainlink)[0m
2026-04-09 08:15:00.813 [INFO] market_data.clob_market_ws: CLOB market subscribed for tokens up=107479801695 down=120449631204
[2m2026-04-09 08:15:13.230 [INFO] __main__: STATUS t=287s delta=-0.0142% dir=down agree=True chain=70944.77 bin=70942.40 open=70954.85 obi=-0.2853 ask_up=0.42 ask_dn=0.59 bid_up=0.41 bid_dn=0.58 halted=False[0m
[2m2026-04-09 08:15:43.324 [INFO] __main__: STATUS t=257s delta=-0.0165% dir=down agree=True chain=70943.16 bin=70944.94 open=70954.85 obi=-0.7833 ask_up=0.40 ask_dn=0.61 bid_up=0.39 bid_dn=0.60 halted=False[0m
[2m2026-04-09 08:16:13.430 [INFO] __main__: STATUS t=227s delta=-0.0530% dir=down agree=True chain=70917.22 bin=70916.92 open=70954.85 obi=-0.7133 ask_up=0.21 ask_dn=0.80 bid_up=0.20 bid_dn=0.79 halted=False[0m
[2m2026-04-09 08:16:43.521 [INFO] __main__: STATUS t=196s delta=-0.0787% dir=down agree=True chain=70899.04 bin=70900.01 open=70954.85 obi=0.9612 ask_up=0.16 ask_dn=0.85 bid_up=0.15 bid_dn=0.84 halted=False[0m
[2m2026-04-09 08:17:13.624 [INFO] __main__: STATUS t=166s delta=-0.0626% dir=down agree=True chain=70910.40 bin=70911.81 open=70954.85 obi=-0.0445 ask_up=0.20 ask_dn=0.81 bid_up=0.19 bid_dn=0.80 halted=False[0m
[37m2026-04-09 08:17:40.205 [INFO] strategy.momentum_signal: [SKIP] rank=1 side=up reason=conditions_not_met latest_pct=-0.0503 need=>=0.07 stddev=0.0081 max_var=0.050[0m
[2m2026-04-09 08:17:43.714 [INFO] __main__: STATUS t=136s delta=-0.0520% dir=down agree=True chain=70917.97 bin=70919.20 open=70954.85 obi=0.8896 ask_up=0.26 ask_dn=0.75 bid_up=0.25 bid_dn=0.74 halted=False[0m
[2m2026-04-09 08:18:13.829 [INFO] __main__: STATUS t=106s delta=-0.0336% dir=down agree=True chain=70930.98 bin=70931.09 open=70954.85 obi=0.9078 ask_up=0.33 ask_dn=0.68 bid_up=0.32 bid_dn=0.67 halted=False[0m
[2m2026-04-09 08:18:43.930 [INFO] __main__: STATUS t=76s delta=-0.0126% dir=down agree=True chain=70945.93 bin=70944.34 open=70954.85 obi=0.6766 ask_up=0.45 ask_dn=0.56 bid_up=0.44 bid_dn=0.55 halted=False[0m
[2m2026-04-09 08:19:14.029 [INFO] __main__: STATUS t=46s delta=0.0041% dir=up agree=True chain=70957.74 bin=70961.06 open=70954.85 obi=-0.1027 ask_up=0.59 ask_dn=0.42 bid_up=0.58 bid_dn=0.41 halted=False[0m
[2m2026-04-09 08:19:44.128 [INFO] __main__: STATUS t=16s delta=0.0052% dir=up agree=True chain=70958.52 bin=70958.81 open=70954.85 obi=-0.0310 ask_up=0.63 ask_dn=0.38 bid_up=0.62 bid_dn=0.37 halted=False[0m
[37m2026-04-09 08:20:00.175 [INFO] execution.paper_trading: paper window_ts=1775722500 [SKIP] pnl=0.0000 direction=down outcome=down - balance=$948.48 bid_up=0.01 ask_up=0.01 bid_dn=0.99 ask_dn=1.00[0m
[93m[1m2026-04-09 08:20:00.175 [INFO] risk.position_tracker: WINDOW_SUMMARY window_pnl=$0.0000 session_pnl=$-51.5171 won=$16.7029 lost=$68.2200 wr=57.1% (4/7) consec_losses=1[0m
[96m2026-04-09 08:20:00.178 [INFO] strategy.window_handler: REGIME chop_detected flips=4 delta_range=0.0893% avg_flips=3.8 over=6_windows[0m
[37m2026-04-09 08:20:00.183 [INFO] strategy.window_handler: WINDOW_DECISION [SKIP] rank=1 side=up pnl=$0.0000 entry=0.00 size=$0.00 (conditions not met)[0m
[96m[1m2026-04-09 08:20:00.183 [INFO] strategy.window_tracker: new window: btc-updown-5m-1775722800 (ts=1775722800)[0m
[96m2026-04-09 08:20:00.241 [INFO] strategy.window_handler: REGIME vol_stddev=0.045% chop_flips=3.8 outcome=2U/4D over 6w sprt=active_100pct llr=0.00 age=22w bankroll=$873.39[0m
[96m2026-04-09 08:20:00.245 [INFO] strategy.window_handler: KELLY wr_adj=89.6% base=97.2% total_disc=4.6% vol=0.0% chop=11.9% outcome=38.1% feedback=+0.0%[0m
[96m2026-04-09 08:20:00.245 [INFO] __main__: window open price captured: 70933.58 (chainlink)[0m
2026-04-09 08:20:01.086 [INFO] market_data.clob_market_ws: CLOB market subscribed for tokens up=858684952821 down=812456970580
[2m2026-04-09 08:20:14.320 [INFO] __main__: STATUS t=286s delta=0.0084% dir=up agree=True chain=70939.57 bin=70942.98 open=70933.58 obi=0.8140 ask_up=0.59 ask_dn=0.42 bid_up=0.58 bid_dn=0.41 halted=False[0m
[2m2026-04-09 08:20:44.409 [INFO] __main__: STATUS t=256s delta=0.0178% dir=up agree=True chain=70946.23 bin=70948.23 open=70933.58 obi=-0.6465 ask_up=0.57 ask_dn=0.44 bid_up=0.56 bid_dn=0.43 halted=False[0m
[2m2026-04-09 08:21:14.496 [INFO] __main__: STATUS t=226s delta=0.0306% dir=up agree=True chain=70955.28 bin=70956.40 open=70933.58 obi=0.8805 ask_up=0.70 ask_dn=0.31 bid_up=0.69 bid_dn=0.30 halted=False[0m
[2m2026-04-09 08:21:44.581 [INFO] __main__: STATUS t=195s delta=0.0318% dir=up agree=True chain=70956.15 bin=70956.39 open=70933.58 obi=-0.8080 ask_up=0.67 ask_dn=0.34 bid_up=0.66 bid_dn=0.33 halted=False[0m
[2m2026-04-09 08:22:14.682 [INFO] __main__: STATUS t=165s delta=0.0276% dir=up agree=True chain=70953.19 bin=70946.29 open=70933.58 obi=0.0562 ask_up=0.64 ask_dn=0.37 bid_up=0.63 bid_dn=0.36 halted=False[0m
[37m2026-04-09 08:22:40.013 [INFO] strategy.momentum_signal: [SKIP] rank=1 side=up reason=conditions_not_met latest_pct=0.0288 need=>=0.07 stddev=0.0074 max_var=0.050[0m
[2m2026-04-09 08:22:44.777 [INFO] __main__: STATUS t=135s delta=0.0502% dir=up agree=True chain=70969.17 bin=70961.54 open=70933.58 obi=-0.2271 ask_up=0.80 ask_dn=0.21 bid_up=0.79 bid_dn=0.20 halted=False[0m
[2m2026-04-09 08:23:14.880 [INFO] __main__: STATUS t=105s delta=0.0209% dir=up agree=True chain=70948.40 bin=70947.11 open=70933.58 obi=-0.8732 ask_up=0.58 ask_dn=0.43 bid_up=0.57 bid_dn=0.42 halted=False[0m
[2m2026-04-09 08:23:44.968 [INFO] __main__: STATUS t=75s delta=0.0344% dir=up agree=True chain=70957.95 bin=70956.91 open=70933.58 obi=-0.4930 ask_up=0.78 ask_dn=0.23 bid_up=0.77 bid_dn=0.22 halted=False[0m
[2m2026-04-09 08:24:15.104 [INFO] __main__: STATUS t=45s delta=0.0886% dir=up agree=True chain=70996.41 bin=71007.82 open=70933.58 obi=0.6975 ask_up=0.98 ask_dn=0.03 bid_up=0.97 bid_dn=0.02 halted=False[0m
[2m2026-04-09 08:24:45.211 [INFO] __main__: STATUS t=15s delta=0.1226% dir=up agree=True chain=71020.58 bin=71017.04 open=70933.58 obi=0.6126 ask_up=1.00 ask_dn=0.01 bid_up=0.99 bid_dn=0.01 halted=False[0m
[37m2026-04-09 08:25:00.013 [INFO] execution.paper_trading: paper window_ts=1775722800 [SKIP] pnl=0.0000 direction=up outcome=up - balance=$948.48 bid_up=0.99 ask_up=1.00 bid_dn=0.01 ask_dn=0.01[0m
[93m[1m2026-04-09 08:25:00.014 [INFO] risk.position_tracker: WINDOW_SUMMARY window_pnl=$0.0000 session_pnl=$-51.5171 won=$16.7029 lost=$68.2200 wr=57.1% (4/7) consec_losses=1[0m
[37m2026-04-09 08:25:00.019 [INFO] strategy.window_handler: WINDOW_DECISION [SKIP] rank=1 side=up pnl=$0.0000 entry=0.00 size=$0.00 (conditions not met)[0m
[96m[1m2026-04-09 08:25:00.019 [INFO] strategy.window_tracker: new window: btc-updown-5m-1775723100 (ts=1775723100)[0m
[96m2026-04-09 08:25:00.080 [INFO] strategy.window_handler: REGIME vol_stddev=0.047% chop_flips=3.8 outcome=2U/4D over 6w sprt=active_100pct llr=0.00 age=23w bankroll=$873.39[0m
[96m2026-04-09 08:25:00.080 [INFO] strategy.window_handler: KELLY wr_adj=89.6% base=97.2% total_disc=4.6% vol=0.0% chop=11.9% outcome=38.1% feedback=+0.0%[0m
[96m2026-04-09 08:25:00.081 [INFO] __main__: window open price captured: 71015.34 (chainlink)[0m
2026-04-09 08:25:00.300 [INFO] market_data.clob_market_ws: CLOB market subscribed for tokens up=828355532319 down=480428945248
[2m2026-04-09 08:25:15.385 [INFO] __main__: STATUS t=285s delta=-0.0036% dir=down agree=False chain=71012.79 bin=71017.03 open=71015.34 obi=-0.9945 ask_up=0.48 ask_dn=0.53 bid_up=0.47 bid_dn=0.52 halted=False[0m
[2m2026-04-09 08:25:45.477 [INFO] __main__: STATUS t=255s delta=-0.0189% dir=down agree=True chain=71001.93 bin=71006.00 open=71015.34 obi=-0.8430 ask_up=0.38 ask_dn=0.63 bid_up=0.37 bid_dn=0.62 halted=False[0m
[2m2026-04-09 08:26:15.574 [INFO] __main__: STATUS t=224s delta=-0.0007% dir=down agree=False chain=71014.84 bin=71015.95 open=71015.34 obi=0.5032 ask_up=0.51 ask_dn=0.50 bid_up=0.50 bid_dn=0.49 halted=False[0m
[2m2026-04-09 08:26:45.670 [INFO] __main__: STATUS t=194s delta=-0.0030% dir=down agree=True chain=71013.21 bin=71014.88 open=71015.34 obi=-0.9543 ask_up=0.45 ask_dn=0.56 bid_up=0.44 bid_dn=0.55 halted=False[0m
[2m2026-04-09 08:27:15.761 [INFO] __main__: STATUS t=164s delta=-0.0133% dir=down agree=True chain=71005.87 bin=71006.67 open=71015.34 obi=-0.5270 ask_up=0.37 ask_dn=0.64 bid_up=0.36 bid_dn=0.63 halted=False[0m
[37m2026-04-09 08:27:40.077 [INFO] strategy.momentum_signal: [SKIP] rank=1 side=up reason=conditions_not_met latest_pct=-0.0132 need=>=0.07 stddev=0.0083 max_var=0.050[0m
[2m2026-04-09 08:27:45.844 [INFO] __main__: STATUS t=134s delta=-0.0144% dir=down agree=True chain=71005.11 bin=71006.00 open=71015.34 obi=-0.0893 ask_up=0.36 ask_dn=0.65 bid_up=0.35 bid_dn=0.64 halted=False[0m
[2m2026-04-09 08:28:15.932 [INFO] __main__: STATUS t=104s delta=-0.0582% dir=down agree=True chain=70973.98 bin=70977.17 open=71015.34 obi=0.9888 ask_up=0.11 ask_dn=0.90 bid_up=0.10 bid_dn=0.89 halted=False[0m
[2m2026-04-09 08:28:46.024 [INFO] __main__: STATUS t=74s delta=-0.0433% dir=down agree=True chain=70984.58 bin=70993.37 open=71015.34 obi=0.1912 ask_up=0.20 ask_dn=0.81 bid_up=0.19 bid_dn=0.80 halted=False[0m
[2m2026-04-09 08:29:16.122 [INFO] __main__: STATUS t=44s delta=-0.0495% dir=down agree=True chain=70980.19 bin=70981.11 open=71015.34 obi=0.7375 ask_up=0.07 ask_dn=0.94 bid_up=0.06 bid_dn=0.93 halted=False[0m
[2m2026-04-09 08:29:46.219 [INFO] __main__: STATUS t=14s delta=-0.0534% dir=down agree=True chain=70977.44 bin=70977.00 open=71015.34 obi=-0.7985 ask_up=0.01 ask_dn=1.00 bid_up=0.01 bid_dn=0.99 halted=False[0m
[37m2026-04-09 08:30:00.025 [INFO] execution.paper_trading: paper window_ts=1775723100 [SKIP] pnl=0.0000 direction=down outcome=down - balance=$948.48 bid_up=0.01 ask_up=0.01 bid_dn=0.99 ask_dn=1.00[0m
[93m[1m2026-04-09 08:30:00.025 [INFO] risk.position_tracker: WINDOW_SUMMARY window_pnl=$0.0000 session_pnl=$-51.5171 won=$16.7029 lost=$68.2200 wr=57.1% (4/7) consec_losses=1[0m
[96m2026-04-09 08:30:00.029 [INFO] strategy.window_handler: REGIME chop_detected flips=7 delta_range=0.0695% avg_flips=4.5 over=6_windows[0m
[37m2026-04-09 08:30:00.034 [INFO] strategy.window_handler: WINDOW_DECISION [SKIP] rank=1 side=up pnl=$0.0000 entry=0.00 size=$0.00 (conditions not met)[0m
[96m[1m2026-04-09 08:30:00.035 [INFO] strategy.window_tracker: new window: btc-updown-5m-1775723400 (ts=1775723400)[0m
[96m2026-04-09 08:30:00.222 [INFO] strategy.window_handler: REGIME vol_stddev=0.048% chop_flips=4.5 outcome=2U/4D over 6w sprt=active_100pct llr=0.00 age=24w bankroll=$873.39[0m
[96m2026-04-09 08:30:00.222 [INFO] strategy.window_handler: KELLY wr_adj=89.6% base=97.2% total_disc=4.6% vol=0.0% chop=21.4% outcome=38.1% feedback=+0.0%[0m
[96m2026-04-09 08:30:00.222 [INFO] __main__: window open price captured: 70983.15 (chainlink)[0m
2026-04-09 08:30:00.505 [INFO] market_data.clob_market_ws: CLOB market subscribed for tokens up=853445500584 down=673144255437
[2m2026-04-09 08:30:16.363 [INFO] __main__: STATUS t=284s delta=0.0057% dir=up agree=True chain=70987.22 bin=70986.62 open=70983.15 obi=-0.2570 ask_up=0.58 ask_dn=0.43 bid_up=0.57 bid_dn=0.42 halted=False[0m
[2m2026-04-09 08:30:46.445 [INFO] __main__: STATUS t=254s delta=0.0404% dir=up agree=True chain=71011.83 bin=71015.75 open=70983.15 obi=0.8312 ask_up=0.80 ask_dn=0.21 bid_up=0.79 bid_dn=0.20 halted=False[0m
[2m2026-04-09 08:31:16.553 [INFO] __main__: STATUS t=223s delta=0.0641% dir=up agree=True chain=71028.67 bin=71034.71 open=70983.15 obi=0.7558 ask_up=0.89 ask_dn=0.12 bid_up=0.88 bid_dn=0.11 halted=False[0m
[2m2026-04-09 08:31:46.646 [INFO] __main__: STATUS t=193s delta=0.1438% dir=up agree=True chain=71085.25 bin=71096.27 open=70983.15 obi=0.6947 ask_up=0.97 ask_dn=0.04 bid_up=0.96 bid_dn=0.03 halted=False[0m
[2m2026-04-09 08:32:16.741 [INFO] __main__: STATUS t=163s delta=0.1618% dir=up agree=True chain=71098.03 bin=71100.00 open=70983.15 obi=-0.3408 ask_up=0.99 ask_dn=0.02 bid_up=0.98 bid_dn=0.01 halted=False[0m
[37m2026-04-09 08:32:40.070 [INFO] strategy.momentum_signal: [SKIP] rank=1 side=up reason=KELLY_NO_EDGE p_adj=0.896 entry=0.98 raw_f=-4.176 total_disc=0.046 vol=0.000 chop=0.214 outcome=0.381[0m
[2m2026-04-09 08:32:46.840 [INFO] __main__: STATUS t=133s delta=0.1509% dir=up agree=True chain=71090.29 bin=71093.88 open=70983.15 obi=0.8688 ask_up=0.99 ask_dn=0.02 bid_up=0.98 bid_dn=0.01 halted=False[0m
[2m2026-04-09 08:33:16.950 [INFO] __main__: STATUS t=103s delta=0.1562% dir=up agree=True chain=71094.05 bin=71097.23 open=70983.15 obi=-0.5387 ask_up=1.00 ask_dn=0.01 bid_up=0.99 bid_dn=0.01 halted=False[0m
[2m2026-04-09 08:33:47.051 [INFO] __main__: STATUS t=73s delta=0.1670% dir=up agree=True chain=71101.68 bin=71097.23 open=70983.15 obi=-0.0422 ask_up=1.00 ask_dn=0.01 bid_up=0.99 bid_dn=0.01 halted=False[0m
2026-04-09 08:33:52.447 [INFO] utils.reconnect: rtds connected to wss://ws-live-data.polymarket.com
2026-04-09 08:33:52.447 [INFO] market_data.rtds_ws: RTDS subscribed to chainlink
[2m2026-04-09 08:34:17.154 [INFO] __main__: STATUS t=43s delta=0.1648% dir=up agree=True chain=71100.10 bin=71101.80 open=70983.15 obi=-0.0313 ask_up=1.00 ask_dn=0.01 bid_up=0.99 bid_dn=0.01 halted=False[0m
[2m2026-04-09 08:34:47.255 [INFO] __main__: STATUS t=13s delta=0.1557% dir=up agree=True chain=71093.67 bin=71092.98 open=70983.15 obi=-0.6171 ask_up=1.00 ask_dn=0.01 bid_up=0.99 bid_dn=0.01 halted=False[0m
[37m2026-04-09 08:35:00.050 [INFO] execution.paper_trading: paper window_ts=1775723400 [SKIP] pnl=0.0000 direction=up outcome=up - balance=$948.48 bid_up=0.99 ask_up=1.00 bid_dn=0.01 ask_dn=0.01[0m
[93m[1m2026-04-09 08:35:00.050 [INFO] risk.position_tracker: WINDOW_SUMMARY window_pnl=$0.0000 session_pnl=$-51.5171 won=$16.7029 lost=$68.2200 wr=57.1% (4/7) consec_losses=1[0m
[96m2026-04-09 08:35:00.052 [INFO] strategy.window_handler: REGIME chop_detected flips=3 delta_range=0.1777% avg_flips=4.0 over=6_windows[0m
[37m2026-04-09 08:35:00.058 [INFO] strategy.window_handler: WINDOW_DECISION [SKIP] rank=1 side=up pnl=$0.0000 entry=0.00 size=$0.00 (conditions not met)[0m
[96m[1m2026-04-09 08:35:00.058 [INFO] strategy.window_tracker: new window: btc-updown-5m-1775723700 (ts=1775723700)[0m
[96m2026-04-09 08:35:00.130 [INFO] strategy.window_handler: REGIME vol_stddev=0.054% chop_flips=4.0 outcome=2U/4D over 6w sprt=active_100pct llr=0.00 age=25w bankroll=$873.39[0m
[96m2026-04-09 08:35:00.130 [INFO] strategy.window_handler: KELLY wr_adj=89.6% base=97.2% total_disc=4.6% vol=0.0% chop=14.3% outcome=38.1% feedback=+0.0%[0m
[96m2026-04-09 08:35:00.130 [INFO] __main__: window open price captured: 71085.35 (chainlink)[0m
2026-04-09 08:35:00.722 [INFO] market_data.clob_market_ws: CLOB market subscribed for tokens up=936665017941 down=820929724922
[2m2026-04-09 08:35:17.444 [INFO] __main__: STATUS t=283s delta=-0.0123% dir=down agree=True chain=71076.61 bin=71076.31 open=71085.35 obi=0.3643 ask_up=0.42 ask_dn=0.59 bid_up=0.41 bid_dn=0.58 halted=False[0m
[2m2026-04-09 08:35:47.529 [INFO] __main__: STATUS t=252s delta=0.0064% dir=up agree=True chain=71089.89 bin=71091.65 open=71085.35 obi=0.7365 ask_up=0.57 ask_dn=0.44 bid_up=0.56 bid_dn=0.43 halted=False[0m
[2m2026-04-09 08:36:17.653 [INFO] __main__: STATUS t=222s delta=0.0057% dir=up agree=True chain=71089.40 bin=71086.13 open=71085.35 obi=-0.8925 ask_up=0.43 ask_dn=0.58 bid_up=0.42 bid_dn=0.57 halted=False[0m
[2m2026-04-09 08:36:47.746 [INFO] __main__: STATUS t=192s delta=0.0044% dir=up agree=True chain=71088.48 bin=71091.66 open=71085.35 obi=0.9844 ask_up=0.59 ask_dn=0.42 bid_up=0.58 bid_dn=0.41 halted=False[0m
[2m2026-04-09 08:37:17.848 [INFO] __main__: STATUS t=162s delta=0.0181% dir=up agree=True chain=71098.24 bin=71100.00 open=71085.35 obi=-0.8456 ask_up=0.59 ask_dn=0.42 bid_up=0.58 bid_dn=0.41 halted=False[0m
[37m2026-04-09 08:37:40.163 [INFO] strategy.momentum_signal: [SKIP] rank=1 side=up reason=conditions_not_met latest_pct=0.0169 need=>=0.07 stddev=0.0083 max_var=0.050[0m
[2m2026-04-09 08:37:47.934 [INFO] __main__: STATUS t=132s delta=0.0206% dir=up agree=True chain=71100.01 bin=71101.80 open=71085.35 obi=0.2610 ask_up=0.70 ask_dn=0.31 bid_up=0.69 bid_dn=0.30 halted=False[0m
[2m2026-04-09 08:38:18.023 [INFO] __main__: STATUS t=102s delta=0.0531% dir=up agree=True chain=71123.12 bin=71135.41 open=71085.35 obi=-0.2953 ask_up=0.90 ask_dn=0.11 bid_up=0.89 bid_dn=0.10 halted=False[0m
[2m2026-04-09 08:38:48.111 [INFO] __main__: STATUS t=72s delta=0.0808% dir=up agree=True chain=71142.77 bin=71142.41 open=71085.35 obi=0.0458 ask_up=0.97 ask_dn=0.04 bid_up=0.96 bid_dn=0.03 halted=False[0m
[2m2026-04-09 08:39:18.210 [INFO] __main__: STATUS t=42s delta=0.0832% dir=up agree=True chain=71144.51 bin=71146.68 open=71085.35 obi=0.0990 ask_up=1.00 ask_dn=0.01 bid_up=0.99 bid_dn=0.01 halted=False[0m
[2m2026-04-09 08:39:48.314 [INFO] __main__: STATUS t=12s delta=0.0876% dir=up agree=True chain=71147.62 bin=71148.57 open=71085.35 obi=-0.8277 ask_up=1.00 ask_dn=0.01 bid_up=0.99 bid_dn=0.01 halted=False[0m
[37m2026-04-09 08:40:00.105 [INFO] execution.paper_trading: paper window_ts=1775723700 [SKIP] pnl=0.0000 direction=up outcome=up - balance=$948.48 bid_up=0.99 ask_up=1.00 bid_dn=0.01 ask_dn=0.01[0m
[93m[1m2026-04-09 08:40:00.105 [INFO] risk.position_tracker: WINDOW_SUMMARY window_pnl=$0.0000 session_pnl=$-51.5171 won=$16.7029 lost=$68.2200 wr=57.1% (4/7) consec_losses=1[0m
[96m2026-04-09 08:40:00.109 [INFO] strategy.window_handler: REGIME chop_detected flips=7 delta_range=0.1140% avg_flips=4.7 over=6_windows[0m
[37m2026-04-09 08:40:00.145 [INFO] strategy.window_handler: WINDOW_DECISION [SKIP] rank=1 side=up pnl=$0.0000 entry=0.00 size=$0.00 (conditions not met)[0m
[96m[1m2026-04-09 08:40:00.145 [INFO] strategy.window_tracker: new window: btc-updown-5m-1775724000 (ts=1775724000)[0m
[96m2026-04-09 08:40:00.231 [INFO] strategy.window_handler: REGIME vol_stddev=0.056% chop_flips=4.7 outcome=3U/3D over 6w sprt=active_100pct llr=0.00 age=26w bankroll=$873.39[0m
[96m2026-04-09 08:40:00.232 [INFO] strategy.window_handler: KELLY wr_adj=91.4% base=97.2% total_disc=2.9% vol=0.0% chop=23.8% outcome=0.0% feedback=+0.0%[0m
[96m2026-04-09 08:40:00.232 [INFO] __main__: window open price captured: 71137.11 (chainlink)[0m
2026-04-09 08:40:00.935 [INFO] market_data.clob_market_ws: CLOB market subscribed for tokens up=106098205989 down=687440487704
[2m2026-04-09 08:40:18.564 [INFO] __main__: STATUS t=281s delta=-0.0035% dir=down agree=True chain=71134.65 bin=71134.66 open=71137.11 obi=-0.5909 ask_up=0.43 ask_dn=0.58 bid_up=0.42 bid_dn=0.57 halted=False[0m
[2m2026-04-09 08:40:48.656 [INFO] __main__: STATUS t=251s delta=-0.0049% dir=down agree=False chain=71133.66 bin=71143.25 open=71137.11 obi=0.6864 ask_up=0.56 ask_dn=0.45 bid_up=0.55 bid_dn=0.44 halted=False[0m
[2m2026-04-09 08:41:18.752 [INFO] __main__: STATUS t=221s delta=0.0132% dir=up agree=True chain=71146.49 bin=71150.00 open=71137.11 obi=0.9722 ask_up=0.65 ask_dn=0.36 bid_up=0.64 bid_dn=0.35 halted=False[0m
[2m2026-04-09 08:41:48.833 [INFO] __main__: STATUS t=191s delta=0.0351% dir=up agree=True chain=71162.08 bin=71164.10 open=71137.11 obi=0.2739 ask_up=0.78 ask_dn=0.23 bid_up=0.77 bid_dn=0.22 halted=False[0m
[2m2026-04-09 08:42:18.991 [INFO] __main__: STATUS t=161s delta=0.1764% dir=up agree=True chain=71262.63 bin=71267.88 open=71137.11 obi=0.6977 ask_up=0.98 ask_dn=0.03 bid_up=0.97 bid_dn=0.02 halted=False[0m
[37m2026-04-09 08:42:40.062 [INFO] strategy.momentum_signal: [SKIP] rank=1 side=up reason=conditions_not_met latest_pct=0.1196 need=>=0.07 stddev=0.0624 max_var=0.050[0m
[2m2026-04-09 08:42:49.090 [INFO] __main__: STATUS t=131s delta=0.1226% dir=up agree=True chain=71224.30 bin=71222.20 open=71137.11 obi=-0.5273 ask_up=0.92 ask_dn=0.09 bid_up=0.91 bid_dn=0.08 halted=False[0m
[2m2026-04-09 08:43:19.249 [INFO] __main__: STATUS t=101s delta=0.1876% dir=up agree=True chain=71270.60 bin=71270.76 open=71137.11 obi=-0.9364 ask_up=1.00 ask_dn=0.01 bid_up=0.99 bid_dn=0.01 halted=False[0m
[2m2026-04-09 08:43:49.342 [INFO] __main__: STATUS t=71s delta=0.1228% dir=up agree=True chain=71224.46 bin=71226.80 open=71137.11 obi=-0.5876 ask_up=0.98 ask_dn=0.03 bid_up=0.97 bid_dn=0.02 halted=False[0m
[2m2026-04-09 08:44:19.502 [INFO] __main__: STATUS t=40s delta=0.1269% dir=up agree=True chain=71227.41 bin=71226.95 open=71137.11 obi=-0.6306 ask_up=1.00 ask_dn=0.01 bid_up=0.99 bid_dn=0.01 halted=False[0m
[2m2026-04-09 08:44:49.609 [INFO] __main__: STATUS t=10s delta=0.1656% dir=up agree=True chain=71254.88 bin=71306.91 open=71137.11 obi=0.3668 ask_up=1.00 ask_dn=0.01 bid_up=0.99 bid_dn=0.01 halted=False[0m
[37m2026-04-09 08:45:00.146 [INFO] execution.paper_trading: paper window_ts=1775724000 [SKIP] pnl=0.0000 direction=up outcome=up - balance=$948.48 bid_up=0.99 ask_up=1.00 bid_dn=0.01 ask_dn=0.01[0m
[93m[1m2026-04-09 08:45:00.147 [INFO] risk.position_tracker: WINDOW_SUMMARY window_pnl=$0.0000 session_pnl=$-51.5171 won=$16.7029 lost=$68.2200 wr=57.1% (4/7) consec_losses=1[0m
[37m2026-04-09 08:45:00.153 [INFO] strategy.window_handler: WINDOW_DECISION [SKIP] rank=1 side=up pnl=$0.0000 entry=0.00 size=$0.00 (conditions not met)[0m
[96m[1m2026-04-09 08:45:00.153 [INFO] strategy.window_tracker: new window: btc-updown-5m-1775724300 (ts=1775724300)[0m
[96m2026-04-09 08:45:00.214 [INFO] strategy.window_handler: REGIME vol_stddev=0.077% chop_flips=4.2 outcome=4U/2D over 6w sprt=active_100pct llr=0.00 age=27w bankroll=$873.39[0m
[96m2026-04-09 08:45:00.214 [INFO] strategy.window_handler: KELLY wr_adj=92.2% base=97.2% total_disc=2.0% vol=0.0% chop=16.7% outcome=0.0% feedback=+0.0%[0m
[96m2026-04-09 08:45:00.215 [INFO] __main__: window open price captured: 71329.30 (chainlink)[0m
2026-04-09 08:45:00.221 [INFO] market_data.clob_market_ws: CLOB market subscribed for tokens up=110473241928 down=920354383929
[2m2026-04-09 08:45:19.825 [INFO] __main__: STATUS t=280s delta=-0.0576% dir=down agree=True chain=71288.20 bin=71287.40 open=71329.30 obi=-0.4848 ask_up=0.28 ask_dn=0.73 bid_up=0.27 bid_dn=0.72 halted=False[0m
[2m2026-04-09 08:45:49.913 [INFO] __main__: STATUS t=250s delta=-0.0869% dir=down agree=True chain=71267.31 bin=71273.90 open=71329.30 obi=-0.2564 ask_up=0.23 ask_dn=0.78 bid_up=0.22 bid_dn=0.77 halted=False[0m
[2m2026-04-09 08:46:20.010 [INFO] __main__: STATUS t=220s delta=-0.0007% dir=down agree=True chain=71328.80 bin=71326.75 open=71329.30 obi=-0.5618 ask_up=0.39 ask_dn=0.62 bid_up=0.38 bid_dn=0.61 halted=False[0m
[2m2026-04-09 08:46:50.109 [INFO] __main__: STATUS t=190s delta=-0.0173% dir=down agree=True chain=71316.93 bin=71317.25 open=71329.30 obi=-0.5409 ask_up=0.41 ask_dn=0.62 bid_up=0.38 bid_dn=0.59 halted=False[0m
[2m2026-04-09 08:47:20.208 [INFO] __main__: STATUS t=160s delta=-0.0353% dir=down agree=True chain=71304.12 bin=71306.55 open=71329.30 obi=0.9734 ask_up=0.35 ask_dn=0.66 bid_up=0.34 bid_dn=0.65 halted=False[0m
[37m2026-04-09 08:47:40.019 [INFO] strategy.momentum_signal: [SKIP] rank=1 side=up reason=conditions_not_met latest_pct=-0.0371 need=>=0.07 stddev=0.0195 max_var=0.050[0m
[2m2026-04-09 08:47:50.303 [INFO] __main__: STATUS t=130s delta=-0.0644% dir=down agree=True chain=71283.37 bin=71277.60 open=71329.30 obi=-0.2989 ask_up=0.17 ask_dn=0.84 bid_up=0.16 bid_dn=0.83 halted=False[0m
[2m2026-04-09 08:48:20.504 [INFO] __main__: STATUS t=99s delta=-0.0906% dir=down agree=True chain=71264.65 bin=71259.47 open=71329.30 obi=-0.2214 ask_up=0.08 ask_dn=0.93 bid_up=0.07 bid_dn=0.92 halted=False[0m
[2m2026-04-09 08:48:50.602 [INFO] __main__: STATUS t=69s delta=-0.1005% dir=down agree=True chain=71257.64 bin=71254.67 open=71329.30 obi=-0.8480 ask_up=0.04 ask_dn=0.97 bid_up=0.03 bid_dn=0.96 halted=False[0m
[2m2026-04-09 08:49:20.735 [INFO] __main__: STATUS t=39s delta=-0.1161% dir=down agree=True chain=71246.46 bin=71243.80 open=71329.30 obi=-0.3812 ask_up=0.01 ask_dn=1.00 bid_up=0.01 bid_dn=0.99 halted=False[0m
[2m2026-04-09 08:49:50.842 [INFO] __main__: STATUS t=9s delta=-0.0931% dir=down agree=True chain=71262.89 bin=71262.69 open=71329.30 obi=-0.6365 ask_up=0.01 ask_dn=1.00 bid_up=0.01 bid_dn=0.99 halted=False[0m
[37m2026-04-09 08:50:00.126 [INFO] execution.paper_trading: paper window_ts=1775724300 [SKIP] pnl=0.0000 direction=down outcome=down - balance=$948.48 bid_up=0.01 ask_up=0.01 bid_dn=0.99 ask_dn=1.00[0m
[93m[1m2026-04-09 08:50:00.127 [INFO] risk.position_tracker: WINDOW_SUMMARY window_pnl=$0.0000 session_pnl=$-51.5171 won=$16.7029 lost=$68.2200 wr=57.1% (4/7) consec_losses=1[0m
[96m2026-04-09 08:50:00.129 [INFO] strategy.window_handler: REGIME chop_detected flips=3 delta_range=0.1633% avg_flips=4.0 over=6_windows[0m
[37m2026-04-09 08:50:00.135 [INFO] strategy.window_handler: WINDOW_DECISION [SKIP] rank=1 side=up pnl=$0.0000 entry=0.00 size=$0.00 (conditions not met)[0m
[96m[1m2026-04-09 08:50:00.135 [INFO] strategy.window_tracker: new window: btc-updown-5m-1775724600 (ts=1775724600)[0m
[96m2026-04-09 08:50:00.203 [INFO] strategy.window_handler: REGIME vol_stddev=0.082% chop_flips=4.0 outcome=4U/2D over 6w sprt=active_100pct llr=0.00 age=28w bankroll=$873.39[0m
[96m2026-04-09 08:50:00.204 [INFO] strategy.window_handler: KELLY wr_adj=92.5% base=97.2% total_disc=1.7% vol=0.0% chop=14.3% outcome=0.0% feedback=+0.0%[0m
[96m2026-04-09 08:50:00.204 [INFO] __main__: window open price captured: 71252.52 (chainlink)[0m
2026-04-09 08:50:00.516 [INFO] market_data.clob_market_ws: CLOB market subscribed for tokens up=608974673089 down=709158487887
[2m2026-04-09 08:50:21.048 [INFO] __main__: STATUS t=279s delta=-0.0001% dir=down agree=True chain=71252.45 bin=71246.87 open=71252.52 obi=-0.8065 ask_up=0.44 ask_dn=0.57 bid_up=0.43 bid_dn=0.56 halted=False[0m
[2m2026-04-09 08:50:51.136 [INFO] __main__: STATUS t=249s delta=-0.0326% dir=down agree=True chain=71229.32 bin=71248.45 open=71252.52 obi=-0.6683 ask_up=0.41 ask_dn=0.60 bid_up=0.40 bid_dn=0.59 halted=False[0m
[2m2026-04-09 08:51:21.228 [INFO] __main__: STATUS t=219s delta=-0.0199% dir=down agree=True chain=71238.37 bin=71234.06 open=71252.52 obi=0.0842 ask_up=0.34 ask_dn=0.67 bid_up=0.33 bid_dn=0.66 halted=False[0m
[2m2026-04-09 08:51:51.319 [INFO] __main__: STATUS t=189s delta=-0.0479% dir=down agree=True chain=71218.39 bin=71210.98 open=71252.52 obi=0.7509 ask_up=0.22 ask_dn=0.79 bid_up=0.21 bid_dn=0.78 halted=False[0m
[2m2026-04-09 08:52:21.474 [INFO] __main__: STATUS t=159s delta=-0.0481% dir=down agree=True chain=71218.26 bin=71218.50 open=71252.52 obi=-0.0593 ask_up=0.20 ask_dn=0.81 bid_up=0.19 bid_dn=0.80 halted=False[0m
[37m2026-04-09 08:52:40.035 [INFO] strategy.momentum_signal: [SKIP] rank=1 side=up reason=conditions_not_met latest_pct=-0.0575 need=>=0.07 stddev=0.0121 max_var=0.050[0m
[2m2026-04-09 08:52:51.569 [INFO] __main__: STATUS t=128s delta=-0.0452% dir=down agree=True chain=71220.29 bin=71220.00 open=71252.52 obi=0.6644 ask_up=0.22 ask_dn=0.79 bid_up=0.21 bid_dn=0.78 halted=False[0m
[2m2026-04-09 08:53:21.674 [INFO] __main__: STATUS t=98s delta=-0.0422% dir=down agree=True chain=71222.48 bin=71230.50 open=71252.52 obi=-0.8076 ask_up=0.21 ask_dn=0.80 bid_up=0.20 bid_dn=0.79 halted=False[0m
[2m2026-04-09 08:53:51.771 [INFO] __main__: STATUS t=68s delta=-0.0423% dir=down agree=True chain=71222.41 bin=71221.33 open=71252.52 obi=0.3806 ask_up=0.13 ask_dn=0.88 bid_up=0.12 bid_dn=0.87 halted=False[0m
[2m2026-04-09 08:54:21.891 [INFO] __main__: STATUS t=38s delta=-0.0159% dir=down agree=True chain=71241.19 bin=71243.24 open=71252.52 obi=0.9662 ask_up=0.24 ask_dn=0.77 bid_up=0.23 bid_dn=0.76 halted=False[0m
[2m2026-04-09 08:54:51.990 [INFO] __main__: STATUS t=8s delta=-0.0028% dir=down agree=True chain=71250.56 bin=71251.99 open=71252.52 obi=0.9942 ask_up=0.44 ask_dn=0.57 bid_up=0.43 bid_dn=0.56 halted=False[0m
[37m2026-04-09 08:55:00.025 [INFO] execution.paper_trading: paper window_ts=1775724600 [SKIP] pnl=0.0000 direction=up outcome=up - balance=$948.48 bid_up=0.01 ask_up=0.99 bid_dn=0.01 ask_dn=0.99[0m
[93m[1m2026-04-09 08:55:00.025 [INFO] risk.position_tracker: WINDOW_SUMMARY window_pnl=$0.0000 session_pnl=$-51.5171 won=$16.7029 lost=$68.2200 wr=57.1% (4/7) consec_losses=1[0m
[96m2026-04-09 08:55:00.028 [INFO] strategy.window_handler: REGIME chop_detected flips=4 delta_range=0.0775% avg_flips=4.3 over=6_windows[0m
[37m2026-04-09 08:55:00.035 [INFO] strategy.window_handler: WINDOW_DECISION [SKIP] rank=1 side=up pnl=$0.0000 entry=0.00 size=$0.00 (conditions not met)[0m
[96m[1m2026-04-09 08:55:00.035 [INFO] strategy.window_tracker: new window: btc-updown-5m-1775724900 (ts=1775724900)[0m
[96m2026-04-09 08:55:00.130 [INFO] strategy.window_handler: REGIME vol_stddev=0.082% chop_flips=4.3 outcome=4U/2D over 6w sprt=active_100pct llr=0.00 age=29w bankroll=$873.39[0m
[96m2026-04-09 08:55:00.130 [INFO] strategy.window_handler: KELLY wr_adj=91.9% base=97.2% total_disc=2.3% vol=0.0% chop=19.0% outcome=0.0% feedback=+0.0%[0m
[96m2026-04-09 08:55:00.130 [INFO] __main__: window open price captured: 71256.29 (chainlink)[0m
2026-04-09 08:55:00.742 [INFO] market_data.clob_market_ws: CLOB market subscribed for tokens up=270462748250 down=882356882809
[2m2026-04-09 08:55:22.204 [INFO] __main__: STATUS t=278s delta=0.0245% dir=up agree=True chain=71273.73 bin=71271.60 open=71256.29 obi=-0.6889 ask_up=0.59 ask_dn=0.42 bid_up=0.58 bid_dn=0.41 halted=False[0m
[2m2026-04-09 08:55:52.291 [INFO] __main__: STATUS t=248s delta=0.0455% dir=up agree=True chain=71288.73 bin=71291.66 open=71256.29 obi=0.8584 ask_up=0.74 ask_dn=0.27 bid_up=0.73 bid_dn=0.26 halted=False[0m
[2m2026-04-09 08:56:22.401 [INFO] __main__: STATUS t=218s delta=0.0288% dir=up agree=True chain=71276.83 bin=71272.49 open=71256.29 obi=-0.9629 ask_up=0.62 ask_dn=0.39 bid_up=0.61 bid_dn=0.38 halted=False[0m
[2m2026-04-09 08:56:52.490 [INFO] __main__: STATUS t=188s delta=0.0205% dir=up agree=True chain=71270.87 bin=71266.01 open=71256.29 obi=0.7293 ask_up=0.64 ask_dn=0.37 bid_up=0.63 bid_dn=0.36 halted=False[0m
[2m2026-04-09 08:57:22.586 [INFO] __main__: STATUS t=157s delta=-0.0005% dir=down agree=True chain=71255.96 bin=71251.95 open=71256.29 obi=-0.9467 ask_up=0.44 ask_dn=0.57 bid_up=0.43 bid_dn=0.56 halted=False[0m
[37m2026-04-09 08:57:40.140 [INFO] strategy.momentum_signal: [SKIP] rank=1 side=up reason=conditions_not_met latest_pct=-0.0313 need=>=0.07 stddev=0.0195 max_var=0.050[0m
[2m2026-04-09 08:57:52.682 [INFO] __main__: STATUS t=127s delta=-0.0318% dir=down agree=True chain=71233.62 bin=71234.01 open=71256.29 obi=-0.8084 ask_up=0.31 ask_dn=0.70 bid_up=0.30 bid_dn=0.69 halted=False[0m
[2m2026-04-09 08:58:22.778 [INFO] __main__: STATUS t=97s delta=-0.0322% dir=down agree=True chain=71233.35 bin=71231.87 open=71256.29 obi=0.1133 ask_up=0.32 ask_dn=0.69 bid_up=0.31 bid_dn=0.68 halted=False[0m
[2m2026-04-09 08:58:52.878 [INFO] __main__: STATUS t=67s delta=-0.0062% dir=down agree=True chain=71251.85 bin=71249.71 open=71256.29 obi=0.7891 ask_up=0.47 ask_dn=0.54 bid_up=0.46 bid_dn=0.53 halted=False[0m
[2m2026-04-09 08:59:22.968 [INFO] __main__: STATUS t=37s delta=0.0069% dir=up agree=True chain=71261.20 bin=71257.96 open=71256.29 obi=-0.9607 ask_up=0.48 ask_dn=0.53 bid_up=0.47 bid_dn=0.52 halted=False[0m
[2m2026-04-09 08:59:53.062 [INFO] __main__: STATUS t=7s delta=-0.0076% dir=down agree=True chain=71250.86 bin=71249.51 open=71256.29 obi=-0.5995 ask_up=0.26 ask_dn=0.75 bid_up=0.25 bid_dn=0.74 halted=False[0m
[37m2026-04-09 09:00:00.085 [INFO] execution.paper_trading: paper window_ts=1775724900 [SKIP] pnl=0.0000 direction=down outcome=down - balance=$948.48 bid_up=0.01 ask_up=0.02 bid_dn=0.98 ask_dn=0.99[0m
[93m[1m2026-04-09 09:00:00.085 [INFO] risk.position_tracker: WINDOW_SUMMARY window_pnl=$0.0000 session_pnl=$-51.5171 won=$16.7029 lost=$68.2200 wr=57.1% (4/7) consec_losses=1[0m
[96m2026-04-09 09:00:00.087 [INFO] strategy.window_handler: REGIME chop_detected flips=9 delta_range=0.0901% avg_flips=4.7 over=6_windows[0m
[37m2026-04-09 09:00:00.091 [INFO] strategy.window_handler: WINDOW_DECISION [SKIP] rank=1 side=up pnl=$0.0000 entry=0.00 size=$0.00 (conditions not met)[0m
[96m[1m2026-04-09 09:00:00.092 [INFO] strategy.window_tracker: new window: btc-updown-5m-1775725200 (ts=1775725200)[0m
[96m2026-04-09 09:00:00.175 [INFO] strategy.window_handler: REGIME vol_stddev=0.081% chop_flips=4.7 outcome=4U/2D over 6w sprt=active_100pct llr=0.00 age=30w bankroll=$873.39[0m
[96m2026-04-09 09:00:00.176 [INFO] strategy.window_handler: KELLY wr_adj=91.4% base=97.2% total_disc=2.9% vol=0.0% chop=23.8% outcome=0.0% feedback=+0.0%[0m
[96m2026-04-09 09:00:00.176 [INFO] __main__: window open price captured: 71249.24 (chainlink)[0m
2026-04-09 09:00:00.981 [INFO] market_data.clob_market_ws: CLOB market subscribed for tokens up=708508157815 down=106835842608
2026-04-09 09:00:13.712 [INFO] shared.ipc: IPC: received authenticated signal_update (summary=signals_summary_1775725213.json)
2026-04-09 09:00:13.712 [INFO] __main__: received new signal from orchestrator: rank=1 side=Up
[2m2026-04-09 09:00:23.259 [INFO] __main__: STATUS t=277s delta=-0.0248% dir=down agree=True chain=71231.59 bin=71231.15 open=71249.24 obi=-0.8189 ask_up=0.36 ask_dn=0.65 bid_up=0.35 bid_dn=0.64 halted=False[0m
[2m2026-04-09 09:00:53.352 [INFO] __main__: STATUS t=247s delta=-0.0294% dir=down agree=True chain=71228.26 bin=71230.25 open=71249.24 obi=-0.8579 ask_up=0.34 ask_dn=0.67 bid_up=0.33 bid_dn=0.66 halted=False[0m
[2m2026-04-09 09:01:23.454 [INFO] __main__: STATUS t=217s delta=-0.1054% dir=down agree=True chain=71174.12 bin=71183.99 open=71249.24 obi=0.1578 ask_up=0.12 ask_dn=0.89 bid_up=0.11 bid_dn=0.88 halted=False[0m
[2m2026-04-09 09:01:53.546 [INFO] __main__: STATUS t=186s delta=-0.0782% dir=down agree=True chain=71193.49 bin=71195.99 open=71249.24 obi=-0.8514 ask_up=0.16 ask_dn=0.85 bid_up=0.15 bid_dn=0.84 halted=False[0m
[2m2026-04-09 09:02:23.642 [INFO] __main__: STATUS t=156s delta=-0.0826% dir=down agree=True chain=71190.39 bin=71189.99 open=71249.24 obi=-0.7547 ask_up=0.14 ask_dn=0.87 bid_up=0.13 bid_dn=0.86 halted=False[0m
[37m2026-04-09 09:02:40.191 [INFO] strategy.momentum_signal: [SKIP] rank=1 side=up reason=conditions_not_met latest_pct=-0.1380 need=>=0.07 stddev=0.0256 max_var=0.050[0m
[2m2026-04-09 09:02:53.734 [INFO] __main__: STATUS t=126s delta=-0.1393% dir=down agree=True chain=71149.98 bin=71150.93 open=71249.24 obi=0.3127 ask_up=0.07 ask_dn=0.94 bid_up=0.06 bid_dn=0.93 halted=False[0m
[2m2026-04-09 09:03:23.840 [INFO] __main__: STATUS t=96s delta=-0.1504% dir=down agree=True chain=71142.08 bin=71140.01 open=71249.24 obi=-0.9311 ask_up=0.01 ask_dn=1.00 bid_up=0.01 bid_dn=0.99 halted=False[0m
[2m2026-04-09 09:03:53.942 [INFO] __main__: STATUS t=66s delta=-0.1682% dir=down agree=True chain=71129.39 bin=71129.82 open=71249.24 obi=-0.9919 ask_up=0.01 ask_dn=1.00 bid_up=0.01 bid_dn=0.99 halted=False[0m
[2m2026-04-09 09:04:24.052 [INFO] __main__: STATUS t=36s delta=-0.1669% dir=down agree=True chain=71130.32 bin=71128.39 open=71249.24 obi=0.2439 ask_up=0.01 ask_dn=1.00 bid_up=0.01 bid_dn=0.99 halted=False[0m
[2m2026-04-09 09:04:54.158 [INFO] __main__: STATUS t=6s delta=-0.1592% dir=down agree=True chain=71135.78 bin=71128.40 open=71249.24 obi=-0.1994 ask_up=0.01 ask_dn=1.00 bid_up=0.01 bid_dn=0.99 halted=False[0m
[37m2026-04-09 09:05:00.192 [INFO] execution.paper_trading: paper window_ts=1775725200 [SKIP] pnl=0.0000 direction=down outcome=down - balance=$948.48 bid_up=0.01 ask_up=0.01 bid_dn=0.99 ask_dn=1.00[0m
[93m[1m2026-04-09 09:05:00.192 [INFO] risk.position_tracker: WINDOW_SUMMARY window_pnl=$0.0000 session_pnl=$-51.5171 won=$16.7029 lost=$68.2200 wr=57.1% (4/7) consec_losses=1[0m
[37m2026-04-09 09:05:00.207 [INFO] strategy.window_handler: WINDOW_DECISION [SKIP] rank=1 side=up pnl=$0.0000 entry=0.00 size=$0.00 (conditions not met)[0m
2026-04-09 09:05:00.207 [INFO] strategy.window_handler: Signal changed: up_240.0_140.0_0.07_0.05 -> up_230.0_140.0_0.07_0.05 (age was 31 windows)
2026-04-09 09:05:00.208 [INFO] strategy.window_handler: SIGNAL_SWAP_ACTIVE: {"rank":1,"side":"up","observeFromS":230.0,"observeToS":140.0,"minDeltaPct":0.07,"maxVariancePct":0.05,"trainWinRatePct":90.1,"oosWinRatePct":100.0,"oosBhAdjustedPValue":6.18534e-14,"oosMatches":28,"avgEntryPrice":0.9089,"evPerTrade":0.0611,"smartScore":13.17,"wfFoldsAppeared":3,"wfTotalTestFolds":6,"wfFoldIndices":[3,6,7]}
2026-04-09 09:05:00.208 [INFO] strategy.window_handler: switched to new signal: #1 up (previous: #1 up)
[96m[1m2026-04-09 09:05:00.208 [INFO] strategy.window_tracker: new window: btc-updown-5m-1775725500 (ts=1775725500)[0m
[96m2026-04-09 09:05:00.292 [INFO] strategy.window_handler: REGIME vol_stddev=0.089% chop_flips=4.3 outcome=3U/3D over 6w sprt=dormant llr=0.00 age=0w bankroll=$873.39[0m
[96m2026-04-09 09:05:00.292 [INFO] strategy.window_handler: KELLY wr_adj=94.7% base=100.0% total_disc=2.3% vol=0.0% chop=19.0% outcome=0.0% feedback=+0.0%[0m
[96m2026-04-09 09:05:00.293 [INFO] __main__: window open price captured: 71129.99 (chainlink)[0m
2026-04-09 09:05:01.219 [INFO] market_data.clob_market_ws: CLOB market subscribed for tokens up=104512741738 down=707175733043
[2m2026-04-09 09:05:24.380 [INFO] __main__: STATUS t=276s delta=-0.0109% dir=down agree=True chain=71122.24 bin=71125.01 open=71129.99 obi=-0.2780 ask_up=0.47 ask_dn=0.54 bid_up=0.46 bid_dn=0.53 halted=False[0m
[2m2026-04-09 09:05:54.472 [INFO] __main__: STATUS t=246s delta=-0.0074% dir=down agree=True chain=71124.70 bin=71125.02 open=71129.99 obi=-0.3683 ask_up=0.48 ask_dn=0.53 bid_up=0.47 bid_dn=0.52 halted=False[0m
[2m2026-04-09 09:06:24.633 [INFO] __main__: STATUS t=215s delta=-0.0290% dir=down agree=True chain=71109.38 bin=71109.99 open=71129.99 obi=-0.0706 ask_up=0.38 ask_dn=0.63 bid_up=0.37 bid_dn=0.62 halted=False[0m
[2m2026-04-09 09:06:54.723 [INFO] __main__: STATUS t=185s delta=0.0350% dir=up agree=True chain=71154.88 bin=71147.45 open=71129.99 obi=-0.6721 ask_up=0.62 ask_dn=0.39 bid_up=0.61 bid_dn=0.38 halted=False[0m
[2m2026-04-09 09:07:24.821 [INFO] __main__: STATUS t=155s delta=0.0203% dir=up agree=True chain=71144.42 bin=71150.77 open=71129.99 obi=0.8323 ask_up=0.73 ask_dn=0.28 bid_up=0.72 bid_dn=0.27 halted=False[0m
[37m2026-04-09 09:07:40.116 [INFO] strategy.momentum_signal: [SKIP] rank=1 side=up reason=conditions_not_met latest_pct=0.0556 need=>=0.07 stddev=0.0287 max_var=0.050[0m
[2m2026-04-09 09:07:54.913 [INFO] __main__: STATUS t=125s delta=0.0552% dir=up agree=True chain=71169.26 bin=71169.55 open=71129.99 obi=0.4797 ask_up=0.85 ask_dn=0.16 bid_up=0.84 bid_dn=0.15 halted=False[0m
[2m2026-04-09 09:08:25.007 [INFO] __main__: STATUS t=95s delta=0.0837% dir=up agree=True chain=71189.56 bin=71189.98 open=71129.99 obi=-0.8011 ask_up=0.94 ask_dn=0.07 bid_up=0.93 bid_dn=0.06 halted=False[0m
[2m2026-04-09 09:08:55.105 [INFO] __main__: STATUS t=65s delta=0.0980% dir=up agree=True chain=71199.71 bin=71203.90 open=71129.99 obi=-0.9563 ask_up=0.99 ask_dn=0.02 bid_up=0.98 bid_dn=0.01 halted=False[0m
[2m2026-04-09 09:09:25.204 [INFO] __main__: STATUS t=35s delta=0.1062% dir=up agree=True chain=71205.54 bin=71209.76 open=71129.99 obi=0.9015 ask_up=1.00 ask_dn=0.01 bid_up=0.99 bid_dn=0.01 halted=False[0m
[2m2026-04-09 09:09:55.302 [INFO] __main__: STATUS t=5s delta=0.1504% dir=up agree=True chain=71236.97 bin=71241.38 open=71129.99 obi=-0.8586 ask_up=1.00 ask_dn=0.01 bid_up=0.99 bid_dn=0.01 halted=False[0m
[37m2026-04-09 09:10:00.076 [INFO] execution.paper_trading: paper window_ts=1775725500 [SKIP] pnl=0.0000 direction=up outcome=up - balance=$948.48 bid_up=0.99 ask_up=1.00 bid_dn=0.01 ask_dn=0.01[0m
[93m[1m2026-04-09 09:10:00.079 [INFO] risk.position_tracker: WINDOW_SUMMARY window_pnl=$0.0000 session_pnl=$-51.5171 won=$16.7029 lost=$68.2200 wr=57.1% (4/7) consec_losses=1[0m
[96m2026-04-09 09:10:00.086 [INFO] strategy.window_handler: REGIME chop_detected flips=6 delta_range=0.1829% avg_flips=4.2 over=6_windows[0m
[37m2026-04-09 09:10:00.090 [INFO] strategy.window_handler: WINDOW_DECISION [SKIP] rank=1 side=up pnl=$0.0000 entry=0.00 size=$0.00 (conditions not met)[0m
[96m[1m2026-04-09 09:10:00.090 [INFO] strategy.window_tracker: new window: btc-updown-5m-1775725800 (ts=1775725800)[0m
[96m2026-04-09 09:10:00.168 [INFO] strategy.window_handler: REGIME vol_stddev=0.093% chop_flips=4.2 outcome=3U/3D over 6w sprt=dormant llr=0.00 age=1w bankroll=$873.39[0m
[96m2026-04-09 09:10:00.168 [INFO] strategy.window_handler: KELLY wr_adj=95.0% base=100.0% total_disc=2.0% vol=0.0% chop=16.7% outcome=0.0% feedback=+0.0%[0m
[96m2026-04-09 09:10:00.169 [INFO] __main__: window open price captured: 71236.41 (chainlink)[0m
2026-04-09 09:10:00.453 [INFO] market_data.clob_market_ws: CLOB market subscribed for tokens up=108890755311 down=947036281122
[2m2026-04-09 09:10:25.535 [INFO] __main__: STATUS t=274s delta=-0.0128% dir=down agree=True chain=71227.29 bin=71228.48 open=71236.41 obi=0.6545 ask_up=0.44 ask_dn=0.57 bid_up=0.43 bid_dn=0.56 halted=False[0m
[2m2026-04-09 09:10:55.627 [INFO] __main__: STATUS t=244s delta=0.0249% dir=up agree=True chain=71254.16 bin=71255.04 open=71236.41 obi=-0.3563 ask_up=0.61 ask_dn=0.40 bid_up=0.60 bid_dn=0.39 halted=False[0m
[2m2026-04-09 09:11:25.719 [INFO] __main__: STATUS t=214s delta=0.0159% dir=up agree=True chain=71247.76 bin=71248.16 open=71236.41 obi=0.0383 ask_up=0.59 ask_dn=0.42 bid_up=0.58 bid_dn=0.41 halted=False[0m
[2m2026-04-09 09:11:55.803 [INFO] __main__: STATUS t=184s delta=0.0691% dir=up agree=True chain=71285.63 bin=71288.24 open=71236.41 obi=-0.7571 ask_up=0.84 ask_dn=0.17 bid_up=0.83 bid_dn=0.16 halted=False[0m
[2m2026-04-09 09:12:25.901 [INFO] __main__: STATUS t=154s delta=0.1352% dir=up agree=True chain=71332.71 bin=71327.36 open=71236.41 obi=-0.8686 ask_up=0.95 ask_dn=0.06 bid_up=0.94 bid_dn=0.05 halted=False[0m
[37m2026-04-09 09:12:40.197 [INFO] strategy.momentum_signal: [SKIP] rank=1 side=up reason=KELLY_NO_EDGE p_adj=0.950 entry=0.97 raw_f=-0.667 total_disc=0.020 vol=0.000 chop=0.167 outcome=0.000[0m
[2m2026-04-09 09:12:55.996 [INFO] __main__: STATUS t=124s delta=0.1132% dir=up agree=True chain=71317.03 bin=71325.99 open=71236.41 obi=0.2106 ask_up=0.94 ask_dn=0.07 bid_up=0.93 bid_dn=0.06 halted=False[0m
[2m2026-04-09 09:13:26.100 [INFO] __main__: STATUS t=94s delta=0.1307% dir=up agree=True chain=71329.51 bin=71330.67 open=71236.41 obi=0.9090 ask_up=0.99 ask_dn=0.02 bid_up=0.98 bid_dn=0.01 halted=False[0m
[2m2026-04-09 09:13:56.205 [INFO] __main__: STATUS t=64s delta=0.1385% dir=up agree=True chain=71335.07 bin=71335.91 open=71236.41 obi=-0.1778 ask_up=1.00 ask_dn=0.01 bid_up=0.99 bid_dn=0.01 halted=False[0m
[2m2026-04-09 09:14:26.323 [INFO] __main__: STATUS t=34s delta=0.1169% dir=up agree=True chain=71319.69 bin=71318.32 open=71236.41 obi=-0.8923 ask_up=1.00 ask_dn=0.01 bid_up=0.99 bid_dn=0.01 halted=False[0m
[2m2026-04-09 09:14:56.433 [INFO] __main__: STATUS t=4s delta=0.1196% dir=up agree=True chain=71321.63 bin=71324.59 open=71236.41 obi=0.9966 ask_up=1.00 ask_dn=0.01 bid_up=0.99 bid_dn=0.01 halted=False[0m
[37m2026-04-09 09:15:00.195 [INFO] execution.paper_trading: paper window_ts=1775725800 [SKIP] pnl=0.0000 direction=up outcome=up - balance=$948.48 bid_up=0.99 ask_up=1.00 bid_dn=0.01 ask_dn=0.01[0m
[93m[1m2026-04-09 09:15:00.196 [INFO] risk.position_tracker: WINDOW_SUMMARY window_pnl=$0.0000 session_pnl=$-51.5171 won=$16.7029 lost=$68.2200 wr=57.1% (4/7) consec_losses=1[0m
[96m2026-04-09 09:15:00.199 [INFO] strategy.window_handler: REGIME chop_detected flips=4 delta_range=0.1562% avg_flips=4.5 over=6_windows[0m
[37m2026-04-09 09:15:00.203 [INFO] strategy.window_handler: WINDOW_DECISION [SKIP] rank=1 side=up pnl=$0.0000 entry=0.00 size=$0.00 (conditions not met)[0m
[96m[1m2026-04-09 09:15:00.204 [INFO] strategy.window_tracker: new window: btc-updown-5m-1775726100 (ts=1775726100)[0m
[96m2026-04-09 09:15:00.268 [INFO] strategy.window_handler: REGIME vol_stddev=0.096% chop_flips=4.5 outcome=3U/3D over 6w sprt=dormant llr=0.00 age=2w bankroll=$873.39[0m
[96m2026-04-09 09:15:00.268 [INFO] strategy.window_handler: KELLY wr_adj=94.4% base=100.0% total_disc=2.6% vol=0.0% chop=21.4% outcome=0.0% feedback=+0.0%[0m
[96m2026-04-09 09:15:00.268 [INFO] __main__: window open price captured: 71327.10 (chainlink)[0m
2026-04-09 09:15:00.690 [INFO] market_data.clob_market_ws: CLOB market subscribed for tokens up=108997593212 down=595960371408
[2m2026-04-09 09:15:26.627 [INFO] __main__: STATUS t=273s delta=0.0123% dir=up agree=True chain=71335.90 bin=71338.59 open=71327.10 obi=0.6414 ask_up=0.59 ask_dn=0.42 bid_up=0.58 bid_dn=0.41 halted=False[0m
2026-04-09 09:15:29.457 [INFO] shared.ipc: IPC: received authenticated signal_update (summary=signals_summary_1775726129.json)
2026-04-09 09:15:29.457 [INFO] __main__: received new signal from orchestrator: rank=1 side=Down
[2m2026-04-09 09:15:56.716 [INFO] __main__: STATUS t=243s delta=0.0439% dir=up agree=True chain=71358.43 bin=71358.35 open=71327.10 obi=-0.2404 ask_up=0.76 ask_dn=0.25 bid_up=0.75 bid_dn=0.24 halted=False[0m
[2m2026-04-09 09:16:26.814 [INFO] __main__: STATUS t=213s delta=0.0388% dir=up agree=True chain=71354.77 bin=71355.24 open=71327.10 obi=-0.9921 ask_up=0.69 ask_dn=0.32 bid_up=0.68 bid_dn=0.31 halted=False[0m
[2m2026-04-09 09:16:56.902 [INFO] __main__: STATUS t=183s delta=0.0106% dir=up agree=True chain=71334.63 bin=71332.10 open=71327.10 obi=0.4286 ask_up=0.57 ask_dn=0.44 bid_up=0.56 bid_dn=0.43 halted=False[0m
[2m2026-04-09 09:17:26.999 [INFO] __main__: STATUS t=153s delta=0.0289% dir=up agree=True chain=71347.69 bin=71349.49 open=71327.10 obi=0.9460 ask_up=0.74 ask_dn=0.27 bid_up=0.73 bid_dn=0.26 halted=False[0m
[96m2026-04-09 09:17:40.043 [INFO] strategy.momentum_signal: KELLY sizing: p_adj=0.944 base=0.970 total_disc=0.026 vol=0.000 chop=0.214 outcome=0.000 feedback=+0.000[0m
[96m2026-04-09 09:17:40.043 [INFO] strategy.momentum_signal: KELLY bet: entry=0.93 raw_f=0.204 frac_f=0.051 bankroll=$873.39 kelly_bet=$21.83 sprt=1.00 final=$21.83[0m
[92m[1m2026-04-09 09:17:40.043 [INFO] strategy.momentum_signal: FIRED rank=1 side=up t=140.0s dir=0.1264% stddev=0.0390% n=359 oos_wr=100.0% bh_p=6.19e-14 avg_entry=0.91 ask=0.93 size=$21.83[0m
[91m[1m2026-04-09 09:17:40.043 [ERROR] risk.registry: KILL SWITCH: daily loss limit hit: -51.52 — trading halted[0m
[91m2026-04-09 09:17:40.043 [WARNING] execution.paper_trading: paper momentum1 blocked by risk limits[0m
2026-04-09 09:17:40.043 [INFO] strategy.momentum_signal: maker rejected rank=1 (price=0.92 ask=0.93), falling through to taker
[91m2026-04-09 09:17:40.043 [WARNING] execution.paper_trading: paper momentum1 blocked by risk limits[0m
[2m2026-04-09 09:17:57.090 [INFO] __main__: STATUS t=123s delta=0.1168% dir=up agree=True chain=71410.38 bin=71412.10 open=71327.10 obi=-0.6457 ask_up=0.94 ask_dn=0.07 bid_up=0.93 bid_dn=0.06 halted=True[0m
[2m2026-04-09 09:18:27.180 [INFO] __main__: STATUS t=93s delta=0.0933% dir=up agree=True chain=71393.65 bin=71396.42 open=71327.10 obi=0.8571 ask_up=0.93 ask_dn=0.08 bid_up=0.92 bid_dn=0.07 halted=True[0m
[2m2026-04-09 09:18:57.270 [INFO] __main__: STATUS t=63s delta=0.0709% dir=up agree=True chain=71377.67 bin=71375.24 open=71327.10 obi=0.7477 ask_up=0.91 ask_dn=0.10 bid_up=0.90 bid_dn=0.09 halted=True[0m
[2m2026-04-09 09:19:27.365 [INFO] __main__: STATUS t=33s delta=0.0899% dir=up agree=True chain=71391.24 bin=71389.24 open=71327.10 obi=0.8668 ask_up=1.00 ask_dn=0.01 bid_up=0.99 bid_dn=0.01 halted=True[0m
[2m2026-04-09 09:19:57.454 [INFO] __main__: STATUS t=3s delta=0.0708% dir=up agree=True chain=71377.60 bin=71377.13 open=71327.10 obi=-0.1386 ask_up=1.00 ask_dn=0.01 bid_up=0.99 bid_dn=0.01 halted=True[0m
[37m2026-04-09 09:20:00.232 [INFO] execution.paper_trading: paper window_ts=1775726100 [SKIP] pnl=0.0000 direction=up outcome=up - balance=$948.48 bid_up=0.99 ask_up=1.00 bid_dn=0.01 ask_dn=0.01[0m
[93m[1m2026-04-09 09:20:00.232 [INFO] risk.position_tracker: WINDOW_SUMMARY window_pnl=$0.0000 session_pnl=$-51.5171 won=$16.7029 lost=$68.2200 wr=57.1% (4/7) consec_losses=1[0m
[96m2026-04-09 09:20:00.237 [INFO] strategy.window_handler: REGIME chop_detected flips=3 delta_range=0.1952% avg_flips=4.5 over=6_windows[0m
[37m2026-04-09 09:20:00.244 [INFO] strategy.window_handler: WINDOW_DECISION [SKIP] rank=1 side=up pnl=$0.0000 entry=0.00 size=$0.00 (conditions not met)[0m
2026-04-09 09:20:00.244 [INFO] strategy.window_handler: Signal changed: up_230.0_140.0_0.07_0.05 -> down_270.0_200.0_0.07_0.05 (age was 3 windows)
2026-04-09 09:20:00.244 [INFO] strategy.window_handler: SIGNAL_SWAP_ACTIVE: {"rank":1,"side":"down","observeFromS":270.0,"observeToS":200.0,"minDeltaPct":0.07,"maxVariancePct":0.05,"trainWinRatePct":86.57,"oosWinRatePct":91.89,"oosBhAdjustedPValue":3.35233e-10,"oosMatches":37,"avgEntryPrice":0.823,"evPerTrade":0.0659,"smartScore":13.25,"wfFoldsAppeared":3,"wfTotalTestFolds":6,"wfFoldIndices":[5,6,7]}
2026-04-09 09:20:00.244 [INFO] strategy.window_handler: switched to new signal: #1 down (previous: #1 up)
[96m[1m2026-04-09 09:20:00.244 [INFO] strategy.window_tracker: new window: btc-updown-5m-1775726400 (ts=1775726400)[0m
[96m2026-04-09 09:20:00.315 [INFO] strategy.window_handler: REGIME vol_stddev=0.095% chop_flips=4.5 outcome=4U/2D over 6w sprt=dormant llr=0.00 age=0w bankroll=$873.39[0m
[96m2026-04-09 09:20:00.315 [INFO] strategy.window_handler: KELLY wr_adj=84.3% base=91.9% total_disc=4.6% vol=0.0% chop=21.4% outcome=38.1% feedback=+0.0%[0m
[96m2026-04-09 09:20:00.316 [INFO] __main__: window open price captured: 71377.54 (chainlink)[0m
2026-04-09 09:20:00.888 [INFO] market_data.clob_market_ws: CLOB market subscribed for tokens up=793051320946 down=912883902889
[2m2026-04-09 09:20:27.649 [INFO] __main__: STATUS t=272s delta=-0.0420% dir=down agree=True chain=71347.59 bin=71350.01 open=71377.54 obi=-0.1295 ask_up=0.34 ask_dn=0.67 bid_up=0.33 bid_dn=0.66 halted=True[0m
[2m2026-04-09 09:20:57.730 [INFO] __main__: STATUS t=242s delta=-0.0500% dir=down agree=True chain=71341.82 bin=71336.11 open=71377.54 obi=-0.4552 ask_up=0.25 ask_dn=0.76 bid_up=0.24 bid_dn=0.75 halted=True[0m
[2m2026-04-09 09:21:27.815 [INFO] __main__: STATUS t=212s delta=-0.0904% dir=down agree=True chain=71313.01 bin=71310.73 open=71377.54 obi=-0.2602 ask_up=0.14 ask_dn=0.87 bid_up=0.13 bid_dn=0.86 halted=True[0m
[2m2026-04-09 09:21:57.893 [INFO] __main__: STATUS t=182s delta=-0.1266% dir=down agree=True chain=71287.19 bin=71282.46 open=71377.54 obi=0.7858 ask_up=0.08 ask_dn=0.93 bid_up=0.07 bid_dn=0.92 halted=True[0m
[2m2026-04-09 09:22:27.988 [INFO] __main__: STATUS t=152s delta=-0.1131% dir=down agree=True chain=71296.81 bin=71295.99 open=71377.54 obi=0.5028 ask_up=0.07 ask_dn=0.94 bid_up=0.06 bid_dn=0.93 halted=True[0m
[2m2026-04-09 09:22:58.078 [INFO] __main__: STATUS t=122s delta=-0.1044% dir=down agree=True chain=71302.99 bin=71304.90 open=71377.54 obi=0.7580 ask_up=0.06 ask_dn=0.95 bid_up=0.05 bid_dn=0.94 halted=True[0m
[2m2026-04-09 09:23:28.172 [INFO] __main__: STATUS t=92s delta=-0.1034% dir=down agree=True chain=71303.76 bin=71305.77 open=71377.54 obi=-0.0328 ask_up=0.04 ask_dn=0.97 bid_up=0.03 bid_dn=0.96 halted=True[0m
[2m2026-04-09 09:23:58.255 [INFO] __main__: STATUS t=62s delta=-0.1014% dir=down agree=True chain=71305.13 bin=71305.76 open=71377.54 obi=-0.4047 ask_up=0.02 ask_dn=0.99 bid_up=0.01 bid_dn=0.98 halted=True[0m
[2m2026-04-09 09:24:28.365 [INFO] __main__: STATUS t=32s delta=-0.1278% dir=down agree=True chain=71286.31 bin=71286.00 open=71377.54 obi=0.1219 ask_up=0.01 ask_dn=1.00 bid_up=0.01 bid_dn=0.99 halted=True[0m
[2m2026-04-09 09:24:58.461 [INFO] __main__: STATUS t=2s delta=-0.1267% dir=down agree=True chain=71287.09 bin=71286.00 open=71377.54 obi=-0.1179 ask_up=0.01 ask_dn=1.00 bid_up=0.01 bid_dn=0.99 halted=True[0m
[37m2026-04-09 09:25:00.220 [INFO] execution.paper_trading: paper window_ts=1775726400 [SKIP] pnl=0.0000 direction=down outcome=down - balance=$948.48 bid_up=0.01 ask_up=0.01 bid_dn=0.99 ask_dn=1.00[0m
[93m[1m2026-04-09 09:25:00.220 [INFO] risk.position_tracker: WINDOW_SUMMARY window_pnl=$0.0000 session_pnl=$-51.5171 won=$16.7029 lost=$68.2200 wr=57.1% (4/7) consec_losses=1[0m
[37m2026-04-09 09:25:00.226 [INFO] strategy.window_handler: WINDOW_DECISION [SKIP] rank=1 side=down pnl=$0.0000 entry=0.00 size=$0.00 (no fire)[0m
[96m[1m2026-04-09 09:25:00.226 [INFO] strategy.window_tracker: new window: btc-updown-5m-1775726700 (ts=1775726700)[0m
[96m2026-04-09 09:25:00.341 [INFO] strategy.window_handler: REGIME vol_stddev=0.099% chop_flips=3.8 outcome=3U/3D over 6w sprt=dormant llr=0.00 age=1w bankroll=$873.39[0m
[96m2026-04-09 09:25:00.341 [INFO] strategy.window_handler: KELLY wr_adj=87.5% base=91.9% total_disc=1.4% vol=0.0% chop=11.9% outcome=0.0% feedback=+0.0%[0m
[96m2026-04-09 09:25:00.342 [INFO] __main__: window open price captured: 71286.57 (chainlink)[0m
2026-04-09 09:25:01.111 [INFO] market_data.clob_market_ws: CLOB market subscribed for tokens up=630118446105 down=884178169175
[2m2026-04-09 09:25:28.679 [INFO] __main__: STATUS t=271s delta=-0.0316% dir=down agree=True chain=71264.05 bin=71258.81 open=71286.57 obi=-0.8992 ask_up=0.32 ask_dn=0.69 bid_up=0.31 bid_dn=0.68 halted=True[0m
[2m2026-04-09 09:25:58.761 [INFO] __main__: STATUS t=241s delta=-0.0572% dir=down agree=True chain=71245.83 bin=71246.00 open=71286.57 obi=-0.8439 ask_up=0.23 ask_dn=0.78 bid_up=0.22 bid_dn=0.77 halted=True[0m
[2m2026-04-09 09:26:28.872 [INFO] __main__: STATUS t=211s delta=-0.0529% dir=down agree=True chain=71248.83 bin=71246.00 open=71286.57 obi=0.9682 ask_up=0.24 ask_dn=0.77 bid_up=0.23 bid_dn=0.76 halted=True[0m
[2m2026-04-09 09:26:58.955 [INFO] __main__: STATUS t=181s delta=-0.0050% dir=down agree=True chain=71283.04 bin=71282.48 open=71286.57 obi=0.7532 ask_up=0.48 ask_dn=0.53 bid_up=0.47 bid_dn=0.52 halted=True[0m
[2m2026-04-09 09:27:29.048 [INFO] __main__: STATUS t=151s delta=-0.0100% dir=down agree=True chain=71279.47 bin=71275.35 open=71286.57 obi=0.2659 ask_up=0.40 ask_dn=0.61 bid_up=0.39 bid_dn=0.60 halted=True[0m
[2m2026-04-09 09:27:59.131 [INFO] __main__: STATUS t=121s delta=0.0011% dir=up agree=False chain=71287.34 bin=71285.99 open=71286.57 obi=0.0542 ask_up=0.54 ask_dn=0.47 bid_up=0.53 bid_dn=0.46 halted=True[0m
[2m2026-04-09 09:28:29.230 [INFO] __main__: STATUS t=91s delta=-0.0158% dir=down agree=True chain=71275.32 bin=71273.78 open=71286.57 obi=0.0390 ask_up=0.36 ask_dn=0.65 bid_up=0.35 bid_dn=0.64 halted=True[0m
[2m2026-04-09 09:28:59.318 [INFO] __main__: STATUS t=61s delta=-0.0145% dir=down agree=True chain=71276.21 bin=71273.78 open=71286.57 obi=0.4424 ask_up=0.33 ask_dn=0.68 bid_up=0.32 bid_dn=0.67 halted=True[0m
[2m2026-04-09 09:29:29.409 [INFO] __main__: STATUS t=31s delta=-0.0087% dir=down agree=True chain=71280.35 bin=71281.29 open=71286.57 obi=0.6173 ask_up=0.48 ask_dn=0.53 bid_up=0.47 bid_dn=0.52 halted=True[0m
[2m2026-04-09 09:29:59.495 [INFO] __main__: STATUS t=1s delta=0.0086% dir=up agree=True chain=71292.68 bin=71292.44 open=71286.57 obi=-0.9209 ask_up=1.00 ask_dn=0.01 bid_up=0.99 bid_dn=0.01 halted=True[0m
[37m2026-04-09 09:30:00.021 [INFO] execution.paper_trading: paper window_ts=1775726700 [SKIP] pnl=0.0000 direction=up outcome=up - balance=$948.48 bid_up=0.99 ask_up=1.00 bid_dn=0.01 ask_dn=0.01[0m
[93m[1m2026-04-09 09:30:00.021 [INFO] risk.position_tracker: WINDOW_SUMMARY window_pnl=$0.0000 session_pnl=$-51.5171 won=$16.7029 lost=$68.2200 wr=57.1% (4/7) consec_losses=1[0m
[37m2026-04-09 09:30:00.028 [INFO] strategy.window_handler: WINDOW_DECISION [SKIP] rank=1 side=down pnl=$0.0000 entry=0.00 size=$0.00 (no fire)[0m
[96m[1m2026-04-09 09:30:00.028 [INFO] strategy.window_tracker: new window: btc-updown-5m-1775727000 (ts=1775727000)[0m
[96m2026-04-09 09:30:00.137 [INFO] strategy.window_handler: REGIME vol_stddev=0.099% chop_flips=2.3 outcome=4U/2D over 6w sprt=dormant llr=0.00 age=2w bankroll=$873.39[0m
[96m2026-04-09 09:30:00.138 [INFO] strategy.window_handler: KELLY wr_adj=84.3% base=91.9% total_disc=4.6% vol=0.0% chop=0.0% outcome=38.1% feedback=+0.0%[0m
[96m2026-04-09 09:30:00.138 [INFO] __main__: window open price captured: 71292.68 (chainlink)[0m
2026-04-09 09:30:00.325 [INFO] market_data.clob_market_ws: CLOB market subscribed for tokens up=212991091757 down=191535592943
[2m2026-04-09 09:30:29.745 [INFO] __main__: STATUS t=270s delta=-0.0248% dir=down agree=True chain=71274.99 bin=71274.55 open=71292.68 obi=0.3844 ask_up=0.40 ask_dn=0.61 bid_up=0.39 bid_dn=0.60 halted=True[0m
[2m2026-04-09 09:30:59.831 [INFO] __main__: STATUS t=240s delta=-0.0179% dir=down agree=True chain=71279.93 bin=71278.38 open=71292.68 obi=-0.1673 ask_up=0.43 ask_dn=0.58 bid_up=0.42 bid_dn=0.57 halted=True[0m
[2m2026-04-09 09:31:29.918 [INFO] __main__: STATUS t=210s delta=-0.0225% dir=down agree=True chain=71276.62 bin=71275.78 open=71292.68 obi=0.2406 ask_up=0.38 ask_dn=0.63 bid_up=0.37 bid_dn=0.62 halted=True[0m
[2m2026-04-09 09:32:00.000 [INFO] __main__: STATUS t=180s delta=-0.0067% dir=down agree=True chain=71287.89 bin=71285.59 open=71292.68 obi=0.6468 ask_up=0.51 ask_dn=0.50 bid_up=0.50 bid_dn=0.49 halted=True[0m
[2m2026-04-09 09:32:30.100 [INFO] __main__: STATUS t=150s delta=0.0016% dir=up agree=False chain=71293.80 bin=71289.35 open=71292.68 obi=0.9062 ask_up=0.58 ask_dn=0.44 bid_up=0.56 bid_dn=0.42 halted=True[0m
[2m2026-04-09 09:33:00.193 [INFO] __main__: STATUS t=120s delta=0.0645% dir=up agree=True chain=71338.67 bin=71336.59 open=71292.68 obi=-0.1891 ask_up=0.86 ask_dn=0.15 bid_up=0.85 bid_dn=0.14 halted=True[0m
[2m2026-04-09 09:33:30.280 [INFO] __main__: STATUS t=90s delta=0.0321% dir=up agree=True chain=71315.60 bin=71310.31 open=71292.68 obi=-0.7985 ask_up=0.74 ask_dn=0.27 bid_up=0.73 bid_dn=0.26 halted=True[0m
[2m2026-04-09 09:34:00.363 [INFO] __main__: STATUS t=60s delta=-0.0211% dir=down agree=True chain=71277.67 bin=71275.80 open=71292.68 obi=0.1459 ask_up=0.31 ask_dn=0.70 bid_up=0.30 bid_dn=0.69 halted=True[0m
[2m2026-04-09 09:34:30.450 [INFO] __main__: STATUS t=30s delta=-0.0567% dir=down agree=True chain=71252.24 bin=71252.41 open=71292.68 obi=-0.9990 ask_up=0.04 ask_dn=0.97 bid_up=0.03 bid_dn=0.96 halted=True[0m
[37m2026-04-09 09:35:00.044 [INFO] execution.paper_trading: paper window_ts=1775727000 [SKIP] pnl=0.0000 direction=down outcome=down - balance=$948.48 bid_up=0.01 ask_up=0.01 bid_dn=0.99 ask_dn=1.00[0m
[93m[1m2026-04-09 09:35:00.044 [INFO] risk.position_tracker: WINDOW_SUMMARY window_pnl=$0.0000 session_pnl=$-51.5171 won=$16.7029 lost=$68.2200 wr=57.1% (4/7) consec_losses=1[0m
[37m2026-04-09 09:35:00.068 [INFO] strategy.window_handler: WINDOW_DECISION [SKIP] rank=1 side=down pnl=$0.0000 entry=0.00 size=$0.00 (no fire)[0m
[96m[1m2026-04-09 09:35:00.069 [INFO] strategy.window_tracker: new window: btc-updown-5m-1775727300 (ts=1775727300)[0m
[96m2026-04-09 09:35:00.145 [INFO] strategy.window_handler: REGIME vol_stddev=0.100% chop_flips=2.2 outcome=4U/2D over 6w sprt=dormant llr=0.00 age=3w bankroll=$873.39[0m
[96m2026-04-09 09:35:00.145 [INFO] strategy.window_handler: KELLY wr_adj=84.3% base=91.9% total_disc=4.6% vol=0.0% chop=0.0% outcome=38.1% feedback=+0.0%[0m
[96m2026-04-09 09:35:00.145 [INFO] __main__: window open price captured: 71243.57 (chainlink)[0m
2026-04-09 09:35:00.538 [INFO] market_data.clob_market_ws: CLOB market subscribed for tokens up=269659737528 down=968734614834
[2m2026-04-09 09:35:00.647 [INFO] __main__: STATUS t=299s delta=0.0000% dir=none agree=False chain=71243.57 bin=71237.83 open=71243.57 obi=-0.0291 ask_up=0.47 ask_dn=0.54 bid_up=0.46 bid_dn=0.53 halted=True[0m
[2m2026-04-09 09:35:30.754 [INFO] __main__: STATUS t=269s delta=-0.0053% dir=down agree=True chain=71239.83 bin=71237.16 open=71243.57 obi=-0.3796 ask_up=0.46 ask_dn=0.55 bid_up=0.45 bid_dn=0.54 halted=True[0m
[2m2026-04-09 09:36:00.834 [INFO] __main__: STATUS t=239s delta=-0.0157% dir=down agree=True chain=71232.39 bin=71228.36 open=71243.57 obi=0.3661 ask_up=0.42 ask_dn=0.59 bid_up=0.41 bid_dn=0.58 halted=True[0m
[2m2026-04-09 09:36:30.953 [INFO] __main__: STATUS t=209s delta=-0.0042% dir=down agree=True chain=71240.56 bin=71237.14 open=71243.57 obi=-0.1241 ask_up=0.47 ask_dn=0.54 bid_up=0.46 bid_dn=0.53 halted=True[0m
[2m2026-04-09 09:37:01.046 [INFO] __main__: STATUS t=179s delta=-0.0091% dir=down agree=True chain=71237.10 bin=71230.00 open=71243.57 obi=-0.9204 ask_up=0.35 ask_dn=0.66 bid_up=0.34 bid_dn=0.65 halted=True[0m
[2m2026-04-09 09:37:31.136 [INFO] __main__: STATUS t=149s delta=-0.0260% dir=down agree=True chain=71225.08 bin=71221.40 open=71243.57 obi=-0.0926 ask_up=0.30 ask_dn=0.71 bid_up=0.29 bid_dn=0.70 halted=True[0m
[2m2026-04-09 09:38:01.219 [INFO] __main__: STATUS t=119s delta=-0.0373% dir=down agree=True chain=71216.98 bin=71212.00 open=71243.57 obi=-0.3510 ask_up=0.17 ask_dn=0.84 bid_up=0.16 bid_dn=0.83 halted=True[0m
[2m2026-04-09 09:38:31.317 [INFO] __main__: STATUS t=89s delta=-0.0322% dir=down agree=True chain=71220.66 bin=71212.01 open=71243.57 obi=-0.0497 ask_up=0.16 ask_dn=0.85 bid_up=0.15 bid_dn=0.84 halted=True[0m
[2m2026-04-09 09:39:01.405 [INFO] __main__: STATUS t=59s delta=-0.0438% dir=down agree=True chain=71212.37 bin=71209.60 open=71243.57 obi=0.7797 ask_up=0.09 ask_dn=0.92 bid_up=0.08 bid_dn=0.91 halted=True[0m
[2m2026-04-09 09:39:31.511 [INFO] __main__: STATUS t=28s delta=-0.0277% dir=down agree=True chain=71223.86 bin=71220.00 open=71243.57 obi=0.9029 ask_up=0.16 ask_dn=0.85 bid_up=0.15 bid_dn=0.84 halted=True[0m
[37m2026-04-09 09:40:00.091 [INFO] execution.paper_trading: paper window_ts=1775727300 [SKIP] pnl=0.0000 direction=down outcome=down - balance=$948.48 bid_up=0.01 ask_up=0.01 bid_dn=0.99 ask_dn=1.00[0m
[93m[1m2026-04-09 09:40:00.092 [INFO] risk.position_tracker: WINDOW_SUMMARY window_pnl=$0.0000 session_pnl=$-51.5171 won=$16.7029 lost=$68.2200 wr=57.1% (4/7) consec_losses=1[0m
[37m2026-04-09 09:40:00.102 [INFO] strategy.window_handler: WINDOW_DECISION [SKIP] rank=1 side=down pnl=$0.0000 entry=0.00 size=$0.00 (no fire)[0m
[96m[1m2026-04-09 09:40:00.102 [INFO] strategy.window_tracker: new window: btc-updown-5m-1775727600 (ts=1775727600)[0m
[96m2026-04-09 09:40:00.183 [INFO] strategy.window_handler: REGIME vol_stddev=0.100% chop_flips=1.2 outcome=3U/3D over 6w sprt=dormant llr=0.00 age=4w bankroll=$873.39[0m
[96m2026-04-09 09:40:00.184 [INFO] __main__: window open price captured: 71234.66 (chainlink)[0m
2026-04-09 09:40:00.763 [INFO] market_data.clob_market_ws: CLOB market subscribed for tokens up=904649841613 down=753739839889
[2m2026-04-09 09:40:01.691 [INFO] __main__: STATUS t=298s delta=0.0002% dir=up agree=False chain=71234.78 bin=71230.00 open=71234.66 obi=0.8275 ask_up=0.59 ask_dn=0.42 bid_up=0.58 bid_dn=0.41 halted=True[0m
[2m2026-04-09 09:40:31.845 [INFO] __main__: STATUS t=268s delta=0.0030% dir=up agree=True chain=71236.79 bin=71237.13 open=71234.66 obi=-0.5669 ask_up=0.55 ask_dn=0.46 bid_up=0.54 bid_dn=0.45 halted=True[0m
[2m2026-04-09 09:41:01.933 [INFO] __main__: STATUS t=238s delta=0.0030% dir=up agree=True chain=71236.79 bin=71237.13 open=71234.66 obi=-0.2895 ask_up=0.57 ask_dn=0.44 bid_up=0.56 bid_dn=0.43 halted=True[0m
[2m2026-04-09 09:41:32.021 [INFO] __main__: STATUS t=208s delta=0.0123% dir=up agree=True chain=71243.42 bin=71244.91 open=71234.66 obi=0.8571 ask_up=0.68 ask_dn=0.33 bid_up=0.67 bid_dn=0.32 halted=True[0m
[2m2026-04-09 09:42:02.106 [INFO] __main__: STATUS t=178s delta=0.0067% dir=up agree=True chain=71239.42 bin=71237.12 open=71234.66 obi=0.0178 ask_up=0.58 ask_dn=0.43 bid_up=0.57 bid_dn=0.42 halted=True[0m
[2m2026-04-09 09:42:32.194 [INFO] __main__: STATUS t=148s delta=0.0191% dir=up agree=True chain=71248.30 bin=71245.34 open=71234.66 obi=-0.1945 ask_up=0.68 ask_dn=0.33 bid_up=0.67 bid_dn=0.32 halted=True[0m
[2m2026-04-09 09:43:02.287 [INFO] __main__: STATUS t=118s delta=0.0353% dir=up agree=True chain=71259.81 bin=71260.43 open=71234.66 obi=-0.0617 ask_up=0.85 ask_dn=0.16 bid_up=0.84 bid_dn=0.15 halted=True[0m
[2m2026-04-09 09:43:32.401 [INFO] __main__: STATUS t=88s delta=0.0204% dir=up agree=True chain=71249.16 bin=71246.81 open=71234.66 obi=-0.3299 ask_up=0.72 ask_dn=0.29 bid_up=0.71 bid_dn=0.28 halted=True[0m
[2m2026-04-09 09:44:02.492 [INFO] __main__: STATUS t=58s delta=0.0486% dir=up agree=True chain=71269.28 bin=71260.42 open=71234.66 obi=0.3521 ask_up=0.93 ask_dn=0.08 bid_up=0.92 bid_dn=0.07 halted=True[0m
[2m2026-04-09 09:44:32.596 [INFO] __main__: STATUS t=27s delta=0.0535% dir=up agree=True chain=71272.76 bin=71268.97 open=71234.66 obi=0.9526 ask_up=0.99 ask_dn=0.02 bid_up=0.98 bid_dn=0.01 halted=True[0m
[37m2026-04-09 09:45:00.180 [INFO] execution.paper_trading: paper window_ts=1775727600 [SKIP] pnl=0.0000 direction=up outcome=up - balance=$948.48 bid_up=0.99 ask_up=1.00 bid_dn=0.01 ask_dn=0.01[0m
[93m[1m2026-04-09 09:45:00.181 [INFO] risk.position_tracker: WINDOW_SUMMARY window_pnl=$0.0000 session_pnl=$-51.5171 won=$16.7029 lost=$68.2200 wr=57.1% (4/7) consec_losses=1[0m
[37m2026-04-09 09:45:00.187 [INFO] strategy.window_handler: WINDOW_DECISION [SKIP] rank=1 side=down pnl=$0.0000 entry=0.00 size=$0.00 (no fire)[0m
[96m[1m2026-04-09 09:45:00.187 [INFO] strategy.window_tracker: new window: btc-updown-5m-1775727900 (ts=1775727900)[0m
[96m2026-04-09 09:45:00.249 [INFO] strategy.window_handler: REGIME vol_stddev=0.100% chop_flips=0.5 outcome=3U/3D over 6w sprt=dormant llr=0.00 age=5w bankroll=$873.39[0m
[96m2026-04-09 09:45:00.249 [INFO] strategy.window_handler: KELLY wr_adj=88.9% base=91.9% total_disc=0.0% vol=0.1% chop=0.0% outcome=0.0% feedback=+0.0%[0m
[96m2026-04-09 09:45:00.254 [INFO] __main__: window open price captured: 71278.15 (chainlink)[0m
2026-04-09 09:45:00.971 [INFO] market_data.clob_market_ws: CLOB market subscribed for tokens up=268205669044 down=204817548826
[2m2026-04-09 09:45:02.772 [INFO] __main__: STATUS t=297s delta=0.0003% dir=up agree=False chain=71278.36 bin=71274.35 open=71278.15 obi=-0.4932 ask_up=0.51 ask_dn=0.50 bid_up=0.50 bid_dn=0.49 halted=True[0m
[2m2026-04-09 09:45:32.862 [INFO] __main__: STATUS t=267s delta=0.0155% dir=up agree=True chain=71289.18 bin=71285.80 open=71278.15 obi=0.9287 ask_up=0.67 ask_dn=0.34 bid_up=0.66 bid_dn=0.33 halted=True[0m
[2m2026-04-09 09:46:02.958 [INFO] __main__: STATUS t=237s delta=0.0616% dir=up agree=True chain=71322.03 bin=71318.60 open=71278.15 obi=0.4499 ask_up=0.86 ask_dn=0.15 bid_up=0.85 bid_dn=0.14 halted=True[0m
[2m2026-04-09 09:46:33.038 [INFO] __main__: STATUS t=207s delta=0.0491% dir=up agree=True chain=71313.17 bin=71312.72 open=71278.15 obi=-0.8866 ask_up=0.78 ask_dn=0.23 bid_up=0.77 bid_dn=0.22 halted=True[0m
