
[92mpre-flight checks passed[0m

2026-04-12 12:01:36.687 [INFO] utils.log: logging to file: /opt/polytrader/bot/data/logs/2026-04-12_12-01-36.log
[92m[1m2026-04-12 12:01:36.687 [INFO] __main__: starting polymarket bot — mode=paper[0m
2026-04-12 12:01:36.687 [INFO] __main__: data paths: bankroll=/opt/polytrader/bot/data/paper/bankroll.json journal=/opt/polytrader/bot/data/paper/journal.jsonl state=/opt/polytrader/bot/data/paper/state.json results=/opt/polytrader/bot/data/paper/results
2026-04-12 12:01:36.690 [INFO] shared.keystore: SSH host key detected: /etc/ssh/ssh_host_ed25519_key (ed25519)
2026-04-12 12:01:36.695 [INFO] shared.keystore: HMAC key loaded from age secrets file
2026-04-12 12:01:36.696 [INFO] shared.ipc: IPC server listening on 127.0.0.1:19731
2026-04-12 12:01:36.696 [INFO] shared.keystore: SSH host key detected: /etc/ssh/ssh_host_ed25519_key (ed25519)
2026-04-12 12:01:36.701 [INFO] shared.keystore: HMAC key loaded from age secrets file
2026-04-12 12:01:36.702 [INFO] shared.state_publisher: state publisher listening on 127.0.0.1:19732
2026-04-12 12:01:36.743 [INFO] __main__: gamma API: reachable
2026-04-12 12:01:36.749 [INFO] shared.volatility_tracker: vol cache loaded: prices=5 stddev=0.000% age=6.6 min
2026-04-12 12:01:36.750 [INFO] shared.chop_detector: chop cache loaded: windows=5 avg_flips=4.0 age=6.6 min
2026-04-12 12:01:36.750 [INFO] shared.outcome_tracker: outcome cache loaded: windows=5 recent=3U/2D over 5w age=6.6 min
2026-04-12 12:01:36.884 [INFO] utils.reconnect: rtds connected to wss://ws-live-data.polymarket.com
2026-04-12 12:01:36.885 [INFO] market_data.rtds_ws: RTDS subscribed to chainlink
2026-04-12 12:01:37.398 [INFO] utils.reconnect: binance connected to wss://stream.binance.com:9443/stream?streams=btcusdt@trade/btcusdt@depth5@100ms
2026-04-12 12:01:38.253 [INFO] __main__: price feeds live: binance=71420.42 chainlink=71447.61 — waiting for depth stream
[92m[1m2026-04-12 12:01:38.253 [INFO] __main__: all feeds live: binance=71420.42 chainlink=71447.61 obi=0.8148[0m
2026-04-12 12:01:38.253 [INFO] __main__: no signal file provided -- waiting for orchestrator to deliver first signal...
2026-04-12 12:01:45.604 [INFO] shared.ipc: IPC: received authenticated signal_update (summary=signals_summary_1775995306.json)
2026-04-12 12:01:45.605 [INFO] __main__: received new signal from orchestrator: rank=2 side=Down
2026-04-12 12:01:45.782 [INFO] __main__: first signal received from orchestrator: rank=2 side=down signal_id=down_280.0_250.0_0.08_0.05
2026-04-12 12:01:45.782 [INFO] __main__: SIGNAL_SWAP_ACTIVE: {"rank":2,"side":"down","observeFromS":280.0,"observeToS":250.0,"minDeltaPct":0.08,"maxVariancePct":0.05,"trainWinRatePct":76.27,"oosWinRatePct":84.62,"oosBhAdjustedPValue":1.19399e-05,"oosMatches":39,"avgEntryPrice":0.7564,"evPerTrade":0.0597,"smartScore":4.88,"wfFoldsAppeared":6,"wfTotalTestFolds":6,"wfFoldIndices":[2,3,4,5,6,7]}
2026-04-12 12:01:45.783 [INFO] risk.position_tracker: resumed state: daily_pnl=-51.0144 total_pnl=-39.4058 consecutive_losses=2 signal=down_280.0_250.0_0.08_0.05
2026-04-12 12:01:45.783 [INFO] __main__: resumed paper balance: $979.57
[92m2026-04-12 12:01:45.783 [INFO] __main__: paper trading mode — orders will be simulated (balance=$979.57)[0m
2026-04-12 12:01:45.784 [INFO] strategy.kelly: Loaded bankroll from /opt/polytrader/bot/data/paper/bankroll.json: $787.82
[93m2026-04-12 12:01:45.784 [INFO] strategy.regime: warmup credit: vol=4_prices chop=5_windows — crediting 20 min toward warmup (10 min remaining)[0m
[96m[1m2026-04-12 12:01:45.784 [INFO] strategy.window_tracker: new window: btc-updown-5m-1775995200 (ts=1775995200)[0m
2026-04-12 12:01:45.823 [INFO] strategy.window_tracker: Gamma priceToBeat not yet available for btc-updown-5m-1775995200 — fetching in background
[96m2026-04-12 12:01:45.855 [INFO] strategy.window_handler: REGIME vol_stddev=0.000% chop_flips=4.0 outcome=3U/2D over 5w sprt=dormant llr=0.00 age=0w bankroll=$787.82[0m
[96m2026-04-12 12:01:45.856 [INFO] strategy.window_handler: KELLY wr_adj=78.9% base=84.6% total_disc=2.7% vol=0.0% chop=0.0% outcome=22.9% feedback=+0.0%[0m
[96m2026-04-12 12:01:45.856 [WARNING] __main__: window open price captured: 71443.59 (RTDS latest fallback)[0m
[96m2026-04-12 12:01:45.856 [INFO] __main__: window open price captured: 71420.42 (binance)[0m
2026-04-12 12:01:45.857 [INFO] strategy.momentum_signal: momentum_signal: waiting for full market data
2026-04-12 12:01:45.865 [INFO] utils.reconnect: clob-market connected to wss://ws-subscriptions-clob.polymarket.com/ws/market
2026-04-12 12:01:45.865 [INFO] market_data.clob_market_ws: CLOB market subscribed for tokens up=873252998009 down=837742079774
[2m2026-04-12 12:01:46.107 [INFO] __main__: STATUS t=194s delta=0.0000% dir=none agree=False chain=71443.59 bin=71420.42 open=71443.59 obi=-0.6467 ask_up=0.09 ask_dn=0.92 bid_up=0.08 bid_dn=0.91 halted=False[0m
2026-04-12 12:01:46.108 [INFO] strategy.momentum_signal: momentum_signal rank #2: insufficient ticks (0 < 5) in window [280→250]s — observation window may have been missed at bot start
[2m2026-04-12 12:02:16.230 [INFO] __main__: STATUS t=164s delta=-0.0034% dir=down agree=True chain=71441.14 bin=71414.29 open=71443.59 obi=0.1803 ask_up=0.08 ask_dn=0.93 bid_up=0.07 bid_dn=0.92 halted=False[0m
[2m2026-04-12 12:02:46.357 [INFO] __main__: STATUS t=134s delta=-0.0498% dir=down agree=True chain=71407.99 bin=71387.85 open=71443.59 obi=0.2316 ask_up=0.04 ask_dn=0.98 bid_up=0.02 bid_dn=0.96 halted=False[0m
[2m2026-04-12 12:03:16.489 [INFO] __main__: STATUS t=104s delta=-0.0405% dir=down agree=True chain=71414.67 bin=71383.76 open=71443.59 obi=-0.7952 ask_up=0.02 ask_dn=0.99 bid_up=0.01 bid_dn=0.98 halted=False[0m
[2m2026-04-12 12:03:46.615 [INFO] __main__: STATUS t=73s delta=-0.0438% dir=down agree=True chain=71412.33 bin=71385.11 open=71443.59 obi=0.8933 ask_up=0.01 ask_dn=1.00 bid_up=0.01 bid_dn=0.99 halted=False[0m
[2m2026-04-12 12:04:16.758 [INFO] __main__: STATUS t=43s delta=-0.0187% dir=down agree=True chain=71430.25 bin=71400.00 open=71443.59 obi=0.6186 ask_up=0.02 ask_dn=0.99 bid_up=0.01 bid_dn=0.98 halted=False[0m
[2m2026-04-12 12:04:46.892 [INFO] __main__: STATUS t=13s delta=-0.0442% dir=down agree=True chain=71412.00 bin=71378.77 open=71443.59 obi=0.1597 ask_up=0.01 ask_dn=1.00 bid_up=0.01 bid_dn=0.99 halted=False[0m
[37m2026-04-12 12:05:00.205 [INFO] execution.paper_trading: paper window_ts=1775995200 [SKIP] pnl=0.0000 direction=down outcome=down - balance=$979.57 bid_up=0.01 ask_up=0.01 bid_dn=0.99 ask_dn=1.00[0m
[93m[1m2026-04-12 12:05:00.205 [INFO] risk.position_tracker: WINDOW_SUMMARY window_pnl=$0.0000 session_pnl=$-39.4058 won=$22.2945 lost=$61.7003 wr=66.7% (4/6) consec_losses=2[0m
[96m2026-04-12 12:05:00.208 [INFO] strategy.window_handler: REGIME chop_detected flips=3 delta_range=0.0532% avg_flips=3.8 over=6_windows[0m
[37m2026-04-12 12:05:00.212 [INFO] strategy.window_handler: WINDOW_DECISION [SKIP] rank=2 side=down pnl=$0.0000 entry=0.00 size=$0.00 (conditions not met)[0m
[96m[1m2026-04-12 12:05:00.212 [INFO] strategy.window_tracker: new window: btc-updown-5m-1775995500 (ts=1775995500)[0m
2026-04-12 12:05:00.225 [INFO] strategy.window_tracker: Gamma priceToBeat not yet available for btc-updown-5m-1775995500 — fetching in background
[96m2026-04-12 12:05:00.265 [INFO] strategy.window_handler: REGIME vol_stddev=0.000% chop_flips=3.8 outcome=3U/3D over 6w sprt=dormant llr=0.00 age=1w bankroll=$787.82[0m
[96m2026-04-12 12:05:00.265 [WARNING] __main__: window open price captured: 71420.23 (RTDS boundary fallback, oracle_age=1000ms)[0m
[96m2026-04-12 12:05:00.265 [INFO] __main__: window open price captured: 71391.03 (binance)[0m
2026-04-12 12:05:00.266 [INFO] strategy.momentum_signal: momentum_signal: waiting for full market data
2026-04-12 12:05:01.015 [INFO] market_data.clob_market_ws: CLOB market subscribed for tokens up=375470401783 down=561104468564
[2m2026-04-12 12:05:17.101 [INFO] __main__: STATUS t=283s delta=-0.0104% dir=down agree=True chain=71412.80 bin=71381.33 open=71420.23 obi=-0.8372 ask_up=0.45 ask_dn=0.56 bid_up=0.44 bid_dn=0.55 halted=False[0m
2026-04-12 12:05:30.579 [INFO] shared.state_publisher: state_publisher: client connected from 100.100.100.100:51984
[2m2026-04-12 12:05:47.227 [INFO] __main__: STATUS t=253s delta=-0.0245% dir=down agree=True chain=71402.73 bin=71378.76 open=71420.23 obi=-0.9092 ask_up=0.39 ask_dn=0.62 bid_up=0.38 bid_dn=0.61 halted=False[0m
2026-04-12 12:05:50.239 [INFO] strategy.momentum_signal: signal_eval rank=2 side=down latest_pct=-0.0611 stddev=0.0006 n=30 min_delta=0.08 max_var=0.050
[37m2026-04-12 12:05:50.239 [INFO] strategy.momentum_signal: [SKIP] rank=2 side=down reason=conditions_not_met latest_pct=-0.0611 need=<=-0.08 stddev=0.0006 max_var=0.050[0m
[2m2026-04-12 12:06:17.373 [INFO] __main__: STATUS t=223s delta=-0.0340% dir=down agree=True chain=71395.93 bin=71370.01 open=71420.23 obi=-0.1175 ask_up=0.36 ask_dn=0.65 bid_up=0.35 bid_dn=0.64 halted=False[0m
[2m2026-04-12 12:06:47.506 [INFO] __main__: STATUS t=192s delta=-0.0302% dir=down agree=True chain=71398.70 bin=71370.88 open=71420.23 obi=-0.5627 ask_up=0.31 ask_dn=0.75 bid_up=0.25 bid_dn=0.69 halted=False[0m
[2m2026-04-12 12:07:17.640 [INFO] __main__: STATUS t=162s delta=-0.0292% dir=down agree=True chain=71399.37 bin=71370.87 open=71420.23 obi=0.2730 ask_up=0.35 ask_dn=0.66 bid_up=0.34 bid_dn=0.65 halted=False[0m
[2m2026-04-12 12:07:47.775 [INFO] __main__: STATUS t=132s delta=-0.0301% dir=down agree=True chain=71398.74 bin=71370.87 open=71420.23 obi=-0.0789 ask_up=0.29 ask_dn=0.72 bid_up=0.28 bid_dn=0.71 halted=False[0m
[2m2026-04-12 12:08:17.918 [INFO] __main__: STATUS t=102s delta=-0.0276% dir=down agree=True chain=71400.51 bin=71370.88 open=71420.23 obi=0.3506 ask_up=0.27 ask_dn=0.74 bid_up=0.26 bid_dn=0.73 halted=False[0m
[2m2026-04-12 12:08:48.059 [INFO] __main__: STATUS t=72s delta=-0.0327% dir=down agree=True chain=71396.91 bin=71368.24 open=71420.23 obi=0.0434 ask_up=0.17 ask_dn=0.84 bid_up=0.16 bid_dn=0.83 halted=False[0m
[2m2026-04-12 12:09:18.218 [INFO] __main__: STATUS t=42s delta=-0.0341% dir=down agree=True chain=71395.89 bin=71368.23 open=71420.23 obi=-0.5610 ask_up=0.06 ask_dn=0.95 bid_up=0.05 bid_dn=0.94 halted=False[0m
[2m2026-04-12 12:09:48.353 [INFO] __main__: STATUS t=12s delta=-0.0313% dir=down agree=True chain=71397.89 bin=71368.24 open=71420.23 obi=-0.2058 ask_up=0.04 ask_dn=0.97 bid_up=0.03 bid_dn=0.96 halted=False[0m
[37m2026-04-12 12:10:00.158 [INFO] execution.paper_trading: paper window_ts=1775995500 [SKIP] pnl=0.0000 direction=down outcome=down - balance=$979.57 bid_up=0.01 ask_up=0.01 bid_dn=0.99 ask_dn=1.00[0m
[93m[1m2026-04-12 12:10:00.158 [INFO] risk.position_tracker: WINDOW_SUMMARY window_pnl=$0.0000 session_pnl=$-39.4058 won=$22.2945 lost=$61.7003 wr=66.7% (4/6) consec_losses=2[0m
[37m2026-04-12 12:10:00.167 [INFO] strategy.window_handler: WINDOW_DECISION [SKIP] rank=2 side=down pnl=$0.0000 entry=0.00 size=$0.00 (conditions not met)[0m
[96m[1m2026-04-12 12:10:00.168 [INFO] strategy.window_tracker: new window: btc-updown-5m-1775995800 (ts=1775995800)[0m
2026-04-12 12:10:00.181 [INFO] strategy.window_tracker: Gamma priceToBeat not yet available for btc-updown-5m-1775995800 — fetching in background
[96m2026-04-12 12:10:00.228 [INFO] strategy.window_handler: REGIME vol_stddev=0.056% chop_flips=3.8 outcome=3U/3D over 6w sprt=dormant llr=0.00 age=2w bankroll=$787.82[0m
[96m2026-04-12 12:10:00.230 [WARNING] __main__: window open price captured: 71397.66 (RTDS boundary fallback, oracle_age=1000ms)[0m
[96m2026-04-12 12:10:00.230 [INFO] __main__: window open price captured: 71368.24 (binance)[0m
2026-04-12 12:10:00.231 [INFO] strategy.momentum_signal: momentum_signal: waiting for full market data
2026-04-12 12:10:00.236 [INFO] market_data.clob_market_ws: CLOB market subscribed for tokens up=349482436617 down=282761289166
[2m2026-04-12 12:10:18.357 [INFO] __main__: STATUS t=282s delta=0.0266% dir=up agree=False chain=71416.65 bin=71387.93 open=71397.66 obi=0.9840 ask_up=0.74 ask_dn=0.27 bid_up=0.73 bid_dn=0.26 halted=False[0m
[2m2026-04-12 12:10:48.480 [INFO] __main__: STATUS t=252s delta=0.0487% dir=up agree=True chain=71432.40 bin=71407.13 open=71397.66 obi=0.2374 ask_up=0.87 ask_dn=0.14 bid_up=0.86 bid_dn=0.13 halted=False[0m
2026-04-12 12:10:50.239 [INFO] strategy.momentum_signal: signal_eval rank=2 side=down latest_pct=0.0133 stddev=0.0068 n=30 min_delta=0.08 max_var=0.050
[37m2026-04-12 12:10:50.240 [INFO] strategy.momentum_signal: [SKIP] rank=2 side=down reason=conditions_not_met latest_pct=0.0133 need=<=-0.08 stddev=0.0068 max_var=0.050[0m
[2m2026-04-12 12:11:18.625 [INFO] __main__: STATUS t=221s delta=0.0529% dir=up agree=True chain=71435.42 bin=71415.85 open=71397.66 obi=0.5920 ask_up=0.92 ask_dn=0.09 bid_up=0.91 bid_dn=0.08 halted=False[0m
[2m2026-04-12 12:11:48.763 [INFO] __main__: STATUS t=191s delta=0.0467% dir=up agree=True chain=71430.98 bin=71402.39 open=71397.66 obi=-0.6003 ask_up=0.85 ask_dn=0.16 bid_up=0.84 bid_dn=0.15 halted=False[0m
[2m2026-04-12 12:12:18.903 [INFO] __main__: STATUS t=161s delta=0.0166% dir=up agree=False chain=71409.51 bin=71382.84 open=71397.66 obi=-0.9365 ask_up=0.63 ask_dn=0.38 bid_up=0.62 bid_dn=0.37 halted=False[0m
[2m2026-04-12 12:12:49.025 [INFO] __main__: STATUS t=131s delta=-0.0359% dir=down agree=True chain=71372.04 bin=71336.65 open=71397.66 obi=0.0531 ask_up=0.19 ask_dn=0.82 bid_up=0.18 bid_dn=0.81 halted=False[0m
[2m2026-04-12 12:13:19.164 [INFO] __main__: STATUS t=101s delta=-0.0307% dir=down agree=True chain=71375.74 bin=71345.99 open=71397.66 obi=-0.2928 ask_up=0.22 ask_dn=0.79 bid_up=0.21 bid_dn=0.78 halted=False[0m
[2m2026-04-12 12:13:49.299 [INFO] __main__: STATUS t=71s delta=-0.0038% dir=down agree=True chain=71394.96 bin=71367.26 open=71397.66 obi=0.3779 ask_up=0.48 ask_dn=0.53 bid_up=0.47 bid_dn=0.52 halted=False[0m
[2m2026-04-12 12:14:19.470 [INFO] __main__: STATUS t=41s delta=0.0267% dir=up agree=False chain=71416.72 bin=71388.13 open=71397.66 obi=0.9534 ask_up=0.89 ask_dn=0.12 bid_up=0.88 bid_dn=0.11 halted=False[0m
[2m2026-04-12 12:14:49.602 [INFO] __main__: STATUS t=10s delta=0.0365% dir=up agree=True chain=71423.70 bin=71399.94 open=71397.66 obi=0.0859 ask_up=0.99 ask_dn=0.02 bid_up=0.98 bid_dn=0.01 halted=False[0m
[37m2026-04-12 12:15:00.156 [INFO] execution.paper_trading: paper window_ts=1775995800 [SKIP] pnl=0.0000 direction=up outcome=up - balance=$979.57 bid_up=0.99 ask_up=1.00 bid_dn=0.01 ask_dn=0.01[0m
[93m[1m2026-04-12 12:15:00.156 [INFO] risk.position_tracker: WINDOW_SUMMARY window_pnl=$0.0000 session_pnl=$-39.4058 won=$22.2945 lost=$61.7003 wr=66.7% (4/6) consec_losses=2[0m
[96m2026-04-12 12:15:00.158 [INFO] strategy.window_handler: REGIME chop_detected flips=3 delta_range=0.1068% avg_flips=3.7 over=6_windows[0m
[37m2026-04-12 12:15:00.162 [INFO] strategy.window_handler: WINDOW_DECISION [SKIP] rank=2 side=down pnl=$0.0000 entry=0.00 size=$0.00 (conditions not met)[0m
[96m[1m2026-04-12 12:15:00.163 [INFO] strategy.window_tracker: new window: btc-updown-5m-1775996100 (ts=1775996100)[0m
2026-04-12 12:15:00.176 [INFO] strategy.window_tracker: Gamma priceToBeat not yet available for btc-updown-5m-1775996100 — fetching in background
[96m2026-04-12 12:15:00.210 [INFO] strategy.window_handler: WARMUP complete after 30 min — full Kelly sizing active[0m
[96m2026-04-12 12:15:00.210 [INFO] strategy.window_handler: REGIME vol_stddev=0.054% chop_flips=3.7 outcome=3U/3D over 6w sprt=dormant llr=0.00 age=3w bankroll=$787.82[0m
[96m2026-04-12 12:15:00.211 [WARNING] __main__: window open price captured: 71427.88 (RTDS boundary fallback, oracle_age=1000ms)[0m
[96m2026-04-12 12:15:00.212 [INFO] __main__: window open price captured: 71394.03 (binance)[0m
2026-04-12 12:15:00.212 [INFO] strategy.momentum_signal: momentum_signal: waiting for full market data
2026-04-12 12:15:00.437 [INFO] market_data.clob_market_ws: CLOB market subscribed for tokens up=250331649910 down=975404165379
[2m2026-04-12 12:15:19.809 [INFO] __main__: STATUS t=280s delta=0.0033% dir=up agree=False chain=71430.25 bin=71399.84 open=71427.88 obi=0.5370 ask_up=0.51 ask_dn=0.50 bid_up=0.50 bid_dn=0.49 halted=False[0m
[2m2026-04-12 12:15:49.936 [INFO] __main__: STATUS t=250s delta=0.0026% dir=up agree=False chain=71429.70 bin=71401.19 open=71427.88 obi=0.9235 ask_up=0.63 ask_dn=0.38 bid_up=0.62 bid_dn=0.37 halted=False[0m
2026-04-12 12:15:50.188 [INFO] strategy.momentum_signal: signal_eval rank=2 side=down latest_pct=-0.0374 stddev=0.0006 n=30 min_delta=0.08 max_var=0.050
[37m2026-04-12 12:15:50.188 [INFO] strategy.momentum_signal: [SKIP] rank=2 side=down reason=conditions_not_met latest_pct=-0.0374 need=<=-0.08 stddev=0.0006 max_var=0.050[0m
[2m2026-04-12 12:16:20.070 [INFO] __main__: STATUS t=220s delta=0.0102% dir=up agree=False chain=71435.15 bin=71407.08 open=71427.88 obi=-0.7102 ask_up=0.48 ask_dn=0.53 bid_up=0.47 bid_dn=0.52 halted=False[0m
[2m2026-04-12 12:16:50.197 [INFO] __main__: STATUS t=190s delta=-0.0190% dir=down agree=True chain=71414.32 bin=71391.99 open=71427.88 obi=-0.4933 ask_up=0.36 ask_dn=0.65 bid_up=0.35 bid_dn=0.64 halted=False[0m
2026-04-12 12:16:51.308 [INFO] shared.ipc: IPC: received authenticated signal_update (summary=signals_summary_1775996211.json)
2026-04-12 12:16:51.308 [INFO] __main__: received new signal from orchestrator: rank=2 side=Down
[2m2026-04-12 12:17:20.344 [INFO] __main__: STATUS t=160s delta=-0.0086% dir=down agree=True chain=71421.74 bin=71392.00 open=71427.88 obi=0.0157 ask_up=0.44 ask_dn=0.57 bid_up=0.43 bid_dn=0.56 halted=False[0m
[2m2026-04-12 12:17:50.482 [INFO] __main__: STATUS t=130s delta=-0.0112% dir=down agree=True chain=71419.91 bin=71392.00 open=71427.88 obi=-0.0261 ask_up=0.39 ask_dn=0.62 bid_up=0.38 bid_dn=0.61 halted=False[0m
[2m2026-04-12 12:18:20.654 [INFO] __main__: STATUS t=99s delta=-0.0043% dir=down agree=True chain=71424.81 bin=71391.99 open=71427.88 obi=0.9982 ask_up=0.48 ask_dn=0.53 bid_up=0.47 bid_dn=0.52 halted=False[0m
[2m2026-04-12 12:18:50.782 [INFO] __main__: STATUS t=69s delta=-0.0070% dir=down agree=True chain=71422.86 bin=71395.88 open=71427.88 obi=-0.0322 ask_up=0.31 ask_dn=0.70 bid_up=0.30 bid_dn=0.69 halted=False[0m
[2m2026-04-12 12:19:20.973 [INFO] __main__: STATUS t=39s delta=-0.0003% dir=down agree=True chain=71427.63 bin=71401.80 open=71427.88 obi=0.9968 ask_up=0.69 ask_dn=0.33 bid_up=0.67 bid_dn=0.31 halted=False[0m
[2m2026-04-12 12:19:51.110 [INFO] __main__: STATUS t=9s delta=0.0346% dir=up agree=False chain=71452.62 bin=71421.91 open=71427.88 obi=0.8671 ask_up=0.97 ask_dn=0.04 bid_up=0.96 bid_dn=0.03 halted=False[0m
[37m2026-04-12 12:20:00.147 [INFO] execution.paper_trading: paper window_ts=1775996100 [SKIP] pnl=0.0000 direction=up outcome=up - balance=$979.57 bid_up=0.99 ask_up=1.00 bid_dn=0.01 ask_dn=0.01[0m
[93m[1m2026-04-12 12:20:00.147 [INFO] risk.position_tracker: WINDOW_SUMMARY window_pnl=$0.0000 session_pnl=$-39.4058 won=$22.2945 lost=$61.7003 wr=66.7% (4/6) consec_losses=2[0m
[96m2026-04-12 12:20:00.149 [INFO] strategy.window_handler: REGIME chop_detected flips=5 delta_range=0.0680% avg_flips=4.2 over=6_windows[0m
[37m2026-04-12 12:20:00.156 [INFO] strategy.window_handler: WINDOW_DECISION [SKIP] rank=2 side=down pnl=$0.0000 entry=0.00 size=$0.00 (conditions not met)[0m
2026-04-12 12:20:00.157 [INFO] strategy.window_handler: Signal changed: down_280.0_250.0_0.08_0.05 -> down_270.0_120.0_0.12_0.05 (age was 4 windows)
2026-04-12 12:20:00.157 [INFO] strategy.window_handler: SIGNAL_SWAP_ACTIVE: {"rank":2,"side":"down","observeFromS":270.0,"observeToS":120.0,"minDeltaPct":0.12,"maxVariancePct":0.05,"trainWinRatePct":91.67,"oosWinRatePct":100.0,"oosBhAdjustedPValue":8.4313e-08,"oosMatches":24,"avgEntryPrice":0.9179,"evPerTrade":0.0521,"smartScore":5.21,"wfFoldsAppeared":6,"wfTotalTestFolds":6,"wfFoldIndices":[2,3,4,5,6,7]}
2026-04-12 12:20:00.158 [INFO] strategy.window_handler: switched to new signal: #2 down (previous: #2 down)
[96m[1m2026-04-12 12:20:00.158 [INFO] strategy.window_tracker: new window: btc-updown-5m-1775996400 (ts=1775996400)[0m
2026-04-12 12:20:00.173 [INFO] strategy.window_tracker: Gamma priceToBeat not yet available for btc-updown-5m-1775996400 — fetching in background
[96m2026-04-12 12:20:00.276 [INFO] strategy.window_handler: REGIME vol_stddev=0.053% chop_flips=4.2 outcome=3U/3D over 6w sprt=dormant llr=0.00 age=0w bankroll=$787.82[0m
[96m2026-04-12 12:20:00.277 [WARNING] __main__: window open price captured: 71459.49 (RTDS boundary fallback, oracle_age=1000ms)[0m
[96m2026-04-12 12:20:00.277 [INFO] __main__: window open price captured: 71430.00 (binance)[0m
2026-04-12 12:20:00.279 [INFO] strategy.momentum_signal: momentum_signal: waiting for full market data
2026-04-12 12:20:00.641 [INFO] market_data.clob_market_ws: CLOB market subscribed for tokens up=807258060864 down=342727943174
[2m2026-04-12 12:20:21.136 [INFO] __main__: STATUS t=279s delta=-0.0105% dir=down agree=True chain=71452.00 bin=71419.53 open=71459.49 obi=0.6582 ask_up=0.35 ask_dn=0.66 bid_up=0.34 bid_dn=0.65 halted=False[0m
[2m2026-04-12 12:20:51.263 [INFO] __main__: STATUS t=249s delta=-0.0071% dir=down agree=True chain=71454.43 bin=71419.53 open=71459.49 obi=0.7310 ask_up=0.34 ask_dn=0.67 bid_up=0.33 bid_dn=0.66 halted=False[0m
[2m2026-04-12 12:21:21.408 [INFO] __main__: STATUS t=219s delta=-0.0055% dir=down agree=True chain=71455.59 bin=71429.27 open=71459.49 obi=-0.0438 ask_up=0.45 ask_dn=0.56 bid_up=0.44 bid_dn=0.55 halted=False[0m
[2m2026-04-12 12:21:51.538 [INFO] __main__: STATUS t=188s delta=-0.0066% dir=down agree=True chain=71454.81 bin=71423.91 open=71459.49 obi=0.5765 ask_up=0.46 ask_dn=0.55 bid_up=0.45 bid_dn=0.54 halted=False[0m
[2m2026-04-12 12:22:21.667 [INFO] __main__: STATUS t=158s delta=-0.0006% dir=down agree=True chain=71459.06 bin=71439.15 open=71459.49 obi=-0.2108 ask_up=0.64 ask_dn=0.37 bid_up=0.63 bid_dn=0.36 halted=False[0m
[2m2026-04-12 12:22:51.796 [INFO] __main__: STATUS t=128s delta=-0.0110% dir=down agree=True chain=71451.60 bin=71423.03 open=71459.49 obi=-0.9846 ask_up=0.28 ask_dn=0.73 bid_up=0.27 bid_dn=0.72 halted=False[0m
2026-04-12 12:23:00.082 [INFO] strategy.momentum_signal: signal_eval rank=2 side=down latest_pct=-0.0660 stddev=0.0074 n=150 min_delta=0.12 max_var=0.050
[37m2026-04-12 12:23:00.082 [INFO] strategy.momentum_signal: [SKIP] rank=2 side=down reason=conditions_not_met latest_pct=-0.0660 need=<=-0.12 stddev=0.0074 max_var=0.050[0m
[2m2026-04-12 12:23:21.942 [INFO] __main__: STATUS t=98s delta=-0.0447% dir=down agree=True chain=71427.58 bin=71401.79 open=71459.49 obi=-0.7534 ask_up=0.09 ask_dn=0.92 bid_up=0.08 bid_dn=0.91 halted=False[0m
[2m2026-04-12 12:23:52.076 [INFO] __main__: STATUS t=68s delta=-0.0345% dir=down agree=True chain=71434.81 bin=71404.47 open=71459.49 obi=0.9187 ask_up=0.10 ask_dn=0.92 bid_up=0.08 bid_dn=0.90 halted=False[0m
[2m2026-04-12 12:24:22.226 [INFO] __main__: STATUS t=38s delta=-0.0203% dir=down agree=True chain=71445.00 bin=71421.98 open=71459.49 obi=0.8555 ask_up=0.26 ask_dn=0.75 bid_up=0.25 bid_dn=0.74 halted=False[0m
[2m2026-04-12 12:24:52.366 [INFO] __main__: STATUS t=8s delta=-0.0116% dir=down agree=True chain=71451.17 bin=71421.97 open=71459.49 obi=0.7816 ask_up=0.09 ask_dn=0.92 bid_up=0.08 bid_dn=0.91 halted=False[0m
[37m2026-04-12 12:25:00.158 [INFO] execution.paper_trading: paper window_ts=1775996400 [SKIP] pnl=0.0000 direction=down outcome=down - balance=$979.57 bid_up=0.01 ask_up=0.01 bid_dn=0.99 ask_dn=1.00[0m
[93m[1m2026-04-12 12:25:00.159 [INFO] risk.position_tracker: WINDOW_SUMMARY window_pnl=$0.0000 session_pnl=$-39.4058 won=$22.2945 lost=$61.7003 wr=66.7% (4/6) consec_losses=2[0m
[96m2026-04-12 12:25:00.164 [INFO] strategy.window_handler: REGIME chop_detected flips=4 delta_range=0.0661% avg_flips=3.0 over=6_windows[0m
[37m2026-04-12 12:25:00.169 [INFO] strategy.window_handler: WINDOW_DECISION [SKIP] rank=2 side=down pnl=$0.0000 entry=0.00 size=$0.00 (conditions not met)[0m
[96m[1m2026-04-12 12:25:00.170 [INFO] strategy.window_tracker: new window: btc-updown-5m-1775996700 (ts=1775996700)[0m
2026-04-12 12:25:00.181 [INFO] strategy.window_tracker: Gamma priceToBeat not yet available for btc-updown-5m-1775996700 — fetching in background
[96m2026-04-12 12:25:00.233 [INFO] strategy.window_handler: REGIME vol_stddev=0.050% chop_flips=3.0 outcome=3U/3D over 6w sprt=dormant llr=0.00 age=1w bankroll=$787.82[0m
[96m2026-04-12 12:25:00.234 [WARNING] __main__: window open price captured: 71446.81 (RTDS boundary fallback, oracle_age=1000ms)[0m
[96m2026-04-12 12:25:00.234 [INFO] __main__: window open price captured: 71420.19 (binance)[0m
2026-04-12 12:25:00.234 [INFO] strategy.momentum_signal: momentum_signal: waiting for full market data
2026-04-12 12:25:00.855 [INFO] market_data.clob_market_ws: CLOB market subscribed for tokens up=802586484941 down=942736049090
[2m2026-04-12 12:25:22.612 [INFO] __main__: STATUS t=277s delta=0.0064% dir=up agree=False chain=71451.36 bin=71423.37 open=71446.81 obi=0.4175 ask_up=0.58 ask_dn=0.43 bid_up=0.57 bid_dn=0.42 halted=False[0m
[2m2026-04-12 12:25:52.740 [INFO] __main__: STATUS t=247s delta=0.0125% dir=up agree=False chain=71455.74 bin=71429.18 open=71446.81 obi=-0.6232 ask_up=0.63 ask_dn=0.38 bid_up=0.62 bid_dn=0.37 halted=False[0m
[2m2026-04-12 12:26:22.877 [INFO] __main__: STATUS t=217s delta=0.0057% dir=up agree=False chain=71450.87 bin=71429.19 open=71446.81 obi=-0.8649 ask_up=0.56 ask_dn=0.45 bid_up=0.55 bid_dn=0.44 halted=False[0m
[2m2026-04-12 12:26:53.008 [INFO] __main__: STATUS t=187s delta=0.0067% dir=up agree=False chain=71451.63 bin=71429.19 open=71446.81 obi=-0.6798 ask_up=0.55 ask_dn=0.46 bid_up=0.54 bid_dn=0.45 halted=False[0m
[2m2026-04-12 12:27:23.144 [INFO] __main__: STATUS t=157s delta=-0.0033% dir=down agree=True chain=71444.47 bin=71415.86 open=71446.81 obi=-0.1498 ask_up=0.40 ask_dn=0.61 bid_up=0.39 bid_dn=0.60 halted=False[0m
[2m2026-04-12 12:27:53.278 [INFO] __main__: STATUS t=127s delta=-0.0218% dir=down agree=True chain=71431.24 bin=71402.63 open=71446.81 obi=0.0742 ask_up=0.20 ask_dn=0.81 bid_up=0.19 bid_dn=0.80 halted=False[0m
2026-04-12 12:28:00.056 [INFO] strategy.momentum_signal: signal_eval rank=2 side=down latest_pct=-0.0618 stddev=0.0115 n=150 min_delta=0.12 max_var=0.050
[37m2026-04-12 12:28:00.057 [INFO] strategy.momentum_signal: [SKIP] rank=2 side=down reason=conditions_not_met latest_pct=-0.0618 need=<=-0.12 stddev=0.0115 max_var=0.050[0m
[2m2026-04-12 12:28:23.416 [INFO] __main__: STATUS t=97s delta=-0.0198% dir=down agree=True chain=71432.65 bin=71414.96 open=71446.81 obi=0.9380 ask_up=0.47 ask_dn=0.54 bid_up=0.46 bid_dn=0.53 halted=False[0m
[2m2026-04-12 12:28:53.549 [INFO] __main__: STATUS t=66s delta=-0.0066% dir=down agree=True chain=71442.11 bin=71414.97 open=71446.81 obi=-0.2290 ask_up=0.36 ask_dn=0.65 bid_up=0.35 bid_dn=0.64 halted=False[0m
[2m2026-04-12 12:29:23.693 [INFO] __main__: STATUS t=36s delta=-0.0097% dir=down agree=True chain=71439.90 bin=71413.18 open=71446.81 obi=0.3780 ask_up=0.31 ask_dn=0.70 bid_up=0.30 bid_dn=0.69 halted=False[0m
[2m2026-04-12 12:29:53.822 [INFO] __main__: STATUS t=6s delta=-0.0056% dir=down agree=True chain=71442.78 bin=71415.85 open=71446.81 obi=-0.1219 ask_up=0.09 ask_dn=0.92 bid_up=0.08 bid_dn=0.91 halted=False[0m
[37m2026-04-12 12:30:00.101 [INFO] execution.paper_trading: paper window_ts=1775996700 [SKIP] pnl=0.0000 direction=down outcome=down - balance=$979.57 bid_up=0.01 ask_up=0.01 bid_dn=0.99 ask_dn=1.00[0m
[93m[1m2026-04-12 12:30:00.101 [INFO] risk.position_tracker: WINDOW_SUMMARY window_pnl=$0.0000 session_pnl=$-39.4058 won=$22.2945 lost=$61.7003 wr=66.7% (4/6) consec_losses=2[0m
[96m2026-04-12 12:30:00.108 [INFO] strategy.window_handler: REGIME chop_detected flips=8 delta_range=0.0365% avg_flips=4.0 over=6_windows[0m
[37m2026-04-12 12:30:00.118 [INFO] strategy.window_handler: WINDOW_DECISION [SKIP] rank=2 side=down pnl=$0.0000 entry=0.00 size=$0.00 (conditions not met)[0m
[96m[1m2026-04-12 12:30:00.118 [INFO] strategy.window_tracker: new window: btc-updown-5m-1775997000 (ts=1775997000)[0m
2026-04-12 12:30:00.131 [INFO] strategy.window_tracker: Gamma priceToBeat not yet available for btc-updown-5m-1775997000 — fetching in background
[96m2026-04-12 12:30:00.181 [INFO] strategy.window_handler: REGIME vol_stddev=0.047% chop_flips=4.0 outcome=2U/4D over 6w sprt=dormant llr=0.00 age=2w bankroll=$787.82[0m
[96m2026-04-12 12:30:00.181 [WARNING] __main__: window open price captured: 71437.67 (RTDS boundary fallback, oracle_age=2000ms)[0m
[96m2026-04-12 12:30:00.182 [INFO] __main__: window open price captured: 71415.00 (binance)[0m
2026-04-12 12:30:00.182 [INFO] strategy.momentum_signal: momentum_signal: waiting for full market data
2026-04-12 12:30:01.069 [INFO] market_data.clob_market_ws: CLOB market subscribed for tokens up=987008131968 down=690824249581
[2m2026-04-12 12:30:24.065 [INFO] __main__: STATUS t=276s delta=-0.0049% dir=down agree=True chain=71434.17 bin=71407.36 open=71437.67 obi=-0.3007 ask_up=0.43 ask_dn=0.58 bid_up=0.42 bid_dn=0.57 halted=False[0m
[2m2026-04-12 12:30:54.194 [INFO] __main__: STATUS t=246s delta=0.0052% dir=up agree=False chain=71441.41 bin=71415.83 open=71437.67 obi=0.1909 ask_up=0.61 ask_dn=0.40 bid_up=0.60 bid_dn=0.39 halted=False[0m
[2m2026-04-12 12:31:24.332 [INFO] __main__: STATUS t=216s delta=0.0127% dir=up agree=False chain=71446.72 bin=71418.29 open=71437.67 obi=0.1688 ask_up=0.64 ask_dn=0.37 bid_up=0.63 bid_dn=0.36 halted=False[0m
[2m2026-04-12 12:31:54.461 [INFO] __main__: STATUS t=186s delta=0.0142% dir=up agree=False chain=71447.79 bin=71418.28 open=71437.67 obi=0.1561 ask_up=0.65 ask_dn=0.36 bid_up=0.64 bid_dn=0.35 halted=False[0m
2026-04-12 12:31:56.827 [INFO] shared.ipc: IPC: received authenticated signal_update (summary=signals_summary_1775997117.json)
2026-04-12 12:31:56.827 [INFO] __main__: received new signal from orchestrator: rank=1 side=Down
[2m2026-04-12 12:32:24.594 [INFO] __main__: STATUS t=155s delta=0.0028% dir=up agree=False chain=71439.67 bin=71403.98 open=71437.67 obi=-0.9132 ask_up=0.52 ask_dn=0.50 bid_up=0.50 bid_dn=0.48 halted=False[0m
[2m2026-04-12 12:32:54.728 [INFO] __main__: STATUS t=125s delta=-0.0037% dir=down agree=True chain=71435.02 bin=71401.79 open=71437.67 obi=0.1545 ask_up=0.44 ask_dn=0.57 bid_up=0.43 bid_dn=0.56 halted=False[0m
2026-04-12 12:33:00.021 [INFO] strategy.momentum_signal: signal_eval rank=2 side=down latest_pct=-0.0502 stddev=0.0104 n=150 min_delta=0.12 max_var=0.050
[37m2026-04-12 12:33:00.021 [INFO] strategy.momentum_signal: [SKIP] rank=2 side=down reason=conditions_not_met latest_pct=-0.0502 need=<=-0.12 stddev=0.0104 max_var=0.050[0m
[2m2026-04-12 12:33:24.894 [INFO] __main__: STATUS t=95s delta=-0.0517% dir=down agree=True chain=71400.72 bin=71370.28 open=71437.67 obi=-0.5436 ask_up=0.06 ask_dn=0.95 bid_up=0.05 bid_dn=0.94 halted=False[0m
[2m2026-04-12 12:33:55.029 [INFO] __main__: STATUS t=65s delta=-0.0660% dir=down agree=True chain=71390.49 bin=71362.00 open=71437.67 obi=-0.9622 ask_up=0.05 ask_dn=0.96 bid_up=0.04 bid_dn=0.95 halted=False[0m
[2m2026-04-12 12:34:25.169 [INFO] __main__: STATUS t=35s delta=-0.0988% dir=down agree=True chain=71367.06 bin=71337.54 open=71437.67 obi=-0.1423 ask_up=0.01 ask_dn=1.00 bid_up=0.01 bid_dn=0.99 halted=False[0m
[2m2026-04-12 12:34:55.309 [INFO] __main__: STATUS t=5s delta=-0.0673% dir=down agree=True chain=71389.62 bin=71357.05 open=71437.67 obi=0.5789 ask_up=0.01 ask_dn=1.00 bid_up=0.01 bid_dn=0.99 halted=False[0m
[37m2026-04-12 12:35:00.081 [INFO] execution.paper_trading: paper window_ts=1775997000 [SKIP] pnl=0.0000 direction=down outcome=down - balance=$979.57 bid_up=0.01 ask_up=0.01 bid_dn=0.99 ask_dn=1.00[0m
[93m[1m2026-04-12 12:35:00.081 [INFO] risk.position_tracker: WINDOW_SUMMARY window_pnl=$0.0000 session_pnl=$-39.4058 won=$22.2945 lost=$61.7003 wr=66.7% (4/6) consec_losses=2[0m
[96m2026-04-12 12:35:00.084 [INFO] strategy.window_handler: REGIME chop_detected flips=4 delta_range=0.1150% avg_flips=4.2 over=6_windows[0m
[37m2026-04-12 12:35:00.089 [INFO] strategy.window_handler: WINDOW_DECISION [SKIP] rank=2 side=down pnl=$0.0000 entry=0.00 size=$0.00 (conditions not met)[0m
2026-04-12 12:35:00.090 [INFO] strategy.window_handler: Signal changed: down_270.0_120.0_0.12_0.05 -> down_280.0_190.0_0.09_0.05 (age was 3 windows)
2026-04-12 12:35:00.090 [INFO] strategy.window_handler: SIGNAL_SWAP_ACTIVE: {"rank":1,"side":"down","observeFromS":280.0,"observeToS":190.0,"minDeltaPct":0.09,"maxVariancePct":0.05,"trainWinRatePct":80.3,"oosWinRatePct":96.55,"oosBhAdjustedPValue":4.18835e-06,"oosMatches":29,"avgEntryPrice":0.8603,"evPerTrade":0.0752,"smartScore":5.44,"wfFoldsAppeared":4,"wfTotalTestFolds":6,"wfFoldIndices":[3,5,6,7]}
2026-04-12 12:35:00.091 [INFO] strategy.window_handler: switched to new signal: #1 down (previous: #2 down)
[96m[1m2026-04-12 12:35:00.091 [INFO] strategy.window_tracker: new window: btc-updown-5m-1775997300 (ts=1775997300)[0m
2026-04-12 12:35:00.110 [INFO] strategy.window_tracker: Gamma priceToBeat not yet available for btc-updown-5m-1775997300 — fetching in background
[96m2026-04-12 12:35:00.168 [INFO] strategy.window_handler: REGIME vol_stddev=0.049% chop_flips=4.2 outcome=2U/4D over 6w sprt=dormant llr=0.00 age=0w bankroll=$787.82[0m
[96m2026-04-12 12:35:00.169 [WARNING] __main__: window open price captured: 71388.61 (RTDS boundary fallback, oracle_age=1000ms)[0m
[96m2026-04-12 12:35:00.169 [INFO] __main__: window open price captured: 71357.04 (binance)[0m
2026-04-12 12:35:00.170 [INFO] strategy.momentum_signal: momentum_signal: waiting for full market data
2026-04-12 12:35:00.275 [INFO] market_data.clob_market_ws: CLOB market subscribed for tokens up=612989021286 down=554133840809
[2m2026-04-12 12:35:25.549 [INFO] __main__: STATUS t=274s delta=0.0001% dir=up agree=False chain=71388.68 bin=71357.05 open=71388.61 obi=-0.2508 ask_up=0.52 ask_dn=0.50 bid_up=0.50 bid_dn=0.48 halted=False[0m
[2m2026-04-12 12:35:55.679 [INFO] __main__: STATUS t=244s delta=0.0324% dir=up agree=False chain=71411.74 bin=71383.69 open=71388.61 obi=0.8287 ask_up=0.82 ask_dn=0.19 bid_up=0.81 bid_dn=0.18 halted=False[0m
[2m2026-04-12 12:36:25.828 [INFO] __main__: STATUS t=214s delta=0.0355% dir=up agree=False chain=71413.97 bin=71383.70 open=71388.61 obi=0.7769 ask_up=0.85 ask_dn=0.16 bid_up=0.84 bid_dn=0.15 halted=False[0m
2026-04-12 12:36:50.188 [INFO] strategy.momentum_signal: signal_eval rank=1 side=down latest_pct=0.0119 stddev=0.0165 n=90 min_delta=0.09 max_var=0.050
[37m2026-04-12 12:36:50.188 [INFO] strategy.momentum_signal: [SKIP] rank=1 side=down reason=conditions_not_met latest_pct=0.0119 need=<=-0.09 stddev=0.0165 max_var=0.050[0m
[2m2026-04-12 12:36:55.964 [INFO] __main__: STATUS t=184s delta=0.0518% dir=up agree=True chain=71425.61 bin=71401.63 open=71388.61 obi=0.7291 ask_up=0.95 ask_dn=0.06 bid_up=0.94 bid_dn=0.05 halted=False[0m
[2m2026-04-12 12:37:26.102 [INFO] __main__: STATUS t=154s delta=0.0953% dir=up agree=True chain=71456.64 bin=71428.85 open=71388.61 obi=0.7195 ask_up=0.98 ask_dn=0.03 bid_up=0.97 bid_dn=0.02 halted=False[0m
[2m2026-04-12 12:37:56.249 [INFO] __main__: STATUS t=124s delta=0.0998% dir=up agree=True chain=71459.86 bin=71429.18 open=71388.61 obi=0.0976 ask_up=0.98 ask_dn=0.03 bid_up=0.97 bid_dn=0.02 halted=False[0m
[2m2026-04-12 12:38:26.389 [INFO] __main__: STATUS t=94s delta=0.1163% dir=up agree=True chain=71471.63 bin=71444.62 open=71388.61 obi=0.4303 ask_up=0.99 ask_dn=0.02 bid_up=0.98 bid_dn=0.01 halted=False[0m
[2m2026-04-12 12:38:56.529 [INFO] __main__: STATUS t=63s delta=0.1077% dir=up agree=True chain=71465.51 bin=71438.18 open=71388.61 obi=-0.4871 ask_up=1.00 ask_dn=0.01 bid_up=0.99 bid_dn=0.01 halted=False[0m
[2m2026-04-12 12:39:26.683 [INFO] __main__: STATUS t=33s delta=0.1528% dir=up agree=True chain=71497.66 bin=71476.61 open=71388.61 obi=0.7878 ask_up=1.00 ask_dn=0.01 bid_up=0.99 bid_dn=0.01 halted=False[0m
[2m2026-04-12 12:39:56.835 [INFO] __main__: STATUS t=3s delta=0.1592% dir=up agree=True chain=71502.29 bin=71482.19 open=71388.61 obi=-0.9438 ask_up=1.00 ask_dn=0.01 bid_up=0.99 bid_dn=0.01 halted=False[0m
[37m2026-04-12 12:40:00.104 [INFO] execution.paper_trading: paper window_ts=1775997300 [SKIP] pnl=0.0000 direction=up outcome=up - balance=$979.57 bid_up=0.99 ask_up=1.00 bid_dn=0.01 ask_dn=0.01[0m
[93m[1m2026-04-12 12:40:00.104 [INFO] risk.position_tracker: WINDOW_SUMMARY window_pnl=$0.0000 session_pnl=$-39.4058 won=$22.2945 lost=$61.7003 wr=66.7% (4/6) consec_losses=2[0m
[96m2026-04-12 12:40:00.106 [INFO] strategy.window_handler: REGIME chop_detected flips=7 delta_range=0.1865% avg_flips=5.2 over=6_windows[0m
[37m2026-04-12 12:40:00.110 [INFO] strategy.window_handler: WINDOW_DECISION [SKIP] rank=1 side=down pnl=$0.0000 entry=0.00 size=$0.00 (conditions not met)[0m
[96m[1m2026-04-12 12:40:00.110 [INFO] strategy.window_tracker: new window: btc-updown-5m-1775997600 (ts=1775997600)[0m
2026-04-12 12:40:00.123 [INFO] strategy.window_tracker: Gamma priceToBeat not yet available for btc-updown-5m-1775997600 — fetching in background
[96m2026-04-12 12:40:00.162 [INFO] strategy.window_handler: REGIME vol_stddev=0.068% chop_flips=5.2 outcome=3U/3D over 6w sprt=dormant llr=0.00 age=1w bankroll=$787.82[0m
[96m2026-04-12 12:40:00.162 [INFO] strategy.window_handler: KELLY wr_adj=93.2% base=96.5% total_disc=0.4% vol=0.0% chop=3.3% outcome=0.0% feedback=+0.0%[0m
[96m2026-04-12 12:40:00.164 [WARNING] __main__: window open price captured: 71504.03 (RTDS boundary fallback, oracle_age=1000ms)[0m
[96m2026-04-12 12:40:00.164 [INFO] __main__: window open price captured: 71482.19 (binance)[0m
2026-04-12 12:40:00.165 [INFO] strategy.momentum_signal: momentum_signal: waiting for full market data
2026-04-12 12:40:00.495 [INFO] market_data.clob_market_ws: CLOB market subscribed for tokens up=104246658240 down=771403531774
[2m2026-04-12 12:40:26.851 [INFO] __main__: STATUS t=273s delta=-0.0027% dir=down agree=True chain=71502.10 bin=71473.29 open=71504.03 obi=-0.2533 ask_up=0.42 ask_dn=0.59 bid_up=0.41 bid_dn=0.58 halted=False[0m
[2m2026-04-12 12:40:56.978 [INFO] __main__: STATUS t=243s delta=-0.0035% dir=down agree=True chain=71501.53 bin=71478.61 open=71504.03 obi=0.4850 ask_up=0.43 ask_dn=0.58 bid_up=0.42 bid_dn=0.57 halted=False[0m
[2m2026-04-12 12:41:27.112 [INFO] __main__: STATUS t=213s delta=0.0077% dir=up agree=False chain=71509.50 bin=71481.98 open=71504.03 obi=-0.0782 ask_up=0.52 ask_dn=0.49 bid_up=0.51 bid_dn=0.48 halted=False[0m
2026-04-12 12:41:50.213 [INFO] strategy.momentum_signal: signal_eval rank=1 side=down latest_pct=-0.0221 stddev=0.0110 n=90 min_delta=0.09 max_var=0.050
[37m2026-04-12 12:41:50.214 [INFO] strategy.momentum_signal: [SKIP] rank=1 side=down reason=conditions_not_met latest_pct=-0.0221 need=<=-0.09 stddev=0.0110 max_var=0.050[0m
[2m2026-04-12 12:41:57.242 [INFO] __main__: STATUS t=183s delta=0.0176% dir=up agree=False chain=71516.59 bin=71495.31 open=71504.03 obi=0.8894 ask_up=0.67 ask_dn=0.34 bid_up=0.66 bid_dn=0.33 halted=False[0m
[2m2026-04-12 12:42:27.419 [INFO] __main__: STATUS t=153s delta=0.0303% dir=up agree=False chain=71525.68 bin=71497.09 open=71504.03 obi=0.6988 ask_up=0.72 ask_dn=0.29 bid_up=0.71 bid_dn=0.28 halted=False[0m
[2m2026-04-12 12:42:57.554 [INFO] __main__: STATUS t=122s delta=0.0284% dir=up agree=False chain=71524.36 bin=71497.09 open=71504.03 obi=-0.7111 ask_up=0.67 ask_dn=0.34 bid_up=0.66 bid_dn=0.33 halted=False[0m
[2m2026-04-12 12:43:27.691 [INFO] __main__: STATUS t=92s delta=0.0180% dir=up agree=False chain=71516.88 bin=71488.23 open=71504.03 obi=0.0115 ask_up=0.71 ask_dn=0.30 bid_up=0.70 bid_dn=0.29 halted=False[0m
[2m2026-04-12 12:43:57.818 [INFO] __main__: STATUS t=62s delta=0.0258% dir=up agree=False chain=71522.51 bin=71494.66 open=71504.03 obi=-0.8275 ask_up=0.81 ask_dn=0.20 bid_up=0.80 bid_dn=0.19 halted=False[0m
[2m2026-04-12 12:44:27.971 [INFO] __main__: STATUS t=32s delta=0.0214% dir=up agree=False chain=71519.31 bin=71488.24 open=71504.03 obi=0.4836 ask_up=0.88 ask_dn=0.13 bid_up=0.87 bid_dn=0.12 halted=False[0m
[2m2026-04-12 12:44:58.105 [INFO] __main__: STATUS t=2s delta=0.0143% dir=up agree=False chain=71514.27 bin=71488.23 open=71504.03 obi=-0.8857 ask_up=0.97 ask_dn=0.04 bid_up=0.96 bid_dn=0.03 halted=False[0m
[37m2026-04-12 12:45:00.116 [INFO] execution.paper_trading: paper window_ts=1775997600 [SKIP] pnl=0.0000 direction=up outcome=up - balance=$979.57 bid_up=0.98 ask_up=0.99 bid_dn=0.01 ask_dn=0.02[0m
[93m[1m2026-04-12 12:45:00.116 [INFO] risk.position_tracker: WINDOW_SUMMARY window_pnl=$0.0000 session_pnl=$-39.4058 won=$22.2945 lost=$61.7003 wr=66.7% (4/6) consec_losses=2[0m
[96m2026-04-12 12:45:00.118 [INFO] strategy.window_handler: REGIME chop_detected flips=6 delta_range=0.0538% avg_flips=5.7 over=6_windows[0m
[37m2026-04-12 12:45:00.122 [INFO] strategy.window_handler: WINDOW_DECISION [SKIP] rank=1 side=down pnl=$0.0000 entry=0.00 size=$0.00 (conditions not met)[0m
[96m[1m2026-04-12 12:45:00.122 [INFO] strategy.window_tracker: new window: btc-updown-5m-1775997900 (ts=1775997900)[0m
2026-04-12 12:45:00.134 [INFO] strategy.window_tracker: Gamma priceToBeat not yet available for btc-updown-5m-1775997900 — fetching in background
[96m2026-04-12 12:45:00.168 [INFO] strategy.window_handler: REGIME vol_stddev=0.065% chop_flips=5.7 outcome=3U/3D over 6w sprt=dormant llr=0.00 age=2w bankroll=$787.82[0m
[96m2026-04-12 12:45:00.168 [INFO] strategy.window_handler: KELLY wr_adj=92.0% base=96.5% total_disc=1.6% vol=0.0% chop=13.3% outcome=0.0% feedback=+0.0%[0m
[96m2026-04-12 12:45:00.171 [WARNING] __main__: window open price captured: 71513.67 (RTDS boundary fallback, oracle_age=2000ms)[0m
[96m2026-04-12 12:45:00.172 [INFO] __main__: window open price captured: 71488.24 (binance)[0m
2026-04-12 12:45:00.173 [INFO] strategy.momentum_signal: momentum_signal: waiting for full market data
2026-04-12 12:45:00.713 [INFO] market_data.clob_market_ws: CLOB market subscribed for tokens up=587707135576 down=401807708942
[2m2026-04-12 12:45:28.316 [INFO] __main__: STATUS t=272s delta=-0.0029% dir=down agree=True chain=71511.61 bin=71488.24 open=71513.67 obi=-0.5952 ask_up=0.50 ask_dn=0.51 bid_up=0.49 bid_dn=0.50 halted=False[0m
[2m2026-04-12 12:45:58.447 [INFO] __main__: STATUS t=242s delta=-0.0018% dir=down agree=True chain=71512.35 bin=71488.23 open=71513.67 obi=-0.4568 ask_up=0.52 ask_dn=0.49 bid_up=0.51 bid_dn=0.48 halted=False[0m
[2m2026-04-12 12:46:28.579 [INFO] __main__: STATUS t=211s delta=-0.0082% dir=down agree=True chain=71507.80 bin=71478.60 open=71513.67 obi=-0.9760 ask_up=0.38 ask_dn=0.63 bid_up=0.37 bid_dn=0.62 halted=False[0m
2026-04-12 12:46:50.187 [INFO] strategy.momentum_signal: signal_eval rank=1 side=down latest_pct=-0.0545 stddev=0.0081 n=90 min_delta=0.09 max_var=0.050
[37m2026-04-12 12:46:50.187 [INFO] strategy.momentum_signal: [SKIP] rank=1 side=down reason=conditions_not_met latest_pct=-0.0545 need=<=-0.09 stddev=0.0081 max_var=0.050[0m
[2m2026-04-12 12:46:58.725 [INFO] __main__: STATUS t=181s delta=-0.0182% dir=down agree=True chain=71500.62 bin=71474.71 open=71513.67 obi=-0.5318 ask_up=0.34 ask_dn=0.67 bid_up=0.33 bid_dn=0.66 halted=False[0m
2026-04-12 12:47:02.253 [INFO] shared.ipc: IPC: received authenticated signal_update (summary=signals_summary_1775998022.json)
2026-04-12 12:47:02.254 [INFO] __main__: received new signal from orchestrator: rank=1 side=Down
[2m2026-04-12 12:47:28.864 [INFO] __main__: STATUS t=151s delta=-0.0192% dir=down agree=True chain=71499.95 bin=71474.71 open=71513.67 obi=-0.1532 ask_up=0.29 ask_dn=0.72 bid_up=0.28 bid_dn=0.71 halted=False[0m
[2m2026-04-12 12:47:59.004 [INFO] __main__: STATUS t=121s delta=-0.0198% dir=down agree=True chain=71499.52 bin=71474.70 open=71513.67 obi=-0.6563 ask_up=0.23 ask_dn=0.78 bid_up=0.22 bid_dn=0.77 halted=False[0m
[2m2026-04-12 12:48:29.164 [INFO] __main__: STATUS t=91s delta=-0.0336% dir=down agree=True chain=71489.61 bin=71450.00 open=71513.67 obi=-0.5991 ask_up=0.04 ask_dn=0.97 bid_up=0.03 bid_dn=0.96 halted=False[0m
[2m2026-04-12 12:48:59.297 [INFO] __main__: STATUS t=61s delta=-0.0546% dir=down agree=True chain=71474.61 bin=71450.01 open=71513.67 obi=-0.6561 ask_up=0.03 ask_dn=0.98 bid_up=0.02 bid_dn=0.97 halted=False[0m
[2m2026-04-12 12:49:29.447 [INFO] __main__: STATUS t=31s delta=-0.0570% dir=down agree=True chain=71472.88 bin=71450.01 open=71513.67 obi=-0.6508 ask_up=0.02 ask_dn=0.99 bid_up=0.01 bid_dn=0.98 halted=False[0m
[2m2026-04-12 12:49:59.594 [INFO] __main__: STATUS t=0s delta=-0.0918% dir=down agree=True chain=71448.04 bin=71420.53 open=71513.67 obi=0.1180 ask_up=0.01 ask_dn=1.00 bid_up=0.01 bid_dn=0.99 halted=False[0m
[37m2026-04-12 12:50:00.098 [INFO] execution.paper_trading: paper window_ts=1775997900 [SKIP] pnl=0.0000 direction=down outcome=down - balance=$979.57 bid_up=0.01 ask_up=0.01 bid_dn=0.99 ask_dn=1.00[0m
[93m[1m2026-04-12 12:50:00.098 [INFO] risk.position_tracker: WINDOW_SUMMARY window_pnl=$0.0000 session_pnl=$-39.4058 won=$22.2945 lost=$61.7003 wr=66.7% (4/6) consec_losses=2[0m
[96m2026-04-12 12:50:00.100 [INFO] strategy.window_handler: REGIME chop_detected flips=9 delta_range=0.1003% avg_flips=6.3 over=6_windows[0m
[37m2026-04-12 12:50:00.103 [INFO] strategy.window_handler: WINDOW_DECISION [SKIP] rank=1 side=down pnl=$0.0000 entry=0.00 size=$0.00 (conditions not met)[0m
[95m2026-04-12 12:50:00.104 [INFO] strategy.window_handler: Signal refreshed (same pattern): down_280.0_190.0_0.09_0.05 — rank 1->1, keeping SPRT state (age=3w, trades=0, LLR=0.00)[0m
2026-04-12 12:50:00.104 [INFO] strategy.window_handler: SIGNAL_SWAP_ACTIVE: {"rank":1,"side":"down","observeFromS":280.0,"observeToS":190.0,"minDeltaPct":0.09,"maxVariancePct":0.05,"trainWinRatePct":80.6,"oosWinRatePct":96.55,"oosBhAdjustedPValue":9.05647e-06,"oosMatches":29,"avgEntryPrice":0.8603,"evPerTrade":0.0752,"smartScore":5.56,"wfFoldsAppeared":4,"wfTotalTestFolds":6,"wfFoldIndices":[3,5,6,7]}
2026-04-12 12:50:00.104 [INFO] strategy.window_handler: switched to new signal: #1 down (previous: #1 down)
[96m[1m2026-04-12 12:50:00.105 [INFO] strategy.window_tracker: new window: btc-updown-5m-1775998200 (ts=1775998200)[0m
2026-04-12 12:50:00.124 [INFO] strategy.window_tracker: Gamma priceToBeat not yet available for btc-updown-5m-1775998200 — fetching in background
[96m2026-04-12 12:50:00.180 [INFO] strategy.window_handler: REGIME vol_stddev=0.068% chop_flips=6.3 outcome=2U/4D over 6w sprt=dormant llr=0.00 age=3w bankroll=$787.82[0m
[96m2026-04-12 12:50:00.180 [INFO] strategy.window_handler: KELLY wr_adj=90.3% base=96.5% total_disc=3.2% vol=0.0% chop=26.7% outcome=0.0% feedback=+0.0%[0m
[96m2026-04-12 12:50:00.181 [WARNING] __main__: window open price captured: 71448.04 (RTDS boundary fallback, oracle_age=2000ms)[0m
[96m2026-04-12 12:50:00.181 [INFO] __main__: window open price captured: 71420.52 (binance)[0m
2026-04-12 12:50:00.181 [INFO] strategy.momentum_signal: momentum_signal: waiting for full market data
2026-04-12 12:50:00.933 [INFO] market_data.clob_market_ws: CLOB market subscribed for tokens up=160242035526 down=803877576822
[2m2026-04-12 12:50:29.818 [INFO] __main__: STATUS t=270s delta=-0.0063% dir=down agree=True chain=71443.57 bin=71418.01 open=71448.04 obi=0.0353 ask_up=0.40 ask_dn=0.61 bid_up=0.39 bid_dn=0.60 halted=False[0m
[2m2026-04-12 12:50:59.947 [INFO] __main__: STATUS t=240s delta=-0.0066% dir=down agree=True chain=71443.32 bin=71418.01 open=71448.04 obi=-0.0642 ask_up=0.39 ask_dn=0.62 bid_up=0.38 bid_dn=0.61 halted=False[0m
[2m2026-04-12 12:51:30.086 [INFO] __main__: STATUS t=210s delta=0.0052% dir=up agree=False chain=71451.74 bin=71429.03 open=71448.04 obi=-0.8045 ask_up=0.56 ask_dn=0.45 bid_up=0.55 bid_dn=0.44 halted=False[0m
2026-04-12 12:51:50.178 [INFO] strategy.momentum_signal: signal_eval rank=1 side=down latest_pct=-0.0266 stddev=0.0072 n=90 min_delta=0.09 max_var=0.050
[37m2026-04-12 12:51:50.178 [INFO] strategy.momentum_signal: [SKIP] rank=1 side=down reason=conditions_not_met latest_pct=-0.0266 need=<=-0.09 stddev=0.0072 max_var=0.050[0m
[2m2026-04-12 12:52:00.225 [INFO] __main__: STATUS t=180s delta=0.0062% dir=up agree=False chain=71452.44 bin=71429.03 open=71448.04 obi=-0.0113 ask_up=0.54 ask_dn=0.47 bid_up=0.53 bid_dn=0.46 halted=False[0m
[2m2026-04-12 12:52:30.358 [INFO] __main__: STATUS t=150s delta=0.0101% dir=up agree=False chain=71455.28 bin=71429.03 open=71448.04 obi=0.7483 ask_up=0.62 ask_dn=0.39 bid_up=0.61 bid_dn=0.38 halted=False[0m
[2m2026-04-12 12:53:00.490 [INFO] __main__: STATUS t=120s delta=-0.3671% dir=down agree=True chain=71185.79 bin=71126.05 open=71448.04 obi=0.2193 ask_up=0.02 ask_dn=0.99 bid_up=0.01 bid_dn=0.98 halted=False[0m
[2m2026-04-12 12:53:30.624 [INFO] __main__: STATUS t=89s delta=-0.3653% dir=down agree=True chain=71187.04 bin=71168.90 open=71448.04 obi=0.0166 ask_up=0.01 ask_dn=1.00 bid_up=0.01 bid_dn=0.99 halted=False[0m
[2m2026-04-12 12:54:00.779 [INFO] __main__: STATUS t=59s delta=-0.3165% dir=down agree=True chain=71221.93 bin=71180.48 open=71448.04 obi=0.3151 ask_up=0.01 ask_dn=1.00 bid_up=0.01 bid_dn=0.99 halted=False[0m
[2m2026-04-12 12:54:30.930 [INFO] __main__: STATUS t=29s delta=-0.4511% dir=down agree=True chain=71125.72 bin=71099.99 open=71448.04 obi=0.5402 ask_up=0.01 ask_dn=1.00 bid_up=0.01 bid_dn=0.99 halted=False[0m
[37m2026-04-12 12:55:00.070 [INFO] execution.paper_trading: paper window_ts=1775998200 [SKIP] pnl=0.0000 direction=down outcome=down - balance=$979.57 bid_up=0.01 ask_up=0.01 bid_dn=0.99 ask_dn=1.00[0m
[93m[1m2026-04-12 12:55:00.070 [INFO] risk.position_tracker: WINDOW_SUMMARY window_pnl=$0.0000 session_pnl=$-39.4058 won=$22.2945 lost=$61.7003 wr=66.7% (4/6) consec_losses=2[0m
[96m2026-04-12 12:55:00.072 [INFO] strategy.window_handler: REGIME chop_detected flips=6 delta_range=0.4695% avg_flips=6.7 over=6_windows[0m
[37m2026-04-12 12:55:00.076 [INFO] strategy.window_handler: WINDOW_DECISION [SKIP] rank=1 side=down pnl=$0.0000 entry=0.00 size=$0.00 (conditions not met)[0m
[96m[1m2026-04-12 12:55:00.076 [INFO] strategy.window_tracker: new window: btc-updown-5m-1775998500 (ts=1775998500)[0m
2026-04-12 12:55:00.089 [INFO] strategy.window_tracker: Gamma priceToBeat not yet available for btc-updown-5m-1775998500 — fetching in background
[96m2026-04-12 12:55:00.144 [INFO] strategy.window_handler: REGIME vol_stddev=0.120% chop_flips=6.7 outcome=2U/4D over 6w sprt=dormant llr=0.00 age=4w bankroll=$787.82[0m
[96m2026-04-12 12:55:00.144 [INFO] strategy.window_handler: KELLY wr_adj=89.5% base=96.5% total_disc=4.0% vol=10.2% chop=33.3% outcome=0.0% feedback=+0.0%[0m
[96m2026-04-12 12:55:00.144 [WARNING] __main__: window open price captured: 71169.26 (RTDS boundary fallback, oracle_age=2000ms)[0m
[96m2026-04-12 12:55:00.145 [INFO] __main__: window open price captured: 71146.66 (binance)[0m
2026-04-12 12:55:00.145 [INFO] strategy.momentum_signal: momentum_signal: waiting for full market data
2026-04-12 12:55:00.166 [INFO] market_data.clob_market_ws: CLOB market subscribed for tokens up=902010546432 down=465936559882
[2m2026-04-12 12:55:01.151 [INFO] __main__: STATUS t=299s delta=0.0071% dir=up agree=False chain=71174.34 bin=71156.24 open=71169.26 obi=0.5424 ask_up=0.56 ask_dn=0.45 bid_up=0.55 bid_dn=0.44 halted=False[0m
[2m2026-04-12 12:55:31.290 [INFO] __main__: STATUS t=269s delta=0.0452% dir=up agree=True chain=71201.40 bin=71178.57 open=71169.26 obi=-0.1807 ask_up=0.64 ask_dn=0.37 bid_up=0.63 bid_dn=0.36 halted=False[0m
[2m2026-04-12 12:56:01.433 [INFO] __main__: STATUS t=239s delta=-0.0147% dir=down agree=True chain=71158.83 bin=71121.31 open=71169.26 obi=0.4879 ask_up=0.42 ask_dn=0.59 bid_up=0.41 bid_dn=0.58 halted=False[0m
[2m2026-04-12 12:56:31.597 [INFO] __main__: STATUS t=208s delta=0.0376% dir=up agree=True chain=71196.05 bin=71173.76 open=71169.26 obi=0.9255 ask_up=0.62 ask_dn=0.39 bid_up=0.61 bid_dn=0.38 halted=False[0m
2026-04-12 12:56:50.179 [INFO] strategy.momentum_signal: signal_eval rank=1 side=down latest_pct=0.0600 stddev=0.0348 n=90 min_delta=0.09 max_var=0.050
[37m2026-04-12 12:56:50.179 [INFO] strategy.momentum_signal: [SKIP] rank=1 side=down reason=conditions_not_met latest_pct=0.0600 need=<=-0.09 stddev=0.0348 max_var=0.050[0m
[2m2026-04-12 12:57:01.732 [INFO] __main__: STATUS t=178s delta=0.0597% dir=up agree=True chain=71211.75 bin=71176.00 open=71169.26 obi=-0.5205 ask_up=0.67 ask_dn=0.34 bid_up=0.66 bid_dn=0.33 halted=False[0m
[2m2026-04-12 12:57:31.872 [INFO] __main__: STATUS t=148s delta=0.0252% dir=up agree=False chain=71187.20 bin=71161.31 open=71169.26 obi=0.0623 ask_up=0.58 ask_dn=0.44 bid_up=0.56 bid_dn=0.42 halted=False[0m
[2m2026-04-12 12:58:02.015 [INFO] __main__: STATUS t=118s delta=-0.0643% dir=down agree=True chain=71123.50 bin=71104.64 open=71169.26 obi=0.7816 ask_up=0.28 ask_dn=0.73 bid_up=0.27 bid_dn=0.72 halted=False[0m
[2m2026-04-12 12:58:32.139 [INFO] __main__: STATUS t=88s delta=-0.0083% dir=down agree=True chain=71163.35 bin=71136.24 open=71169.26 obi=0.6480 ask_up=0.42 ask_dn=0.59 bid_up=0.41 bid_dn=0.58 halted=False[0m
[2m2026-04-12 12:59:02.288 [INFO] __main__: STATUS t=58s delta=-0.0145% dir=down agree=True chain=71158.93 bin=71130.31 open=71169.26 obi=-0.4778 ask_up=0.33 ask_dn=0.69 bid_up=0.31 bid_dn=0.67 halted=False[0m
[2m2026-04-12 12:59:32.412 [INFO] __main__: STATUS t=28s delta=0.0225% dir=up agree=False chain=71185.25 bin=71158.66 open=71169.26 obi=0.4710 ask_up=0.68 ask_dn=0.33 bid_up=0.67 bid_dn=0.32 halted=False[0m
[37m2026-04-12 13:00:00.036 [INFO] execution.paper_trading: paper window_ts=1775998500 [SKIP] pnl=0.0000 direction=down outcome=down - balance=$979.57 bid_up=0.01 ask_up=0.01 bid_dn=0.99 ask_dn=1.00[0m
[93m[1m2026-04-12 13:00:00.036 [INFO] risk.position_tracker: WINDOW_SUMMARY window_pnl=$0.0000 session_pnl=$-39.4058 won=$22.2945 lost=$61.7003 wr=66.7% (4/6) consec_losses=2[0m
[96m2026-04-12 13:00:00.038 [INFO] strategy.window_handler: REGIME chop_detected flips=11 delta_range=0.1832% avg_flips=7.2 over=6_windows[0m
[37m2026-04-12 13:00:00.043 [INFO] strategy.window_handler: WINDOW_DECISION [SKIP] rank=1 side=down pnl=$0.0000 entry=0.00 size=$0.00 (conditions not met)[0m
[96m[1m2026-04-12 13:00:00.044 [INFO] strategy.window_tracker: new window: btc-updown-5m-1775998800 (ts=1775998800)[0m
2026-04-12 13:00:00.058 [INFO] strategy.window_tracker: Gamma priceToBeat not yet available for btc-updown-5m-1775998800 — fetching in background
[96m2026-04-12 13:00:00.123 [INFO] strategy.window_handler: REGIME vol_stddev=0.116% chop_flips=7.2 outcome=2U/4D over 6w sprt=dormant llr=0.00 age=5w bankroll=$787.82[0m
[96m2026-04-12 13:00:00.125 [INFO] strategy.window_handler: KELLY wr_adj=88.3% base=96.5% total_disc=5.2% vol=8.2% chop=43.3% outcome=0.0% feedback=+0.0%[0m
[96m2026-04-12 13:00:00.126 [WARNING] __main__: window open price captured: 71123.52 (RTDS boundary fallback, oracle_age=2000ms)[0m
[96m2026-04-12 13:00:00.127 [INFO] __main__: window open price captured: 71084.01 (binance)[0m
2026-04-12 13:00:00.128 [INFO] strategy.momentum_signal: momentum_signal: waiting for full market data
2026-04-12 13:00:00.358 [INFO] market_data.clob_market_ws: CLOB market subscribed for tokens up=688433282501 down=943119892199
[2m2026-04-12 13:00:02.415 [INFO] __main__: STATUS t=298s delta=-0.0119% dir=down agree=True chain=71115.08 bin=71057.14 open=71123.52 obi=0.7267 ask_up=0.51 ask_dn=0.50 bid_up=0.50 bid_dn=0.49 halted=False[0m
[2m2026-04-12 13:00:32.581 [INFO] __main__: STATUS t=267s delta=-0.0949% dir=down agree=True chain=71056.03 bin=71028.70 open=71123.52 obi=-0.0258 ask_up=0.45 ask_dn=0.56 bid_up=0.44 bid_dn=0.55 halted=False[0m
[2m2026-04-12 13:01:02.730 [INFO] __main__: STATUS t=237s delta=-0.1739% dir=down agree=True chain=70999.85 bin=70993.49 open=71123.52 obi=-0.7581 ask_up=0.35 ask_dn=0.66 bid_up=0.34 bid_dn=0.65 halted=False[0m
[2m2026-04-12 13:01:32.859 [INFO] __main__: STATUS t=207s delta=-0.1657% dir=down agree=True chain=71005.68 bin=70977.17 open=71123.52 obi=-0.1684 ask_up=0.23 ask_dn=0.78 bid_up=0.22 bid_dn=0.77 halted=False[0m
2026-04-12 13:01:50.183 [INFO] strategy.momentum_signal: signal_eval rank=1 side=down latest_pct=-0.2693 stddev=0.0593 n=90 min_delta=0.09 max_var=0.050
[37m2026-04-12 13:01:50.183 [INFO] strategy.momentum_signal: [SKIP] rank=1 side=down reason=conditions_not_met latest_pct=-0.2693 need=<=-0.09 stddev=0.0593 max_var=0.050[0m
[2m2026-04-12 13:02:02.991 [INFO] __main__: STATUS t=177s delta=-0.2263% dir=down agree=True chain=70962.60 bin=70936.21 open=71123.52 obi=-0.7411 ask_up=0.12 ask_dn=0.89 bid_up=0.11 bid_dn=0.88 halted=False[0m
2026-04-12 13:02:07.687 [INFO] shared.ipc: IPC: received authenticated signal_update (summary=signals_summary_1775998928.json)
2026-04-12 13:02:07.687 [INFO] __main__: received new signal from orchestrator: rank=1 side=Down
[2m2026-04-12 13:02:33.122 [INFO] __main__: STATUS t=147s delta=-0.2120% dir=down agree=True chain=70972.73 bin=70948.60 open=71123.52 obi=-0.0012 ask_up=0.09 ask_dn=0.92 bid_up=0.08 bid_dn=0.91 halted=False[0m
[2m2026-04-12 13:03:03.271 [INFO] __main__: STATUS t=117s delta=-0.2075% dir=down agree=True chain=70975.97 bin=70984.00 open=71123.52 obi=0.9990 ask_up=0.13 ask_dn=0.88 bid_up=0.12 bid_dn=0.87 halted=False[0m
[2m2026-04-12 13:03:33.409 [INFO] __main__: STATUS t=87s delta=-0.2132% dir=down agree=True chain=70971.91 bin=70932.56 open=71123.52 obi=0.0493 ask_up=0.04 ask_dn=0.97 bid_up=0.03 bid_dn=0.96 halted=False[0m
[2m2026-04-12 13:04:03.561 [INFO] __main__: STATUS t=56s delta=-0.1985% dir=down agree=True chain=70982.30 bin=70953.24 open=71123.52 obi=0.9344 ask_up=0.02 ask_dn=0.99 bid_up=0.01 bid_dn=0.98 halted=False[0m
[2m2026-04-12 13:04:33.706 [INFO] __main__: STATUS t=26s delta=-0.1422% dir=down agree=True chain=71022.40 bin=70994.01 open=71123.52 obi=-0.1591 ask_up=0.02 ask_dn=0.99 bid_up=0.01 bid_dn=0.98 halted=False[0m
[37m2026-04-12 13:05:00.089 [INFO] execution.paper_trading: paper window_ts=1775998800 [SKIP] pnl=0.0000 direction=down outcome=down - balance=$979.57 bid_up=0.02 ask_up=0.01 bid_dn=0.99 ask_dn=1.00[0m
[93m[1m2026-04-12 13:05:00.089 [INFO] risk.position_tracker: WINDOW_SUMMARY window_pnl=$0.0000 session_pnl=$-39.4058 won=$22.2945 lost=$61.7003 wr=66.7% (4/6) consec_losses=2[0m
[37m2026-04-12 13:05:00.097 [INFO] strategy.window_handler: WINDOW_DECISION [SKIP] rank=1 side=down pnl=$0.0000 entry=0.00 size=$0.00 (conditions not met)[0m
[95m2026-04-12 13:05:00.098 [INFO] strategy.window_handler: Signal refreshed (same pattern): down_280.0_190.0_0.09_0.05 — rank 1->1, keeping SPRT state (age=6w, trades=0, LLR=0.00)[0m
2026-04-12 13:05:00.098 [INFO] strategy.window_handler: SIGNAL_SWAP_ACTIVE: {"rank":1,"side":"down","observeFromS":280.0,"observeToS":190.0,"minDeltaPct":0.09,"maxVariancePct":0.05,"trainWinRatePct":80.88,"oosWinRatePct":97.3,"oosBhAdjustedPValue":2.53323e-06,"oosMatches":37,"avgEntryPrice":0.8424,"evPerTrade":0.1005,"smartScore":7.87,"wfFoldsAppeared":5,"wfTotalTestFolds":6,"wfFoldIndices":[2,3,5,6,7]}
2026-04-12 13:05:00.098 [INFO] strategy.window_handler: switched to new signal: #1 down (previous: #1 down)
[96m[1m2026-04-12 13:05:00.098 [INFO] strategy.window_tracker: new window: btc-updown-5m-1775999100 (ts=1775999100)[0m
2026-04-12 13:05:00.113 [INFO] strategy.window_tracker: Gamma priceToBeat not yet available for btc-updown-5m-1775999100 — fetching in background
[96m2026-04-12 13:05:00.143 [INFO] strategy.window_handler: REGIME vol_stddev=0.115% chop_flips=6.8 outcome=2U/4D over 6w sprt=dormant llr=0.00 age=6w bankroll=$787.82[0m
[96m2026-04-12 13:05:00.143 [INFO] strategy.window_handler: KELLY wr_adj=89.9% base=97.3% total_disc=4.4% vol=7.7% chop=36.7% outcome=0.0% feedback=+0.0%[0m
[96m2026-04-12 13:05:00.144 [WARNING] __main__: window open price captured: 71047.91 (RTDS boundary fallback, oracle_age=1000ms)[0m
[96m2026-04-12 13:05:00.144 [INFO] __main__: window open price captured: 71010.01 (binance)[0m
2026-04-12 13:05:00.144 [INFO] strategy.momentum_signal: momentum_signal: waiting for full market data
2026-04-12 13:05:00.610 [INFO] market_data.clob_market_ws: CLOB market subscribed for tokens up=112535201500 down=152250965538
[2m2026-04-12 13:05:03.916 [INFO] __main__: STATUS t=296s delta=-0.0187% dir=down agree=True chain=71034.60 bin=71003.81 open=71047.91 obi=0.3220 ask_up=0.53 ask_dn=0.48 bid_up=0.52 bid_dn=0.47 halted=False[0m
[2m2026-04-12 13:05:34.048 [INFO] __main__: STATUS t=266s delta=0.0628% dir=up agree=True chain=71092.49 bin=71068.00 open=71047.91 obi=0.6432 ask_up=0.73 ask_dn=0.29 bid_up=0.71 bid_dn=0.27 halted=False[0m
[2m2026-04-12 13:06:04.173 [INFO] __main__: STATUS t=236s delta=0.1391% dir=up agree=True chain=71146.71 bin=71131.90 open=71047.91 obi=0.6063 ask_up=0.90 ask_dn=0.11 bid_up=0.89 bid_dn=0.10 halted=False[0m
[2m2026-04-12 13:06:34.311 [INFO] __main__: STATUS t=206s delta=0.0053% dir=up agree=True chain=71051.68 bin=71061.97 open=71047.91 obi=0.3561 ask_up=0.68 ask_dn=0.33 bid_up=0.67 bid_dn=0.32 halted=False[0m
2026-04-12 13:06:50.135 [INFO] strategy.momentum_signal: signal_eval rank=1 side=down latest_pct=-0.0078 stddev=0.0541 n=90 min_delta=0.09 max_var=0.050
[37m2026-04-12 13:06:50.135 [INFO] strategy.momentum_signal: [SKIP] rank=1 side=down reason=conditions_not_met latest_pct=-0.0078 need=<=-0.09 stddev=0.0541 max_var=0.050[0m
[2m2026-04-12 13:07:04.455 [INFO] __main__: STATUS t=176s delta=0.0062% dir=up agree=False chain=71052.29 bin=71031.99 open=71047.91 obi=0.9045 ask_up=0.64 ask_dn=0.37 bid_up=0.63 bid_dn=0.36 halted=False[0m
[2m2026-04-12 13:07:34.586 [INFO] __main__: STATUS t=145s delta=0.0080% dir=up agree=False chain=71053.56 bin=71028.01 open=71047.91 obi=-0.7005 ask_up=0.58 ask_dn=0.43 bid_up=0.57 bid_dn=0.42 halted=False[0m
[2m2026-04-12 13:08:04.725 [INFO] __main__: STATUS t=115s delta=0.0143% dir=up agree=False chain=71058.04 bin=71030.55 open=71047.91 obi=0.8946 ask_up=0.63 ask_dn=0.38 bid_up=0.62 bid_dn=0.37 halted=False[0m
[2m2026-04-12 13:08:34.858 [INFO] __main__: STATUS t=85s delta=0.0104% dir=up agree=False chain=71055.27 bin=71030.54 open=71047.91 obi=-0.6836 ask_up=0.67 ask_dn=0.34 bid_up=0.66 bid_dn=0.33 halted=False[0m
[2m2026-04-12 13:09:04.993 [INFO] __main__: STATUS t=55s delta=0.0314% dir=up agree=True chain=71070.18 bin=71063.40 open=71047.91 obi=0.3842 ask_up=0.90 ask_dn=0.11 bid_up=0.89 bid_dn=0.10 halted=False[0m
[2m2026-04-12 13:09:35.122 [INFO] __main__: STATUS t=25s delta=0.1419% dir=up agree=True chain=71148.72 bin=71125.52 open=71047.91 obi=0.7229 ask_up=1.00 ask_dn=0.01 bid_up=0.99 bid_dn=0.01 halted=False[0m
[37m2026-04-12 13:10:00.246 [INFO] execution.paper_trading: paper window_ts=1775999100 [SKIP] pnl=0.0000 direction=up outcome=up - balance=$979.57 bid_up=0.99 ask_up=1.00 bid_dn=0.01 ask_dn=0.01[0m
[93m[1m2026-04-12 13:10:00.246 [INFO] risk.position_tracker: WINDOW_SUMMARY window_pnl=$0.0000 session_pnl=$-39.4058 won=$22.2945 lost=$61.7003 wr=66.7% (4/6) consec_losses=2[0m
[96m2026-04-12 13:10:00.250 [INFO] strategy.window_handler: REGIME chop_detected flips=3 delta_range=0.1904% avg_flips=6.2 over=6_windows[0m
[37m2026-04-12 13:10:00.255 [INFO] strategy.window_handler: WINDOW_DECISION [SKIP] rank=1 side=down pnl=$0.0000 entry=0.00 size=$0.00 (conditions not met)[0m
[96m[1m2026-04-12 13:10:00.255 [INFO] strategy.window_tracker: new window: btc-updown-5m-1775999400 (ts=1775999400)[0m
2026-04-12 13:10:00.267 [INFO] strategy.window_tracker: Gamma priceToBeat not yet available for btc-updown-5m-1775999400 — fetching in background
[96m2026-04-12 13:10:00.312 [INFO] strategy.window_handler: REGIME vol_stddev=0.119% chop_flips=6.2 outcome=2U/4D over 6w sprt=dormant llr=0.00 age=7w bankroll=$787.82[0m
[96m2026-04-12 13:10:00.312 [INFO] strategy.window_handler: KELLY wr_adj=91.5% base=97.3% total_disc=2.8% vol=9.7% chop=23.3% outcome=0.0% feedback=+0.0%[0m
[96m2026-04-12 13:10:00.313 [WARNING] __main__: window open price captured: 71150.08 (RTDS boundary fallback, oracle_age=1000ms)[0m
[96m2026-04-12 13:10:00.318 [INFO] __main__: window open price captured: 71125.53 (binance)[0m
2026-04-12 13:10:00.319 [INFO] strategy.momentum_signal: momentum_signal: waiting for full market data
2026-04-12 13:10:00.821 [INFO] market_data.clob_market_ws: CLOB market subscribed for tokens up=118247015252 down=338293540156
[2m2026-04-12 13:10:05.139 [INFO] __main__: STATUS t=295s delta=-0.0004% dir=down agree=True chain=71149.81 bin=71125.53 open=71150.08 obi=0.7610 ask_up=0.54 ask_dn=0.47 bid_up=0.53 bid_dn=0.46 halted=False[0m
[2m2026-04-12 13:10:35.265 [INFO] __main__: STATUS t=265s delta=-0.0907% dir=down agree=True chain=71085.56 bin=71057.60 open=71150.08 obi=-0.0690 ask_up=0.29 ask_dn=0.72 bid_up=0.28 bid_dn=0.71 halted=False[0m
[2m2026-04-12 13:11:05.412 [INFO] __main__: STATUS t=235s delta=-0.1827% dir=down agree=True chain=71020.06 bin=70995.89 open=71150.08 obi=-0.3659 ask_up=0.12 ask_dn=0.89 bid_up=0.11 bid_dn=0.88 halted=False[0m
[2m2026-04-12 13:11:35.544 [INFO] __main__: STATUS t=204s delta=-0.1454% dir=down agree=True chain=71046.59 bin=71025.16 open=71150.08 obi=0.4313 ask_up=0.15 ask_dn=0.86 bid_up=0.14 bid_dn=0.85 halted=False[0m
2026-04-12 13:11:50.109 [INFO] strategy.momentum_signal: signal_eval rank=1 side=down latest_pct=-0.1695 stddev=0.0315 n=90 min_delta=0.09 max_var=0.050
[96m2026-04-12 13:11:50.109 [INFO] strategy.momentum_signal: KELLY sizing: p_adj=0.915 base=0.943 total_disc=0.028 vol=0.097 chop=0.233 outcome=0.000 feedback=+0.000[0m
[96m2026-04-12 13:11:50.109 [INFO] strategy.momentum_signal: KELLY bet: entry=0.85 raw_f=0.433 frac_f=0.108 bankroll=$787.82 kelly_bet=$39.39 sprt=1.00 final=$39.39[0m
[92m[1m2026-04-12 13:11:50.109 [INFO] strategy.momentum_signal: FIRED rank=1 side=down t=189.9s dir=-0.1695% stddev=0.0315% n=90 oos_wr=97.3% bh_p=2.53e-06 avg_entry=0.84 ask=0.85 size=$39.39[0m
2026-04-12 13:11:50.109 [INFO] strategy.momentum_signal: SKIP_MAKER (high conf) rank=1 oos_wr=97.3% stddev=0.0315% → cross on fire
2026-04-12 13:11:50.109 [INFO] execution.paper_trading: paper momentum1 taker: id=paper-1 price=0.85 size=46.3412 [filled]
2026-04-12 13:11:50.361 [INFO] strategy.momentum_signal: post-fire erosion: rank=1 erosion=0.0001 ema=0.0001 cusum=0.000/0.800 threshold=0.5229 fire=-0.1695% current=-0.1695%
2026-04-12 13:12:00.409 [INFO] strategy.momentum_signal: post-fire erosion: rank=1 erosion=0.1602 ema=0.0161 cusum=0.000/0.800 threshold=0.5229 fire=-0.1695% current=-0.1424%
[2m2026-04-12 13:12:05.697 [INFO] __main__: STATUS t=174s delta=-0.1060% dir=down agree=True chain=71074.63 bin=71054.40 open=71150.08 obi=0.9269 ask_up=0.22 ask_dn=0.79 bid_up=0.21 bid_dn=0.78 halted=False[0m
2026-04-12 13:12:10.477 [INFO] strategy.momentum_signal: post-fire erosion: rank=1 erosion=0.2068 ema=0.2001 cusum=0.000/0.800 threshold=0.5229 fire=-0.1695% current=-0.1345%
2026-04-12 13:12:20.526 [INFO] strategy.momentum_signal: post-fire erosion: rank=1 erosion=0.1745 ema=0.1764 cusum=0.000/0.800 threshold=0.5229 fire=-0.1695% current=-0.1400%
2026-04-12 13:12:29.568 [INFO] strategy.momentum_signal: post-fire erosion: rank=1 erosion=0.0089 ema=0.0610 cusum=0.000/0.800 threshold=0.5229 fire=-0.1695% current=-0.1680%
[2m2026-04-12 13:12:35.847 [INFO] __main__: STATUS t=144s delta=-0.1190% dir=down agree=True chain=71065.42 bin=71034.82 open=71150.08 obi=0.6408 ask_up=0.12 ask_dn=0.89 bid_up=0.11 bid_dn=0.88 halted=False[0m
2026-04-12 13:12:39.616 [INFO] strategy.momentum_signal: post-fire erosion: rank=1 erosion=0.0000 ema=0.0236 cusum=0.000/0.800 threshold=0.5229 fire=-0.1695% current=-0.1701%
2026-04-12 13:12:49.664 [INFO] strategy.momentum_signal: post-fire erosion: rank=1 erosion=0.0445 ema=0.0294 cusum=0.000/0.800 threshold=0.5229 fire=-0.1695% current=-0.1620%
2026-04-12 13:12:59.710 [INFO] strategy.momentum_signal: post-fire erosion: rank=1 erosion=0.0626 ema=0.0567 cusum=0.000/0.800 threshold=0.5229 fire=-0.1695% current=-0.1589%
2026-04-12 13:13:03.230 [INFO] strategy.momentum_signal: post-fire erosion: rank=1 erosion=0.2864 ema=0.1430 cusum=0.000/0.800 threshold=0.5229 fire=-0.1695% current=-0.1210%
[2m2026-04-12 13:13:05.992 [INFO] __main__: STATUS t=114s delta=-0.0879% dir=down agree=True chain=71087.55 bin=71064.00 open=71150.08 obi=0.9759 ask_up=0.14 ask_dn=0.87 bid_up=0.13 bid_dn=0.86 halted=False[0m
2026-04-12 13:13:13.277 [INFO] strategy.momentum_signal: post-fire erosion: rank=1 erosion=0.2864 ema=0.2843 cusum=0.000/0.800 threshold=0.5229 fire=-0.1695% current=-0.1210%
2026-04-12 13:13:23.321 [INFO] strategy.momentum_signal: post-fire erosion: rank=1 erosion=0.2516 ema=0.2417 cusum=0.000/0.800 threshold=0.5229 fire=-0.1695% current=-0.1269%
2026-04-12 13:13:33.366 [INFO] strategy.momentum_signal: post-fire erosion: rank=1 erosion=0.2516 ema=0.2515 cusum=0.000/0.800 threshold=0.5229 fire=-0.1695% current=-0.1269%
[2m2026-04-12 13:13:36.128 [INFO] __main__: STATUS t=84s delta=-0.0884% dir=down agree=True chain=71087.15 bin=71059.81 open=71150.08 obi=-0.0089 ask_up=0.07 ask_dn=0.95 bid_up=0.05 bid_dn=0.93 halted=False[0m
2026-04-12 13:13:43.410 [INFO] strategy.momentum_signal: post-fire erosion: rank=1 erosion=0.2674 ema=0.2661 cusum=0.000/0.800 threshold=0.5229 fire=-0.1695% current=-0.1242%
2026-04-12 13:13:53.458 [INFO] strategy.momentum_signal: post-fire erosion: rank=1 erosion=0.1799 ema=0.2056 cusum=0.000/0.800 threshold=0.5229 fire=-0.1695% current=-0.1390%
2026-04-12 13:14:02.508 [INFO] strategy.momentum_signal: post-fire erosion: rank=1 erosion=0.0064 ema=0.1122 cusum=0.000/0.800 threshold=0.5229 fire=-0.1695% current=-0.1685%
[2m2026-04-12 13:14:06.284 [INFO] __main__: STATUS t=54s delta=-0.1265% dir=down agree=True chain=71060.07 bin=71027.44 open=71150.08 obi=-0.0931 ask_up=0.02 ask_dn=0.99 bid_up=0.01 bid_dn=0.98 halted=False[0m
2026-04-12 13:14:12.562 [INFO] strategy.momentum_signal: post-fire erosion: rank=1 erosion=0.0000 ema=0.0019 cusum=0.000/0.800 threshold=0.5229 fire=-0.1695% current=-0.2109%
2026-04-12 13:14:22.611 [INFO] strategy.momentum_signal: post-fire erosion: rank=1 erosion=0.0000 ema=0.0000 cusum=0.000/0.800 threshold=0.5229 fire=-0.1695% current=-0.2246%
2026-04-12 13:14:32.658 [INFO] strategy.momentum_signal: post-fire erosion: rank=1 erosion=0.0000 ema=0.0000 cusum=0.000/0.800 threshold=0.5229 fire=-0.1695% current=-0.2171%
[2m2026-04-12 13:14:36.428 [INFO] __main__: STATUS t=24s delta=-0.1816% dir=down agree=True chain=71020.88 bin=70995.62 open=71150.08 obi=0.4943 ask_up=0.01 ask_dn=1.00 bid_up=0.01 bid_dn=0.99 halted=False[0m
2026-04-12 13:14:42.710 [INFO] strategy.momentum_signal: post-fire erosion: rank=1 erosion=0.0000 ema=0.0000 cusum=0.000/0.800 threshold=0.5229 fire=-0.1695% current=-0.2171%
2026-04-12 13:14:52.756 [INFO] strategy.momentum_signal: post-fire erosion: rank=1 erosion=0.0000 ema=0.0000 cusum=0.000/0.800 threshold=0.5229 fire=-0.1695% current=-0.2250%
[92m[1m2026-04-12 13:15:00.047 [INFO] execution.paper_trading: paper window_ts=1775999400 [WIN] pnl=6.8122 direction=down outcome=down rule#1(fill) balance=$986.39 bid_up=0.01 ask_up=0.01 bid_dn=0.99 ask_dn=1.00[0m
[93m[1m2026-04-12 13:15:00.048 [INFO] risk.position_tracker: WINDOW_SUMMARY window_pnl=$6.8122 session_pnl=$-32.5936 won=$29.1067 lost=$61.7003 wr=71.4% (5/7) consec_losses=0[0m
[92m[1m2026-04-12 13:15:00.054 [INFO] strategy.window_handler: WINDOW_DECISION [WIN] rank=1 side=down pnl=$6.8122 entry=0.85 size=$39.39[0m
[96m[1m2026-04-12 13:15:00.055 [INFO] strategy.window_tracker: new window: btc-updown-5m-1775999700 (ts=1775999700)[0m
2026-04-12 13:15:00.081 [INFO] strategy.window_tracker: Gamma priceToBeat not yet available for btc-updown-5m-1775999700 — fetching in background
[96m2026-04-12 13:15:00.131 [INFO] strategy.window_handler: REGIME vol_stddev=0.122% chop_flips=5.5 outcome=1U/5D over 6w sprt=dormant llr=-0.06 age=8w bankroll=$794.63[0m
[96m2026-04-12 13:15:00.132 [INFO] strategy.window_handler: KELLY wr_adj=93.0% base=97.3% total_disc=1.3% vol=11.1% chop=10.0% outcome=0.0% feedback=+0.0%[0m
[96m2026-04-12 13:15:00.132 [WARNING] __main__: window open price captured: 71015.15 (RTDS boundary fallback, oracle_age=1000ms)[0m
[96m2026-04-12 13:15:00.132 [INFO] __main__: window open price captured: 70985.84 (binance)[0m
2026-04-12 13:15:00.133 [INFO] strategy.momentum_signal: momentum_signal: waiting for full market data
2026-04-12 13:15:01.028 [INFO] market_data.clob_market_ws: CLOB market subscribed for tokens up=400016902786 down=108718715064
[2m2026-04-12 13:15:06.664 [INFO] __main__: STATUS t=293s delta=0.0057% dir=up agree=False chain=71019.19 bin=70989.98 open=71015.15 obi=0.5619 ask_up=0.55 ask_dn=0.46 bid_up=0.54 bid_dn=0.45 halted=False[0m
[2m2026-04-12 13:15:36.801 [INFO] __main__: STATUS t=263s delta=0.0555% dir=up agree=True chain=71054.55 bin=71031.34 open=71015.15 obi=-0.0445 ask_up=0.70 ask_dn=0.31 bid_up=0.69 bid_dn=0.30 halted=False[0m
[2m2026-04-12 13:16:06.936 [INFO] __main__: STATUS t=233s delta=0.0448% dir=up agree=True chain=71046.95 bin=71020.41 open=71015.15 obi=-0.8057 ask_up=0.67 ask_dn=0.34 bid_up=0.66 bid_dn=0.33 halted=False[0m
[2m2026-04-12 13:16:37.067 [INFO] __main__: STATUS t=203s delta=0.0516% dir=up agree=True chain=71051.76 bin=71030.35 open=71015.15 obi=0.2218 ask_up=0.74 ask_dn=0.27 bid_up=0.73 bid_dn=0.26 halted=False[0m
2026-04-12 13:16:50.126 [INFO] strategy.momentum_signal: signal_eval rank=1 side=down latest_pct=0.0214 stddev=0.0088 n=90 min_delta=0.09 max_var=0.050
[37m2026-04-12 13:16:50.126 [INFO] strategy.momentum_signal: [SKIP] rank=1 side=down reason=conditions_not_met latest_pct=0.0214 need=<=-0.09 stddev=0.0088 max_var=0.050[0m
[2m2026-04-12 13:17:07.242 [INFO] __main__: STATUS t=173s delta=0.1280% dir=up agree=True chain=71106.05 bin=71084.83 open=71015.15 obi=0.7409 ask_up=0.94 ask_dn=0.07 bid_up=0.93 bid_dn=0.06 halted=False[0m
2026-04-12 13:17:13.028 [INFO] shared.ipc: IPC: received authenticated signal_update (summary=signals_summary_1775999833.json)
2026-04-12 13:17:13.028 [INFO] __main__: received new signal from orchestrator: rank=1 side=Down
[2m2026-04-12 13:17:37.378 [INFO] __main__: STATUS t=143s delta=0.1033% dir=up agree=True chain=71088.54 bin=71060.47 open=71015.15 obi=-0.0951 ask_up=0.92 ask_dn=0.09 bid_up=0.91 bid_dn=0.08 halted=False[0m
[2m2026-04-12 13:18:07.517 [INFO] __main__: STATUS t=112s delta=0.0373% dir=up agree=False chain=71041.60 bin=71014.81 open=71015.15 obi=-0.5047 ask_up=0.74 ask_dn=0.27 bid_up=0.73 bid_dn=0.26 halted=False[0m
[2m2026-04-12 13:18:37.647 [INFO] __main__: STATUS t=82s delta=0.0728% dir=up agree=True chain=71066.82 bin=71041.42 open=71015.15 obi=-0.2818 ask_up=0.90 ask_dn=0.11 bid_up=0.89 bid_dn=0.10 halted=False[0m
[2m2026-04-12 13:19:07.804 [INFO] __main__: STATUS t=52s delta=0.1015% dir=up agree=True chain=71087.25 bin=71064.01 open=71015.15 obi=0.2868 ask_up=0.98 ask_dn=0.03 bid_up=0.97 bid_dn=0.02 halted=False[0m
[2m2026-04-12 13:19:37.942 [INFO] __main__: STATUS t=22s delta=0.1093% dir=up agree=True chain=71092.74 bin=71049.39 open=71015.15 obi=-0.5340 ask_up=1.00 ask_dn=0.01 bid_up=0.99 bid_dn=0.01 halted=False[0m
[37m2026-04-12 13:20:00.053 [INFO] execution.paper_trading: paper window_ts=1775999700 [SKIP] pnl=0.0000 direction=up outcome=up - balance=$986.39 bid_up=0.99 ask_up=1.00 bid_dn=0.01 ask_dn=0.01[0m
[93m[1m2026-04-12 13:20:00.053 [INFO] risk.position_tracker: WINDOW_SUMMARY window_pnl=$0.0000 session_pnl=$-32.5936 won=$29.1067 lost=$61.7003 wr=71.4% (5/7) consec_losses=0[0m
[37m2026-04-12 13:20:00.074 [INFO] strategy.window_handler: WINDOW_DECISION [SKIP] rank=1 side=down pnl=$0.0000 entry=0.00 size=$0.00 (conditions not met)[0m
2026-04-12 13:20:00.074 [INFO] strategy.window_handler: Signal changed: down_280.0_190.0_0.09_0.05 -> down_280.0_250.0_0.08_0.05 (age was 9 windows)
2026-04-12 13:20:00.074 [INFO] strategy.window_handler: SIGNAL_SWAP_ACTIVE: {"rank":1,"side":"down","observeFromS":280.0,"observeToS":250.0,"minDeltaPct":0.08,"maxVariancePct":0.05,"trainWinRatePct":76.27,"oosWinRatePct":88.89,"oosBhAdjustedPValue":1.74274e-05,"oosMatches":36,"avgEntryPrice":0.7697,"evPerTrade":0.0892,"smartScore":8.14,"wfFoldsAppeared":6,"wfTotalTestFolds":6,"wfFoldIndices":[2,3,4,5,6,7]}
2026-04-12 13:20:00.083 [INFO] strategy.window_handler: switched to new signal: #1 down (previous: #1 down)
[96m[1m2026-04-12 13:20:00.084 [INFO] strategy.window_tracker: new window: btc-updown-5m-1776000000 (ts=1776000000)[0m
2026-04-12 13:20:00.099 [INFO] strategy.window_tracker: Gamma priceToBeat not yet available for btc-updown-5m-1776000000 — fetching in background
[96m2026-04-12 13:20:00.146 [INFO] strategy.window_handler: REGIME vol_stddev=0.122% chop_flips=4.2 outcome=2U/4D over 6w sprt=dormant llr=0.00 age=0w bankroll=$794.63[0m
[96m2026-04-12 13:20:00.148 [INFO] strategy.window_handler: KELLY wr_adj=84.6% base=88.9% total_disc=1.3% vol=11.0% chop=0.0% outcome=0.0% feedback=+0.0%[0m
[96m2026-04-12 13:20:00.148 [WARNING] __main__: window open price captured: 71077.64 (RTDS boundary fallback, oracle_age=1000ms)[0m
[96m2026-04-12 13:20:00.149 [INFO] __main__: window open price captured: 71049.39 (binance)[0m
2026-04-12 13:20:00.150 [INFO] strategy.momentum_signal: momentum_signal: waiting for full market data
2026-04-12 13:20:00.236 [INFO] market_data.clob_market_ws: CLOB market subscribed for tokens up=440713351861 down=960013120828
[2m2026-04-12 13:20:08.036 [INFO] __main__: STATUS t=292s delta=0.0065% dir=up agree=False chain=71082.23 bin=71056.00 open=71077.64 obi=0.5403 ask_up=0.54 ask_dn=0.47 bid_up=0.53 bid_dn=0.46 halted=False[0m
[2m2026-04-12 13:20:38.163 [INFO] __main__: STATUS t=262s delta=0.0160% dir=up agree=False chain=71089.02 bin=71060.71 open=71077.64 obi=0.0036 ask_up=0.61 ask_dn=0.40 bid_up=0.60 bid_dn=0.39 halted=False[0m
2026-04-12 13:20:50.215 [INFO] strategy.momentum_signal: signal_eval rank=1 side=down latest_pct=-0.0220 stddev=0.0021 n=30 min_delta=0.08 max_var=0.050
[37m2026-04-12 13:20:50.215 [INFO] strategy.momentum_signal: [SKIP] rank=1 side=down reason=conditions_not_met latest_pct=-0.0220 need=<=-0.08 stddev=0.0021 max_var=0.050[0m
[2m2026-04-12 13:21:08.320 [INFO] __main__: STATUS t=232s delta=0.0260% dir=up agree=False chain=71096.13 bin=71064.00 open=71077.64 obi=0.6645 ask_up=0.67 ask_dn=0.34 bid_up=0.66 bid_dn=0.33 halted=False[0m
[2m2026-04-12 13:21:38.452 [INFO] __main__: STATUS t=202s delta=0.0179% dir=up agree=False chain=71090.37 bin=71057.88 open=71077.64 obi=0.4109 ask_up=0.60 ask_dn=0.41 bid_up=0.59 bid_dn=0.40 halted=False[0m
[2m2026-04-12 13:22:08.609 [INFO] __main__: STATUS t=171s delta=0.0435% dir=up agree=True chain=71108.53 bin=71081.50 open=71077.64 obi=0.5647 ask_up=0.73 ask_dn=0.28 bid_up=0.72 bid_dn=0.27 halted=False[0m
[2m2026-04-12 13:22:38.749 [INFO] __main__: STATUS t=141s delta=0.0253% dir=up agree=False chain=71095.62 bin=71066.18 open=71077.64 obi=0.0277 ask_up=0.65 ask_dn=0.36 bid_up=0.64 bid_dn=0.35 halted=False[0m
[2m2026-04-12 13:23:08.896 [INFO] __main__: STATUS t=111s delta=-0.0050% dir=down agree=True chain=71074.11 bin=71040.98 open=71077.64 obi=0.5766 ask_up=0.47 ask_dn=0.54 bid_up=0.46 bid_dn=0.53 halted=False[0m
[2m2026-04-12 13:23:39.031 [INFO] __main__: STATUS t=81s delta=0.0109% dir=up agree=False chain=71085.38 bin=71059.79 open=71077.64 obi=0.1340 ask_up=0.59 ask_dn=0.42 bid_up=0.58 bid_dn=0.41 halted=False[0m
[2m2026-04-12 13:24:09.160 [INFO] __main__: STATUS t=51s delta=0.0635% dir=up agree=True chain=71122.76 bin=71096.74 open=71077.64 obi=-0.9431 ask_up=0.95 ask_dn=0.06 bid_up=0.94 bid_dn=0.05 halted=False[0m
[2m2026-04-12 13:24:39.295 [INFO] __main__: STATUS t=21s delta=0.0636% dir=up agree=True chain=71122.82 bin=71091.53 open=71077.64 obi=-0.1749 ask_up=0.98 ask_dn=0.04 bid_up=0.96 bid_dn=0.02 halted=False[0m
[37m2026-04-12 13:25:00.144 [INFO] execution.paper_trading: paper window_ts=1776000000 [SKIP] pnl=0.0000 direction=up outcome=up - balance=$986.39 bid_up=0.99 ask_up=1.00 bid_dn=0.01 ask_dn=0.01[0m
[93m[1m2026-04-12 13:25:00.144 [INFO] risk.position_tracker: WINDOW_SUMMARY window_pnl=$0.0000 session_pnl=$-32.5936 won=$29.1067 lost=$61.7003 wr=71.4% (5/7) consec_losses=0[0m
[37m2026-04-12 13:25:00.150 [INFO] strategy.window_handler: WINDOW_DECISION [SKIP] rank=1 side=down pnl=$0.0000 entry=0.00 size=$0.00 (conditions not met)[0m
[96m[1m2026-04-12 13:25:00.151 [INFO] strategy.window_tracker: new window: btc-updown-5m-1776000300 (ts=1776000300)[0m
2026-04-12 13:25:00.159 [INFO] strategy.window_tracker: Gamma priceToBeat not yet available for btc-updown-5m-1776000300 — fetching in background
[96m2026-04-12 13:25:00.190 [INFO] strategy.window_handler: REGIME vol_stddev=0.120% chop_flips=3.5 outcome=3U/3D over 6w sprt=dormant llr=0.00 age=1w bankroll=$794.63[0m
[96m2026-04-12 13:25:00.191 [INFO] strategy.window_handler: KELLY wr_adj=84.7% base=88.9% total_disc=1.2% vol=10.2% chop=0.0% outcome=0.0% feedback=+0.0%[0m
[96m2026-04-12 13:25:00.191 [WARNING] __main__: window open price captured: 71123.48 (RTDS boundary fallback, oracle_age=2000ms)[0m
[96m2026-04-12 13:25:00.191 [INFO] __main__: window open price captured: 71104.09 (binance)[0m
2026-04-12 13:25:00.192 [INFO] strategy.momentum_signal: momentum_signal: waiting for full market data
2026-04-12 13:25:00.472 [INFO] market_data.clob_market_ws: CLOB market subscribed for tokens up=259458964999 down=205626844192
[2m2026-04-12 13:25:09.366 [INFO] __main__: STATUS t=291s delta=0.0074% dir=up agree=False chain=71128.73 bin=71098.64 open=71123.48 obi=-0.9968 ask_up=0.51 ask_dn=0.50 bid_up=0.50 bid_dn=0.49 halted=False[0m
[2m2026-04-12 13:25:39.497 [INFO] __main__: STATUS t=261s delta=-0.0242% dir=down agree=True chain=71106.23 bin=71076.51 open=71123.48 obi=0.2235 ask_up=0.42 ask_dn=0.59 bid_up=0.41 bid_dn=0.58 halted=False[0m
2026-04-12 13:25:50.045 [INFO] strategy.momentum_signal: signal_eval rank=1 side=down latest_pct=-0.0535 stddev=0.0094 n=30 min_delta=0.08 max_var=0.050
[37m2026-04-12 13:25:50.045 [INFO] strategy.momentum_signal: [SKIP] rank=1 side=down reason=conditions_not_met latest_pct=-0.0535 need=<=-0.08 stddev=0.0094 max_var=0.050[0m
[2m2026-04-12 13:26:09.641 [INFO] __main__: STATUS t=230s delta=-0.0085% dir=down agree=True chain=71117.40 bin=71084.29 open=71123.48 obi=0.7660 ask_up=0.44 ask_dn=0.57 bid_up=0.43 bid_dn=0.56 halted=False[0m
[2m2026-04-12 13:26:39.777 [INFO] __main__: STATUS t=200s delta=0.0013% dir=up agree=False chain=71124.38 bin=71094.83 open=71123.48 obi=0.2201 ask_up=0.51 ask_dn=0.50 bid_up=0.50 bid_dn=0.49 halted=False[0m
[2m2026-04-12 13:27:09.941 [INFO] __main__: STATUS t=170s delta=-0.0217% dir=down agree=True chain=71108.07 bin=71085.13 open=71123.48 obi=0.1952 ask_up=0.38 ask_dn=0.63 bid_up=0.37 bid_dn=0.62 halted=False[0m
[2m2026-04-12 13:27:40.065 [INFO] __main__: STATUS t=140s delta=-0.0192% dir=down agree=True chain=71109.80 bin=71082.04 open=71123.48 obi=-0.7558 ask_up=0.33 ask_dn=0.68 bid_up=0.32 bid_dn=0.67 halted=False[0m
[2m2026-04-12 13:28:10.199 [INFO] __main__: STATUS t=110s delta=-0.0177% dir=down agree=True chain=71110.92 bin=71082.04 open=71123.48 obi=-0.0754 ask_up=0.36 ask_dn=0.65 bid_up=0.35 bid_dn=0.64 halted=False[0m
[2m2026-04-12 13:28:40.325 [INFO] __main__: STATUS t=80s delta=-0.0490% dir=down agree=True chain=71088.63 bin=71064.46 open=71123.48 obi=0.2991 ask_up=0.17 ask_dn=0.84 bid_up=0.16 bid_dn=0.83 halted=False[0m
[2m2026-04-12 13:29:10.459 [INFO] __main__: STATUS t=50s delta=-0.0433% dir=down agree=True chain=71092.69 bin=71062.87 open=71123.48 obi=-0.8239 ask_up=0.08 ask_dn=0.93 bid_up=0.07 bid_dn=0.92 halted=False[0m
[2m2026-04-12 13:29:40.590 [INFO] __main__: STATUS t=19s delta=-0.0494% dir=down agree=True chain=71088.36 bin=71059.88 open=71123.48 obi=-0.5344 ask_up=0.03 ask_dn=0.98 bid_up=0.02 bid_dn=0.97 halted=False[0m
[37m2026-04-12 13:30:00.191 [INFO] execution.paper_trading: paper window_ts=1776000300 [SKIP] pnl=0.0000 direction=down outcome=down - balance=$986.39 bid_up=0.01 ask_up=0.01 bid_dn=0.99 ask_dn=1.00[0m
[93m[1m2026-04-12 13:30:00.191 [INFO] risk.position_tracker: WINDOW_SUMMARY window_pnl=$0.0000 session_pnl=$-32.5936 won=$29.1067 lost=$61.7003 wr=71.4% (5/7) consec_losses=0[0m
[96m2026-04-12 13:30:00.193 [INFO] strategy.window_handler: REGIME chop_detected flips=3 delta_range=0.0797% avg_flips=2.2 over=6_windows[0m
[37m2026-04-12 13:30:00.198 [INFO] strategy.window_handler: WINDOW_DECISION [SKIP] rank=1 side=down pnl=$0.0000 entry=0.00 size=$0.00 (conditions not met)[0m
[96m[1m2026-04-12 13:30:00.198 [INFO] strategy.window_tracker: new window: btc-updown-5m-1776000600 (ts=1776000600)[0m
2026-04-12 13:30:00.208 [INFO] strategy.window_tracker: Gamma priceToBeat not yet available for btc-updown-5m-1776000600 — fetching in background
[96m2026-04-12 13:30:00.254 [INFO] strategy.window_handler: REGIME vol_stddev=0.118% chop_flips=2.2 outcome=3U/3D over 6w sprt=dormant llr=0.00 age=2w bankroll=$794.63[0m
[96m2026-04-12 13:30:00.254 [INFO] strategy.window_handler: KELLY wr_adj=84.8% base=88.9% total_disc=1.1% vol=9.0% chop=0.0% outcome=0.0% feedback=+0.0%[0m
[96m2026-04-12 13:30:00.254 [WARNING] __main__: window open price captured: 71078.91 (RTDS boundary fallback, oracle_age=1000ms)[0m
[96m2026-04-12 13:30:00.256 [INFO] __main__: window open price captured: 71048.49 (binance)[0m
2026-04-12 13:30:00.256 [INFO] strategy.momentum_signal: momentum_signal: waiting for full market data
2026-04-12 13:30:00.684 [INFO] market_data.clob_market_ws: CLOB market subscribed for tokens up=410938737775 down=106681269220
[2m2026-04-12 13:30:10.634 [INFO] __main__: STATUS t=289s delta=-0.0008% dir=down agree=True chain=71078.32 bin=71048.49 open=71078.91 obi=-0.6497 ask_up=0.51 ask_dn=0.50 bid_up=0.50 bid_dn=0.49 halted=False[0m
[2m2026-04-12 13:30:40.762 [INFO] __main__: STATUS t=259s delta=-0.0255% dir=down agree=True chain=71060.77 bin=71030.55 open=71078.91 obi=-0.9079 ask_up=0.51 ask_dn=0.50 bid_up=0.50 bid_dn=0.49 halted=False[0m
2026-04-12 13:30:50.052 [INFO] strategy.momentum_signal: signal_eval rank=1 side=down latest_pct=-0.1012 stddev=0.0100 n=30 min_delta=0.08 max_var=0.050
[37m2026-04-12 13:30:50.052 [INFO] strategy.momentum_signal: [SKIP] rank=1 side=down reason=market_disagrees discount=18.1% max=15.0% ask=0.63 avg_entry=0.77[0m
[2m2026-04-12 13:31:10.906 [INFO] __main__: STATUS t=229s delta=-0.0653% dir=down agree=True chain=71032.53 bin=71001.01 open=71078.91 obi=0.3909 ask_up=0.30 ask_dn=0.71 bid_up=0.29 bid_dn=0.70 halted=False[0m
[2m2026-04-12 13:31:41.031 [INFO] __main__: STATUS t=199s delta=-0.0697% dir=down agree=True chain=71029.35 bin=71001.01 open=71078.91 obi=-0.5602 ask_up=0.22 ask_dn=0.80 bid_up=0.20 bid_dn=0.78 halted=False[0m
[2m2026-04-12 13:32:11.163 [INFO] __main__: STATUS t=169s delta=-0.1044% dir=down agree=True chain=71004.73 bin=70981.06 open=71078.91 obi=0.9527 ask_up=0.12 ask_dn=0.89 bid_up=0.11 bid_dn=0.88 halted=False[0m
2026-04-12 13:32:18.519 [INFO] shared.ipc: IPC: received authenticated signal_update (summary=signals_summary_1776000739.json)
2026-04-12 13:32:18.519 [INFO] __main__: received new signal from orchestrator: rank=1 side=Down
[2m2026-04-12 13:32:41.303 [INFO] __main__: STATUS t=139s delta=-0.0323% dir=down agree=True chain=71055.99 bin=71028.59 open=71078.91 obi=0.0051 ask_up=0.38 ask_dn=0.63 bid_up=0.37 bid_dn=0.62 halted=False[0m
[2m2026-04-12 13:33:11.433 [INFO] __main__: STATUS t=109s delta=-0.0098% dir=down agree=True chain=71071.97 bin=71045.16 open=71078.91 obi=0.9991 ask_up=0.50 ask_dn=0.52 bid_up=0.48 bid_dn=0.50 halted=False[0m
[2m2026-04-12 13:33:41.565 [INFO] __main__: STATUS t=78s delta=0.0034% dir=up agree=False chain=71081.30 bin=71057.10 open=71078.91 obi=0.9812 ask_up=0.50 ask_dn=0.51 bid_up=0.49 bid_dn=0.50 halted=False[0m
[2m2026-04-12 13:34:11.697 [INFO] __main__: STATUS t=48s delta=0.0176% dir=up agree=False chain=71091.43 bin=71057.11 open=71078.91 obi=0.5898 ask_up=0.69 ask_dn=0.33 bid_up=0.67 bid_dn=0.31 halted=False[0m
[2m2026-04-12 13:34:41.827 [INFO] __main__: STATUS t=18s delta=0.0146% dir=up agree=False chain=71089.27 bin=71057.10 open=71078.91 obi=0.2537 ask_up=0.66 ask_dn=0.35 bid_up=0.65 bid_dn=0.34 halted=False[0m
[37m2026-04-12 13:35:00.164 [INFO] execution.paper_trading: paper window_ts=1776000600 [SKIP] pnl=0.0000 direction=up outcome=up - balance=$986.39 bid_up=0.99 ask_up=1.00 bid_dn=0.01 ask_dn=0.01[0m
[93m[1m2026-04-12 13:35:00.164 [INFO] risk.position_tracker: WINDOW_SUMMARY window_pnl=$0.0000 session_pnl=$-32.5936 won=$29.1067 lost=$61.7003 wr=71.4% (5/7) consec_losses=0[0m
[37m2026-04-12 13:35:00.173 [INFO] strategy.window_handler: WINDOW_DECISION [SKIP] rank=1 side=down pnl=$0.0000 entry=0.00 size=$0.00 (conditions not met)[0m
[95m2026-04-12 13:35:00.173 [INFO] strategy.window_handler: Signal refreshed (same pattern): down_280.0_250.0_0.08_0.05 — rank 1->1, keeping SPRT state (age=3w, trades=0, LLR=0.00)[0m
2026-04-12 13:35:00.174 [INFO] strategy.window_handler: SIGNAL_SWAP_ACTIVE: {"rank":1,"side":"down","observeFromS":280.0,"observeToS":250.0,"minDeltaPct":0.08,"maxVariancePct":0.05,"trainWinRatePct":76.27,"oosWinRatePct":89.29,"oosBhAdjustedPValue":2.21237e-05,"oosMatches":28,"avgEntryPrice":0.7604,"evPerTrade":0.1025,"smartScore":8.91,"wfFoldsAppeared":5,"wfTotalTestFolds":6,"wfFoldIndices":[3,4,5,6,7]}
2026-04-12 13:35:00.174 [INFO] strategy.window_handler: switched to new signal: #1 down (previous: #1 down)
[96m[1m2026-04-12 13:35:00.174 [INFO] strategy.window_tracker: new window: btc-updown-5m-1776000900 (ts=1776000900)[0m
2026-04-12 13:35:00.188 [INFO] strategy.window_tracker: Gamma priceToBeat not yet available for btc-updown-5m-1776000900 — fetching in background
[96m2026-04-12 13:35:00.261 [INFO] strategy.window_handler: REGIME vol_stddev=0.116% chop_flips=2.2 outcome=4U/2D over 6w sprt=dormant llr=0.00 age=3w bankroll=$794.63[0m
[96m2026-04-12 13:35:00.261 [INFO] strategy.window_handler: KELLY wr_adj=81.7% base=89.3% total_disc=4.6% vol=7.8% chop=0.0% outcome=38.1% feedback=+0.0%[0m
[96m2026-04-12 13:35:00.262 [WARNING] __main__: window open price captured: 71095.90 (RTDS boundary fallback, oracle_age=2000ms)[0m
[96m2026-04-12 13:35:00.262 [INFO] __main__: window open price captured: 71069.99 (binance)[0m
2026-04-12 13:35:00.262 [INFO] strategy.momentum_signal: momentum_signal: waiting for full market data
2026-04-12 13:35:00.888 [INFO] market_data.clob_market_ws: CLOB market subscribed for tokens up=834381954701 down=194531827334
[2m2026-04-12 13:35:12.069 [INFO] __main__: STATUS t=288s delta=0.0101% dir=up agree=False chain=71103.07 bin=71070.71 open=71095.90 obi=-0.7874 ask_up=0.55 ask_dn=0.46 bid_up=0.54 bid_dn=0.45 halted=False[0m
[2m2026-04-12 13:35:42.208 [INFO] __main__: STATUS t=258s delta=0.0152% dir=up agree=False chain=71106.69 bin=71081.11 open=71095.90 obi=0.5948 ask_up=0.64 ask_dn=0.37 bid_up=0.63 bid_dn=0.36 halted=False[0m
2026-04-12 13:35:50.243 [INFO] strategy.momentum_signal: signal_eval rank=1 side=down latest_pct=-0.0158 stddev=0.0058 n=30 min_delta=0.08 max_var=0.050
[37m2026-04-12 13:35:50.243 [INFO] strategy.momentum_signal: [SKIP] rank=1 side=down reason=conditions_not_met latest_pct=-0.0158 need=<=-0.08 stddev=0.0058 max_var=0.050[0m
[2m2026-04-12 13:36:12.397 [INFO] __main__: STATUS t=228s delta=0.0243% dir=up agree=False chain=71113.14 bin=71087.35 open=71095.90 obi=-0.8402 ask_up=0.66 ask_dn=0.35 bid_up=0.65 bid_dn=0.34 halted=False[0m
[2m2026-04-12 13:36:42.528 [INFO] __main__: STATUS t=197s delta=0.0116% dir=up agree=False chain=71104.16 bin=71074.00 open=71095.90 obi=-0.3591 ask_up=0.57 ask_dn=0.44 bid_up=0.56 bid_dn=0.43 halted=False[0m
[2m2026-04-12 13:37:12.660 [INFO] __main__: STATUS t=167s delta=-0.0350% dir=down agree=True chain=71071.02 bin=71039.86 open=71095.90 obi=-0.3670 ask_up=0.33 ask_dn=0.69 bid_up=0.31 bid_dn=0.67 halted=False[0m
[2m2026-04-12 13:37:42.784 [INFO] __main__: STATUS t=137s delta=-0.0506% dir=down agree=True chain=71059.95 bin=71020.61 open=71095.90 obi=-0.9126 ask_up=0.14 ask_dn=0.87 bid_up=0.13 bid_dn=0.86 halted=False[0m
[2m2026-04-12 13:38:12.922 [INFO] __main__: STATUS t=107s delta=-0.1275% dir=down agree=True chain=71005.26 bin=70976.19 open=71095.90 obi=0.1335 ask_up=0.05 ask_dn=0.96 bid_up=0.04 bid_dn=0.95 halted=False[0m
[2m2026-04-12 13:38:43.061 [INFO] __main__: STATUS t=77s delta=-0.1155% dir=down agree=True chain=71013.81 bin=70982.01 open=71095.90 obi=-0.7510 ask_up=0.04 ask_dn=0.98 bid_up=0.02 bid_dn=0.96 halted=False[0m
[2m2026-04-12 13:39:13.203 [INFO] __main__: STATUS t=47s delta=-0.1135% dir=down agree=True chain=71015.22 bin=70995.69 open=71095.90 obi=-0.6533 ask_up=0.01 ask_dn=1.00 bid_up=0.01 bid_dn=0.99 halted=False[0m
[2m2026-04-12 13:39:43.351 [INFO] __main__: STATUS t=17s delta=-0.1386% dir=down agree=True chain=70997.34 bin=70971.69 open=71095.90 obi=0.9258 ask_up=0.01 ask_dn=1.00 bid_up=0.01 bid_dn=0.99 halted=False[0m
[37m2026-04-12 13:40:00.181 [INFO] execution.paper_trading: paper window_ts=1776000900 [SKIP] pnl=0.0000 direction=down outcome=down - balance=$986.39 bid_up=0.00 ask_up=0.00 bid_dn=1.00 ask_dn=1.00[0m
[93m[1m2026-04-12 13:40:00.181 [INFO] risk.position_tracker: WINDOW_SUMMARY window_pnl=$0.0000 session_pnl=$-32.5936 won=$29.1067 lost=$61.7003 wr=71.4% (5/7) consec_losses=0[0m
[96m2026-04-12 13:40:00.183 [INFO] strategy.window_handler: REGIME chop_detected flips=12 delta_range=0.1706% avg_flips=3.7 over=6_windows[0m
[37m2026-04-12 13:40:00.188 [INFO] strategy.window_handler: WINDOW_DECISION [SKIP] rank=1 side=down pnl=$0.0000 entry=0.00 size=$0.00 (conditions not met)[0m
[96m[1m2026-04-12 13:40:00.189 [INFO] strategy.window_tracker: new window: btc-updown-5m-1776001200 (ts=1776001200)[0m
2026-04-12 13:40:00.205 [INFO] strategy.window_tracker: Gamma priceToBeat not yet available for btc-updown-5m-1776001200 — fetching in background
[96m2026-04-12 13:40:00.276 [INFO] strategy.window_handler: REGIME vol_stddev=0.116% chop_flips=3.7 outcome=3U/3D over 6w sprt=dormant llr=0.00 age=4w bankroll=$794.63[0m
[96m2026-04-12 13:40:00.277 [INFO] strategy.window_handler: KELLY wr_adj=85.3% base=89.3% total_disc=0.9% vol=7.9% chop=0.0% outcome=0.0% feedback=+0.0%[0m
[96m2026-04-12 13:40:00.277 [WARNING] __main__: window open price captured: 70996.17 (RTDS boundary fallback, oracle_age=1000ms)[0m
[96m2026-04-12 13:40:00.277 [INFO] __main__: window open price captured: 70971.80 (binance)[0m
2026-04-12 13:40:00.277 [INFO] strategy.momentum_signal: momentum_signal: waiting for full market data
2026-04-12 13:40:01.120 [INFO] market_data.clob_market_ws: CLOB market subscribed for tokens up=137467840774 down=585459175856
[2m2026-04-12 13:40:13.601 [INFO] __main__: STATUS t=286s delta=-0.0092% dir=down agree=True chain=70989.62 bin=70960.49 open=70996.17 obi=0.0444 ask_up=0.49 ask_dn=0.52 bid_up=0.48 bid_dn=0.51 halted=False[0m
[2m2026-04-12 13:40:43.724 [INFO] __main__: STATUS t=256s delta=-0.0343% dir=down agree=True chain=70971.84 bin=70949.99 open=70996.17 obi=-0.4507 ask_up=0.40 ask_dn=0.61 bid_up=0.39 bid_dn=0.60 halted=False[0m
2026-04-12 13:40:50.251 [INFO] strategy.momentum_signal: signal_eval rank=1 side=down latest_pct=-0.0584 stddev=0.0061 n=30 min_delta=0.08 max_var=0.050
[37m2026-04-12 13:40:50.251 [INFO] strategy.momentum_signal: [SKIP] rank=1 side=down reason=conditions_not_met latest_pct=-0.0584 need=<=-0.08 stddev=0.0061 max_var=0.050[0m
[2m2026-04-12 13:41:13.870 [INFO] __main__: STATUS t=226s delta=-0.0162% dir=down agree=True chain=70984.67 bin=70968.42 open=70996.17 obi=0.6301 ask_up=0.48 ask_dn=0.53 bid_up=0.47 bid_dn=0.52 halted=False[0m
[2m2026-04-12 13:41:44.002 [INFO] __main__: STATUS t=196s delta=-0.0006% dir=down agree=True chain=70995.76 bin=70969.17 open=70996.17 obi=0.0734 ask_up=0.51 ask_dn=0.50 bid_up=0.50 bid_dn=0.49 halted=False[0m
[2m2026-04-12 13:42:14.185 [INFO] __main__: STATUS t=166s delta=0.0250% dir=up agree=False chain=71013.90 bin=70982.18 open=70996.17 obi=0.9266 ask_up=0.71 ask_dn=0.30 bid_up=0.70 bid_dn=0.29 halted=False[0m
[2m2026-04-12 13:42:44.315 [INFO] __main__: STATUS t=136s delta=-0.0108% dir=down agree=True chain=70988.53 bin=70961.13 open=70996.17 obi=0.1429 ask_up=0.46 ask_dn=0.57 bid_up=0.43 bid_dn=0.54 halted=False[0m
[2m2026-04-12 13:43:14.457 [INFO] __main__: STATUS t=106s delta=0.0017% dir=up agree=False chain=70997.41 bin=70969.79 open=70996.17 obi=0.3642 ask_up=0.56 ask_dn=0.45 bid_up=0.55 bid_dn=0.44 halted=False[0m
[2m2026-04-12 13:43:44.584 [INFO] __main__: STATUS t=75s delta=0.0201% dir=up agree=False chain=71010.42 bin=70982.18 open=70996.17 obi=0.9386 ask_up=0.78 ask_dn=0.23 bid_up=0.77 bid_dn=0.22 halted=False[0m
[2m2026-04-12 13:44:14.724 [INFO] __main__: STATUS t=45s delta=0.0299% dir=up agree=False chain=71017.42 bin=70993.47 open=70996.17 obi=-0.0597 ask_up=0.83 ask_dn=0.18 bid_up=0.82 bid_dn=0.17 halted=False[0m
[2m2026-04-12 13:44:44.858 [INFO] __main__: STATUS t=15s delta=0.0220% dir=up agree=False chain=71011.80 bin=70990.00 open=70996.17 obi=-0.9256 ask_up=0.91 ask_dn=0.10 bid_up=0.90 bid_dn=0.09 halted=False[0m
[37m2026-04-12 13:45:00.182 [INFO] execution.paper_trading: paper window_ts=1776001200 [SKIP] pnl=0.0000 direction=up outcome=up - balance=$986.39 bid_up=0.99 ask_up=1.00 bid_dn=0.01 ask_dn=0.01[0m
[93m[1m2026-04-12 13:45:00.182 [INFO] risk.position_tracker: WINDOW_SUMMARY window_pnl=$0.0000 session_pnl=$-32.5936 won=$29.1067 lost=$61.7003 wr=71.4% (5/7) consec_losses=0[0m
[96m2026-04-12 13:45:00.184 [INFO] strategy.window_handler: REGIME chop_detected flips=13 delta_range=0.0826% avg_flips=5.5 over=6_windows[0m
[37m2026-04-12 13:45:00.187 [INFO] strategy.window_handler: WINDOW_DECISION [SKIP] rank=1 side=down pnl=$0.0000 entry=0.00 size=$0.00 (conditions not met)[0m
[96m[1m2026-04-12 13:45:00.187 [INFO] strategy.window_tracker: new window: btc-updown-5m-1776001500 (ts=1776001500)[0m
2026-04-12 13:45:00.196 [INFO] strategy.window_tracker: Gamma priceToBeat not yet available for btc-updown-5m-1776001500 — fetching in background
[96m2026-04-12 13:45:00.237 [INFO] strategy.window_handler: REGIME vol_stddev=0.116% chop_flips=5.5 outcome=4U/2D over 6w sprt=dormant llr=0.00 age=5w bankroll=$794.63[0m
[96m2026-04-12 13:45:00.238 [INFO] strategy.window_handler: KELLY wr_adj=81.7% base=89.3% total_disc=4.6% vol=7.8% chop=10.0% outcome=38.1% feedback=+0.0%[0m
[96m2026-04-12 13:45:00.238 [WARNING] __main__: window open price captured: 71009.22 (RTDS boundary fallback, oracle_age=1000ms)[0m
[96m2026-04-12 13:45:00.238 [INFO] __main__: window open price captured: 70984.80 (binance)[0m
2026-04-12 13:45:00.239 [INFO] strategy.momentum_signal: momentum_signal: waiting for full market data
2026-04-12 13:45:00.329 [INFO] market_data.clob_market_ws: CLOB market subscribed for tokens up=536802411607 down=125862525867
[2m2026-04-12 13:45:15.066 [INFO] __main__: STATUS t=285s delta=-0.0014% dir=down agree=True chain=71008.20 bin=70984.81 open=71009.22 obi=-0.4522 ask_up=0.51 ask_dn=0.50 bid_up=0.50 bid_dn=0.49 halted=False[0m
[2m2026-04-12 13:45:45.197 [INFO] __main__: STATUS t=255s delta=-0.0123% dir=down agree=True chain=71000.47 bin=70974.30 open=71009.22 obi=-0.2176 ask_up=0.42 ask_dn=0.59 bid_up=0.41 bid_dn=0.58 halted=False[0m
2026-04-12 13:45:50.219 [INFO] strategy.momentum_signal: signal_eval rank=1 side=down latest_pct=-0.0492 stddev=0.0071 n=30 min_delta=0.08 max_var=0.050
[37m2026-04-12 13:45:50.219 [INFO] strategy.momentum_signal: [SKIP] rank=1 side=down reason=conditions_not_met latest_pct=-0.0492 need=<=-0.08 stddev=0.0071 max_var=0.050[0m
[2m2026-04-12 13:46:15.332 [INFO] __main__: STATUS t=225s delta=-0.0052% dir=down agree=True chain=71005.51 bin=70974.29 open=71009.22 obi=0.8482 ask_up=0.48 ask_dn=0.53 bid_up=0.47 bid_dn=0.52 halted=False[0m
[2m2026-04-12 13:46:45.460 [INFO] __main__: STATUS t=195s delta=-0.0139% dir=down agree=True chain=70999.34 bin=70974.28 open=71009.22 obi=-0.0755 ask_up=0.40 ask_dn=0.61 bid_up=0.39 bid_dn=0.60 halted=False[0m
[2m2026-04-12 13:47:15.607 [INFO] __main__: STATUS t=164s delta=-0.0440% dir=down agree=True chain=70977.95 bin=70958.00 open=71009.22 obi=-0.9516 ask_up=0.23 ask_dn=0.78 bid_up=0.22 bid_dn=0.77 halted=False[0m
2026-04-12 13:47:24.130 [INFO] shared.ipc: IPC: received authenticated signal_update (summary=signals_summary_1776001644.json)
2026-04-12 13:47:24.130 [INFO] __main__: received new signal from orchestrator: rank=2 side=Down
[2m2026-04-12 13:47:45.744 [INFO] __main__: STATUS t=134s delta=-0.0585% dir=down agree=True chain=70967.65 bin=70937.87 open=71009.22 obi=-0.0145 ask_up=0.11 ask_dn=0.90 bid_up=0.10 bid_dn=0.89 halted=False[0m
[2m2026-04-12 13:48:15.960 [INFO] __main__: STATUS t=104s delta=-0.0945% dir=down agree=True chain=70942.09 bin=70910.00 open=71009.22 obi=-0.5212 ask_up=0.04 ask_dn=0.97 bid_up=0.03 bid_dn=0.96 halted=False[0m
[2m2026-04-12 13:48:46.083 [INFO] __main__: STATUS t=74s delta=-0.0147% dir=down agree=True chain=70998.75 bin=70971.97 open=71009.22 obi=0.4798 ask_up=0.33 ask_dn=0.68 bid_up=0.32 bid_dn=0.67 halted=False[0m
[2m2026-04-12 13:49:16.213 [INFO] __main__: STATUS t=44s delta=-0.0249% dir=down agree=True chain=70991.55 bin=70965.90 open=71009.22 obi=-0.2122 ask_up=0.23 ask_dn=0.78 bid_up=0.22 bid_dn=0.77 halted=False[0m
[2m2026-04-12 13:49:46.343 [INFO] __main__: STATUS t=14s delta=-0.0001% dir=down agree=True chain=71009.17 bin=70979.99 open=71009.22 obi=0.4971 ask_up=0.32 ask_dn=0.69 bid_up=0.31 bid_dn=0.68 halted=False[0m
[37m2026-04-12 13:50:00.164 [INFO] execution.paper_trading: paper window_ts=1776001500 [SKIP] pnl=0.0000 direction=up outcome=up - balance=$986.39 bid_up=0.96 ask_up=0.98 bid_dn=0.02 ask_dn=0.04[0m
[93m[1m2026-04-12 13:50:00.167 [INFO] risk.position_tracker: WINDOW_SUMMARY window_pnl=$0.0000 session_pnl=$-32.5936 won=$29.1067 lost=$61.7003 wr=71.4% (5/7) consec_losses=0[0m
[96m2026-04-12 13:50:00.172 [INFO] strategy.window_handler: REGIME chop_detected flips=5 delta_range=0.1296% avg_flips=6.2 over=6_windows[0m
[37m2026-04-12 13:50:00.178 [INFO] strategy.window_handler: WINDOW_DECISION [SKIP] rank=1 side=down pnl=$0.0000 entry=0.00 size=$0.00 (conditions not met)[0m
[95m2026-04-12 13:50:00.178 [INFO] strategy.window_handler: Signal refreshed (same pattern): down_280.0_250.0_0.08_0.05 — rank 1->2, keeping SPRT state (age=6w, trades=0, LLR=0.00)[0m
2026-04-12 13:50:00.178 [INFO] strategy.window_handler: SIGNAL_SWAP_ACTIVE: {"rank":2,"side":"down","observeFromS":280.0,"observeToS":250.0,"minDeltaPct":0.08,"maxVariancePct":0.05,"trainWinRatePct":76.27,"oosWinRatePct":86.21,"oosBhAdjustedPValue":2.81644e-05,"oosMatches":29,"avgEntryPrice":0.7559,"evPerTrade":0.0762,"smartScore":6.29,"wfFoldsAppeared":5,"wfTotalTestFolds":6,"wfFoldIndices":[3,4,5,6,7]}
2026-04-12 13:50:00.179 [INFO] strategy.window_handler: switched to new signal: #2 down (previous: #1 down)
[96m[1m2026-04-12 13:50:00.179 [INFO] strategy.window_tracker: new window: btc-updown-5m-1776001800 (ts=1776001800)[0m
2026-04-12 13:50:00.198 [INFO] strategy.window_tracker: Gamma priceToBeat not yet available for btc-updown-5m-1776001800 — fetching in background
[96m2026-04-12 13:50:00.257 [INFO] strategy.window_handler: REGIME vol_stddev=0.116% chop_flips=6.2 outcome=4U/2D over 6w sprt=dormant llr=0.00 age=6w bankroll=$794.63[0m
[96m2026-04-12 13:50:00.257 [INFO] strategy.window_handler: KELLY wr_adj=78.6% base=86.2% total_disc=4.6% vol=7.8% chop=23.3% outcome=38.1% feedback=+0.0%[0m
[96m2026-04-12 13:50:00.258 [WARNING] __main__: window open price captured: 71013.31 (RTDS boundary fallback, oracle_age=1000ms)[0m
[96m2026-04-12 13:50:00.258 [INFO] __main__: window open price captured: 70986.00 (binance)[0m
2026-04-12 13:50:00.258 [INFO] strategy.momentum_signal: momentum_signal: waiting for full market data
2026-04-12 13:50:00.538 [INFO] market_data.clob_market_ws: CLOB market subscribed for tokens up=105804612174 down=816888083306
[2m2026-04-12 13:50:16.404 [INFO] __main__: STATUS t=284s delta=0.0209% dir=up agree=False chain=71028.17 bin=71000.65 open=71013.31 obi=-0.9255 ask_up=0.60 ask_dn=0.41 bid_up=0.59 bid_dn=0.40 halted=False[0m
[2m2026-04-12 13:50:46.538 [INFO] __main__: STATUS t=253s delta=-0.0402% dir=down agree=True chain=70984.73 bin=70954.73 open=71013.31 obi=-0.8624 ask_up=0.99 ask_dn=0.99 bid_up=0.01 bid_dn=0.01 halted=False[0m
2026-04-12 13:50:50.053 [INFO] strategy.momentum_signal: signal_eval rank=2 side=down latest_pct=-0.0891 stddev=0.0167 n=30 min_delta=0.08 max_var=0.050
[37m2026-04-12 13:50:50.053 [INFO] strategy.momentum_signal: [SKIP] rank=2 side=down reason=market_disagrees discount=33.9% max=15.0% ask=0.50 avg_entry=0.76[0m
[2m2026-04-12 13:51:16.675 [INFO] __main__: STATUS t=223s delta=-0.0512% dir=down agree=True chain=70976.93 bin=70950.01 open=71013.31 obi=0.2860 ask_up=0.34 ask_dn=0.67 bid_up=0.33 bid_dn=0.66 halted=False[0m
[2m2026-04-12 13:51:46.809 [INFO] __main__: STATUS t=193s delta=-0.1287% dir=down agree=True chain=70921.93 bin=70899.82 open=71013.31 obi=0.6161 ask_up=0.15 ask_dn=0.87 bid_up=0.13 bid_dn=0.85 halted=False[0m
[2m2026-04-12 13:52:16.934 [INFO] __main__: STATUS t=163s delta=-0.0562% dir=down agree=True chain=70973.42 bin=70949.67 open=71013.31 obi=0.0879 ask_up=0.30 ask_dn=0.71 bid_up=0.29 bid_dn=0.70 halted=False[0m
[2m2026-04-12 13:52:47.065 [INFO] __main__: STATUS t=133s delta=-0.0311% dir=down agree=True chain=70991.19 bin=70963.00 open=71013.31 obi=0.4999 ask_up=0.37 ask_dn=0.64 bid_up=0.36 bid_dn=0.63 halted=False[0m
[2m2026-04-12 13:53:17.186 [INFO] __main__: STATUS t=103s delta=-0.0737% dir=down agree=True chain=70961.00 bin=70938.40 open=71013.31 obi=-0.9518 ask_up=0.14 ask_dn=0.87 bid_up=0.13 bid_dn=0.86 halted=False[0m
[2m2026-04-12 13:53:47.319 [INFO] __main__: STATUS t=73s delta=-0.0902% dir=down agree=True chain=70949.25 bin=70921.38 open=71013.31 obi=0.0633 ask_up=0.06 ask_dn=0.95 bid_up=0.05 bid_dn=0.94 halted=False[0m
[2m2026-04-12 13:54:17.458 [INFO] __main__: STATUS t=43s delta=-0.0880% dir=down agree=True chain=70950.82 bin=70921.39 open=71013.31 obi=0.3642 ask_up=0.03 ask_dn=0.98 bid_up=0.02 bid_dn=0.97 halted=False[0m
[2m2026-04-12 13:54:47.588 [INFO] __main__: STATUS t=12s delta=-0.1146% dir=down agree=True chain=70931.94 bin=70902.65 open=71013.31 obi=-0.2333 ask_up=0.01 ask_dn=1.00 bid_up=0.01 bid_dn=0.99 halted=False[0m
[37m2026-04-12 13:55:00.149 [INFO] execution.paper_trading: paper window_ts=1776001800 [SKIP] pnl=0.0000 direction=down outcome=down - balance=$986.39 bid_up=0.01 ask_up=0.01 bid_dn=0.99 ask_dn=1.00[0m
[93m[1m2026-04-12 13:55:00.149 [INFO] risk.position_tracker: WINDOW_SUMMARY window_pnl=$0.0000 session_pnl=$-32.5936 won=$29.1067 lost=$61.7003 wr=71.4% (5/7) consec_losses=0[0m
[96m2026-04-12 13:55:00.152 [INFO] strategy.window_handler: REGIME chop_detected flips=3 delta_range=0.1578% avg_flips=6.3 over=6_windows[0m
[37m2026-04-12 13:55:00.156 [INFO] strategy.window_handler: WINDOW_DECISION [SKIP] rank=2 side=down pnl=$0.0000 entry=0.00 size=$0.00 (conditions not met)[0m
[96m[1m2026-04-12 13:55:00.156 [INFO] strategy.window_tracker: new window: btc-updown-5m-1776002100 (ts=1776002100)[0m
2026-04-12 13:55:00.169 [INFO] strategy.window_tracker: Gamma priceToBeat not yet available for btc-updown-5m-1776002100 — fetching in background
[96m2026-04-12 13:55:00.204 [INFO] strategy.window_handler: REGIME vol_stddev=0.117% chop_flips=6.3 outcome=3U/3D over 6w sprt=dormant llr=0.00 age=7w bankroll=$794.63[0m
[96m2026-04-12 13:55:00.204 [INFO] strategy.window_handler: KELLY wr_adj=80.0% base=86.2% total_disc=3.2% vol=8.4% chop=26.7% outcome=0.0% feedback=+0.0%[0m
[96m2026-04-12 13:55:00.205 [WARNING] __main__: window open price captured: 70933.71 (RTDS boundary fallback, oracle_age=2000ms)[0m
[96m2026-04-12 13:55:00.205 [INFO] __main__: window open price captured: 70908.03 (binance)[0m
2026-04-12 13:55:00.205 [INFO] strategy.momentum_signal: momentum_signal: waiting for full market data
2026-04-12 13:55:00.745 [INFO] market_data.clob_market_ws: CLOB market subscribed for tokens up=109739960029 down=105475266593
[2m2026-04-12 13:55:17.807 [INFO] __main__: STATUS t=282s delta=-0.0166% dir=down agree=True chain=70921.93 bin=70899.82 open=70933.71 obi=-0.8605 ask_up=0.44 ask_dn=0.57 bid_up=0.43 bid_dn=0.56 halted=False[0m
[2m2026-04-12 13:55:47.934 [INFO] __main__: STATUS t=252s delta=-0.0449% dir=down agree=True chain=70901.85 bin=70880.66 open=70933.71 obi=0.8147 ask_up=0.34 ask_dn=0.67 bid_up=0.33 bid_dn=0.66 halted=False[0m
2026-04-12 13:55:50.194 [INFO] strategy.momentum_signal: signal_eval rank=2 side=down latest_pct=-0.0707 stddev=0.0065 n=30 min_delta=0.08 max_var=0.050
[37m2026-04-12 13:55:50.195 [INFO] strategy.momentum_signal: [SKIP] rank=2 side=down reason=conditions_not_met latest_pct=-0.0707 need=<=-0.08 stddev=0.0065 max_var=0.050[0m
[2m2026-04-12 13:56:18.119 [INFO] __main__: STATUS t=222s delta=0.0261% dir=up agree=False chain=70952.21 bin=70931.14 open=70933.71 obi=-0.0167 ask_up=0.65 ask_dn=0.36 bid_up=0.64 bid_dn=0.35 halted=False[0m
[2m2026-04-12 13:56:48.244 [INFO] __main__: STATUS t=192s delta=0.0358% dir=up agree=False chain=70959.08 bin=70931.99 open=70933.71 obi=0.1694 ask_up=0.69 ask_dn=0.32 bid_up=0.68 bid_dn=0.31 halted=False[0m
[2m2026-04-12 13:57:18.371 [INFO] __main__: STATUS t=162s delta=0.0258% dir=up agree=False chain=70952.03 bin=70927.02 open=70933.71 obi=-0.9777 ask_up=0.58 ask_dn=0.43 bid_up=0.57 bid_dn=0.42 halted=False[0m
[2m2026-04-12 13:57:48.498 [INFO] __main__: STATUS t=132s delta=0.0152% dir=up agree=False chain=70944.51 bin=70918.00 open=70933.71 obi=0.6941 ask_up=0.65 ask_dn=0.37 bid_up=0.63 bid_dn=0.35 halted=False[0m
[2m2026-04-12 13:58:18.624 [INFO] __main__: STATUS t=101s delta=-0.0065% dir=down agree=True chain=70929.07 bin=70894.61 open=70933.71 obi=-0.8422 ask_up=0.35 ask_dn=0.66 bid_up=0.34 bid_dn=0.65 halted=False[0m
[2m2026-04-12 13:58:48.747 [INFO] __main__: STATUS t=71s delta=-0.0384% dir=down agree=True chain=70906.46 bin=70879.32 open=70933.71 obi=-0.9047 ask_up=0.20 ask_dn=0.82 bid_up=0.18 bid_dn=0.80 halted=False[0m
[2m2026-04-12 13:59:18.881 [INFO] __main__: STATUS t=41s delta=-0.0323% dir=down agree=True chain=70910.76 bin=70882.59 open=70933.71 obi=-0.0878 ask_up=0.21 ask_dn=0.80 bid_up=0.20 bid_dn=0.79 halted=False[0m
[2m2026-04-12 13:59:49.015 [INFO] __main__: STATUS t=11s delta=-0.0237% dir=down agree=True chain=70916.92 bin=70889.42 open=70933.71 obi=0.1293 ask_up=0.06 ask_dn=0.95 bid_up=0.05 bid_dn=0.94 halted=False[0m
[37m2026-04-12 14:00:00.066 [INFO] execution.paper_trading: paper window_ts=1776002100 [SKIP] pnl=0.0000 direction=down outcome=down - balance=$986.39 bid_up=0.01 ask_up=0.01 bid_dn=0.99 ask_dn=1.00[0m
[93m[1m2026-04-12 14:00:00.066 [INFO] risk.position_tracker: WINDOW_SUMMARY window_pnl=$0.0000 session_pnl=$-32.5936 won=$29.1067 lost=$61.7003 wr=71.4% (5/7) consec_losses=0[0m
[96m2026-04-12 14:00:00.069 [INFO] strategy.window_handler: REGIME chop_detected flips=5 delta_range=0.1123% avg_flips=6.7 over=6_windows[0m
[37m2026-04-12 14:00:00.076 [INFO] strategy.window_handler: WINDOW_DECISION [SKIP] rank=2 side=down pnl=$0.0000 entry=0.00 size=$0.00 (conditions not met)[0m
[96m[1m2026-04-12 14:00:00.077 [INFO] strategy.window_tracker: new window: btc-updown-5m-1776002400 (ts=1776002400)[0m
2026-04-12 14:00:00.087 [INFO] strategy.window_tracker: Gamma priceToBeat not yet available for btc-updown-5m-1776002400 — fetching in background
[96m2026-04-12 14:00:00.137 [INFO] strategy.window_handler: REGIME vol_stddev=0.116% chop_flips=6.7 outcome=3U/3D over 6w sprt=dormant llr=0.00 age=8w bankroll=$794.63[0m
[96m2026-04-12 14:00:00.138 [INFO] strategy.window_handler: KELLY wr_adj=79.2% base=86.2% total_disc=4.0% vol=7.9% chop=33.3% outcome=0.0% feedback=+0.0%[0m
[96m2026-04-12 14:00:00.138 [WARNING] __main__: window open price captured: 70916.60 (RTDS boundary fallback, oracle_age=2000ms)[0m
[96m2026-04-12 14:00:00.138 [INFO] __main__: window open price captured: 70889.42 (binance)[0m
2026-04-12 14:00:00.138 [INFO] strategy.momentum_signal: momentum_signal: waiting for full market data
2026-04-12 14:00:00.959 [INFO] market_data.clob_market_ws: CLOB market subscribed for tokens up=536277860705 down=961887093849
[2m2026-04-12 14:00:19.224 [INFO] __main__: STATUS t=281s delta=0.0021% dir=up agree=False chain=70918.11 bin=70878.87 open=70916.60 obi=-0.8806 ask_up=0.48 ask_dn=0.53 bid_up=0.47 bid_dn=0.52 halted=False[0m
[2m2026-04-12 14:00:49.350 [INFO] __main__: STATUS t=251s delta=-0.0059% dir=down agree=True chain=70912.45 bin=70889.43 open=70916.60 obi=-0.2097 ask_up=0.51 ask_dn=0.50 bid_up=0.50 bid_dn=0.49 halted=False[0m
2026-04-12 14:00:50.103 [INFO] strategy.momentum_signal: signal_eval rank=2 side=down latest_pct=-0.0383 stddev=0.0049 n=30 min_delta=0.08 max_var=0.050
[37m2026-04-12 14:00:50.104 [INFO] strategy.momentum_signal: [SKIP] rank=2 side=down reason=conditions_not_met latest_pct=-0.0383 need=<=-0.08 stddev=0.0049 max_var=0.050[0m
[2m2026-04-12 14:01:19.523 [INFO] __main__: STATUS t=220s delta=-0.0023% dir=down agree=True chain=70915.00 bin=70896.78 open=70916.60 obi=-0.5260 ask_up=0.55 ask_dn=0.50 bid_up=0.50 bid_dn=0.45 halted=False[0m
2026-04-12 14:01:36.989 [INFO] utils.reconnect: rtds connected to wss://ws-live-data.polymarket.com
2026-04-12 14:01:36.989 [INFO] market_data.rtds_ws: RTDS subscribed to chainlink
[2m2026-04-12 14:01:49.656 [INFO] __main__: STATUS t=190s delta=0.0405% dir=up agree=True chain=70945.34 bin=70925.31 open=70916.60 obi=-0.6722 ask_up=0.76 ask_dn=0.25 bid_up=0.75 bid_dn=0.24 halted=False[0m
[2m2026-04-12 14:02:19.783 [INFO] __main__: STATUS t=160s delta=0.0418% dir=up agree=True chain=70946.27 bin=70922.16 open=70916.60 obi=0.7341 ask_up=0.78 ask_dn=0.23 bid_up=0.77 bid_dn=0.22 halted=False[0m
2026-04-12 14:02:29.702 [INFO] shared.ipc: IPC: received authenticated signal_update (summary=signals_summary_1776002550.json)
2026-04-12 14:02:29.702 [INFO] __main__: received new signal from orchestrator: rank=1 side=Down
[2m2026-04-12 14:02:49.917 [INFO] __main__: STATUS t=130s delta=0.0435% dir=up agree=True chain=70947.48 bin=70922.17 open=70916.60 obi=0.2559 ask_up=0.77 ask_dn=0.24 bid_up=0.76 bid_dn=0.23 halted=False[0m
[2m2026-04-12 14:03:20.056 [INFO] __main__: STATUS t=100s delta=0.0683% dir=up agree=True chain=70965.06 bin=70937.37 open=70916.60 obi=-0.7533 ask_up=0.88 ask_dn=0.13 bid_up=0.87 bid_dn=0.12 halted=False[0m
[2m2026-04-12 14:03:50.193 [INFO] __main__: STATUS t=70s delta=0.0532% dir=up agree=True chain=70954.30 bin=70930.00 open=70916.60 obi=0.9111 ask_up=0.91 ask_dn=0.10 bid_up=0.90 bid_dn=0.09 halted=False[0m
[2m2026-04-12 14:04:20.337 [INFO] __main__: STATUS t=40s delta=0.0604% dir=up agree=True chain=70959.40 bin=70935.61 open=70916.60 obi=-0.1185 ask_up=0.98 ask_dn=0.03 bid_up=0.97 bid_dn=0.02 halted=False[0m
[2m2026-04-12 14:04:50.478 [INFO] __main__: STATUS t=10s delta=0.0803% dir=up agree=True chain=70973.54 bin=70951.05 open=70916.60 obi=-0.8485 ask_up=1.00 ask_dn=0.01 bid_up=0.99 bid_dn=0.01 halted=False[0m
[37m2026-04-12 14:05:00.024 [INFO] execution.paper_trading: paper window_ts=1776002400 [SKIP] pnl=0.0000 direction=up outcome=up - balance=$986.39 bid_up=0.99 ask_up=1.00 bid_dn=0.01 ask_dn=0.01[0m
[93m[1m2026-04-12 14:05:00.024 [INFO] risk.position_tracker: WINDOW_SUMMARY window_pnl=$0.0000 session_pnl=$-32.5936 won=$29.1067 lost=$61.7003 wr=71.4% (5/7) consec_losses=0[0m
[96m2026-04-12 14:05:00.028 [INFO] strategy.window_handler: REGIME chop_detected flips=7 delta_range=0.1257% avg_flips=7.5 over=6_windows[0m
[37m2026-04-12 14:05:00.033 [INFO] strategy.window_handler: WINDOW_DECISION [SKIP] rank=2 side=down pnl=$0.0000 entry=0.00 size=$0.00 (conditions not met)[0m
[95m2026-04-12 14:05:00.033 [INFO] strategy.window_handler: Signal refreshed (same pattern): down_280.0_250.0_0.08_0.05 — rank 2->1, keeping SPRT state (age=9w, trades=0, LLR=0.00)[0m
2026-04-12 14:05:00.033 [INFO] strategy.window_handler: SIGNAL_SWAP_ACTIVE: {"rank":1,"side":"down","observeFromS":280.0,"observeToS":250.0,"minDeltaPct":0.08,"maxVariancePct":0.05,"trainWinRatePct":76.27,"oosWinRatePct":87.18,"oosBhAdjustedPValue":2.24186e-05,"oosMatches":39,"avgEntryPrice":0.7608,"evPerTrade":0.081,"smartScore":7.25,"wfFoldsAppeared":6,"wfTotalTestFolds":6,"wfFoldIndices":[2,3,4,5,6,7]}
2026-04-12 14:05:00.034 [INFO] strategy.window_handler: switched to new signal: #1 down (previous: #2 down)
[96m[1m2026-04-12 14:05:00.034 [INFO] strategy.window_tracker: new window: btc-updown-5m-1776002700 (ts=1776002700)[0m
2026-04-12 14:05:00.049 [INFO] strategy.window_tracker: Gamma priceToBeat not yet available for btc-updown-5m-1776002700 — fetching in background
[96m2026-04-12 14:05:00.101 [INFO] strategy.window_handler: REGIME vol_stddev=0.116% chop_flips=7.5 outcome=3U/3D over 6w sprt=dormant llr=0.00 age=9w bankroll=$794.63[0m
[96m2026-04-12 14:05:00.101 [INFO] strategy.window_handler: KELLY wr_adj=78.2% base=87.2% total_disc=6.0% vol=8.1% chop=50.0% outcome=0.0% feedback=+0.0%[0m
[96m2026-04-12 14:05:00.102 [WARNING] __main__: window open price captured: 70963.76 (RTDS boundary fallback, oracle_age=1000ms)[0m
[96m2026-04-12 14:05:00.102 [INFO] __main__: window open price captured: 70940.10 (binance)[0m
2026-04-12 14:05:00.102 [INFO] strategy.momentum_signal: momentum_signal: waiting for full market data
2026-04-12 14:05:00.173 [INFO] market_data.clob_market_ws: CLOB market subscribed for tokens up=234011249656 down=262487135499
2026-04-12 14:05:16.171 [INFO] shared.state_publisher: state_publisher: pruned 1 dead client(s), 0 active
[2m2026-04-12 14:05:20.685 [INFO] __main__: STATUS t=279s delta=0.0087% dir=up agree=False chain=70969.92 bin=70945.98 open=70963.76 obi=-0.1355 ask_up=0.55 ask_dn=0.46 bid_up=0.54 bid_dn=0.45 halted=False[0m
2026-04-12 14:05:50.053 [INFO] strategy.momentum_signal: signal_eval rank=1 side=down latest_pct=-0.0018 stddev=0.0123 n=30 min_delta=0.08 max_var=0.050
[37m2026-04-12 14:05:50.053 [INFO] strategy.momentum_signal: [SKIP] rank=1 side=down reason=conditions_not_met latest_pct=-0.0018 need=<=-0.08 stddev=0.0123 max_var=0.050[0m
[2m2026-04-12 14:05:50.806 [INFO] __main__: STATUS t=249s delta=0.0353% dir=up agree=False chain=70988.81 bin=70959.30 open=70963.76 obi=-0.7815 ask_up=0.64 ask_dn=0.37 bid_up=0.63 bid_dn=0.36 halted=False[0m
[2m2026-04-12 14:06:20.936 [INFO] __main__: STATUS t=219s delta=0.0595% dir=up agree=True chain=71006.00 bin=70980.61 open=70963.76 obi=0.8350 ask_up=0.83 ask_dn=0.18 bid_up=0.82 bid_dn=0.17 halted=False[0m
[2m2026-04-12 14:06:51.061 [INFO] __main__: STATUS t=189s delta=0.0352% dir=up agree=True chain=70988.77 bin=70977.21 open=70963.76 obi=0.6911 ask_up=0.80 ask_dn=0.22 bid_up=0.78 bid_dn=0.20 halted=False[0m
[2m2026-04-12 14:07:21.181 [INFO] __main__: STATUS t=159s delta=0.0423% dir=up agree=False chain=70993.80 bin=70963.72 open=70963.76 obi=0.8104 ask_up=0.75 ask_dn=0.26 bid_up=0.74 bid_dn=0.25 halted=False[0m
2026-04-12 14:07:29.568 [INFO] shared.state_publisher: state_publisher: client connected from 100.100.100.100:56471
[2m2026-04-12 14:07:51.311 [INFO] __main__: STATUS t=129s delta=0.0366% dir=up agree=True chain=70989.71 bin=70966.86 open=70963.76 obi=-0.6065 ask_up=0.75 ask_dn=0.26 bid_up=0.74 bid_dn=0.25 halted=False[0m
[2m2026-04-12 14:08:21.457 [INFO] __main__: STATUS t=99s delta=0.0492% dir=up agree=True chain=70998.67 bin=70977.21 open=70963.76 obi=-0.7220 ask_up=0.88 ask_dn=0.13 bid_up=0.87 bid_dn=0.12 halted=False[0m
[2m2026-04-12 14:08:51.596 [INFO] __main__: STATUS t=68s delta=0.0627% dir=up agree=True chain=71008.23 bin=70988.48 open=70963.76 obi=0.4532 ask_up=0.95 ask_dn=0.06 bid_up=0.94 bid_dn=0.05 halted=False[0m
[2m2026-04-12 14:09:21.742 [INFO] __main__: STATUS t=38s delta=0.0638% dir=up agree=True chain=71009.01 bin=70987.62 open=70963.76 obi=-0.5589 ask_up=0.99 ask_dn=0.02 bid_up=0.98 bid_dn=0.01 halted=False[0m
[2m2026-04-12 14:09:51.888 [INFO] __main__: STATUS t=8s delta=0.0821% dir=up agree=True chain=71022.05 bin=71000.00 open=70963.76 obi=-0.2148 ask_up=1.00 ask_dn=0.01 bid_up=0.99 bid_dn=0.01 halted=False[0m
[37m2026-04-12 14:10:00.177 [INFO] execution.paper_trading: paper window_ts=1776002700 [SKIP] pnl=0.0000 direction=up outcome=up - balance=$986.39 bid_up=0.99 ask_up=1.00 bid_dn=0.01 ask_dn=0.01[0m
[93m[1m2026-04-12 14:10:00.177 [INFO] risk.position_tracker: WINDOW_SUMMARY window_pnl=$0.0000 session_pnl=$-32.5936 won=$29.1067 lost=$61.7003 wr=71.4% (5/7) consec_losses=0[0m
[37m2026-04-12 14:10:00.183 [INFO] strategy.window_handler: WINDOW_DECISION [SKIP] rank=1 side=down pnl=$0.0000 entry=0.00 size=$0.00 (conditions not met)[0m
[96m[1m2026-04-12 14:10:00.184 [INFO] strategy.window_tracker: new window: btc-updown-5m-1776003000 (ts=1776003000)[0m
2026-04-12 14:10:00.197 [INFO] strategy.window_tracker: Gamma priceToBeat not yet available for btc-updown-5m-1776003000 — fetching in background
[96m2026-04-12 14:10:00.238 [INFO] strategy.window_handler: REGIME vol_stddev=0.118% chop_flips=5.7 outcome=4U/2D over 6w sprt=dormant llr=0.00 age=10w bankroll=$794.63[0m
[96m2026-04-12 14:10:00.238 [INFO] strategy.window_handler: KELLY wr_adj=79.6% base=87.2% total_disc=4.6% vol=9.1% chop=13.3% outcome=38.1% feedback=+0.0%[0m
[96m2026-04-12 14:10:00.240 [WARNING] __main__: window open price captured: 71019.87 (RTDS boundary fallback, oracle_age=1000ms)[0m
[96m2026-04-12 14:10:00.241 [INFO] __main__: window open price captured: 70998.10 (binance)[0m
2026-04-12 14:10:00.241 [INFO] strategy.momentum_signal: momentum_signal: waiting for full market data
2026-04-12 14:10:00.416 [INFO] market_data.clob_market_ws: CLOB market subscribed for tokens up=405909427839 down=710503951423
[2m2026-04-12 14:10:22.106 [INFO] __main__: STATUS t=278s delta=-0.0047% dir=down agree=True chain=71016.53 bin=70987.63 open=71019.87 obi=0.1645 ask_up=0.51 ask_dn=0.50 bid_up=0.50 bid_dn=0.49 halted=False[0m
2026-04-12 14:10:50.225 [INFO] strategy.momentum_signal: signal_eval rank=1 side=down latest_pct=-0.0531 stddev=0.0066 n=30 min_delta=0.08 max_var=0.050
[37m2026-04-12 14:10:50.226 [INFO] strategy.momentum_signal: [SKIP] rank=1 side=down reason=conditions_not_met latest_pct=-0.0531 need=<=-0.08 stddev=0.0066 max_var=0.050[0m
[2m2026-04-12 14:10:52.234 [INFO] __main__: STATUS t=248s delta=-0.0212% dir=down agree=True chain=71004.85 bin=70982.17 open=71019.87 obi=0.8274 ask_up=0.52 ask_dn=0.49 bid_up=0.51 bid_dn=0.48 halted=False[0m
[2m2026-04-12 14:11:22.382 [INFO] __main__: STATUS t=218s delta=-0.0021% dir=down agree=True chain=71018.40 bin=70997.55 open=71019.87 obi=-0.7703 ask_up=0.51 ask_dn=0.50 bid_up=0.50 bid_dn=0.49 halted=False[0m
[2m2026-04-12 14:11:52.513 [INFO] __main__: STATUS t=187s delta=0.0086% dir=up agree=False chain=71025.97 bin=71007.67 open=71019.87 obi=0.4051 ask_up=0.60 ask_dn=0.41 bid_up=0.59 bid_dn=0.40 halted=False[0m
[2m2026-04-12 14:12:22.667 [INFO] __main__: STATUS t=157s delta=0.0214% dir=up agree=False chain=71035.08 bin=71014.13 open=71019.87 obi=0.2559 ask_up=0.69 ask_dn=0.32 bid_up=0.68 bid_dn=0.31 halted=False[0m
[2m2026-04-12 14:12:52.791 [INFO] __main__: STATUS t=127s delta=0.0235% dir=up agree=False chain=71036.55 bin=71014.13 open=71019.87 obi=-0.5713 ask_up=0.65 ask_dn=0.36 bid_up=0.64 bid_dn=0.35 halted=False[0m
[2m2026-04-12 14:13:22.926 [INFO] __main__: STATUS t=97s delta=-0.0102% dir=down agree=True chain=71012.65 bin=70992.26 open=71019.87 obi=-0.0428 ask_up=0.43 ask_dn=0.58 bid_up=0.42 bid_dn=0.57 halted=False[0m
[2m2026-04-12 14:13:53.064 [INFO] __main__: STATUS t=67s delta=-0.0431% dir=down agree=True chain=70989.29 bin=70968.05 open=71019.87 obi=0.8035 ask_up=0.17 ask_dn=0.84 bid_up=0.16 bid_dn=0.83 halted=False[0m
[2m2026-04-12 14:14:23.200 [INFO] __main__: STATUS t=37s delta=-0.0306% dir=down agree=True chain=70998.11 bin=70973.69 open=71019.87 obi=0.4540 ask_up=0.15 ask_dn=0.86 bid_up=0.14 bid_dn=0.85 halted=False[0m
[2m2026-04-12 14:14:53.330 [INFO] __main__: STATUS t=7s delta=-0.0171% dir=down agree=True chain=71007.73 bin=70987.20 open=71019.87 obi=-0.3808 ask_up=0.03 ask_dn=0.98 bid_up=0.02 bid_dn=0.97 halted=False[0m
[37m2026-04-12 14:15:00.110 [INFO] execution.paper_trading: paper window_ts=1776003000 [SKIP] pnl=0.0000 direction=down outcome=down - balance=$986.39 bid_up=0.01 ask_up=0.02 bid_dn=0.98 ask_dn=0.99[0m
[93m[1m2026-04-12 14:15:00.113 [INFO] risk.position_tracker: WINDOW_SUMMARY window_pnl=$0.0000 session_pnl=$-32.5936 won=$29.1067 lost=$61.7003 wr=71.4% (5/7) consec_losses=0[0m
[96m2026-04-12 14:15:00.123 [INFO] strategy.window_handler: REGIME chop_detected flips=9 delta_range=0.0829% avg_flips=5.0 over=6_windows[0m
[37m2026-04-12 14:15:00.130 [INFO] strategy.window_handler: WINDOW_DECISION [SKIP] rank=1 side=down pnl=$0.0000 entry=0.00 size=$0.00 (conditions not met)[0m
[96m[1m2026-04-12 14:15:00.131 [INFO] strategy.window_tracker: new window: btc-updown-5m-1776003300 (ts=1776003300)[0m
2026-04-12 14:15:00.143 [INFO] strategy.window_tracker: Gamma priceToBeat not yet available for btc-updown-5m-1776003300 — fetching in background
[96m2026-04-12 14:15:00.187 [INFO] strategy.window_handler: REGIME vol_stddev=0.118% chop_flips=5.0 outcome=3U/3D over 6w sprt=dormant llr=0.00 age=11w bankroll=$794.63[0m
[96m2026-04-12 14:15:00.188 [INFO] strategy.window_handler: KELLY wr_adj=83.1% base=87.2% total_disc=1.1% vol=8.8% chop=0.0% outcome=0.0% feedback=+0.0%[0m
[96m2026-04-12 14:15:00.188 [WARNING] __main__: window open price captured: 71012.92 (RTDS boundary fallback, oracle_age=2000ms)[0m
[96m2026-04-12 14:15:00.188 [INFO] __main__: window open price captured: 70990.00 (binance)[0m
2026-04-12 14:15:00.189 [INFO] strategy.momentum_signal: momentum_signal: waiting for full market data
2026-04-12 14:15:00.623 [INFO] market_data.clob_market_ws: CLOB market subscribed for tokens up=547529383810 down=738189149321
[2m2026-04-12 14:15:23.550 [INFO] __main__: STATUS t=276s delta=0.0474% dir=up agree=True chain=71046.60 bin=71028.54 open=71012.92 obi=0.8831 ask_up=0.83 ask_dn=0.18 bid_up=0.82 bid_dn=0.17 halted=False[0m
2026-04-12 14:15:50.163 [INFO] strategy.momentum_signal: signal_eval rank=1 side=down latest_pct=0.0580 stddev=0.0102 n=30 min_delta=0.08 max_var=0.050
[37m2026-04-12 14:15:50.163 [INFO] strategy.momentum_signal: [SKIP] rank=1 side=down reason=conditions_not_met latest_pct=0.0580 need=<=-0.08 stddev=0.0102 max_var=0.050[0m
[2m2026-04-12 14:15:53.678 [INFO] __main__: STATUS t=246s delta=0.0964% dir=up agree=True chain=71081.35 bin=71062.43 open=71012.92 obi=-0.1590 ask_up=0.92 ask_dn=0.09 bid_up=0.91 bid_dn=0.08 halted=False[0m
[2m2026-04-12 14:16:23.815 [INFO] __main__: STATUS t=216s delta=0.0766% dir=up agree=True chain=71067.29 bin=71048.42 open=71012.92 obi=-0.4407 ask_up=0.83 ask_dn=0.18 bid_up=0.82 bid_dn=0.17 halted=False[0m
[2m2026-04-12 14:16:53.943 [INFO] __main__: STATUS t=186s delta=0.0635% dir=up agree=True chain=71058.03 bin=71034.24 open=71012.92 obi=-0.5655 ask_up=0.80 ask_dn=0.21 bid_up=0.79 bid_dn=0.20 halted=False[0m
[2m2026-04-12 14:17:24.105 [INFO] __main__: STATUS t=156s delta=0.0633% dir=up agree=True chain=71057.85 bin=71034.24 open=71012.92 obi=0.7544 ask_up=0.86 ask_dn=0.15 bid_up=0.85 bid_dn=0.14 halted=False[0m
[2m2026-04-12 14:17:54.234 [INFO] __main__: STATUS t=126s delta=0.0668% dir=up agree=True chain=71060.32 bin=71034.23 open=71012.92 obi=0.8156 ask_up=0.93 ask_dn=0.08 bid_up=0.92 bid_dn=0.07 halted=False[0m
[2m2026-04-12 14:18:24.384 [INFO] __main__: STATUS t=96s delta=0.0558% dir=up agree=True chain=71052.57 bin=71037.07 open=71012.92 obi=-0.3815 ask_up=0.93 ask_dn=0.08 bid_up=0.92 bid_dn=0.07 halted=False[0m
[2m2026-04-12 14:18:54.526 [INFO] __main__: STATUS t=65s delta=0.0550% dir=up agree=True chain=71051.95 bin=71037.07 open=71012.92 obi=-0.8395 ask_up=0.96 ask_dn=0.05 bid_up=0.95 bid_dn=0.04 halted=False[0m
2026-04-12 14:19:24.219 [INFO] shared.ipc: IPC: received authenticated signal_update (summary=signals_summary_1776003565.json)
2026-04-12 14:19:24.220 [INFO] __main__: received new signal from orchestrator: rank=1 side=Down
[2m2026-04-12 14:19:24.673 [INFO] __main__: STATUS t=35s delta=0.0548% dir=up agree=True chain=71051.81 bin=71037.07 open=71012.92 obi=-0.7956 ask_up=0.97 ask_dn=0.04 bid_up=0.96 bid_dn=0.03 halted=False[0m
[2m2026-04-12 14:19:54.810 [INFO] __main__: STATUS t=5s delta=0.0598% dir=up agree=True chain=71055.42 bin=71033.82 open=71012.92 obi=0.7098 ask_up=1.00 ask_dn=0.01 bid_up=0.99 bid_dn=0.01 halted=False[0m
[37m2026-04-12 14:20:00.093 [INFO] execution.paper_trading: paper window_ts=1776003300 [SKIP] pnl=0.0000 direction=up outcome=up - balance=$986.39 bid_up=0.99 ask_up=1.00 bid_dn=0.01 ask_dn=0.01[0m
[93m[1m2026-04-12 14:20:00.093 [INFO] risk.position_tracker: WINDOW_SUMMARY window_pnl=$0.0000 session_pnl=$-32.5936 won=$29.1067 lost=$61.7003 wr=71.4% (5/7) consec_losses=0[0m
[37m2026-04-12 14:20:00.104 [INFO] strategy.window_handler: WINDOW_DECISION [SKIP] rank=1 side=down pnl=$0.0000 entry=0.00 size=$0.00 (conditions not met)[0m
[95m2026-04-12 14:20:00.104 [INFO] strategy.window_handler: Signal refreshed (same pattern): down_280.0_250.0_0.08_0.05 — rank 1->1, keeping SPRT state (age=12w, trades=0, LLR=0.00)[0m
2026-04-12 14:20:00.104 [INFO] strategy.window_handler: SIGNAL_SWAP_ACTIVE: {"rank":1,"side":"down","observeFromS":280.0,"observeToS":250.0,"minDeltaPct":0.08,"maxVariancePct":0.05,"trainWinRatePct":76.27,"oosWinRatePct":87.18,"oosBhAdjustedPValue":1.97514e-05,"oosMatches":39,"avgEntryPrice":0.7608,"evPerTrade":0.081,"smartScore":7.25,"wfFoldsAppeared":6,"wfTotalTestFolds":6,"wfFoldIndices":[2,3,4,5,6,7]}
2026-04-12 14:20:00.105 [INFO] strategy.window_handler: switched to new signal: #1 down (previous: #1 down)
[96m[1m2026-04-12 14:20:00.105 [INFO] strategy.window_tracker: new window: btc-updown-5m-1776003600 (ts=1776003600)[0m
2026-04-12 14:20:00.121 [INFO] strategy.window_tracker: Gamma priceToBeat not yet available for btc-updown-5m-1776003600 — fetching in background
[96m2026-04-12 14:20:00.198 [INFO] strategy.window_handler: REGIME vol_stddev=0.118% chop_flips=4.3 outcome=3U/3D over 6w sprt=dormant llr=0.00 age=12w bankroll=$794.63[0m
[96m2026-04-12 14:20:00.198 [INFO] strategy.window_handler: KELLY wr_adj=83.1% base=87.2% total_disc=1.1% vol=9.0% chop=0.0% outcome=0.0% feedback=+0.0%[0m
[96m2026-04-12 14:20:00.198 [WARNING] __main__: window open price captured: 71055.15 (RTDS boundary fallback, oracle_age=1000ms)[0m
[96m2026-04-12 14:20:00.199 [INFO] __main__: window open price captured: 71033.83 (binance)[0m
2026-04-12 14:20:00.199 [INFO] strategy.momentum_signal: momentum_signal: waiting for full market data
2026-04-12 14:20:00.826 [INFO] market_data.clob_market_ws: CLOB market subscribed for tokens up=217669557807 down=986034409499
[2m2026-04-12 14:20:24.833 [INFO] __main__: STATUS t=275s delta=-0.0523% dir=down agree=True chain=71018.02 bin=71000.01 open=71055.15 obi=-0.5350 ask_up=0.25 ask_dn=0.76 bid_up=0.24 bid_dn=0.75 halted=False[0m
2026-04-12 14:20:50.189 [INFO] strategy.momentum_signal: signal_eval rank=1 side=down latest_pct=-0.0887 stddev=0.0051 n=30 min_delta=0.08 max_var=0.050
[96m2026-04-12 14:20:50.189 [INFO] strategy.momentum_signal: KELLY sizing: p_adj=0.831 base=0.842 total_disc=0.011 vol=0.090 chop=0.000 outcome=0.000 feedback=+0.000[0m
[96m2026-04-12 14:20:50.189 [INFO] strategy.momentum_signal: KELLY bet: entry=0.79 raw_f=0.195 frac_f=0.049 bankroll=$794.63 kelly_bet=$38.83 sprt=1.00 final=$38.83[0m
[92m[1m2026-04-12 14:20:50.190 [INFO] strategy.momentum_signal: FIRED rank=1 side=down t=249.8s dir=-0.0887% stddev=0.0051% n=30 oos_wr=87.2% bh_p=1.98e-05 avg_entry=0.76 ask=0.79 size=$38.83[0m
2026-04-12 14:20:50.190 [INFO] execution.paper_trading: paper momentum1 maker: id=paper-2 price=0.78 size=49.7821 [resting]
2026-04-12 14:20:50.190 [INFO] strategy.momentum_signal: MAKER PLACED rank=1 side=down price=0.78 (ask=0.79 -1tick) size=$38.83 timeout=3s
[92m[1m2026-04-12 14:20:52.700 [INFO] execution.paper_trading: paper momentum1 maker fill: id=paper-2 price=0.78[0m
2026-04-12 14:20:52.701 [INFO] strategy.momentum_signal: MAKER FILLED rank=1 side=down price=0.78 size=$38.83
2026-04-12 14:20:52.952 [INFO] strategy.momentum_signal: post-fire erosion: rank=1 erosion=0.0002 ema=0.0002 cusum=0.000/0.800 threshold=0.5800 fire=-0.0887% current=-0.0886%
[2m2026-04-12 14:20:54.961 [INFO] __main__: STATUS t=245s delta=-0.0488% dir=down agree=True chain=71020.45 bin=71001.00 open=71055.15 obi=-0.0040 ask_up=0.31 ask_dn=0.70 bid_up=0.30 bid_dn=0.69 halted=False[0m
2026-04-12 14:21:02.998 [INFO] strategy.momentum_signal: post-fire erosion: rank=1 erosion=0.1402 ema=0.1369 cusum=0.000/0.800 threshold=0.5800 fire=-0.0887% current=-0.0762%
2026-04-12 14:21:05.257 [INFO] strategy.momentum_signal: post-fire erosion: rank=1 erosion=0.4336 ema=0.1683 cusum=0.000/0.800 threshold=0.5800 fire=-0.0887% current=-0.0502%
2026-04-12 14:21:05.509 [INFO] strategy.momentum_signal: post-fire erosion: rank=1 erosion=0.6009 ema=0.2116 cusum=0.000/0.800 threshold=0.5800 fire=-0.0887% current=-0.0354%
2026-04-12 14:21:12.036 [INFO] strategy.momentum_signal: post-fire erosion: rank=1 erosion=0.7130 ema=0.6558 cusum=0.062/0.800 threshold=0.5800 fire=-0.0887% current=-0.0254%
2026-04-12 14:21:12.539 [INFO] strategy.momentum_signal: post-fire erosion: rank=1 erosion=0.7130 ema=0.6667 cusum=0.130/0.800 threshold=0.5800 fire=-0.0887% current=-0.0254%
2026-04-12 14:21:13.041 [INFO] strategy.momentum_signal: post-fire erosion: rank=1 erosion=0.7128 ema=0.6754 cusum=0.217/0.800 threshold=0.5800 fire=-0.0887% current=-0.0255%
2026-04-12 14:21:13.544 [INFO] strategy.momentum_signal: post-fire erosion: rank=1 erosion=0.7130 ema=0.6825 cusum=0.319/0.800 threshold=0.5800 fire=-0.0887% current=-0.0254%
2026-04-12 14:21:13.795 [INFO] strategy.momentum_signal: post-fire erosion: rank=1 erosion=0.7130 ema=0.6856 cusum=0.374/0.800 threshold=0.5800 fire=-0.0887% current=-0.0254%
2026-04-12 14:21:14.047 [INFO] strategy.momentum_signal: post-fire erosion: rank=1 erosion=0.7130 ema=0.6883 cusum=0.433/0.800 threshold=0.5800 fire=-0.0887% current=-0.0254%
2026-04-12 14:21:14.298 [INFO] strategy.momentum_signal: post-fire erosion: rank=1 erosion=0.7130 ema=0.6908 cusum=0.494/0.800 threshold=0.5800 fire=-0.0887% current=-0.0254%
2026-04-12 14:21:14.550 [INFO] strategy.momentum_signal: post-fire erosion: rank=1 erosion=0.7130 ema=0.6930 cusum=0.557/0.800 threshold=0.5800 fire=-0.0887% current=-0.0254%
2026-04-12 14:21:14.801 [INFO] strategy.momentum_signal: post-fire erosion: rank=1 erosion=0.7130 ema=0.6950 cusum=0.622/0.800 threshold=0.5800 fire=-0.0887% current=-0.0254%
2026-04-12 14:21:15.052 [INFO] strategy.momentum_signal: post-fire erosion: rank=1 erosion=0.7130 ema=0.6968 cusum=0.688/0.800 threshold=0.5800 fire=-0.0887% current=-0.0254%
2026-04-12 14:21:15.304 [INFO] strategy.momentum_signal: post-fire erosion: rank=1 erosion=0.7130 ema=0.6984 cusum=0.757/0.800 threshold=0.5800 fire=-0.0887% current=-0.0254%
2026-04-12 14:21:15.555 [INFO] strategy.momentum_signal: EROSION CUSUM TRIGGERED: rank=1 cusum=0.827 >= limit=0.800 ema=0.6999 erosion=0.7130 threshold=0.5800 fire=-0.0887% current=-0.0254%
2026-04-12 14:21:15.556 [INFO] strategy.momentum_signal: EARLY EXIT TRIGGERED: rank=1 side=down erosion=0.7130 threshold=0.5800 cusum=0.827 fire=-0.0887% current=-0.0254% sell_bid=0.47 entry=0.78 — post-fire erosion exceeded safe threshold (sustained)
2026-04-12 14:21:15.556 [INFO] execution.paper_trading: EARLY EXIT: sell_price=0.47 size=49.78 pnl=-15.4324 balance=$970.95 orders=1
[2m2026-04-12 14:21:25.098 [INFO] __main__: STATUS t=215s delta=0.0228% dir=up agree=False chain=71071.37 bin=71050.45 open=71055.15 obi=0.9912 ask_up=0.70 ask_dn=0.31 bid_up=0.69 bid_dn=0.30 halted=False[0m
[2m2026-04-12 14:21:55.225 [INFO] __main__: STATUS t=185s delta=0.0435% dir=up agree=True chain=71086.08 bin=71076.86 open=71055.15 obi=0.5076 ask_up=0.83 ask_dn=0.18 bid_up=0.82 bid_dn=0.17 halted=False[0m
[2m2026-04-12 14:22:25.357 [INFO] __main__: STATUS t=155s delta=0.0492% dir=up agree=True chain=71090.14 bin=71064.53 open=71055.15 obi=0.9593 ask_up=0.79 ask_dn=0.22 bid_up=0.78 bid_dn=0.21 halted=False[0m
[2m2026-04-12 14:22:55.492 [INFO] __main__: STATUS t=125s delta=0.0355% dir=up agree=True chain=71080.37 bin=71064.52 open=71055.15 obi=-0.7520 ask_up=0.74 ask_dn=0.28 bid_up=0.72 bid_dn=0.26 halted=False[0m
[2m2026-04-12 14:23:25.629 [INFO] __main__: STATUS t=94s delta=0.0696% dir=up agree=True chain=71104.60 bin=71074.03 open=71055.15 obi=-0.0317 ask_up=0.88 ask_dn=0.13 bid_up=0.87 bid_dn=0.12 halted=False[0m
[2m2026-04-12 14:23:55.762 [INFO] __main__: STATUS t=64s delta=0.0465% dir=up agree=True chain=71088.17 bin=71067.54 open=71055.15 obi=-0.1901 ask_up=0.90 ask_dn=0.11 bid_up=0.89 bid_dn=0.10 halted=False[0m
[2m2026-04-12 14:24:25.901 [INFO] __main__: STATUS t=34s delta=0.0731% dir=up agree=True chain=71107.07 bin=71082.29 open=71055.15 obi=-0.8624 ask_up=0.96 ask_dn=0.05 bid_up=0.95 bid_dn=0.04 halted=False[0m
[2m2026-04-12 14:24:56.031 [INFO] __main__: STATUS t=4s delta=0.0550% dir=up agree=True chain=71094.24 bin=71077.99 open=71055.15 obi=0.9655 ask_up=1.00 ask_dn=0.01 bid_up=0.99 bid_dn=0.01 halted=False[0m
[91m[1m2026-04-12 14:25:00.074 [INFO] execution.paper_trading: paper window_ts=1776003600 [LOSS] pnl=-15.4324 direction=up outcome=up rule#1(fill) balance=$970.95 bid_up=0.99 ask_up=1.00 bid_dn=0.01 ask_dn=0.01[0m
[93m[1m2026-04-12 14:25:00.074 [INFO] risk.position_tracker: WINDOW_SUMMARY window_pnl=$-15.4324 session_pnl=$-48.0260 won=$29.1067 lost=$77.1327 wr=62.5% (5/8) consec_losses=1[0m
[96m2026-04-12 14:25:00.102 [INFO] strategy.window_handler: REGIME chop_detected flips=3 delta_range=0.1546% avg_flips=4.3 over=6_windows[0m
[91m[1m2026-04-12 14:25:00.108 [INFO] strategy.window_handler: WINDOW_DECISION [LOSS] rank=1 side=down pnl=$-15.4324 entry=0.78 size=$38.83[0m
[96m[1m2026-04-12 14:25:00.110 [INFO] strategy.window_tracker: new window: btc-updown-5m-1776003900 (ts=1776003900)[0m
2026-04-12 14:25:00.125 [INFO] strategy.window_tracker: Gamma priceToBeat not yet available for btc-updown-5m-1776003900 — fetching in background
[96m2026-04-12 14:25:00.166 [INFO] strategy.window_handler: REGIME vol_stddev=0.119% chop_flips=4.3 outcome=4U/2D over 6w sprt=dormant llr=0.40 age=13w bankroll=$755.58[0m
[96m2026-04-12 14:25:00.166 [INFO] strategy.window_handler: KELLY wr_adj=79.6% base=87.2% total_disc=4.6% vol=9.6% chop=0.0% outcome=38.1% feedback=+0.0%[0m
[96m2026-04-12 14:25:00.167 [WARNING] __main__: window open price captured: 71101.53 (RTDS boundary fallback, oracle_age=2000ms)[0m
[96m2026-04-12 14:25:00.167 [INFO] __main__: window open price captured: 71078.00 (binance)[0m
2026-04-12 14:25:00.172 [INFO] strategy.momentum_signal: momentum_signal: waiting for full market data
2026-04-12 14:25:01.046 [INFO] market_data.clob_market_ws: CLOB market subscribed for tokens up=355509773835 down=206052430468
[2m2026-04-12 14:25:26.062 [INFO] __main__: STATUS t=274s delta=-0.0441% dir=down agree=True chain=71070.21 bin=71043.35 open=71101.53 obi=0.2160 ask_up=0.32 ask_dn=0.69 bid_up=0.31 bid_dn=0.68 halted=False[0m
2026-04-12 14:25:50.169 [INFO] strategy.momentum_signal: signal_eval rank=1 side=down latest_pct=-0.0891 stddev=0.0036 n=30 min_delta=0.08 max_var=0.050
[96m2026-04-12 14:25:50.170 [INFO] strategy.momentum_signal: KELLY sizing: p_adj=0.796 base=0.842 total_disc=0.046 vol=0.096 chop=0.000 outcome=0.381 feedback=+0.000[0m
[96m2026-04-12 14:25:50.170 [INFO] strategy.momentum_signal: KELLY bet: entry=0.73 raw_f=0.245 frac_f=0.061 bankroll=$755.58 kelly_bet=$37.78 sprt=1.00 final=$37.78[0m
[92m[1m2026-04-12 14:25:50.170 [INFO] strategy.momentum_signal: FIRED rank=1 side=down t=249.8s dir=-0.0891% stddev=0.0036% n=30 oos_wr=87.2% bh_p=1.98e-05 avg_entry=0.76 ask=0.73 size=$37.78[0m
2026-04-12 14:25:50.170 [INFO] execution.paper_trading: paper momentum1 maker: id=paper-3 price=0.72 size=52.4722 [resting]
2026-04-12 14:25:50.170 [INFO] strategy.momentum_signal: MAKER PLACED rank=1 side=down price=0.72 (ask=0.73 -1tick) size=$37.78 timeout=3s
[92m[1m2026-04-12 14:25:52.678 [INFO] execution.paper_trading: paper momentum1 maker fill: id=paper-3 price=0.72[0m
2026-04-12 14:25:52.679 [INFO] strategy.momentum_signal: MAKER FILLED rank=1 side=down price=0.72 size=$37.78
2026-04-12 14:25:52.929 [INFO] strategy.momentum_signal: post-fire erosion: rank=1 erosion=0.0002 ema=0.0002 cusum=0.000/0.800 threshold=0.5800 fire=-0.0891% current=-0.0891%
[2m2026-04-12 14:25:56.192 [INFO] __main__: STATUS t=244s delta=-0.0483% dir=down agree=True chain=71067.22 bin=71038.18 open=71101.53 obi=0.6358 ask_up=0.32 ask_dn=0.69 bid_up=0.31 bid_dn=0.68 halted=False[0m
2026-04-12 14:26:02.996 [INFO] strategy.momentum_signal: post-fire erosion: rank=1 erosion=0.1124 ema=0.1051 cusum=0.000/0.800 threshold=0.5800 fire=-0.0891% current=-0.0791%
2026-04-12 14:26:13.045 [INFO] strategy.momentum_signal: post-fire erosion: rank=1 erosion=0.1124 ema=0.1122 cusum=0.000/0.800 threshold=0.5800 fire=-0.0891% current=-0.0791%
2026-04-12 14:26:23.085 [INFO] strategy.momentum_signal: post-fire erosion: rank=1 erosion=0.1124 ema=0.1123 cusum=0.000/0.800 threshold=0.5800 fire=-0.0891% current=-0.0791%
[2m2026-04-12 14:26:26.349 [INFO] __main__: STATUS t=214s delta=-0.0406% dir=down agree=True chain=71072.63 bin=71054.00 open=71101.53 obi=0.1151 ask_up=0.33 ask_dn=0.68 bid_up=0.32 bid_dn=0.67 halted=False[0m
2026-04-12 14:26:33.126 [INFO] strategy.momentum_signal: post-fire erosion: rank=1 erosion=0.2498 ema=0.2475 cusum=0.000/0.800 threshold=0.5800 fire=-0.0891% current=-0.0668%
2026-04-12 14:26:43.171 [INFO] strategy.momentum_signal: post-fire erosion: rank=1 erosion=0.3619 ema=0.3520 cusum=0.000/0.800 threshold=0.5800 fire=-0.0891% current=-0.0569%
2026-04-12 14:26:53.212 [INFO] strategy.momentum_signal: post-fire erosion: rank=1 erosion=0.2285 ema=0.2322 cusum=0.000/0.800 threshold=0.5800 fire=-0.0891% current=-0.0687%
[2m2026-04-12 14:26:56.475 [INFO] __main__: STATUS t=184s delta=-0.0289% dir=down agree=True chain=71080.98 bin=71063.99 open=71101.53 obi=0.8953 ask_up=0.37 ask_dn=0.64 bid_up=0.36 bid_dn=0.63 halted=False[0m
2026-04-12 14:26:56.476 [INFO] strategy.momentum_signal: post-fire erosion: rank=1 erosion=0.4075 ema=0.2474 cusum=0.000/0.800 threshold=0.5800 fire=-0.0891% current=-0.0528%
2026-04-12 14:27:06.527 [INFO] strategy.momentum_signal: post-fire erosion: rank=1 erosion=0.4077 ema=0.4052 cusum=0.000/0.800 threshold=0.5800 fire=-0.0891% current=-0.0528%
2026-04-12 14:27:11.798 [INFO] strategy.momentum_signal: post-fire erosion: rank=1 erosion=0.2443 ema=0.3910 cusum=0.000/0.800 threshold=0.5800 fire=-0.0891% current=-0.0673%
2026-04-12 14:27:21.844 [INFO] strategy.momentum_signal: post-fire erosion: rank=1 erosion=0.3512 ema=0.2902 cusum=0.000/0.800 threshold=0.5800 fire=-0.0891% current=-0.0578%
[2m2026-04-12 14:27:26.616 [INFO] __main__: STATUS t=153s delta=-0.0260% dir=down agree=True chain=71083.02 bin=71060.41 open=71101.53 obi=-0.7155 ask_up=0.30 ask_dn=0.71 bid_up=0.29 bid_dn=0.70 halted=False[0m
2026-04-12 14:27:31.892 [INFO] strategy.momentum_signal: post-fire erosion: rank=1 erosion=0.3510 ema=0.3501 cusum=0.000/0.800 threshold=0.5800 fire=-0.0891% current=-0.0578%
2026-04-12 14:27:41.939 [INFO] strategy.momentum_signal: post-fire erosion: rank=1 erosion=0.3510 ema=0.3511 cusum=0.000/0.800 threshold=0.5800 fire=-0.0891% current=-0.0578%
2026-04-12 14:27:51.983 [INFO] strategy.momentum_signal: post-fire erosion: rank=1 erosion=0.3510 ema=0.3511 cusum=0.000/0.800 threshold=0.5800 fire=-0.0891% current=-0.0578%
[2m2026-04-12 14:27:56.753 [INFO] __main__: STATUS t=123s delta=-0.0291% dir=down agree=True chain=71080.81 bin=71058.08 open=71101.53 obi=-0.6018 ask_up=0.22 ask_dn=0.79 bid_up=0.21 bid_dn=0.78 halted=False[0m
2026-04-12 14:28:02.035 [INFO] strategy.momentum_signal: post-fire erosion: rank=1 erosion=0.2285 ema=0.3075 cusum=0.000/0.800 threshold=0.5800 fire=-0.0891% current=-0.0687%
2026-04-12 14:28:12.090 [INFO] strategy.momentum_signal: post-fire erosion: rank=1 erosion=0.3142 ema=0.3129 cusum=0.000/0.800 threshold=0.5800 fire=-0.0891% current=-0.0611%
2026-04-12 14:28:22.135 [INFO] strategy.momentum_signal: post-fire erosion: rank=1 erosion=0.3755 ema=0.3441 cusum=0.000/0.800 threshold=0.5800 fire=-0.0891% current=-0.0557%
[2m2026-04-12 14:28:26.908 [INFO] __main__: STATUS t=93s delta=-0.0163% dir=down agree=True chain=71089.92 bin=71064.53 open=71101.53 obi=0.7066 ask_up=0.38 ask_dn=0.63 bid_up=0.37 bid_dn=0.62 halted=False[0m
2026-04-12 14:28:32.185 [INFO] strategy.momentum_signal: post-fire erosion: rank=1 erosion=0.4160 ema=0.4149 cusum=0.000/0.800 threshold=0.5800 fire=-0.0891% current=-0.0520%
2026-04-12 14:28:42.228 [INFO] strategy.momentum_signal: post-fire erosion: rank=1 erosion=0.4159 ema=0.4159 cusum=0.000/0.800 threshold=0.5800 fire=-0.0891% current=-0.0521%
2026-04-12 14:28:49.007 [INFO] strategy.momentum_signal: post-fire erosion: rank=1 erosion=0.5988 ema=0.5365 cusum=0.000/0.800 threshold=0.5800 fire=-0.0891% current=-0.0358%
[2m2026-04-12 14:28:57.042 [INFO] __main__: STATUS t=63s delta=-0.0049% dir=down agree=True chain=71098.07 bin=71076.12 open=71101.53 obi=-0.3961 ask_up=0.43 ask_dn=0.58 bid_up=0.42 bid_dn=0.57 halted=False[0m
2026-04-12 14:28:59.050 [INFO] strategy.momentum_signal: post-fire erosion: rank=1 erosion=0.5990 ema=0.5980 cusum=0.000/0.800 threshold=0.5800 fire=-0.0891% current=-0.0357%
2026-04-12 14:29:09.125 [INFO] strategy.momentum_signal: post-fire erosion: rank=1 erosion=0.5990 ema=0.5989 cusum=0.000/0.800 threshold=0.5800 fire=-0.0891% current=-0.0357%
2026-04-12 14:29:17.159 [INFO] strategy.momentum_signal: post-fire erosion: rank=1 erosion=0.6498 ema=0.6413 cusum=0.057/0.800 threshold=0.5800 fire=-0.0891% current=-0.0312%
2026-04-12 14:29:18.163 [INFO] strategy.momentum_signal: post-fire erosion: rank=1 erosion=0.6496 ema=0.6442 cusum=0.110/0.800 threshold=0.5800 fire=-0.0891% current=-0.0312%
2026-04-12 14:29:19.168 [INFO] strategy.momentum_signal: post-fire erosion: rank=1 erosion=0.6498 ema=0.6461 cusum=0.171/0.800 threshold=0.5800 fire=-0.0891% current=-0.0312%
2026-04-12 14:29:19.921 [INFO] strategy.momentum_signal: post-fire erosion: rank=1 erosion=0.6498 ema=0.6471 cusum=0.222/0.800 threshold=0.5800 fire=-0.0891% current=-0.0312%
2026-04-12 14:29:20.675 [INFO] strategy.momentum_signal: post-fire erosion: rank=1 erosion=0.6498 ema=0.6478 cusum=0.275/0.800 threshold=0.5800 fire=-0.0891% current=-0.0312%
2026-04-12 14:29:21.428 [INFO] strategy.momentum_signal: post-fire erosion: rank=1 erosion=0.6498 ema=0.6483 cusum=0.329/0.800 threshold=0.5800 fire=-0.0891% current=-0.0312%
2026-04-12 14:29:22.183 [INFO] strategy.momentum_signal: post-fire erosion: rank=1 erosion=0.6498 ema=0.6487 cusum=0.385/0.800 threshold=0.5800 fire=-0.0891% current=-0.0312%
2026-04-12 14:29:22.936 [INFO] strategy.momentum_signal: post-fire erosion: rank=1 erosion=0.6498 ema=0.6490 cusum=0.442/0.800 threshold=0.5800 fire=-0.0891% current=-0.0312%
2026-04-12 14:29:23.690 [INFO] strategy.momentum_signal: post-fire erosion: rank=1 erosion=0.6602 ema=0.6512 cusum=0.502/0.800 threshold=0.5800 fire=-0.0891% current=-0.0303%
2026-04-12 14:29:24.444 [INFO] strategy.momentum_signal: post-fire erosion: rank=1 erosion=0.6602 ema=0.6536 cusum=0.571/0.800 threshold=0.5800 fire=-0.0891% current=-0.0303%
2026-04-12 14:29:25.199 [INFO] strategy.momentum_signal: post-fire erosion: rank=1 erosion=0.6602 ema=0.6554 cusum=0.645/0.800 threshold=0.5800 fire=-0.0891% current=-0.0303%
2026-04-12 14:29:25.702 [INFO] strategy.momentum_signal: post-fire erosion: rank=1 erosion=0.6600 ema=0.6563 cusum=0.697/0.800 threshold=0.5800 fire=-0.0891% current=-0.0303%
2026-04-12 14:29:26.204 [INFO] strategy.momentum_signal: post-fire erosion: rank=1 erosion=0.6600 ema=0.6570 cusum=0.751/0.800 threshold=0.5800 fire=-0.0891% current=-0.0303%
2026-04-12 14:29:26.706 [INFO] strategy.momentum_signal: EROSION CUSUM TRIGGERED: rank=1 cusum=0.806 >= limit=0.800 ema=0.6576 erosion=0.6602 threshold=0.5800 fire=-0.0891% current=-0.0303%
2026-04-12 14:29:26.706 [INFO] strategy.momentum_signal: EARLY EXIT TRIGGERED: rank=1 side=down erosion=0.6602 threshold=0.5800 cusum=0.806 fire=-0.0891% current=-0.0303% sell_bid=0.31 entry=0.72 — post-fire erosion exceeded safe threshold (sustained)
2026-04-12 14:29:26.706 [INFO] execution.paper_trading: EARLY EXIT: sell_price=0.31 size=52.47 pnl=-21.5136 balance=$949.44 orders=1
[2m2026-04-12 14:29:27.210 [INFO] __main__: STATUS t=33s delta=0.0053% dir=up agree=False chain=71105.27 bin=71080.00 open=71101.53 obi=0.6007 ask_up=0.67 ask_dn=0.34 bid_up=0.66 bid_dn=0.33 halted=False[0m
[2m2026-04-12 14:29:57.347 [INFO] __main__: STATUS t=3s delta=0.0033% dir=up agree=False chain=71103.90 bin=71077.23 open=71101.53 obi=-0.0455 ask_up=0.49 ask_dn=0.52 bid_up=0.48 bid_dn=0.51 halted=False[0m
[91m[1m2026-04-12 14:30:00.121 [INFO] execution.paper_trading: paper window_ts=1776003900 [LOSS] pnl=-21.5136 direction=up outcome=up rule#1(fill) balance=$949.44 bid_up=0.73 ask_up=0.74 bid_dn=0.26 ask_dn=0.27[0m
[93m[1m2026-04-12 14:30:00.121 [INFO] risk.position_tracker: WINDOW_SUMMARY window_pnl=$-21.5136 session_pnl=$-69.5396 won=$29.1067 lost=$98.6463 wr=55.6% (5/9) consec_losses=2[0m
[96m2026-04-12 14:30:00.137 [INFO] strategy.window_handler: REGIME chop_detected flips=3 delta_range=0.0801% avg_flips=4.0 over=6_windows[0m
[91m[1m2026-04-12 14:30:00.143 [INFO] strategy.window_handler: WINDOW_DECISION [LOSS] rank=1 side=down pnl=$-21.5136 entry=0.72 size=$37.78[0m
[96m[1m2026-04-12 14:30:00.147 [INFO] strategy.window_tracker: new window: btc-updown-5m-1776004200 (ts=1776004200)[0m
2026-04-12 14:30:00.161 [INFO] strategy.window_tracker: Gamma priceToBeat not yet available for btc-updown-5m-1776004200 — fetching in background
[96m2026-04-12 14:30:00.258 [INFO] strategy.window_handler: REGIME vol_stddev=0.119% chop_flips=4.0 outcome=5U/1D over 6w sprt=dormant llr=0.80 age=14w bankroll=$717.51[0m
[96m2026-04-12 14:30:00.258 [INFO] strategy.window_handler: KELLY wr_adj=75.0% base=87.2% total_disc=9.1% vol=9.7% chop=0.0% outcome=76.2% feedback=+0.0%[0m
[96m2026-04-12 14:30:00.259 [WARNING] __main__: window open price captured: 71101.24 (RTDS boundary fallback, oracle_age=1000ms)[0m
[96m2026-04-12 14:30:00.259 [INFO] __main__: window open price captured: 71079.99 (binance)[0m
2026-04-12 14:30:00.261 [INFO] strategy.momentum_signal: momentum_signal: waiting for full market data
2026-04-12 14:30:00.263 [INFO] market_data.clob_market_ws: CLOB market subscribed for tokens up=106415779219 down=991796416709
[2m2026-04-12 14:30:27.413 [INFO] __main__: STATUS t=273s delta=0.0150% dir=up agree=False chain=71111.93 bin=71085.22 open=71101.24 obi=-0.5205 ask_up=0.54 ask_dn=0.47 bid_up=0.53 bid_dn=0.46 halted=False[0m
2026-04-12 14:30:50.019 [INFO] strategy.momentum_signal: signal_eval rank=1 side=down latest_pct=-0.0882 stddev=0.0140 n=30 min_delta=0.08 max_var=0.050
[37m2026-04-12 14:30:50.019 [INFO] strategy.momentum_signal: [SKIP] rank=1 side=down reason=KELLY_NO_EDGE p_adj=0.750 entry=0.79 raw_f=-0.189 total_disc=0.091 vol=0.097 chop=0.000 outcome=0.762[0m
[2m2026-04-12 14:30:57.551 [INFO] __main__: STATUS t=242s delta=-0.0228% dir=down agree=True chain=71085.02 bin=71055.99 open=71101.24 obi=0.8548 ask_up=0.38 ask_dn=0.63 bid_up=0.37 bid_dn=0.62 halted=False[0m
[2m2026-04-12 14:31:27.710 [INFO] __main__: STATUS t=212s delta=-0.0725% dir=down agree=True chain=71049.68 bin=71024.52 open=71101.24 obi=-0.4561 ask_up=0.20 ask_dn=0.81 bid_up=0.19 bid_dn=0.80 halted=False[0m
[2m2026-04-12 14:31:57.837 [INFO] __main__: STATUS t=182s delta=-0.0798% dir=down agree=True chain=71044.48 bin=71015.33 open=71101.24 obi=-0.4984 ask_up=0.12 ask_dn=0.89 bid_up=0.11 bid_dn=0.88 halted=False[0m
[2m2026-04-12 14:32:27.982 [INFO] __main__: STATUS t=152s delta=-0.0966% dir=down agree=True chain=71032.59 bin=71003.56 open=71101.24 obi=0.9512 ask_up=0.10 ask_dn=0.91 bid_up=0.09 bid_dn=0.90 halted=False[0m
[2m2026-04-12 14:32:58.122 [INFO] __main__: STATUS t=122s delta=-0.0989% dir=down agree=True chain=71030.89 bin=71003.55 open=71101.24 obi=0.0265 ask_up=0.06 ask_dn=0.95 bid_up=0.05 bid_dn=0.94 halted=False[0m
[2m2026-04-12 14:33:28.263 [INFO] __main__: STATUS t=92s delta=-0.0657% dir=down agree=True chain=71054.51 bin=71030.71 open=71101.24 obi=0.8779 ask_up=0.12 ask_dn=0.89 bid_up=0.11 bid_dn=0.88 halted=False[0m
[2m2026-04-12 14:33:58.400 [INFO] __main__: STATUS t=62s delta=-0.0352% dir=down agree=True chain=71076.22 bin=71051.82 open=71101.24 obi=0.3254 ask_up=0.18 ask_dn=0.83 bid_up=0.17 bid_dn=0.82 halted=False[0m
[2m2026-04-12 14:34:28.562 [INFO] __main__: STATUS t=31s delta=-0.0491% dir=down agree=True chain=71066.36 bin=71045.40 open=71101.24 obi=-0.8192 ask_up=0.99 ask_dn=0.99 bid_up=0.01 bid_dn=0.01 halted=False[0m
2026-04-12 14:34:29.697 [INFO] shared.ipc: IPC: received authenticated signal_update (summary=signals_summary_1776004471.json)
2026-04-12 14:34:29.697 [INFO] __main__: received new signal from orchestrator: rank=2 side=Down
[2m2026-04-12 14:34:58.704 [INFO] __main__: STATUS t=1s delta=-0.0489% dir=down agree=True chain=71066.48 bin=71038.71 open=71101.24 obi=-0.5821 ask_up=0.01 ask_dn=1.00 bid_up=0.01 bid_dn=0.99 halted=False[0m
[37m2026-04-12 14:35:00.212 [INFO] execution.paper_trading: paper window_ts=1776004200 [SKIP] pnl=0.0000 direction=down outcome=down - balance=$949.44 bid_up=0.01 ask_up=0.01 bid_dn=0.99 ask_dn=1.00[0m
[93m[1m2026-04-12 14:35:00.212 [INFO] risk.position_tracker: WINDOW_SUMMARY window_pnl=$0.0000 session_pnl=$-69.5396 won=$29.1067 lost=$98.6463 wr=55.6% (5/9) consec_losses=2[0m
[37m2026-04-12 14:35:00.219 [INFO] strategy.window_handler: WINDOW_DECISION [SKIP] rank=1 side=down pnl=$0.0000 entry=0.00 size=$0.00 (conditions not met)[0m
[95m2026-04-12 14:35:00.219 [INFO] strategy.window_handler: Signal refreshed (same pattern): down_280.0_250.0_0.08_0.05 — rank 1->2, keeping SPRT state (age=15w, trades=2, LLR=0.80)[0m
2026-04-12 14:35:00.220 [INFO] strategy.window_handler: SIGNAL_SWAP_ACTIVE: {"rank":2,"side":"down","observeFromS":280.0,"observeToS":250.0,"minDeltaPct":0.08,"maxVariancePct":0.05,"trainWinRatePct":76.27,"oosWinRatePct":84.62,"oosBhAdjustedPValue":1.8208e-05,"oosMatches":39,"avgEntryPrice":0.7595,"evPerTrade":0.0567,"smartScore":4.63,"wfFoldsAppeared":6,"wfTotalTestFolds":6,"wfFoldIndices":[2,3,4,5,6,7]}
2026-04-12 14:35:00.220 [INFO] strategy.window_handler: switched to new signal: #2 down (previous: #1 down)
[96m[1m2026-04-12 14:35:00.220 [INFO] strategy.window_tracker: new window: btc-updown-5m-1776004500 (ts=1776004500)[0m
2026-04-12 14:35:00.230 [INFO] strategy.window_tracker: Gamma priceToBeat not yet available for btc-updown-5m-1776004500 — fetching in background
[96m2026-04-12 14:35:00.259 [INFO] strategy.window_handler: REGIME vol_stddev=0.119% chop_flips=3.0 outcome=4U/2D over 6w sprt=dormant llr=0.80 age=15w bankroll=$717.51[0m
[96m2026-04-12 14:35:00.260 [INFO] strategy.window_handler: KELLY wr_adj=77.0% base=84.6% total_disc=4.6% vol=9.6% chop=0.0% outcome=38.1% feedback=+0.0%[0m
[96m2026-04-12 14:35:00.260 [WARNING] __main__: window open price captured: 71065.71 (RTDS boundary fallback, oracle_age=2000ms)[0m
[96m2026-04-12 14:35:00.260 [INFO] __main__: window open price captured: 71038.71 (binance)[0m
2026-04-12 14:35:00.261 [INFO] strategy.momentum_signal: momentum_signal: waiting for full market data
2026-04-12 14:35:00.474 [INFO] market_data.clob_market_ws: CLOB market subscribed for tokens up=666868646832 down=407330843043
[2m2026-04-12 14:35:28.898 [INFO] __main__: STATUS t=271s delta=-0.0007% dir=down agree=True chain=71065.18 bin=71040.44 open=71065.71 obi=-0.3659 ask_up=0.51 ask_dn=0.50 bid_up=0.50 bid_dn=0.49 halted=False[0m
2026-04-12 14:35:50.236 [INFO] strategy.momentum_signal: signal_eval rank=2 side=down latest_pct=-0.0532 stddev=0.0112 n=30 min_delta=0.08 max_var=0.050
[37m2026-04-12 14:35:50.236 [INFO] strategy.momentum_signal: [SKIP] rank=2 side=down reason=conditions_not_met latest_pct=-0.0532 need=<=-0.08 stddev=0.0112 max_var=0.050[0m
[2m2026-04-12 14:35:59.027 [INFO] __main__: STATUS t=241s delta=-0.0142% dir=down agree=True chain=71055.62 bin=71028.03 open=71065.71 obi=-0.3129 ask_up=0.39 ask_dn=0.62 bid_up=0.38 bid_dn=0.61 halted=False[0m
[2m2026-04-12 14:36:29.193 [INFO] __main__: STATUS t=211s delta=-0.0179% dir=down agree=True chain=71052.97 bin=71023.48 open=71065.71 obi=0.7325 ask_up=0.35 ask_dn=0.67 bid_up=0.33 bid_dn=0.65 halted=False[0m
[2m2026-04-12 14:36:59.330 [INFO] __main__: STATUS t=181s delta=-0.0292% dir=down agree=True chain=71044.93 bin=71018.00 open=71065.71 obi=-0.0972 ask_up=0.29 ask_dn=0.72 bid_up=0.28 bid_dn=0.71 halted=False[0m
[2m2026-04-12 14:37:29.456 [INFO] __main__: STATUS t=151s delta=-0.0474% dir=down agree=True chain=71032.00 bin=71002.20 open=71065.71 obi=0.9152 ask_up=0.16 ask_dn=0.85 bid_up=0.15 bid_dn=0.84 halted=False[0m
[2m2026-04-12 14:37:59.584 [INFO] __main__: STATUS t=120s delta=-0.0406% dir=down agree=True chain=71036.87 bin=71006.90 open=71065.71 obi=0.4651 ask_up=0.19 ask_dn=0.82 bid_up=0.18 bid_dn=0.81 halted=False[0m
[2m2026-04-12 14:38:29.716 [INFO] __main__: STATUS t=90s delta=-0.0446% dir=down agree=True chain=71034.01 bin=71006.90 open=71065.71 obi=-0.5994 ask_up=0.09 ask_dn=0.92 bid_up=0.08 bid_dn=0.91 halted=False[0m
[2m2026-04-12 14:38:59.850 [INFO] __main__: STATUS t=60s delta=-0.1137% dir=down agree=True chain=70984.94 bin=70955.99 open=71065.71 obi=-0.2957 ask_up=0.02 ask_dn=0.99 bid_up=0.01 bid_dn=0.98 halted=False[0m
[2m2026-04-12 14:39:30.018 [INFO] __main__: STATUS t=30s delta=-0.1184% dir=down agree=True chain=70981.55 bin=70957.04 open=71065.71 obi=0.7021 ask_up=0.01 ask_dn=1.00 bid_up=0.01 bid_dn=0.99 halted=False[0m
[2m2026-04-12 14:40:00.167 [INFO] __main__: STATUS t=300s delta=-0.1683% dir=down agree=True chain=70946.13 bin=70912.01 open=71065.71 obi=-0.2544 ask_up=0.00 ask_dn=1.00 bid_up=0.00 bid_dn=1.00 halted=False[0m
[37m2026-04-12 14:40:00.169 [INFO] execution.paper_trading: paper window_ts=1776004500 [SKIP] pnl=0.0000 direction=down outcome=down - balance=$949.44 bid_up=0.00 ask_up=0.00 bid_dn=1.00 ask_dn=1.00[0m
[93m[1m2026-04-12 14:40:00.171 [INFO] risk.position_tracker: WINDOW_SUMMARY window_pnl=$0.0000 session_pnl=$-69.5396 won=$29.1067 lost=$98.6463 wr=55.6% (5/9) consec_losses=2[0m
[96m2026-04-12 14:40:00.176 [INFO] strategy.window_handler: REGIME chop_detected flips=6 delta_range=0.1857% avg_flips=3.8 over=6_windows[0m
[37m2026-04-12 14:40:00.183 [INFO] strategy.window_handler: WINDOW_DECISION [SKIP] rank=2 side=down pnl=$0.0000 entry=0.00 size=$0.00 (conditions not met)[0m
[96m[1m2026-04-12 14:40:00.184 [INFO] strategy.window_tracker: new window: btc-updown-5m-1776004800 (ts=1776004800)[0m
2026-04-12 14:40:00.198 [INFO] strategy.window_tracker: Gamma priceToBeat not yet available for btc-updown-5m-1776004800 — fetching in background
[96m2026-04-12 14:40:00.282 [INFO] strategy.window_handler: REGIME vol_stddev=0.116% chop_flips=3.8 outcome=3U/3D over 6w sprt=dormant llr=0.80 age=16w bankroll=$717.51[0m
[96m2026-04-12 14:40:00.282 [INFO] strategy.window_handler: KELLY wr_adj=80.7% base=84.6% total_disc=0.9% vol=7.8% chop=0.0% outcome=0.0% feedback=+0.0%[0m
[96m2026-04-12 14:40:00.284 [WARNING] __main__: window open price captured: 70946.13 (RTDS boundary fallback, oracle_age=2000ms)[0m
[96m2026-04-12 14:40:00.284 [INFO] __main__: window open price captured: 70912.01 (binance)[0m
2026-04-12 14:40:00.285 [INFO] strategy.momentum_signal: momentum_signal: waiting for full market data
2026-04-12 14:40:00.678 [INFO] market_data.clob_market_ws: CLOB market subscribed for tokens up=176068410344 down=732118546335
[2m2026-04-12 14:40:30.218 [INFO] __main__: STATUS t=270s delta=0.0067% dir=up agree=False chain=70950.86 bin=70925.51 open=70946.13 obi=-0.2924 ask_up=0.59 ask_dn=0.42 bid_up=0.58 bid_dn=0.41 halted=False[0m
2026-04-12 14:40:50.052 [INFO] strategy.momentum_signal: signal_eval rank=2 side=down latest_pct=-0.1039 stddev=0.0294 n=30 min_delta=0.08 max_var=0.050
[96m2026-04-12 14:40:50.052 [INFO] strategy.momentum_signal: KELLY sizing: p_adj=0.807 base=0.816 total_disc=0.009 vol=0.078 chop=0.000 outcome=0.000 feedback=+0.000[0m
[96m2026-04-12 14:40:50.052 [INFO] strategy.momentum_signal: KELLY bet: entry=0.75 raw_f=0.227 frac_f=0.057 bankroll=$717.51 kelly_bet=$35.88 sprt=1.00 final=$35.88[0m
[92m[1m2026-04-12 14:40:50.052 [INFO] strategy.momentum_signal: FIRED rank=2 side=down t=249.9s dir=-0.1039% stddev=0.0294% n=30 oos_wr=84.6% bh_p=1.82e-05 avg_entry=0.76 ask=0.75 size=$35.88[0m
2026-04-12 14:40:50.052 [INFO] execution.paper_trading: paper momentum2 maker: id=paper-4 price=0.74 size=48.4865 [resting]
2026-04-12 14:40:50.052 [INFO] strategy.momentum_signal: MAKER PLACED rank=2 side=down price=0.74 (ask=0.75 -1tick) size=$35.88 timeout=3s
[92m[1m2026-04-12 14:40:52.561 [INFO] execution.paper_trading: paper momentum2 maker fill: id=paper-4 price=0.74[0m
2026-04-12 14:40:52.562 [INFO] strategy.momentum_signal: MAKER FILLED rank=2 side=down price=0.74 size=$35.88
2026-04-12 14:40:52.813 [INFO] strategy.momentum_signal: post-fire erosion: rank=2 erosion=0.1573 ema=0.1573 cusum=0.000/0.800 threshold=0.5843 fire=-0.1039% current=-0.0876%
2026-04-12 14:40:53.816 [INFO] strategy.momentum_signal: post-fire erosion: rank=2 erosion=0.3722 ema=0.1874 cusum=0.000/0.800 threshold=0.5843 fire=-0.1039% current=-0.0653%
[2m2026-04-12 14:41:00.351 [INFO] __main__: STATUS t=240s delta=-0.0359% dir=down agree=True chain=70920.65 bin=70897.91 open=70946.13 obi=-0.0352 ask_up=0.42 ask_dn=0.60 bid_up=0.40 bid_dn=0.58 halted=False[0m
2026-04-12 14:41:03.873 [INFO] strategy.momentum_signal: post-fire erosion: rank=2 erosion=0.3722 ema=0.3631 cusum=0.000/0.800 threshold=0.5843 fire=-0.1039% current=-0.0653%
2026-04-12 14:41:13.920 [INFO] strategy.momentum_signal: post-fire erosion: rank=2 erosion=0.3722 ema=0.3720 cusum=0.000/0.800 threshold=0.5843 fire=-0.1039% current=-0.0653%
2026-04-12 14:41:15.425 [INFO] strategy.momentum_signal: post-fire erosion: rank=2 erosion=0.5234 ema=0.4316 cusum=0.000/0.800 threshold=0.5843 fire=-0.1039% current=-0.0495%
2026-04-12 14:41:17.685 [INFO] strategy.momentum_signal: post-fire erosion: rank=2 erosion=0.7341 ema=0.5089 cusum=0.000/0.800 threshold=0.5843 fire=-0.1039% current=-0.0276%
2026-04-12 14:41:19.696 [INFO] strategy.momentum_signal: post-fire erosion: rank=2 erosion=0.8593 ema=0.6872 cusum=0.099/0.800 threshold=0.5843 fire=-0.1039% current=-0.0146%
2026-04-12 14:41:19.947 [INFO] strategy.momentum_signal: post-fire erosion: rank=2 erosion=0.8593 ema=0.7044 cusum=0.170/0.800 threshold=0.5843 fire=-0.1039% current=-0.0146%
2026-04-12 14:41:20.198 [INFO] strategy.momentum_signal: post-fire erosion: rank=2 erosion=0.8593 ema=0.7199 cusum=0.255/0.800 threshold=0.5843 fire=-0.1039% current=-0.0146%
2026-04-12 14:41:20.450 [INFO] strategy.momentum_signal: post-fire erosion: rank=2 erosion=0.8593 ema=0.7339 cusum=0.355/0.800 threshold=0.5843 fire=-0.1039% current=-0.0146%
2026-04-12 14:41:20.702 [INFO] strategy.momentum_signal: post-fire erosion: rank=2 erosion=0.8593 ema=0.7464 cusum=0.467/0.800 threshold=0.5843 fire=-0.1039% current=-0.0146%
[93m2026-04-12 14:41:20.953 [WARNING] strategy.momentum_signal: EROSION PANIC: rank=2 erosion=0.9556 > panic=0.8765 (1.5x threshold=0.5843) fire=-0.1039% current=-0.0046%[0m
2026-04-12 14:41:20.954 [INFO] strategy.momentum_signal: EARLY EXIT TRIGGERED: rank=2 side=down erosion=0.9556 threshold=0.5843 cusum=0.467 fire=-0.1039% current=-0.0046% sell_bid=0.31 entry=0.74 — post-fire erosion PANIC — catastrophic reversal
2026-04-12 14:41:20.954 [INFO] execution.paper_trading: EARLY EXIT: sell_price=0.31 size=48.49 pnl=-20.8492 balance=$928.59 orders=1
[2m2026-04-12 14:41:30.491 [INFO] __main__: STATUS t=210s delta=0.0568% dir=up agree=False chain=70986.45 bin=70935.00 open=70946.13 obi=-0.9969 ask_up=0.77 ask_dn=0.24 bid_up=0.76 bid_dn=0.23 halted=False[0m
[2m2026-04-12 14:42:00.613 [INFO] __main__: STATUS t=179s delta=-0.0847% dir=down agree=True chain=70886.03 bin=70873.92 open=70946.13 obi=-0.9588 ask_up=0.24 ask_dn=0.77 bid_up=0.23 bid_dn=0.76 halted=False[0m
[2m2026-04-12 14:42:30.704 [INFO] __main__: STATUS t=149s delta=-0.1197% dir=down agree=True chain=70861.23 bin=70834.17 open=70946.13 obi=-0.8066 ask_up=0.13 ask_dn=0.88 bid_up=0.12 bid_dn=0.87 halted=False[0m
[2m2026-04-12 14:43:00.831 [INFO] __main__: STATUS t=119s delta=-0.1748% dir=down agree=True chain=70822.11 bin=70796.71 open=70946.13 obi=0.6015 ask_up=0.07 ask_dn=0.94 bid_up=0.06 bid_dn=0.93 halted=False[0m
[2m2026-04-12 14:43:30.968 [INFO] __main__: STATUS t=89s delta=-0.1766% dir=down agree=True chain=70820.86 bin=70796.00 open=70946.13 obi=0.5567 ask_up=0.04 ask_dn=0.97 bid_up=0.03 bid_dn=0.96 halted=False[0m
[2m2026-04-12 14:44:01.110 [INFO] __main__: STATUS t=59s delta=-0.0983% dir=down agree=True chain=70876.42 bin=70858.30 open=70946.13 obi=0.9288 ask_up=0.11 ask_dn=0.90 bid_up=0.10 bid_dn=0.89 halted=False[0m
[2m2026-04-12 14:44:31.323 [INFO] __main__: STATUS t=29s delta=-0.1258% dir=down agree=True chain=70856.90 bin=70830.01 open=70946.13 obi=0.9003 ask_up=0.01 ask_dn=1.00 bid_up=0.01 bid_dn=0.99 halted=False[0m
[91m[1m2026-04-12 14:45:00.220 [INFO] execution.paper_trading: paper window_ts=1776004800 [LOSS] pnl=-20.8492 direction=down outcome=down rule#2(fill) balance=$928.59 bid_up=0.01 ask_up=0.01 bid_dn=0.99 ask_dn=1.00[0m
[93m[1m2026-04-12 14:45:00.221 [INFO] risk.position_tracker: WINDOW_SUMMARY window_pnl=$-20.8492 session_pnl=$-90.3888 won=$29.1067 lost=$119.4955 wr=50.0% (5/10) consec_losses=3[0m
[96m2026-04-12 14:45:00.222 [INFO] strategy.window_handler: REGIME chop_detected flips=4 delta_range=0.2642% avg_flips=3.0 over=6_windows[0m
[91m[1m2026-04-12 14:45:00.226 [INFO] strategy.window_handler: WINDOW_DECISION [LOSS] rank=2 side=down pnl=$-20.8492 entry=0.74 size=$35.88[0m
[96m[1m2026-04-12 14:45:00.227 [INFO] strategy.window_tracker: new window: btc-updown-5m-1776005100 (ts=1776005100)[0m
2026-04-12 14:45:00.236 [INFO] strategy.window_tracker: Gamma priceToBeat not yet available for btc-updown-5m-1776005100 — fetching in background
[96m2026-04-12 14:45:00.268 [INFO] strategy.window_handler: REGIME vol_stddev=0.116% chop_flips=3.0 outcome=3U/3D over 6w sprt=dormant llr=1.20 age=17w bankroll=$681.38[0m
[96m2026-04-12 14:45:00.268 [INFO] strategy.window_handler: KELLY wr_adj=80.6% base=84.6% total_disc=1.0% vol=8.2% chop=0.0% outcome=0.0% feedback=+0.0%[0m
[96m2026-04-12 14:45:00.268 [WARNING] __main__: window open price captured: 70874.63 (RTDS boundary fallback, oracle_age=1000ms)[0m
[96m2026-04-12 14:45:00.268 [INFO] __main__: window open price captured: 70844.92 (binance)[0m
2026-04-12 14:45:00.269 [INFO] strategy.momentum_signal: momentum_signal: waiting for full market data
2026-04-12 14:45:00.887 [INFO] market_data.clob_market_ws: CLOB market subscribed for tokens up=194900698207 down=433548938490
[2m2026-04-12 14:45:01.528 [INFO] __main__: STATUS t=298s delta=0.0007% dir=up agree=False chain=70875.12 bin=70850.76 open=70874.63 obi=0.9655 ask_up=0.56 ask_dn=0.45 bid_up=0.55 bid_dn=0.44 halted=False[0m
[2m2026-04-12 14:45:31.661 [INFO] __main__: STATUS t=268s delta=-0.0363% dir=down agree=True chain=70848.92 bin=70825.66 open=70874.63 obi=-0.7914 ask_up=0.41 ask_dn=0.60 bid_up=0.40 bid_dn=0.59 halted=False[0m
2026-04-12 14:45:50.241 [INFO] strategy.momentum_signal: signal_eval rank=2 side=down latest_pct=-0.0644 stddev=0.0061 n=30 min_delta=0.08 max_var=0.050
[37m2026-04-12 14:45:50.241 [INFO] strategy.momentum_signal: [SKIP] rank=2 side=down reason=conditions_not_met latest_pct=-0.0644 need=<=-0.08 stddev=0.0061 max_var=0.050[0m
[2m2026-04-12 14:46:01.803 [INFO] __main__: STATUS t=238s delta=-0.0221% dir=down agree=True chain=70858.96 bin=70837.99 open=70874.63 obi=0.7952 ask_up=0.49 ask_dn=0.52 bid_up=0.48 bid_dn=0.51 halted=False[0m
[2m2026-04-12 14:46:31.935 [INFO] __main__: STATUS t=208s delta=0.0174% dir=up agree=False chain=70886.98 bin=70861.07 open=70874.63 obi=0.7178 ask_up=0.64 ask_dn=0.37 bid_up=0.63 bid_dn=0.36 halted=False[0m
[2m2026-04-12 14:47:02.094 [INFO] __main__: STATUS t=178s delta=0.0289% dir=up agree=False chain=70895.13 bin=70872.38 open=70874.63 obi=0.9202 ask_up=0.70 ask_dn=0.31 bid_up=0.69 bid_dn=0.30 halted=False[0m
[2m2026-04-12 14:47:32.216 [INFO] __main__: STATUS t=148s delta=-0.0565% dir=down agree=True chain=70834.56 bin=70804.43 open=70874.63 obi=-0.9921 ask_up=0.25 ask_dn=0.76 bid_up=0.24 bid_dn=0.75 halted=False[0m
[2m2026-04-12 14:48:02.348 [INFO] __main__: STATUS t=118s delta=-0.0885% dir=down agree=True chain=70811.90 bin=70794.00 open=70874.63 obi=0.9983 ask_up=0.19 ask_dn=0.82 bid_up=0.18 bid_dn=0.81 halted=False[0m
[2m2026-04-12 14:48:32.476 [INFO] __main__: STATUS t=88s delta=-0.1064% dir=down agree=True chain=70799.19 bin=70775.23 open=70874.63 obi=0.9970 ask_up=0.08 ask_dn=0.93 bid_up=0.07 bid_dn=0.92 halted=False[0m
[2m2026-04-12 14:49:02.607 [INFO] __main__: STATUS t=57s delta=-0.0738% dir=down agree=True chain=70822.32 bin=70802.64 open=70874.63 obi=-0.6036 ask_up=0.08 ask_dn=0.93 bid_up=0.07 bid_dn=0.92 halted=False[0m
[2m2026-04-12 14:49:32.743 [INFO] __main__: STATUS t=27s delta=-0.1043% dir=down agree=True chain=70800.69 bin=70775.22 open=70874.63 obi=-0.0079 ask_up=0.01 ask_dn=1.00 bid_up=0.01 bid_dn=0.99 halted=False[0m
2026-04-12 14:49:35.087 [INFO] shared.ipc: IPC: received authenticated signal_update (summary=signals_summary_1776005376.json)
2026-04-12 14:49:35.087 [INFO] __main__: received new signal from orchestrator: rank=1 side=Down
[37m2026-04-12 14:50:00.125 [INFO] execution.paper_trading: paper window_ts=1776005100 [SKIP] pnl=0.0000 direction=down outcome=down - balance=$928.59 bid_up=0.01 ask_up=0.01 bid_dn=0.99 ask_dn=1.00[0m
[93m[1m2026-04-12 14:50:00.134 [INFO] risk.position_tracker: WINDOW_SUMMARY window_pnl=$0.0000 session_pnl=$-90.3888 won=$29.1067 lost=$119.4955 wr=50.0% (5/10) consec_losses=3[0m
[96m2026-04-12 14:50:00.139 [INFO] strategy.window_handler: REGIME chop_detected flips=3 delta_range=0.1515% avg_flips=3.3 over=6_windows[0m
[37m2026-04-12 14:50:00.143 [INFO] strategy.window_handler: WINDOW_DECISION [SKIP] rank=2 side=down pnl=$0.0000 entry=0.00 size=$0.00 (conditions not met)[0m
2026-04-12 14:50:00.143 [INFO] strategy.window_handler: Signal changed: down_280.0_250.0_0.08_0.05 -> down_280.0_190.0_0.09_0.05 (age was 18 windows)
2026-04-12 14:50:00.143 [INFO] strategy.window_handler: SIGNAL_SWAP_ACTIVE: {"rank":1,"side":"down","observeFromS":280.0,"observeToS":190.0,"minDeltaPct":0.09,"maxVariancePct":0.05,"trainWinRatePct":82.09,"oosWinRatePct":94.87,"oosBhAdjustedPValue":3.63317e-06,"oosMatches":39,"avgEntryPrice":0.851,"evPerTrade":0.0677,"smartScore":5.3,"wfFoldsAppeared":5,"wfTotalTestFolds":6,"wfFoldIndices":[2,3,5,6,7]}
2026-04-12 14:50:00.144 [INFO] strategy.window_handler: switched to new signal: #1 down (previous: #2 down)
[96m[1m2026-04-12 14:50:00.144 [INFO] strategy.window_tracker: new window: btc-updown-5m-1776005400 (ts=1776005400)[0m
2026-04-12 14:50:00.165 [INFO] strategy.window_tracker: Gamma priceToBeat not yet available for btc-updown-5m-1776005400 — fetching in background
[96m2026-04-12 14:50:00.204 [INFO] strategy.window_handler: REGIME vol_stddev=0.117% chop_flips=3.3 outcome=2U/4D over 6w sprt=dormant llr=0.00 age=0w bankroll=$681.38[0m
[96m2026-04-12 14:50:00.204 [INFO] strategy.window_handler: KELLY wr_adj=90.9% base=94.9% total_disc=1.0% vol=8.5% chop=0.0% outcome=0.0% feedback=+0.0%[0m
[96m2026-04-12 14:50:00.205 [WARNING] __main__: window open price captured: 70793.86 (RTDS boundary fallback, oracle_age=2000ms)[0m
[96m2026-04-12 14:50:00.205 [INFO] __main__: window open price captured: 70766.05 (binance)[0m
2026-04-12 14:50:00.205 [INFO] strategy.momentum_signal: momentum_signal: waiting for full market data
2026-04-12 14:50:01.111 [INFO] market_data.clob_market_ws: CLOB market subscribed for tokens up=103247465665 down=761460267958
[2m2026-04-12 14:50:02.766 [INFO] __main__: STATUS t=297s delta=-0.0068% dir=down agree=True chain=70789.05 bin=70772.23 open=70793.86 obi=-0.0101 ask_up=0.55 ask_dn=0.46 bid_up=0.54 bid_dn=0.45 halted=False[0m
[2m2026-04-12 14:50:32.907 [INFO] __main__: STATUS t=267s delta=-0.0131% dir=down agree=True chain=70784.59 bin=70760.01 open=70793.86 obi=0.3261 ask_up=0.52 ask_dn=0.49 bid_up=0.51 bid_dn=0.48 halted=False[0m
[2m2026-04-12 14:51:03.041 [INFO] __main__: STATUS t=237s delta=0.0199% dir=up agree=False chain=70807.98 bin=70789.01 open=70793.86 obi=0.3333 ask_up=0.67 ask_dn=0.34 bid_up=0.66 bid_dn=0.33 halted=False[0m
[2m2026-04-12 14:51:33.175 [INFO] __main__: STATUS t=207s delta=0.0323% dir=up agree=False chain=70816.74 bin=70790.01 open=70793.86 obi=-0.8858 ask_up=0.63 ask_dn=0.38 bid_up=0.62 bid_dn=0.37 halted=False[0m
2026-04-12 14:51:50.245 [INFO] strategy.momentum_signal: signal_eval rank=1 side=down latest_pct=-0.0268 stddev=0.0248 n=90 min_delta=0.09 max_var=0.050
[37m2026-04-12 14:51:50.246 [INFO] strategy.momentum_signal: [SKIP] rank=1 side=down reason=conditions_not_met latest_pct=-0.0268 need=<=-0.09 stddev=0.0248 max_var=0.050[0m
[2m2026-04-12 14:52:03.343 [INFO] __main__: STATUS t=177s delta=0.0125% dir=up agree=False chain=70802.72 bin=70778.61 open=70793.86 obi=0.9971 ask_up=0.61 ask_dn=0.40 bid_up=0.60 bid_dn=0.39 halted=False[0m
[2m2026-04-12 14:52:33.473 [INFO] __main__: STATUS t=147s delta=-0.0021% dir=down agree=True chain=70792.34 bin=70769.21 open=70793.86 obi=0.9984 ask_up=0.53 ask_dn=0.49 bid_up=0.51 bid_dn=0.47 halted=False[0m
[2m2026-04-12 14:53:03.630 [INFO] __main__: STATUS t=116s delta=-0.0166% dir=down agree=True chain=70782.11 bin=70764.60 open=70793.86 obi=-0.7986 ask_up=0.45 ask_dn=0.56 bid_up=0.44 bid_dn=0.55 halted=False[0m
[2m2026-04-12 14:53:33.759 [INFO] __main__: STATUS t=86s delta=-0.0439% dir=down agree=True chain=70762.80 bin=70736.33 open=70793.86 obi=0.2988 ask_up=0.20 ask_dn=0.81 bid_up=0.19 bid_dn=0.80 halted=False[0m
[2m2026-04-12 14:54:03.941 [INFO] __main__: STATUS t=56s delta=-0.0448% dir=down agree=True chain=70762.12 bin=70741.68 open=70793.86 obi=-0.7684 ask_up=0.16 ask_dn=0.85 bid_up=0.15 bid_dn=0.84 halted=False[0m
[2m2026-04-12 14:54:34.068 [INFO] __main__: STATUS t=26s delta=-0.0480% dir=down agree=True chain=70759.90 bin=70741.68 open=70793.86 obi=-0.9044 ask_up=0.04 ask_dn=0.97 bid_up=0.03 bid_dn=0.96 halted=False[0m
[37m2026-04-12 14:55:00.189 [INFO] execution.paper_trading: paper window_ts=1776005400 [SKIP] pnl=0.0000 direction=down outcome=down - balance=$928.59 bid_up=0.02 ask_up=0.01 bid_dn=0.99 ask_dn=1.00[0m
[93m[1m2026-04-12 14:55:00.189 [INFO] risk.position_tracker: WINDOW_SUMMARY window_pnl=$0.0000 session_pnl=$-90.3888 won=$29.1067 lost=$119.4955 wr=50.0% (5/10) consec_losses=3[0m
[96m2026-04-12 14:55:00.191 [INFO] strategy.window_handler: REGIME chop_detected flips=6 delta_range=0.1374% avg_flips=3.8 over=6_windows[0m
[37m2026-04-12 14:55:00.195 [INFO] strategy.window_handler: WINDOW_DECISION [SKIP] rank=1 side=down pnl=$0.0000 entry=0.00 size=$0.00 (conditions not met)[0m
[96m[1m2026-04-12 14:55:00.195 [INFO] strategy.window_tracker: new window: btc-updown-5m-1776005700 (ts=1776005700)[0m
2026-04-12 14:55:00.204 [INFO] strategy.window_tracker: Gamma priceToBeat not yet available for btc-updown-5m-1776005700 — fetching in background
[96m2026-04-12 14:55:00.265 [INFO] strategy.window_handler: REGIME vol_stddev=0.090% chop_flips=3.8 outcome=1U/5D over 6w sprt=dormant llr=0.00 age=1w bankroll=$681.38[0m
[96m2026-04-12 14:55:00.265 [WARNING] __main__: window open price captured: 70745.31 (RTDS boundary fallback, oracle_age=2000ms)[0m
[96m2026-04-12 14:55:00.265 [INFO] __main__: window open price captured: 70725.87 (binance)[0m
2026-04-12 14:55:00.266 [INFO] strategy.momentum_signal: momentum_signal: waiting for full market data
2026-04-12 14:55:00.300 [INFO] market_data.clob_market_ws: CLOB market subscribed for tokens up=269602454076 down=978585874101
[2m2026-04-12 14:55:04.302 [INFO] __main__: STATUS t=296s delta=-0.0049% dir=down agree=True chain=70741.85 bin=70718.78 open=70745.31 obi=-0.4475 ask_up=0.54 ask_dn=0.47 bid_up=0.53 bid_dn=0.46 halted=False[0m
[2m2026-04-12 14:55:34.430 [INFO] __main__: STATUS t=266s delta=0.0248% dir=up agree=False chain=70762.86 bin=70741.70 open=70745.31 obi=0.9993 ask_up=0.70 ask_dn=0.31 bid_up=0.69 bid_dn=0.30 halted=False[0m
[2m2026-04-12 14:56:04.574 [INFO] __main__: STATUS t=235s delta=0.0581% dir=up agree=True chain=70786.41 bin=70762.56 open=70745.31 obi=-0.4749 ask_up=0.73 ask_dn=0.28 bid_up=0.72 bid_dn=0.27 halted=False[0m
[2m2026-04-12 14:56:34.699 [INFO] __main__: STATUS t=205s delta=0.0553% dir=up agree=True chain=70784.40 bin=70762.57 open=70745.31 obi=-0.3346 ask_up=0.77 ask_dn=0.24 bid_up=0.76 bid_dn=0.23 halted=False[0m
2026-04-12 14:56:50.021 [INFO] strategy.momentum_signal: signal_eval rank=1 side=down latest_pct=0.0244 stddev=0.0249 n=90 min_delta=0.09 max_var=0.050
[37m2026-04-12 14:56:50.021 [INFO] strategy.momentum_signal: [SKIP] rank=1 side=down reason=conditions_not_met latest_pct=0.0244 need=<=-0.09 stddev=0.0249 max_var=0.050[0m
[2m2026-04-12 14:57:04.843 [INFO] __main__: STATUS t=175s delta=0.0881% dir=up agree=True chain=70807.67 bin=70803.67 open=70745.31 obi=0.8543 ask_up=0.94 ask_dn=0.07 bid_up=0.93 bid_dn=0.06 halted=False[0m
[2m2026-04-12 14:57:34.970 [INFO] __main__: STATUS t=145s delta=0.0985% dir=up agree=True chain=70814.98 bin=70790.01 open=70745.31 obi=-0.7200 ask_up=0.90 ask_dn=0.11 bid_up=0.89 bid_dn=0.10 halted=False[0m
[2m2026-04-12 14:58:05.117 [INFO] __main__: STATUS t=115s delta=0.0969% dir=up agree=True chain=70813.86 bin=70789.93 open=70745.31 obi=-0.0930 ask_up=0.94 ask_dn=0.07 bid_up=0.93 bid_dn=0.06 halted=False[0m
[2m2026-04-12 14:58:35.255 [INFO] __main__: STATUS t=85s delta=0.0792% dir=up agree=True chain=70801.33 bin=70777.50 open=70745.31 obi=-0.4287 ask_up=0.94 ask_dn=0.07 bid_up=0.93 bid_dn=0.06 halted=False[0m
[2m2026-04-12 14:59:05.387 [INFO] __main__: STATUS t=55s delta=0.0678% dir=up agree=True chain=70793.29 bin=70768.03 open=70745.31 obi=-0.9970 ask_up=0.96 ask_dn=0.05 bid_up=0.95 bid_dn=0.04 halted=False[0m
[2m2026-04-12 14:59:35.523 [INFO] __main__: STATUS t=24s delta=0.0576% dir=up agree=True chain=70786.08 bin=70762.56 open=70745.31 obi=0.3262 ask_up=0.98 ask_dn=0.03 bid_up=0.97 bid_dn=0.02 halted=False[0m
[37m2026-04-12 15:00:00.143 [INFO] execution.paper_trading: paper window_ts=1776005700 [SKIP] pnl=0.0000 direction=up outcome=up - balance=$928.59 bid_up=0.99 ask_up=1.00 bid_dn=0.01 ask_dn=0.01[0m
[93m[1m2026-04-12 15:00:00.143 [INFO] risk.position_tracker: WINDOW_SUMMARY window_pnl=$0.0000 session_pnl=$-90.3888 won=$29.1067 lost=$119.4955 wr=50.0% (5/10) consec_losses=3[0m
[37m2026-04-12 15:00:00.151 [INFO] strategy.window_handler: WINDOW_DECISION [SKIP] rank=1 side=down pnl=$0.0000 entry=0.00 size=$0.00 (conditions not met)[0m
[96m[1m2026-04-12 15:00:00.151 [INFO] strategy.window_tracker: new window: btc-updown-5m-1776006000 (ts=1776006000)[0m
2026-04-12 15:00:00.162 [INFO] strategy.window_tracker: Gamma priceToBeat not yet available for btc-updown-5m-1776006000 — fetching in background
[96m2026-04-12 15:00:00.201 [INFO] strategy.window_handler: REGIME vol_stddev=0.090% chop_flips=3.5 outcome=1U/5D over 6w sprt=dormant llr=0.00 age=2w bankroll=$681.38[0m
[96m2026-04-12 15:00:00.201 [WARNING] __main__: window open price captured: 70766.88 (RTDS boundary fallback, oracle_age=2000ms)[0m
[96m2026-04-12 15:00:00.201 [INFO] __main__: window open price captured: 70748.34 (binance)[0m
2026-04-12 15:00:00.202 [INFO] strategy.momentum_signal: momentum_signal: waiting for full market data
2026-04-12 15:00:00.516 [INFO] market_data.clob_market_ws: CLOB market subscribed for tokens up=818723223736 down=222126100863
[2m2026-04-12 15:00:05.559 [INFO] __main__: STATUS t=294s delta=0.0213% dir=up agree=False chain=70781.95 bin=70759.83 open=70766.88 obi=-0.4336 ask_up=0.59 ask_dn=0.42 bid_up=0.58 bid_dn=0.41 halted=False[0m
[2m2026-04-12 15:00:35.686 [INFO] __main__: STATUS t=264s delta=0.0236% dir=up agree=False chain=70783.60 bin=70759.82 open=70766.88 obi=-0.2969 ask_up=0.60 ask_dn=0.41 bid_up=0.59 bid_dn=0.40 halted=False[0m
[2m2026-04-12 15:01:05.849 [INFO] __main__: STATUS t=234s delta=0.0244% dir=up agree=False chain=70784.17 bin=70759.62 open=70766.88 obi=-0.0389 ask_up=0.60 ask_dn=0.41 bid_up=0.59 bid_dn=0.40 halted=False[0m
[2m2026-04-12 15:01:35.979 [INFO] __main__: STATUS t=204s delta=0.0670% dir=up agree=True chain=70814.29 bin=70796.05 open=70766.88 obi=0.6907 ask_up=0.79 ask_dn=0.22 bid_up=0.78 bid_dn=0.21 halted=False[0m
2026-04-12 15:01:50.040 [INFO] strategy.momentum_signal: signal_eval rank=1 side=down latest_pct=-0.0026 stddev=0.0217 n=90 min_delta=0.09 max_var=0.050
[37m2026-04-12 15:01:50.040 [INFO] strategy.momentum_signal: [SKIP] rank=1 side=down reason=conditions_not_met latest_pct=-0.0026 need=<=-0.09 stddev=0.0217 max_var=0.050[0m
[2m2026-04-12 15:02:06.112 [INFO] __main__: STATUS t=174s delta=0.0216% dir=up agree=False chain=70782.16 bin=70763.02 open=70766.88 obi=0.9025 ask_up=0.65 ask_dn=0.36 bid_up=0.64 bid_dn=0.35 halted=False[0m
[2m2026-04-12 15:02:36.232 [INFO] __main__: STATUS t=144s delta=0.0246% dir=up agree=True chain=70784.32 bin=70773.51 open=70766.88 obi=0.9983 ask_up=0.60 ask_dn=0.41 bid_up=0.59 bid_dn=0.40 halted=False[0m
[2m2026-04-12 15:03:06.359 [INFO] __main__: STATUS t=114s delta=0.0580% dir=up agree=True chain=70807.95 bin=70789.58 open=70766.88 obi=-0.7268 ask_up=0.84 ask_dn=0.17 bid_up=0.83 bid_dn=0.16 halted=False[0m
[2m2026-04-12 15:03:36.486 [INFO] __main__: STATUS t=84s delta=0.0818% dir=up agree=True chain=70824.76 bin=70805.35 open=70766.88 obi=0.7999 ask_up=0.99 ask_dn=0.99 bid_up=0.01 bid_dn=0.01 halted=False[0m
[2m2026-04-12 15:04:06.627 [INFO] __main__: STATUS t=53s delta=0.0792% dir=up agree=True chain=70822.93 bin=70790.01 open=70766.88 obi=-0.9702 ask_up=0.91 ask_dn=0.10 bid_up=0.90 bid_dn=0.09 halted=False[0m
[2m2026-04-12 15:04:36.760 [INFO] __main__: STATUS t=23s delta=0.0577% dir=up agree=True chain=70807.73 bin=70790.01 open=70766.88 obi=-0.7125 ask_up=0.99 ask_dn=0.02 bid_up=0.98 bid_dn=0.01 halted=False[0m
2026-04-12 15:04:40.502 [INFO] shared.ipc: IPC: received authenticated signal_update (summary=signals_summary_1776006282.json)
2026-04-12 15:04:40.502 [INFO] __main__: received new signal from orchestrator: rank=2 side=Down
[37m2026-04-12 15:05:00.119 [INFO] execution.paper_trading: paper window_ts=1776006000 [SKIP] pnl=0.0000 direction=up outcome=up - balance=$928.59 bid_up=0.99 ask_up=1.00 bid_dn=0.01 ask_dn=0.01[0m
[93m[1m2026-04-12 15:05:00.119 [INFO] risk.position_tracker: WINDOW_SUMMARY window_pnl=$0.0000 session_pnl=$-90.3888 won=$29.1067 lost=$119.4955 wr=50.0% (5/10) consec_losses=3[0m
[37m2026-04-12 15:05:00.129 [INFO] strategy.window_handler: WINDOW_DECISION [SKIP] rank=1 side=down pnl=$0.0000 entry=0.00 size=$0.00 (conditions not met)[0m
[95m2026-04-12 15:05:00.130 [INFO] strategy.window_handler: Signal refreshed (same pattern): down_280.0_190.0_0.09_0.05 — rank 1->2, keeping SPRT state (age=3w, trades=0, LLR=0.00)[0m
2026-04-12 15:05:00.130 [INFO] strategy.window_handler: SIGNAL_SWAP_ACTIVE: {"rank":2,"side":"down","observeFromS":280.0,"observeToS":190.0,"minDeltaPct":0.09,"maxVariancePct":0.05,"trainWinRatePct":81.82,"oosWinRatePct":94.59,"oosBhAdjustedPValue":4.10487e-06,"oosMatches":37,"avgEntryPrice":0.8481,"evPerTrade":0.0678,"smartScore":5.31,"wfFoldsAppeared":5,"wfTotalTestFolds":6,"wfFoldIndices":[2,3,5,6,7]}
2026-04-12 15:05:00.130 [INFO] strategy.window_handler: switched to new signal: #2 down (previous: #1 down)
[96m[1m2026-04-12 15:05:00.130 [INFO] strategy.window_tracker: new window: btc-updown-5m-1776006300 (ts=1776006300)[0m
2026-04-12 15:05:00.142 [INFO] strategy.window_tracker: Gamma priceToBeat not yet available for btc-updown-5m-1776006300 — fetching in background
[96m2026-04-12 15:05:00.206 [INFO] strategy.window_handler: REGIME vol_stddev=0.089% chop_flips=3.3 outcome=2U/4D over 6w sprt=dormant llr=0.00 age=3w bankroll=$681.38[0m
[96m2026-04-12 15:05:00.206 [WARNING] __main__: window open price captured: 70815.62 (RTDS boundary fallback, oracle_age=1000ms)[0m
[96m2026-04-12 15:05:00.206 [INFO] __main__: window open price captured: 70790.02 (binance)[0m
2026-04-12 15:05:00.207 [INFO] strategy.momentum_signal: momentum_signal: waiting for full market data
2026-04-12 15:05:00.734 [INFO] market_data.clob_market_ws: CLOB market subscribed for tokens up=486558577181 down=552196480235
[2m2026-04-12 15:05:06.988 [INFO] __main__: STATUS t=293s delta=-0.0024% dir=down agree=True chain=70813.93 bin=70790.02 open=70815.62 obi=-0.3132 ask_up=0.51 ask_dn=0.50 bid_up=0.50 bid_dn=0.49 halted=False[0m
[2m2026-04-12 15:05:37.114 [INFO] __main__: STATUS t=263s delta=-0.0092% dir=down agree=True chain=70809.13 bin=70790.02 open=70815.62 obi=-0.1218 ask_up=0.47 ask_dn=0.54 bid_up=0.46 bid_dn=0.53 halted=False[0m
[2m2026-04-12 15:06:07.317 [INFO] __main__: STATUS t=233s delta=-0.0546% dir=down agree=True chain=70776.96 bin=70750.01 open=70815.62 obi=-0.7971 ask_up=0.21 ask_dn=0.80 bid_up=0.20 bid_dn=0.79 halted=False[0m
[2m2026-04-12 15:06:37.450 [INFO] __main__: STATUS t=203s delta=-0.0658% dir=down agree=True chain=70769.01 bin=70748.83 open=70815.62 obi=0.6884 ask_up=0.23 ask_dn=0.78 bid_up=0.22 bid_dn=0.77 halted=False[0m
2026-04-12 15:06:50.007 [INFO] strategy.momentum_signal: signal_eval rank=2 side=down latest_pct=-0.0943 stddev=0.0265 n=90 min_delta=0.09 max_var=0.050
[96m2026-04-12 15:06:50.008 [INFO] strategy.momentum_signal: KELLY sizing: p_adj=0.916 base=0.916 total_disc=0.000 vol=0.000 chop=0.000 outcome=0.000 feedback=+0.000[0m
[96m2026-04-12 15:06:50.008 [INFO] strategy.momentum_signal: KELLY bet: entry=0.82 raw_f=0.533 frac_f=0.133 bankroll=$681.38 kelly_bet=$34.07 sprt=1.00 final=$34.07[0m
[92m[1m2026-04-12 15:06:50.008 [INFO] strategy.momentum_signal: FIRED rank=2 side=down t=190.0s dir=-0.0943% stddev=0.0265% n=90 oos_wr=94.6% bh_p=4.1e-06 avg_entry=0.85 ask=0.82 size=$34.07[0m
[91m[1m2026-04-12 15:06:50.008 [ERROR] risk.registry: KILL SWITCH: daily loss limit hit: -102.00 — trading halted[0m
[91m2026-04-12 15:06:50.008 [WARNING] execution.paper_trading: paper momentum2 blocked by risk limits[0m
2026-04-12 15:06:50.008 [INFO] strategy.momentum_signal: maker rejected rank=2 (price=0.81 ask=0.82), falling through to taker
[91m2026-04-12 15:06:50.008 [WARNING] execution.paper_trading: paper momentum2 blocked by risk limits[0m
[2m2026-04-12 15:07:07.588 [INFO] __main__: STATUS t=172s delta=-0.0707% dir=down agree=True chain=70765.57 bin=70750.24 open=70815.62 obi=0.2135 ask_up=0.20 ask_dn=0.81 bid_up=0.19 bid_dn=0.80 halted=True[0m
[2m2026-04-12 15:07:37.708 [INFO] __main__: STATUS t=142s delta=-0.0276% dir=down agree=True chain=70796.09 bin=70774.01 open=70815.62 obi=0.9993 ask_up=0.38 ask_dn=0.63 bid_up=0.37 bid_dn=0.62 halted=True[0m
[2m2026-04-12 15:08:07.840 [INFO] __main__: STATUS t=112s delta=-0.0207% dir=down agree=True chain=70800.93 bin=70782.40 open=70815.62 obi=-0.6969 ask_up=0.36 ask_dn=0.65 bid_up=0.35 bid_dn=0.64 halted=True[0m
[2m2026-04-12 15:08:37.960 [INFO] __main__: STATUS t=82s delta=-0.0133% dir=down agree=True chain=70806.17 bin=70782.41 open=70815.62 obi=0.8144 ask_up=0.39 ask_dn=0.62 bid_up=0.38 bid_dn=0.61 halted=True[0m
[2m2026-04-12 15:09:08.081 [INFO] __main__: STATUS t=52s delta=-0.0217% dir=down agree=True chain=70800.28 bin=70782.41 open=70815.62 obi=-0.7876 ask_up=0.16 ask_dn=0.85 bid_up=0.15 bid_dn=0.84 halted=True[0m
[2m2026-04-12 15:09:38.210 [INFO] __main__: STATUS t=22s delta=-0.0333% dir=down agree=True chain=70792.03 bin=70772.41 open=70815.62 obi=0.0576 ask_up=0.03 ask_dn=0.98 bid_up=0.02 bid_dn=0.97 halted=True[0m
[37m2026-04-12 15:10:00.048 [INFO] execution.paper_trading: paper window_ts=1776006300 [SKIP] pnl=0.0000 direction=down outcome=down - balance=$928.59 bid_up=0.01 ask_up=0.01 bid_dn=0.99 ask_dn=1.00[0m
[93m[1m2026-04-12 15:10:00.057 [INFO] risk.position_tracker: WINDOW_SUMMARY window_pnl=$0.0000 session_pnl=$-90.3888 won=$29.1067 lost=$119.4955 wr=50.0% (5/10) consec_losses=3[0m
[37m2026-04-12 15:10:00.062 [INFO] strategy.window_handler: WINDOW_DECISION [SKIP] rank=2 side=down pnl=$0.0000 entry=0.00 size=$0.00 (conditions not met)[0m
[96m[1m2026-04-12 15:10:00.062 [INFO] strategy.window_tracker: new window: btc-updown-5m-1776006600 (ts=1776006600)[0m
2026-04-12 15:10:00.073 [INFO] strategy.window_tracker: Gamma priceToBeat not yet available for btc-updown-5m-1776006600 — fetching in background
[96m2026-04-12 15:10:00.120 [INFO] strategy.window_handler: REGIME vol_stddev=0.083% chop_flips=2.5 outcome=2U/4D over 6w sprt=dormant llr=0.00 age=4w bankroll=$681.38[0m
[96m2026-04-12 15:10:00.120 [WARNING] __main__: window open price captured: 70789.78 (RTDS boundary fallback, oracle_age=1000ms)[0m
[96m2026-04-12 15:10:00.120 [INFO] __main__: window open price captured: 70772.40 (binance)[0m
2026-04-12 15:10:00.920 [INFO] market_data.clob_market_ws: CLOB market subscribed for tokens up=570755992573 down=785283635885
[2m2026-04-12 15:10:08.250 [INFO] __main__: STATUS t=292s delta=-0.0065% dir=down agree=True chain=70785.15 bin=70767.81 open=70789.78 obi=-0.6266 ask_up=0.45 ask_dn=0.56 bid_up=0.44 bid_dn=0.55 halted=True[0m
[2m2026-04-12 15:10:38.385 [INFO] __main__: STATUS t=262s delta=0.0048% dir=up agree=False chain=70793.15 bin=70772.39 open=70789.78 obi=0.8369 ask_up=0.58 ask_dn=0.43 bid_up=0.57 bid_dn=0.42 halted=True[0m
[2m2026-04-12 15:11:08.511 [INFO] __main__: STATUS t=231s delta=0.0162% dir=up agree=False chain=70801.28 bin=70781.36 open=70789.78 obi=-0.0769 ask_up=0.63 ask_dn=0.38 bid_up=0.62 bid_dn=0.37 halted=True[0m
[2m2026-04-12 15:11:38.628 [INFO] __main__: STATUS t=201s delta=0.0227% dir=up agree=True chain=70805.86 bin=70792.40 open=70789.78 obi=0.2413 ask_up=0.78 ask_dn=0.23 bid_up=0.77 bid_dn=0.22 halted=True[0m
[2m2026-04-12 15:12:08.752 [INFO] __main__: STATUS t=171s delta=0.0535% dir=up agree=True chain=70827.68 bin=70810.98 open=70789.78 obi=0.7345 ask_up=0.89 ask_dn=0.12 bid_up=0.88 bid_dn=0.11 halted=True[0m
[2m2026-04-12 15:12:38.876 [INFO] __main__: STATUS t=141s delta=0.0558% dir=up agree=True chain=70829.31 bin=70815.94 open=70789.78 obi=0.8170 ask_up=0.93 ask_dn=0.08 bid_up=0.92 bid_dn=0.07 halted=True[0m
[2m2026-04-12 15:13:09.005 [INFO] __main__: STATUS t=111s delta=0.0704% dir=up agree=True chain=70839.62 bin=70817.47 open=70789.78 obi=0.0489 ask_up=0.93 ask_dn=0.08 bid_up=0.92 bid_dn=0.07 halted=True[0m
[2m2026-04-12 15:13:39.128 [INFO] __main__: STATUS t=81s delta=0.0694% dir=up agree=True chain=70838.88 bin=70821.47 open=70789.78 obi=0.8147 ask_up=0.96 ask_dn=0.05 bid_up=0.95 bid_dn=0.04 halted=True[0m
[2m2026-04-12 15:14:09.291 [INFO] __main__: STATUS t=51s delta=0.0874% dir=up agree=True chain=70851.64 bin=70830.77 open=70789.78 obi=0.8238 ask_up=0.99 ask_dn=0.02 bid_up=0.98 bid_dn=0.01 halted=True[0m
[2m2026-04-12 15:14:39.433 [INFO] __main__: STATUS t=21s delta=0.0933% dir=up agree=True chain=70855.80 bin=70838.07 open=70789.78 obi=0.5223 ask_up=1.00 ask_dn=0.01 bid_up=0.99 bid_dn=0.01 halted=True[0m
[37m2026-04-12 15:15:00.028 [INFO] execution.paper_trading: paper window_ts=1776006600 [SKIP] pnl=0.0000 direction=up outcome=up - balance=$928.59 bid_up=0.99 ask_up=1.00 bid_dn=0.01 ask_dn=0.01[0m
[93m[1m2026-04-12 15:15:00.028 [INFO] risk.position_tracker: WINDOW_SUMMARY window_pnl=$0.0000 session_pnl=$-90.3888 won=$29.1067 lost=$119.4955 wr=50.0% (5/10) consec_losses=3[0m
[37m2026-04-12 15:15:00.035 [INFO] strategy.window_handler: WINDOW_DECISION [SKIP] rank=2 side=down pnl=$0.0000 entry=0.00 size=$0.00 (no fire)[0m
[96m[1m2026-04-12 15:15:00.035 [INFO] strategy.window_tracker: new window: btc-updown-5m-1776006900 (ts=1776006900)[0m
2026-04-12 15:15:00.044 [INFO] strategy.window_tracker: Gamma priceToBeat not yet available for btc-updown-5m-1776006900 — fetching in background
[96m2026-04-12 15:15:00.112 [INFO] strategy.window_handler: REGIME vol_stddev=0.078% chop_flips=1.8 outcome=3U/3D over 6w sprt=dormant llr=0.00 age=5w bankroll=$681.38[0m
[96m2026-04-12 15:15:00.112 [WARNING] __main__: window open price captured: 70856.86 (RTDS boundary fallback, oracle_age=1000ms)[0m
[96m2026-04-12 15:15:00.112 [INFO] __main__: window open price captured: 70838.08 (binance)[0m
2026-04-12 15:15:00.147 [INFO] market_data.clob_market_ws: CLOB market subscribed for tokens up=977500968624 down=872575143917
[2m2026-04-12 15:15:09.664 [INFO] __main__: STATUS t=290s delta=0.0114% dir=up agree=False chain=70864.91 bin=70842.48 open=70856.86 obi=0.7696 ask_up=0.57 ask_dn=0.44 bid_up=0.56 bid_dn=0.43 halted=True[0m
[2m2026-04-12 15:15:39.785 [INFO] __main__: STATUS t=260s delta=0.0084% dir=up agree=False chain=70862.84 bin=70844.51 open=70856.86 obi=0.2002 ask_up=0.55 ask_dn=0.46 bid_up=0.54 bid_dn=0.45 halted=True[0m
[2m2026-04-12 15:16:09.928 [INFO] __main__: STATUS t=230s delta=0.0125% dir=up agree=False chain=70865.74 bin=70850.00 open=70856.86 obi=0.5240 ask_up=0.67 ask_dn=0.34 bid_up=0.66 bid_dn=0.33 halted=True[0m
[2m2026-04-12 15:16:40.059 [INFO] __main__: STATUS t=200s delta=-0.0007% dir=down agree=True chain=70856.37 bin=70838.08 open=70856.86 obi=-0.2075 ask_up=0.49 ask_dn=0.52 bid_up=0.48 bid_dn=0.51 halted=True[0m
[2m2026-04-12 15:17:10.202 [INFO] __main__: STATUS t=170s delta=-0.0323% dir=down agree=True chain=70833.99 bin=70821.82 open=70856.86 obi=0.6999 ask_up=0.37 ask_dn=0.64 bid_up=0.36 bid_dn=0.63 halted=True[0m
[2m2026-04-12 15:17:40.321 [INFO] __main__: STATUS t=140s delta=-0.0493% dir=down agree=True chain=70821.93 bin=70800.01 open=70856.86 obi=-0.7143 ask_up=0.18 ask_dn=0.83 bid_up=0.17 bid_dn=0.82 halted=True[0m
[2m2026-04-12 15:18:10.462 [INFO] __main__: STATUS t=110s delta=-0.1008% dir=down agree=True chain=70785.43 bin=70771.99 open=70856.86 obi=0.7955 ask_up=0.07 ask_dn=0.94 bid_up=0.06 bid_dn=0.93 halted=True[0m
[2m2026-04-12 15:18:40.590 [INFO] __main__: STATUS t=79s delta=-0.0537% dir=down agree=True chain=70818.79 bin=70799.24 open=70856.86 obi=0.9946 ask_up=0.15 ask_dn=0.86 bid_up=0.14 bid_dn=0.85 halted=True[0m
[2m2026-04-12 15:19:10.711 [INFO] __main__: STATUS t=49s delta=-0.0220% dir=down agree=True chain=70841.30 bin=70819.97 open=70856.86 obi=0.7168 ask_up=0.24 ask_dn=0.77 bid_up=0.23 bid_dn=0.76 halted=True[0m
[2m2026-04-12 15:19:40.837 [INFO] __main__: STATUS t=19s delta=-0.0554% dir=down agree=True chain=70817.62 bin=70796.13 open=70856.86 obi=0.0808 ask_up=0.02 ask_dn=0.99 bid_up=0.01 bid_dn=0.98 halted=True[0m
[37m2026-04-12 15:20:00.180 [INFO] execution.paper_trading: paper window_ts=1776006900 [SKIP] pnl=0.0000 direction=down outcome=down - balance=$928.59 bid_up=0.01 ask_up=0.01 bid_dn=0.99 ask_dn=1.00[0m
[93m[1m2026-04-12 15:20:00.181 [INFO] risk.position_tracker: WINDOW_SUMMARY window_pnl=$0.0000 session_pnl=$-90.3888 won=$29.1067 lost=$119.4955 wr=50.0% (5/10) consec_losses=3[0m
[37m2026-04-12 15:20:00.188 [INFO] strategy.window_handler: WINDOW_DECISION [SKIP] rank=2 side=down pnl=$0.0000 entry=0.00 size=$0.00 (no fire)[0m
[96m[1m2026-04-12 15:20:00.189 [INFO] strategy.window_tracker: new window: btc-updown-5m-1776007200 (ts=1776007200)[0m
2026-04-12 15:20:00.198 [INFO] strategy.window_tracker: Gamma priceToBeat not yet available for btc-updown-5m-1776007200 — fetching in background
[96m2026-04-12 15:20:00.246 [INFO] strategy.window_handler: REGIME vol_stddev=0.075% chop_flips=1.3 outcome=3U/3D over 6w sprt=dormant llr=0.00 age=6w bankroll=$681.38[0m
[96m2026-04-12 15:20:00.247 [WARNING] __main__: window open price captured: 70813.34 (RTDS boundary fallback, oracle_age=1000ms)[0m
[96m2026-04-12 15:20:00.247 [INFO] __main__: window open price captured: 70792.74 (binance)[0m
2026-04-12 15:20:00.335 [INFO] market_data.clob_market_ws: CLOB market subscribed for tokens up=835240812705 down=381576036486
[2m2026-04-12 15:20:10.888 [INFO] __main__: STATUS t=289s delta=0.0005% dir=up agree=False chain=70813.70 bin=70792.74 open=70813.34 obi=0.1496 ask_up=0.53 ask_dn=0.48 bid_up=0.52 bid_dn=0.47 halted=True[0m
[2m2026-04-12 15:20:41.012 [INFO] __main__: STATUS t=259s delta=0.0084% dir=up agree=False chain=70819.30 bin=70798.56 open=70813.34 obi=0.1311 ask_up=0.58 ask_dn=0.43 bid_up=0.57 bid_dn=0.42 halted=True[0m
[2m2026-04-12 15:21:11.135 [INFO] __main__: STATUS t=229s delta=0.0116% dir=up agree=False chain=70821.57 bin=70798.56 open=70813.34 obi=0.7387 ask_up=0.61 ask_dn=0.40 bid_up=0.60 bid_dn=0.39 halted=True[0m
[2m2026-04-12 15:21:41.262 [INFO] __main__: STATUS t=199s delta=0.0143% dir=up agree=False chain=70823.50 bin=70801.43 open=70813.34 obi=0.0331 ask_up=0.61 ask_dn=0.40 bid_up=0.60 bid_dn=0.39 halted=True[0m
[2m2026-04-12 15:22:11.394 [INFO] __main__: STATUS t=169s delta=0.0185% dir=up agree=False chain=70826.45 bin=70810.62 open=70813.34 obi=-0.9920 ask_up=0.65 ask_dn=0.36 bid_up=0.64 bid_dn=0.35 halted=True[0m
[2m2026-04-12 15:22:41.517 [INFO] __main__: STATUS t=138s delta=0.0228% dir=up agree=False chain=70829.52 bin=70800.00 open=70813.34 obi=-0.9171 ask_up=0.55 ask_dn=0.46 bid_up=0.54 bid_dn=0.45 halted=True[0m
[2m2026-04-12 15:23:11.656 [INFO] __main__: STATUS t=108s delta=-0.0450% dir=down agree=True chain=70781.44 bin=70762.57 open=70813.34 obi=-0.9618 ask_up=0.17 ask_dn=0.84 bid_up=0.16 bid_dn=0.83 halted=True[0m
[2m2026-04-12 15:23:41.790 [INFO] __main__: STATUS t=78s delta=-0.0837% dir=down agree=True chain=70754.09 bin=70735.11 open=70813.34 obi=-0.3124 ask_up=0.03 ask_dn=0.98 bid_up=0.02 bid_dn=0.97 halted=True[0m
[2m2026-04-12 15:24:11.917 [INFO] __main__: STATUS t=48s delta=-0.0657% dir=down agree=True chain=70766.84 bin=70745.10 open=70813.34 obi=-0.3266 ask_up=0.02 ask_dn=0.99 bid_up=0.01 bid_dn=0.98 halted=True[0m
[2m2026-04-12 15:24:42.041 [INFO] __main__: STATUS t=18s delta=-0.0434% dir=down agree=True chain=70782.59 bin=70760.59 open=70813.34 obi=0.9431 ask_up=0.02 ask_dn=0.99 bid_up=0.01 bid_dn=0.98 halted=True[0m
[37m2026-04-12 15:25:00.128 [INFO] execution.paper_trading: paper window_ts=1776007200 [SKIP] pnl=0.0000 direction=down outcome=down - balance=$928.59 bid_up=0.01 ask_up=0.01 bid_dn=0.99 ask_dn=1.00[0m
[93m[1m2026-04-12 15:25:00.128 [INFO] risk.position_tracker: WINDOW_SUMMARY window_pnl=$0.0000 session_pnl=$-90.3888 won=$29.1067 lost=$119.4955 wr=50.0% (5/10) consec_losses=3[0m
[37m2026-04-12 15:25:00.140 [INFO] strategy.window_handler: WINDOW_DECISION [SKIP] rank=2 side=down pnl=$0.0000 entry=0.00 size=$0.00 (no fire)[0m
[96m[1m2026-04-12 15:25:00.141 [INFO] strategy.window_tracker: new window: btc-updown-5m-1776007500 (ts=1776007500)[0m
2026-04-12 15:25:00.157 [INFO] strategy.window_tracker: Gamma priceToBeat not yet available for btc-updown-5m-1776007500 — fetching in background
[96m2026-04-12 15:25:00.192 [INFO] strategy.window_handler: REGIME vol_stddev=0.074% chop_flips=0.3 outcome=3U/3D over 6w sprt=dormant llr=0.00 age=7w bankroll=$681.38[0m
[96m2026-04-12 15:25:00.193 [WARNING] __main__: window open price captured: 70778.68 (RTDS boundary fallback, oracle_age=2000ms)[0m
[96m2026-04-12 15:25:00.193 [INFO] __main__: window open price captured: 70759.92 (binance)[0m
2026-04-12 15:25:00.536 [INFO] market_data.clob_market_ws: CLOB market subscribed for tokens up=336821460797 down=983289633692
[2m2026-04-12 15:25:12.257 [INFO] __main__: STATUS t=288s delta=0.0264% dir=up agree=False chain=70797.40 bin=70778.63 open=70778.68 obi=0.8858 ask_up=0.66 ask_dn=0.35 bid_up=0.65 bid_dn=0.34 halted=True[0m
[2m2026-04-12 15:25:42.373 [INFO] __main__: STATUS t=258s delta=0.0136% dir=up agree=False chain=70788.28 bin=70764.17 open=70778.68 obi=0.0524 ask_up=0.57 ask_dn=0.44 bid_up=0.56 bid_dn=0.43 halted=True[0m
[2m2026-04-12 15:26:12.495 [INFO] __main__: STATUS t=228s delta=-0.0074% dir=down agree=True chain=70773.47 bin=70753.52 open=70778.68 obi=-0.7923 ask_up=0.43 ask_dn=0.58 bid_up=0.42 bid_dn=0.57 halted=True[0m
[2m2026-04-12 15:26:42.619 [INFO] __main__: STATUS t=197s delta=-0.0009% dir=down agree=True chain=70778.06 bin=70762.56 open=70778.68 obi=0.9630 ask_up=0.64 ask_dn=0.37 bid_up=0.63 bid_dn=0.36 halted=True[0m
[2m2026-04-12 15:27:12.757 [INFO] __main__: STATUS t=167s delta=0.0071% dir=up agree=False chain=70783.71 bin=70762.57 open=70778.68 obi=-0.0438 ask_up=0.53 ask_dn=0.49 bid_up=0.51 bid_dn=0.47 halted=True[0m
[2m2026-04-12 15:27:42.887 [INFO] __main__: STATUS t=137s delta=-0.0068% dir=down agree=True chain=70773.89 bin=70750.58 open=70778.68 obi=-0.7276 ask_up=0.34 ask_dn=0.67 bid_up=0.33 bid_dn=0.66 halted=True[0m
[2m2026-04-12 15:28:13.048 [INFO] __main__: STATUS t=107s delta=-0.0096% dir=down agree=True chain=70771.90 bin=70750.59 open=70778.68 obi=-0.7008 ask_up=0.31 ask_dn=0.70 bid_up=0.30 bid_dn=0.69 halted=True[0m
[2m2026-04-12 15:28:43.168 [INFO] __main__: STATUS t=77s delta=-0.0190% dir=down agree=True chain=70765.24 bin=70735.12 open=70778.68 obi=-0.9987 ask_up=0.19 ask_dn=0.83 bid_up=0.17 bid_dn=0.81 halted=True[0m
[2m2026-04-12 15:29:13.288 [INFO] __main__: STATUS t=47s delta=-0.0151% dir=down agree=True chain=70768.01 bin=70748.39 open=70778.68 obi=0.1516 ask_up=0.27 ask_dn=0.74 bid_up=0.26 bid_dn=0.73 halted=True[0m
[2m2026-04-12 15:29:43.407 [INFO] __main__: STATUS t=17s delta=-0.0183% dir=down agree=True chain=70765.73 bin=70745.35 open=70778.68 obi=-0.9320 ask_up=0.09 ask_dn=0.92 bid_up=0.08 bid_dn=0.91 halted=True[0m
[37m2026-04-12 15:30:00.229 [INFO] execution.paper_trading: paper window_ts=1776007500 [SKIP] pnl=0.0000 direction=down outcome=down - balance=$928.59 bid_up=0.01 ask_up=0.01 bid_dn=0.99 ask_dn=1.00[0m
[93m[1m2026-04-12 15:30:00.229 [INFO] risk.position_tracker: WINDOW_SUMMARY window_pnl=$0.0000 session_pnl=$-90.3888 won=$29.1067 lost=$119.4955 wr=50.0% (5/10) consec_losses=3[0m
[37m2026-04-12 15:30:00.236 [INFO] strategy.window_handler: WINDOW_DECISION [SKIP] rank=2 side=down pnl=$0.0000 entry=0.00 size=$0.00 (no fire)[0m
[96m[1m2026-04-12 15:30:00.236 [INFO] strategy.window_tracker: new window: btc-updown-5m-1776007800 (ts=1776007800)[0m
2026-04-12 15:30:00.249 [INFO] strategy.window_tracker: Gamma priceToBeat not yet available for btc-updown-5m-1776007800 — fetching in background
[96m2026-04-12 15:30:00.280 [INFO] strategy.window_handler: REGIME vol_stddev=0.073% chop_flips=0.2 outcome=2U/4D over 6w sprt=dormant llr=0.00 age=8w bankroll=$681.38[0m
[96m2026-04-12 15:30:00.280 [WARNING] __main__: window open price captured: 70750.51 (RTDS boundary fallback, oracle_age=2000ms)[0m
[96m2026-04-12 15:30:00.280 [INFO] __main__: window open price captured: 70720.21 (binance)[0m
2026-04-12 15:30:00.722 [INFO] market_data.clob_market_ws: CLOB market subscribed for tokens up=628459691663 down=617505414549
[2m2026-04-12 15:30:13.620 [INFO] __main__: STATUS t=286s delta=-0.0293% dir=down agree=True chain=70729.82 bin=70707.66 open=70750.51 obi=-0.1465 ask_up=0.46 ask_dn=0.55 bid_up=0.45 bid_dn=0.54 halted=True[0m
[2m2026-04-12 15:30:43.740 [INFO] __main__: STATUS t=256s delta=-0.1003% dir=down agree=True chain=70679.52 bin=70651.31 open=70750.51 obi=0.6887 ask_up=0.23 ask_dn=0.78 bid_up=0.22 bid_dn=0.77 halted=True[0m
[2m2026-04-12 15:31:13.882 [INFO] __main__: STATUS t=226s delta=-0.1029% dir=down agree=True chain=70677.69 bin=70652.76 open=70750.51 obi=0.4993 ask_up=0.19 ask_dn=0.82 bid_up=0.18 bid_dn=0.81 halted=True[0m
[2m2026-04-12 15:31:43.998 [INFO] __main__: STATUS t=196s delta=-0.0282% dir=down agree=True chain=70730.59 bin=70707.66 open=70750.51 obi=0.7124 ask_up=0.52 ask_dn=0.49 bid_up=0.51 bid_dn=0.48 halted=True[0m
[2m2026-04-12 15:32:14.117 [INFO] __main__: STATUS t=166s delta=0.0371% dir=up agree=True chain=70776.73 bin=70760.70 open=70750.51 obi=0.3512 ask_up=0.78 ask_dn=0.23 bid_up=0.77 bid_dn=0.22 halted=True[0m
[2m2026-04-12 15:32:44.237 [INFO] __main__: STATUS t=136s delta=0.0565% dir=up agree=True chain=70790.47 bin=70780.71 open=70750.51 obi=0.8971 ask_up=0.86 ask_dn=0.15 bid_up=0.85 bid_dn=0.14 halted=True[0m
[2m2026-04-12 15:33:14.398 [INFO] __main__: STATUS t=106s delta=0.0688% dir=up agree=True chain=70799.20 bin=70754.86 open=70750.51 obi=-0.4994 ask_up=0.79 ask_dn=0.22 bid_up=0.78 bid_dn=0.21 halted=True[0m
[2m2026-04-12 15:33:44.523 [INFO] __main__: STATUS t=75s delta=0.0778% dir=up agree=True chain=70805.54 bin=70780.00 open=70750.51 obi=0.9932 ask_up=0.95 ask_dn=0.06 bid_up=0.94 bid_dn=0.05 halted=True[0m
[2m2026-04-12 15:34:14.646 [INFO] __main__: STATUS t=45s delta=0.0826% dir=up agree=True chain=70808.95 bin=70788.48 open=70750.51 obi=0.9416 ask_up=0.98 ask_dn=0.03 bid_up=0.97 bid_dn=0.02 halted=True[0m
[2m2026-04-12 15:34:44.785 [INFO] __main__: STATUS t=15s delta=0.0889% dir=up agree=True chain=70813.40 bin=70784.72 open=70750.51 obi=0.4441 ask_up=1.00 ask_dn=0.01 bid_up=0.99 bid_dn=0.01 halted=True[0m
[37m2026-04-12 15:35:00.110 [INFO] execution.paper_trading: paper window_ts=1776007800 [SKIP] pnl=0.0000 direction=up outcome=up - balance=$928.59 bid_up=0.99 ask_up=1.00 bid_dn=0.01 ask_dn=0.01[0m
[93m[1m2026-04-12 15:35:00.110 [INFO] risk.position_tracker: WINDOW_SUMMARY window_pnl=$0.0000 session_pnl=$-90.3888 won=$29.1067 lost=$119.4955 wr=50.0% (5/10) consec_losses=3[0m
[37m2026-04-12 15:35:00.118 [INFO] strategy.window_handler: WINDOW_DECISION [SKIP] rank=2 side=down pnl=$0.0000 entry=0.00 size=$0.00 (no fire)[0m
[96m[1m2026-04-12 15:35:00.118 [INFO] strategy.window_tracker: new window: btc-updown-5m-1776008100 (ts=1776008100)[0m
2026-04-12 15:35:00.130 [INFO] strategy.window_tracker: Gamma priceToBeat not yet available for btc-updown-5m-1776008100 — fetching in background
[96m2026-04-12 15:35:00.162 [INFO] strategy.window_handler: REGIME vol_stddev=0.076% chop_flips=0.2 outcome=2U/4D over 6w sprt=dormant llr=0.00 age=9w bankroll=$681.38[0m
[96m2026-04-12 15:35:00.163 [WARNING] __main__: window open price captured: 70814.72 (RTDS boundary fallback, oracle_age=1000ms)[0m
[96m2026-04-12 15:35:00.163 [INFO] __main__: window open price captured: 70789.22 (binance)[0m
2026-04-12 15:35:00.952 [INFO] market_data.clob_market_ws: CLOB market subscribed for tokens up=516720371959 down=536959134791
[2m2026-04-12 15:35:14.984 [INFO] __main__: STATUS t=285s delta=-0.0012% dir=down agree=True chain=70813.87 bin=70789.21 open=70814.72 obi=0.4437 ask_up=0.52 ask_dn=0.49 bid_up=0.51 bid_dn=0.48 halted=True[0m
[2m2026-04-12 15:35:45.104 [INFO] __main__: STATUS t=255s delta=0.0024% dir=up agree=False chain=70816.40 bin=70790.40 open=70814.72 obi=0.9975 ask_up=0.56 ask_dn=0.45 bid_up=0.55 bid_dn=0.44 halted=True[0m
[2m2026-04-12 15:36:15.235 [INFO] __main__: STATUS t=225s delta=0.0520% dir=up agree=True chain=70851.52 bin=70828.76 open=70814.72 obi=-0.3504 ask_up=0.76 ask_dn=0.25 bid_up=0.75 bid_dn=0.24 halted=True[0m
[2m2026-04-12 15:36:45.359 [INFO] __main__: STATUS t=195s delta=0.0515% dir=up agree=True chain=70851.20 bin=70835.40 open=70814.72 obi=-0.6646 ask_up=0.77 ask_dn=0.24 bid_up=0.76 bid_dn=0.23 halted=True[0m
[2m2026-04-12 15:37:15.503 [INFO] __main__: STATUS t=164s delta=0.0341% dir=up agree=True chain=70838.87 bin=70814.88 open=70814.72 obi=-0.6212 ask_up=0.68 ask_dn=0.33 bid_up=0.67 bid_dn=0.32 halted=True[0m
[2m2026-04-12 15:37:45.623 [INFO] __main__: STATUS t=134s delta=0.0133% dir=up agree=False chain=70824.11 bin=70803.52 open=70814.72 obi=-0.2224 ask_up=0.63 ask_dn=0.38 bid_up=0.62 bid_dn=0.37 halted=True[0m
[2m2026-04-12 15:38:15.756 [INFO] __main__: STATUS t=104s delta=0.0448% dir=up agree=True chain=70846.47 bin=70821.98 open=70814.72 obi=0.9335 ask_up=0.99 ask_dn=0.99 bid_up=0.01 bid_dn=0.01 halted=True[0m
[2m2026-04-12 15:38:45.888 [INFO] __main__: STATUS t=74s delta=0.0170% dir=up agree=False chain=70826.75 bin=70810.26 open=70814.72 obi=-0.8897 ask_up=0.72 ask_dn=0.29 bid_up=0.71 bid_dn=0.28 halted=True[0m
[2m2026-04-12 15:39:16.046 [INFO] __main__: STATUS t=44s delta=0.0345% dir=up agree=True chain=70839.14 bin=70817.33 open=70814.72 obi=0.7842 ask_up=0.94 ask_dn=0.07 bid_up=0.93 bid_dn=0.06 halted=True[0m
[2m2026-04-12 15:39:46.175 [INFO] __main__: STATUS t=14s delta=0.0527% dir=up agree=True chain=70852.03 bin=70831.60 open=70814.72 obi=0.5632 ask_up=1.00 ask_dn=0.01 bid_up=0.99 bid_dn=0.01 halted=True[0m
[37m2026-04-12 15:40:00.243 [INFO] execution.paper_trading: paper window_ts=1776008100 [SKIP] pnl=0.0000 direction=up outcome=up - balance=$928.59 bid_up=0.99 ask_up=1.00 bid_dn=0.01 ask_dn=0.01[0m
[93m[1m2026-04-12 15:40:00.243 [INFO] risk.position_tracker: WINDOW_SUMMARY window_pnl=$0.0000 session_pnl=$-90.3888 won=$29.1067 lost=$119.4955 wr=50.0% (5/10) consec_losses=3[0m
[37m2026-04-12 15:40:00.249 [INFO] strategy.window_handler: WINDOW_DECISION [SKIP] rank=2 side=down pnl=$0.0000 entry=0.00 size=$0.00 (no fire)[0m
[96m[1m2026-04-12 15:40:00.249 [INFO] strategy.window_tracker: new window: btc-updown-5m-1776008400 (ts=1776008400)[0m
2026-04-12 15:40:00.257 [INFO] strategy.window_tracker: Gamma priceToBeat not yet available for btc-updown-5m-1776008400 — fetching in background
[96m2026-04-12 15:40:00.291 [INFO] strategy.window_handler: REGIME vol_stddev=0.073% chop_flips=0.0 outcome=3U/3D over 6w sprt=dormant llr=0.00 age=10w bankroll=$681.38[0m
[96m2026-04-12 15:40:00.292 [WARNING] __main__: window open price captured: 70855.27 (RTDS boundary fallback, oracle_age=2000ms)[0m
[96m2026-04-12 15:40:00.292 [INFO] __main__: window open price captured: 70831.60 (binance)[0m
2026-04-12 15:40:01.159 [INFO] market_data.clob_market_ws: CLOB market subscribed for tokens up=216292029086 down=122075602793
[2m2026-04-12 15:40:16.373 [INFO] __main__: STATUS t=284s delta=-0.0222% dir=down agree=True chain=70839.57 bin=70804.70 open=70855.27 obi=-0.5312 ask_up=0.34 ask_dn=0.67 bid_up=0.33 bid_dn=0.66 halted=True[0m
[2m2026-04-12 15:40:46.495 [INFO] __main__: STATUS t=254s delta=-0.0425% dir=down agree=True chain=70825.13 bin=70806.37 open=70855.27 obi=0.6615 ask_up=0.33 ask_dn=0.68 bid_up=0.32 bid_dn=0.67 halted=True[0m
[2m2026-04-12 15:41:16.642 [INFO] __main__: STATUS t=223s delta=-0.0333% dir=down agree=True chain=70831.65 bin=70810.02 open=70855.27 obi=-0.6321 ask_up=0.32 ask_dn=0.69 bid_up=0.31 bid_dn=0.68 halted=True[0m
[2m2026-04-12 15:41:46.772 [INFO] __main__: STATUS t=193s delta=-0.0335% dir=down agree=True chain=70831.51 bin=70810.01 open=70855.27 obi=0.6678 ask_up=0.35 ask_dn=0.66 bid_up=0.34 bid_dn=0.65 halted=True[0m
[2m2026-04-12 15:42:16.906 [INFO] __main__: STATUS t=163s delta=0.0101% dir=up agree=False chain=70862.39 bin=70842.44 open=70855.27 obi=0.3557 ask_up=0.67 ask_dn=0.34 bid_up=0.66 bid_dn=0.33 halted=True[0m
[2m2026-04-12 15:42:47.030 [INFO] __main__: STATUS t=133s delta=0.0320% dir=up agree=True chain=70877.95 bin=70856.91 open=70855.27 obi=0.2614 ask_up=0.81 ask_dn=0.20 bid_up=0.80 bid_dn=0.19 halted=True[0m
[2m2026-04-12 15:43:17.159 [INFO] __main__: STATUS t=103s delta=0.0607% dir=up agree=True chain=70898.29 bin=70879.47 open=70855.27 obi=-0.7514 ask_up=0.91 ask_dn=0.10 bid_up=0.90 bid_dn=0.09 halted=True[0m
[2m2026-04-12 15:43:47.289 [INFO] __main__: STATUS t=73s delta=0.0636% dir=up agree=True chain=70900.33 bin=70877.45 open=70855.27 obi=0.6233 ask_up=0.99 ask_dn=0.07 bid_up=0.01 bid_dn=0.06 halted=True[0m
[2m2026-04-12 15:44:17.435 [INFO] __main__: STATUS t=43s delta=0.0616% dir=up agree=True chain=70898.88 bin=70876.80 open=70855.27 obi=-0.1343 ask_up=0.97 ask_dn=0.04 bid_up=0.96 bid_dn=0.03 halted=True[0m
[2m2026-04-12 15:44:47.573 [INFO] __main__: STATUS t=12s delta=0.0497% dir=up agree=True chain=70890.48 bin=70861.34 open=70855.27 obi=-0.5155 ask_up=1.00 ask_dn=0.01 bid_up=0.99 bid_dn=0.02 halted=True[0m
[37m2026-04-12 15:45:00.135 [INFO] execution.paper_trading: paper window_ts=1776008400 [SKIP] pnl=0.0000 direction=up outcome=up - balance=$928.59 bid_up=0.99 ask_up=1.00 bid_dn=0.01 ask_dn=0.01[0m
[93m[1m2026-04-12 15:45:00.135 [INFO] risk.position_tracker: WINDOW_SUMMARY window_pnl=$0.0000 session_pnl=$-90.3888 won=$29.1067 lost=$119.4955 wr=50.0% (5/10) consec_losses=3[0m
[37m2026-04-12 15:45:00.142 [INFO] strategy.window_handler: WINDOW_DECISION [SKIP] rank=2 side=down pnl=$0.0000 entry=0.00 size=$0.00 (no fire)[0m
[96m[1m2026-04-12 15:45:00.142 [INFO] strategy.window_tracker: new window: btc-updown-5m-1776008700 (ts=1776008700)[0m
2026-04-12 15:45:00.154 [INFO] strategy.window_tracker: Gamma priceToBeat not yet available for btc-updown-5m-1776008700 — fetching in background
[96m2026-04-12 15:45:00.199 [INFO] strategy.window_handler: REGIME vol_stddev=0.074% chop_flips=0.0 outcome=3U/3D over 6w sprt=dormant llr=0.00 age=11w bankroll=$681.38[0m
[96m2026-04-12 15:45:00.199 [WARNING] __main__: window open price captured: 70897.41 (RTDS boundary fallback, oracle_age=1000ms)[0m
[96m2026-04-12 15:45:00.199 [INFO] __main__: window open price captured: 70872.37 (binance)[0m
2026-04-12 15:45:00.360 [INFO] market_data.clob_market_ws: CLOB market subscribed for tokens up=775397773928 down=684087754898
[2m2026-04-12 15:45:17.810 [INFO] __main__: STATUS t=282s delta=-0.0064% dir=down agree=True chain=70892.84 bin=70872.35 open=70897.41 obi=-0.9981 ask_up=0.42 ask_dn=0.59 bid_up=0.41 bid_dn=0.58 halted=True[0m
[2m2026-04-12 15:45:47.935 [INFO] __main__: STATUS t=252s delta=-0.0270% dir=down agree=True chain=70878.29 bin=70852.24 open=70897.41 obi=0.6227 ask_up=0.32 ask_dn=0.69 bid_up=0.31 bid_dn=0.68 halted=True[0m
[2m2026-04-12 15:46:18.065 [INFO] __main__: STATUS t=222s delta=-0.0128% dir=down agree=True chain=70888.32 bin=70862.00 open=70897.41 obi=0.7194 ask_up=0.44 ask_dn=0.57 bid_up=0.43 bid_dn=0.56 halted=True[0m
[2m2026-04-12 15:46:48.192 [INFO] __main__: STATUS t=192s delta=-0.0046% dir=down agree=True chain=70894.13 bin=70868.52 open=70897.41 obi=0.5221 ask_up=0.46 ask_dn=0.55 bid_up=0.45 bid_dn=0.54 halted=True[0m
[2m2026-04-12 15:47:18.314 [INFO] __main__: STATUS t=162s delta=0.0045% dir=up agree=False chain=70900.63 bin=70881.17 open=70897.41 obi=0.0651 ask_up=0.59 ask_dn=0.42 bid_up=0.58 bid_dn=0.41 halted=True[0m
[2m2026-04-12 15:47:48.443 [INFO] __main__: STATUS t=132s delta=0.0262% dir=up agree=False chain=70915.96 bin=70890.59 open=70897.41 obi=0.6307 ask_up=0.73 ask_dn=0.28 bid_up=0.72 bid_dn=0.27 halted=True[0m
[2m2026-04-12 15:48:18.572 [INFO] __main__: STATUS t=101s delta=0.0293% dir=up agree=False chain=70918.19 bin=70895.81 open=70897.41 obi=0.4645 ask_up=0.81 ask_dn=0.20 bid_up=0.80 bid_dn=0.19 halted=True[0m
[2m2026-04-12 15:48:48.697 [INFO] __main__: STATUS t=71s delta=0.0259% dir=up agree=False chain=70915.79 bin=70890.00 open=70897.41 obi=-0.0390 ask_up=0.99 ask_dn=0.22 bid_up=0.01 bid_dn=0.20 halted=True[0m
[2m2026-04-12 15:49:18.825 [INFO] __main__: STATUS t=41s delta=0.0133% dir=up agree=False chain=70906.87 bin=70884.76 open=70897.41 obi=-0.0821 ask_up=0.70 ask_dn=0.31 bid_up=0.69 bid_dn=0.30 halted=True[0m
[2m2026-04-12 15:49:48.948 [INFO] __main__: STATUS t=11s delta=0.0177% dir=up agree=False chain=70909.99 bin=70884.76 open=70897.41 obi=-0.3637 ask_up=0.88 ask_dn=0.13 bid_up=0.87 bid_dn=0.12 halted=True[0m
[37m2026-04-12 15:50:00.003 [INFO] execution.paper_trading: paper window_ts=1776008700 [SKIP] pnl=0.0000 direction=up outcome=up - balance=$928.59 bid_up=0.99 ask_up=1.00 bid_dn=0.01 ask_dn=0.01[0m
[93m[1m2026-04-12 15:50:00.008 [INFO] risk.position_tracker: WINDOW_SUMMARY window_pnl=$0.0000 session_pnl=$-90.3888 won=$29.1067 lost=$119.4955 wr=50.0% (5/10) consec_losses=3[0m
[37m2026-04-12 15:50:00.014 [INFO] strategy.window_handler: WINDOW_DECISION [SKIP] rank=2 side=down pnl=$0.0000 entry=0.00 size=$0.00 (no fire)[0m
[96m[1m2026-04-12 15:50:00.014 [INFO] strategy.window_tracker: new window: btc-updown-5m-1776009000 (ts=1776009000)[0m
2026-04-12 15:50:00.023 [INFO] strategy.window_tracker: Gamma priceToBeat not yet available for btc-updown-5m-1776009000 — fetching in background
[96m2026-04-12 15:50:00.066 [INFO] strategy.window_handler: REGIME vol_stddev=0.074% chop_flips=0.0 outcome=4U/2D over 6w sprt=active_100pct llr=0.00 age=12w bankroll=$681.38[0m
[96m2026-04-12 15:50:00.066 [INFO] strategy.window_handler: KELLY wr_adj=87.0% base=94.6% total_disc=4.6% vol=0.0% chop=0.0% outcome=38.1% feedback=+0.0%[0m
[96m2026-04-12 15:50:00.068 [WARNING] __main__: window open price captured: 70910.95 (RTDS boundary fallback, oracle_age=1000ms)[0m
[96m2026-04-12 15:50:00.068 [INFO] __main__: window open price captured: 70884.75 (binance)[0m
2026-04-12 15:50:00.562 [INFO] market_data.clob_market_ws: CLOB market subscribed for tokens up=625575309022 down=115548884713
[2m2026-04-12 15:50:18.966 [INFO] __main__: STATUS t=281s delta=0.0016% dir=up agree=False chain=70912.06 bin=70884.76 open=70910.95 obi=0.5062 ask_up=0.49 ask_dn=0.52 bid_up=0.48 bid_dn=0.51 halted=True[0m
[2m2026-04-12 15:50:49.088 [INFO] __main__: STATUS t=251s delta=-0.0061% dir=down agree=True chain=70906.61 bin=70881.17 open=70910.95 obi=-0.5822 ask_up=0.41 ask_dn=0.60 bid_up=0.40 bid_dn=0.59 halted=True[0m
[2m2026-04-12 15:51:19.246 [INFO] __main__: STATUS t=221s delta=-0.0101% dir=down agree=True chain=70903.81 bin=70881.18 open=70910.95 obi=-0.1951 ask_up=0.43 ask_dn=0.58 bid_up=0.42 bid_dn=0.57 halted=True[0m
[2m2026-04-12 15:51:49.362 [INFO] __main__: STATUS t=191s delta=-0.0085% dir=down agree=True chain=70904.91 bin=70881.18 open=70910.95 obi=0.1276 ask_up=0.41 ask_dn=0.60 bid_up=0.40 bid_dn=0.59 halted=True[0m
[2m2026-04-12 15:52:19.508 [INFO] __main__: STATUS t=160s delta=0.0023% dir=up agree=False chain=70912.60 bin=70888.22 open=70910.95 obi=0.0491 ask_up=0.50 ask_dn=0.51 bid_up=0.49 bid_dn=0.50 halted=True[0m
[2m2026-04-12 15:52:49.630 [INFO] __main__: STATUS t=130s delta=0.0102% dir=up agree=False chain=70918.15 bin=70889.60 open=70910.95 obi=0.9839 ask_up=0.60 ask_dn=0.41 bid_up=0.59 bid_dn=0.40 halted=True[0m
[2m2026-04-12 15:53:19.768 [INFO] __main__: STATUS t=100s delta=0.0607% dir=up agree=True chain=70953.97 bin=70927.28 open=70910.95 obi=0.6754 ask_up=0.94 ask_dn=0.07 bid_up=0.93 bid_dn=0.06 halted=True[0m
[2m2026-04-12 15:53:49.897 [INFO] __main__: STATUS t=70s delta=0.0487% dir=up agree=True chain=70945.51 bin=70924.28 open=70910.95 obi=-0.2438 ask_up=0.93 ask_dn=0.08 bid_up=0.92 bid_dn=0.07 halted=True[0m
[2m2026-04-12 15:54:20.056 [INFO] __main__: STATUS t=40s delta=0.0567% dir=up agree=True chain=70951.15 bin=70925.18 open=70910.95 obi=-0.7788 ask_up=0.97 ask_dn=0.04 bid_up=0.96 bid_dn=0.03 halted=True[0m
[2m2026-04-12 15:54:50.188 [INFO] __main__: STATUS t=10s delta=0.0445% dir=up agree=True chain=70942.53 bin=70916.79 open=70910.95 obi=0.9908 ask_up=1.00 ask_dn=0.01 bid_up=0.99 bid_dn=0.01 halted=True[0m
[37m2026-04-12 15:55:00.240 [INFO] execution.paper_trading: paper window_ts=1776009000 [SKIP] pnl=0.0000 direction=up outcome=up - balance=$928.59 bid_up=0.99 ask_up=1.00 bid_dn=0.01 ask_dn=0.01[0m
[93m[1m2026-04-12 15:55:00.240 [INFO] risk.position_tracker: WINDOW_SUMMARY window_pnl=$0.0000 session_pnl=$-90.3888 won=$29.1067 lost=$119.4955 wr=50.0% (5/10) consec_losses=3[0m
[37m2026-04-12 15:55:00.245 [INFO] strategy.window_handler: WINDOW_DECISION [SKIP] rank=2 side=down pnl=$0.0000 entry=0.00 size=$0.00 (no fire)[0m
[96m[1m2026-04-12 15:55:00.246 [INFO] strategy.window_tracker: new window: btc-updown-5m-1776009300 (ts=1776009300)[0m
2026-04-12 15:55:00.254 [INFO] strategy.window_tracker: Gamma priceToBeat not yet available for btc-updown-5m-1776009300 — fetching in background
[96m2026-04-12 15:55:00.284 [INFO] strategy.window_handler: REGIME vol_stddev=0.071% chop_flips=0.0 outcome=5U/1D over 6w sprt=active_100pct llr=0.00 age=13w bankroll=$681.38[0m
[96m2026-04-12 15:55:00.284 [INFO] strategy.window_handler: KELLY wr_adj=82.4% base=94.6% total_disc=9.1% vol=0.0% chop=0.0% outcome=76.2% feedback=+0.0%[0m
[96m2026-04-12 15:55:00.284 [WARNING] __main__: window open price captured: 70942.43 (RTDS boundary fallback, oracle_age=1000ms)[0m
[96m2026-04-12 15:55:00.284 [INFO] __main__: window open price captured: 70916.79 (binance)[0m
2026-04-12 15:55:00.774 [INFO] market_data.clob_market_ws: CLOB market subscribed for tokens up=220455277557 down=366059967238
[2m2026-04-12 15:55:20.410 [INFO] __main__: STATUS t=280s delta=-0.0299% dir=down agree=True chain=70921.20 bin=70890.67 open=70942.43 obi=0.6593 ask_up=0.25 ask_dn=0.76 bid_up=0.24 bid_dn=0.75 halted=True[0m
[2m2026-04-12 15:55:50.525 [INFO] __main__: STATUS t=249s delta=-0.0447% dir=down agree=True chain=70910.76 bin=70890.67 open=70942.43 obi=0.3441 ask_up=0.21 ask_dn=0.80 bid_up=0.20 bid_dn=0.79 halted=True[0m
[2m2026-04-12 15:56:20.661 [INFO] __main__: STATUS t=219s delta=-0.0432% dir=down agree=True chain=70911.77 bin=70890.67 open=70942.43 obi=0.3724 ask_up=0.20 ask_dn=0.81 bid_up=0.19 bid_dn=0.80 halted=True[0m
[2m2026-04-12 15:56:50.782 [INFO] __main__: STATUS t=189s delta=-0.0461% dir=down agree=True chain=70909.71 bin=70890.66 open=70942.43 obi=0.2679 ask_up=0.16 ask_dn=0.85 bid_up=0.15 bid_dn=0.84 halted=True[0m
[2m2026-04-12 15:57:20.909 [INFO] __main__: STATUS t=159s delta=-0.0506% dir=down agree=True chain=70906.53 bin=70882.25 open=70942.43 obi=0.1507 ask_up=0.14 ask_dn=0.87 bid_up=0.13 bid_dn=0.86 halted=True[0m
[2m2026-04-12 15:57:51.032 [INFO] __main__: STATUS t=129s delta=-0.0476% dir=down agree=True chain=70908.63 bin=70884.09 open=70942.43 obi=0.5417 ask_up=0.13 ask_dn=0.88 bid_up=0.12 bid_dn=0.87 halted=True[0m
[2m2026-04-12 15:58:21.173 [INFO] __main__: STATUS t=99s delta=-0.0504% dir=down agree=True chain=70906.65 bin=70884.09 open=70942.43 obi=0.4516 ask_up=0.09 ask_dn=0.92 bid_up=0.08 bid_dn=0.91 halted=True[0m
[2m2026-04-12 15:58:51.307 [INFO] __main__: STATUS t=69s delta=-0.0501% dir=down agree=True chain=70906.92 bin=70884.08 open=70942.43 obi=0.1671 ask_up=0.06 ask_dn=0.95 bid_up=0.05 bid_dn=0.94 halted=True[0m
[2m2026-04-12 15:59:21.433 [INFO] __main__: STATUS t=39s delta=-0.0394% dir=down agree=True chain=70914.49 bin=70893.36 open=70942.43 obi=0.4566 ask_up=0.03 ask_dn=0.98 bid_up=0.02 bid_dn=0.97 halted=True[0m
[2m2026-04-12 15:59:51.572 [INFO] __main__: STATUS t=8s delta=-0.0397% dir=down agree=True chain=70914.27 bin=70892.04 open=70942.43 obi=0.8275 ask_up=0.01 ask_dn=1.00 bid_up=0.01 bid_dn=0.99 halted=True[0m
[37m2026-04-12 16:00:00.120 [INFO] execution.paper_trading: paper window_ts=1776009300 [SKIP] pnl=0.0000 direction=down outcome=down - balance=$928.59 bid_up=0.01 ask_up=0.01 bid_dn=0.99 ask_dn=1.00[0m
[93m[1m2026-04-12 16:00:00.120 [INFO] risk.position_tracker: WINDOW_SUMMARY window_pnl=$0.0000 session_pnl=$-90.3888 won=$29.1067 lost=$119.4955 wr=50.0% (5/10) consec_losses=3[0m
[37m2026-04-12 16:00:00.127 [INFO] strategy.window_handler: WINDOW_DECISION [SKIP] rank=2 side=down pnl=$0.0000 entry=0.00 size=$0.00 (no fire)[0m
[96m[1m2026-04-12 16:00:00.127 [INFO] strategy.window_tracker: new window: btc-updown-5m-1776009600 (ts=1776009600)[0m
2026-04-12 16:00:00.139 [INFO] strategy.window_tracker: Gamma priceToBeat not yet available for btc-updown-5m-1776009600 — fetching in background
[96m2026-04-12 16:00:00.178 [INFO] strategy.window_handler: REGIME vol_stddev=0.071% chop_flips=0.0 outcome=5U/1D over 6w sprt=active_100pct llr=0.00 age=14w bankroll=$681.38[0m
[96m2026-04-12 16:00:00.178 [INFO] strategy.window_handler: KELLY wr_adj=82.4% base=94.6% total_disc=9.1% vol=0.0% chop=0.0% outcome=76.2% feedback=+0.0%[0m
[96m2026-04-12 16:00:00.179 [WARNING] __main__: window open price captured: 70916.13 (RTDS boundary fallback, oracle_age=1000ms)[0m
[96m2026-04-12 16:00:00.179 [INFO] __main__: window open price captured: 70892.04 (binance)[0m
2026-04-12 16:00:00.974 [INFO] market_data.clob_market_ws: CLOB market subscribed for tokens up=111060653830 down=268245682994
[2m2026-04-12 16:00:21.591 [INFO] __main__: STATUS t=278s delta=-0.0472% dir=down agree=True chain=70882.63 bin=70858.04 open=70916.13 obi=0.7123 ask_up=0.27 ask_dn=0.74 bid_up=0.26 bid_dn=0.73 halted=True[0m
[2m2026-04-12 16:00:51.715 [INFO] __main__: STATUS t=248s delta=-0.0454% dir=down agree=True chain=70883.94 bin=70858.04 open=70916.13 obi=0.6825 ask_up=0.27 ask_dn=0.74 bid_up=0.26 bid_dn=0.73 halted=True[0m
[2m2026-04-12 16:01:21.919 [INFO] __main__: STATUS t=218s delta=-0.0184% dir=down agree=True chain=70903.08 bin=70880.48 open=70916.13 obi=-0.0654 ask_up=0.42 ask_dn=0.59 bid_up=0.41 bid_dn=0.58 halted=True[0m
2026-04-12 16:01:37.069 [INFO] utils.reconnect: rtds connected to wss://ws-live-data.polymarket.com
2026-04-12 16:01:37.070 [INFO] market_data.rtds_ws: RTDS subscribed to chainlink
[2m2026-04-12 16:01:52.071 [INFO] __main__: STATUS t=188s delta=-0.0112% dir=down agree=True chain=70908.17 bin=70886.48 open=70916.13 obi=0.9349 ask_up=0.47 ask_dn=0.54 bid_up=0.46 bid_dn=0.53 halted=True[0m
[2m2026-04-12 16:02:22.255 [INFO] __main__: STATUS t=158s delta=-0.0054% dir=down agree=True chain=70912.33 bin=70886.47 open=70916.13 obi=0.9035 ask_up=0.45 ask_dn=0.56 bid_up=0.44 bid_dn=0.55 halted=True[0m
[2m2026-04-12 16:02:52.384 [INFO] __main__: STATUS t=128s delta=0.0228% dir=up agree=False chain=70932.29 bin=70909.82 open=70916.13 obi=-0.0036 ask_up=0.73 ask_dn=0.28 bid_up=0.72 bid_dn=0.27 halted=True[0m
[2m2026-04-12 16:03:22.536 [INFO] __main__: STATUS t=97s delta=0.0283% dir=up agree=False chain=70936.23 bin=70915.27 open=70916.13 obi=0.1948 ask_up=0.85 ask_dn=0.16 bid_up=0.84 bid_dn=0.15 halted=True[0m
[2m2026-04-12 16:03:52.661 [INFO] __main__: STATUS t=67s delta=0.0560% dir=up agree=True chain=70955.86 bin=70934.09 open=70916.13 obi=-0.2384 ask_up=0.96 ask_dn=0.05 bid_up=0.95 bid_dn=0.04 halted=True[0m
[2m2026-04-12 16:04:22.799 [INFO] __main__: STATUS t=37s delta=0.0852% dir=up agree=True chain=70976.54 bin=70953.30 open=70916.13 obi=0.8309 ask_up=1.00 ask_dn=0.01 bid_up=0.99 bid_dn=0.01 halted=True[0m
[2m2026-04-12 16:04:52.937 [INFO] __main__: STATUS t=7s delta=0.0801% dir=up agree=True chain=70972.93 bin=70949.77 open=70916.13 obi=0.3685 ask_up=1.00 ask_dn=0.01 bid_up=0.99 bid_dn=0.01 halted=True[0m
[37m2026-04-12 16:05:00.221 [INFO] execution.paper_trading: paper window_ts=1776009600 [SKIP] pnl=0.0000 direction=up outcome=up - balance=$928.59 bid_up=0.99 ask_up=1.00 bid_dn=0.01 ask_dn=0.01[0m
[93m[1m2026-04-12 16:05:00.221 [INFO] risk.position_tracker: WINDOW_SUMMARY window_pnl=$0.0000 session_pnl=$-90.3888 won=$29.1067 lost=$119.4955 wr=50.0% (5/10) consec_losses=3[0m
[37m2026-04-12 16:05:00.226 [INFO] strategy.window_handler: WINDOW_DECISION [SKIP] rank=2 side=down pnl=$0.0000 entry=0.00 size=$0.00 (no fire)[0m
[96m[1m2026-04-12 16:05:00.227 [INFO] strategy.window_tracker: new window: btc-updown-5m-1776009900 (ts=1776009900)[0m
2026-04-12 16:05:00.239 [INFO] strategy.window_tracker: Gamma priceToBeat not yet available for btc-updown-5m-1776009900 — fetching in background
[96m2026-04-12 16:05:00.287 [INFO] strategy.window_handler: REGIME vol_stddev=0.072% chop_flips=0.0 outcome=5U/1D over 6w sprt=active_100pct llr=0.00 age=15w bankroll=$681.38[0m
[96m2026-04-12 16:05:00.287 [INFO] strategy.window_handler: KELLY wr_adj=82.4% base=94.6% total_disc=9.1% vol=0.0% chop=0.0% outcome=76.2% feedback=+0.0%[0m
[96m2026-04-12 16:05:00.290 [WARNING] __main__: window open price captured: 70973.29 (RTDS boundary fallback, oracle_age=1000ms)[0m
[96m2026-04-12 16:05:00.290 [INFO] __main__: window open price captured: 70949.87 (binance)[0m
2026-04-12 16:05:01.195 [INFO] market_data.clob_market_ws: CLOB market subscribed for tokens up=917496814442 down=936790727191
2026-04-12 16:05:01.704 [INFO] shared.ipc: IPC: received authenticated signal_update (summary=signals_summary_1776009903.json)
2026-04-12 16:05:01.704 [INFO] __main__: received new signal from orchestrator: rank=1 side=Up
[2m2026-04-12 16:05:23.149 [INFO] __main__: STATUS t=277s delta=-0.0106% dir=down agree=True chain=70965.73 bin=70943.79 open=70973.29 obi=-0.0476 ask_up=0.42 ask_dn=0.59 bid_up=0.41 bid_dn=0.58 halted=True[0m
[2m2026-04-12 16:05:53.270 [INFO] __main__: STATUS t=247s delta=-0.0288% dir=down agree=True chain=70952.83 bin=70930.01 open=70973.29 obi=-0.2425 ask_up=0.29 ask_dn=0.72 bid_up=0.28 bid_dn=0.71 halted=True[0m
[2m2026-04-12 16:06:23.394 [INFO] __main__: STATUS t=217s delta=-0.0459% dir=down agree=True chain=70940.72 bin=70916.01 open=70973.29 obi=0.0440 ask_up=0.19 ask_dn=0.82 bid_up=0.18 bid_dn=0.81 halted=True[0m
[2m2026-04-12 16:06:53.514 [INFO] __main__: STATUS t=186s delta=-0.0240% dir=down agree=True chain=70956.28 bin=70932.15 open=70973.29 obi=0.6528 ask_up=0.35 ask_dn=0.66 bid_up=0.34 bid_dn=0.65 halted=True[0m
[2m2026-04-12 16:07:23.659 [INFO] __main__: STATUS t=156s delta=-0.0647% dir=down agree=True chain=70927.34 bin=70902.86 open=70973.29 obi=0.4424 ask_up=0.14 ask_dn=0.87 bid_up=0.13 bid_dn=0.86 halted=True[0m
[2m2026-04-12 16:07:53.790 [INFO] __main__: STATUS t=126s delta=-0.0653% dir=down agree=True chain=70926.95 bin=70902.86 open=70973.29 obi=-0.2945 ask_up=0.09 ask_dn=0.92 bid_up=0.08 bid_dn=0.91 halted=True[0m
[2m2026-04-12 16:08:23.935 [INFO] __main__: STATUS t=96s delta=-0.1234% dir=down agree=True chain=70885.74 bin=70862.53 open=70973.29 obi=0.9234 ask_up=0.03 ask_dn=0.98 bid_up=0.02 bid_dn=0.97 halted=True[0m
[2m2026-04-12 16:08:54.060 [INFO] __main__: STATUS t=66s delta=-0.1200% dir=down agree=True chain=70888.12 bin=70858.05 open=70973.29 obi=-0.4454 ask_up=0.01 ask_dn=1.00 bid_up=0.01 bid_dn=0.99 halted=True[0m
[2m2026-04-12 16:09:24.192 [INFO] __main__: STATUS t=36s delta=-0.1365% dir=down agree=True chain=70876.44 bin=70853.35 open=70973.29 obi=0.9091 ask_up=0.01 ask_dn=1.00 bid_up=0.01 bid_dn=0.99 halted=True[0m
[2m2026-04-12 16:09:54.327 [INFO] __main__: STATUS t=6s delta=-0.1313% dir=down agree=True chain=70880.08 bin=70853.34 open=70973.29 obi=0.8984 ask_up=0.01 ask_dn=1.00 bid_up=0.01 bid_dn=0.99 halted=True[0m
[37m2026-04-12 16:10:00.103 [INFO] execution.paper_trading: paper window_ts=1776009900 [SKIP] pnl=0.0000 direction=down outcome=down - balance=$928.59 bid_up=0.01 ask_up=0.01 bid_dn=0.99 ask_dn=1.00[0m
[93m[1m2026-04-12 16:10:00.108 [INFO] risk.position_tracker: WINDOW_SUMMARY window_pnl=$0.0000 session_pnl=$-90.3888 won=$29.1067 lost=$119.4955 wr=50.0% (5/10) consec_losses=3[0m
[37m2026-04-12 16:10:00.143 [INFO] strategy.window_handler: WINDOW_DECISION [SKIP] rank=2 side=down pnl=$0.0000 entry=0.00 size=$0.00 (no fire)[0m
2026-04-12 16:10:00.144 [INFO] strategy.window_handler: Signal changed: down_280.0_190.0_0.09_0.05 -> up_200.0_160.0_0.04_0.05 (age was 16 windows)
2026-04-12 16:10:00.144 [INFO] strategy.window_handler: SIGNAL_SWAP_ACTIVE: {"rank":1,"side":"up","observeFromS":200.0,"observeToS":160.0,"minDeltaPct":0.04,"maxVariancePct":0.05,"trainWinRatePct":97.83,"oosWinRatePct":100.0,"oosBhAdjustedPValue":7.99505e-12,"oosMatches":24,"avgEntryPrice":0.9042,"evPerTrade":0.0658,"smartScore":5.64,"wfFoldsAppeared":5,"wfTotalTestFolds":6,"wfFoldIndices":[2,3,5,6,7]}
2026-04-12 16:10:00.144 [INFO] strategy.window_handler: switched to new signal: #1 up (previous: #2 down)
[96m[1m2026-04-12 16:10:00.144 [INFO] strategy.window_tracker: new window: btc-updown-5m-1776010200 (ts=1776010200)[0m
2026-04-12 16:10:00.155 [INFO] strategy.window_tracker: Gamma priceToBeat not yet available for btc-updown-5m-1776010200 — fetching in background
[96m2026-04-12 16:10:00.215 [INFO] strategy.window_handler: REGIME vol_stddev=0.074% chop_flips=0.0 outcome=4U/2D over 6w sprt=dormant llr=0.00 age=0w bankroll=$681.38[0m
[96m2026-04-12 16:10:00.216 [WARNING] __main__: window open price captured: 70879.41 (RTDS boundary fallback, oracle_age=2000ms)[0m
[96m2026-04-12 16:10:00.216 [INFO] __main__: window open price captured: 70853.35 (binance)[0m
2026-04-12 16:10:00.402 [INFO] market_data.clob_market_ws: CLOB market subscribed for tokens up=134877423487 down=335269867015
[2m2026-04-12 16:10:24.569 [INFO] __main__: STATUS t=275s delta=0.0159% dir=up agree=False chain=70890.66 bin=70869.02 open=70879.41 obi=0.8418 ask_up=0.69 ask_dn=0.32 bid_up=0.68 bid_dn=0.31 halted=True[0m
[2m2026-04-12 16:10:54.686 [INFO] __main__: STATUS t=245s delta=0.0342% dir=up agree=False chain=70903.62 bin=70878.37 open=70879.41 obi=0.8821 ask_up=0.69 ask_dn=0.32 bid_up=0.68 bid_dn=0.31 halted=True[0m
[2m2026-04-12 16:11:24.810 [INFO] __main__: STATUS t=215s delta=0.0326% dir=up agree=False chain=70902.54 bin=70878.37 open=70879.41 obi=0.5550 ask_up=0.69 ask_dn=0.32 bid_up=0.68 bid_dn=0.31 halted=True[0m
[2m2026-04-12 16:11:54.934 [INFO] __main__: STATUS t=185s delta=0.0277% dir=up agree=False chain=70899.04 bin=70874.33 open=70879.41 obi=0.8290 ask_up=0.70 ask_dn=0.31 bid_up=0.69 bid_dn=0.30 halted=True[0m
[2m2026-04-12 16:12:25.122 [INFO] __main__: STATUS t=155s delta=0.1003% dir=up agree=True chain=70950.49 bin=70926.74 open=70879.41 obi=0.3573 ask_up=0.94 ask_dn=0.07 bid_up=0.93 bid_dn=0.06 halted=True[0m
[2m2026-04-12 16:12:55.248 [INFO] __main__: STATUS t=125s delta=0.0958% dir=up agree=True chain=70947.34 bin=70924.95 open=70879.41 obi=-0.2108 ask_up=0.99 ask_dn=0.99 bid_up=0.01 bid_dn=0.01 halted=True[0m
[2m2026-04-12 16:13:25.387 [INFO] __main__: STATUS t=95s delta=0.0897% dir=up agree=True chain=70942.98 bin=70923.92 open=70879.41 obi=-0.2358 ask_up=0.96 ask_dn=0.05 bid_up=0.95 bid_dn=0.04 halted=True[0m
[2m2026-04-12 16:13:55.521 [INFO] __main__: STATUS t=64s delta=0.0974% dir=up agree=True chain=70948.43 bin=70924.97 open=70879.41 obi=-0.0788 ask_up=0.98 ask_dn=0.03 bid_up=0.97 bid_dn=0.02 halted=True[0m
[2m2026-04-12 16:14:25.665 [INFO] __main__: STATUS t=34s delta=0.1027% dir=up agree=True chain=70952.19 bin=70925.69 open=70879.41 obi=0.8410 ask_up=1.00 ask_dn=0.01 bid_up=0.99 bid_dn=0.01 halted=True[0m
[2m2026-04-12 16:14:55.800 [INFO] __main__: STATUS t=4s delta=0.1152% dir=up agree=True chain=70961.03 bin=70935.39 open=70879.41 obi=-0.5420 ask_up=1.00 ask_dn=0.01 bid_up=0.99 bid_dn=0.01 halted=True[0m
[37m2026-04-12 16:15:00.075 [INFO] execution.paper_trading: paper window_ts=1776010200 [SKIP] pnl=0.0000 direction=up outcome=up - balance=$928.59 bid_up=0.99 ask_up=1.00 bid_dn=0.01 ask_dn=0.01[0m
[93m[1m2026-04-12 16:15:00.075 [INFO] risk.position_tracker: WINDOW_SUMMARY window_pnl=$0.0000 session_pnl=$-90.3888 won=$29.1067 lost=$119.4955 wr=50.0% (5/10) consec_losses=3[0m
[37m2026-04-12 16:15:00.085 [INFO] strategy.window_handler: WINDOW_DECISION [SKIP] rank=1 side=up pnl=$0.0000 entry=0.00 size=$0.00 (no fire)[0m
[96m[1m2026-04-12 16:15:00.085 [INFO] strategy.window_tracker: new window: btc-updown-5m-1776010500 (ts=1776010500)[0m
2026-04-12 16:15:00.104 [INFO] strategy.window_tracker: Gamma priceToBeat not yet available for btc-updown-5m-1776010500 — fetching in background
[96m2026-04-12 16:15:00.144 [INFO] strategy.window_handler: REGIME vol_stddev=0.078% chop_flips=0.0 outcome=4U/2D over 6w sprt=dormant llr=0.00 age=1w bankroll=$681.38[0m
[96m2026-04-12 16:15:00.145 [WARNING] __main__: window open price captured: 70958.43 (RTDS boundary fallback, oracle_age=1000ms)[0m
[96m2026-04-12 16:15:00.145 [INFO] __main__: window open price captured: 70935.40 (binance)[0m
2026-04-12 16:15:00.660 [INFO] market_data.clob_market_ws: CLOB market subscribed for tokens up=865495724857 down=656738424943
[2m2026-04-12 16:15:26.019 [INFO] __main__: STATUS t=274s delta=-0.0288% dir=down agree=True chain=70937.98 bin=70905.00 open=70958.43 obi=-0.7176 ask_up=0.25 ask_dn=0.76 bid_up=0.24 bid_dn=0.75 halted=True[0m
[2m2026-04-12 16:15:56.134 [INFO] __main__: STATUS t=244s delta=-0.0351% dir=down agree=True chain=70933.52 bin=70908.93 open=70958.43 obi=0.3360 ask_up=0.34 ask_dn=0.67 bid_up=0.33 bid_dn=0.66 halted=True[0m
[2m2026-04-12 16:16:26.258 [INFO] __main__: STATUS t=214s delta=-0.0050% dir=down agree=True chain=70954.87 bin=70932.06 open=70958.43 obi=0.6655 ask_up=0.50 ask_dn=0.51 bid_up=0.49 bid_dn=0.50 halted=True[0m
[2m2026-04-12 16:16:56.391 [INFO] __main__: STATUS t=184s delta=-0.0080% dir=down agree=True chain=70952.78 bin=70927.27 open=70958.43 obi=0.7951 ask_up=0.47 ask_dn=0.54 bid_up=0.46 bid_dn=0.53 halted=True[0m
[2m2026-04-12 16:17:26.526 [INFO] __main__: STATUS t=153s delta=-0.0314% dir=down agree=True chain=70936.13 bin=70906.37 open=70958.43 obi=-0.6095 ask_up=0.23 ask_dn=0.78 bid_up=0.22 bid_dn=0.77 halted=True[0m
[2m2026-04-12 16:17:56.646 [INFO] __main__: STATUS t=123s delta=-0.0392% dir=down agree=True chain=70930.60 bin=70899.83 open=70958.43 obi=0.9399 ask_up=0.20 ask_dn=0.81 bid_up=0.19 bid_dn=0.80 halted=True[0m
[2m2026-04-12 16:18:26.791 [INFO] __main__: STATUS t=93s delta=-0.0600% dir=down agree=True chain=70915.88 bin=70890.01 open=70958.43 obi=-0.5742 ask_up=0.07 ask_dn=0.94 bid_up=0.06 bid_dn=0.93 halted=True[0m
[2m2026-04-12 16:18:56.924 [INFO] __main__: STATUS t=63s delta=-0.0790% dir=down agree=True chain=70902.41 bin=70879.30 open=70958.43 obi=-0.7530 ask_up=0.03 ask_dn=0.98 bid_up=0.02 bid_dn=0.97 halted=True[0m
[2m2026-04-12 16:19:27.069 [INFO] __main__: STATUS t=33s delta=-0.0821% dir=down agree=True chain=70900.20 bin=70873.09 open=70958.43 obi=0.1208 ask_up=0.01 ask_dn=1.00 bid_up=0.01 bid_dn=0.99 halted=True[0m
[2m2026-04-12 16:19:57.215 [INFO] __main__: STATUS t=3s delta=-0.0811% dir=down agree=True chain=70900.90 bin=70873.09 open=70958.43 obi=0.4375 ask_up=0.01 ask_dn=1.00 bid_up=0.01 bid_dn=0.99 halted=True[0m
[37m2026-04-12 16:20:00.229 [INFO] execution.paper_trading: paper window_ts=1776010500 [SKIP] pnl=0.0000 direction=down outcome=down - balance=$928.59 bid_up=0.01 ask_up=0.01 bid_dn=0.99 ask_dn=1.00[0m
[93m[1m2026-04-12 16:20:00.229 [INFO] risk.position_tracker: WINDOW_SUMMARY window_pnl=$0.0000 session_pnl=$-90.3888 won=$29.1067 lost=$119.4955 wr=50.0% (5/10) consec_losses=3[0m
[37m2026-04-12 16:20:00.235 [INFO] strategy.window_handler: WINDOW_DECISION [SKIP] rank=1 side=up pnl=$0.0000 entry=0.00 size=$0.00 (no fire)[0m
[96m[1m2026-04-12 16:20:00.237 [INFO] strategy.window_tracker: new window: btc-updown-5m-1776010800 (ts=1776010800)[0m
2026-04-12 16:20:00.247 [INFO] strategy.window_tracker: Gamma priceToBeat not yet available for btc-updown-5m-1776010800 — fetching in background
[96m2026-04-12 16:20:00.282 [INFO] strategy.window_handler: REGIME vol_stddev=0.079% chop_flips=0.0 outcome=3U/3D over 6w sprt=dormant llr=0.00 age=2w bankroll=$681.38[0m
[96m2026-04-12 16:20:00.282 [WARNING] __main__: window open price captured: 70901.26 (RTDS boundary fallback, oracle_age=1000ms)[0m
[96m2026-04-12 16:20:00.283 [INFO] __main__: window open price captured: 70873.10 (binance)[0m
2026-04-12 16:20:00.873 [INFO] market_data.clob_market_ws: CLOB market subscribed for tokens up=545125232803 down=611467907715
[2m2026-04-12 16:20:27.413 [INFO] __main__: STATUS t=273s delta=-0.0008% dir=down agree=True chain=70900.69 bin=70873.10 open=70901.26 obi=0.0931 ask_up=0.51 ask_dn=0.50 bid_up=0.50 bid_dn=0.49 halted=True[0m
[2m2026-04-12 16:20:57.530 [INFO] __main__: STATUS t=242s delta=0.0002% dir=up agree=False chain=70901.42 bin=70873.10 open=70901.26 obi=-0.0133 ask_up=0.51 ask_dn=0.50 bid_up=0.50 bid_dn=0.49 halted=True[0m
[2m2026-04-12 16:21:27.672 [INFO] __main__: STATUS t=212s delta=-0.0057% dir=down agree=True chain=70897.20 bin=70863.28 open=70901.26 obi=-0.5228 ask_up=0.39 ask_dn=0.62 bid_up=0.38 bid_dn=0.61 halted=True[0m
[2m2026-04-12 16:21:57.793 [INFO] __main__: STATUS t=182s delta=-0.0517% dir=down agree=True chain=70864.61 bin=70838.76 open=70901.26 obi=0.7372 ask_up=0.21 ask_dn=0.80 bid_up=0.20 bid_dn=0.79 halted=True[0m
[2m2026-04-12 16:22:27.918 [INFO] __main__: STATUS t=152s delta=-0.0332% dir=down agree=True chain=70877.72 bin=70867.25 open=70901.26 obi=0.7971 ask_up=0.40 ask_dn=0.61 bid_up=0.39 bid_dn=0.60 halted=True[0m
[2m2026-04-12 16:22:58.040 [INFO] __main__: STATUS t=122s delta=-0.0059% dir=down agree=True chain=70897.06 bin=70872.37 open=70901.26 obi=0.9092 ask_up=0.52 ask_dn=0.49 bid_up=0.51 bid_dn=0.48 halted=True[0m
[2m2026-04-12 16:23:28.198 [INFO] __main__: STATUS t=92s delta=0.0288% dir=up agree=False chain=70921.67 bin=70899.76 open=70901.26 obi=0.7829 ask_up=0.86 ask_dn=0.15 bid_up=0.85 bid_dn=0.14 halted=True[0m
[2m2026-04-12 16:23:58.321 [INFO] __main__: STATUS t=62s delta=0.0197% dir=up agree=False chain=70915.21 bin=70891.60 open=70901.26 obi=-0.3297 ask_up=0.75 ask_dn=0.26 bid_up=0.74 bid_dn=0.25 halted=True[0m
[2m2026-04-12 16:24:28.451 [INFO] __main__: STATUS t=32s delta=0.0686% dir=up agree=True chain=70949.90 bin=70923.44 open=70901.26 obi=0.7462 ask_up=1.00 ask_dn=0.01 bid_up=0.99 bid_dn=0.01 halted=True[0m
[2m2026-04-12 16:24:58.592 [INFO] __main__: STATUS t=1s delta=0.0850% dir=up agree=True chain=70961.51 bin=70932.89 open=70901.26 obi=0.7086 ask_up=1.00 ask_dn=0.01 bid_up=0.99 bid_dn=0.01 halted=True[0m
[37m2026-04-12 16:25:00.103 [INFO] execution.paper_trading: paper window_ts=1776010800 [SKIP] pnl=0.0000 direction=up outcome=up - balance=$928.59 bid_up=0.99 ask_up=1.00 bid_dn=0.01 ask_dn=0.01[0m
[93m[1m2026-04-12 16:25:00.104 [INFO] risk.position_tracker: WINDOW_SUMMARY window_pnl=$0.0000 session_pnl=$-90.3888 won=$29.1067 lost=$119.4955 wr=50.0% (5/10) consec_losses=3[0m
[37m2026-04-12 16:25:00.110 [INFO] strategy.window_handler: WINDOW_DECISION [SKIP] rank=1 side=up pnl=$0.0000 entry=0.00 size=$0.00 (no fire)[0m
[96m[1m2026-04-12 16:25:00.111 [INFO] strategy.window_tracker: new window: btc-updown-5m-1776011100 (ts=1776011100)[0m
2026-04-12 16:25:00.123 [INFO] strategy.window_tracker: Gamma priceToBeat not yet available for btc-updown-5m-1776011100 — fetching in background
[96m2026-04-12 16:25:00.169 [INFO] strategy.window_handler: REGIME vol_stddev=0.080% chop_flips=0.0 outcome=3U/3D over 6w sprt=dormant llr=0.00 age=3w bankroll=$681.38[0m
[96m2026-04-12 16:25:00.170 [WARNING] __main__: window open price captured: 70961.17 (RTDS boundary fallback, oracle_age=1000ms)[0m
[96m2026-04-12 16:25:00.170 [INFO] __main__: window open price captured: 70939.25 (binance)[0m
2026-04-12 16:25:01.072 [INFO] market_data.clob_market_ws: CLOB market subscribed for tokens up=744299886579 down=599016519921
[2m2026-04-12 16:25:28.619 [INFO] __main__: STATUS t=271s delta=-0.0032% dir=down agree=True chain=70958.88 bin=70924.04 open=70961.17 obi=-0.9526 ask_up=0.37 ask_dn=0.65 bid_up=0.35 bid_dn=0.63 halted=True[0m
[2m2026-04-12 16:25:58.744 [INFO] __main__: STATUS t=241s delta=-0.0328% dir=down agree=True chain=70937.91 bin=70910.78 open=70961.17 obi=-0.3552 ask_up=0.28 ask_dn=0.73 bid_up=0.27 bid_dn=0.72 halted=True[0m
[2m2026-04-12 16:26:28.868 [INFO] __main__: STATUS t=211s delta=-0.0136% dir=down agree=True chain=70951.54 bin=70925.99 open=70961.17 obi=0.2537 ask_up=0.43 ask_dn=0.58 bid_up=0.42 bid_dn=0.57 halted=True[0m
[2m2026-04-12 16:26:58.996 [INFO] __main__: STATUS t=181s delta=-0.0219% dir=down agree=True chain=70945.64 bin=70920.12 open=70961.17 obi=0.2922 ask_up=0.41 ask_dn=0.60 bid_up=0.40 bid_dn=0.59 halted=True[0m
[2m2026-04-12 16:27:29.132 [INFO] __main__: STATUS t=151s delta=-0.0233% dir=down agree=True chain=70944.66 bin=70925.98 open=70961.17 obi=0.7858 ask_up=0.42 ask_dn=0.59 bid_up=0.41 bid_dn=0.58 halted=True[0m
[2m2026-04-12 16:27:59.258 [INFO] __main__: STATUS t=121s delta=-0.0024% dir=down agree=True chain=70959.49 bin=70929.99 open=70961.17 obi=-0.0885 ask_up=0.41 ask_dn=0.60 bid_up=0.40 bid_dn=0.59 halted=True[0m
[2m2026-04-12 16:28:29.402 [INFO] __main__: STATUS t=91s delta=0.0039% dir=up agree=False chain=70963.92 bin=70938.69 open=70961.17 obi=-0.0437 ask_up=0.55 ask_dn=0.47 bid_up=0.53 bid_dn=0.45 halted=True[0m
[2m2026-04-12 16:28:59.523 [INFO] __main__: STATUS t=60s delta=-0.0197% dir=down agree=True chain=70947.17 bin=70932.64 open=70961.17 obi=0.8811 ask_up=0.47 ask_dn=0.54 bid_up=0.46 bid_dn=0.53 halted=True[0m
[2m2026-04-12 16:29:29.659 [INFO] __main__: STATUS t=30s delta=0.0087% dir=up agree=False chain=70967.36 bin=70942.45 open=70961.17 obi=-0.9970 ask_up=0.48 ask_dn=0.53 bid_up=0.47 bid_dn=0.52 halted=True[0m
[2m2026-04-12 16:29:59.780 [INFO] __main__: STATUS t=0s delta=-0.0091% dir=down agree=True chain=70954.73 bin=70925.99 open=70961.17 obi=-0.0272 ask_up=0.01 ask_dn=1.00 bid_up=0.01 bid_dn=0.99 halted=True[0m
[37m2026-04-12 16:30:00.033 [INFO] execution.paper_trading: paper window_ts=1776011100 [SKIP] pnl=0.0000 direction=down outcome=down - balance=$928.59 bid_up=0.01 ask_up=0.02 bid_dn=0.98 ask_dn=0.99[0m
[93m[1m2026-04-12 16:30:00.033 [INFO] risk.position_tracker: WINDOW_SUMMARY window_pnl=$0.0000 session_pnl=$-90.3888 won=$29.1067 lost=$119.4955 wr=50.0% (5/10) consec_losses=3[0m
[37m2026-04-12 16:30:00.044 [INFO] strategy.window_handler: WINDOW_DECISION [SKIP] rank=1 side=up pnl=$0.0000 entry=0.00 size=$0.00 (no fire)[0m
[96m[1m2026-04-12 16:30:00.044 [INFO] strategy.window_tracker: new window: btc-updown-5m-1776011400 (ts=1776011400)[0m
2026-04-12 16:30:00.054 [INFO] strategy.window_tracker: Gamma priceToBeat not yet available for btc-updown-5m-1776011400 — fetching in background
[96m2026-04-12 16:30:00.103 [INFO] strategy.window_handler: REGIME vol_stddev=0.080% chop_flips=0.0 outcome=3U/3D over 6w sprt=dormant llr=0.00 age=4w bankroll=$681.38[0m
[96m2026-04-12 16:30:00.104 [WARNING] __main__: window open price captured: 70954.73 (RTDS boundary fallback, oracle_age=1000ms)[0m
[96m2026-04-12 16:30:00.104 [INFO] __main__: window open price captured: 70925.98 (binance)[0m
2026-04-12 16:30:00.277 [INFO] market_data.clob_market_ws: CLOB market subscribed for tokens up=115468873348 down=751641835869
[2m2026-04-12 16:30:30.001 [INFO] __main__: STATUS t=270s delta=0.0061% dir=up agree=False chain=70959.06 bin=70933.09 open=70954.73 obi=0.6864 ask_up=0.60 ask_dn=0.41 bid_up=0.59 bid_dn=0.40 halted=True[0m
[2m2026-04-12 16:31:00.125 [INFO] __main__: STATUS t=240s delta=0.0200% dir=up agree=False chain=70968.89 bin=70949.99 open=70954.73 obi=-0.8869 ask_up=0.68 ask_dn=0.33 bid_up=0.67 bid_dn=0.32 halted=True[0m
[2m2026-04-12 16:31:30.261 [INFO] __main__: STATUS t=210s delta=0.0170% dir=up agree=False chain=70966.76 bin=70939.52 open=70954.73 obi=-0.6033 ask_up=0.57 ask_dn=0.44 bid_up=0.56 bid_dn=0.43 halted=True[0m
[2m2026-04-12 16:32:00.386 [INFO] __main__: STATUS t=180s delta=0.0170% dir=up agree=False chain=70966.79 bin=70939.52 open=70954.73 obi=-0.2791 ask_up=0.61 ask_dn=0.40 bid_up=0.60 bid_dn=0.39 halted=True[0m
[2m2026-04-12 16:32:30.517 [INFO] __main__: STATUS t=149s delta=0.0167% dir=up agree=False chain=70966.56 bin=70939.52 open=70954.73 obi=0.6139 ask_up=0.65 ask_dn=0.36 bid_up=0.64 bid_dn=0.35 halted=True[0m
[2m2026-04-12 16:33:00.640 [INFO] __main__: STATUS t=119s delta=0.0116% dir=up agree=False chain=70962.96 bin=70933.34 open=70954.73 obi=-0.7731 ask_up=0.52 ask_dn=0.49 bid_up=0.51 bid_dn=0.48 halted=True[0m
[2m2026-04-12 16:33:30.768 [INFO] __main__: STATUS t=89s delta=0.0082% dir=up agree=False chain=70960.52 bin=70933.35 open=70954.73 obi=0.4111 ask_up=0.62 ask_dn=0.39 bid_up=0.61 bid_dn=0.38 halted=True[0m
[2m2026-04-12 16:34:00.887 [INFO] __main__: STATUS t=59s delta=0.0077% dir=up agree=False chain=70960.16 bin=70933.34 open=70954.73 obi=0.1312 ask_up=0.64 ask_dn=0.37 bid_up=0.63 bid_dn=0.36 halted=True[0m
[2m2026-04-12 16:34:31.014 [INFO] __main__: STATUS t=29s delta=0.0111% dir=up agree=False chain=70962.60 bin=70933.34 open=70954.73 obi=0.7917 ask_up=0.94 ask_dn=0.07 bid_up=0.93 bid_dn=0.06 halted=True[0m
[37m2026-04-12 16:35:00.133 [INFO] execution.paper_trading: paper window_ts=1776011400 [SKIP] pnl=0.0000 direction=up outcome=up - balance=$928.59 bid_up=0.99 ask_up=1.00 bid_dn=0.02 ask_dn=0.01[0m
[93m[1m2026-04-12 16:35:00.133 [INFO] risk.position_tracker: WINDOW_SUMMARY window_pnl=$0.0000 session_pnl=$-90.3888 won=$29.1067 lost=$119.4955 wr=50.0% (5/10) consec_losses=3[0m
[37m2026-04-12 16:35:00.139 [INFO] strategy.window_handler: WINDOW_DECISION [SKIP] rank=1 side=up pnl=$0.0000 entry=0.00 size=$0.00 (no fire)[0m
[96m[1m2026-04-12 16:35:00.139 [INFO] strategy.window_tracker: new window: btc-updown-5m-1776011700 (ts=1776011700)[0m
2026-04-12 16:35:00.149 [INFO] strategy.window_tracker: Gamma priceToBeat not yet available for btc-updown-5m-1776011700 — fetching in background
[96m2026-04-12 16:35:00.183 [INFO] strategy.window_handler: REGIME vol_stddev=0.079% chop_flips=0.0 outcome=3U/3D over 6w sprt=dormant llr=0.00 age=5w bankroll=$681.38[0m
[96m2026-04-12 16:35:00.184 [WARNING] __main__: window open price captured: 70963.27 (RTDS boundary fallback, oracle_age=1000ms)[0m
[96m2026-04-12 16:35:00.185 [INFO] __main__: window open price captured: 70934.90 (binance)[0m
2026-04-12 16:35:00.470 [INFO] market_data.clob_market_ws: CLOB market subscribed for tokens up=404912940146 down=736804733835
[2m2026-04-12 16:35:01.191 [INFO] __main__: STATUS t=299s delta=-0.0002% dir=down agree=True chain=70963.13 bin=70934.90 open=70963.27 obi=0.7737 ask_up=0.51 ask_dn=0.50 bid_up=0.50 bid_dn=0.49 halted=True[0m
[2m2026-04-12 16:35:31.342 [INFO] __main__: STATUS t=269s delta=-0.0363% dir=down agree=True chain=70937.48 bin=70914.29 open=70963.27 obi=-0.9472 ask_up=0.24 ask_dn=0.77 bid_up=0.23 bid_dn=0.76 halted=True[0m
[2m2026-04-12 16:36:01.463 [INFO] __main__: STATUS t=239s delta=-0.0290% dir=down agree=True chain=70942.70 bin=70915.36 open=70963.27 obi=0.3889 ask_up=0.29 ask_dn=0.72 bid_up=0.28 bid_dn=0.71 halted=True[0m
[2m2026-04-12 16:36:31.586 [INFO] __main__: STATUS t=208s delta=-0.0320% dir=down agree=True chain=70940.55 bin=70913.18 open=70963.27 obi=0.6065 ask_up=0.31 ask_dn=0.70 bid_up=0.30 bid_dn=0.69 halted=True[0m
[2m2026-04-12 16:37:01.704 [INFO] __main__: STATUS t=178s delta=-0.0437% dir=down agree=True chain=70932.24 bin=70902.03 open=70963.27 obi=-0.4226 ask_up=0.17 ask_dn=0.84 bid_up=0.16 bid_dn=0.83 halted=True[0m
[2m2026-04-12 16:37:31.827 [INFO] __main__: STATUS t=148s delta=-0.0560% dir=down agree=True chain=70923.50 bin=70887.85 open=70963.27 obi=-0.9666 ask_up=0.07 ask_dn=0.94 bid_up=0.06 bid_dn=0.93 halted=True[0m
[2m2026-04-12 16:38:01.955 [INFO] __main__: STATUS t=118s delta=-0.0758% dir=down agree=True chain=70909.46 bin=70885.93 open=70963.27 obi=-0.7182 ask_up=0.06 ask_dn=0.95 bid_up=0.05 bid_dn=0.94 halted=True[0m
[2m2026-04-12 16:38:32.091 [INFO] __main__: STATUS t=88s delta=-0.0728% dir=down agree=True chain=70911.61 bin=70885.93 open=70963.27 obi=-0.2698 ask_up=0.03 ask_dn=0.98 bid_up=0.02 bid_dn=0.97 halted=True[0m
[2m2026-04-12 16:39:02.219 [INFO] __main__: STATUS t=58s delta=-0.0576% dir=down agree=True chain=70922.38 bin=70895.58 open=70963.27 obi=0.4775 ask_up=0.05 ask_dn=0.96 bid_up=0.04 bid_dn=0.95 halted=True[0m
[2m2026-04-12 16:39:32.351 [INFO] __main__: STATUS t=28s delta=-0.0626% dir=down agree=True chain=70918.86 bin=70889.34 open=70963.27 obi=0.2174 ask_up=0.01 ask_dn=1.00 bid_up=0.01 bid_dn=0.99 halted=True[0m
[37m2026-04-12 16:40:00.222 [INFO] execution.paper_trading: paper window_ts=1776011700 [SKIP] pnl=0.0000 direction=down outcome=down - balance=$928.59 bid_up=0.01 ask_up=0.01 bid_dn=0.99 ask_dn=1.00[0m
[93m[1m2026-04-12 16:40:00.223 [INFO] risk.position_tracker: WINDOW_SUMMARY window_pnl=$0.0000 session_pnl=$-90.3888 won=$29.1067 lost=$119.4955 wr=50.0% (5/10) consec_losses=3[0m
[37m2026-04-12 16:40:00.237 [INFO] strategy.window_handler: WINDOW_DECISION [SKIP] rank=1 side=up pnl=$0.0000 entry=0.00 size=$0.00 (no fire)[0m
[96m[1m2026-04-12 16:40:00.238 [INFO] strategy.window_tracker: new window: btc-updown-5m-1776012000 (ts=1776012000)[0m
2026-04-12 16:40:00.248 [INFO] strategy.window_tracker: Gamma priceToBeat not yet available for btc-updown-5m-1776012000 — fetching in background
[96m2026-04-12 16:40:00.292 [INFO] strategy.window_handler: REGIME vol_stddev=0.074% chop_flips=0.0 outcome=3U/3D over 6w sprt=dormant llr=0.00 age=6w bankroll=$681.38[0m
[96m2026-04-12 16:40:00.294 [WARNING] __main__: window open price captured: 70919.51 (RTDS boundary fallback, oracle_age=1000ms)[0m
[96m2026-04-12 16:40:00.295 [INFO] __main__: window open price captured: 70889.33 (binance)[0m
2026-04-12 16:40:00.675 [INFO] market_data.clob_market_ws: CLOB market subscribed for tokens up=112533330341 down=100480033378
[2m2026-04-12 16:40:02.593 [INFO] __main__: STATUS t=297s delta=0.0001% dir=up agree=False chain=70919.57 bin=70889.34 open=70919.51 obi=0.5940 ask_up=0.52 ask_dn=0.49 bid_up=0.51 bid_dn=0.48 halted=True[0m
[2m2026-04-12 16:40:32.716 [INFO] __main__: STATUS t=267s delta=0.0006% dir=up agree=False chain=70919.96 bin=70889.34 open=70919.51 obi=0.8792 ask_up=0.52 ask_dn=0.49 bid_up=0.51 bid_dn=0.48 halted=True[0m
[2m2026-04-12 16:41:02.854 [INFO] __main__: STATUS t=237s delta=-0.0142% dir=down agree=True chain=70909.43 bin=70879.99 open=70919.51 obi=0.6365 ask_up=0.38 ask_dn=0.63 bid_up=0.37 bid_dn=0.62 halted=True[0m
[2m2026-04-12 16:41:32.975 [INFO] __main__: STATUS t=207s delta=-0.0294% dir=down agree=True chain=70898.67 bin=70872.37 open=70919.51 obi=0.2355 ask_up=0.30 ask_dn=0.71 bid_up=0.29 bid_dn=0.70 halted=True[0m
[2m2026-04-12 16:42:03.103 [INFO] __main__: STATUS t=177s delta=-0.0227% dir=down agree=True chain=70903.39 bin=70872.38 open=70919.51 obi=0.4305 ask_up=0.23 ask_dn=0.78 bid_up=0.22 bid_dn=0.77 halted=True[0m
[2m2026-04-12 16:42:33.234 [INFO] __main__: STATUS t=147s delta=-0.0195% dir=down agree=True chain=70905.71 bin=70879.16 open=70919.51 obi=0.3171 ask_up=0.28 ask_dn=0.73 bid_up=0.27 bid_dn=0.72 halted=True[0m
[2m2026-04-12 16:43:03.365 [INFO] __main__: STATUS t=117s delta=-0.0321% dir=down agree=True chain=70896.78 bin=70868.26 open=70919.51 obi=0.4608 ask_up=0.18 ask_dn=0.83 bid_up=0.17 bid_dn=0.82 halted=True[0m
[2m2026-04-12 16:43:33.492 [INFO] __main__: STATUS t=87s delta=-0.0462% dir=down agree=True chain=70886.75 bin=70859.86 open=70919.51 obi=-0.8918 ask_up=0.05 ask_dn=0.96 bid_up=0.04 bid_dn=0.95 halted=True[0m
[2m2026-04-12 16:44:03.651 [INFO] __main__: STATUS t=56s delta=-0.0519% dir=down agree=True chain=70882.68 bin=70856.65 open=70919.51 obi=0.6624 ask_up=0.04 ask_dn=0.97 bid_up=0.03 bid_dn=0.96 halted=True[0m
[2m2026-04-12 16:44:33.782 [INFO] __main__: STATUS t=26s delta=-0.0197% dir=down agree=True chain=70905.57 bin=70876.92 open=70919.51 obi=0.9802 ask_up=0.14 ask_dn=0.87 bid_up=0.13 bid_dn=0.86 halted=True[0m
[37m2026-04-12 16:45:00.142 [INFO] execution.paper_trading: paper window_ts=1776012000 [SKIP] pnl=0.0000 direction=down outcome=down - balance=$928.59 bid_up=0.01 ask_up=0.01 bid_dn=0.99 ask_dn=1.00[0m
[93m[1m2026-04-12 16:45:00.142 [INFO] risk.position_tracker: WINDOW_SUMMARY window_pnl=$0.0000 session_pnl=$-90.3888 won=$29.1067 lost=$119.4955 wr=50.0% (5/10) consec_losses=3[0m
[37m2026-04-12 16:45:00.149 [INFO] strategy.window_handler: WINDOW_DECISION [SKIP] rank=1 side=up pnl=$0.0000 entry=0.00 size=$0.00 (no fire)[0m
[96m[1m2026-04-12 16:45:00.149 [INFO] strategy.window_tracker: new window: btc-updown-5m-1776012300 (ts=1776012300)[0m
2026-04-12 16:45:00.162 [INFO] strategy.window_tracker: Gamma priceToBeat not yet available for btc-updown-5m-1776012300 — fetching in background
[96m2026-04-12 16:45:00.220 [INFO] strategy.window_handler: REGIME vol_stddev=0.070% chop_flips=0.0 outcome=2U/4D over 6w sprt=dormant llr=0.00 age=7w bankroll=$681.38[0m
[96m2026-04-12 16:45:00.221 [INFO] strategy.window_handler: KELLY wr_adj=92.4% base=100.0% total_disc=4.6% vol=0.0% chop=0.0% outcome=38.1% feedback=+0.0%[0m
[96m2026-04-12 16:45:00.221 [WARNING] __main__: window open price captured: 70903.03 (RTDS boundary fallback, oracle_age=2000ms)[0m
[96m2026-04-12 16:45:00.221 [INFO] __main__: window open price captured: 70876.92 (binance)[0m
2026-04-12 16:45:00.878 [INFO] market_data.clob_market_ws: CLOB market subscribed for tokens up=101662196496 down=573376959703
[2m2026-04-12 16:45:03.785 [INFO] __main__: STATUS t=296s delta=-0.0019% dir=down agree=True chain=70901.68 bin=70876.91 open=70903.03 obi=0.7865 ask_up=0.56 ask_dn=0.45 bid_up=0.55 bid_dn=0.44 halted=True[0m
[2m2026-04-12 16:45:33.914 [INFO] __main__: STATUS t=266s delta=0.0299% dir=up agree=False chain=70924.24 bin=70896.30 open=70903.03 obi=0.9917 ask_up=0.74 ask_dn=0.27 bid_up=0.73 bid_dn=0.26 halted=True[0m
[2m2026-04-12 16:46:04.054 [INFO] __main__: STATUS t=236s delta=0.0259% dir=up agree=False chain=70921.42 bin=70894.01 open=70903.03 obi=0.0298 ask_up=0.69 ask_dn=0.32 bid_up=0.68 bid_dn=0.31 halted=True[0m
[2m2026-04-12 16:46:34.180 [INFO] __main__: STATUS t=206s delta=0.0209% dir=up agree=False chain=70917.89 bin=70894.01 open=70903.03 obi=-0.1404 ask_up=0.69 ask_dn=0.32 bid_up=0.68 bid_dn=0.31 halted=True[0m
[2m2026-04-12 16:47:04.312 [INFO] __main__: STATUS t=176s delta=0.0013% dir=up agree=False chain=70903.97 bin=70881.75 open=70903.03 obi=-0.3853 ask_up=0.53 ask_dn=0.48 bid_up=0.52 bid_dn=0.47 halted=True[0m
[2m2026-04-12 16:47:34.434 [INFO] __main__: STATUS t=146s delta=0.0046% dir=up agree=False chain=70906.26 bin=70878.92 open=70903.03 obi=0.8875 ask_up=0.65 ask_dn=0.36 bid_up=0.64 bid_dn=0.35 halted=True[0m
[2m2026-04-12 16:48:04.640 [INFO] __main__: STATUS t=115s delta=-0.0099% dir=down agree=True chain=70895.99 bin=70872.42 open=70903.03 obi=-0.4514 ask_up=0.45 ask_dn=0.56 bid_up=0.44 bid_dn=0.55 halted=True[0m
[2m2026-04-12 16:48:34.760 [INFO] __main__: STATUS t=85s delta=-0.0106% dir=down agree=True chain=70895.49 bin=70856.29 open=70903.03 obi=-0.0674 ask_up=0.25 ask_dn=0.76 bid_up=0.24 bid_dn=0.75 halted=True[0m
[2m2026-04-12 16:49:04.890 [INFO] __main__: STATUS t=55s delta=-0.0301% dir=down agree=True chain=70881.67 bin=70854.00 open=70903.03 obi=-0.9992 ask_up=0.07 ask_dn=0.94 bid_up=0.06 bid_dn=0.93 halted=True[0m
[2m2026-04-12 16:49:35.021 [INFO] __main__: STATUS t=25s delta=-0.0464% dir=down agree=True chain=70870.16 bin=70842.51 open=70903.03 obi=0.9119 ask_up=0.03 ask_dn=0.98 bid_up=0.02 bid_dn=0.97 halted=True[0m
[37m2026-04-12 16:50:00.128 [INFO] execution.paper_trading: paper window_ts=1776012300 [SKIP] pnl=0.0000 direction=down outcome=down - balance=$928.59 bid_up=0.01 ask_up=0.01 bid_dn=0.99 ask_dn=1.00[0m
[93m[1m2026-04-12 16:50:00.131 [INFO] risk.position_tracker: WINDOW_SUMMARY window_pnl=$0.0000 session_pnl=$-90.3888 won=$29.1067 lost=$119.4955 wr=50.0% (5/10) consec_losses=3[0m
[37m2026-04-12 16:50:00.139 [INFO] strategy.window_handler: WINDOW_DECISION [SKIP] rank=1 side=up pnl=$0.0000 entry=0.00 size=$0.00 (no fire)[0m
[96m[1m2026-04-12 16:50:00.139 [INFO] strategy.window_tracker: new window: btc-updown-5m-1776012600 (ts=1776012600)[0m
2026-04-12 16:50:00.149 [INFO] strategy.window_tracker: Gamma priceToBeat not yet available for btc-updown-5m-1776012600 — fetching in background
[96m2026-04-12 16:50:00.203 [INFO] strategy.window_handler: REGIME vol_stddev=0.066% chop_flips=0.0 outcome=2U/4D over 6w sprt=dormant llr=0.00 age=8w bankroll=$681.38[0m
[96m2026-04-12 16:50:00.211 [INFO] strategy.window_handler: KELLY wr_adj=92.4% base=100.0% total_disc=4.6% vol=0.0% chop=0.0% outcome=38.1% feedback=+0.0%[0m
[96m2026-04-12 16:50:00.212 [WARNING] __main__: window open price captured: 70882.61 (RTDS boundary fallback, oracle_age=1000ms)[0m
[96m2026-04-12 16:50:00.212 [INFO] __main__: window open price captured: 70855.06 (binance)[0m
2026-04-12 16:50:01.086 [INFO] market_data.clob_market_ws: CLOB market subscribed for tokens up=291217713878 down=113732913974
[2m2026-04-12 16:50:05.048 [INFO] __main__: STATUS t=295s delta=-0.0001% dir=down agree=True chain=70882.52 bin=70855.07 open=70882.61 obi=-0.0335 ask_up=0.54 ask_dn=0.47 bid_up=0.53 bid_dn=0.46 halted=True[0m
[2m2026-04-12 16:50:35.170 [INFO] __main__: STATUS t=265s delta=-0.0012% dir=down agree=True chain=70881.76 bin=70855.06 open=70882.61 obi=-0.2819 ask_up=0.54 ask_dn=0.47 bid_up=0.53 bid_dn=0.46 halted=True[0m
[2m2026-04-12 16:51:05.305 [INFO] __main__: STATUS t=235s delta=-0.0000% dir=down agree=True chain=70882.58 bin=70855.06 open=70882.61 obi=0.1106 ask_up=0.53 ask_dn=0.48 bid_up=0.52 bid_dn=0.47 halted=True[0m
[2m2026-04-12 16:51:35.427 [INFO] __main__: STATUS t=205s delta=0.0438% dir=up agree=True chain=70913.65 bin=70887.78 open=70882.61 obi=0.3874 ask_up=0.84 ask_dn=0.17 bid_up=0.83 bid_dn=0.16 halted=True[0m
[2m2026-04-12 16:52:05.564 [INFO] __main__: STATUS t=174s delta=0.0486% dir=up agree=True chain=70917.08 bin=70893.99 open=70882.61 obi=-0.5063 ask_up=0.91 ask_dn=0.10 bid_up=0.90 bid_dn=0.09 halted=True[0m
[2m2026-04-12 16:52:35.685 [INFO] __main__: STATUS t=144s delta=0.0543% dir=up agree=True chain=70921.10 bin=70887.77 open=70882.61 obi=-0.2685 ask_up=0.83 ask_dn=0.18 bid_up=0.82 bid_dn=0.17 halted=True[0m
[2m2026-04-12 16:53:05.826 [INFO] __main__: STATUS t=114s delta=0.0129% dir=up agree=False chain=70891.76 bin=70869.14 open=70882.61 obi=-0.2602 ask_up=0.72 ask_dn=0.29 bid_up=0.71 bid_dn=0.28 halted=True[0m
[2m2026-04-12 16:53:35.947 [INFO] __main__: STATUS t=84s delta=0.0223% dir=up agree=False chain=70898.44 bin=70877.25 open=70882.61 obi=-0.4822 ask_up=0.83 ask_dn=0.18 bid_up=0.82 bid_dn=0.17 halted=True[0m
[2m2026-04-12 16:54:06.175 [INFO] __main__: STATUS t=54s delta=0.0436% dir=up agree=True chain=70913.48 bin=70887.78 open=70882.61 obi=0.7699 ask_up=0.95 ask_dn=0.06 bid_up=0.94 bid_dn=0.05 halted=True[0m
[2m2026-04-12 16:54:36.297 [INFO] __main__: STATUS t=24s delta=0.0391% dir=up agree=True chain=70910.35 bin=70887.77 open=70882.61 obi=-0.7993 ask_up=0.98 ask_dn=0.03 bid_up=0.97 bid_dn=0.02 halted=True[0m
[37m2026-04-12 16:55:00.154 [INFO] execution.paper_trading: paper window_ts=1776012600 [SKIP] pnl=0.0000 direction=up outcome=up - balance=$928.59 bid_up=0.99 ask_up=1.00 bid_dn=0.01 ask_dn=0.01[0m
[93m[1m2026-04-12 16:55:00.155 [INFO] risk.position_tracker: WINDOW_SUMMARY window_pnl=$0.0000 session_pnl=$-90.3888 won=$29.1067 lost=$119.4955 wr=50.0% (5/10) consec_losses=3[0m
[37m2026-04-12 16:55:00.161 [INFO] strategy.window_handler: WINDOW_DECISION [SKIP] rank=1 side=up pnl=$0.0000 entry=0.00 size=$0.00 (no fire)[0m
[96m[1m2026-04-12 16:55:00.161 [INFO] strategy.window_tracker: new window: btc-updown-5m-1776012900 (ts=1776012900)[0m
2026-04-12 16:55:00.171 [INFO] strategy.window_tracker: Gamma priceToBeat not yet available for btc-updown-5m-1776012900 — fetching in background
[96m2026-04-12 16:55:00.222 [INFO] strategy.window_handler: REGIME vol_stddev=0.064% chop_flips=0.0 outcome=2U/4D over 6w sprt=active_100pct llr=0.00 age=9w bankroll=$681.38[0m
[96m2026-04-12 16:55:00.222 [INFO] strategy.window_handler: KELLY wr_adj=92.4% base=100.0% total_disc=4.6% vol=0.0% chop=0.0% outcome=38.1% feedback=+0.0%[0m
[96m2026-04-12 16:55:00.222 [WARNING] __main__: window open price captured: 70909.09 (RTDS boundary fallback, oracle_age=3000ms)[0m
[96m2026-04-12 16:55:00.222 [INFO] __main__: window open price captured: 70880.70 (binance)[0m
2026-04-12 16:55:00.280 [INFO] market_data.clob_market_ws: CLOB market subscribed for tokens up=101392022962 down=298692768443
[2m2026-04-12 16:55:06.514 [INFO] __main__: STATUS t=293s delta=0.0060% dir=up agree=False chain=70913.34 bin=70887.72 open=70909.09 obi=0.8699 ask_up=0.59 ask_dn=0.42 bid_up=0.58 bid_dn=0.41 halted=True[0m
[2m2026-04-12 16:55:36.644 [INFO] __main__: STATUS t=263s delta=0.0082% dir=up agree=False chain=70914.92 bin=70887.72 open=70909.09 obi=0.4388 ask_up=0.62 ask_dn=0.39 bid_up=0.61 bid_dn=0.38 halted=True[0m
[2m2026-04-12 16:56:06.781 [INFO] __main__: STATUS t=233s delta=-0.0072% dir=down agree=True chain=70904.02 bin=70882.58 open=70909.09 obi=-0.7408 ask_up=0.43 ask_dn=0.58 bid_up=0.42 bid_dn=0.57 halted=True[0m
[2m2026-04-12 16:56:36.904 [INFO] __main__: STATUS t=203s delta=-0.0143% dir=down agree=True chain=70898.97 bin=70870.80 open=70909.09 obi=-0.9337 ask_up=0.31 ask_dn=0.70 bid_up=0.30 bid_dn=0.69 halted=True[0m
[2m2026-04-12 16:57:07.058 [INFO] __main__: STATUS t=173s delta=-0.0211% dir=down agree=True chain=70894.16 bin=70870.79 open=70909.09 obi=-0.7903 ask_up=0.29 ask_dn=0.72 bid_up=0.28 bid_dn=0.71 halted=True[0m
[2m2026-04-12 16:57:37.179 [INFO] __main__: STATUS t=143s delta=-0.0207% dir=down agree=True chain=70894.39 bin=70870.80 open=70909.09 obi=-0.7871 ask_up=0.25 ask_dn=0.76 bid_up=0.24 bid_dn=0.75 halted=True[0m
[2m2026-04-12 16:58:07.308 [INFO] __main__: STATUS t=113s delta=-0.0202% dir=down agree=True chain=70894.74 bin=70870.79 open=70909.09 obi=-0.6177 ask_up=0.20 ask_dn=0.81 bid_up=0.19 bid_dn=0.80 halted=True[0m
[2m2026-04-12 16:58:37.438 [INFO] __main__: STATUS t=83s delta=-0.0171% dir=down agree=True chain=70896.93 bin=70870.79 open=70909.09 obi=-0.4760 ask_up=0.17 ask_dn=0.84 bid_up=0.16 bid_dn=0.83 halted=True[0m
[2m2026-04-12 16:59:07.582 [INFO] __main__: STATUS t=52s delta=0.0243% dir=up agree=False chain=70926.34 bin=70902.77 open=70909.09 obi=0.9827 ask_up=0.89 ask_dn=0.12 bid_up=0.88 bid_dn=0.11 halted=True[0m
[2m2026-04-12 16:59:37.712 [INFO] __main__: STATUS t=22s delta=0.0749% dir=up agree=True chain=70962.23 bin=70939.46 open=70909.09 obi=0.8208 ask_up=0.99 ask_dn=0.02 bid_up=0.98 bid_dn=0.01 halted=True[0m
[37m2026-04-12 17:00:00.065 [INFO] execution.paper_trading: paper window_ts=1776012900 [SKIP] pnl=0.0000 direction=up outcome=up - balance=$928.59 bid_up=0.99 ask_up=1.00 bid_dn=0.01 ask_dn=0.01[0m
[93m[1m2026-04-12 17:00:00.066 [INFO] risk.position_tracker: WINDOW_SUMMARY window_pnl=$0.0000 session_pnl=$-90.3888 won=$29.1067 lost=$119.4955 wr=50.0% (5/10) consec_losses=3[0m
[37m2026-04-12 17:00:00.074 [INFO] strategy.window_handler: WINDOW_DECISION [SKIP] rank=1 side=up pnl=$0.0000 entry=0.00 size=$0.00 (no fire)[0m
[96m[1m2026-04-12 17:00:00.081 [INFO] strategy.window_tracker: new window: btc-updown-5m-1776013200 (ts=1776013200)[0m
2026-04-12 17:00:00.105 [INFO] strategy.window_tracker: Gamma priceToBeat not yet available for btc-updown-5m-1776013200 — fetching in background
[96m2026-04-12 17:00:00.188 [INFO] strategy.window_handler: REGIME vol_stddev=0.066% chop_flips=0.0 outcome=3U/3D over 6w sprt=active_100pct llr=0.00 age=10w bankroll=$681.38[0m
[96m2026-04-12 17:00:00.188 [WARNING] __main__: window open price captured: 70962.08 (RTDS boundary fallback, oracle_age=1000ms)[0m
[96m2026-04-12 17:00:00.188 [INFO] __main__: window open price captured: 70936.27 (binance)[0m
2026-04-12 17:00:00.494 [INFO] market_data.clob_market_ws: CLOB market subscribed for tokens up=763902672668 down=107801824883
[2m2026-04-12 17:00:07.773 [INFO] __main__: STATUS t=292s delta=0.0201% dir=up agree=False chain=70976.38 bin=70949.51 open=70962.08 obi=0.0993 ask_up=0.70 ask_dn=0.31 bid_up=0.69 bid_dn=0.30 halted=True[0m
[2m2026-04-12 17:00:37.894 [INFO] __main__: STATUS t=262s delta=0.0096% dir=up agree=False chain=70968.88 bin=70952.95 open=70962.08 obi=0.2908 ask_up=0.62 ask_dn=0.42 bid_up=0.58 bid_dn=0.38 halted=True[0m
[2m2026-04-12 17:01:08.085 [INFO] __main__: STATUS t=232s delta=0.0247% dir=up agree=False chain=70979.58 bin=70949.04 open=70962.08 obi=0.9636 ask_up=0.66 ask_dn=0.35 bid_up=0.65 bid_dn=0.34 halted=True[0m
[2m2026-04-12 17:01:38.207 [INFO] __main__: STATUS t=202s delta=0.0141% dir=up agree=False chain=70972.06 bin=70944.87 open=70962.08 obi=-0.1526 ask_up=0.58 ask_dn=0.43 bid_up=0.57 bid_dn=0.42 halted=True[0m
[2m2026-04-12 17:02:08.335 [INFO] __main__: STATUS t=172s delta=0.0187% dir=up agree=False chain=70975.33 bin=70944.87 open=70962.08 obi=-0.3620 ask_up=0.64 ask_dn=0.37 bid_up=0.63 bid_dn=0.36 halted=True[0m
[2m2026-04-12 17:02:38.458 [INFO] __main__: STATUS t=142s delta=0.0102% dir=up agree=False chain=70969.30 bin=70940.76 open=70962.08 obi=-0.0816 ask_up=0.55 ask_dn=0.46 bid_up=0.54 bid_dn=0.45 halted=True[0m
[2m2026-04-12 17:03:08.581 [INFO] __main__: STATUS t=111s delta=0.0366% dir=up agree=False chain=70988.05 bin=70956.60 open=70962.08 obi=-0.6902 ask_up=0.59 ask_dn=0.42 bid_up=0.58 bid_dn=0.41 halted=True[0m
[2m2026-04-12 17:03:38.700 [INFO] __main__: STATUS t=81s delta=0.0649% dir=up agree=True chain=71008.13 bin=70982.15 open=70962.08 obi=-0.0195 ask_up=0.94 ask_dn=0.07 bid_up=0.93 bid_dn=0.06 halted=True[0m
[2m2026-04-12 17:04:08.837 [INFO] __main__: STATUS t=51s delta=0.0684% dir=up agree=True chain=71010.65 bin=70982.18 open=70962.08 obi=0.9527 ask_up=0.99 ask_dn=0.99 bid_up=0.01 bid_dn=0.01 halted=True[0m
[2m2026-04-12 17:04:38.974 [INFO] __main__: STATUS t=21s delta=0.0799% dir=up agree=True chain=71018.80 bin=70992.44 open=70962.08 obi=0.4121 ask_up=1.00 ask_dn=0.01 bid_up=0.99 bid_dn=0.01 halted=True[0m
[37m2026-04-12 17:05:00.069 [INFO] execution.paper_trading: paper window_ts=1776013200 [SKIP] pnl=0.0000 direction=up outcome=up - balance=$928.59 bid_up=0.99 ask_up=1.00 bid_dn=0.01 ask_dn=0.01[0m
[93m[1m2026-04-12 17:05:00.070 [INFO] risk.position_tracker: WINDOW_SUMMARY window_pnl=$0.0000 session_pnl=$-90.3888 won=$29.1067 lost=$119.4955 wr=50.0% (5/10) consec_losses=3[0m
[37m2026-04-12 17:05:00.075 [INFO] strategy.window_handler: WINDOW_DECISION [SKIP] rank=1 side=up pnl=$0.0000 entry=0.00 size=$0.00 (no fire)[0m
[96m[1m2026-04-12 17:05:00.075 [INFO] strategy.window_tracker: new window: btc-updown-5m-1776013500 (ts=1776013500)[0m
2026-04-12 17:05:00.083 [INFO] strategy.window_tracker: Gamma priceToBeat not yet available for btc-updown-5m-1776013500 — fetching in background
[96m2026-04-12 17:05:00.132 [INFO] strategy.window_handler: REGIME vol_stddev=0.065% chop_flips=0.0 outcome=3U/3D over 6w sprt=active_100pct llr=0.00 age=11w bankroll=$681.38[0m
[96m2026-04-12 17:05:00.134 [WARNING] __main__: window open price captured: 70995.10 (RTDS boundary fallback, oracle_age=1000ms)[0m
[96m2026-04-12 17:05:00.135 [INFO] __main__: window open price captured: 70967.11 (binance)[0m
2026-04-12 17:05:00.706 [INFO] market_data.clob_market_ws: CLOB market subscribed for tokens up=569467955591 down=684028402635
[2m2026-04-12 17:05:09.220 [INFO] __main__: STATUS t=291s delta=0.0257% dir=up agree=False chain=71013.36 bin=70989.27 open=70995.10 obi=-0.9805 ask_up=0.65 ask_dn=0.36 bid_up=0.64 bid_dn=0.35 halted=True[0m
[2m2026-04-12 17:05:39.342 [INFO] __main__: STATUS t=261s delta=0.0133% dir=up agree=False chain=71004.53 bin=70970.75 open=70995.10 obi=-0.2810 ask_up=0.53 ask_dn=0.48 bid_up=0.52 bid_dn=0.47 halted=True[0m
[2m2026-04-12 17:06:09.495 [INFO] __main__: STATUS t=231s delta=0.0134% dir=up agree=False chain=71004.61 bin=70976.31 open=70995.10 obi=0.7104 ask_up=0.60 ask_dn=0.41 bid_up=0.59 bid_dn=0.40 halted=True[0m
[2m2026-04-12 17:06:39.611 [INFO] __main__: STATUS t=200s delta=0.0200% dir=up agree=False chain=71009.28 bin=70981.23 open=70995.10 obi=-0.3385 ask_up=0.65 ask_dn=0.36 bid_up=0.64 bid_dn=0.35 halted=True[0m
[2m2026-04-12 17:07:09.744 [INFO] __main__: STATUS t=170s delta=0.0199% dir=up agree=False chain=71009.21 bin=70981.22 open=70995.10 obi=0.3248 ask_up=0.67 ask_dn=0.34 bid_up=0.66 bid_dn=0.33 halted=True[0m
[2m2026-04-12 17:07:39.872 [INFO] __main__: STATUS t=140s delta=0.0179% dir=up agree=False chain=71007.83 bin=70981.22 open=70995.10 obi=-0.6055 ask_up=0.67 ask_dn=0.34 bid_up=0.66 bid_dn=0.33 halted=True[0m
[2m2026-04-12 17:08:09.994 [INFO] __main__: STATUS t=110s delta=0.0199% dir=up agree=False chain=71009.21 bin=70978.23 open=70995.10 obi=-0.4711 ask_up=0.63 ask_dn=0.38 bid_up=0.62 bid_dn=0.37 halted=True[0m
[2m2026-04-12 17:08:40.117 [INFO] __main__: STATUS t=80s delta=0.0124% dir=up agree=False chain=71003.91 bin=70972.42 open=70995.10 obi=0.9381 ask_up=0.71 ask_dn=0.30 bid_up=0.70 bid_dn=0.29 halted=True[0m
[2m2026-04-12 17:09:10.265 [INFO] __main__: STATUS t=50s delta=0.0068% dir=up agree=False chain=70999.94 bin=70974.00 open=70995.10 obi=0.9828 ask_up=0.84 ask_dn=0.17 bid_up=0.83 bid_dn=0.16 halted=True[0m
[2m2026-04-12 17:09:40.387 [INFO] __main__: STATUS t=20s delta=0.0069% dir=up agree=False chain=70999.97 bin=70973.99 open=70995.10 obi=-0.9764 ask_up=0.80 ask_dn=0.21 bid_up=0.79 bid_dn=0.20 halted=True[0m
[37m2026-04-12 17:10:00.221 [INFO] execution.paper_trading: paper window_ts=1776013500 [SKIP] pnl=0.0000 direction=up outcome=up - balance=$928.59 bid_up=0.99 ask_up=1.00 bid_dn=0.01 ask_dn=0.01[0m
[93m[1m2026-04-12 17:10:00.221 [INFO] risk.position_tracker: WINDOW_SUMMARY window_pnl=$0.0000 session_pnl=$-90.3888 won=$29.1067 lost=$119.4955 wr=50.0% (5/10) consec_losses=3[0m
[37m2026-04-12 17:10:00.229 [INFO] strategy.window_handler: WINDOW_DECISION [SKIP] rank=1 side=up pnl=$0.0000 entry=0.00 size=$0.00 (no fire)[0m
[96m[1m2026-04-12 17:10:00.230 [INFO] strategy.window_tracker: new window: btc-updown-5m-1776013800 (ts=1776013800)[0m
2026-04-12 17:10:00.241 [INFO] strategy.window_tracker: Gamma priceToBeat not yet available for btc-updown-5m-1776013800 — fetching in background
[96m2026-04-12 17:10:00.273 [INFO] strategy.window_handler: REGIME vol_stddev=0.064% chop_flips=0.0 outcome=4U/2D over 6w sprt=active_100pct llr=0.00 age=12w bankroll=$681.38[0m
[96m2026-04-12 17:10:00.273 [WARNING] __main__: window open price captured: 70998.70 (RTDS boundary fallback, oracle_age=2000ms)[0m
[96m2026-04-12 17:10:00.274 [INFO] __main__: window open price captured: 70973.98 (binance)[0m
2026-04-12 17:10:00.918 [INFO] market_data.clob_market_ws: CLOB market subscribed for tokens up=816402977964 down=145024684760
[2m2026-04-12 17:10:10.603 [INFO] __main__: STATUS t=289s delta=-0.0153% dir=down agree=True chain=70987.85 bin=70964.51 open=70998.70 obi=-0.9971 ask_up=0.32 ask_dn=0.69 bid_up=0.31 bid_dn=0.68 halted=True[0m
[2m2026-04-12 17:10:40.728 [INFO] __main__: STATUS t=259s delta=-0.0278% dir=down agree=True chain=70978.98 bin=70954.72 open=70998.70 obi=-0.3835 ask_up=0.27 ask_dn=0.74 bid_up=0.26 bid_dn=0.73 halted=True[0m
[2m2026-04-12 17:11:10.848 [INFO] __main__: STATUS t=229s delta=-0.0492% dir=down agree=True chain=70963.76 bin=70934.76 open=70998.70 obi=0.8204 ask_up=0.19 ask_dn=0.82 bid_up=0.18 bid_dn=0.81 halted=True[0m
[2m2026-04-12 17:11:40.975 [INFO] __main__: STATUS t=199s delta=-0.0568% dir=down agree=True chain=70958.39 bin=70934.76 open=70998.70 obi=-0.9766 ask_up=0.13 ask_dn=0.88 bid_up=0.12 bid_dn=0.87 halted=True[0m
[2m2026-04-12 17:12:11.226 [INFO] __main__: STATUS t=169s delta=-0.0764% dir=down agree=True chain=70944.47 bin=70917.35 open=70998.70 obi=0.4419 ask_up=0.08 ask_dn=0.93 bid_up=0.07 bid_dn=0.92 halted=True[0m
[2m2026-04-12 17:12:41.347 [INFO] __main__: STATUS t=139s delta=-0.0768% dir=down agree=True chain=70944.19 bin=70919.50 open=70998.70 obi=-0.9713 ask_up=0.04 ask_dn=0.97 bid_up=0.03 bid_dn=0.96 halted=True[0m
[2m2026-04-12 17:13:11.516 [INFO] __main__: STATUS t=108s delta=-0.0658% dir=down agree=True chain=70951.95 bin=70925.09 open=70998.70 obi=-0.4409 ask_up=0.04 ask_dn=0.97 bid_up=0.03 bid_dn=0.96 halted=True[0m
[2m2026-04-12 17:13:41.645 [INFO] __main__: STATUS t=78s delta=-0.0690% dir=down agree=True chain=70949.70 bin=70925.09 open=70998.70 obi=0.2186 ask_up=0.05 ask_dn=0.96 bid_up=0.04 bid_dn=0.95 halted=True[0m
[2m2026-04-12 17:14:11.776 [INFO] __main__: STATUS t=48s delta=-0.0595% dir=down agree=True chain=70956.48 bin=70931.66 open=70998.70 obi=-0.0565 ask_up=0.03 ask_dn=0.98 bid_up=0.02 bid_dn=0.97 halted=True[0m
[2m2026-04-12 17:14:41.913 [INFO] __main__: STATUS t=18s delta=-0.0530% dir=down agree=True chain=70961.06 bin=70934.51 open=70998.70 obi=-0.2244 ask_up=0.01 ask_dn=1.00 bid_up=0.01 bid_dn=0.99 halted=True[0m
[37m2026-04-12 17:15:00.245 [INFO] execution.paper_trading: paper window_ts=1776013800 [SKIP] pnl=0.0000 direction=down outcome=down - balance=$928.59 bid_up=0.01 ask_up=0.01 bid_dn=0.99 ask_dn=1.00[0m
[93m[1m2026-04-12 17:15:00.245 [INFO] risk.position_tracker: WINDOW_SUMMARY window_pnl=$0.0000 session_pnl=$-90.3888 won=$29.1067 lost=$119.4955 wr=50.0% (5/10) consec_losses=3[0m
[37m2026-04-12 17:15:00.250 [INFO] strategy.window_handler: WINDOW_DECISION [SKIP] rank=1 side=up pnl=$0.0000 entry=0.00 size=$0.00 (no fire)[0m
[96m[1m2026-04-12 17:15:00.250 [INFO] strategy.window_tracker: new window: btc-updown-5m-1776014100 (ts=1776014100)[0m
2026-04-12 17:15:00.259 [INFO] strategy.window_tracker: Gamma priceToBeat not yet available for btc-updown-5m-1776014100 — fetching in background
[96m2026-04-12 17:15:00.291 [INFO] strategy.window_handler: REGIME vol_stddev=0.064% chop_flips=0.0 outcome=4U/2D over 6w sprt=active_100pct llr=0.00 age=13w bankroll=$681.38[0m
[96m2026-04-12 17:15:00.292 [WARNING] __main__: window open price captured: 70931.62 (RTDS boundary fallback, oracle_age=2000ms)[0m
[96m2026-04-12 17:15:00.292 [INFO] __main__: window open price captured: 70900.00 (binance)[0m
2026-04-12 17:15:01.223 [INFO] market_data.clob_market_ws: CLOB market subscribed for tokens up=171349420529 down=168425074737
[2m2026-04-12 17:15:12.107 [INFO] __main__: STATUS t=288s delta=0.0026% dir=up agree=False chain=70933.50 bin=70907.37 open=70931.62 obi=-0.8425 ask_up=0.54 ask_dn=0.47 bid_up=0.53 bid_dn=0.46 halted=True[0m
[2m2026-04-12 17:15:42.233 [INFO] __main__: STATUS t=258s delta=0.0203% dir=up agree=False chain=70946.01 bin=70918.00 open=70931.62 obi=0.9845 ask_up=0.72 ask_dn=0.29 bid_up=0.71 bid_dn=0.28 halted=True[0m
[2m2026-04-12 17:16:12.357 [INFO] __main__: STATUS t=228s delta=0.0231% dir=up agree=False chain=70947.97 bin=70918.01 open=70931.62 obi=0.9888 ask_up=0.71 ask_dn=0.30 bid_up=0.70 bid_dn=0.29 halted=True[0m
[2m2026-04-12 17:16:42.475 [INFO] __main__: STATUS t=198s delta=0.0315% dir=up agree=False chain=70953.97 bin=70925.50 open=70931.62 obi=0.5679 ask_up=0.79 ask_dn=0.22 bid_up=0.78 bid_dn=0.21 halted=True[0m
[2m2026-04-12 17:17:12.633 [INFO] __main__: STATUS t=167s delta=0.0322% dir=up agree=False chain=70954.44 bin=70927.27 open=70931.62 obi=-0.0311 ask_up=0.81 ask_dn=0.20 bid_up=0.80 bid_dn=0.19 halted=True[0m
[2m2026-04-12 17:17:42.756 [INFO] __main__: STATUS t=137s delta=0.0387% dir=up agree=True chain=70959.10 bin=70934.51 open=70931.62 obi=0.7921 ask_up=0.91 ask_dn=0.10 bid_up=0.90 bid_dn=0.09 halted=True[0m
[2m2026-04-12 17:18:12.880 [INFO] __main__: STATUS t=107s delta=0.0449% dir=up agree=True chain=70963.50 bin=70947.98 open=70931.62 obi=0.4580 ask_up=0.96 ask_dn=0.05 bid_up=0.95 bid_dn=0.04 halted=True[0m
[2m2026-04-12 17:18:43.008 [INFO] __main__: STATUS t=77s delta=0.0429% dir=up agree=True chain=70962.04 bin=70934.83 open=70931.62 obi=0.2921 ask_up=0.95 ask_dn=0.06 bid_up=0.94 bid_dn=0.05 halted=True[0m
[2m2026-04-12 17:19:13.137 [INFO] __main__: STATUS t=47s delta=0.0393% dir=up agree=True chain=70959.47 bin=70934.83 open=70931.62 obi=0.3669 ask_up=0.96 ask_dn=0.05 bid_up=0.95 bid_dn=0.04 halted=True[0m
[2m2026-04-12 17:19:43.268 [INFO] __main__: STATUS t=17s delta=0.0476% dir=up agree=True chain=70965.38 bin=70941.92 open=70931.62 obi=0.9593 ask_up=1.00 ask_dn=0.01 bid_up=0.99 bid_dn=0.01 halted=True[0m
[37m2026-04-12 17:20:00.097 [INFO] execution.paper_trading: paper window_ts=1776014100 [SKIP] pnl=0.0000 direction=up outcome=up - balance=$928.59 bid_up=0.99 ask_up=1.00 bid_dn=0.01 ask_dn=0.01[0m
[93m[1m2026-04-12 17:20:00.098 [INFO] risk.position_tracker: WINDOW_SUMMARY window_pnl=$0.0000 session_pnl=$-90.3888 won=$29.1067 lost=$119.4955 wr=50.0% (5/10) consec_losses=3[0m
[37m2026-04-12 17:20:00.103 [INFO] strategy.window_handler: WINDOW_DECISION [SKIP] rank=1 side=up pnl=$0.0000 entry=0.00 size=$0.00 (no fire)[0m
[96m[1m2026-04-12 17:20:00.103 [INFO] strategy.window_tracker: new window: btc-updown-5m-1776014400 (ts=1776014400)[0m
2026-04-12 17:20:00.116 [INFO] strategy.window_tracker: Gamma priceToBeat not yet available for btc-updown-5m-1776014400 — fetching in background
[96m2026-04-12 17:20:00.164 [INFO] strategy.window_handler: REGIME vol_stddev=0.063% chop_flips=0.0 outcome=5U/1D over 6w sprt=active_100pct llr=0.00 age=14w bankroll=$681.38[0m
[96m2026-04-12 17:20:00.165 [WARNING] __main__: window open price captured: 70971.83 (RTDS boundary fallback, oracle_age=1000ms)[0m
[96m2026-04-12 17:20:00.165 [INFO] __main__: window open price captured: 70945.80 (binance)[0m
2026-04-12 17:20:00.439 [INFO] market_data.clob_market_ws: CLOB market subscribed for tokens up=790044360754 down=764752265459
[2m2026-04-12 17:20:13.503 [INFO] __main__: STATUS t=286s delta=0.0202% dir=up agree=False chain=70986.13 bin=70964.51 open=70971.83 obi=-0.4229 ask_up=0.68 ask_dn=0.33 bid_up=0.67 bid_dn=0.32 halted=True[0m
[2m2026-04-12 17:20:43.635 [INFO] __main__: STATUS t=256s delta=0.0231% dir=up agree=False chain=70988.25 bin=70964.52 open=70971.83 obi=-0.0502 ask_up=0.71 ask_dn=0.30 bid_up=0.70 bid_dn=0.29 halted=True[0m
[2m2026-04-12 17:21:13.766 [INFO] __main__: STATUS t=226s delta=0.0426% dir=up agree=True chain=71002.05 bin=70976.91 open=70971.83 obi=-0.1597 ask_up=0.83 ask_dn=0.18 bid_up=0.82 bid_dn=0.17 halted=True[0m
[2m2026-04-12 17:21:43.886 [INFO] __main__: STATUS t=196s delta=0.0302% dir=up agree=False chain=70993.23 bin=70966.26 open=70971.83 obi=-0.0832 ask_up=0.71 ask_dn=0.30 bid_up=0.70 bid_dn=0.29 halted=True[0m
[2m2026-04-12 17:22:14.013 [INFO] __main__: STATUS t=166s delta=0.0195% dir=up agree=False chain=70985.63 bin=70958.90 open=70971.83 obi=0.0264 ask_up=0.69 ask_dn=0.32 bid_up=0.68 bid_dn=0.31 halted=True[0m
[2m2026-04-12 17:22:44.133 [INFO] __main__: STATUS t=136s delta=0.0404% dir=up agree=True chain=71000.51 bin=70981.05 open=70971.83 obi=0.7037 ask_up=0.81 ask_dn=0.20 bid_up=0.80 bid_dn=0.19 halted=True[0m
[2m2026-04-12 17:23:14.263 [INFO] __main__: STATUS t=106s delta=0.0424% dir=up agree=True chain=71001.94 bin=70978.95 open=70971.83 obi=-0.9854 ask_up=0.83 ask_dn=0.18 bid_up=0.82 bid_dn=0.17 halted=True[0m
[2m2026-04-12 17:23:44.384 [INFO] __main__: STATUS t=76s delta=0.0391% dir=up agree=True chain=70999.61 bin=70972.00 open=70971.83 obi=0.8819 ask_up=0.91 ask_dn=0.10 bid_up=0.90 bid_dn=0.09 halted=True[0m
[2m2026-04-12 17:24:14.554 [INFO] __main__: STATUS t=45s delta=0.0129% dir=up agree=False chain=70981.01 bin=70954.74 open=70971.83 obi=-0.5751 ask_up=0.76 ask_dn=0.25 bid_up=0.75 bid_dn=0.24 halted=True[0m
[2m2026-04-12 17:24:44.680 [INFO] __main__: STATUS t=15s delta=0.0308% dir=up agree=False chain=70993.70 bin=70965.13 open=70971.83 obi=0.8529 ask_up=0.98 ask_dn=0.03 bid_up=0.97 bid_dn=0.02 halted=True[0m
[37m2026-04-12 17:25:00.249 [INFO] execution.paper_trading: paper window_ts=1776014400 [SKIP] pnl=0.0000 direction=up outcome=up - balance=$928.59 bid_up=0.99 ask_up=1.00 bid_dn=0.01 ask_dn=0.01[0m
[93m[1m2026-04-12 17:25:00.249 [INFO] risk.position_tracker: WINDOW_SUMMARY window_pnl=$0.0000 session_pnl=$-90.3888 won=$29.1067 lost=$119.4955 wr=50.0% (5/10) consec_losses=3[0m
[37m2026-04-12 17:25:00.255 [INFO] strategy.window_handler: WINDOW_DECISION [SKIP] rank=1 side=up pnl=$0.0000 entry=0.00 size=$0.00 (no fire)[0m
[96m[1m2026-04-12 17:25:00.255 [INFO] strategy.window_tracker: new window: btc-updown-5m-1776014700 (ts=1776014700)[0m
2026-04-12 17:25:00.263 [INFO] strategy.window_tracker: Gamma priceToBeat not yet available for btc-updown-5m-1776014700 — fetching in background
[96m2026-04-12 17:25:00.292 [INFO] strategy.window_handler: REGIME vol_stddev=0.062% chop_flips=0.0 outcome=5U/1D over 6w sprt=active_100pct llr=0.00 age=15w bankroll=$681.38[0m
[96m2026-04-12 17:25:00.292 [WARNING] __main__: window open price captured: 70989.94 (RTDS boundary fallback, oracle_age=2000ms)[0m
[96m2026-04-12 17:25:00.293 [INFO] __main__: window open price captured: 70965.13 (binance)[0m
2026-04-12 17:25:00.646 [INFO] market_data.clob_market_ws: CLOB market subscribed for tokens up=208904053813 down=785384614464
[2m2026-04-12 17:25:14.901 [INFO] __main__: STATUS t=285s delta=-0.0021% dir=down agree=True chain=70988.45 bin=70965.13 open=70989.94 obi=-0.6126 ask_up=0.49 ask_dn=0.52 bid_up=0.48 bid_dn=0.51 halted=True[0m
[2m2026-04-12 17:25:45.028 [INFO] __main__: STATUS t=255s delta=0.0174% dir=up agree=False chain=71002.31 bin=70975.93 open=70989.94 obi=-0.0323 ask_up=0.62 ask_dn=0.39 bid_up=0.61 bid_dn=0.38 halted=True[0m
[2m2026-04-12 17:26:15.151 [INFO] __main__: STATUS t=225s delta=0.0160% dir=up agree=False chain=71001.26 bin=70968.13 open=70989.94 obi=-0.0507 ask_up=0.55 ask_dn=0.46 bid_up=0.54 bid_dn=0.45 halted=True[0m
[2m2026-04-12 17:26:45.279 [INFO] __main__: STATUS t=195s delta=0.0125% dir=up agree=False chain=70998.84 bin=70971.65 open=70989.94 obi=0.6574 ask_up=0.60 ask_dn=0.41 bid_up=0.59 bid_dn=0.40 halted=True[0m
[2m2026-04-12 17:27:15.416 [INFO] __main__: STATUS t=165s delta=0.0076% dir=up agree=False chain=70995.34 bin=70970.74 open=70989.94 obi=-0.0786 ask_up=0.62 ask_dn=0.39 bid_up=0.61 bid_dn=0.38 halted=True[0m
[2m2026-04-12 17:27:45.544 [INFO] __main__: STATUS t=134s delta=0.0053% dir=up agree=False chain=70993.68 bin=70969.99 open=70989.94 obi=0.8397 ask_up=0.64 ask_dn=0.37 bid_up=0.63 bid_dn=0.36 halted=True[0m
[2m2026-04-12 17:28:15.664 [INFO] __main__: STATUS t=104s delta=0.0377% dir=up agree=True chain=71016.72 bin=70992.56 open=70989.94 obi=-0.8651 ask_up=0.81 ask_dn=0.20 bid_up=0.80 bid_dn=0.19 halted=True[0m
[2m2026-04-12 17:28:45.787 [INFO] __main__: STATUS t=74s delta=0.0479% dir=up agree=True chain=71023.95 bin=71001.90 open=70989.94 obi=-0.2788 ask_up=0.92 ask_dn=0.09 bid_up=0.91 bid_dn=0.08 halted=True[0m
[2m2026-04-12 17:29:15.914 [INFO] __main__: STATUS t=44s delta=0.0451% dir=up agree=True chain=71021.96 bin=70997.05 open=70989.94 obi=0.2853 ask_up=0.97 ask_dn=0.04 bid_up=0.96 bid_dn=0.03 halted=True[0m
[2m2026-04-12 17:29:46.037 [INFO] __main__: STATUS t=14s delta=0.0457% dir=up agree=True chain=71022.40 bin=70997.05 open=70989.94 obi=-0.6742 ask_up=0.99 ask_dn=0.02 bid_up=0.98 bid_dn=0.01 halted=True[0m
[37m2026-04-12 17:30:00.101 [INFO] execution.paper_trading: paper window_ts=1776014700 [SKIP] pnl=0.0000 direction=up outcome=up - balance=$928.59 bid_up=0.99 ask_up=1.00 bid_dn=0.01 ask_dn=0.01[0m
[93m[1m2026-04-12 17:30:00.102 [INFO] risk.position_tracker: WINDOW_SUMMARY window_pnl=$0.0000 session_pnl=$-90.3888 won=$29.1067 lost=$119.4955 wr=50.0% (5/10) consec_losses=3[0m
[37m2026-04-12 17:30:00.109 [INFO] strategy.window_handler: WINDOW_DECISION [SKIP] rank=1 side=up pnl=$0.0000 entry=0.00 size=$0.00 (no fire)[0m
[96m[1m2026-04-12 17:30:00.109 [INFO] strategy.window_tracker: new window: btc-updown-5m-1776015000 (ts=1776015000)[0m
2026-04-12 17:30:00.119 [INFO] strategy.window_tracker: Gamma priceToBeat not yet available for btc-updown-5m-1776015000 — fetching in background
[96m2026-04-12 17:30:00.159 [INFO] strategy.window_handler: REGIME vol_stddev=0.061% chop_flips=0.0 outcome=5U/1D over 6w sprt=active_100pct llr=0.00 age=16w bankroll=$681.38[0m
[96m2026-04-12 17:30:00.159 [WARNING] __main__: window open price captured: 71021.72 (RTDS boundary fallback, oracle_age=1000ms)[0m
[96m2026-04-12 17:30:00.159 [INFO] __main__: window open price captured: 70997.06 (binance)[0m
2026-04-12 17:30:00.851 [INFO] market_data.clob_market_ws: CLOB market subscribed for tokens up=180370570372 down=863176010203
[2m2026-04-12 17:30:16.229 [INFO] __main__: STATUS t=284s delta=0.0095% dir=up agree=False chain=71028.49 bin=70997.06 open=71021.72 obi=-0.4255 ask_up=0.52 ask_dn=0.50 bid_up=0.50 bid_dn=0.48 halted=True[0m
[2m2026-04-12 17:30:46.346 [INFO] __main__: STATUS t=254s delta=0.0179% dir=up agree=False chain=71034.41 bin=71007.05 open=71021.72 obi=-0.0482 ask_up=0.65 ask_dn=0.36 bid_up=0.64 bid_dn=0.35 halted=True[0m
[2m2026-04-12 17:31:16.491 [INFO] __main__: STATUS t=224s delta=0.0080% dir=up agree=False chain=71027.41 bin=71002.95 open=71021.72 obi=-0.6200 ask_up=0.58 ask_dn=0.43 bid_up=0.57 bid_dn=0.42 halted=True[0m
[2m2026-04-12 17:31:46.619 [INFO] __main__: STATUS t=193s delta=0.0081% dir=up agree=False chain=71027.47 bin=71002.96 open=71021.72 obi=-0.7326 ask_up=0.57 ask_dn=0.44 bid_up=0.56 bid_dn=0.43 halted=True[0m
[2m2026-04-12 17:32:16.745 [INFO] __main__: STATUS t=163s delta=0.0095% dir=up agree=False chain=71028.48 bin=71003.88 open=71021.72 obi=0.8843 ask_up=0.68 ask_dn=0.33 bid_up=0.67 bid_dn=0.32 halted=True[0m
[2m2026-04-12 17:32:46.866 [INFO] __main__: STATUS t=133s delta=0.0135% dir=up agree=False chain=71031.32 bin=71004.21 open=71021.72 obi=-0.8040 ask_up=0.65 ask_dn=0.36 bid_up=0.64 bid_dn=0.35 halted=True[0m
[2m2026-04-12 17:33:16.990 [INFO] __main__: STATUS t=103s delta=0.0001% dir=up agree=False chain=71021.81 bin=70994.75 open=71021.72 obi=-0.6609 ask_up=0.53 ask_dn=0.48 bid_up=0.52 bid_dn=0.47 halted=True[0m
[2m2026-04-12 17:33:47.112 [INFO] __main__: STATUS t=73s delta=0.0053% dir=up agree=False chain=71025.46 bin=71000.00 open=71021.72 obi=0.2984 ask_up=0.61 ask_dn=0.40 bid_up=0.60 bid_dn=0.39 halted=True[0m
[2m2026-04-12 17:34:17.236 [INFO] __main__: STATUS t=43s delta=0.0030% dir=up agree=False chain=71023.84 bin=71001.72 open=71021.72 obi=0.7968 ask_up=0.60 ask_dn=0.42 bid_up=0.58 bid_dn=0.40 halted=True[0m
[2m2026-04-12 17:34:47.366 [INFO] __main__: STATUS t=13s delta=0.0258% dir=up agree=False chain=71040.07 bin=71020.01 open=71021.72 obi=-0.3532 ask_up=0.79 ask_dn=0.22 bid_up=0.78 bid_dn=0.21 halted=True[0m
[37m2026-04-12 17:35:00.170 [INFO] execution.paper_trading: paper window_ts=1776015000 [SKIP] pnl=0.0000 direction=down outcome=down - balance=$928.59 bid_up=0.08 ask_up=0.09 bid_dn=0.91 ask_dn=0.92[0m
[93m[1m2026-04-12 17:35:00.170 [INFO] risk.position_tracker: WINDOW_SUMMARY window_pnl=$0.0000 session_pnl=$-90.3888 won=$29.1067 lost=$119.4955 wr=50.0% (5/10) consec_losses=3[0m
[37m2026-04-12 17:35:00.176 [INFO] strategy.window_handler: WINDOW_DECISION [SKIP] rank=1 side=up pnl=$0.0000 entry=0.00 size=$0.00 (no fire)[0m
[96m[1m2026-04-12 17:35:00.177 [INFO] strategy.window_tracker: new window: btc-updown-5m-1776015300 (ts=1776015300)[0m
2026-04-12 17:35:00.185 [INFO] strategy.window_tracker: Gamma priceToBeat not yet available for btc-updown-5m-1776015300 — fetching in background
[96m2026-04-12 17:35:00.214 [INFO] strategy.window_handler: REGIME vol_stddev=0.059% chop_flips=0.0 outcome=4U/2D over 6w sprt=active_100pct llr=0.00 age=17w bankroll=$681.38[0m
[96m2026-04-12 17:35:00.215 [WARNING] __main__: window open price captured: 71014.35 (RTDS boundary fallback, oracle_age=2000ms)[0m
[96m2026-04-12 17:35:00.215 [INFO] __main__: window open price captured: 70990.00 (binance)[0m
2026-04-12 17:35:01.072 [INFO] market_data.clob_market_ws: CLOB market subscribed for tokens up=350456697713 down=885802566671
[2m2026-04-12 17:35:17.547 [INFO] __main__: STATUS t=282s delta=-0.0160% dir=down agree=True chain=71003.01 bin=70982.17 open=71014.35 obi=-0.7656 ask_up=0.39 ask_dn=0.62 bid_up=0.38 bid_dn=0.61 halted=True[0m
[2m2026-04-12 17:35:47.672 [INFO] __main__: STATUS t=252s delta=-0.0131% dir=down agree=True chain=71005.04 bin=70982.18 open=71014.35 obi=-0.2864 ask_up=0.39 ask_dn=0.62 bid_up=0.38 bid_dn=0.61 halted=True[0m
[2m2026-04-12 17:36:17.800 [INFO] __main__: STATUS t=222s delta=-0.0167% dir=down agree=True chain=71002.47 bin=70995.34 open=71014.35 obi=-0.9489 ask_up=0.58 ask_dn=0.44 bid_up=0.56 bid_dn=0.42 halted=True[0m
[2m2026-04-12 17:36:47.917 [INFO] __main__: STATUS t=192s delta=0.0052% dir=up agree=False chain=71018.07 bin=70992.00 open=71014.35 obi=-0.6199 ask_up=0.59 ask_dn=0.42 bid_up=0.58 bid_dn=0.41 halted=True[0m
[2m2026-04-12 17:37:18.046 [INFO] __main__: STATUS t=162s delta=-0.0111% dir=down agree=True chain=71006.46 bin=70980.55 open=71014.35 obi=-0.1435 ask_up=0.56 ask_dn=0.45 bid_up=0.55 bid_dn=0.44 halted=True[0m
[2m2026-04-12 17:37:48.178 [INFO] __main__: STATUS t=132s delta=-0.0280% dir=down agree=True chain=70994.47 bin=70969.29 open=71014.35 obi=-0.9983 ask_up=0.38 ask_dn=0.64 bid_up=0.36 bid_dn=0.62 halted=True[0m
[2m2026-04-12 17:38:18.305 [INFO] __main__: STATUS t=102s delta=-0.0442% dir=down agree=True chain=70982.98 bin=70952.39 open=71014.35 obi=0.7411 ask_up=0.45 ask_dn=0.56 bid_up=0.44 bid_dn=0.55 halted=True[0m
[2m2026-04-12 17:38:48.431 [INFO] __main__: STATUS t=72s delta=-0.0462% dir=down agree=True chain=70981.51 bin=70952.40 open=71014.35 obi=0.8951 ask_up=0.31 ask_dn=0.70 bid_up=0.30 bid_dn=0.69 halted=True[0m
[2m2026-04-12 17:39:18.592 [INFO] __main__: STATUS t=41s delta=-0.0492% dir=down agree=True chain=70979.40 bin=70952.40 open=71014.35 obi=-0.0981 ask_up=0.25 ask_dn=0.76 bid_up=0.24 bid_dn=0.75 halted=True[0m
[2m2026-04-12 17:39:48.717 [INFO] __main__: STATUS t=11s delta=-0.0096% dir=down agree=True chain=71007.55 bin=70978.91 open=71014.35 obi=0.1654 ask_up=0.31 ask_dn=0.70 bid_up=0.30 bid_dn=0.69 halted=True[0m
[37m2026-04-12 17:40:00.017 [INFO] execution.paper_trading: paper window_ts=1776015300 [SKIP] pnl=0.0000 direction=up outcome=up - balance=$928.59 bid_up=0.98 ask_up=0.99 bid_dn=0.01 ask_dn=0.02[0m
[93m[1m2026-04-12 17:40:00.017 [INFO] risk.position_tracker: WINDOW_SUMMARY window_pnl=$0.0000 session_pnl=$-90.3888 won=$29.1067 lost=$119.4955 wr=50.0% (5/10) consec_losses=3[0m
[37m2026-04-12 17:40:00.023 [INFO] strategy.window_handler: WINDOW_DECISION [SKIP] rank=1 side=up pnl=$0.0000 entry=0.00 size=$0.00 (no fire)[0m
[96m[1m2026-04-12 17:40:00.025 [INFO] strategy.window_tracker: new window: btc-updown-5m-1776015600 (ts=1776015600)[0m
2026-04-12 17:40:00.038 [INFO] strategy.window_tracker: Gamma priceToBeat not yet available for btc-updown-5m-1776015600 — fetching in background
[96m2026-04-12 17:40:00.088 [INFO] strategy.window_handler: REGIME vol_stddev=0.059% chop_flips=0.0 outcome=4U/2D over 6w sprt=active_100pct llr=0.00 age=18w bankroll=$681.38[0m
[96m2026-04-12 17:40:00.088 [WARNING] __main__: window open price captured: 71031.67 (RTDS boundary fallback, oracle_age=2000ms)[0m
[96m2026-04-12 17:40:00.088 [INFO] __main__: window open price captured: 71005.30 (binance)[0m
2026-04-12 17:40:00.305 [INFO] market_data.clob_market_ws: CLOB market subscribed for tokens up=900080878559 down=567448288168
[2m2026-04-12 17:40:18.929 [INFO] __main__: STATUS t=281s delta=-0.0101% dir=down agree=True chain=71024.53 bin=70994.64 open=71031.67 obi=0.8165 ask_up=0.42 ask_dn=0.59 bid_up=0.41 bid_dn=0.58 halted=True[0m
[2m2026-04-12 17:40:49.047 [INFO] __main__: STATUS t=251s delta=-0.0108% dir=down agree=True chain=71023.97 bin=70994.63 open=71031.67 obi=0.1240 ask_up=0.45 ask_dn=0.56 bid_up=0.44 bid_dn=0.55 halted=True[0m
[2m2026-04-12 17:41:19.194 [INFO] __main__: STATUS t=221s delta=-0.0363% dir=down agree=True chain=71005.88 bin=70980.81 open=71031.67 obi=-0.1984 ask_up=0.39 ask_dn=0.62 bid_up=0.38 bid_dn=0.61 halted=True[0m
[2m2026-04-12 17:41:49.315 [INFO] __main__: STATUS t=191s delta=-0.0410% dir=down agree=True chain=71002.54 bin=70975.29 open=71031.67 obi=-0.0731 ask_up=0.99 ask_dn=0.99 bid_up=0.01 bid_dn=0.01 halted=True[0m
[2m2026-04-12 17:42:19.453 [INFO] __main__: STATUS t=161s delta=-0.0407% dir=down agree=True chain=71002.79 bin=70975.28 open=71031.67 obi=0.2014 ask_up=0.46 ask_dn=0.55 bid_up=0.45 bid_dn=0.54 halted=True[0m
[2m2026-04-12 17:42:49.568 [INFO] __main__: STATUS t=130s delta=-0.0260% dir=down agree=True chain=71013.20 bin=70982.18 open=71031.67 obi=0.9945 ask_up=0.62 ask_dn=0.39 bid_up=0.61 bid_dn=0.38 halted=True[0m
[2m2026-04-12 17:43:19.697 [INFO] __main__: STATUS t=100s delta=-0.0305% dir=down agree=True chain=71010.03 bin=70982.18 open=71031.67 obi=0.1036 ask_up=0.53 ask_dn=0.48 bid_up=0.52 bid_dn=0.47 halted=True[0m
[2m2026-04-12 17:43:49.826 [INFO] __main__: STATUS t=70s delta=-0.0304% dir=down agree=True chain=71010.10 bin=70982.18 open=71031.67 obi=-0.0565 ask_up=0.55 ask_dn=0.46 bid_up=0.54 bid_dn=0.45 halted=True[0m
[2m2026-04-12 17:44:19.988 [INFO] __main__: STATUS t=40s delta=-0.0305% dir=down agree=True chain=71009.99 bin=70982.18 open=71031.67 obi=0.2845 ask_up=0.99 ask_dn=0.99 bid_up=0.01 bid_dn=0.01 halted=True[0m
[2m2026-04-12 17:44:50.117 [INFO] __main__: STATUS t=10s delta=-0.0111% dir=down agree=True chain=71023.78 bin=70999.68 open=71031.67 obi=0.1043 ask_up=0.64 ask_dn=0.37 bid_up=0.63 bid_dn=0.36 halted=True[0m
[37m2026-04-12 17:45:00.167 [INFO] execution.paper_trading: paper window_ts=1776015600 [SKIP] pnl=0.0000 direction=down outcome=down - balance=$928.59 bid_up=0.91 ask_up=0.92 bid_dn=0.08 ask_dn=0.09[0m
[93m[1m2026-04-12 17:45:00.167 [INFO] risk.position_tracker: WINDOW_SUMMARY window_pnl=$0.0000 session_pnl=$-90.3888 won=$29.1067 lost=$119.4955 wr=50.0% (5/10) consec_losses=3[0m
[37m2026-04-12 17:45:00.177 [INFO] strategy.window_handler: WINDOW_DECISION [SKIP] rank=1 side=up pnl=$0.0000 entry=0.00 size=$0.00 (no fire)[0m
[96m[1m2026-04-12 17:45:00.177 [INFO] strategy.window_tracker: new window: btc-updown-5m-1776015900 (ts=1776015900)[0m
2026-04-12 17:45:00.185 [INFO] strategy.window_tracker: Gamma priceToBeat not yet available for btc-updown-5m-1776015900 — fetching in background
[96m2026-04-12 17:45:00.222 [INFO] strategy.window_handler: REGIME vol_stddev=0.058% chop_flips=0.0 outcome=4U/2D over 6w sprt=active_100pct llr=0.00 age=19w bankroll=$681.38[0m
[96m2026-04-12 17:45:00.222 [WARNING] __main__: window open price captured: 71040.21 (RTDS boundary fallback, oracle_age=1000ms)[0m
[96m2026-04-12 17:45:00.222 [INFO] __main__: window open price captured: 71014.75 (binance)[0m
2026-04-12 17:45:00.560 [INFO] market_data.clob_market_ws: CLOB market subscribed for tokens up=781672294846 down=819249793646
[2m2026-04-12 17:45:20.317 [INFO] __main__: STATUS t=280s delta=-0.0257% dir=down agree=True chain=71021.96 bin=70994.80 open=71040.21 obi=0.6059 ask_up=0.32 ask_dn=0.69 bid_up=0.31 bid_dn=0.68 halted=True[0m
[2m2026-04-12 17:45:50.442 [INFO] __main__: STATUS t=250s delta=-0.0420% dir=down agree=True chain=71010.37 bin=70982.18 open=71040.21 obi=-0.4865 ask_up=0.99 ask_dn=0.99 bid_up=0.01 bid_dn=0.01 halted=True[0m
[2m2026-04-12 17:46:20.569 [INFO] __main__: STATUS t=219s delta=-0.0552% dir=down agree=True chain=71000.99 bin=70982.18 open=71040.21 obi=-0.7918 ask_up=0.45 ask_dn=0.57 bid_up=0.43 bid_dn=0.55 halted=True[0m
[2m2026-04-12 17:46:50.690 [INFO] __main__: STATUS t=189s delta=-0.0551% dir=down agree=True chain=71001.04 bin=70982.18 open=71040.21 obi=-0.8722 ask_up=0.45 ask_dn=0.56 bid_up=0.44 bid_dn=0.55 halted=True[0m
[2m2026-04-12 17:47:20.817 [INFO] __main__: STATUS t=159s delta=-0.0898% dir=down agree=True chain=70976.42 bin=70950.08 open=71040.21 obi=-0.0688 ask_up=0.20 ask_dn=0.81 bid_up=0.19 bid_dn=0.80 halted=True[0m
[2m2026-04-12 17:47:50.941 [INFO] __main__: STATUS t=129s delta=-0.1158% dir=down agree=True chain=70957.96 bin=70927.28 open=71040.21 obi=-0.1243 ask_up=0.16 ask_dn=0.85 bid_up=0.15 bid_dn=0.84 halted=True[0m
[2m2026-04-12 17:48:21.089 [INFO] __main__: STATUS t=99s delta=-0.0833% dir=down agree=True chain=70981.03 bin=70954.72 open=71040.21 obi=0.7345 ask_up=0.15 ask_dn=0.86 bid_up=0.14 bid_dn=0.85 halted=True[0m
[2m2026-04-12 17:48:51.220 [INFO] __main__: STATUS t=69s delta=-0.0738% dir=down agree=True chain=70987.79 bin=70960.89 open=71040.21 obi=-0.2709 ask_up=0.21 ask_dn=0.80 bid_up=0.20 bid_dn=0.79 halted=True[0m
[2m2026-04-12 17:49:21.354 [INFO] __main__: STATUS t=39s delta=-0.0814% dir=down agree=True chain=70982.41 bin=70955.95 open=71040.21 obi=-0.1436 ask_up=0.08 ask_dn=0.93 bid_up=0.07 bid_dn=0.92 halted=True[0m
[2m2026-04-12 17:49:51.475 [INFO] __main__: STATUS t=9s delta=-0.0346% dir=down agree=True chain=71015.65 bin=70989.02 open=71040.21 obi=0.9706 ask_up=0.72 ask_dn=0.29 bid_up=0.71 bid_dn=0.28 halted=True[0m
[37m2026-04-12 17:50:00.016 [INFO] execution.paper_trading: paper window_ts=1776015900 [SKIP] pnl=0.0000 direction=up outcome=up - balance=$928.59 bid_up=0.84 ask_up=0.85 bid_dn=0.15 ask_dn=0.16[0m
[93m[1m2026-04-12 17:50:00.019 [INFO] risk.position_tracker: WINDOW_SUMMARY window_pnl=$0.0000 session_pnl=$-90.3888 won=$29.1067 lost=$119.4955 wr=50.0% (5/10) consec_losses=3[0m
[37m2026-04-12 17:50:00.030 [INFO] strategy.window_handler: WINDOW_DECISION [SKIP] rank=1 side=up pnl=$0.0000 entry=0.00 size=$0.00 (no fire)[0m
[96m[1m2026-04-12 17:50:00.030 [INFO] strategy.window_tracker: new window: btc-updown-5m-1776016200 (ts=1776016200)[0m
2026-04-12 17:50:00.042 [INFO] strategy.window_tracker: Gamma priceToBeat not yet available for btc-updown-5m-1776016200 — fetching in background
[96m2026-04-12 17:50:00.126 [INFO] strategy.window_handler: REGIME vol_stddev=0.058% chop_flips=0.0 outcome=4U/2D over 6w sprt=active_100pct llr=0.00 age=20w bankroll=$681.38[0m
[96m2026-04-12 17:50:00.126 [WARNING] __main__: window open price captured: 71042.32 (RTDS boundary fallback, oracle_age=2000ms)[0m
[96m2026-04-12 17:50:00.126 [INFO] __main__: window open price captured: 71020.01 (binance)[0m
2026-04-12 17:50:00.782 [INFO] market_data.clob_market_ws: CLOB market subscribed for tokens up=608093401569 down=707077219307
[2m2026-04-12 17:50:21.719 [INFO] __main__: STATUS t=278s delta=0.0264% dir=up agree=False chain=71061.05 bin=71020.32 open=71042.32 obi=-0.9330 ask_up=0.51 ask_dn=0.50 bid_up=0.50 bid_dn=0.49 halted=True[0m
[2m2026-04-12 17:50:51.840 [INFO] __main__: STATUS t=248s delta=0.0396% dir=up agree=False chain=71070.43 bin=71041.99 open=71042.32 obi=-0.6683 ask_up=0.64 ask_dn=0.37 bid_up=0.63 bid_dn=0.36 halted=True[0m
[2m2026-04-12 17:51:21.966 [INFO] __main__: STATUS t=218s delta=0.0728% dir=up agree=True chain=71094.05 bin=71075.12 open=71042.32 obi=0.9987 ask_up=0.84 ask_dn=0.19 bid_up=0.81 bid_dn=0.16 halted=True[0m
[2m2026-04-12 17:51:52.088 [INFO] __main__: STATUS t=188s delta=0.2163% dir=up agree=True chain=71195.97 bin=71172.13 open=71042.32 obi=0.2788 ask_up=0.95 ask_dn=0.06 bid_up=0.94 bid_dn=0.05 halted=True[0m
[2m2026-04-12 17:52:22.241 [INFO] __main__: STATUS t=158s delta=0.2415% dir=up agree=True chain=71213.88 bin=71186.61 open=71042.32 obi=-0.7425 ask_up=0.97 ask_dn=0.04 bid_up=0.96 bid_dn=0.03 halted=True[0m
[2m2026-04-12 17:52:52.364 [INFO] __main__: STATUS t=128s delta=0.2258% dir=up agree=True chain=71202.74 bin=71178.55 open=71042.32 obi=-0.6746 ask_up=0.99 ask_dn=0.02 bid_up=0.98 bid_dn=0.01 halted=True[0m
[2m2026-04-12 17:53:22.502 [INFO] __main__: STATUS t=97s delta=0.2380% dir=up agree=True chain=71211.38 bin=71175.24 open=71042.32 obi=0.0255 ask_up=1.00 ask_dn=0.01 bid_up=0.99 bid_dn=0.01 halted=True[0m
[2m2026-04-12 17:53:52.648 [INFO] __main__: STATUS t=67s delta=0.1942% dir=up agree=True chain=71180.29 bin=71160.78 open=71042.32 obi=0.5985 ask_up=1.00 ask_dn=0.01 bid_up=0.99 bid_dn=0.01 halted=True[0m
[2m2026-04-12 17:54:22.793 [INFO] __main__: STATUS t=37s delta=0.2058% dir=up agree=True chain=71188.51 bin=71169.99 open=71042.32 obi=0.1950 ask_up=1.00 ask_dn=0.01 bid_up=0.99 bid_dn=0.01 halted=True[0m
[2m2026-04-12 17:54:52.935 [INFO] __main__: STATUS t=7s delta=0.1786% dir=up agree=True chain=71169.18 bin=71150.00 open=71042.32 obi=-0.1483 ask_up=1.00 ask_dn=0.01 bid_up=0.99 bid_dn=0.01 halted=True[0m
[37m2026-04-12 17:55:00.224 [INFO] execution.paper_trading: paper window_ts=1776016200 [SKIP] pnl=0.0000 direction=up outcome=up - balance=$928.59 bid_up=0.99 ask_up=1.00 bid_dn=0.01 ask_dn=0.01[0m
[93m[1m2026-04-12 17:55:00.224 [INFO] risk.position_tracker: WINDOW_SUMMARY window_pnl=$0.0000 session_pnl=$-90.3888 won=$29.1067 lost=$119.4955 wr=50.0% (5/10) consec_losses=3[0m
[37m2026-04-12 17:55:00.229 [INFO] strategy.window_handler: WINDOW_DECISION [SKIP] rank=1 side=up pnl=$0.0000 entry=0.00 size=$0.00 (no fire)[0m
[96m[1m2026-04-12 17:55:00.230 [INFO] strategy.window_tracker: new window: btc-updown-5m-1776016500 (ts=1776016500)[0m
2026-04-12 17:55:00.239 [INFO] strategy.window_tracker: Gamma priceToBeat not yet available for btc-updown-5m-1776016500 — fetching in background
[96m2026-04-12 17:55:00.270 [INFO] strategy.window_handler: REGIME vol_stddev=0.067% chop_flips=0.0 outcome=4U/2D over 6w sprt=active_100pct llr=0.00 age=21w bankroll=$681.38[0m
[96m2026-04-12 17:55:00.270 [WARNING] __main__: window open price captured: 71168.39 (RTDS boundary fallback, oracle_age=1000ms)[0m
[96m2026-04-12 17:55:00.271 [INFO] __main__: window open price captured: 71125.83 (binance)[0m
2026-04-12 17:55:00.988 [INFO] market_data.clob_market_ws: CLOB market subscribed for tokens up=146565321130 down=855072426996
[2m2026-04-12 17:55:23.132 [INFO] __main__: STATUS t=277s delta=-0.0377% dir=down agree=True chain=71141.60 bin=71114.79 open=71168.39 obi=-0.1381 ask_up=0.99 ask_dn=0.64 bid_up=0.01 bid_dn=0.63 halted=True[0m
[2m2026-04-12 17:55:53.262 [INFO] __main__: STATUS t=247s delta=-0.0245% dir=down agree=True chain=71150.94 bin=71124.53 open=71168.39 obi=0.2643 ask_up=0.47 ask_dn=0.54 bid_up=0.46 bid_dn=0.53 halted=True[0m
[2m2026-04-12 17:56:23.408 [INFO] __main__: STATUS t=217s delta=0.0128% dir=up agree=False chain=71177.47 bin=71152.00 open=71168.39 obi=0.7036 ask_up=0.69 ask_dn=0.32 bid_up=0.68 bid_dn=0.31 halted=True[0m
[2m2026-04-12 17:56:53.546 [INFO] __main__: STATUS t=186s delta=0.0000% dir=up agree=False chain=71168.42 bin=71144.01 open=71168.39 obi=0.8585 ask_up=0.63 ask_dn=0.38 bid_up=0.62 bid_dn=0.37 halted=True[0m
[2m2026-04-12 17:57:23.675 [INFO] __main__: STATUS t=156s delta=0.0131% dir=up agree=False chain=71177.73 bin=71152.00 open=71168.39 obi=0.0824 ask_up=0.67 ask_dn=0.34 bid_up=0.66 bid_dn=0.33 halted=True[0m
[2m2026-04-12 17:57:53.800 [INFO] __main__: STATUS t=126s delta=-0.0035% dir=down agree=True chain=71165.88 bin=71141.41 open=71168.39 obi=-0.5452 ask_up=0.64 ask_dn=0.37 bid_up=0.63 bid_dn=0.36 halted=True[0m
[2m2026-04-12 17:58:23.922 [INFO] __main__: STATUS t=96s delta=-0.0576% dir=down agree=True chain=71127.43 bin=71100.00 open=71168.39 obi=0.3133 ask_up=0.21 ask_dn=0.80 bid_up=0.20 bid_dn=0.79 halted=True[0m
[2m2026-04-12 17:58:54.040 [INFO] __main__: STATUS t=66s delta=-0.0417% dir=down agree=True chain=71138.71 bin=71111.52 open=71168.39 obi=0.9181 ask_up=0.32 ask_dn=0.69 bid_up=0.31 bid_dn=0.68 halted=True[0m
[2m2026-04-12 17:59:24.154 [INFO] __main__: STATUS t=36s delta=-0.0470% dir=down agree=True chain=71134.97 bin=71104.40 open=71168.39 obi=0.1039 ask_up=0.55 ask_dn=0.47 bid_up=0.53 bid_dn=0.45 halted=True[0m
[2m2026-04-12 17:59:54.275 [INFO] __main__: STATUS t=6s delta=-0.0615% dir=down agree=True chain=71124.61 bin=71103.34 open=71168.39 obi=0.5366 ask_up=0.35 ask_dn=0.66 bid_up=0.34 bid_dn=0.65 halted=True[0m
[37m2026-04-12 18:00:00.049 [INFO] execution.paper_trading: paper window_ts=1776016500 [SKIP] pnl=0.0000 direction=down outcome=down - balance=$928.59 bid_up=0.94 ask_up=0.95 bid_dn=0.05 ask_dn=0.06[0m
[93m[1m2026-04-12 18:00:00.050 [INFO] risk.position_tracker: WINDOW_SUMMARY window_pnl=$0.0000 session_pnl=$-90.3888 won=$29.1067 lost=$119.4955 wr=50.0% (5/10) consec_losses=3[0m
[37m2026-04-12 18:00:00.057 [INFO] strategy.window_handler: WINDOW_DECISION [SKIP] rank=1 side=up pnl=$0.0000 entry=0.00 size=$0.00 (no fire)[0m
[96m[1m2026-04-12 18:00:00.057 [INFO] strategy.window_tracker: new window: btc-updown-5m-1776016800 (ts=1776016800)[0m
2026-04-12 18:00:00.076 [INFO] strategy.window_tracker: Gamma priceToBeat not yet available for btc-updown-5m-1776016800 — fetching in background
[96m2026-04-12 18:00:00.146 [INFO] strategy.window_handler: REGIME vol_stddev=0.068% chop_flips=0.0 outcome=3U/3D over 6w sprt=active_100pct llr=0.00 age=22w bankroll=$681.38[0m
[96m2026-04-12 18:00:00.147 [WARNING] __main__: window open price captured: 71162.63 (RTDS boundary fallback, oracle_age=2000ms)[0m
[96m2026-04-12 18:00:00.148 [INFO] __main__: window open price captured: 71140.51 (binance)[0m
2026-04-12 18:00:00.278 [INFO] market_data.clob_market_ws: CLOB market subscribed for tokens up=546192921337 down=402770525022
[2m2026-04-12 18:00:24.378 [INFO] __main__: STATUS t=276s delta=0.0141% dir=up agree=False chain=71172.69 bin=71142.71 open=71162.63 obi=-0.4485 ask_up=0.51 ask_dn=0.50 bid_up=0.50 bid_dn=0.49 halted=True[0m
[2m2026-04-12 18:00:54.496 [INFO] __main__: STATUS t=246s delta=-0.0127% dir=down agree=True chain=71153.56 bin=71126.27 open=71162.63 obi=0.1819 ask_up=0.35 ask_dn=0.66 bid_up=0.34 bid_dn=0.65 halted=True[0m
[2m2026-04-12 18:01:24.627 [INFO] __main__: STATUS t=215s delta=-0.0463% dir=down agree=True chain=71129.65 bin=71104.64 open=71162.63 obi=0.5872 ask_up=0.44 ask_dn=0.57 bid_up=0.43 bid_dn=0.56 halted=True[0m
2026-04-12 18:01:37.150 [INFO] utils.reconnect: rtds connected to wss://ws-live-data.polymarket.com
2026-04-12 18:01:37.151 [INFO] market_data.rtds_ws: RTDS subscribed to chainlink
[2m2026-04-12 18:01:54.750 [INFO] __main__: STATUS t=185s delta=-0.0399% dir=down agree=True chain=71134.21 bin=71105.25 open=71162.63 obi=-0.2143 ask_up=0.49 ask_dn=0.52 bid_up=0.48 bid_dn=0.51 halted=True[0m
[2m2026-04-12 18:02:24.890 [INFO] __main__: STATUS t=155s delta=-0.0731% dir=down agree=True chain=71110.62 bin=71079.09 open=71162.63 obi=-0.3219 ask_up=0.27 ask_dn=0.74 bid_up=0.26 bid_dn=0.73 halted=True[0m
[2m2026-04-12 18:02:55.018 [INFO] __main__: STATUS t=125s delta=-0.0685% dir=down agree=True chain=71113.89 bin=71083.45 open=71162.63 obi=0.9558 ask_up=0.46 ask_dn=0.55 bid_up=0.45 bid_dn=0.54 halted=True[0m
[2m2026-04-12 18:03:25.142 [INFO] __main__: STATUS t=95s delta=-0.0676% dir=down agree=True chain=71114.55 bin=71088.60 open=71162.63 obi=0.0911 ask_up=0.54 ask_dn=0.47 bid_up=0.53 bid_dn=0.46 halted=True[0m
[2m2026-04-12 18:03:55.275 [INFO] __main__: STATUS t=65s delta=-0.0812% dir=down agree=True chain=71104.87 bin=71086.69 open=71162.63 obi=0.8008 ask_up=0.51 ask_dn=0.50 bid_up=0.50 bid_dn=0.49 halted=True[0m
[2m2026-04-12 18:04:25.399 [INFO] __main__: STATUS t=35s delta=-0.0891% dir=down agree=True chain=71099.21 bin=71070.74 open=71162.63 obi=-0.9856 ask_up=0.26 ask_dn=0.75 bid_up=0.25 bid_dn=0.74 halted=True[0m
[2m2026-04-12 18:04:55.519 [INFO] __main__: STATUS t=4s delta=-0.0562% dir=down agree=True chain=71122.65 bin=71097.85 open=71162.63 obi=-0.7933 ask_up=0.28 ask_dn=0.73 bid_up=0.27 bid_dn=0.72 halted=True[0m
[37m2026-04-12 18:05:00.040 [INFO] execution.paper_trading: paper window_ts=1776016800 [SKIP] pnl=0.0000 direction=up outcome=up - balance=$928.59 bid_up=0.88 ask_up=0.89 bid_dn=0.11 ask_dn=0.12[0m
[93m[1m2026-04-12 18:05:00.040 [INFO] risk.position_tracker: WINDOW_SUMMARY window_pnl=$0.0000 session_pnl=$-90.3888 won=$29.1067 lost=$119.4955 wr=50.0% (5/10) consec_losses=3[0m
[37m2026-04-12 18:05:00.061 [INFO] strategy.window_handler: WINDOW_DECISION [SKIP] rank=1 side=up pnl=$0.0000 entry=0.00 size=$0.00 (no fire)[0m
[96m[1m2026-04-12 18:05:00.062 [INFO] strategy.window_tracker: new window: btc-updown-5m-1776017100 (ts=1776017100)[0m
2026-04-12 18:05:00.075 [INFO] strategy.window_tracker: Gamma priceToBeat not yet available for btc-updown-5m-1776017100 — fetching in background
[96m2026-04-12 18:05:00.116 [INFO] strategy.window_handler: REGIME vol_stddev=0.067% chop_flips=0.0 outcome=4U/2D over 6w sprt=active_100pct llr=0.00 age=23w bankroll=$681.38[0m
[96m2026-04-12 18:05:00.116 [WARNING] __main__: window open price captured: 71177.17 (RTDS boundary fallback, oracle_age=2000ms)[0m
[96m2026-04-12 18:05:00.117 [INFO] __main__: window open price captured: 71154.64 (binance)[0m
2026-04-12 18:05:00.476 [INFO] market_data.clob_market_ws: CLOB market subscribed for tokens up=310425258538 down=579685484601
[2m2026-04-12 18:05:25.727 [INFO] __main__: STATUS t=274s delta=0.0072% dir=up agree=False chain=71182.26 bin=71158.62 open=71177.17 obi=0.7051 ask_up=0.53 ask_dn=0.50 bid_up=0.50 bid_dn=0.47 halted=True[0m
[2m2026-04-12 18:05:55.845 [INFO] __main__: STATUS t=244s delta=0.0150% dir=up agree=False chain=71187.84 bin=71158.36 open=71177.17 obi=0.7313 ask_up=0.53 ask_dn=0.49 bid_up=0.51 bid_dn=0.47 halted=True[0m
[2m2026-04-12 18:06:25.970 [INFO] __main__: STATUS t=214s delta=-0.0027% dir=down agree=True chain=71175.22 bin=71151.91 open=71177.17 obi=0.8226 ask_up=0.51 ask_dn=0.50 bid_up=0.50 bid_dn=0.49 halted=True[0m
[2m2026-04-12 18:06:56.099 [INFO] __main__: STATUS t=184s delta=-0.0110% dir=down agree=True chain=71169.33 bin=71134.63 open=71177.17 obi=-0.8993 ask_up=0.36 ask_dn=0.65 bid_up=0.35 bid_dn=0.64 halted=True[0m
[2m2026-04-12 18:07:26.231 [INFO] __main__: STATUS t=154s delta=-0.0370% dir=down agree=True chain=71150.80 bin=71124.55 open=71177.17 obi=-0.3881 ask_up=0.32 ask_dn=0.69 bid_up=0.31 bid_dn=0.68 halted=True[0m
[2m2026-04-12 18:07:56.348 [INFO] __main__: STATUS t=124s delta=-0.0633% dir=down agree=True chain=71132.08 bin=71110.38 open=71177.17 obi=-0.6502 ask_up=0.36 ask_dn=0.65 bid_up=0.35 bid_dn=0.64 halted=True[0m
[2m2026-04-12 18:08:26.474 [INFO] __main__: STATUS t=94s delta=-0.0663% dir=down agree=True chain=71129.97 bin=71110.38 open=71177.17 obi=-0.7748 ask_up=0.51 ask_dn=0.50 bid_up=0.50 bid_dn=0.49 halted=True[0m
[2m2026-04-12 18:08:56.591 [INFO] __main__: STATUS t=63s delta=-0.0587% dir=down agree=True chain=71135.38 bin=71108.11 open=71177.17 obi=0.1574 ask_up=0.41 ask_dn=0.60 bid_up=0.40 bid_dn=0.59 halted=True[0m
[2m2026-04-12 18:09:26.716 [INFO] __main__: STATUS t=33s delta=-0.0893% dir=down agree=True chain=71113.62 bin=71091.98 open=71177.17 obi=0.2057 ask_up=0.40 ask_dn=0.61 bid_up=0.39 bid_dn=0.60 halted=True[0m
[2m2026-04-12 18:09:56.841 [INFO] __main__: STATUS t=3s delta=-0.0458% dir=down agree=True chain=71144.57 bin=71160.18 open=71177.17 obi=0.3211 ask_up=0.92 ask_dn=0.09 bid_up=0.91 bid_dn=0.08 halted=True[0m
[37m2026-04-12 18:10:00.104 [INFO] execution.paper_trading: paper window_ts=1776017100 [SKIP] pnl=0.0000 direction=down outcome=down - balance=$928.59 bid_up=0.88 ask_up=0.90 bid_dn=0.10 ask_dn=0.12[0m
[93m[1m2026-04-12 18:10:00.104 [INFO] risk.position_tracker: WINDOW_SUMMARY window_pnl=$0.0000 session_pnl=$-90.3888 won=$29.1067 lost=$119.4955 wr=50.0% (5/10) consec_losses=3[0m
[37m2026-04-12 18:10:00.112 [INFO] strategy.window_handler: WINDOW_DECISION [SKIP] rank=1 side=up pnl=$0.0000 entry=0.00 size=$0.00 (no fire)[0m
[96m[1m2026-04-12 18:10:00.113 [INFO] strategy.window_tracker: new window: btc-updown-5m-1776017400 (ts=1776017400)[0m
2026-04-12 18:10:00.127 [INFO] strategy.window_tracker: Gamma priceToBeat not yet available for btc-updown-5m-1776017400 — fetching in background
[96m2026-04-12 18:10:00.227 [INFO] strategy.window_handler: REGIME vol_stddev=0.061% chop_flips=0.0 outcome=3U/3D over 6w sprt=active_100pct llr=0.00 age=24w bankroll=$681.38[0m
[96m2026-04-12 18:10:00.228 [WARNING] __main__: window open price captured: 71182.01 (RTDS boundary fallback, oracle_age=1000ms)[0m
[96m2026-04-12 18:10:00.229 [INFO] __main__: window open price captured: 71160.18 (binance)[0m
2026-04-12 18:10:00.668 [INFO] market_data.clob_market_ws: CLOB market subscribed for tokens up=693206153361 down=104838751101
[2m2026-04-12 18:10:26.854 [INFO] __main__: STATUS t=273s delta=-0.0260% dir=down agree=True chain=71163.53 bin=71141.47 open=71182.01 obi=-0.8941 ask_up=0.30 ask_dn=0.71 bid_up=0.29 bid_dn=0.70 halted=True[0m
[2m2026-04-12 18:10:56.973 [INFO] __main__: STATUS t=243s delta=-0.0352% dir=down agree=True chain=71156.98 bin=71133.48 open=71182.01 obi=0.1346 ask_up=0.34 ask_dn=0.67 bid_up=0.33 bid_dn=0.66 halted=True[0m
[2m2026-04-12 18:11:27.122 [INFO] __main__: STATUS t=213s delta=-0.0267% dir=down agree=True chain=71163.03 bin=71136.27 open=71182.01 obi=0.6429 ask_up=0.38 ask_dn=0.63 bid_up=0.37 bid_dn=0.62 halted=True[0m
[2m2026-04-12 18:11:57.244 [INFO] __main__: STATUS t=183s delta=-0.0194% dir=down agree=True chain=71168.17 bin=71144.12 open=71182.01 obi=-0.0445 ask_up=0.40 ask_dn=0.61 bid_up=0.39 bid_dn=0.60 halted=True[0m
[2m2026-04-12 18:12:27.404 [INFO] __main__: STATUS t=153s delta=-0.0102% dir=down agree=True chain=71174.72 bin=71149.62 open=71182.01 obi=0.8342 ask_up=0.48 ask_dn=0.53 bid_up=0.47 bid_dn=0.52 halted=True[0m
[2m2026-04-12 18:12:57.524 [INFO] __main__: STATUS t=122s delta=-0.0002% dir=down agree=True chain=71181.90 bin=71154.37 open=71182.01 obi=0.6404 ask_up=0.63 ask_dn=0.38 bid_up=0.62 bid_dn=0.37 halted=True[0m
[2m2026-04-12 18:13:27.668 [INFO] __main__: STATUS t=92s delta=-0.0111% dir=down agree=True chain=71174.11 bin=71152.12 open=71182.01 obi=-0.6206 ask_up=0.52 ask_dn=0.49 bid_up=0.51 bid_dn=0.48 halted=True[0m
[2m2026-04-12 18:13:57.788 [INFO] __main__: STATUS t=62s delta=-0.0230% dir=down agree=True chain=71165.67 bin=71140.03 open=71182.01 obi=-0.1508 ask_up=0.53 ask_dn=0.48 bid_up=0.52 bid_dn=0.47 halted=True[0m
[2m2026-04-12 18:14:27.951 [INFO] __main__: STATUS t=32s delta=-0.0361% dir=down agree=True chain=71156.28 bin=71131.65 open=71182.01 obi=-0.8688 ask_up=0.41 ask_dn=0.60 bid_up=0.40 bid_dn=0.59 halted=True[0m
[2m2026-04-12 18:14:58.071 [INFO] __main__: STATUS t=2s delta=-0.0287% dir=down agree=True chain=71161.57 bin=71175.75 open=71182.01 obi=0.8022 ask_up=0.97 ask_dn=0.04 bid_up=0.96 bid_dn=0.03 halted=True[0m
[37m2026-04-12 18:15:00.080 [INFO] execution.paper_trading: paper window_ts=1776017400 [SKIP] pnl=0.0000 direction=up outcome=up - balance=$928.59 bid_up=0.98 ask_up=0.99 bid_dn=0.01 ask_dn=0.02[0m
[93m[1m2026-04-12 18:15:00.080 [INFO] risk.position_tracker: WINDOW_SUMMARY window_pnl=$0.0000 session_pnl=$-90.3888 won=$29.1067 lost=$119.4955 wr=50.0% (5/10) consec_losses=3[0m
[37m2026-04-12 18:15:00.086 [INFO] strategy.window_handler: WINDOW_DECISION [SKIP] rank=1 side=up pnl=$0.0000 entry=0.00 size=$0.00 (no fire)[0m
[96m[1m2026-04-12 18:15:00.086 [INFO] strategy.window_tracker: new window: btc-updown-5m-1776017700 (ts=1776017700)[0m
2026-04-12 18:15:00.100 [INFO] strategy.window_tracker: Gamma priceToBeat not yet available for btc-updown-5m-1776017700 — fetching in background
[96m2026-04-12 18:15:00.132 [INFO] strategy.window_handler: REGIME vol_stddev=0.058% chop_flips=0.0 outcome=4U/2D over 6w sprt=active_100pct llr=0.00 age=25w bankroll=$681.38[0m
[96m2026-04-12 18:15:00.134 [WARNING] __main__: window open price captured: 71199.60 (RTDS boundary fallback, oracle_age=1000ms)[0m
[96m2026-04-12 18:15:00.136 [INFO] __main__: window open price captured: 71175.75 (binance)[0m
2026-04-12 18:15:00.865 [INFO] market_data.clob_market_ws: CLOB market subscribed for tokens up=113003281099 down=115289674411
[2m2026-04-12 18:15:28.296 [INFO] __main__: STATUS t=272s delta=0.0181% dir=up agree=False chain=71212.50 bin=71185.60 open=71199.60 obi=0.5819 ask_up=0.55 ask_dn=0.46 bid_up=0.54 bid_dn=0.45 halted=True[0m
[2m2026-04-12 18:15:58.418 [INFO] __main__: STATUS t=242s delta=0.0351% dir=up agree=False chain=71224.56 bin=71199.11 open=71199.60 obi=0.1244 ask_up=0.70 ask_dn=0.31 bid_up=0.69 bid_dn=0.30 halted=True[0m
[2m2026-04-12 18:16:28.550 [INFO] __main__: STATUS t=211s delta=-0.0185% dir=down agree=True chain=71186.42 bin=71164.28 open=71199.60 obi=-0.7221 ask_up=0.37 ask_dn=0.64 bid_up=0.36 bid_dn=0.63 halted=True[0m
[2m2026-04-12 18:16:58.663 [INFO] __main__: STATUS t=181s delta=-0.0518% dir=down agree=True chain=71162.73 bin=71136.07 open=71199.60 obi=0.3759 ask_up=0.31 ask_dn=0.70 bid_up=0.30 bid_dn=0.69 halted=True[0m
[2m2026-04-12 18:17:28.801 [INFO] __main__: STATUS t=151s delta=-0.0571% dir=down agree=True chain=71158.97 bin=71136.07 open=71199.60 obi=-0.3861 ask_up=0.25 ask_dn=0.76 bid_up=0.24 bid_dn=0.75 halted=True[0m
[2m2026-04-12 18:17:58.928 [INFO] __main__: STATUS t=121s delta=-0.0641% dir=down agree=True chain=71153.95 bin=71131.42 open=71199.60 obi=-0.0743 ask_up=0.20 ask_dn=0.81 bid_up=0.19 bid_dn=0.80 halted=True[0m
[2m2026-04-12 18:18:29.119 [INFO] __main__: STATUS t=91s delta=-0.0588% dir=down agree=True chain=71157.76 bin=71131.42 open=71199.60 obi=0.9910 ask_up=0.25 ask_dn=0.76 bid_up=0.24 bid_dn=0.75 halted=True[0m
[2m2026-04-12 18:18:59.248 [INFO] __main__: STATUS t=61s delta=-0.0741% dir=down agree=True chain=71146.82 bin=71124.94 open=71199.60 obi=-0.8643 ask_up=0.29 ask_dn=0.72 bid_up=0.28 bid_dn=0.71 halted=True[0m
[2m2026-04-12 18:19:29.404 [INFO] __main__: STATUS t=31s delta=-0.0935% dir=down agree=True chain=71133.01 bin=71107.83 open=71199.60 obi=0.0667 ask_up=0.23 ask_dn=0.78 bid_up=0.22 bid_dn=0.77 halted=True[0m
[2m2026-04-12 18:19:59.530 [INFO] __main__: STATUS t=0s delta=-0.1063% dir=down agree=True chain=71123.89 bin=71100.01 open=71199.60 obi=0.0269 ask_up=0.01 ask_dn=1.00 bid_up=0.01 bid_dn=0.99 halted=True[0m
[37m2026-04-12 18:20:00.034 [INFO] execution.paper_trading: paper window_ts=1776017700 [SKIP] pnl=0.0000 direction=down outcome=down - balance=$928.59 bid_up=0.01 ask_up=0.01 bid_dn=0.99 ask_dn=1.00[0m
[93m[1m2026-04-12 18:20:00.039 [INFO] risk.position_tracker: WINDOW_SUMMARY window_pnl=$0.0000 session_pnl=$-90.3888 won=$29.1067 lost=$119.4955 wr=50.0% (5/10) consec_losses=3[0m
[37m2026-04-12 18:20:00.049 [INFO] strategy.window_handler: WINDOW_DECISION [SKIP] rank=1 side=up pnl=$0.0000 entry=0.00 size=$0.00 (no fire)[0m
[96m[1m2026-04-12 18:20:00.049 [INFO] strategy.window_tracker: new window: btc-updown-5m-1776018000 (ts=1776018000)[0m
2026-04-12 18:20:00.067 [INFO] strategy.window_tracker: Gamma priceToBeat not yet available for btc-updown-5m-1776018000 — fetching in background
2026-04-12 18:20:00.086 [INFO] market_data.clob_market_ws: CLOB market subscribed for tokens up=362016520402 down=845486731783
[96m2026-04-12 18:20:00.104 [INFO] strategy.window_handler: REGIME vol_stddev=0.059% chop_flips=0.0 outcome=3U/3D over 6w sprt=active_100pct llr=0.00 age=26w bankroll=$681.38[0m
[96m2026-04-12 18:20:00.104 [WARNING] __main__: window open price captured: 71123.89 (RTDS boundary fallback, oracle_age=2000ms)[0m
[96m2026-04-12 18:20:00.107 [INFO] __main__: window open price captured: 71100.01 (binance)[0m
[2m2026-04-12 18:20:29.740 [INFO] __main__: STATUS t=270s delta=0.0047% dir=up agree=False chain=71127.25 bin=71100.01 open=71123.89 obi=0.9910 ask_up=0.61 ask_dn=0.40 bid_up=0.60 bid_dn=0.39 halted=True[0m
[2m2026-04-12 18:20:59.857 [INFO] __main__: STATUS t=240s delta=0.0098% dir=up agree=False chain=71130.84 bin=71100.00 open=71123.89 obi=0.9180 ask_up=0.62 ask_dn=0.39 bid_up=0.61 bid_dn=0.38 halted=True[0m
[2m2026-04-12 18:21:29.987 [INFO] __main__: STATUS t=210s delta=-0.0037% dir=down agree=True chain=71121.24 bin=71100.00 open=71123.89 obi=-0.1554 ask_up=0.53 ask_dn=0.48 bid_up=0.52 bid_dn=0.47 halted=True[0m
[2m2026-04-12 18:22:00.111 [INFO] __main__: STATUS t=180s delta=-0.0064% dir=down agree=True chain=71119.35 bin=71097.36 open=71123.89 obi=-0.4824 ask_up=0.49 ask_dn=0.52 bid_up=0.48 bid_dn=0.51 halted=True[0m
[2m2026-04-12 18:22:30.232 [INFO] __main__: STATUS t=150s delta=-0.0200% dir=down agree=True chain=71109.68 bin=71081.13 open=71123.89 obi=0.5735 ask_up=0.48 ask_dn=0.53 bid_up=0.47 bid_dn=0.52 halted=True[0m
[2m2026-04-12 18:23:00.354 [INFO] __main__: STATUS t=120s delta=-0.0209% dir=down agree=True chain=71109.06 bin=71080.41 open=71123.89 obi=-0.7834 ask_up=0.41 ask_dn=0.60 bid_up=0.40 bid_dn=0.59 halted=True[0m
[2m2026-04-12 18:23:30.494 [INFO] __main__: STATUS t=90s delta=-0.0266% dir=down agree=True chain=71104.98 bin=71076.41 open=71123.89 obi=0.1056 ask_up=0.68 ask_dn=0.33 bid_up=0.67 bid_dn=0.32 halted=True[0m
[2m2026-04-12 18:24:00.619 [INFO] __main__: STATUS t=59s delta=-0.0464% dir=down agree=True chain=71090.88 bin=71065.16 open=71123.89 obi=-0.2802 ask_up=0.54 ask_dn=0.49 bid_up=0.51 bid_dn=0.46 halted=True[0m
[2m2026-04-12 18:24:30.747 [INFO] __main__: STATUS t=29s delta=-0.0430% dir=down agree=True chain=71093.30 bin=71065.17 open=71123.89 obi=0.8425 ask_up=0.65 ask_dn=0.36 bid_up=0.64 bid_dn=0.35 halted=True[0m
[37m2026-04-12 18:25:00.113 [INFO] execution.paper_trading: paper window_ts=1776018000 [SKIP] pnl=0.0000 direction=up outcome=up - balance=$928.59 bid_up=0.95 ask_up=0.96 bid_dn=0.04 ask_dn=0.05[0m
[93m[1m2026-04-12 18:25:00.113 [INFO] risk.position_tracker: WINDOW_SUMMARY window_pnl=$0.0000 session_pnl=$-90.3888 won=$29.1067 lost=$119.4955 wr=50.0% (5/10) consec_losses=3[0m
[37m2026-04-12 18:25:00.119 [INFO] strategy.window_handler: WINDOW_DECISION [SKIP] rank=1 side=up pnl=$0.0000 entry=0.00 size=$0.00 (no fire)[0m
[96m[1m2026-04-12 18:25:00.119 [INFO] strategy.window_tracker: new window: btc-updown-5m-1776018300 (ts=1776018300)[0m
2026-04-12 18:25:00.133 [INFO] strategy.window_tracker: Gamma priceToBeat not yet available for btc-updown-5m-1776018300 — fetching in background
[96m2026-04-12 18:25:00.173 [INFO] strategy.window_handler: REGIME vol_stddev=0.057% chop_flips=0.0 outcome=3U/3D over 6w sprt=active_100pct llr=0.00 age=27w bankroll=$681.38[0m
[96m2026-04-12 18:25:00.174 [WARNING] __main__: window open price captured: 71130.05 (RTDS boundary fallback, oracle_age=2000ms)[0m
[96m2026-04-12 18:25:00.174 [INFO] __main__: window open price captured: 71102.45 (binance)[0m
2026-04-12 18:25:00.295 [INFO] market_data.clob_market_ws: CLOB market subscribed for tokens up=530614627866 down=336774386428
[2m2026-04-12 18:25:00.927 [INFO] __main__: STATUS t=299s delta=0.0000% dir=none agree=False chain=71130.05 bin=71102.44 open=71130.05 obi=-0.0785 ask_up=0.50 ask_dn=0.51 bid_up=0.49 bid_dn=0.50 halted=True[0m
[2m2026-04-12 18:25:31.081 [INFO] __main__: STATUS t=269s delta=-0.0140% dir=down agree=True chain=71120.12 bin=71096.26 open=71130.05 obi=-0.2859 ask_up=0.41 ask_dn=0.60 bid_up=0.40 bid_dn=0.59 halted=True[0m
[2m2026-04-12 18:26:01.207 [INFO] __main__: STATUS t=239s delta=-0.0150% dir=down agree=True chain=71119.40 bin=71096.26 open=71130.05 obi=0.1002 ask_up=0.43 ask_dn=0.58 bid_up=0.42 bid_dn=0.57 halted=True[0m
[2m2026-04-12 18:26:31.331 [INFO] __main__: STATUS t=209s delta=-0.0136% dir=down agree=True chain=71120.36 bin=71096.27 open=71130.05 obi=0.4625 ask_up=0.40 ask_dn=0.61 bid_up=0.39 bid_dn=0.60 halted=True[0m
[2m2026-04-12 18:27:01.456 [INFO] __main__: STATUS t=179s delta=-0.0157% dir=down agree=True chain=71118.86 bin=71096.27 open=71130.05 obi=0.1731 ask_up=0.42 ask_dn=0.59 bid_up=0.41 bid_dn=0.58 halted=True[0m
[2m2026-04-12 18:27:31.588 [INFO] __main__: STATUS t=148s delta=-0.0133% dir=down agree=True chain=71120.56 bin=71096.26 open=71130.05 obi=0.4012 ask_up=0.60 ask_dn=0.41 bid_up=0.59 bid_dn=0.40 halted=True[0m
[2m2026-04-12 18:28:01.706 [INFO] __main__: STATUS t=118s delta=-0.0152% dir=down agree=True chain=71119.22 bin=71096.26 open=71130.05 obi=-0.1618 ask_up=0.63 ask_dn=0.38 bid_up=0.62 bid_dn=0.37 halted=True[0m
[2m2026-04-12 18:28:31.829 [INFO] __main__: STATUS t=88s delta=-0.0045% dir=down agree=True chain=71126.85 bin=71103.87 open=71130.05 obi=0.6722 ask_up=0.60 ask_dn=0.41 bid_up=0.59 bid_dn=0.40 halted=True[0m
[2m2026-04-12 18:29:01.956 [INFO] __main__: STATUS t=58s delta=-0.0042% dir=down agree=True chain=71127.08 bin=71103.88 open=71130.05 obi=0.6997 ask_up=0.34 ask_dn=0.67 bid_up=0.33 bid_dn=0.66 halted=True[0m
[2m2026-04-12 18:29:32.087 [INFO] __main__: STATUS t=28s delta=-0.0249% dir=down agree=True chain=71112.35 bin=71087.43 open=71130.05 obi=0.9931 ask_up=0.14 ask_dn=0.87 bid_up=0.13 bid_dn=0.86 halted=True[0m
[37m2026-04-12 18:30:00.209 [INFO] execution.paper_trading: paper window_ts=1776018300 [SKIP] pnl=0.0000 direction=down outcome=down - balance=$928.59 bid_up=0.01 ask_up=0.01 bid_dn=0.99 ask_dn=1.00[0m
[93m[1m2026-04-12 18:30:00.209 [INFO] risk.position_tracker: WINDOW_SUMMARY window_pnl=$0.0000 session_pnl=$-90.3888 won=$29.1067 lost=$119.4955 wr=50.0% (5/10) consec_losses=3[0m
[37m2026-04-12 18:30:00.215 [INFO] strategy.window_handler: WINDOW_DECISION [SKIP] rank=1 side=up pnl=$0.0000 entry=0.00 size=$0.00 (no fire)[0m
[96m[1m2026-04-12 18:30:00.215 [INFO] strategy.window_tracker: new window: btc-updown-5m-1776018600 (ts=1776018600)[0m
2026-04-12 18:30:00.227 [INFO] strategy.window_tracker: Gamma priceToBeat not yet available for btc-updown-5m-1776018600 — fetching in background
[96m2026-04-12 18:30:00.268 [INFO] strategy.window_handler: REGIME vol_stddev=0.058% chop_flips=0.0 outcome=3U/3D over 6w sprt=active_100pct llr=0.00 age=28w bankroll=$681.38[0m
[96m2026-04-12 18:30:00.269 [WARNING] __main__: window open price captured: 71113.64 (RTDS boundary fallback, oracle_age=1000ms)[0m
[96m2026-04-12 18:30:00.269 [INFO] __main__: window open price captured: 71091.42 (binance)[0m
2026-04-12 18:30:00.508 [INFO] market_data.clob_market_ws: CLOB market subscribed for tokens up=861847617711 down=410752798093
[2m2026-04-12 18:30:02.328 [INFO] __main__: STATUS t=298s delta=-0.0000% dir=down agree=True chain=71113.64 bin=71091.41 open=71113.64 obi=-0.3485 ask_up=0.51 ask_dn=0.51 bid_up=0.49 bid_dn=0.49 halted=True[0m
[2m2026-04-12 18:30:32.475 [INFO] __main__: STATUS t=268s delta=0.0334% dir=up agree=False chain=71137.43 bin=71111.85 open=71113.64 obi=-0.6555 ask_up=0.65 ask_dn=0.36 bid_up=0.64 bid_dn=0.35 halted=True[0m
[2m2026-04-12 18:31:02.614 [INFO] __main__: STATUS t=237s delta=0.0336% dir=up agree=False chain=71137.55 bin=71111.85 open=71113.64 obi=0.3006 ask_up=0.70 ask_dn=0.31 bid_up=0.69 bid_dn=0.30 halted=True[0m
[2m2026-04-12 18:31:32.743 [INFO] __main__: STATUS t=207s delta=0.0335% dir=up agree=False chain=71137.45 bin=71111.85 open=71113.64 obi=0.2400 ask_up=0.69 ask_dn=0.32 bid_up=0.68 bid_dn=0.31 halted=True[0m
[2m2026-04-12 18:32:02.874 [INFO] __main__: STATUS t=177s delta=0.0437% dir=up agree=True chain=71144.71 bin=71123.30 open=71113.64 obi=-0.8238 ask_up=0.73 ask_dn=0.28 bid_up=0.72 bid_dn=0.27 halted=True[0m
[2m2026-04-12 18:32:33.001 [INFO] __main__: STATUS t=147s delta=0.0520% dir=up agree=True chain=71150.64 bin=71121.27 open=71113.64 obi=0.5175 ask_up=0.77 ask_dn=0.24 bid_up=0.76 bid_dn=0.23 halted=True[0m
[2m2026-04-12 18:33:03.130 [INFO] __main__: STATUS t=117s delta=0.0579% dir=up agree=True chain=71154.81 bin=71126.06 open=71113.64 obi=0.3078 ask_up=0.90 ask_dn=0.11 bid_up=0.89 bid_dn=0.10 halted=True[0m
[2m2026-04-12 18:33:33.259 [INFO] __main__: STATUS t=87s delta=0.0555% dir=up agree=True chain=71153.10 bin=71126.06 open=71113.64 obi=-0.0676 ask_up=0.87 ask_dn=0.14 bid_up=0.86 bid_dn=0.13 halted=True[0m
[2m2026-04-12 18:34:03.393 [INFO] __main__: STATUS t=57s delta=0.0526% dir=up agree=True chain=71151.04 bin=71132.58 open=71113.64 obi=0.2564 ask_up=0.96 ask_dn=0.05 bid_up=0.95 bid_dn=0.04 halted=True[0m
[2m2026-04-12 18:34:33.522 [INFO] __main__: STATUS t=26s delta=0.1213% dir=up agree=True chain=71199.93 bin=71164.08 open=71113.64 obi=-0.3002 ask_up=1.00 ask_dn=0.01 bid_up=0.99 bid_dn=0.01 halted=True[0m
[37m2026-04-12 18:35:00.146 [INFO] execution.paper_trading: paper window_ts=1776018600 [SKIP] pnl=0.0000 direction=up outcome=up - balance=$928.59 bid_up=0.99 ask_up=1.00 bid_dn=0.01 ask_dn=0.01[0m
[93m[1m2026-04-12 18:35:00.148 [INFO] risk.position_tracker: WINDOW_SUMMARY window_pnl=$0.0000 session_pnl=$-90.3888 won=$29.1067 lost=$119.4955 wr=50.0% (5/10) consec_losses=3[0m
[37m2026-04-12 18:35:00.155 [INFO] strategy.window_handler: WINDOW_DECISION [SKIP] rank=1 side=up pnl=$0.0000 entry=0.00 size=$0.00 (no fire)[0m
[96m[1m2026-04-12 18:35:00.155 [INFO] strategy.window_tracker: new window: btc-updown-5m-1776018900 (ts=1776018900)[0m
2026-04-12 18:35:00.169 [INFO] strategy.window_tracker: Gamma priceToBeat not yet available for btc-updown-5m-1776018900 — fetching in background
[96m2026-04-12 18:35:00.209 [INFO] strategy.window_handler: REGIME vol_stddev=0.060% chop_flips=0.0 outcome=3U/3D over 6w sprt=active_100pct llr=0.00 age=29w bankroll=$681.38[0m
[96m2026-04-12 18:35:00.210 [WARNING] __main__: window open price captured: 71176.34 (RTDS boundary fallback, oracle_age=2000ms)[0m
[96m2026-04-12 18:35:00.211 [INFO] __main__: window open price captured: 71152.51 (binance)[0m
2026-04-12 18:35:00.708 [INFO] market_data.clob_market_ws: CLOB market subscribed for tokens up=714113042870 down=819717629832
[2m2026-04-12 18:35:03.728 [INFO] __main__: STATUS t=296s delta=-0.0021% dir=down agree=True chain=71174.85 bin=71152.52 open=71176.34 obi=-0.8170 ask_up=0.49 ask_dn=0.52 bid_up=0.48 bid_dn=0.51 halted=True[0m
[2m2026-04-12 18:35:33.854 [INFO] __main__: STATUS t=266s delta=-0.0069% dir=down agree=True chain=71171.42 bin=71146.35 open=71176.34 obi=0.1321 ask_up=0.47 ask_dn=0.54 bid_up=0.46 bid_dn=0.53 halted=True[0m
[2m2026-04-12 18:36:03.980 [INFO] __main__: STATUS t=236s delta=-0.0044% dir=down agree=True chain=71173.21 bin=71159.30 open=71176.34 obi=0.9681 ask_up=0.53 ask_dn=0.48 bid_up=0.52 bid_dn=0.47 halted=True[0m
[2m2026-04-12 18:36:34.109 [INFO] __main__: STATUS t=206s delta=0.0275% dir=up agree=False chain=71195.88 bin=71170.00 open=71176.34 obi=0.9052 ask_up=0.73 ask_dn=0.28 bid_up=0.72 bid_dn=0.27 halted=True[0m
[2m2026-04-12 18:37:04.223 [INFO] __main__: STATUS t=176s delta=0.0459% dir=up agree=True chain=71208.99 bin=71180.30 open=71176.34 obi=-0.3646 ask_up=0.72 ask_dn=0.29 bid_up=0.71 bid_dn=0.28 halted=True[0m
[2m2026-04-12 18:37:34.343 [INFO] __main__: STATUS t=146s delta=0.0398% dir=up agree=True chain=71204.64 bin=71180.30 open=71176.34 obi=-0.0595 ask_up=0.78 ask_dn=0.23 bid_up=0.77 bid_dn=0.22 halted=True[0m
[2m2026-04-12 18:38:04.472 [INFO] __main__: STATUS t=116s delta=0.0549% dir=up agree=True chain=71215.43 bin=71188.66 open=71176.34 obi=0.3128 ask_up=0.89 ask_dn=0.12 bid_up=0.88 bid_dn=0.11 halted=True[0m
[2m2026-04-12 18:38:34.597 [INFO] __main__: STATUS t=85s delta=0.0585% dir=up agree=True chain=71217.96 bin=71196.41 open=71176.34 obi=-0.1643 ask_up=0.93 ask_dn=0.08 bid_up=0.92 bid_dn=0.07 halted=True[0m
[2m2026-04-12 18:39:04.737 [INFO] __main__: STATUS t=55s delta=0.0538% dir=up agree=True chain=71214.66 bin=71192.90 open=71176.34 obi=-0.4842 ask_up=0.95 ask_dn=0.06 bid_up=0.94 bid_dn=0.05 halted=True[0m
[2m2026-04-12 18:39:34.871 [INFO] __main__: STATUS t=25s delta=0.0546% dir=up agree=True chain=71215.23 bin=71192.91 open=71176.34 obi=-0.0598 ask_up=0.98 ask_dn=0.03 bid_up=0.97 bid_dn=0.02 halted=True[0m
[37m2026-04-12 18:40:00.229 [INFO] execution.paper_trading: paper window_ts=1776018900 [SKIP] pnl=0.0000 direction=up outcome=up - balance=$928.59 bid_up=0.99 ask_up=1.00 bid_dn=0.01 ask_dn=0.01[0m
[93m[1m2026-04-12 18:40:00.229 [INFO] risk.position_tracker: WINDOW_SUMMARY window_pnl=$0.0000 session_pnl=$-90.3888 won=$29.1067 lost=$119.4955 wr=50.0% (5/10) consec_losses=3[0m
[37m2026-04-12 18:40:00.234 [INFO] strategy.window_handler: WINDOW_DECISION [SKIP] rank=1 side=up pnl=$0.0000 entry=0.00 size=$0.00 (no fire)[0m
[96m[1m2026-04-12 18:40:00.234 [INFO] strategy.window_tracker: new window: btc-updown-5m-1776019200 (ts=1776019200)[0m
2026-04-12 18:40:00.242 [INFO] strategy.window_tracker: Gamma priceToBeat not yet available for btc-updown-5m-1776019200 — fetching in background
[96m2026-04-12 18:40:00.279 [INFO] strategy.window_handler: REGIME vol_stddev=0.058% chop_flips=0.0 outcome=4U/2D over 6w sprt=active_100pct llr=0.00 age=30w bankroll=$681.38[0m
[96m2026-04-12 18:40:00.285 [WARNING] __main__: window open price captured: 71218.39 (RTDS boundary fallback, oracle_age=1000ms)[0m
[96m2026-04-12 18:40:00.286 [INFO] __main__: window open price captured: 71194.23 (binance)[0m
2026-04-12 18:40:00.915 [INFO] market_data.clob_market_ws: CLOB market subscribed for tokens up=447449856712 down=901334874434
[2m2026-04-12 18:40:05.102 [INFO] __main__: STATUS t=295s delta=-0.0014% dir=down agree=True chain=71217.41 bin=71194.22 open=71218.39 obi=-0.9450 ask_up=0.46 ask_dn=0.55 bid_up=0.45 bid_dn=0.54 halted=True[0m
[2m2026-04-12 18:40:35.223 [INFO] __main__: STATUS t=265s delta=-0.0285% dir=down agree=True chain=71198.09 bin=71174.33 open=71218.39 obi=-0.6245 ask_up=0.31 ask_dn=0.71 bid_up=0.29 bid_dn=0.69 halted=True[0m
[2m2026-04-12 18:41:05.348 [INFO] __main__: STATUS t=235s delta=-0.0372% dir=down agree=True chain=71191.93 bin=71170.23 open=71218.39 obi=-0.3583 ask_up=0.30 ask_dn=0.71 bid_up=0.29 bid_dn=0.70 halted=True[0m
[2m2026-04-12 18:41:35.476 [INFO] __main__: STATUS t=205s delta=-0.0405% dir=down agree=True chain=71189.56 bin=71166.50 open=71218.39 obi=-0.8003 ask_up=0.52 ask_dn=0.49 bid_up=0.51 bid_dn=0.48 halted=True[0m
[2m2026-04-12 18:42:05.616 [INFO] __main__: STATUS t=174s delta=-0.0362% dir=down agree=True chain=71192.61 bin=71170.22 open=71218.39 obi=0.7417 ask_up=0.67 ask_dn=0.34 bid_up=0.66 bid_dn=0.33 halted=True[0m
[2m2026-04-12 18:42:35.738 [INFO] __main__: STATUS t=144s delta=-0.0427% dir=down agree=True chain=71187.94 bin=71146.36 open=71218.39 obi=-0.9619 ask_up=0.36 ask_dn=0.65 bid_up=0.35 bid_dn=0.64 halted=True[0m
[2m2026-04-12 18:43:05.865 [INFO] __main__: STATUS t=114s delta=-0.0993% dir=down agree=True chain=71147.65 bin=71119.58 open=71218.39 obi=0.2097 ask_up=0.16 ask_dn=0.85 bid_up=0.15 bid_dn=0.84 halted=True[0m
[2m2026-04-12 18:43:35.996 [INFO] __main__: STATUS t=84s delta=-0.0964% dir=down agree=True chain=71149.72 bin=71119.59 open=71218.39 obi=0.8173 ask_up=0.29 ask_dn=0.72 bid_up=0.28 bid_dn=0.71 halted=True[0m
[2m2026-04-12 18:44:06.136 [INFO] __main__: STATUS t=54s delta=-0.1007% dir=down agree=True chain=71146.70 bin=71119.59 open=71218.39 obi=-0.0577 ask_up=0.24 ask_dn=0.78 bid_up=0.22 bid_dn=0.76 halted=True[0m
[2m2026-04-12 18:44:36.264 [INFO] __main__: STATUS t=24s delta=-0.0982% dir=down agree=True chain=71148.43 bin=71119.43 open=71218.39 obi=0.6173 ask_up=0.17 ask_dn=0.85 bid_up=0.15 bid_dn=0.83 halted=True[0m
[37m2026-04-12 18:45:00.120 [INFO] execution.paper_trading: paper window_ts=1776019200 [SKIP] pnl=0.0000 direction=down outcome=down - balance=$928.59 bid_up=0.01 ask_up=0.01 bid_dn=0.99 ask_dn=1.00[0m
[93m[1m2026-04-12 18:45:00.120 [INFO] risk.position_tracker: WINDOW_SUMMARY window_pnl=$0.0000 session_pnl=$-90.3888 won=$29.1067 lost=$119.4955 wr=50.0% (5/10) consec_losses=3[0m
[37m2026-04-12 18:45:00.128 [INFO] strategy.window_handler: WINDOW_DECISION [SKIP] rank=1 side=up pnl=$0.0000 entry=0.00 size=$0.00 (no fire)[0m
[96m[1m2026-04-12 18:45:00.128 [INFO] strategy.window_tracker: new window: btc-updown-5m-1776019500 (ts=1776019500)[0m
2026-04-12 18:45:00.140 [INFO] strategy.window_tracker: Gamma priceToBeat not yet available for btc-updown-5m-1776019500 — fetching in background
[96m2026-04-12 18:45:00.178 [INFO] strategy.window_handler: REGIME vol_stddev=0.063% chop_flips=0.0 outcome=3U/3D over 6w sprt=active_100pct llr=0.00 age=31w bankroll=$681.38[0m
[96m2026-04-12 18:45:00.178 [WARNING] __main__: window open price captured: 71145.44 (RTDS boundary fallback, oracle_age=2000ms)[0m
[96m2026-04-12 18:45:00.178 [INFO] __main__: window open price captured: 71119.42 (binance)[0m
2026-04-12 18:45:01.130 [INFO] market_data.clob_market_ws: CLOB market subscribed for tokens up=929279134825 down=357684202174
[2m2026-04-12 18:45:06.477 [INFO] __main__: STATUS t=294s delta=0.0016% dir=up agree=False chain=71146.61 bin=71119.43 open=71145.44 obi=-0.0404 ask_up=0.51 ask_dn=0.50 bid_up=0.50 bid_dn=0.49 halted=True[0m
[2m2026-04-12 18:45:36.603 [INFO] __main__: STATUS t=263s delta=0.0020% dir=up agree=False chain=71146.83 bin=71119.43 open=71145.44 obi=0.0826 ask_up=0.59 ask_dn=0.43 bid_up=0.57 bid_dn=0.41 halted=True[0m
[2m2026-04-12 18:46:06.737 [INFO] __main__: STATUS t=233s delta=0.0109% dir=up agree=False chain=71153.17 bin=71122.34 open=71145.44 obi=0.7987 ask_up=0.66 ask_dn=0.35 bid_up=0.65 bid_dn=0.34 halted=True[0m
[2m2026-04-12 18:46:36.869 [INFO] __main__: STATUS t=203s delta=0.0106% dir=up agree=False chain=71152.97 bin=71122.34 open=71145.44 obi=0.7785 ask_up=0.64 ask_dn=0.37 bid_up=0.63 bid_dn=0.36 halted=True[0m
[2m2026-04-12 18:47:06.996 [INFO] __main__: STATUS t=173s delta=0.0094% dir=up agree=False chain=71152.11 bin=71122.33 open=71145.44 obi=0.5321 ask_up=0.64 ask_dn=0.37 bid_up=0.63 bid_dn=0.36 halted=True[0m
[2m2026-04-12 18:47:37.122 [INFO] __main__: STATUS t=143s delta=0.0049% dir=up agree=False chain=71148.90 bin=71122.34 open=71145.44 obi=0.2267 ask_up=0.61 ask_dn=0.40 bid_up=0.60 bid_dn=0.39 halted=True[0m
[2m2026-04-12 18:48:07.269 [INFO] __main__: STATUS t=113s delta=0.0070% dir=up agree=False chain=71150.43 bin=71122.34 open=71145.44 obi=0.0110 ask_up=0.63 ask_dn=0.38 bid_up=0.62 bid_dn=0.37 halted=True[0m
[2m2026-04-12 18:48:37.393 [INFO] __main__: STATUS t=83s delta=0.0045% dir=up agree=False chain=71148.62 bin=71122.33 open=71145.44 obi=0.1506 ask_up=0.67 ask_dn=0.34 bid_up=0.66 bid_dn=0.33 halted=True[0m
[2m2026-04-12 18:49:07.527 [INFO] __main__: STATUS t=52s delta=0.0026% dir=up agree=False chain=71147.26 bin=71110.34 open=71145.44 obi=-0.9979 ask_up=0.39 ask_dn=0.63 bid_up=0.37 bid_dn=0.61 halted=True[0m
[2m2026-04-12 18:49:37.654 [INFO] __main__: STATUS t=22s delta=-0.0078% dir=down agree=True chain=71139.90 bin=71115.30 open=71145.44 obi=0.4544 ask_up=0.34 ask_dn=0.67 bid_up=0.33 bid_dn=0.66 halted=True[0m
[37m2026-04-12 18:50:00.250 [INFO] execution.paper_trading: paper window_ts=1776019500 [SKIP] pnl=0.0000 direction=up outcome=up - balance=$928.59 bid_up=0.92 ask_up=0.95 bid_dn=0.05 ask_dn=0.08[0m
[93m[1m2026-04-12 18:50:00.250 [INFO] risk.position_tracker: WINDOW_SUMMARY window_pnl=$0.0000 session_pnl=$-90.3888 won=$29.1067 lost=$119.4955 wr=50.0% (5/10) consec_losses=3[0m
[37m2026-04-12 18:50:00.256 [INFO] strategy.window_handler: WINDOW_DECISION [SKIP] rank=1 side=up pnl=$0.0000 entry=0.00 size=$0.00 (no fire)[0m
[96m[1m2026-04-12 18:50:00.256 [INFO] strategy.window_tracker: new window: btc-updown-5m-1776019800 (ts=1776019800)[0m
2026-04-12 18:50:00.269 [INFO] strategy.window_tracker: Gamma priceToBeat not yet available for btc-updown-5m-1776019800 — fetching in background
[96m2026-04-12 18:50:00.301 [INFO] strategy.window_handler: REGIME vol_stddev=0.062% chop_flips=0.0 outcome=4U/2D over 6w sprt=active_100pct llr=0.00 age=32w bankroll=$681.38[0m
[96m2026-04-12 18:50:00.301 [WARNING] __main__: window open price captured: 71146.94 (RTDS boundary fallback, oracle_age=1000ms)[0m
[96m2026-04-12 18:50:00.302 [INFO] __main__: window open price captured: 71118.45 (binance)[0m
2026-04-12 18:50:00.323 [INFO] market_data.clob_market_ws: CLOB market subscribed for tokens up=738491771536 down=583783050932
[2m2026-04-12 18:50:07.868 [INFO] __main__: STATUS t=292s delta=0.0005% dir=up agree=False chain=71147.30 bin=71118.44 open=71146.94 obi=0.5424 ask_up=0.51 ask_dn=0.50 bid_up=0.50 bid_dn=0.49 halted=True[0m
[2m2026-04-12 18:50:37.995 [INFO] __main__: STATUS t=262s delta=0.0141% dir=up agree=False chain=71157.00 bin=71127.22 open=71146.94 obi=0.9971 ask_up=0.64 ask_dn=0.37 bid_up=0.63 bid_dn=0.36 halted=True[0m
[2m2026-04-12 18:51:08.146 [INFO] __main__: STATUS t=232s delta=0.0249% dir=up agree=False chain=71164.68 bin=71139.99 open=71146.94 obi=0.0370 ask_up=0.74 ask_dn=0.27 bid_up=0.73 bid_dn=0.26 halted=True[0m
[2m2026-04-12 18:51:38.269 [INFO] __main__: STATUS t=202s delta=0.0338% dir=up agree=False chain=71170.99 bin=71146.30 open=71146.94 obi=-0.8656 ask_up=0.74 ask_dn=0.27 bid_up=0.73 bid_dn=0.26 halted=True[0m
[2m2026-04-12 18:52:08.392 [INFO] __main__: STATUS t=172s delta=0.0203% dir=up agree=False chain=71161.37 bin=71140.01 open=71146.94 obi=-0.8161 ask_up=0.71 ask_dn=0.30 bid_up=0.70 bid_dn=0.29 halted=True[0m
[2m2026-04-12 18:52:38.514 [INFO] __main__: STATUS t=141s delta=0.0213% dir=up agree=False chain=71162.09 bin=71140.01 open=71146.94 obi=-0.5955 ask_up=0.78 ask_dn=0.23 bid_up=0.77 bid_dn=0.22 halted=True[0m
[2m2026-04-12 18:53:08.649 [INFO] __main__: STATUS t=111s delta=0.0371% dir=up agree=False chain=71173.35 bin=71145.98 open=71146.94 obi=0.8214 ask_up=0.90 ask_dn=0.11 bid_up=0.89 bid_dn=0.10 halted=True[0m
[2m2026-04-12 18:53:38.770 [INFO] __main__: STATUS t=81s delta=0.0320% dir=up agree=False chain=71169.74 bin=71144.99 open=71146.94 obi=-0.9932 ask_up=0.83 ask_dn=0.18 bid_up=0.82 bid_dn=0.17 halted=True[0m
[2m2026-04-12 18:54:08.953 [INFO] __main__: STATUS t=51s delta=0.0260% dir=up agree=False chain=71165.41 bin=71143.03 open=71146.94 obi=0.2353 ask_up=0.92 ask_dn=0.09 bid_up=0.91 bid_dn=0.08 halted=True[0m
[2m2026-04-12 18:54:39.073 [INFO] __main__: STATUS t=21s delta=0.0231% dir=up agree=False chain=71163.35 bin=71140.52 open=71146.94 obi=-0.6166 ask_up=0.96 ask_dn=0.05 bid_up=0.95 bid_dn=0.04 halted=True[0m
[37m2026-04-12 18:55:00.165 [INFO] execution.paper_trading: paper window_ts=1776019800 [SKIP] pnl=0.0000 direction=up outcome=up - balance=$928.59 bid_up=0.99 ask_up=1.00 bid_dn=0.01 ask_dn=0.01[0m
[93m[1m2026-04-12 18:55:00.165 [INFO] risk.position_tracker: WINDOW_SUMMARY window_pnl=$0.0000 session_pnl=$-90.3888 won=$29.1067 lost=$119.4955 wr=50.0% (5/10) consec_losses=3[0m
[37m2026-04-12 18:55:00.170 [INFO] strategy.window_handler: WINDOW_DECISION [SKIP] rank=1 side=up pnl=$0.0000 entry=0.00 size=$0.00 (no fire)[0m
[96m[1m2026-04-12 18:55:00.170 [INFO] strategy.window_tracker: new window: btc-updown-5m-1776020100 (ts=1776020100)[0m
2026-04-12 18:55:00.183 [INFO] strategy.window_tracker: Gamma priceToBeat not yet available for btc-updown-5m-1776020100 — fetching in background
[96m2026-04-12 18:55:00.219 [INFO] strategy.window_handler: REGIME vol_stddev=0.062% chop_flips=0.0 outcome=4U/2D over 6w sprt=active_100pct llr=0.00 age=33w bankroll=$681.38[0m
[96m2026-04-12 18:55:00.219 [WARNING] __main__: window open price captured: 71165.70 (RTDS boundary fallback, oracle_age=1000ms)[0m
[96m2026-04-12 18:55:00.219 [INFO] __main__: window open price captured: 71140.53 (binance)[0m
2026-04-12 18:55:00.539 [INFO] market_data.clob_market_ws: CLOB market subscribed for tokens up=338907246158 down=257069401852
[2m2026-04-12 18:55:09.266 [INFO] __main__: STATUS t=291s delta=-0.0004% dir=down agree=True chain=71165.44 bin=71134.68 open=71165.70 obi=-0.5804 ask_up=0.52 ask_dn=0.49 bid_up=0.51 bid_dn=0.48 halted=True[0m
[2m2026-04-12 18:55:39.388 [INFO] __main__: STATUS t=261s delta=-0.0211% dir=down agree=True chain=71150.66 bin=71123.80 open=71165.70 obi=0.9035 ask_up=0.39 ask_dn=0.62 bid_up=0.38 bid_dn=0.61 halted=True[0m
[2m2026-04-12 18:56:09.519 [INFO] __main__: STATUS t=230s delta=0.0011% dir=up agree=False chain=71166.49 bin=71139.87 open=71165.70 obi=0.8669 ask_up=0.60 ask_dn=0.41 bid_up=0.59 bid_dn=0.40 halted=True[0m
[2m2026-04-12 18:56:39.642 [INFO] __main__: STATUS t=200s delta=0.0281% dir=up agree=False chain=71185.71 bin=71157.05 open=71165.70 obi=0.9831 ask_up=0.81 ask_dn=0.20 bid_up=0.80 bid_dn=0.19 halted=True[0m
[2m2026-04-12 18:57:09.764 [INFO] __main__: STATUS t=170s delta=0.0222% dir=up agree=False chain=71181.48 bin=71157.05 open=71165.70 obi=-0.2359 ask_up=0.72 ask_dn=0.29 bid_up=0.71 bid_dn=0.28 halted=True[0m
[2m2026-04-12 18:57:39.883 [INFO] __main__: STATUS t=140s delta=0.0255% dir=up agree=False chain=71183.81 bin=71157.05 open=71165.70 obi=0.0545 ask_up=0.77 ask_dn=0.24 bid_up=0.76 bid_dn=0.23 halted=True[0m
[2m2026-04-12 18:58:10.014 [INFO] __main__: STATUS t=110s delta=0.0268% dir=up agree=False chain=71184.76 bin=71157.04 open=71165.70 obi=0.3592 ask_up=0.82 ask_dn=0.19 bid_up=0.81 bid_dn=0.18 halted=True[0m
[2m2026-04-12 18:58:40.139 [INFO] __main__: STATUS t=80s delta=0.0001% dir=up agree=False chain=71165.79 bin=71139.42 open=71165.70 obi=-0.1037 ask_up=0.49 ask_dn=0.52 bid_up=0.48 bid_dn=0.51 halted=True[0m
[2m2026-04-12 18:59:10.265 [INFO] __main__: STATUS t=50s delta=-0.0060% dir=down agree=True chain=71161.42 bin=71139.42 open=71165.70 obi=-0.4084 ask_up=0.40 ask_dn=0.61 bid_up=0.39 bid_dn=0.60 halted=True[0m
[2m2026-04-12 18:59:40.390 [INFO] __main__: STATUS t=20s delta=-0.0082% dir=down agree=True chain=71159.87 bin=71139.43 open=71165.70 obi=0.0763 ask_up=0.44 ask_dn=0.57 bid_up=0.43 bid_dn=0.56 halted=True[0m
[37m2026-04-12 19:00:00.228 [INFO] execution.paper_trading: paper window_ts=1776020100 [SKIP] pnl=0.0000 direction=down outcome=down - balance=$928.59 bid_up=0.02 ask_up=0.04 bid_dn=0.96 ask_dn=0.98[0m
[93m[1m2026-04-12 19:00:00.228 [INFO] risk.position_tracker: WINDOW_SUMMARY window_pnl=$0.0000 session_pnl=$-90.3888 won=$29.1067 lost=$119.4955 wr=50.0% (5/10) consec_losses=3[0m
[37m2026-04-12 19:00:00.234 [INFO] strategy.window_handler: WINDOW_DECISION [SKIP] rank=1 side=up pnl=$0.0000 entry=0.00 size=$0.00 (no fire)[0m
[96m[1m2026-04-12 19:00:00.235 [INFO] strategy.window_tracker: new window: btc-updown-5m-1776020400 (ts=1776020400)[0m
2026-04-12 19:00:00.247 [INFO] strategy.window_tracker: Gamma priceToBeat not yet available for btc-updown-5m-1776020400 — fetching in background
[96m2026-04-12 19:00:00.281 [INFO] strategy.window_handler: REGIME vol_stddev=0.061% chop_flips=0.0 outcome=4U/2D over 6w sprt=active_100pct llr=0.00 age=34w bankroll=$681.38[0m
[96m2026-04-12 19:00:00.282 [WARNING] __main__: window open price captured: 71159.91 (RTDS boundary fallback, oracle_age=1000ms)[0m
[96m2026-04-12 19:00:00.282 [INFO] __main__: window open price captured: 71137.64 (binance)[0m
2026-04-12 19:00:00.732 [INFO] market_data.clob_market_ws: CLOB market subscribed for tokens up=674263395812 down=851469834567
[2m2026-04-12 19:00:10.441 [INFO] __main__: STATUS t=290s delta=-0.0023% dir=down agree=True chain=71158.28 bin=71135.00 open=71159.91 obi=-0.8594 ask_up=0.43 ask_dn=0.58 bid_up=0.42 bid_dn=0.57 halted=True[0m
[2m2026-04-12 19:00:40.560 [INFO] __main__: STATUS t=259s delta=0.0054% dir=up agree=False chain=71163.73 bin=71140.76 open=71159.91 obi=-0.2720 ask_up=0.54 ask_dn=0.47 bid_up=0.53 bid_dn=0.46 halted=True[0m
[2m2026-04-12 19:01:10.715 [INFO] __main__: STATUS t=229s delta=0.0213% dir=up agree=False chain=71175.04 bin=71145.76 open=71159.91 obi=0.9946 ask_up=0.70 ask_dn=0.31 bid_up=0.69 bid_dn=0.30 halted=True[0m
[2m2026-04-12 19:01:40.837 [INFO] __main__: STATUS t=199s delta=0.0219% dir=up agree=False chain=71175.52 bin=71145.77 open=71159.91 obi=0.9837 ask_up=0.72 ask_dn=0.29 bid_up=0.71 bid_dn=0.28 halted=True[0m
[2m2026-04-12 19:02:10.961 [INFO] __main__: STATUS t=169s delta=0.0266% dir=up agree=False chain=71178.83 bin=71148.71 open=71159.91 obi=0.7836 ask_up=0.77 ask_dn=0.24 bid_up=0.76 bid_dn=0.23 halted=True[0m
[2m2026-04-12 19:02:41.091 [INFO] __main__: STATUS t=139s delta=0.0268% dir=up agree=False chain=71178.95 bin=71148.72 open=71159.91 obi=0.5628 ask_up=0.78 ask_dn=0.23 bid_up=0.77 bid_dn=0.22 halted=True[0m
[2m2026-04-12 19:03:11.226 [INFO] __main__: STATUS t=109s delta=0.0275% dir=up agree=False chain=71179.46 bin=71148.72 open=71159.91 obi=0.2306 ask_up=0.82 ask_dn=0.19 bid_up=0.81 bid_dn=0.18 halted=True[0m
[2m2026-04-12 19:03:41.353 [INFO] __main__: STATUS t=79s delta=0.0272% dir=up agree=False chain=71179.25 bin=71152.56 open=71159.91 obi=0.4744 ask_up=0.88 ask_dn=0.13 bid_up=0.87 bid_dn=0.12 halted=True[0m
[2m2026-04-12 19:04:11.478 [INFO] __main__: STATUS t=49s delta=0.0243% dir=up agree=False chain=71177.19 bin=71152.56 open=71159.91 obi=0.4295 ask_up=0.92 ask_dn=0.09 bid_up=0.91 bid_dn=0.08 halted=True[0m
[2m2026-04-12 19:04:41.607 [INFO] __main__: STATUS t=18s delta=0.0251% dir=up agree=False chain=71177.80 bin=71152.56 open=71159.91 obi=0.4110 ask_up=0.97 ask_dn=0.04 bid_up=0.96 bid_dn=0.03 halted=True[0m
[37m2026-04-12 19:05:00.184 [INFO] execution.paper_trading: paper window_ts=1776020400 [SKIP] pnl=0.0000 direction=up outcome=up - balance=$928.59 bid_up=0.99 ask_up=1.00 bid_dn=0.01 ask_dn=0.01[0m
[93m[1m2026-04-12 19:05:00.184 [INFO] risk.position_tracker: WINDOW_SUMMARY window_pnl=$0.0000 session_pnl=$-90.3888 won=$29.1067 lost=$119.4955 wr=50.0% (5/10) consec_losses=3[0m
[37m2026-04-12 19:05:00.191 [INFO] strategy.window_handler: WINDOW_DECISION [SKIP] rank=1 side=up pnl=$0.0000 entry=0.00 size=$0.00 (no fire)[0m
[96m[1m2026-04-12 19:05:00.191 [INFO] strategy.window_tracker: new window: btc-updown-5m-1776020700 (ts=1776020700)[0m
2026-04-12 19:05:00.202 [INFO] strategy.window_tracker: Gamma priceToBeat not yet available for btc-updown-5m-1776020700 — fetching in background
[96m2026-04-12 19:05:00.238 [INFO] strategy.window_handler: REGIME vol_stddev=0.061% chop_flips=0.0 outcome=4U/2D over 6w sprt=active_100pct llr=0.00 age=35w bankroll=$681.38[0m
[96m2026-04-12 19:05:00.239 [WARNING] __main__: window open price captured: 71177.31 (RTDS boundary fallback, oracle_age=2000ms)[0m
[96m2026-04-12 19:05:00.239 [INFO] __main__: window open price captured: 71152.56 (binance)[0m
2026-04-12 19:05:00.979 [INFO] market_data.clob_market_ws: CLOB market subscribed for tokens up=560935140874 down=409737057519
[2m2026-04-12 19:05:11.807 [INFO] __main__: STATUS t=288s delta=0.0008% dir=up agree=False chain=71177.89 bin=71152.57 open=71177.31 obi=0.6302 ask_up=0.54 ask_dn=0.47 bid_up=0.53 bid_dn=0.46 halted=True[0m
[2m2026-04-12 19:05:41.928 [INFO] __main__: STATUS t=258s delta=0.0048% dir=up agree=False chain=71180.76 bin=71152.56 open=71177.31 obi=0.7335 ask_up=0.50 ask_dn=0.51 bid_up=0.49 bid_dn=0.50 halted=True[0m
[2m2026-04-12 19:06:12.111 [INFO] __main__: STATUS t=228s delta=0.0129% dir=up agree=False chain=71186.47 bin=71165.07 open=71177.31 obi=0.9861 ask_up=0.76 ask_dn=0.25 bid_up=0.75 bid_dn=0.24 halted=True[0m
[2m2026-04-12 19:06:42.233 [INFO] __main__: STATUS t=198s delta=0.0258% dir=up agree=False chain=71195.67 bin=71174.32 open=71177.31 obi=-0.4939 ask_up=0.70 ask_dn=0.31 bid_up=0.69 bid_dn=0.30 halted=True[0m
[2m2026-04-12 19:07:12.360 [INFO] __main__: STATUS t=168s delta=0.0262% dir=up agree=False chain=71195.97 bin=71174.32 open=71177.31 obi=-0.5383 ask_up=0.42 ask_dn=0.59 bid_up=0.41 bid_dn=0.58 halted=True[0m
[2m2026-04-12 19:07:42.484 [INFO] __main__: STATUS t=138s delta=0.0301% dir=up agree=False chain=71198.72 bin=71174.33 open=71177.31 obi=-0.1182 ask_up=0.37 ask_dn=0.64 bid_up=0.36 bid_dn=0.63 halted=True[0m
[2m2026-04-12 19:08:12.614 [INFO] __main__: STATUS t=107s delta=0.0108% dir=up agree=False chain=71185.03 bin=71160.09 open=71177.31 obi=-0.5738 ask_up=0.35 ask_dn=0.66 bid_up=0.34 bid_dn=0.65 halted=True[0m
[2m2026-04-12 19:08:42.734 [INFO] __main__: STATUS t=77s delta=0.0173% dir=up agree=False chain=71189.64 bin=71160.09 open=71177.31 obi=0.8219 ask_up=0.50 ask_dn=0.51 bid_up=0.49 bid_dn=0.50 halted=True[0m
[2m2026-04-12 19:09:12.863 [INFO] __main__: STATUS t=47s delta=0.0207% dir=up agree=False chain=71192.03 bin=71165.90 open=71177.31 obi=0.4617 ask_up=0.50 ask_dn=0.51 bid_up=0.49 bid_dn=0.50 halted=True[0m
[2m2026-04-12 19:09:42.990 [INFO] __main__: STATUS t=17s delta=0.0269% dir=up agree=False chain=71196.45 bin=71167.99 open=71177.31 obi=0.9714 ask_up=0.50 ask_dn=0.51 bid_up=0.49 bid_dn=0.50 halted=True[0m
[37m2026-04-12 19:10:00.057 [INFO] execution.paper_trading: paper window_ts=1776020700 [SKIP] pnl=0.0000 direction=up outcome=up - balance=$928.59 bid_up=0.26 ask_up=0.27 bid_dn=0.73 ask_dn=0.74[0m
[93m[1m2026-04-12 19:10:00.057 [INFO] risk.position_tracker: WINDOW_SUMMARY window_pnl=$0.0000 session_pnl=$-90.3888 won=$29.1067 lost=$119.4955 wr=50.0% (5/10) consec_losses=3[0m
[37m2026-04-12 19:10:00.063 [INFO] strategy.window_handler: WINDOW_DECISION [SKIP] rank=1 side=up pnl=$0.0000 entry=0.00 size=$0.00 (no fire)[0m
[96m[1m2026-04-12 19:10:00.068 [INFO] strategy.window_tracker: new window: btc-updown-5m-1776021000 (ts=1776021000)[0m
2026-04-12 19:10:00.082 [INFO] strategy.window_tracker: Gamma priceToBeat not yet available for btc-updown-5m-1776021000 — fetching in background
[96m2026-04-12 19:10:00.151 [INFO] strategy.window_handler: REGIME vol_stddev=0.061% chop_flips=0.0 outcome=4U/2D over 6w sprt=active_100pct llr=0.00 age=36w bankroll=$681.38[0m
[96m2026-04-12 19:10:00.152 [WARNING] __main__: window open price captured: 71176.91 (RTDS boundary fallback, oracle_age=1000ms)[0m
[96m2026-04-12 19:10:00.152 [INFO] __main__: window open price captured: 71150.30 (binance)[0m
2026-04-12 19:10:00.194 [INFO] market_data.clob_market_ws: CLOB market subscribed for tokens up=447047151406 down=349558144669
[2m2026-04-12 19:10:12.994 [INFO] __main__: STATUS t=287s delta=0.0264% dir=up agree=True chain=71195.72 bin=71177.67 open=71176.91 obi=0.9335 ask_up=0.74 ask_dn=0.27 bid_up=0.73 bid_dn=0.26 halted=True[0m
[2m2026-04-12 19:10:43.115 [INFO] __main__: STATUS t=257s delta=0.0532% dir=up agree=True chain=71214.76 bin=71187.84 open=71176.91 obi=0.9468 ask_up=0.87 ask_dn=0.14 bid_up=0.86 bid_dn=0.13 halted=True[0m
[2m2026-04-12 19:11:13.246 [INFO] __main__: STATUS t=227s delta=0.0765% dir=up agree=True chain=71231.39 bin=71221.26 open=71176.91 obi=0.7653 ask_up=0.79 ask_dn=0.22 bid_up=0.78 bid_dn=0.21 halted=True[0m
[2m2026-04-12 19:11:43.375 [INFO] __main__: STATUS t=197s delta=0.0846% dir=up agree=True chain=71237.13 bin=71209.30 open=71176.91 obi=-0.1288 ask_up=0.69 ask_dn=0.32 bid_up=0.68 bid_dn=0.31 halted=True[0m
[2m2026-04-12 19:12:13.521 [INFO] __main__: STATUS t=166s delta=0.0760% dir=up agree=True chain=71231.03 bin=71205.02 open=71176.91 obi=-0.5751 ask_up=0.58 ask_dn=0.43 bid_up=0.57 bid_dn=0.42 halted=True[0m
[2m2026-04-12 19:12:43.645 [INFO] __main__: STATUS t=136s delta=0.0744% dir=up agree=True chain=71229.85 bin=71205.01 open=71176.91 obi=-0.2964 ask_up=0.63 ask_dn=0.38 bid_up=0.62 bid_dn=0.37 halted=True[0m
[2m2026-04-12 19:13:13.806 [INFO] __main__: STATUS t=106s delta=0.0533% dir=up agree=True chain=71214.84 bin=71188.82 open=71176.91 obi=0.1604 ask_up=0.64 ask_dn=0.37 bid_up=0.63 bid_dn=0.36 halted=True[0m
[2m2026-04-12 19:13:43.924 [INFO] __main__: STATUS t=76s delta=0.0537% dir=up agree=True chain=71215.13 bin=71188.82 open=71176.91 obi=-0.7864 ask_up=0.65 ask_dn=0.36 bid_up=0.64 bid_dn=0.35 halted=True[0m
[2m2026-04-12 19:14:14.123 [INFO] __main__: STATUS t=46s delta=0.0555% dir=up agree=True chain=71216.43 bin=71188.83 open=71176.91 obi=-0.0738 ask_up=0.58 ask_dn=0.47 bid_up=0.53 bid_dn=0.42 halted=True[0m
[2m2026-04-12 19:14:44.246 [INFO] __main__: STATUS t=16s delta=0.0463% dir=up agree=True chain=71209.90 bin=71182.51 open=71176.91 obi=-0.3095 ask_up=0.46 ask_dn=0.55 bid_up=0.45 bid_dn=0.54 halted=True[0m
[37m2026-04-12 19:15:00.060 [INFO] execution.paper_trading: paper window_ts=1776021000 [SKIP] pnl=0.0000 direction=down outcome=down - balance=$928.59 bid_up=0.02 ask_up=0.04 bid_dn=0.96 ask_dn=0.98[0m
[93m[1m2026-04-12 19:15:00.060 [INFO] risk.position_tracker: WINDOW_SUMMARY window_pnl=$0.0000 session_pnl=$-90.3888 won=$29.1067 lost=$119.4955 wr=50.0% (5/10) consec_losses=3[0m
[37m2026-04-12 19:15:00.066 [INFO] strategy.window_handler: WINDOW_DECISION [SKIP] rank=1 side=up pnl=$0.0000 entry=0.00 size=$0.00 (no fire)[0m
[96m[1m2026-04-12 19:15:00.066 [INFO] strategy.window_tracker: new window: btc-updown-5m-1776021300 (ts=1776021300)[0m
2026-04-12 19:15:00.075 [INFO] strategy.window_tracker: Gamma priceToBeat not yet available for btc-updown-5m-1776021300 — fetching in background
[96m2026-04-12 19:15:00.123 [INFO] strategy.window_handler: REGIME vol_stddev=0.058% chop_flips=0.0 outcome=4U/2D over 6w sprt=active_100pct llr=0.00 age=37w bankroll=$681.38[0m
[96m2026-04-12 19:15:00.123 [WARNING] __main__: window open price captured: 71162.16 (RTDS boundary fallback, oracle_age=2000ms)[0m
[96m2026-04-12 19:15:00.124 [INFO] __main__: window open price captured: 71133.64 (binance)[0m
2026-04-12 19:15:00.396 [INFO] market_data.clob_market_ws: CLOB market subscribed for tokens up=924839274976 down=538311814855
[2m2026-04-12 19:15:14.448 [INFO] __main__: STATUS t=286s delta=0.0038% dir=up agree=False chain=71164.84 bin=71133.64 open=71162.16 obi=0.7733 ask_up=0.50 ask_dn=0.51 bid_up=0.49 bid_dn=0.50 halted=True[0m
[2m2026-04-12 19:15:44.575 [INFO] __main__: STATUS t=255s delta=0.0075% dir=up agree=False chain=71167.51 bin=71139.50 open=71162.16 obi=0.5216 ask_up=0.50 ask_dn=0.51 bid_up=0.49 bid_dn=0.50 halted=True[0m
[2m2026-04-12 19:16:14.703 [INFO] __main__: STATUS t=225s delta=0.0085% dir=up agree=False chain=71168.20 bin=71139.50 open=71162.16 obi=0.1712 ask_up=0.50 ask_dn=0.51 bid_up=0.49 bid_dn=0.50 halted=True[0m
[2m2026-04-12 19:16:44.818 [INFO] __main__: STATUS t=195s delta=-0.0072% dir=down agree=True chain=71157.06 bin=71131.49 open=71162.16 obi=-0.7818 ask_up=0.51 ask_dn=0.50 bid_up=0.50 bid_dn=0.49 halted=True[0m
[2m2026-04-12 19:17:14.947 [INFO] __main__: STATUS t=165s delta=0.0046% dir=up agree=False chain=71165.47 bin=71132.36 open=71162.16 obi=0.7458 ask_up=0.67 ask_dn=0.35 bid_up=0.65 bid_dn=0.33 halted=True[0m
[2m2026-04-12 19:17:45.072 [INFO] __main__: STATUS t=135s delta=-0.0107% dir=down agree=True chain=71154.57 bin=71123.89 open=71162.16 obi=0.7868 ask_up=0.56 ask_dn=0.45 bid_up=0.55 bid_dn=0.44 halted=True[0m
[2m2026-04-12 19:18:15.199 [INFO] __main__: STATUS t=105s delta=-0.0094% dir=down agree=True chain=71155.45 bin=71123.91 open=71162.16 obi=0.3427 ask_up=0.65 ask_dn=0.36 bid_up=0.64 bid_dn=0.35 halted=True[0m
[2m2026-04-12 19:18:45.317 [INFO] __main__: STATUS t=75s delta=-0.0120% dir=down agree=True chain=71153.64 bin=71123.92 open=71162.16 obi=0.1111 ask_up=0.67 ask_dn=0.34 bid_up=0.66 bid_dn=0.33 halted=True[0m
[2m2026-04-12 19:19:15.442 [INFO] __main__: STATUS t=45s delta=0.0008% dir=up agree=False chain=71162.76 bin=71132.76 open=71162.16 obi=0.9989 ask_up=0.88 ask_dn=0.13 bid_up=0.87 bid_dn=0.12 halted=True[0m
[2m2026-04-12 19:19:45.569 [INFO] __main__: STATUS t=14s delta=0.0115% dir=up agree=False chain=71170.32 bin=71136.93 open=71162.16 obi=-0.7938 ask_up=0.63 ask_dn=0.38 bid_up=0.62 bid_dn=0.37 halted=True[0m
[37m2026-04-12 19:20:00.129 [INFO] execution.paper_trading: paper window_ts=1776021300 [SKIP] pnl=0.0000 direction=up outcome=up - balance=$928.59 bid_up=0.99 ask_up=1.00 bid_dn=0.01 ask_dn=0.01[0m
[93m[1m2026-04-12 19:20:00.129 [INFO] risk.position_tracker: WINDOW_SUMMARY window_pnl=$0.0000 session_pnl=$-90.3888 won=$29.1067 lost=$119.4955 wr=50.0% (5/10) consec_losses=3[0m
[37m2026-04-12 19:20:00.134 [INFO] strategy.window_handler: WINDOW_DECISION [SKIP] rank=1 side=up pnl=$0.0000 entry=0.00 size=$0.00 (no fire)[0m
[96m[1m2026-04-12 19:20:00.134 [INFO] strategy.window_tracker: new window: btc-updown-5m-1776021600 (ts=1776021600)[0m
2026-04-12 19:20:00.143 [INFO] strategy.window_tracker: Gamma priceToBeat not yet available for btc-updown-5m-1776021600 — fetching in background
[96m2026-04-12 19:20:00.184 [INFO] strategy.window_handler: REGIME vol_stddev=0.058% chop_flips=0.0 outcome=4U/2D over 6w sprt=active_100pct llr=0.00 age=38w bankroll=$681.38[0m
[96m2026-04-12 19:20:00.184 [WARNING] __main__: window open price captured: 71171.31 (RTDS boundary fallback, oracle_age=1000ms)[0m
[96m2026-04-12 19:20:00.184 [INFO] __main__: window open price captured: 71141.02 (binance)[0m
2026-04-12 19:20:00.610 [INFO] market_data.clob_market_ws: CLOB market subscribed for tokens up=742299868380 down=333928525620
[2m2026-04-12 19:20:15.803 [INFO] __main__: STATUS t=284s delta=-0.0002% dir=down agree=True chain=71171.14 bin=71141.01 open=71171.31 obi=0.4980 ask_up=0.52 ask_dn=0.49 bid_up=0.51 bid_dn=0.48 halted=True[0m
[2m2026-04-12 19:20:45.925 [INFO] __main__: STATUS t=254s delta=-0.0042% dir=down agree=True chain=71168.35 bin=71141.02 open=71171.31 obi=0.2468 ask_up=0.53 ask_dn=0.48 bid_up=0.52 bid_dn=0.47 halted=True[0m
[2m2026-04-12 19:21:16.068 [INFO] __main__: STATUS t=224s delta=0.0061% dir=up agree=False chain=71175.68 bin=71162.10 open=71171.31 obi=0.2581 ask_up=0.76 ask_dn=0.25 bid_up=0.75 bid_dn=0.24 halted=True[0m
[2m2026-04-12 19:21:46.191 [INFO] __main__: STATUS t=194s delta=0.0233% dir=up agree=False chain=71187.92 bin=71162.10 open=71171.31 obi=0.2040 ask_up=0.76 ask_dn=0.25 bid_up=0.75 bid_dn=0.24 halted=True[0m
[2m2026-04-12 19:22:16.308 [INFO] __main__: STATUS t=164s delta=0.0299% dir=up agree=False chain=71192.58 bin=71162.10 open=71171.31 obi=0.4976 ask_up=0.83 ask_dn=0.18 bid_up=0.82 bid_dn=0.17 halted=True[0m
[2m2026-04-12 19:22:46.426 [INFO] __main__: STATUS t=134s delta=0.0334% dir=up agree=False chain=71195.09 bin=71165.87 open=71171.31 obi=0.7323 ask_up=0.87 ask_dn=0.14 bid_up=0.86 bid_dn=0.13 halted=True[0m
[2m2026-04-12 19:23:16.558 [INFO] __main__: STATUS t=103s delta=0.0332% dir=up agree=False chain=71194.95 bin=71165.88 open=71171.31 obi=0.4748 ask_up=0.87 ask_dn=0.14 bid_up=0.86 bid_dn=0.13 halted=True[0m
[2m2026-04-12 19:23:46.687 [INFO] __main__: STATUS t=73s delta=0.0349% dir=up agree=False chain=71196.17 bin=71165.88 open=71171.31 obi=0.7577 ask_up=0.92 ask_dn=0.09 bid_up=0.91 bid_dn=0.08 halted=True[0m
[2m2026-04-12 19:24:16.817 [INFO] __main__: STATUS t=43s delta=0.0341% dir=up agree=False chain=71195.56 bin=71165.88 open=71171.31 obi=0.5076 ask_up=0.94 ask_dn=0.07 bid_up=0.93 bid_dn=0.06 halted=True[0m
[2m2026-04-12 19:24:46.941 [INFO] __main__: STATUS t=13s delta=0.0130% dir=up agree=False chain=71180.58 bin=71155.44 open=71171.31 obi=0.9664 ask_up=0.98 ask_dn=0.03 bid_up=0.97 bid_dn=0.02 halted=True[0m
[37m2026-04-12 19:25:00.269 [INFO] execution.paper_trading: paper window_ts=1776021600 [SKIP] pnl=0.0000 direction=up outcome=up - balance=$928.59 bid_up=0.99 ask_up=1.00 bid_dn=0.01 ask_dn=0.01[0m
[93m[1m2026-04-12 19:25:00.269 [INFO] risk.position_tracker: WINDOW_SUMMARY window_pnl=$0.0000 session_pnl=$-90.3888 won=$29.1067 lost=$119.4955 wr=50.0% (5/10) consec_losses=3[0m
[37m2026-04-12 19:25:00.276 [INFO] strategy.window_handler: WINDOW_DECISION [SKIP] rank=1 side=up pnl=$0.0000 entry=0.00 size=$0.00 (no fire)[0m
[96m[1m2026-04-12 19:25:00.276 [INFO] strategy.window_tracker: new window: btc-updown-5m-1776021900 (ts=1776021900)[0m
2026-04-12 19:25:00.285 [INFO] strategy.window_tracker: Gamma priceToBeat not yet available for btc-updown-5m-1776021900 — fetching in background
[96m2026-04-12 19:25:00.317 [INFO] strategy.window_handler: REGIME vol_stddev=0.058% chop_flips=0.0 outcome=4U/2D over 6w sprt=active_100pct llr=0.00 age=39w bankroll=$681.38[0m
[96m2026-04-12 19:25:00.319 [WARNING] __main__: window open price captured: 71184.06 (RTDS boundary fallback, oracle_age=1000ms)[0m
[96m2026-04-12 19:25:00.319 [INFO] __main__: window open price captured: 71155.44 (binance)[0m
2026-04-12 19:25:00.827 [INFO] market_data.clob_market_ws: CLOB market subscribed for tokens up=110434987733 down=637697412122
[2m2026-04-12 19:25:17.169 [INFO] __main__: STATUS t=283s delta=0.0056% dir=up agree=False chain=71188.01 bin=71163.73 open=71184.06 obi=0.0292 ask_up=0.60 ask_dn=0.41 bid_up=0.59 bid_dn=0.40 halted=True[0m
[2m2026-04-12 19:25:47.285 [INFO] __main__: STATUS t=253s delta=0.0068% dir=up agree=False chain=71188.88 bin=71163.72 open=71184.06 obi=0.0365 ask_up=0.62 ask_dn=0.39 bid_up=0.61 bid_dn=0.38 halted=True[0m
[2m2026-04-12 19:26:17.450 [INFO] __main__: STATUS t=223s delta=-0.0091% dir=down agree=True chain=71177.58 bin=71152.80 open=71184.06 obi=-0.2783 ask_up=0.40 ask_dn=0.61 bid_up=0.39 bid_dn=0.60 halted=True[0m
[2m2026-04-12 19:26:47.574 [INFO] __main__: STATUS t=192s delta=-0.0038% dir=down agree=True chain=71181.34 bin=71152.79 open=71184.06 obi=0.8986 ask_up=0.53 ask_dn=0.48 bid_up=0.52 bid_dn=0.47 halted=True[0m
[2m2026-04-12 19:27:17.702 [INFO] __main__: STATUS t=162s delta=-0.0041% dir=down agree=True chain=71181.17 bin=71152.80 open=71184.06 obi=-0.1596 ask_up=0.47 ask_dn=0.54 bid_up=0.46 bid_dn=0.53 halted=True[0m
[2m2026-04-12 19:27:47.829 [INFO] __main__: STATUS t=132s delta=0.0062% dir=up agree=False chain=71188.49 bin=71165.87 open=71184.06 obi=-0.0559 ask_up=0.70 ask_dn=0.31 bid_up=0.69 bid_dn=0.30 halted=True[0m
[2m2026-04-12 19:28:18.016 [INFO] __main__: STATUS t=102s delta=0.0075% dir=up agree=False chain=71189.37 bin=71165.87 open=71184.06 obi=-0.0443 ask_up=0.69 ask_dn=0.32 bid_up=0.68 bid_dn=0.31 halted=True[0m
[2m2026-04-12 19:28:48.135 [INFO] __main__: STATUS t=72s delta=0.0140% dir=up agree=False chain=71193.99 bin=71165.86 open=71184.06 obi=0.4377 ask_up=0.80 ask_dn=0.21 bid_up=0.79 bid_dn=0.20 halted=True[0m
[2m2026-04-12 19:29:18.262 [INFO] __main__: STATUS t=42s delta=0.0120% dir=up agree=False chain=71192.59 bin=71165.86 open=71184.06 obi=0.0845 ask_up=0.40 ask_dn=0.61 bid_up=0.39 bid_dn=0.60 halted=True[0m
[2m2026-04-12 19:29:48.387 [INFO] __main__: STATUS t=12s delta=0.0115% dir=up agree=False chain=71192.21 bin=71165.87 open=71184.06 obi=0.0628 ask_up=0.52 ask_dn=0.49 bid_up=0.51 bid_dn=0.48 halted=True[0m
[37m2026-04-12 19:30:00.181 [INFO] execution.paper_trading: paper window_ts=1776021900 [SKIP] pnl=0.0000 direction=up outcome=up - balance=$928.59 bid_up=0.99 ask_up=1.00 bid_dn=0.02 ask_dn=0.01[0m
[93m[1m2026-04-12 19:30:00.182 [INFO] risk.position_tracker: WINDOW_SUMMARY window_pnl=$0.0000 session_pnl=$-90.3888 won=$29.1067 lost=$119.4955 wr=50.0% (5/10) consec_losses=3[0m
[37m2026-04-12 19:30:00.187 [INFO] strategy.window_handler: WINDOW_DECISION [SKIP] rank=1 side=up pnl=$0.0000 entry=0.00 size=$0.00 (no fire)[0m
[96m[1m2026-04-12 19:30:00.187 [INFO] strategy.window_tracker: new window: btc-updown-5m-1776022200 (ts=1776022200)[0m
2026-04-12 19:30:00.201 [INFO] strategy.window_tracker: Gamma priceToBeat not yet available for btc-updown-5m-1776022200 — fetching in background
[96m2026-04-12 19:30:00.232 [INFO] strategy.window_handler: REGIME vol_stddev=0.058% chop_flips=0.0 outcome=5U/1D over 6w sprt=active_100pct llr=0.00 age=40w bankroll=$681.38[0m
[96m2026-04-12 19:30:00.234 [WARNING] __main__: window open price captured: 71191.12 (RTDS boundary fallback, oracle_age=1000ms)[0m
[96m2026-04-12 19:30:00.234 [INFO] __main__: window open price captured: 71165.86 (binance)[0m
2026-04-12 19:30:01.053 [INFO] market_data.clob_market_ws: CLOB market subscribed for tokens up=492937425987 down=952956959109
[2m2026-04-12 19:30:18.404 [INFO] __main__: STATUS t=282s delta=-0.0230% dir=down agree=True chain=71174.75 bin=71150.01 open=71191.12 obi=-0.1251 ask_up=0.32 ask_dn=0.69 bid_up=0.31 bid_dn=0.68 halted=True[0m
[2m2026-04-12 19:30:48.527 [INFO] __main__: STATUS t=251s delta=-0.0128% dir=down agree=True chain=71182.03 bin=71152.29 open=71191.12 obi=0.4028 ask_up=0.46 ask_dn=0.55 bid_up=0.45 bid_dn=0.54 halted=True[0m
[2m2026-04-12 19:31:18.659 [INFO] __main__: STATUS t=221s delta=-0.0152% dir=down agree=True chain=71180.28 bin=71152.29 open=71191.12 obi=0.3906 ask_up=0.60 ask_dn=0.41 bid_up=0.59 bid_dn=0.40 halted=True[0m
[2m2026-04-12 19:31:48.777 [INFO] __main__: STATUS t=191s delta=-0.0153% dir=down agree=True chain=71180.20 bin=71152.30 open=71191.12 obi=0.2689 ask_up=0.56 ask_dn=0.45 bid_up=0.55 bid_dn=0.44 halted=True[0m
[2m2026-04-12 19:32:18.911 [INFO] __main__: STATUS t=161s delta=-0.0124% dir=down agree=True chain=71182.30 bin=71152.30 open=71191.12 obi=0.3010 ask_up=0.67 ask_dn=0.34 bid_up=0.66 bid_dn=0.33 halted=True[0m
[2m2026-04-12 19:32:49.032 [INFO] __main__: STATUS t=131s delta=-0.0122% dir=down agree=True chain=71182.44 bin=71152.29 open=71191.12 obi=-0.1832 ask_up=0.62 ask_dn=0.39 bid_up=0.61 bid_dn=0.38 halted=True[0m
[2m2026-04-12 19:33:19.160 [INFO] __main__: STATUS t=101s delta=-0.0122% dir=down agree=True chain=71182.43 bin=71152.30 open=71191.12 obi=0.4560 ask_up=0.60 ask_dn=0.41 bid_up=0.59 bid_dn=0.40 halted=True[0m
[2m2026-04-12 19:33:49.279 [INFO] __main__: STATUS t=71s delta=-0.0061% dir=down agree=True chain=71186.78 bin=71155.00 open=71191.12 obi=-0.6270 ask_up=0.56 ask_dn=0.45 bid_up=0.55 bid_dn=0.44 halted=True[0m
[2m2026-04-12 19:34:19.404 [INFO] __main__: STATUS t=41s delta=-0.0091% dir=down agree=True chain=71184.64 bin=71155.00 open=71191.12 obi=-0.3408 ask_up=0.44 ask_dn=0.57 bid_up=0.43 bid_dn=0.56 halted=True[0m
[2m2026-04-12 19:34:49.528 [INFO] __main__: STATUS t=10s delta=-0.0070% dir=down agree=True chain=71186.11 bin=71155.00 open=71191.12 obi=-0.3590 ask_up=0.80 ask_dn=0.22 bid_up=0.78 bid_dn=0.20 halted=True[0m
[37m2026-04-12 19:35:00.073 [INFO] execution.paper_trading: paper window_ts=1776022200 [SKIP] pnl=0.0000 direction=down outcome=down - balance=$928.59 bid_up=0.53 ask_up=0.54 bid_dn=0.46 ask_dn=0.47[0m
[93m[1m2026-04-12 19:35:00.073 [INFO] risk.position_tracker: WINDOW_SUMMARY window_pnl=$0.0000 session_pnl=$-90.3888 won=$29.1067 lost=$119.4955 wr=50.0% (5/10) consec_losses=3[0m
[37m2026-04-12 19:35:00.080 [INFO] strategy.window_handler: WINDOW_DECISION [SKIP] rank=1 side=up pnl=$0.0000 entry=0.00 size=$0.00 (no fire)[0m
[96m[1m2026-04-12 19:35:00.080 [INFO] strategy.window_tracker: new window: btc-updown-5m-1776022500 (ts=1776022500)[0m
2026-04-12 19:35:00.092 [INFO] strategy.window_tracker: Gamma priceToBeat not yet available for btc-updown-5m-1776022500 — fetching in background
[96m2026-04-12 19:35:00.144 [INFO] strategy.window_handler: REGIME vol_stddev=0.058% chop_flips=0.0 outcome=4U/2D over 6w sprt=active_100pct llr=0.00 age=41w bankroll=$681.38[0m
[96m2026-04-12 19:35:00.144 [WARNING] __main__: window open price captured: 71190.94 (RTDS boundary fallback, oracle_age=1000ms)[0m
[96m2026-04-12 19:35:00.144 [INFO] __main__: window open price captured: 71155.00 (binance)[0m
2026-04-12 19:35:00.238 [INFO] market_data.clob_market_ws: CLOB market subscribed for tokens up=815270874443 down=587979186330
[2m2026-04-12 19:35:19.749 [INFO] __main__: STATUS t=280s delta=-0.0039% dir=down agree=True chain=71188.19 bin=71154.99 open=71190.94 obi=0.0907 ask_up=0.43 ask_dn=0.58 bid_up=0.42 bid_dn=0.57 halted=True[0m
[2m2026-04-12 19:35:49.870 [INFO] __main__: STATUS t=250s delta=-0.0121% dir=down agree=True chain=71182.32 bin=71155.00 open=71190.94 obi=-0.6593 ask_up=0.40 ask_dn=0.61 bid_up=0.39 bid_dn=0.60 halted=True[0m
[2m2026-04-12 19:36:20.034 [INFO] __main__: STATUS t=220s delta=-0.0198% dir=down agree=True chain=71176.85 bin=71150.00 open=71190.94 obi=-0.7301 ask_up=0.67 ask_dn=0.34 bid_up=0.66 bid_dn=0.33 halted=True[0m
[2m2026-04-12 19:36:50.156 [INFO] __main__: STATUS t=190s delta=-0.0183% dir=down agree=True chain=71177.89 bin=71150.01 open=71190.94 obi=-0.0428 ask_up=0.64 ask_dn=0.37 bid_up=0.63 bid_dn=0.36 halted=True[0m
[2m2026-04-12 19:37:20.277 [INFO] __main__: STATUS t=160s delta=-0.0305% dir=down agree=True chain=71169.26 bin=71136.92 open=71190.94 obi=-0.7872 ask_up=0.52 ask_dn=0.49 bid_up=0.51 bid_dn=0.48 halted=True[0m
[2m2026-04-12 19:37:50.405 [INFO] __main__: STATUS t=130s delta=-0.0713% dir=down agree=True chain=71140.20 bin=71110.49 open=71190.94 obi=-0.4418 ask_up=0.44 ask_dn=0.57 bid_up=0.43 bid_dn=0.56 halted=True[0m
[2m2026-04-12 19:38:20.560 [INFO] __main__: STATUS t=99s delta=-0.0963% dir=down agree=True chain=71122.36 bin=71091.98 open=71190.94 obi=-0.8440 ask_up=0.20 ask_dn=0.81 bid_up=0.19 bid_dn=0.80 halted=True[0m
[2m2026-04-12 19:38:50.678 [INFO] __main__: STATUS t=69s delta=-0.1091% dir=down agree=True chain=71113.29 bin=71081.60 open=71190.94 obi=0.1766 ask_up=0.23 ask_dn=0.78 bid_up=0.22 bid_dn=0.77 halted=True[0m
[2m2026-04-12 19:39:20.804 [INFO] __main__: STATUS t=39s delta=-0.0928% dir=down agree=True chain=71124.86 bin=71093.82 open=71190.94 obi=0.8318 ask_up=0.22 ask_dn=0.79 bid_up=0.21 bid_dn=0.78 halted=True[0m
[2m2026-04-12 19:39:50.936 [INFO] __main__: STATUS t=9s delta=-0.0804% dir=down agree=True chain=71133.70 bin=71110.97 open=71190.94 obi=0.3346 ask_up=0.22 ask_dn=0.79 bid_up=0.21 bid_dn=0.78 halted=True[0m
[37m2026-04-12 19:40:00.227 [INFO] execution.paper_trading: paper window_ts=1776022500 [SKIP] pnl=0.0000 direction=down outcome=down - balance=$928.59 bid_up=0.01 ask_up=0.01 bid_dn=0.99 ask_dn=1.00[0m
[93m[1m2026-04-12 19:40:00.227 [INFO] risk.position_tracker: WINDOW_SUMMARY window_pnl=$0.0000 session_pnl=$-90.3888 won=$29.1067 lost=$119.4955 wr=50.0% (5/10) consec_losses=3[0m
[37m2026-04-12 19:40:00.232 [INFO] strategy.window_handler: WINDOW_DECISION [SKIP] rank=1 side=up pnl=$0.0000 entry=0.00 size=$0.00 (no fire)[0m
[96m[1m2026-04-12 19:40:00.232 [INFO] strategy.window_tracker: new window: btc-updown-5m-1776022800 (ts=1776022800)[0m
2026-04-12 19:40:00.244 [INFO] strategy.window_tracker: Gamma priceToBeat not yet available for btc-updown-5m-1776022800 — fetching in background
[96m2026-04-12 19:40:00.292 [INFO] strategy.window_handler: REGIME vol_stddev=0.060% chop_flips=0.0 outcome=3U/3D over 6w sprt=active_100pct llr=0.00 age=42w bankroll=$681.38[0m
[96m2026-04-12 19:40:00.292 [WARNING] __main__: window open price captured: 71144.86 (RTDS boundary fallback, oracle_age=1000ms)[0m
[96m2026-04-12 19:40:00.293 [INFO] __main__: window open price captured: 71118.12 (binance)[0m
2026-04-12 19:40:00.431 [INFO] market_data.clob_market_ws: CLOB market subscribed for tokens up=105653673168 down=966428766125
[2m2026-04-12 19:40:21.163 [INFO] __main__: STATUS t=279s delta=0.0004% dir=up agree=False chain=71145.17 bin=71118.11 open=71144.86 obi=0.1698 ask_up=0.57 ask_dn=0.44 bid_up=0.56 bid_dn=0.43 halted=True[0m
[2m2026-04-12 19:40:51.284 [INFO] __main__: STATUS t=249s delta=-0.0144% dir=down agree=True chain=71134.61 bin=71108.00 open=71144.86 obi=0.0313 ask_up=0.50 ask_dn=0.51 bid_up=0.49 bid_dn=0.50 halted=True[0m
[2m2026-04-12 19:41:21.430 [INFO] __main__: STATUS t=219s delta=-0.0028% dir=down agree=True chain=71142.85 bin=71118.12 open=71144.86 obi=0.3721 ask_up=0.69 ask_dn=0.32 bid_up=0.68 bid_dn=0.31 halted=True[0m
[2m2026-04-12 19:41:51.557 [INFO] __main__: STATUS t=188s delta=0.0006% dir=up agree=False chain=71145.31 bin=71118.12 open=71144.86 obi=0.3432 ask_up=0.66 ask_dn=0.35 bid_up=0.65 bid_dn=0.34 halted=True[0m
[2m2026-04-12 19:42:21.706 [INFO] __main__: STATUS t=158s delta=0.0006% dir=up agree=False chain=71145.27 bin=71118.13 open=71144.86 obi=0.0484 ask_up=0.63 ask_dn=0.38 bid_up=0.62 bid_dn=0.37 halted=True[0m
[2m2026-04-12 19:42:51.833 [INFO] __main__: STATUS t=128s delta=0.0002% dir=up agree=False chain=71145.01 bin=71118.13 open=71144.86 obi=0.0710 ask_up=0.62 ask_dn=0.39 bid_up=0.61 bid_dn=0.38 halted=True[0m
[2m2026-04-12 19:43:21.966 [INFO] __main__: STATUS t=98s delta=0.0020% dir=up agree=False chain=71146.26 bin=71118.13 open=71144.86 obi=0.3880 ask_up=0.70 ask_dn=0.31 bid_up=0.69 bid_dn=0.30 halted=True[0m
[2m2026-04-12 19:43:52.089 [INFO] __main__: STATUS t=68s delta=0.0033% dir=up agree=False chain=71147.24 bin=71118.13 open=71144.86 obi=0.2131 ask_up=0.68 ask_dn=0.33 bid_up=0.67 bid_dn=0.32 halted=True[0m
[2m2026-04-12 19:44:22.221 [INFO] __main__: STATUS t=38s delta=0.0064% dir=up agree=False chain=71149.39 bin=71130.27 open=71144.86 obi=0.4671 ask_up=0.44 ask_dn=0.57 bid_up=0.43 bid_dn=0.56 halted=True[0m
[2m2026-04-12 19:44:52.343 [INFO] __main__: STATUS t=8s delta=0.0163% dir=up agree=False chain=71156.46 bin=71130.27 open=71144.86 obi=0.1876 ask_up=0.64 ask_dn=0.48 bid_up=0.52 bid_dn=0.36 halted=True[0m
[37m2026-04-12 19:45:00.129 [INFO] execution.paper_trading: paper window_ts=1776022800 [SKIP] pnl=0.0000 direction=down outcome=down - balance=$928.59 bid_up=0.03 ask_up=0.08 bid_dn=0.92 ask_dn=0.97[0m
[93m[1m2026-04-12 19:45:00.129 [INFO] risk.position_tracker: WINDOW_SUMMARY window_pnl=$0.0000 session_pnl=$-90.3888 won=$29.1067 lost=$119.4955 wr=50.0% (5/10) consec_losses=3[0m
[37m2026-04-12 19:45:00.136 [INFO] strategy.window_handler: WINDOW_DECISION [SKIP] rank=1 side=up pnl=$0.0000 entry=0.00 size=$0.00 (no fire)[0m
[96m[1m2026-04-12 19:45:00.136 [INFO] strategy.window_tracker: new window: btc-updown-5m-1776023100 (ts=1776023100)[0m
2026-04-12 19:45:00.152 [INFO] strategy.window_tracker: Gamma priceToBeat not yet available for btc-updown-5m-1776023100 — fetching in background
[96m2026-04-12 19:45:00.203 [INFO] strategy.window_handler: REGIME vol_stddev=0.060% chop_flips=0.0 outcome=3U/3D over 6w sprt=active_100pct llr=0.00 age=43w bankroll=$681.38[0m
[96m2026-04-12 19:45:00.204 [WARNING] __main__: window open price captured: 71137.17 (RTDS boundary fallback, oracle_age=2000ms)[0m
[96m2026-04-12 19:45:00.204 [INFO] __main__: window open price captured: 71102.47 (binance)[0m
2026-04-12 19:45:00.629 [INFO] market_data.clob_market_ws: CLOB market subscribed for tokens up=527736571825 down=504076435370
[2m2026-04-12 19:45:22.556 [INFO] __main__: STATUS t=277s delta=-0.0229% dir=down agree=True chain=71120.87 bin=71091.97 open=71137.17 obi=-0.8651 ask_up=0.39 ask_dn=0.62 bid_up=0.38 bid_dn=0.61 halted=True[0m
[2m2026-04-12 19:45:52.677 [INFO] __main__: STATUS t=247s delta=-0.0209% dir=down agree=True chain=71122.30 bin=71091.98 open=71137.17 obi=0.5702 ask_up=0.50 ask_dn=0.52 bid_up=0.48 bid_dn=0.50 halted=True[0m
[2m2026-04-12 19:46:22.816 [INFO] __main__: STATUS t=217s delta=-0.0242% dir=down agree=True chain=71119.94 bin=71091.97 open=71137.17 obi=-0.6557 ask_up=0.47 ask_dn=0.54 bid_up=0.46 bid_dn=0.53 halted=True[0m
[2m2026-04-12 19:46:52.939 [INFO] __main__: STATUS t=187s delta=-0.0227% dir=down agree=True chain=71121.04 bin=71091.97 open=71137.17 obi=-0.0842 ask_up=0.65 ask_dn=0.36 bid_up=0.64 bid_dn=0.35 halted=True[0m
[2m2026-04-12 19:47:23.068 [INFO] __main__: STATUS t=157s delta=-0.0216% dir=down agree=True chain=71121.79 bin=71091.97 open=71137.17 obi=0.4631 ask_up=0.69 ask_dn=0.32 bid_up=0.68 bid_dn=0.31 halted=True[0m
[2m2026-04-12 19:47:53.191 [INFO] __main__: STATUS t=127s delta=-0.0043% dir=down agree=True chain=71134.10 bin=71107.95 open=71137.17 obi=-0.0438 ask_up=0.73 ask_dn=0.28 bid_up=0.72 bid_dn=0.27 halted=True[0m
[2m2026-04-12 19:48:23.329 [INFO] __main__: STATUS t=97s delta=-0.0038% dir=down agree=True chain=71134.44 bin=71107.96 open=71137.17 obi=0.1110 ask_up=0.71 ask_dn=0.30 bid_up=0.70 bid_dn=0.29 halted=True[0m
[2m2026-04-12 19:48:53.452 [INFO] __main__: STATUS t=67s delta=-0.0038% dir=down agree=True chain=71134.48 bin=71107.96 open=71137.17 obi=0.0156 ask_up=0.73 ask_dn=0.28 bid_up=0.72 bid_dn=0.27 halted=True[0m
[2m2026-04-12 19:49:23.576 [INFO] __main__: STATUS t=36s delta=-0.0012% dir=down agree=True chain=71136.30 bin=71107.96 open=71137.17 obi=0.5405 ask_up=0.80 ask_dn=0.21 bid_up=0.79 bid_dn=0.20 halted=True[0m
[2m2026-04-12 19:49:53.694 [INFO] __main__: STATUS t=6s delta=-0.0311% dir=down agree=True chain=71115.02 bin=71085.82 open=71137.17 obi=0.3184 ask_up=0.70 ask_dn=0.49 bid_up=0.51 bid_dn=0.30 halted=True[0m
[37m2026-04-12 19:50:00.219 [INFO] execution.paper_trading: paper window_ts=1776023100 [SKIP] pnl=0.0000 direction=down outcome=down - balance=$928.59 bid_up=0.01 ask_up=0.99 bid_dn=0.01 ask_dn=0.99[0m
[93m[1m2026-04-12 19:50:00.220 [INFO] risk.position_tracker: WINDOW_SUMMARY window_pnl=$0.0000 session_pnl=$-90.3888 won=$29.1067 lost=$119.4955 wr=50.0% (5/10) consec_losses=3[0m
[37m2026-04-12 19:50:00.231 [INFO] strategy.window_handler: WINDOW_DECISION [SKIP] rank=1 side=up pnl=$0.0000 entry=0.00 size=$0.00 (no fire)[0m
[96m[1m2026-04-12 19:50:00.231 [INFO] strategy.window_tracker: new window: btc-updown-5m-1776023400 (ts=1776023400)[0m
2026-04-12 19:50:00.252 [INFO] strategy.window_tracker: Gamma priceToBeat not yet available for btc-updown-5m-1776023400 — fetching in background
[96m2026-04-12 19:50:00.333 [INFO] strategy.window_handler: REGIME vol_stddev=0.060% chop_flips=0.0 outcome=2U/4D over 6w sprt=active_100pct llr=0.00 age=44w bankroll=$681.38[0m
[96m2026-04-12 19:50:00.333 [INFO] strategy.window_handler: KELLY wr_adj=92.4% base=100.0% total_disc=4.6% vol=0.0% chop=0.0% outcome=38.1% feedback=+0.0%[0m
[96m2026-04-12 19:50:00.334 [WARNING] __main__: window open price captured: 71142.83 (RTDS boundary fallback, oracle_age=1000ms)[0m
[96m2026-04-12 19:50:00.334 [INFO] __main__: window open price captured: 71115.99 (binance)[0m
2026-04-12 19:50:00.831 [INFO] market_data.clob_market_ws: CLOB market subscribed for tokens up=916387468194 down=889285531163
[2m2026-04-12 19:50:23.722 [INFO] __main__: STATUS t=276s delta=-0.0261% dir=down agree=True chain=71124.28 bin=71094.95 open=71142.83 obi=-0.2975 ask_up=0.32 ask_dn=0.69 bid_up=0.31 bid_dn=0.68 halted=True[0m
[2m2026-04-12 19:50:53.838 [INFO] __main__: STATUS t=246s delta=-0.0353% dir=down agree=True chain=71117.72 bin=71084.83 open=71142.83 obi=0.1666 ask_up=0.62 ask_dn=0.39 bid_up=0.61 bid_dn=0.38 halted=True[0m
[2m2026-04-12 19:51:23.971 [INFO] __main__: STATUS t=216s delta=-0.0417% dir=down agree=True chain=71113.18 bin=71084.83 open=71142.83 obi=0.4459 ask_up=0.50 ask_dn=0.51 bid_up=0.49 bid_dn=0.50 halted=True[0m
[2m2026-04-12 19:51:54.085 [INFO] __main__: STATUS t=186s delta=-0.0479% dir=down agree=True chain=71108.78 bin=71082.55 open=71142.83 obi=-0.9836 ask_up=0.46 ask_dn=0.58 bid_up=0.42 bid_dn=0.54 halted=True[0m
[2m2026-04-12 19:52:24.213 [INFO] __main__: STATUS t=156s delta=-0.0494% dir=down agree=True chain=71107.67 bin=71082.01 open=71142.83 obi=0.3468 ask_up=0.47 ask_dn=0.54 bid_up=0.46 bid_dn=0.53 halted=True[0m
[2m2026-04-12 19:52:54.336 [INFO] __main__: STATUS t=126s delta=-0.0485% dir=down agree=True chain=71108.30 bin=71082.01 open=71142.83 obi=-0.5052 ask_up=0.50 ask_dn=0.51 bid_up=0.49 bid_dn=0.50 halted=True[0m
[2m2026-04-12 19:53:24.465 [INFO] __main__: STATUS t=96s delta=-0.0443% dir=down agree=True chain=71111.29 bin=71082.02 open=71142.83 obi=0.9655 ask_up=0.53 ask_dn=0.48 bid_up=0.52 bid_dn=0.47 halted=True[0m
[2m2026-04-12 19:53:54.593 [INFO] __main__: STATUS t=65s delta=-0.0372% dir=down agree=True chain=71116.33 bin=71089.19 open=71142.83 obi=0.8018 ask_up=0.52 ask_dn=0.49 bid_up=0.51 bid_dn=0.48 halted=True[0m
[2m2026-04-12 19:54:24.768 [INFO] __main__: STATUS t=35s delta=-0.0371% dir=down agree=True chain=71116.47 bin=71089.19 open=71142.83 obi=0.7047 ask_up=0.55 ask_dn=0.46 bid_up=0.54 bid_dn=0.45 halted=True[0m
[2m2026-04-12 19:54:54.893 [INFO] __main__: STATUS t=5s delta=-0.0133% dir=down agree=True chain=71133.34 bin=71109.00 open=71142.83 obi=0.1409 ask_up=0.79 ask_dn=0.30 bid_up=0.70 bid_dn=0.21 halted=True[0m
[37m2026-04-12 19:55:00.168 [INFO] execution.paper_trading: paper window_ts=1776023400 [SKIP] pnl=0.0000 direction=up outcome=up - balance=$928.59 bid_up=0.86 ask_up=0.88 bid_dn=0.12 ask_dn=0.14[0m
[93m[1m2026-04-12 19:55:00.169 [INFO] risk.position_tracker: WINDOW_SUMMARY window_pnl=$0.0000 session_pnl=$-90.3888 won=$29.1067 lost=$119.4955 wr=50.0% (5/10) consec_losses=3[0m
[37m2026-04-12 19:55:00.175 [INFO] strategy.window_handler: WINDOW_DECISION [SKIP] rank=1 side=up pnl=$0.0000 entry=0.00 size=$0.00 (no fire)[0m
[96m[1m2026-04-12 19:55:00.175 [INFO] strategy.window_tracker: new window: btc-updown-5m-1776023700 (ts=1776023700)[0m
2026-04-12 19:55:00.188 [INFO] strategy.window_tracker: Gamma priceToBeat not yet available for btc-updown-5m-1776023700 — fetching in background
[96m2026-04-12 19:55:00.245 [INFO] strategy.window_handler: REGIME vol_stddev=0.048% chop_flips=0.0 outcome=2U/4D over 6w sprt=active_100pct llr=0.00 age=45w bankroll=$681.38[0m
[96m2026-04-12 19:55:00.246 [INFO] strategy.window_handler: KELLY wr_adj=92.4% base=100.0% total_disc=4.6% vol=0.0% chop=0.0% outcome=38.1% feedback=+0.0%[0m
[96m2026-04-12 19:55:00.247 [WARNING] __main__: window open price captured: 71147.65 (RTDS boundary fallback, oracle_age=2000ms)[0m
[96m2026-04-12 19:55:00.247 [INFO] __main__: window open price captured: 71109.00 (binance)[0m
2026-04-12 19:55:01.025 [INFO] market_data.clob_market_ws: CLOB market subscribed for tokens up=381327266809 down=111949658544
[2m2026-04-12 19:55:25.137 [INFO] __main__: STATUS t=275s delta=-0.0033% dir=down agree=True chain=71145.33 bin=71116.32 open=71147.65 obi=0.0291 ask_up=0.48 ask_dn=0.54 bid_up=0.46 bid_dn=0.52 halted=True[0m
[2m2026-04-12 19:55:55.259 [INFO] __main__: STATUS t=245s delta=-0.0049% dir=down agree=True chain=71144.13 bin=71116.31 open=71147.65 obi=0.0783 ask_up=0.46 ask_dn=0.56 bid_up=0.44 bid_dn=0.54 halted=True[0m
[2m2026-04-12 19:56:25.428 [INFO] __main__: STATUS t=215s delta=-0.0211% dir=down agree=True chain=71132.60 bin=71108.99 open=71147.65 obi=-0.8826 ask_up=0.31 ask_dn=0.70 bid_up=0.30 bid_dn=0.69 halted=True[0m
[2m2026-04-12 19:56:55.552 [INFO] __main__: STATUS t=184s delta=-0.0536% dir=down agree=True chain=71109.54 bin=71078.76 open=71147.65 obi=-0.1955 ask_up=0.16 ask_dn=0.85 bid_up=0.15 bid_dn=0.84 halted=True[0m
[2m2026-04-12 19:57:25.684 [INFO] __main__: STATUS t=154s delta=-0.0437% dir=down agree=True chain=71116.55 bin=71084.19 open=71147.65 obi=0.6683 ask_up=0.32 ask_dn=0.69 bid_up=0.31 bid_dn=0.68 halted=True[0m
[2m2026-04-12 19:57:55.799 [INFO] __main__: STATUS t=124s delta=-0.0445% dir=down agree=True chain=71115.99 bin=71084.19 open=71147.65 obi=0.5678 ask_up=0.22 ask_dn=0.79 bid_up=0.21 bid_dn=0.78 halted=True[0m
[2m2026-04-12 19:58:25.931 [INFO] __main__: STATUS t=94s delta=-0.0449% dir=down agree=True chain=71115.72 bin=71084.19 open=71147.65 obi=0.5335 ask_up=0.12 ask_dn=0.89 bid_up=0.11 bid_dn=0.88 halted=True[0m
[2m2026-04-12 19:58:56.055 [INFO] __main__: STATUS t=64s delta=-0.0452% dir=down agree=True chain=71115.52 bin=71084.18 open=71147.65 obi=0.6195 ask_up=0.08 ask_dn=0.93 bid_up=0.07 bid_dn=0.92 halted=True[0m
[2m2026-04-12 19:59:26.183 [INFO] __main__: STATUS t=34s delta=-0.0452% dir=down agree=True chain=71115.51 bin=71084.19 open=71147.65 obi=0.5957 ask_up=0.04 ask_dn=0.97 bid_up=0.03 bid_dn=0.96 halted=True[0m
[2m2026-04-12 19:59:56.308 [INFO] __main__: STATUS t=4s delta=-0.0460% dir=down agree=True chain=71114.92 bin=71084.18 open=71147.65 obi=0.2582 ask_up=0.99 ask_dn=1.00 bid_up=0.02 bid_dn=0.01 halted=True[0m
[37m2026-04-12 20:00:00.072 [INFO] execution.paper_trading: paper window_ts=1776023700 [SKIP] pnl=0.0000 direction=down outcome=down - balance=$928.59 bid_up=0.02 ask_up=0.01 bid_dn=0.99 ask_dn=1.00[0m
[93m[1m2026-04-12 20:00:00.072 [INFO] risk.position_tracker: WINDOW_SUMMARY window_pnl=$0.0000 session_pnl=$-90.3888 won=$29.1067 lost=$119.4955 wr=50.0% (5/10) consec_losses=3[0m
[37m2026-04-12 20:00:00.077 [INFO] strategy.window_handler: WINDOW_DECISION [SKIP] rank=1 side=up pnl=$0.0000 entry=0.00 size=$0.00 (no fire)[0m
[96m[1m2026-04-12 20:00:00.078 [INFO] strategy.window_tracker: new window: btc-updown-5m-1776024000 (ts=1776024000)[0m
2026-04-12 20:00:00.094 [INFO] strategy.window_tracker: Gamma priceToBeat not yet available for btc-updown-5m-1776024000 — fetching in background
[96m2026-04-12 20:00:00.155 [INFO] strategy.window_handler: REGIME vol_stddev=0.048% chop_flips=0.0 outcome=1U/5D over 6w sprt=active_100pct llr=0.00 age=46w bankroll=$681.38[0m
[96m2026-04-12 20:00:00.155 [INFO] strategy.window_handler: KELLY wr_adj=87.9% base=100.0% total_disc=9.1% vol=0.0% chop=0.0% outcome=76.2% feedback=+0.0%[0m
[96m2026-04-12 20:00:00.156 [WARNING] __main__: window open price captured: 71114.84 (RTDS boundary fallback, oracle_age=2000ms)[0m
[96m2026-04-12 20:00:00.156 [INFO] __main__: window open price captured: 71084.18 (binance)[0m
2026-04-12 20:00:00.243 [INFO] market_data.clob_market_ws: CLOB market subscribed for tokens up=220487723849 down=100856207989
[2m2026-04-12 20:00:26.364 [INFO] __main__: STATUS t=274s delta=0.0088% dir=up agree=False chain=71121.13 bin=71091.98 open=71114.84 obi=0.9252 ask_up=0.66 ask_dn=0.35 bid_up=0.65 bid_dn=0.34 halted=True[0m
[2m2026-04-12 20:00:56.481 [INFO] __main__: STATUS t=244s delta=0.0061% dir=up agree=False chain=71119.17 bin=71092.91 open=71114.84 obi=-0.2539 ask_up=0.54 ask_dn=0.47 bid_up=0.53 bid_dn=0.46 halted=True[0m
[2m2026-04-12 20:01:26.625 [INFO] __main__: STATUS t=213s delta=0.0170% dir=up agree=False chain=71126.97 bin=71099.08 open=71114.84 obi=0.6596 ask_up=0.67 ask_dn=0.34 bid_up=0.66 bid_dn=0.33 halted=True[0m
2026-04-12 20:01:37.267 [INFO] utils.reconnect: rtds connected to wss://ws-live-data.polymarket.com
2026-04-12 20:01:37.267 [INFO] market_data.rtds_ws: RTDS subscribed to chainlink
[2m2026-04-12 20:01:56.749 [INFO] __main__: STATUS t=183s delta=0.0166% dir=up agree=False chain=71126.61 bin=71106.76 open=71114.84 obi=0.1131 ask_up=0.75 ask_dn=0.26 bid_up=0.74 bid_dn=0.25 halted=True[0m
[2m2026-04-12 20:02:26.875 [INFO] __main__: STATUS t=153s delta=0.0230% dir=up agree=False chain=71131.18 bin=71106.76 open=71114.84 obi=0.0939 ask_up=0.75 ask_dn=0.26 bid_up=0.74 bid_dn=0.25 halted=True[0m
[2m2026-04-12 20:02:56.999 [INFO] __main__: STATUS t=123s delta=0.0133% dir=up agree=False chain=71124.27 bin=71098.09 open=71114.84 obi=-0.6462 ask_up=0.60 ask_dn=0.41 bid_up=0.59 bid_dn=0.40 halted=True[0m
[2m2026-04-12 20:03:27.135 [INFO] __main__: STATUS t=93s delta=0.0061% dir=up agree=False chain=71119.20 bin=71095.50 open=71114.84 obi=-0.6631 ask_up=0.60 ask_dn=0.41 bid_up=0.59 bid_dn=0.40 halted=True[0m
[2m2026-04-12 20:03:57.252 [INFO] __main__: STATUS t=63s delta=-0.0150% dir=down agree=True chain=71104.21 bin=71074.08 open=71114.84 obi=-0.6489 ask_up=0.19 ask_dn=0.82 bid_up=0.18 bid_dn=0.81 halted=True[0m
[2m2026-04-12 20:04:27.383 [INFO] __main__: STATUS t=33s delta=-0.0160% dir=down agree=True chain=71103.49 bin=71072.57 open=71114.84 obi=0.9694 ask_up=0.31 ask_dn=0.70 bid_up=0.30 bid_dn=0.69 halted=True[0m
[2m2026-04-12 20:04:57.514 [INFO] __main__: STATUS t=2s delta=-0.0156% dir=down agree=True chain=71103.77 bin=71079.34 open=71114.84 obi=-0.4522 ask_up=0.03 ask_dn=0.99 bid_up=0.01 bid_dn=0.97 halted=True[0m
[37m2026-04-12 20:05:00.025 [INFO] execution.paper_trading: paper window_ts=1776024000 [SKIP] pnl=0.0000 direction=down outcome=down - balance=$928.59 bid_up=0.01 ask_up=0.99 bid_dn=0.01 ask_dn=1.00[0m
[93m[1m2026-04-12 20:05:00.025 [INFO] risk.position_tracker: WINDOW_SUMMARY window_pnl=$0.0000 session_pnl=$-90.3888 won=$29.1067 lost=$119.4955 wr=50.0% (5/10) consec_losses=3[0m
[37m2026-04-12 20:05:00.031 [INFO] strategy.window_handler: WINDOW_DECISION [SKIP] rank=1 side=up pnl=$0.0000 entry=0.00 size=$0.00 (no fire)[0m
[96m[1m2026-04-12 20:05:00.031 [INFO] strategy.window_tracker: new window: btc-updown-5m-1776024300 (ts=1776024300)[0m
2026-04-12 20:05:00.041 [INFO] strategy.window_tracker: Gamma priceToBeat not yet available for btc-updown-5m-1776024300 — fetching in background
[96m2026-04-12 20:05:00.084 [INFO] strategy.window_handler: REGIME vol_stddev=0.046% chop_flips=0.0 outcome=1U/5D over 6w sprt=active_100pct llr=0.00 age=47w bankroll=$681.38[0m
[96m2026-04-12 20:05:00.085 [INFO] strategy.window_handler: KELLY wr_adj=87.9% base=100.0% total_disc=9.1% vol=0.0% chop=0.0% outcome=76.2% feedback=+0.0%[0m
[96m2026-04-12 20:05:00.085 [WARNING] __main__: window open price captured: 71103.77 (RTDS boundary fallback, oracle_age=1000ms)[0m
[96m2026-04-12 20:05:00.087 [INFO] __main__: window open price captured: 71079.34 (binance)[0m
2026-04-12 20:05:00.455 [INFO] market_data.clob_market_ws: CLOB market subscribed for tokens up=578540955754 down=424903174602
[2m2026-04-12 20:05:27.713 [INFO] __main__: STATUS t=272s delta=-0.0009% dir=down agree=True chain=71103.14 bin=71077.00 open=71103.77 obi=-0.0864 ask_up=0.52 ask_dn=0.49 bid_up=0.51 bid_dn=0.48 halted=True[0m
[2m2026-04-12 20:05:57.838 [INFO] __main__: STATUS t=242s delta=-0.0030% dir=down agree=True chain=71101.65 bin=71077.00 open=71103.77 obi=-0.3128 ask_up=0.50 ask_dn=0.51 bid_up=0.49 bid_dn=0.50 halted=True[0m
[2m2026-04-12 20:06:28.012 [INFO] __main__: STATUS t=212s delta=-0.0129% dir=down agree=True chain=71094.62 bin=71072.77 open=71103.77 obi=-0.7590 ask_up=0.44 ask_dn=0.57 bid_up=0.43 bid_dn=0.56 halted=True[0m
[2m2026-04-12 20:06:58.135 [INFO] __main__: STATUS t=182s delta=-0.0244% dir=down agree=True chain=71086.40 bin=71060.86 open=71103.77 obi=-0.0729 ask_up=0.27 ask_dn=0.74 bid_up=0.26 bid_dn=0.73 halted=True[0m
[2m2026-04-12 20:07:28.260 [INFO] __main__: STATUS t=152s delta=-0.0337% dir=down agree=True chain=71079.81 bin=71053.53 open=71103.77 obi=-0.3581 ask_up=0.50 ask_dn=0.51 bid_up=0.49 bid_dn=0.50 halted=True[0m
[2m2026-04-12 20:07:58.386 [INFO] __main__: STATUS t=122s delta=-0.0616% dir=down agree=True chain=71060.00 bin=71019.48 open=71103.77 obi=-0.4058 ask_up=0.28 ask_dn=0.73 bid_up=0.27 bid_dn=0.72 halted=True[0m
[2m2026-04-12 20:08:28.520 [INFO] __main__: STATUS t=91s delta=-0.0949% dir=down agree=True chain=71036.26 bin=71009.63 open=71103.77 obi=0.5406 ask_up=0.21 ask_dn=0.80 bid_up=0.20 bid_dn=0.79 halted=True[0m
[2m2026-04-12 20:08:58.646 [INFO] __main__: STATUS t=61s delta=-0.0782% dir=down agree=True chain=71048.17 bin=71026.56 open=71103.77 obi=0.7945 ask_up=0.22 ask_dn=0.79 bid_up=0.21 bid_dn=0.78 halted=True[0m
[2m2026-04-12 20:09:28.778 [INFO] __main__: STATUS t=31s delta=-0.0630% dir=down agree=True chain=71059.01 bin=71041.21 open=71103.77 obi=0.4354 ask_up=0.25 ask_dn=0.76 bid_up=0.24 bid_dn=0.75 halted=True[0m
[2m2026-04-12 20:09:58.904 [INFO] __main__: STATUS t=1s delta=-0.0969% dir=down agree=True chain=71034.89 bin=71009.62 open=71103.77 obi=-0.8891 ask_up=0.01 ask_dn=1.00 bid_up=0.01 bid_dn=0.99 halted=True[0m
[37m2026-04-12 20:10:00.160 [INFO] execution.paper_trading: paper window_ts=1776024300 [SKIP] pnl=0.0000 direction=down outcome=down - balance=$928.59 bid_up=0.01 ask_up=0.01 bid_dn=0.99 ask_dn=1.00[0m
[93m[1m2026-04-12 20:10:00.160 [INFO] risk.position_tracker: WINDOW_SUMMARY window_pnl=$0.0000 session_pnl=$-90.3888 won=$29.1067 lost=$119.4955 wr=50.0% (5/10) consec_losses=3[0m
[37m2026-04-12 20:10:00.170 [INFO] strategy.window_handler: WINDOW_DECISION [SKIP] rank=1 side=up pnl=$0.0000 entry=0.00 size=$0.00 (no fire)[0m
[96m[1m2026-04-12 20:10:00.171 [INFO] strategy.window_tracker: new window: btc-updown-5m-1776024600 (ts=1776024600)[0m
2026-04-12 20:10:00.187 [INFO] strategy.window_tracker: Gamma priceToBeat not yet available for btc-updown-5m-1776024600 — fetching in background
[96m2026-04-12 20:10:00.257 [INFO] strategy.window_handler: REGIME vol_stddev=0.049% chop_flips=0.0 outcome=1U/5D over 6w sprt=active_100pct llr=0.00 age=48w bankroll=$681.38[0m
[96m2026-04-12 20:10:00.257 [INFO] strategy.window_handler: KELLY wr_adj=87.9% base=100.0% total_disc=9.1% vol=0.0% chop=0.0% outcome=76.2% feedback=+0.0%[0m
[96m2026-04-12 20:10:00.258 [WARNING] __main__: window open price captured: 71029.75 (RTDS boundary fallback, oracle_age=1000ms)[0m
[96m2026-04-12 20:10:00.259 [INFO] __main__: window open price captured: 71009.62 (binance)[0m
2026-04-12 20:10:00.655 [INFO] market_data.clob_market_ws: CLOB market subscribed for tokens up=690489567601 down=361291597427
[2m2026-04-12 20:10:29.139 [INFO] __main__: STATUS t=271s delta=-0.0071% dir=down agree=True chain=71024.72 bin=71005.33 open=71029.75 obi=-0.3217 ask_up=0.53 ask_dn=0.48 bid_up=0.52 bid_dn=0.47 halted=True[0m
[2m2026-04-12 20:10:59.265 [INFO] __main__: STATUS t=241s delta=-0.0025% dir=down agree=True chain=71027.99 bin=71005.33 open=71029.75 obi=-0.2518 ask_up=0.55 ask_dn=0.46 bid_up=0.54 bid_dn=0.45 halted=True[0m
[2m2026-04-12 20:11:29.386 [INFO] __main__: STATUS t=211s delta=-0.0135% dir=down agree=True chain=71020.20 bin=71000.00 open=71029.75 obi=-0.1801 ask_up=0.49 ask_dn=0.52 bid_up=0.48 bid_dn=0.51 halted=True[0m
[2m2026-04-12 20:11:59.508 [INFO] __main__: STATUS t=180s delta=-0.0214% dir=down agree=True chain=71014.53 bin=70991.77 open=71029.75 obi=-0.0470 ask_up=0.45 ask_dn=0.56 bid_up=0.44 bid_dn=0.55 halted=True[0m
[2m2026-04-12 20:12:29.649 [INFO] __main__: STATUS t=150s delta=0.0032% dir=up agree=False chain=71032.06 bin=71013.44 open=71029.75 obi=0.9482 ask_up=0.81 ask_dn=0.20 bid_up=0.80 bid_dn=0.19 halted=True[0m
[2m2026-04-12 20:12:59.768 [INFO] __main__: STATUS t=120s delta=0.0096% dir=up agree=False chain=71036.54 bin=71013.43 open=71029.75 obi=0.4231 ask_up=0.77 ask_dn=0.24 bid_up=0.76 bid_dn=0.23 halted=True[0m
[2m2026-04-12 20:13:29.920 [INFO] __main__: STATUS t=90s delta=0.0094% dir=up agree=False chain=71036.46 bin=71008.95 open=71029.75 obi=-0.9929 ask_up=0.64 ask_dn=0.38 bid_up=0.62 bid_dn=0.36 halted=True[0m
[2m2026-04-12 20:14:00.042 [INFO] __main__: STATUS t=60s delta=0.0077% dir=up agree=False chain=71035.19 bin=71020.96 open=71029.75 obi=0.5630 ask_up=0.97 ask_dn=0.04 bid_up=0.96 bid_dn=0.03 halted=True[0m
[2m2026-04-12 20:14:30.168 [INFO] __main__: STATUS t=30s delta=0.0183% dir=up agree=False chain=71042.78 bin=71013.52 open=71029.75 obi=-0.3942 ask_up=0.80 ask_dn=0.22 bid_up=0.78 bid_dn=0.20 halted=True[0m
[37m2026-04-12 20:15:00.044 [INFO] execution.paper_trading: paper window_ts=1776024600 [SKIP] pnl=0.0000 direction=up outcome=up - balance=$928.59 bid_up=0.98 ask_up=0.99 bid_dn=0.01 ask_dn=0.02[0m
[93m[1m2026-04-12 20:15:00.044 [INFO] risk.position_tracker: WINDOW_SUMMARY window_pnl=$0.0000 session_pnl=$-90.3888 won=$29.1067 lost=$119.4955 wr=50.0% (5/10) consec_losses=3[0m
[37m2026-04-12 20:15:00.049 [INFO] strategy.window_handler: WINDOW_DECISION [SKIP] rank=1 side=up pnl=$0.0000 entry=0.00 size=$0.00 (no fire)[0m
[96m[1m2026-04-12 20:15:00.050 [INFO] strategy.window_tracker: new window: btc-updown-5m-1776024900 (ts=1776024900)[0m
2026-04-12 20:15:00.066 [INFO] strategy.window_tracker: Gamma priceToBeat not yet available for btc-updown-5m-1776024900 — fetching in background
[96m2026-04-12 20:15:00.107 [INFO] strategy.window_handler: REGIME vol_stddev=0.048% chop_flips=0.0 outcome=2U/4D over 6w sprt=active_100pct llr=0.00 age=49w bankroll=$681.38[0m
[96m2026-04-12 20:15:00.107 [INFO] strategy.window_handler: KELLY wr_adj=92.4% base=100.0% total_disc=4.6% vol=0.0% chop=0.0% outcome=38.1% feedback=+0.0%[0m
[96m2026-04-12 20:15:00.107 [WARNING] __main__: window open price captured: 71034.93 (RTDS boundary fallback, oracle_age=2000ms)[0m
[96m2026-04-12 20:15:00.108 [INFO] __main__: window open price captured: 71017.36 (binance)[0m
[2m2026-04-12 20:15:00.359 [INFO] __main__: STATUS t=300s delta=0.0069% dir=up agree=False chain=71039.82 bin=71017.36 open=71034.93 obi=0.6660 ask_up=0.00 ask_dn=0.00 bid_up=0.00 bid_dn=0.00 halted=True[0m
2026-04-12 20:15:00.920 [INFO] market_data.clob_market_ws: CLOB market subscribed for tokens up=100268588742 down=961071231288
[2m2026-04-12 20:15:30.494 [INFO] __main__: STATUS t=270s delta=-0.0542% dir=down agree=True chain=70996.42 bin=70975.00 open=71034.93 obi=0.3151 ask_up=0.31 ask_dn=0.70 bid_up=0.30 bid_dn=0.69 halted=True[0m
[2m2026-04-12 20:16:00.610 [INFO] __main__: STATUS t=239s delta=-0.0472% dir=down agree=True chain=71001.42 bin=70977.38 open=71034.93 obi=0.1153 ask_up=0.50 ask_dn=0.51 bid_up=0.49 bid_dn=0.50 halted=True[0m
[2m2026-04-12 20:16:30.736 [INFO] __main__: STATUS t=209s delta=-0.0736% dir=down agree=True chain=70982.68 bin=70962.01 open=71034.93 obi=-0.7387 ask_up=0.50 ask_dn=0.51 bid_up=0.49 bid_dn=0.50 halted=True[0m
[2m2026-04-12 20:17:00.857 [INFO] __main__: STATUS t=179s delta=-0.0629% dir=down agree=True chain=70990.23 bin=70968.75 open=71034.93 obi=0.8726 ask_up=0.55 ask_dn=0.46 bid_up=0.54 bid_dn=0.45 halted=True[0m
[2m2026-04-12 20:17:30.981 [INFO] __main__: STATUS t=149s delta=-0.0582% dir=down agree=True chain=70993.59 bin=70968.75 open=71034.93 obi=0.0433 ask_up=0.53 ask_dn=0.48 bid_up=0.52 bid_dn=0.47 halted=True[0m
[2m2026-04-12 20:18:01.107 [INFO] __main__: STATUS t=119s delta=-0.0598% dir=down agree=True chain=70992.45 bin=70968.74 open=71034.93 obi=0.0226 ask_up=0.46 ask_dn=0.55 bid_up=0.45 bid_dn=0.54 halted=True[0m
[2m2026-04-12 20:18:31.244 [INFO] __main__: STATUS t=89s delta=-0.0825% dir=down agree=True chain=70976.33 bin=70956.83 open=71034.93 obi=-0.9164 ask_up=0.35 ask_dn=0.66 bid_up=0.34 bid_dn=0.65 halted=True[0m
[2m2026-04-12 20:19:01.373 [INFO] __main__: STATUS t=59s delta=-0.0645% dir=down agree=True chain=70989.13 bin=70969.91 open=71034.93 obi=0.1297 ask_up=0.50 ask_dn=0.51 bid_up=0.49 bid_dn=0.50 halted=True[0m
[2m2026-04-12 20:19:31.526 [INFO] __main__: STATUS t=28s delta=-0.0463% dir=down agree=True chain=71002.07 bin=70982.16 open=71034.93 obi=0.7012 ask_up=0.68 ask_dn=0.34 bid_up=0.66 bid_dn=0.32 halted=True[0m
[37m2026-04-12 20:20:00.140 [INFO] execution.paper_trading: paper window_ts=1776024900 [SKIP] pnl=0.0000 direction=down outcome=down - balance=$928.59 bid_up=0.83 ask_up=0.84 bid_dn=0.16 ask_dn=0.17[0m
[93m[1m2026-04-12 20:20:00.141 [INFO] risk.position_tracker: WINDOW_SUMMARY window_pnl=$0.0000 session_pnl=$-90.3888 won=$29.1067 lost=$119.4955 wr=50.0% (5/10) consec_losses=3[0m
[37m2026-04-12 20:20:00.146 [INFO] strategy.window_handler: WINDOW_DECISION [SKIP] rank=1 side=up pnl=$0.0000 entry=0.00 size=$0.00 (no fire)[0m
[2m2026-04-12 20:20:00.147 [INFO] strategy.signal_lifecycle: STATUS signal=up_200.0_160.0_0.04_0.05 age=50w since_last_fire=50w[0m
[92m[1m2026-04-12 20:20:00.147 [WARNING] strategy.signal_lifecycle: FIRE STALL: Signal up_200.0_160.0_0.04_0.05 has not fired in 50 windows. Market conditions may have shifted. Entering IDLE state.[0m
[96m[1m2026-04-12 20:20:00.151 [INFO] strategy.window_tracker: new window: btc-updown-5m-1776025200 (ts=1776025200)[0m
2026-04-12 20:20:00.160 [INFO] strategy.window_tracker: Gamma priceToBeat not yet available for btc-updown-5m-1776025200 — fetching in background
[96m2026-04-12 20:20:00.229 [INFO] strategy.window_handler: REGIME vol_stddev=0.044% chop_flips=0.0 outcome=2U/4D over 6w sprt=active_100pct llr=0.00 age=50w bankroll=$681.38[0m
[96m2026-04-12 20:20:00.229 [INFO] strategy.window_handler: KELLY wr_adj=92.4% base=100.0% total_disc=4.6% vol=0.0% chop=0.0% outcome=38.1% feedback=+0.0%[0m
[96m2026-04-12 20:20:00.233 [WARNING] __main__: window open price captured: 71031.48 (RTDS boundary fallback, oracle_age=3000ms)[0m
[96m2026-04-12 20:20:00.235 [INFO] __main__: window open price captured: 70999.00 (binance)[0m
2026-04-12 20:20:01.133 [INFO] market_data.clob_market_ws: CLOB market subscribed for tokens up=408583304529 down=538065881340
[2m2026-04-12 20:20:01.766 [INFO] __main__: STATUS t=298s delta=0.0105% dir=up agree=False chain=71038.93 bin=70999.00 open=71031.48 obi=0.3453 ask_up=0.54 ask_dn=0.47 bid_up=0.53 bid_dn=0.46 halted=True[0m
[2m2026-04-12 20:20:31.907 [INFO] __main__: STATUS t=268s delta=0.0156% dir=up agree=False chain=71042.59 bin=71020.49 open=71031.48 obi=0.9592 ask_up=0.61 ask_dn=0.40 bid_up=0.60 bid_dn=0.39 halted=True[0m
[2m2026-04-12 20:21:02.039 [INFO] __main__: STATUS t=238s delta=0.0064% dir=up agree=False chain=71035.99 bin=71009.63 open=71031.48 obi=0.9019 ask_up=0.56 ask_dn=0.45 bid_up=0.55 bid_dn=0.44 halted=True[0m
[2m2026-04-12 20:21:32.166 [INFO] __main__: STATUS t=208s delta=0.0067% dir=up agree=False chain=71036.25 bin=71003.77 open=71031.48 obi=-0.8619 ask_up=0.56 ask_dn=0.45 bid_up=0.55 bid_dn=0.44 halted=True[0m
[2m2026-04-12 20:22:02.301 [INFO] __main__: STATUS t=178s delta=-0.0045% dir=down agree=True chain=71028.27 bin=71001.78 open=71031.48 obi=-0.1434 ask_up=0.58 ask_dn=0.43 bid_up=0.57 bid_dn=0.42 halted=True[0m
[2m2026-04-12 20:22:32.431 [INFO] __main__: STATUS t=148s delta=-0.0050% dir=down agree=True chain=71027.92 bin=71001.78 open=71031.48 obi=0.0579 ask_up=0.57 ask_dn=0.44 bid_up=0.56 bid_dn=0.43 halted=True[0m
[2m2026-04-12 20:23:02.556 [INFO] __main__: STATUS t=117s delta=0.0339% dir=up agree=False chain=71055.57 bin=71030.00 open=71031.48 obi=0.2705 ask_up=0.79 ask_dn=0.22 bid_up=0.78 bid_dn=0.21 halted=True[0m
[2m2026-04-12 20:23:32.682 [INFO] __main__: STATUS t=87s delta=0.0329% dir=up agree=False chain=71054.87 bin=71029.99 open=71031.48 obi=0.0076 ask_up=0.80 ask_dn=0.21 bid_up=0.79 bid_dn=0.20 halted=True[0m
[2m2026-04-12 20:24:02.819 [INFO] __main__: STATUS t=57s delta=0.0343% dir=up agree=False chain=71055.83 bin=71030.00 open=71031.48 obi=0.0073 ask_up=0.86 ask_dn=0.15 bid_up=0.85 bid_dn=0.14 halted=True[0m
[2m2026-04-12 20:24:32.944 [INFO] __main__: STATUS t=27s delta=0.0564% dir=up agree=True chain=71071.54 bin=71046.00 open=71031.48 obi=0.8408 ask_up=0.98 ask_dn=0.03 bid_up=0.97 bid_dn=0.02 halted=True[0m
[37m2026-04-12 20:25:00.071 [INFO] execution.paper_trading: paper window_ts=1776025200 [SKIP] pnl=0.0000 direction=up outcome=up - balance=$928.59 bid_up=0.99 ask_up=1.00 bid_dn=0.01 ask_dn=0.01[0m
[93m[1m2026-04-12 20:25:00.071 [INFO] risk.position_tracker: WINDOW_SUMMARY window_pnl=$0.0000 session_pnl=$-90.3888 won=$29.1067 lost=$119.4955 wr=50.0% (5/10) consec_losses=3[0m
[37m2026-04-12 20:25:00.080 [INFO] strategy.window_handler: WINDOW_DECISION [SKIP] rank=1 side=up pnl=$0.0000 entry=0.00 size=$0.00 (idle:fire_stall)[0m
[96m[1m2026-04-12 20:25:00.083 [INFO] strategy.window_tracker: new window: btc-updown-5m-1776025500 (ts=1776025500)[0m
2026-04-12 20:25:00.093 [INFO] strategy.window_tracker: Gamma priceToBeat not yet available for btc-updown-5m-1776025500 — fetching in background
[96m2026-04-12 20:25:00.136 [INFO] strategy.window_handler: REGIME vol_stddev=0.045% chop_flips=0.0 outcome=2U/4D over 6w sprt=active_100pct llr=0.00 age=51w bankroll=$681.38[0m
[96m2026-04-12 20:25:00.136 [INFO] strategy.window_handler: KELLY wr_adj=92.4% base=100.0% total_disc=4.6% vol=0.0% chop=0.0% outcome=38.1% feedback=+0.0%[0m
[96m2026-04-12 20:25:00.136 [WARNING] __main__: window open price captured: 71073.90 (RTDS boundary fallback, oracle_age=2000ms)[0m
[96m2026-04-12 20:25:00.136 [INFO] __main__: window open price captured: 71050.76 (binance)[0m
2026-04-12 20:25:00.332 [INFO] market_data.clob_market_ws: CLOB market subscribed for tokens up=681044416597 down=997615732185
[2m2026-04-12 20:25:03.185 [INFO] __main__: STATUS t=297s delta=0.0001% dir=up agree=False chain=71073.94 bin=71050.76 open=71073.90 obi=-0.1590 ask_up=0.54 ask_dn=0.48 bid_up=0.52 bid_dn=0.46 halted=True[0m
[2m2026-04-12 20:25:33.312 [INFO] __main__: STATUS t=267s delta=-0.0010% dir=down agree=True chain=71073.15 bin=71050.76 open=71073.90 obi=-0.4462 ask_up=0.52 ask_dn=0.49 bid_up=0.51 bid_dn=0.48 halted=True[0m
[2m2026-04-12 20:26:03.439 [INFO] __main__: STATUS t=237s delta=0.0172% dir=up agree=False chain=71086.09 bin=71065.49 open=71073.90 obi=-0.5315 ask_up=0.63 ask_dn=0.38 bid_up=0.62 bid_dn=0.37 halted=True[0m
[2m2026-04-12 20:26:33.563 [INFO] __main__: STATUS t=206s delta=0.0077% dir=up agree=False chain=71079.35 bin=71059.98 open=71073.90 obi=-0.7773 ask_up=0.55 ask_dn=0.46 bid_up=0.54 bid_dn=0.45 halted=True[0m
[2m2026-04-12 20:27:03.685 [INFO] __main__: STATUS t=176s delta=0.0056% dir=up agree=False chain=71077.89 bin=71059.98 open=71073.90 obi=-0.6369 ask_up=0.56 ask_dn=0.45 bid_up=0.55 bid_dn=0.44 halted=True[0m
[2m2026-04-12 20:27:33.810 [INFO] __main__: STATUS t=146s delta=0.0061% dir=up agree=False chain=71078.25 bin=71059.98 open=71073.90 obi=-0.6488 ask_up=0.56 ask_dn=0.45 bid_up=0.55 bid_dn=0.44 halted=True[0m
[2m2026-04-12 20:28:03.957 [INFO] __main__: STATUS t=116s delta=0.0164% dir=up agree=False chain=71085.53 bin=71059.98 open=71073.90 obi=0.9720 ask_up=0.77 ask_dn=0.24 bid_up=0.76 bid_dn=0.23 halted=True[0m
[2m2026-04-12 20:28:34.075 [INFO] __main__: STATUS t=86s delta=0.0192% dir=up agree=False chain=71087.56 bin=71064.51 open=71073.90 obi=0.5047 ask_up=0.82 ask_dn=0.19 bid_up=0.81 bid_dn=0.18 halted=True[0m
[2m2026-04-12 20:29:04.198 [INFO] __main__: STATUS t=56s delta=0.0188% dir=up agree=False chain=71087.26 bin=71064.51 open=71073.90 obi=0.1486 ask_up=0.87 ask_dn=0.15 bid_up=0.85 bid_dn=0.13 halted=True[0m
[2m2026-04-12 20:29:34.320 [INFO] __main__: STATUS t=26s delta=0.0069% dir=up agree=False chain=71078.81 bin=71063.23 open=71073.90 obi=-0.8528 ask_up=0.76 ask_dn=0.26 bid_up=0.74 bid_dn=0.24 halted=True[0m
[37m2026-04-12 20:30:00.168 [INFO] execution.paper_trading: paper window_ts=1776025500 [SKIP] pnl=0.0000 direction=up outcome=up - balance=$928.59 bid_up=0.97 ask_up=0.98 bid_dn=0.02 ask_dn=0.03[0m
[93m[1m2026-04-12 20:30:00.168 [INFO] risk.position_tracker: WINDOW_SUMMARY window_pnl=$0.0000 session_pnl=$-90.3888 won=$29.1067 lost=$119.4955 wr=50.0% (5/10) consec_losses=3[0m
[37m2026-04-12 20:30:00.180 [INFO] strategy.window_handler: WINDOW_DECISION [SKIP] rank=1 side=up pnl=$0.0000 entry=0.00 size=$0.00 (idle:fire_stall)[0m
[96m[1m2026-04-12 20:30:00.183 [INFO] strategy.window_tracker: new window: btc-updown-5m-1776025800 (ts=1776025800)[0m
2026-04-12 20:30:00.193 [INFO] strategy.window_tracker: Gamma priceToBeat not yet available for btc-updown-5m-1776025800 — fetching in background
[96m2026-04-12 20:30:00.231 [INFO] strategy.window_handler: REGIME vol_stddev=0.045% chop_flips=0.0 outcome=3U/3D over 6w sprt=active_100pct llr=0.00 age=52w bankroll=$681.38[0m
[96m2026-04-12 20:30:00.234 [WARNING] __main__: window open price captured: 71076.91 (RTDS boundary fallback, oracle_age=1000ms)[0m
[96m2026-04-12 20:30:00.234 [INFO] __main__: window open price captured: 71057.29 (binance)[0m
2026-04-12 20:30:00.541 [INFO] market_data.clob_market_ws: CLOB market subscribed for tokens up=103718304657 down=823901574038
[2m2026-04-12 20:30:04.544 [INFO] __main__: STATUS t=295s delta=0.0002% dir=up agree=False chain=71077.02 bin=71057.30 open=71076.91 obi=-0.5210 ask_up=0.52 ask_dn=0.49 bid_up=0.51 bid_dn=0.48 halted=True[0m
[2m2026-04-12 20:30:34.666 [INFO] __main__: STATUS t=265s delta=0.0160% dir=up agree=False chain=71088.26 bin=71064.11 open=71076.91 obi=0.9662 ask_up=0.66 ask_dn=0.35 bid_up=0.65 bid_dn=0.34 halted=True[0m
[2m2026-04-12 20:31:04.798 [INFO] __main__: STATUS t=235s delta=0.0174% dir=up agree=False chain=71089.30 bin=71066.08 open=71076.91 obi=0.9996 ask_up=0.71 ask_dn=0.31 bid_up=0.69 bid_dn=0.29 halted=True[0m
[2m2026-04-12 20:31:34.918 [INFO] __main__: STATUS t=205s delta=0.0148% dir=up agree=False chain=71087.43 bin=71068.55 open=71076.91 obi=-0.2464 ask_up=0.65 ask_dn=0.36 bid_up=0.64 bid_dn=0.35 halted=True[0m
[2m2026-04-12 20:32:05.047 [INFO] __main__: STATUS t=175s delta=0.0177% dir=up agree=False chain=71089.48 bin=71068.56 open=71076.91 obi=-0.1988 ask_up=0.61 ask_dn=0.40 bid_up=0.60 bid_dn=0.39 halted=True[0m
[2m2026-04-12 20:32:35.167 [INFO] __main__: STATUS t=145s delta=0.0183% dir=up agree=False chain=71089.95 bin=71068.55 open=71076.91 obi=0.0103 ask_up=0.66 ask_dn=0.35 bid_up=0.65 bid_dn=0.34 halted=True[0m
[2m2026-04-12 20:33:05.302 [INFO] __main__: STATUS t=115s delta=0.0319% dir=up agree=True chain=71099.55 bin=71077.31 open=71076.91 obi=0.8527 ask_up=0.84 ask_dn=0.17 bid_up=0.83 bid_dn=0.16 halted=True[0m
[2m2026-04-12 20:33:35.432 [INFO] __main__: STATUS t=85s delta=0.0309% dir=up agree=True chain=71098.89 bin=71077.31 open=71076.91 obi=-0.0515 ask_up=0.84 ask_dn=0.17 bid_up=0.83 bid_dn=0.16 halted=True[0m
[2m2026-04-12 20:34:05.568 [INFO] __main__: STATUS t=54s delta=0.0559% dir=up agree=True chain=71116.66 bin=71099.93 open=71076.91 obi=-0.1331 ask_up=0.97 ask_dn=0.04 bid_up=0.96 bid_dn=0.03 halted=True[0m
[2m2026-04-12 20:34:35.703 [INFO] __main__: STATUS t=24s delta=0.1195% dir=up agree=True chain=71161.86 bin=71141.96 open=71076.91 obi=0.9992 ask_up=1.00 ask_dn=0.01 bid_up=0.99 bid_dn=0.01 halted=True[0m
[37m2026-04-12 20:35:00.065 [INFO] execution.paper_trading: paper window_ts=1776025800 [SKIP] pnl=0.0000 direction=up outcome=up - balance=$928.59 bid_up=0.99 ask_up=1.00 bid_dn=0.01 ask_dn=0.01[0m
[93m[1m2026-04-12 20:35:00.065 [INFO] risk.position_tracker: WINDOW_SUMMARY window_pnl=$0.0000 session_pnl=$-90.3888 won=$29.1067 lost=$119.4955 wr=50.0% (5/10) consec_losses=3[0m
[37m2026-04-12 20:35:00.071 [INFO] strategy.window_handler: WINDOW_DECISION [SKIP] rank=1 side=up pnl=$0.0000 entry=0.00 size=$0.00 (idle:fire_stall)[0m
[96m[1m2026-04-12 20:35:00.074 [INFO] strategy.window_tracker: new window: btc-updown-5m-1776026100 (ts=1776026100)[0m
2026-04-12 20:35:00.083 [INFO] strategy.window_tracker: Gamma priceToBeat not yet available for btc-updown-5m-1776026100 — fetching in background
[96m2026-04-12 20:35:00.129 [INFO] strategy.window_handler: REGIME vol_stddev=0.047% chop_flips=0.0 outcome=4U/2D over 6w sprt=active_100pct llr=0.00 age=53w bankroll=$681.38[0m
[96m2026-04-12 20:35:00.130 [WARNING] __main__: window open price captured: 71156.59 (RTDS boundary fallback, oracle_age=1000ms)[0m
[96m2026-04-12 20:35:00.130 [INFO] __main__: window open price captured: 71140.21 (binance)[0m
2026-04-12 20:35:00.759 [INFO] market_data.clob_market_ws: CLOB market subscribed for tokens up=102006989102 down=628122031318
[2m2026-04-12 20:35:05.913 [INFO] __main__: STATUS t=294s delta=0.0191% dir=up agree=False chain=71170.21 bin=71149.88 open=71156.59 obi=-0.1474 ask_up=0.59 ask_dn=0.42 bid_up=0.58 bid_dn=0.41 halted=True[0m
[2m2026-04-12 20:35:36.037 [INFO] __main__: STATUS t=264s delta=0.0134% dir=up agree=False chain=71166.16 bin=71149.23 open=71156.59 obi=-0.7793 ask_up=0.46 ask_dn=0.55 bid_up=0.45 bid_dn=0.54 halted=True[0m
[2m2026-04-12 20:36:06.161 [INFO] __main__: STATUS t=234s delta=0.0091% dir=up agree=False chain=71163.04 bin=71144.01 open=71156.59 obi=-0.8055 ask_up=0.50 ask_dn=0.51 bid_up=0.49 bid_dn=0.50 halted=True[0m
[2m2026-04-12 20:36:36.285 [INFO] __main__: STATUS t=204s delta=0.0212% dir=up agree=True chain=71171.65 bin=71160.00 open=71156.59 obi=0.5533 ask_up=0.65 ask_dn=0.36 bid_up=0.64 bid_dn=0.35 halted=True[0m
[2m2026-04-12 20:37:06.422 [INFO] __main__: STATUS t=174s delta=0.0520% dir=up agree=True chain=71193.57 bin=71171.08 open=71156.59 obi=0.2899 ask_up=0.80 ask_dn=0.21 bid_up=0.79 bid_dn=0.20 halted=True[0m
[2m2026-04-12 20:37:36.545 [INFO] __main__: STATUS t=143s delta=0.0432% dir=up agree=True chain=71187.32 bin=71166.21 open=71156.59 obi=0.0833 ask_up=0.76 ask_dn=0.25 bid_up=0.75 bid_dn=0.24 halted=True[0m
[2m2026-04-12 20:38:06.673 [INFO] __main__: STATUS t=113s delta=0.0607% dir=up agree=True chain=71199.81 bin=71180.56 open=71156.59 obi=0.8752 ask_up=0.92 ask_dn=0.09 bid_up=0.91 bid_dn=0.08 halted=True[0m
[2m2026-04-12 20:38:36.797 [INFO] __main__: STATUS t=83s delta=0.0507% dir=up agree=True chain=71192.67 bin=71167.81 open=71156.59 obi=-0.8161 ask_up=0.83 ask_dn=0.18 bid_up=0.82 bid_dn=0.17 halted=True[0m
[2m2026-04-12 20:39:06.938 [INFO] __main__: STATUS t=53s delta=0.0132% dir=up agree=False chain=71166.00 bin=71150.74 open=71156.59 obi=-0.7777 ask_up=0.60 ask_dn=0.41 bid_up=0.59 bid_dn=0.40 halted=True[0m
[2m2026-04-12 20:39:37.057 [INFO] __main__: STATUS t=23s delta=0.0213% dir=up agree=False chain=71171.75 bin=71150.88 open=71156.59 obi=0.0726 ask_up=0.84 ask_dn=0.17 bid_up=0.83 bid_dn=0.16 halted=True[0m
[37m2026-04-12 20:40:00.156 [INFO] execution.paper_trading: paper window_ts=1776026100 [SKIP] pnl=0.0000 direction=up outcome=up - balance=$928.59 bid_up=0.99 ask_up=1.00 bid_dn=0.01 ask_dn=0.01[0m
[93m[1m2026-04-12 20:40:00.156 [INFO] risk.position_tracker: WINDOW_SUMMARY window_pnl=$0.0000 session_pnl=$-90.3888 won=$29.1067 lost=$119.4955 wr=50.0% (5/10) consec_losses=3[0m
[37m2026-04-12 20:40:00.162 [INFO] strategy.window_handler: WINDOW_DECISION [SKIP] rank=1 side=up pnl=$0.0000 entry=0.00 size=$0.00 (idle:fire_stall)[0m
[96m[1m2026-04-12 20:40:00.167 [INFO] strategy.window_tracker: new window: btc-updown-5m-1776026400 (ts=1776026400)[0m
2026-04-12 20:40:00.178 [INFO] strategy.window_tracker: Gamma priceToBeat not yet available for btc-updown-5m-1776026400 — fetching in background
[96m2026-04-12 20:40:00.239 [INFO] strategy.window_handler: REGIME vol_stddev=0.046% chop_flips=0.0 outcome=5U/1D over 6w sprt=active_100pct llr=0.00 age=54w bankroll=$681.38[0m
[96m2026-04-12 20:40:00.240 [WARNING] __main__: window open price captured: 71171.74 (RTDS boundary fallback, oracle_age=2000ms)[0m
[96m2026-04-12 20:40:00.240 [INFO] __main__: window open price captured: 71150.88 (binance)[0m
2026-04-12 20:40:00.951 [INFO] market_data.clob_market_ws: CLOB market subscribed for tokens up=672302299004 down=981284197377
[2m2026-04-12 20:40:07.302 [INFO] __main__: STATUS t=293s delta=0.0007% dir=up agree=False chain=71172.22 bin=71150.89 open=71171.74 obi=0.0400 ask_up=0.47 ask_dn=0.54 bid_up=0.46 bid_dn=0.53 halted=True[0m
[2m2026-04-12 20:40:37.416 [INFO] __main__: STATUS t=263s delta=0.1398% dir=up agree=True chain=71271.24 bin=71251.26 open=71171.74 obi=-0.3480 ask_up=0.91 ask_dn=0.10 bid_up=0.90 bid_dn=0.09 halted=True[0m
[2m2026-04-12 20:41:07.546 [INFO] __main__: STATUS t=232s delta=0.1410% dir=up agree=True chain=71272.12 bin=71257.99 open=71171.74 obi=0.8570 ask_up=0.92 ask_dn=0.09 bid_up=0.91 bid_dn=0.08 halted=True[0m
[2m2026-04-12 20:41:37.668 [INFO] __main__: STATUS t=202s delta=0.1528% dir=up agree=True chain=71280.48 bin=71262.72 open=71171.74 obi=0.0835 ask_up=0.94 ask_dn=0.07 bid_up=0.93 bid_dn=0.06 halted=True[0m
[2m2026-04-12 20:42:07.857 [INFO] __main__: STATUS t=172s delta=0.1842% dir=up agree=True chain=71302.82 bin=71277.13 open=71171.74 obi=-0.6424 ask_up=0.98 ask_dn=0.03 bid_up=0.97 bid_dn=0.02 halted=True[0m
[2m2026-04-12 20:42:37.985 [INFO] __main__: STATUS t=142s delta=0.1660% dir=up agree=True chain=71289.85 bin=71266.45 open=71171.74 obi=0.4799 ask_up=0.98 ask_dn=0.03 bid_up=0.97 bid_dn=0.02 halted=True[0m
[2m2026-04-12 20:43:08.107 [INFO] __main__: STATUS t=112s delta=0.1740% dir=up agree=True chain=71295.60 bin=71275.23 open=71171.74 obi=0.2339 ask_up=0.98 ask_dn=0.03 bid_up=0.97 bid_dn=0.02 halted=True[0m
[2m2026-04-12 20:43:38.226 [INFO] __main__: STATUS t=82s delta=0.2036% dir=up agree=True chain=71316.62 bin=71298.76 open=71171.74 obi=0.9695 ask_up=1.00 ask_dn=0.01 bid_up=0.99 bid_dn=0.01 halted=True[0m
[2m2026-04-12 20:44:08.365 [INFO] __main__: STATUS t=52s delta=0.3921% dir=up agree=True chain=71450.81 bin=71416.51 open=71171.74 obi=-0.5999 ask_up=1.00 ask_dn=0.01 bid_up=0.99 bid_dn=0.00 halted=True[0m
[2m2026-04-12 20:44:38.495 [INFO] __main__: STATUS t=22s delta=0.2707% dir=up agree=True chain=71364.38 bin=71334.03 open=71171.74 obi=-0.2566 ask_up=1.00 ask_dn=0.00 bid_up=1.00 bid_dn=0.00 halted=True[0m
[37m2026-04-12 20:45:00.100 [INFO] execution.paper_trading: paper window_ts=1776026400 [SKIP] pnl=0.0000 direction=up outcome=up - balance=$928.59 bid_up=1.00 ask_up=1.00 bid_dn=0.00 ask_dn=0.00[0m
[93m[1m2026-04-12 20:45:00.100 [INFO] risk.position_tracker: WINDOW_SUMMARY window_pnl=$0.0000 session_pnl=$-90.3888 won=$29.1067 lost=$119.4955 wr=50.0% (5/10) consec_losses=3[0m
[37m2026-04-12 20:45:00.115 [INFO] strategy.window_handler: WINDOW_DECISION [SKIP] rank=1 side=up pnl=$0.0000 entry=0.00 size=$0.00 (idle:fire_stall)[0m
[96m[1m2026-04-12 20:45:00.120 [INFO] strategy.window_tracker: new window: btc-updown-5m-1776026700 (ts=1776026700)[0m
2026-04-12 20:45:00.131 [INFO] strategy.window_tracker: Gamma priceToBeat not yet available for btc-updown-5m-1776026700 — fetching in background
[96m2026-04-12 20:45:00.163 [INFO] strategy.window_handler: REGIME vol_stddev=0.062% chop_flips=0.0 outcome=5U/1D over 6w sprt=active_100pct llr=0.00 age=55w bankroll=$681.38[0m
[96m2026-04-12 20:45:00.164 [WARNING] __main__: window open price captured: 71340.64 (RTDS boundary fallback, oracle_age=1000ms)[0m
[96m2026-04-12 20:45:00.164 [INFO] __main__: window open price captured: 71321.85 (binance)[0m
2026-04-12 20:45:00.180 [INFO] market_data.clob_market_ws: CLOB market subscribed for tokens up=515210325191 down=789801639593
[2m2026-04-12 20:45:08.519 [INFO] __main__: STATUS t=291s delta=0.0500% dir=up agree=True chain=71376.32 bin=71356.80 open=71340.64 obi=-0.6784 ask_up=0.59 ask_dn=0.42 bid_up=0.58 bid_dn=0.41 halted=True[0m
[2m2026-04-12 20:45:38.641 [INFO] __main__: STATUS t=261s delta=0.0645% dir=up agree=True chain=71386.62 bin=71366.00 open=71340.64 obi=-0.2572 ask_up=0.64 ask_dn=0.37 bid_up=0.63 bid_dn=0.36 halted=True[0m
[2m2026-04-12 20:46:08.767 [INFO] __main__: STATUS t=231s delta=-0.0706% dir=down agree=True chain=71290.28 bin=71270.12 open=71340.64 obi=0.6991 ask_up=0.26 ask_dn=0.75 bid_up=0.25 bid_dn=0.74 halted=True[0m
[2m2026-04-12 20:46:38.894 [INFO] __main__: STATUS t=201s delta=-0.0752% dir=down agree=True chain=71287.01 bin=71250.01 open=71340.64 obi=0.2623 ask_up=0.17 ask_dn=0.84 bid_up=0.16 bid_dn=0.83 halted=True[0m
[2m2026-04-12 20:47:09.013 [INFO] __main__: STATUS t=171s delta=-0.0872% dir=down agree=True chain=71278.46 bin=71259.26 open=71340.64 obi=0.0896 ask_up=0.11 ask_dn=0.90 bid_up=0.10 bid_dn=0.89 halted=True[0m
[2m2026-04-12 20:47:39.132 [INFO] __main__: STATUS t=141s delta=-0.1141% dir=down agree=True chain=71259.27 bin=71238.48 open=71340.64 obi=-0.0583 ask_up=0.08 ask_dn=0.93 bid_up=0.07 bid_dn=0.92 halted=True[0m
[2m2026-04-12 20:48:09.263 [INFO] __main__: STATUS t=111s delta=-0.1252% dir=down agree=True chain=71251.32 bin=71229.89 open=71340.64 obi=-0.8865 ask_up=0.03 ask_dn=0.98 bid_up=0.02 bid_dn=0.97 halted=True[0m
[2m2026-04-12 20:48:39.391 [INFO] __main__: STATUS t=81s delta=-0.1195% dir=down agree=True chain=71255.41 bin=71234.98 open=71340.64 obi=0.0311 ask_up=0.02 ask_dn=0.99 bid_up=0.01 bid_dn=0.98 halted=True[0m
[2m2026-04-12 20:49:09.523 [INFO] __main__: STATUS t=50s delta=-0.1285% dir=down agree=True chain=71248.96 bin=71227.52 open=71340.64 obi=0.3627 ask_up=0.03 ask_dn=0.98 bid_up=0.02 bid_dn=0.97 halted=True[0m
[2m2026-04-12 20:49:39.650 [INFO] __main__: STATUS t=20s delta=-0.1260% dir=down agree=True chain=71250.76 bin=71239.77 open=71340.64 obi=0.6583 ask_up=0.01 ask_dn=1.00 bid_up=0.01 bid_dn=0.99 halted=True[0m
[37m2026-04-12 20:50:00.244 [INFO] execution.paper_trading: paper window_ts=1776026700 [SKIP] pnl=0.0000 direction=down outcome=down - balance=$928.59 bid_up=0.01 ask_up=0.01 bid_dn=0.99 ask_dn=1.00[0m
[93m[1m2026-04-12 20:50:00.245 [INFO] risk.position_tracker: WINDOW_SUMMARY window_pnl=$0.0000 session_pnl=$-90.3888 won=$29.1067 lost=$119.4955 wr=50.0% (5/10) consec_losses=3[0m
[37m2026-04-12 20:50:00.251 [INFO] strategy.window_handler: WINDOW_DECISION [SKIP] rank=1 side=up pnl=$0.0000 entry=0.00 size=$0.00 (idle:fire_stall)[0m
[96m[1m2026-04-12 20:50:00.255 [INFO] strategy.window_tracker: new window: btc-updown-5m-1776027000 (ts=1776027000)[0m
2026-04-12 20:50:00.264 [INFO] strategy.window_tracker: Gamma priceToBeat not yet available for btc-updown-5m-1776027000 — fetching in background
[96m2026-04-12 20:50:00.306 [INFO] strategy.window_handler: REGIME vol_stddev=0.066% chop_flips=0.0 outcome=5U/1D over 6w sprt=active_100pct llr=0.00 age=56w bankroll=$681.38[0m
[96m2026-04-12 20:50:00.306 [WARNING] __main__: window open price captured: 71264.14 (RTDS boundary fallback, oracle_age=1000ms)[0m
[96m2026-04-12 20:50:00.306 [INFO] __main__: window open price captured: 71246.43 (binance)[0m
2026-04-12 20:50:00.399 [INFO] market_data.clob_market_ws: CLOB market subscribed for tokens up=103605665979 down=104695203912
[2m2026-04-12 20:50:09.662 [INFO] __main__: STATUS t=290s delta=0.0001% dir=up agree=False chain=71264.18 bin=71246.43 open=71264.14 obi=-0.8846 ask_up=0.53 ask_dn=0.48 bid_up=0.52 bid_dn=0.47 halted=True[0m
[2m2026-04-12 20:50:39.793 [INFO] __main__: STATUS t=260s delta=-0.0016% dir=down agree=True chain=71262.97 bin=71243.79 open=71264.14 obi=-0.2808 ask_up=0.50 ask_dn=0.51 bid_up=0.49 bid_dn=0.50 halted=True[0m
[2m2026-04-12 20:51:09.913 [INFO] __main__: STATUS t=230s delta=0.0420% dir=up agree=True chain=71294.07 bin=71268.55 open=71264.14 obi=0.9490 ask_up=0.76 ask_dn=0.25 bid_up=0.75 bid_dn=0.24 halted=True[0m
[2m2026-04-12 20:51:40.039 [INFO] __main__: STATUS t=200s delta=0.0637% dir=up agree=True chain=71309.50 bin=71285.12 open=71264.14 obi=0.6855 ask_up=0.80 ask_dn=0.21 bid_up=0.79 bid_dn=0.20 halted=True[0m
[2m2026-04-12 20:52:10.168 [INFO] __main__: STATUS t=170s delta=0.1347% dir=up agree=True chain=71360.15 bin=71338.45 open=71264.14 obi=0.5469 ask_up=0.95 ask_dn=0.06 bid_up=0.94 bid_dn=0.05 halted=True[0m
[2m2026-04-12 20:52:40.295 [INFO] __main__: STATUS t=140s delta=0.1060% dir=up agree=True chain=71339.71 bin=71321.80 open=71264.14 obi=0.5072 ask_up=0.95 ask_dn=0.06 bid_up=0.94 bid_dn=0.05 halted=True[0m
[2m2026-04-12 20:53:10.430 [INFO] __main__: STATUS t=110s delta=0.1140% dir=up agree=True chain=71345.37 bin=71321.81 open=71264.14 obi=0.7504 ask_up=0.97 ask_dn=0.04 bid_up=0.96 bid_dn=0.03 halted=True[0m
[2m2026-04-12 20:53:40.555 [INFO] __main__: STATUS t=79s delta=0.1142% dir=up agree=True chain=71345.50 bin=71321.80 open=71264.14 obi=0.4921 ask_up=0.99 ask_dn=0.02 bid_up=0.98 bid_dn=0.01 halted=True[0m
[2m2026-04-12 20:54:10.718 [INFO] __main__: STATUS t=49s delta=0.0717% dir=up agree=True chain=71315.24 bin=71296.07 open=71264.14 obi=-0.6446 ask_up=0.97 ask_dn=0.04 bid_up=0.96 bid_dn=0.03 halted=True[0m
[2m2026-04-12 20:54:40.848 [INFO] __main__: STATUS t=19s delta=0.0583% dir=up agree=True chain=71305.71 bin=71342.85 open=71264.14 obi=-0.2061 ask_up=1.00 ask_dn=0.01 bid_up=0.99 bid_dn=0.00 halted=True[0m
[37m2026-04-12 20:55:00.183 [INFO] execution.paper_trading: paper window_ts=1776027000 [SKIP] pnl=0.0000 direction=up outcome=up - balance=$928.59 bid_up=1.00 ask_up=1.00 bid_dn=0.00 ask_dn=0.00[0m
[93m[1m2026-04-12 20:55:00.183 [INFO] risk.position_tracker: WINDOW_SUMMARY window_pnl=$0.0000 session_pnl=$-90.3888 won=$29.1067 lost=$119.4955 wr=50.0% (5/10) consec_losses=3[0m
[37m2026-04-12 20:55:00.188 [INFO] strategy.window_handler: WINDOW_DECISION [SKIP] rank=1 side=up pnl=$0.0000 entry=0.00 size=$0.00 (idle:fire_stall)[0m
[96m[1m2026-04-12 20:55:00.192 [INFO] strategy.window_tracker: new window: btc-updown-5m-1776027300 (ts=1776027300)[0m
2026-04-12 20:55:00.200 [INFO] strategy.window_tracker: Gamma priceToBeat not yet available for btc-updown-5m-1776027300 — fetching in background
[96m2026-04-12 20:55:00.227 [INFO] strategy.window_handler: REGIME vol_stddev=0.069% chop_flips=0.0 outcome=5U/1D over 6w sprt=active_100pct llr=0.00 age=57w bankroll=$681.38[0m
[96m2026-04-12 20:55:00.227 [WARNING] __main__: window open price captured: 71334.63 (RTDS boundary fallback, oracle_age=2000ms)[0m
[96m2026-04-12 20:55:00.227 [INFO] __main__: window open price captured: 71314.42 (binance)[0m
2026-04-12 20:55:00.599 [INFO] market_data.clob_market_ws: CLOB market subscribed for tokens up=236542766983 down=986133950139
[2m2026-04-12 20:55:11.086 [INFO] __main__: STATUS t=289s delta=-0.0175% dir=down agree=True chain=71322.16 bin=71288.53 open=71334.63 obi=-0.7212 ask_up=0.33 ask_dn=0.68 bid_up=0.32 bid_dn=0.67 halted=True[0m
[2m2026-04-12 20:55:41.203 [INFO] __main__: STATUS t=259s delta=-0.0210% dir=down agree=True chain=71319.64 bin=71299.99 open=71334.63 obi=-0.7904 ask_up=0.37 ask_dn=0.64 bid_up=0.36 bid_dn=0.63 halted=True[0m
[2m2026-04-12 20:56:11.331 [INFO] __main__: STATUS t=229s delta=-0.0262% dir=down agree=True chain=71315.92 bin=71294.88 open=71334.63 obi=-0.4601 ask_up=0.32 ask_dn=0.69 bid_up=0.31 bid_dn=0.68 halted=True[0m
[2m2026-04-12 20:56:41.455 [INFO] __main__: STATUS t=199s delta=-0.0269% dir=down agree=True chain=71315.45 bin=71294.88 open=71334.63 obi=-0.1449 ask_up=0.31 ask_dn=0.70 bid_up=0.30 bid_dn=0.69 halted=True[0m
[2m2026-04-12 20:57:11.579 [INFO] __main__: STATUS t=168s delta=-0.0301% dir=down agree=True chain=71313.17 bin=71292.18 open=71334.63 obi=0.1294 ask_up=0.26 ask_dn=0.75 bid_up=0.25 bid_dn=0.74 halted=True[0m
[2m2026-04-12 20:57:41.704 [INFO] __main__: STATUS t=138s delta=-0.0029% dir=down agree=True chain=71332.56 bin=71317.37 open=71334.63 obi=0.3801 ask_up=0.51 ask_dn=0.50 bid_up=0.50 bid_dn=0.49 halted=True[0m
[2m2026-04-12 20:58:11.841 [INFO] __main__: STATUS t=108s delta=0.0044% dir=up agree=False chain=71337.77 bin=71317.37 open=71334.63 obi=0.0205 ask_up=0.50 ask_dn=0.51 bid_up=0.49 bid_dn=0.50 halted=True[0m
[2m2026-04-12 20:58:41.963 [INFO] __main__: STATUS t=78s delta=0.0323% dir=up agree=True chain=71357.64 bin=71346.30 open=71334.63 obi=0.9712 ask_up=0.90 ask_dn=0.11 bid_up=0.89 bid_dn=0.10 halted=True[0m
[2m2026-04-12 20:59:12.088 [INFO] __main__: STATUS t=48s delta=0.0375% dir=up agree=True chain=71361.41 bin=71342.16 open=71334.63 obi=-0.3509 ask_up=0.93 ask_dn=0.08 bid_up=0.92 bid_dn=0.07 halted=True[0m
[2m2026-04-12 20:59:42.212 [INFO] __main__: STATUS t=18s delta=0.0314% dir=up agree=True chain=71357.01 bin=71335.43 open=71334.63 obi=0.1661 ask_up=0.94 ask_dn=0.07 bid_up=0.93 bid_dn=0.06 halted=True[0m
[37m2026-04-12 21:00:00.040 [INFO] execution.paper_trading: paper window_ts=1776027300 [SKIP] pnl=0.0000 direction=up outcome=up - balance=$928.59 bid_up=0.99 ask_up=1.00 bid_dn=0.01 ask_dn=0.01[0m
[93m[1m2026-04-12 21:00:00.041 [INFO] risk.position_tracker: WINDOW_SUMMARY window_pnl=$0.0000 session_pnl=$-90.3888 won=$29.1067 lost=$119.4955 wr=50.0% (5/10) consec_losses=3[0m
[37m2026-04-12 21:00:00.046 [INFO] strategy.window_handler: WINDOW_DECISION [SKIP] rank=1 side=up pnl=$0.0000 entry=0.00 size=$0.00 (idle:fire_stall)[0m
[96m[1m2026-04-12 21:00:00.052 [INFO] strategy.window_tracker: new window: btc-updown-5m-1776027600 (ts=1776027600)[0m
2026-04-12 21:00:00.067 [INFO] strategy.window_tracker: Gamma priceToBeat not yet available for btc-updown-5m-1776027600 — fetching in background
[96m2026-04-12 21:00:00.144 [INFO] strategy.window_handler: REGIME vol_stddev=0.069% chop_flips=0.0 outcome=5U/1D over 6w sprt=active_100pct llr=0.00 age=58w bankroll=$681.38[0m
[96m2026-04-12 21:00:00.145 [WARNING] __main__: window open price captured: 71358.00 (RTDS boundary fallback, oracle_age=1000ms)[0m
[96m2026-04-12 21:00:00.145 [INFO] __main__: window open price captured: 71335.43 (binance)[0m
2026-04-12 21:00:00.802 [INFO] market_data.clob_market_ws: CLOB market subscribed for tokens up=486301602179 down=282450757216
[2m2026-04-12 21:00:12.221 [INFO] __main__: STATUS t=288s delta=0.0002% dir=up agree=False chain=71358.11 bin=71335.43 open=71358.00 obi=0.0653 ask_up=0.42 ask_dn=0.59 bid_up=0.41 bid_dn=0.58 halted=True[0m
[2m2026-04-12 21:00:42.339 [INFO] __main__: STATUS t=258s delta=-0.0105% dir=down agree=True chain=71350.48 bin=71326.66 open=71358.00 obi=0.6004 ask_up=0.50 ask_dn=0.51 bid_up=0.49 bid_dn=0.50 halted=True[0m
[2m2026-04-12 21:01:12.469 [INFO] __main__: STATUS t=228s delta=0.0284% dir=up agree=True chain=71378.26 bin=71366.48 open=71358.00 obi=0.8365 ask_up=0.81 ask_dn=0.20 bid_up=0.80 bid_dn=0.19 halted=True[0m
[2m2026-04-12 21:01:42.594 [INFO] __main__: STATUS t=197s delta=0.0778% dir=up agree=True chain=71413.51 bin=71391.34 open=71358.00 obi=0.7970 ask_up=0.86 ask_dn=0.15 bid_up=0.85 bid_dn=0.14 halted=True[0m
[2m2026-04-12 21:02:12.724 [INFO] __main__: STATUS t=167s delta=0.1144% dir=up agree=True chain=71439.62 bin=71412.68 open=71358.00 obi=0.0723 ask_up=0.86 ask_dn=0.15 bid_up=0.85 bid_dn=0.14 halted=True[0m
[2m2026-04-12 21:02:42.846 [INFO] __main__: STATUS t=137s delta=0.0948% dir=up agree=True chain=71425.62 bin=71403.72 open=71358.00 obi=0.0356 ask_up=0.89 ask_dn=0.12 bid_up=0.88 bid_dn=0.11 halted=True[0m
[2m2026-04-12 21:03:12.972 [INFO] __main__: STATUS t=107s delta=0.0809% dir=up agree=True chain=71415.73 bin=71394.24 open=71358.00 obi=-0.2138 ask_up=0.90 ask_dn=0.11 bid_up=0.89 bid_dn=0.10 halted=True[0m
[2m2026-04-12 21:03:43.099 [INFO] __main__: STATUS t=77s delta=0.1284% dir=up agree=True chain=71449.61 bin=71418.29 open=71358.00 obi=-0.5177 ask_up=0.95 ask_dn=0.06 bid_up=0.94 bid_dn=0.05 halted=True[0m
[2m2026-04-12 21:04:13.238 [INFO] __main__: STATUS t=47s delta=0.1355% dir=up agree=True chain=71454.72 bin=71430.76 open=71358.00 obi=0.6002 ask_up=1.00 ask_dn=0.01 bid_up=0.99 bid_dn=0.01 halted=True[0m
[2m2026-04-12 21:04:43.379 [INFO] __main__: STATUS t=17s delta=0.1016% dir=up agree=True chain=71430.53 bin=71412.56 open=71358.00 obi=-0.6963 ask_up=1.00 ask_dn=0.01 bid_up=0.99 bid_dn=0.01 halted=True[0m
[37m2026-04-12 21:05:00.208 [INFO] execution.paper_trading: paper window_ts=1776027600 [SKIP] pnl=0.0000 direction=up outcome=up - balance=$928.59 bid_up=0.99 ask_up=1.00 bid_dn=0.01 ask_dn=0.01[0m
[93m[1m2026-04-12 21:05:00.208 [INFO] risk.position_tracker: WINDOW_SUMMARY window_pnl=$0.0000 session_pnl=$-90.3888 won=$29.1067 lost=$119.4955 wr=50.0% (5/10) consec_losses=3[0m
[37m2026-04-12 21:05:00.213 [INFO] strategy.window_handler: WINDOW_DECISION [SKIP] rank=1 side=up pnl=$0.0000 entry=0.00 size=$0.00 (idle:fire_stall)[0m
[96m[1m2026-04-12 21:05:00.217 [INFO] strategy.window_tracker: new window: btc-updown-5m-1776027900 (ts=1776027900)[0m
2026-04-12 21:05:00.228 [INFO] strategy.window_tracker: Gamma priceToBeat not yet available for btc-updown-5m-1776027900 — fetching in background
[96m2026-04-12 21:05:00.259 [INFO] strategy.window_handler: REGIME vol_stddev=0.071% chop_flips=0.0 outcome=5U/1D over 6w sprt=active_100pct llr=0.00 age=59w bankroll=$681.38[0m
[96m2026-04-12 21:05:00.260 [WARNING] __main__: window open price captured: 71433.98 (RTDS boundary fallback, oracle_age=2000ms)[0m
[96m2026-04-12 21:05:00.260 [INFO] __main__: window open price captured: 71412.56 (binance)[0m
2026-04-12 21:05:01.010 [INFO] market_data.clob_market_ws: CLOB market subscribed for tokens up=654157968794 down=782817942661
[2m2026-04-12 21:05:13.590 [INFO] __main__: STATUS t=286s delta=0.0002% dir=up agree=False chain=71434.11 bin=71412.55 open=71433.98 obi=0.0515 ask_up=0.46 ask_dn=0.55 bid_up=0.45 bid_dn=0.54 halted=True[0m
[2m2026-04-12 21:05:43.713 [INFO] __main__: STATUS t=256s delta=0.0153% dir=up agree=False chain=71444.93 bin=71421.39 open=71433.98 obi=0.0468 ask_up=0.51 ask_dn=0.50 bid_up=0.50 bid_dn=0.49 halted=True[0m
[2m2026-04-12 21:06:13.866 [INFO] __main__: STATUS t=226s delta=-0.0224% dir=down agree=True chain=71417.95 bin=71387.58 open=71433.98 obi=-0.6517 ask_up=0.28 ask_dn=0.73 bid_up=0.27 bid_dn=0.72 halted=True[0m
[2m2026-04-12 21:06:43.985 [INFO] __main__: STATUS t=196s delta=-0.0235% dir=down agree=True chain=71417.21 bin=71394.15 open=71433.98 obi=-0.6902 ask_up=0.32 ask_dn=0.69 bid_up=0.31 bid_dn=0.68 halted=True[0m
[2m2026-04-12 21:07:14.117 [INFO] __main__: STATUS t=166s delta=-0.0360% dir=down agree=True chain=71408.25 bin=71382.88 open=71433.98 obi=0.1256 ask_up=0.21 ask_dn=0.80 bid_up=0.20 bid_dn=0.79 halted=True[0m
[2m2026-04-12 21:07:44.233 [INFO] __main__: STATUS t=136s delta=-0.0675% dir=down agree=True chain=71385.76 bin=71356.46 open=71433.98 obi=-0.9367 ask_up=0.23 ask_dn=0.78 bid_up=0.22 bid_dn=0.77 halted=True[0m
[2m2026-04-12 21:08:14.355 [INFO] __main__: STATUS t=106s delta=-0.1231% dir=down agree=True chain=71346.07 bin=71325.40 open=71433.98 obi=0.8425 ask_up=0.16 ask_dn=0.85 bid_up=0.15 bid_dn=0.84 halted=True[0m
[2m2026-04-12 21:08:44.479 [INFO] __main__: STATUS t=76s delta=-0.1102% dir=down agree=True chain=71355.29 bin=71329.35 open=71433.98 obi=-0.6057 ask_up=0.11 ask_dn=0.90 bid_up=0.10 bid_dn=0.89 halted=True[0m
[2m2026-04-12 21:09:14.619 [INFO] __main__: STATUS t=45s delta=-0.1241% dir=down agree=True chain=71345.36 bin=71320.99 open=71433.98 obi=0.7352 ask_up=0.06 ask_dn=0.95 bid_up=0.05 bid_dn=0.94 halted=True[0m
[2m2026-04-12 21:09:44.738 [INFO] __main__: STATUS t=15s delta=-0.1288% dir=down agree=True chain=71342.00 bin=71317.52 open=71433.98 obi=-0.9994 ask_up=0.01 ask_dn=1.00 bid_up=0.01 bid_dn=0.99 halted=True[0m
[37m2026-04-12 21:10:00.057 [INFO] execution.paper_trading: paper window_ts=1776027900 [SKIP] pnl=0.0000 direction=down outcome=down - balance=$928.59 bid_up=0.01 ask_up=0.01 bid_dn=0.99 ask_dn=1.00[0m
[93m[1m2026-04-12 21:10:00.058 [INFO] risk.position_tracker: WINDOW_SUMMARY window_pnl=$0.0000 session_pnl=$-90.3888 won=$29.1067 lost=$119.4955 wr=50.0% (5/10) consec_losses=3[0m
[37m2026-04-12 21:10:00.063 [INFO] strategy.window_handler: WINDOW_DECISION [SKIP] rank=1 side=up pnl=$0.0000 entry=0.00 size=$0.00 (idle:fire_stall)[0m
[96m[1m2026-04-12 21:10:00.067 [INFO] strategy.window_tracker: new window: btc-updown-5m-1776028200 (ts=1776028200)[0m
2026-04-12 21:10:00.081 [INFO] strategy.window_tracker: Gamma priceToBeat not yet available for btc-updown-5m-1776028200 — fetching in background
[96m2026-04-12 21:10:00.165 [INFO] strategy.window_handler: REGIME vol_stddev=0.078% chop_flips=0.0 outcome=4U/2D over 6w sprt=active_100pct llr=0.00 age=60w bankroll=$681.38[0m
[96m2026-04-12 21:10:00.166 [WARNING] __main__: window open price captured: 71335.26 (RTDS boundary fallback, oracle_age=2000ms)[0m
[96m2026-04-12 21:10:00.166 [INFO] __main__: window open price captured: 71314.83 (binance)[0m
2026-04-12 21:10:00.207 [INFO] market_data.clob_market_ws: CLOB market subscribed for tokens up=248999398186 down=406121131950
[2m2026-04-12 21:10:14.746 [INFO] __main__: STATUS t=285s delta=-0.0029% dir=down agree=True chain=71333.22 bin=71311.58 open=71335.26 obi=-0.9570 ask_up=0.50 ask_dn=0.51 bid_up=0.49 bid_dn=0.50 halted=True[0m
[2m2026-04-12 21:10:44.864 [INFO] __main__: STATUS t=255s delta=-0.0039% dir=down agree=True chain=71332.51 bin=71311.58 open=71335.26 obi=-0.7190 ask_up=0.56 ask_dn=0.45 bid_up=0.55 bid_dn=0.44 halted=True[0m
[2m2026-04-12 21:11:14.994 [INFO] __main__: STATUS t=225s delta=-0.0133% dir=down agree=True chain=71325.77 bin=71304.88 open=71335.26 obi=-0.6681 ask_up=0.52 ask_dn=0.49 bid_up=0.51 bid_dn=0.48 halted=True[0m
[2m2026-04-12 21:11:45.113 [INFO] __main__: STATUS t=195s delta=-0.1024% dir=down agree=True chain=71262.18 bin=71231.75 open=71335.26 obi=-0.2523 ask_up=0.19 ask_dn=0.83 bid_up=0.17 bid_dn=0.81 halted=True[0m
[2m2026-04-12 21:12:15.239 [INFO] __main__: STATUS t=165s delta=-0.1077% dir=down agree=True chain=71258.43 bin=71231.76 open=71335.26 obi=-0.0149 ask_up=0.18 ask_dn=0.83 bid_up=0.17 bid_dn=0.82 halted=True[0m
[2m2026-04-12 21:12:45.359 [INFO] __main__: STATUS t=135s delta=-0.0941% dir=down agree=True chain=71268.11 bin=71242.00 open=71335.26 obi=0.2176 ask_up=0.18 ask_dn=0.83 bid_up=0.17 bid_dn=0.82 halted=True[0m
[2m2026-04-12 21:13:15.487 [INFO] __main__: STATUS t=105s delta=-0.1311% dir=down agree=True chain=71241.75 bin=71218.80 open=71335.26 obi=-0.7398 ask_up=0.99 ask_dn=0.99 bid_up=0.01 bid_dn=0.01 halted=True[0m
[2m2026-04-12 21:13:45.619 [INFO] __main__: STATUS t=74s delta=-0.1732% dir=down agree=True chain=71211.71 bin=71192.09 open=71335.26 obi=0.0583 ask_up=0.01 ask_dn=1.00 bid_up=0.01 bid_dn=0.99 halted=True[0m
[2m2026-04-12 21:14:15.763 [INFO] __main__: STATUS t=44s delta=-0.2007% dir=down agree=True chain=71192.07 bin=71172.74 open=71335.26 obi=-0.0739 ask_up=0.01 ask_dn=1.00 bid_up=0.01 bid_dn=0.99 halted=True[0m
[2m2026-04-12 21:14:45.907 [INFO] __main__: STATUS t=14s delta=-0.1739% dir=down agree=True chain=71211.23 bin=71207.67 open=71335.26 obi=0.5428 ask_up=0.01 ask_dn=1.00 bid_up=0.01 bid_dn=0.99 halted=True[0m
[37m2026-04-12 21:15:00.219 [INFO] execution.paper_trading: paper window_ts=1776028200 [SKIP] pnl=0.0000 direction=down outcome=down - balance=$928.59 bid_up=0.01 ask_up=0.01 bid_dn=0.99 ask_dn=1.00[0m
[93m[1m2026-04-12 21:15:00.220 [INFO] risk.position_tracker: WINDOW_SUMMARY window_pnl=$0.0000 session_pnl=$-90.3888 won=$29.1067 lost=$119.4955 wr=50.0% (5/10) consec_losses=3[0m
[37m2026-04-12 21:15:00.225 [INFO] strategy.window_handler: WINDOW_DECISION [SKIP] rank=1 side=up pnl=$0.0000 entry=0.00 size=$0.00 (idle:fire_stall)[0m
[96m[1m2026-04-12 21:15:00.230 [INFO] strategy.window_tracker: new window: btc-updown-5m-1776028500 (ts=1776028500)[0m
2026-04-12 21:15:00.244 [INFO] strategy.window_tracker: Gamma priceToBeat not yet available for btc-updown-5m-1776028500 — fetching in background
[96m2026-04-12 21:15:00.284 [INFO] strategy.window_handler: REGIME vol_stddev=0.083% chop_flips=0.0 outcome=3U/3D over 6w sprt=active_100pct llr=0.00 age=61w bankroll=$681.38[0m
[96m2026-04-12 21:15:00.284 [WARNING] __main__: window open price captured: 71237.21 (RTDS boundary fallback, oracle_age=1000ms)[0m
[96m2026-04-12 21:15:00.284 [INFO] __main__: window open price captured: 71220.52 (binance)[0m
2026-04-12 21:15:00.420 [INFO] market_data.clob_market_ws: CLOB market subscribed for tokens up=442669559553 down=893207663666
[2m2026-04-12 21:15:15.958 [INFO] __main__: STATUS t=284s delta=0.0154% dir=up agree=False chain=71248.20 bin=71225.60 open=71237.21 obi=0.3343 ask_up=0.62 ask_dn=0.39 bid_up=0.61 bid_dn=0.38 halted=True[0m
[2m2026-04-12 21:15:46.077 [INFO] __main__: STATUS t=254s delta=0.0387% dir=up agree=True chain=71264.76 bin=71243.99 open=71237.21 obi=0.3766 ask_up=0.74 ask_dn=0.27 bid_up=0.73 bid_dn=0.26 halted=True[0m
[2m2026-04-12 21:16:16.207 [INFO] __main__: STATUS t=224s delta=0.0824% dir=up agree=True chain=71295.90 bin=71270.94 open=71237.21 obi=-0.9996 ask_up=0.85 ask_dn=0.16 bid_up=0.84 bid_dn=0.15 halted=True[0m
[2m2026-04-12 21:16:46.330 [INFO] __main__: STATUS t=194s delta=0.0738% dir=up agree=True chain=71289.81 bin=71266.23 open=71237.21 obi=0.8629 ask_up=0.87 ask_dn=0.14 bid_up=0.86 bid_dn=0.13 halted=True[0m
[2m2026-04-12 21:17:16.463 [INFO] __main__: STATUS t=164s delta=0.0869% dir=up agree=True chain=71299.11 bin=71278.76 open=71237.21 obi=-0.4695 ask_up=0.89 ask_dn=0.12 bid_up=0.88 bid_dn=0.11 halted=True[0m
[2m2026-04-12 21:17:46.584 [INFO] __main__: STATUS t=133s delta=0.1111% dir=up agree=True chain=71316.38 bin=71295.32 open=71237.21 obi=0.8606 ask_up=0.97 ask_dn=0.04 bid_up=0.96 bid_dn=0.03 halted=True[0m
[2m2026-04-12 21:18:16.737 [INFO] __main__: STATUS t=103s delta=0.1160% dir=up agree=True chain=71319.86 bin=71302.46 open=71237.21 obi=-0.5403 ask_up=0.98 ask_dn=0.03 bid_up=0.97 bid_dn=0.02 halted=True[0m
[2m2026-04-12 21:18:46.865 [INFO] __main__: STATUS t=73s delta=0.1408% dir=up agree=True chain=71337.55 bin=71314.76 open=71237.21 obi=-0.5821 ask_up=1.00 ask_dn=0.01 bid_up=0.99 bid_dn=0.01 halted=True[0m
[2m2026-04-12 21:19:17.002 [INFO] __main__: STATUS t=43s delta=0.1147% dir=up agree=True chain=71318.90 bin=71295.33 open=71237.21 obi=-0.2634 ask_up=1.00 ask_dn=0.01 bid_up=0.99 bid_dn=0.01 halted=True[0m
[2m2026-04-12 21:19:47.139 [INFO] __main__: STATUS t=13s delta=0.1288% dir=up agree=True chain=71329.00 bin=71303.73 open=71237.21 obi=0.5849 ask_up=1.00 ask_dn=0.01 bid_up=0.99 bid_dn=0.01 halted=True[0m
[37m2026-04-12 21:20:00.200 [INFO] execution.paper_trading: paper window_ts=1776028500 [SKIP] pnl=0.0000 direction=up outcome=up - balance=$928.59 bid_up=0.99 ask_up=1.00 bid_dn=0.01 ask_dn=0.01[0m
[93m[1m2026-04-12 21:20:00.200 [INFO] risk.position_tracker: WINDOW_SUMMARY window_pnl=$0.0000 session_pnl=$-90.3888 won=$29.1067 lost=$119.4955 wr=50.0% (5/10) consec_losses=3[0m
[37m2026-04-12 21:20:00.206 [INFO] strategy.window_handler: WINDOW_DECISION [SKIP] rank=1 side=up pnl=$0.0000 entry=0.00 size=$0.00 (idle:fire_stall)[0m
[96m[1m2026-04-12 21:20:00.209 [INFO] strategy.window_tracker: new window: btc-updown-5m-1776028800 (ts=1776028800)[0m
2026-04-12 21:20:00.224 [INFO] strategy.window_tracker: Gamma priceToBeat not yet available for btc-updown-5m-1776028800 — fetching in background
[96m2026-04-12 21:20:00.262 [INFO] strategy.window_handler: REGIME vol_stddev=0.087% chop_flips=0.0 outcome=4U/2D over 6w sprt=active_100pct llr=0.00 age=62w bankroll=$681.38[0m
[96m2026-04-12 21:20:00.262 [WARNING] __main__: window open price captured: 71329.07 (RTDS boundary fallback, oracle_age=2000ms)[0m
[96m2026-04-12 21:20:00.262 [INFO] __main__: window open price captured: 71303.73 (binance)[0m
2026-04-12 21:20:00.636 [INFO] market_data.clob_market_ws: CLOB market subscribed for tokens up=212291707400 down=216354114542
[2m2026-04-12 21:20:17.358 [INFO] __main__: STATUS t=283s delta=-0.0025% dir=down agree=True chain=71327.31 bin=71303.74 open=71329.07 obi=-0.7049 ask_up=0.43 ask_dn=0.58 bid_up=0.42 bid_dn=0.57 halted=True[0m
[2m2026-04-12 21:20:47.476 [INFO] __main__: STATUS t=253s delta=-0.0102% dir=down agree=True chain=71321.82 bin=71303.73 open=71329.07 obi=-0.7839 ask_up=0.42 ask_dn=0.59 bid_up=0.41 bid_dn=0.58 halted=True[0m
[2m2026-04-12 21:21:17.601 [INFO] __main__: STATUS t=222s delta=-0.0183% dir=down agree=True chain=71316.03 bin=71296.19 open=71329.07 obi=-0.6417 ask_up=0.33 ask_dn=0.68 bid_up=0.32 bid_dn=0.67 halted=True[0m
[2m2026-04-12 21:21:47.719 [INFO] __main__: STATUS t=192s delta=-0.0099% dir=down agree=True chain=71322.04 bin=71296.18 open=71329.07 obi=0.5971 ask_up=0.52 ask_dn=0.49 bid_up=0.51 bid_dn=0.48 halted=True[0m
[2m2026-04-12 21:22:17.834 [INFO] __main__: STATUS t=162s delta=0.0047% dir=up agree=False chain=71332.42 bin=71310.82 open=71329.07 obi=-0.0544 ask_up=0.63 ask_dn=0.38 bid_up=0.62 bid_dn=0.37 halted=True[0m
[2m2026-04-12 21:22:47.956 [INFO] __main__: STATUS t=132s delta=0.0014% dir=up agree=False chain=71330.09 bin=71310.81 open=71329.07 obi=-0.4598 ask_up=0.59 ask_dn=0.42 bid_up=0.58 bid_dn=0.41 halted=True[0m
[2m2026-04-12 21:23:18.103 [INFO] __main__: STATUS t=102s delta=-0.0193% dir=down agree=True chain=71315.32 bin=71296.20 open=71329.07 obi=-0.8084 ask_up=0.37 ask_dn=0.64 bid_up=0.36 bid_dn=0.63 halted=True[0m
[2m2026-04-12 21:23:48.214 [INFO] __main__: STATUS t=72s delta=-0.0198% dir=down agree=True chain=71314.92 bin=71296.20 open=71329.07 obi=-0.8456 ask_up=0.44 ask_dn=0.57 bid_up=0.43 bid_dn=0.56 halted=True[0m
[2m2026-04-12 21:24:18.339 [INFO] __main__: STATUS t=42s delta=-0.0220% dir=down agree=True chain=71313.37 bin=71296.21 open=71329.07 obi=-0.8388 ask_up=0.55 ask_dn=0.46 bid_up=0.54 bid_dn=0.45 halted=True[0m
[2m2026-04-12 21:24:48.468 [INFO] __main__: STATUS t=12s delta=0.0081% dir=up agree=False chain=71334.84 bin=71302.93 open=71329.07 obi=-0.5396 ask_up=0.59 ask_dn=0.43 bid_up=0.57 bid_dn=0.41 halted=True[0m
[37m2026-04-12 21:25:00.018 [INFO] execution.paper_trading: paper window_ts=1776028800 [SKIP] pnl=0.0000 direction=up outcome=up - balance=$928.59 bid_up=0.98 ask_up=0.99 bid_dn=0.01 ask_dn=0.02[0m
[93m[1m2026-04-12 21:25:00.018 [INFO] risk.position_tracker: WINDOW_SUMMARY window_pnl=$0.0000 session_pnl=$-90.3888 won=$29.1067 lost=$119.4955 wr=50.0% (5/10) consec_losses=3[0m
[37m2026-04-12 21:25:00.029 [INFO] strategy.window_handler: WINDOW_DECISION [SKIP] rank=1 side=up pnl=$0.0000 entry=0.00 size=$0.00 (idle:fire_stall)[0m
[96m[1m2026-04-12 21:25:00.035 [INFO] strategy.window_tracker: new window: btc-updown-5m-1776029100 (ts=1776029100)[0m
2026-04-12 21:25:00.047 [INFO] strategy.window_tracker: Gamma priceToBeat not yet available for btc-updown-5m-1776029100 — fetching in background
[96m2026-04-12 21:25:00.105 [INFO] strategy.window_handler: REGIME vol_stddev=0.087% chop_flips=0.0 outcome=4U/2D over 6w sprt=active_100pct llr=0.00 age=63w bankroll=$681.38[0m
[96m2026-04-12 21:25:00.105 [WARNING] __main__: window open price captured: 71336.94 (RTDS boundary fallback, oracle_age=2000ms)[0m
[96m2026-04-12 21:25:00.105 [INFO] __main__: window open price captured: 71316.38 (binance)[0m
2026-04-12 21:25:00.829 [INFO] market_data.clob_market_ws: CLOB market subscribed for tokens up=491860812686 down=683801496809
[2m2026-04-12 21:25:18.521 [INFO] __main__: STATUS t=281s delta=-0.0095% dir=down agree=True chain=71330.16 bin=71307.37 open=71336.94 obi=-0.1783 ask_up=0.37 ask_dn=0.64 bid_up=0.36 bid_dn=0.63 halted=True[0m
[2m2026-04-12 21:25:48.640 [INFO] __main__: STATUS t=251s delta=-0.0182% dir=down agree=True chain=71323.95 bin=71307.38 open=71336.94 obi=-0.6261 ask_up=0.40 ask_dn=0.68 bid_up=0.32 bid_dn=0.60 halted=True[0m
[2m2026-04-12 21:26:18.773 [INFO] __main__: STATUS t=221s delta=0.0070% dir=up agree=False chain=71341.91 bin=71316.39 open=71336.94 obi=0.9816 ask_up=0.54 ask_dn=0.47 bid_up=0.53 bid_dn=0.46 halted=True[0m
[2m2026-04-12 21:26:48.893 [INFO] __main__: STATUS t=191s delta=0.0088% dir=up agree=False chain=71343.25 bin=71318.67 open=71336.94 obi=-0.3584 ask_up=0.46 ask_dn=0.55 bid_up=0.45 bid_dn=0.54 halted=True[0m
[2m2026-04-12 21:27:19.020 [INFO] __main__: STATUS t=161s delta=-0.0097% dir=down agree=True chain=71330.03 bin=71310.12 open=71336.94 obi=-0.1780 ask_up=0.38 ask_dn=0.63 bid_up=0.37 bid_dn=0.62 halted=True[0m
[2m2026-04-12 21:27:49.140 [INFO] __main__: STATUS t=131s delta=-0.0297% dir=down agree=True chain=71315.75 bin=71296.20 open=71336.94 obi=-0.8665 ask_up=0.23 ask_dn=0.78 bid_up=0.22 bid_dn=0.77 halted=True[0m
[2m2026-04-12 21:28:19.260 [INFO] __main__: STATUS t=101s delta=-0.0205% dir=down agree=True chain=71322.32 bin=71296.20 open=71336.94 obi=0.0496 ask_up=0.29 ask_dn=0.72 bid_up=0.28 bid_dn=0.71 halted=True[0m
[2m2026-04-12 21:28:49.380 [INFO] __main__: STATUS t=71s delta=-0.0220% dir=down agree=True chain=71321.24 bin=71295.77 open=71336.94 obi=0.9333 ask_up=0.26 ask_dn=0.75 bid_up=0.25 bid_dn=0.74 halted=True[0m
[2m2026-04-12 21:29:19.508 [INFO] __main__: STATUS t=40s delta=-0.0179% dir=down agree=True chain=71324.17 bin=71304.28 open=71336.94 obi=0.6226 ask_up=0.44 ask_dn=0.57 bid_up=0.43 bid_dn=0.56 halted=True[0m
[2m2026-04-12 21:29:49.625 [INFO] __main__: STATUS t=10s delta=-0.0110% dir=down agree=True chain=71329.10 bin=71304.27 open=71336.94 obi=0.7290 ask_up=0.22 ask_dn=0.79 bid_up=0.21 bid_dn=0.78 halted=True[0m
[37m2026-04-12 21:30:00.169 [INFO] execution.paper_trading: paper window_ts=1776029100 [SKIP] pnl=0.0000 direction=down outcome=down - balance=$928.59 bid_up=0.02 ask_up=0.03 bid_dn=0.97 ask_dn=0.98[0m
[93m[1m2026-04-12 21:30:00.169 [INFO] risk.position_tracker: WINDOW_SUMMARY window_pnl=$0.0000 session_pnl=$-90.3888 won=$29.1067 lost=$119.4955 wr=50.0% (5/10) consec_losses=3[0m
[37m2026-04-12 21:30:00.177 [INFO] strategy.window_handler: WINDOW_DECISION [SKIP] rank=1 side=up pnl=$0.0000 entry=0.00 size=$0.00 (idle:fire_stall)[0m
[96m[1m2026-04-12 21:30:00.180 [INFO] strategy.window_tracker: new window: btc-updown-5m-1776029400 (ts=1776029400)[0m
2026-04-12 21:30:00.193 [INFO] strategy.window_tracker: Gamma priceToBeat not yet available for btc-updown-5m-1776029400 — fetching in background
[96m2026-04-12 21:30:00.270 [INFO] strategy.window_handler: REGIME vol_stddev=0.087% chop_flips=0.0 outcome=3U/3D over 6w sprt=active_100pct llr=0.00 age=64w bankroll=$681.38[0m
[96m2026-04-12 21:30:00.271 [WARNING] __main__: window open price captured: 71329.19 (RTDS boundary fallback, oracle_age=2000ms)[0m
[96m2026-04-12 21:30:00.271 [INFO] __main__: window open price captured: 71304.27 (binance)[0m
2026-04-12 21:30:01.053 [INFO] market_data.clob_market_ws: CLOB market subscribed for tokens up=239852778414 down=969183791852
[2m2026-04-12 21:30:19.662 [INFO] __main__: STATUS t=280s delta=0.0027% dir=up agree=False chain=71331.13 bin=71307.99 open=71329.19 obi=0.3481 ask_up=0.61 ask_dn=0.40 bid_up=0.60 bid_dn=0.39 halted=True[0m
[2m2026-04-12 21:30:49.778 [INFO] __main__: STATUS t=250s delta=0.0020% dir=up agree=False chain=71330.62 bin=71307.99 open=71329.19 obi=0.0740 ask_up=0.56 ask_dn=0.45 bid_up=0.55 bid_dn=0.44 halted=True[0m
[2m2026-04-12 21:31:19.896 [INFO] __main__: STATUS t=220s delta=-0.0175% dir=down agree=True chain=71316.72 bin=71293.61 open=71329.19 obi=0.4153 ask_up=0.45 ask_dn=0.56 bid_up=0.44 bid_dn=0.55 halted=True[0m
[2m2026-04-12 21:31:50.012 [INFO] __main__: STATUS t=190s delta=-0.0176% dir=down agree=True chain=71316.67 bin=71293.61 open=71329.19 obi=0.0078 ask_up=0.54 ask_dn=0.47 bid_up=0.53 bid_dn=0.46 halted=True[0m
[2m2026-04-12 21:32:20.136 [INFO] __main__: STATUS t=160s delta=-0.0166% dir=down agree=True chain=71317.38 bin=71293.60 open=71329.19 obi=0.0116 ask_up=0.61 ask_dn=0.40 bid_up=0.60 bid_dn=0.39 halted=True[0m
[2m2026-04-12 21:32:50.246 [INFO] __main__: STATUS t=130s delta=-0.0381% dir=down agree=True chain=71302.01 bin=71267.01 open=71329.19 obi=-0.6546 ask_up=0.36 ask_dn=0.65 bid_up=0.35 bid_dn=0.64 halted=True[0m
[2m2026-04-12 21:33:20.365 [INFO] __main__: STATUS t=100s delta=-0.0659% dir=down agree=True chain=71282.18 bin=71256.78 open=71329.19 obi=-0.0009 ask_up=0.34 ask_dn=0.67 bid_up=0.33 bid_dn=0.66 halted=True[0m
[2m2026-04-12 21:33:50.493 [INFO] __main__: STATUS t=70s delta=-0.1015% dir=down agree=True chain=71256.80 bin=71229.22 open=71329.19 obi=0.7172 ask_up=0.12 ask_dn=0.89 bid_up=0.11 bid_dn=0.88 halted=True[0m
[2m2026-04-12 21:34:20.623 [INFO] __main__: STATUS t=39s delta=-0.0736% dir=down agree=True chain=71276.73 bin=71251.37 open=71329.19 obi=0.8752 ask_up=0.20 ask_dn=0.81 bid_up=0.19 bid_dn=0.80 halted=True[0m
[2m2026-04-12 21:34:50.746 [INFO] __main__: STATUS t=9s delta=-0.0875% dir=down agree=True chain=71266.76 bin=71241.70 open=71329.19 obi=-0.0132 ask_up=0.01 ask_dn=1.00 bid_up=0.01 bid_dn=0.99 halted=True[0m
[37m2026-04-12 21:35:00.040 [INFO] execution.paper_trading: paper window_ts=1776029400 [SKIP] pnl=0.0000 direction=down outcome=down - balance=$928.59 bid_up=0.01 ask_up=0.01 bid_dn=0.99 ask_dn=1.00[0m
[93m[1m2026-04-12 21:35:00.040 [INFO] risk.position_tracker: WINDOW_SUMMARY window_pnl=$0.0000 session_pnl=$-90.3888 won=$29.1067 lost=$119.4955 wr=50.0% (5/10) consec_losses=3[0m
[37m2026-04-12 21:35:00.047 [INFO] strategy.window_handler: WINDOW_DECISION [SKIP] rank=1 side=up pnl=$0.0000 entry=0.00 size=$0.00 (idle:fire_stall)[0m
[96m[1m2026-04-12 21:35:00.051 [INFO] strategy.window_tracker: new window: btc-updown-5m-1776029700 (ts=1776029700)[0m
2026-04-12 21:35:00.065 [INFO] strategy.window_tracker: Gamma priceToBeat not yet available for btc-updown-5m-1776029700 — fetching in background
[96m2026-04-12 21:35:00.101 [INFO] strategy.window_handler: REGIME vol_stddev=0.089% chop_flips=0.0 outcome=2U/4D over 6w sprt=active_100pct llr=0.00 age=65w bankroll=$681.38[0m
[96m2026-04-12 21:35:00.101 [INFO] strategy.window_handler: KELLY wr_adj=92.4% base=100.0% total_disc=4.6% vol=0.0% chop=0.0% outcome=38.1% feedback=+0.0%[0m
[96m2026-04-12 21:35:00.102 [WARNING] __main__: window open price captured: 71266.40 (RTDS boundary fallback, oracle_age=1000ms)[0m
[96m2026-04-12 21:35:00.102 [INFO] __main__: window open price captured: 71240.35 (binance)[0m
2026-04-12 21:35:00.243 [INFO] market_data.clob_market_ws: CLOB market subscribed for tokens up=108217059244 down=644099547897
[2m2026-04-12 21:35:20.952 [INFO] __main__: STATUS t=279s delta=-0.0024% dir=down agree=True chain=71264.68 bin=71237.09 open=71266.40 obi=-0.7644 ask_up=0.53 ask_dn=0.48 bid_up=0.52 bid_dn=0.47 halted=True[0m
[2m2026-04-12 21:35:51.069 [INFO] __main__: STATUS t=249s delta=-0.0099% dir=down agree=True chain=71259.34 bin=71245.86 open=71266.40 obi=0.6198 ask_up=0.69 ask_dn=0.32 bid_up=0.68 bid_dn=0.31 halted=True[0m
[2m2026-04-12 21:36:21.231 [INFO] __main__: STATUS t=219s delta=0.0206% dir=up agree=False chain=71281.09 bin=71256.69 open=71266.40 obi=0.4039 ask_up=0.71 ask_dn=0.30 bid_up=0.70 bid_dn=0.29 halted=True[0m
[2m2026-04-12 21:36:51.352 [INFO] __main__: STATUS t=189s delta=0.0188% dir=up agree=False chain=71279.82 bin=71256.68 open=71266.40 obi=-0.4137 ask_up=0.69 ask_dn=0.32 bid_up=0.68 bid_dn=0.31 halted=True[0m
[2m2026-04-12 21:37:21.482 [INFO] __main__: STATUS t=159s delta=0.0300% dir=up agree=False chain=71287.77 bin=71263.99 open=71266.40 obi=0.8848 ask_up=0.86 ask_dn=0.15 bid_up=0.85 bid_dn=0.14 halted=True[0m
[2m2026-04-12 21:37:51.606 [INFO] __main__: STATUS t=128s delta=0.0527% dir=up agree=True chain=71303.94 bin=71278.89 open=71266.40 obi=0.3692 ask_up=0.95 ask_dn=0.06 bid_up=0.94 bid_dn=0.05 halted=True[0m
[2m2026-04-12 21:38:21.739 [INFO] __main__: STATUS t=98s delta=0.0640% dir=up agree=True chain=71312.04 bin=71293.99 open=71266.40 obi=0.2965 ask_up=0.97 ask_dn=0.04 bid_up=0.96 bid_dn=0.03 halted=True[0m
[2m2026-04-12 21:38:51.863 [INFO] __main__: STATUS t=68s delta=0.0842% dir=up agree=True chain=71326.41 bin=71302.40 open=71266.40 obi=-0.7640 ask_up=0.99 ask_dn=0.02 bid_up=0.98 bid_dn=0.01 halted=True[0m
[2m2026-04-12 21:39:22.000 [INFO] __main__: STATUS t=38s delta=0.0907% dir=up agree=True chain=71331.06 bin=71304.22 open=71266.40 obi=0.3896 ask_up=0.99 ask_dn=0.02 bid_up=0.98 bid_dn=0.01 halted=True[0m
[2m2026-04-12 21:39:52.134 [INFO] __main__: STATUS t=8s delta=0.1245% dir=up agree=True chain=71355.11 bin=71327.54 open=71266.40 obi=0.6018 ask_up=1.00 ask_dn=0.01 bid_up=0.99 bid_dn=0.00 halted=True[0m
[37m2026-04-12 21:40:00.170 [INFO] execution.paper_trading: paper window_ts=1776029700 [SKIP] pnl=0.0000 direction=up outcome=up - balance=$928.59 bid_up=1.00 ask_up=1.00 bid_dn=0.00 ask_dn=0.00[0m
[93m[1m2026-04-12 21:40:00.170 [INFO] risk.position_tracker: WINDOW_SUMMARY window_pnl=$0.0000 session_pnl=$-90.3888 won=$29.1067 lost=$119.4955 wr=50.0% (5/10) consec_losses=3[0m
[37m2026-04-12 21:40:00.176 [INFO] strategy.window_handler: WINDOW_DECISION [SKIP] rank=1 side=up pnl=$0.0000 entry=0.00 size=$0.00 (idle:fire_stall)[0m
[96m[1m2026-04-12 21:40:00.179 [INFO] strategy.window_tracker: new window: btc-updown-5m-1776030000 (ts=1776030000)[0m
2026-04-12 21:40:00.187 [INFO] strategy.window_tracker: Gamma priceToBeat not yet available for btc-updown-5m-1776030000 — fetching in background
[96m2026-04-12 21:40:00.226 [INFO] strategy.window_handler: REGIME vol_stddev=0.090% chop_flips=0.0 outcome=3U/3D over 6w sprt=active_100pct llr=0.00 age=66w bankroll=$681.38[0m
[96m2026-04-12 21:40:00.227 [WARNING] __main__: window open price captured: 71350.93 (RTDS boundary fallback, oracle_age=2000ms)[0m
[96m2026-04-12 21:40:00.227 [INFO] __main__: window open price captured: 71327.58 (binance)[0m
2026-04-12 21:40:00.466 [INFO] market_data.clob_market_ws: CLOB market subscribed for tokens up=529478737021 down=108300251034
[2m2026-04-12 21:40:22.349 [INFO] __main__: STATUS t=278s delta=0.0421% dir=up agree=True chain=71380.98 bin=71355.56 open=71350.93 obi=0.8679 ask_up=0.74 ask_dn=0.27 bid_up=0.73 bid_dn=0.26 halted=True[0m
[2m2026-04-12 21:40:52.470 [INFO] __main__: STATUS t=248s delta=0.0357% dir=up agree=True chain=71376.39 bin=71355.56 open=71350.93 obi=0.6373 ask_up=0.66 ask_dn=0.35 bid_up=0.65 bid_dn=0.34 halted=True[0m
[2m2026-04-12 21:41:22.599 [INFO] __main__: STATUS t=217s delta=-0.0053% dir=down agree=True chain=71347.13 bin=71322.43 open=71350.93 obi=-0.9310 ask_up=0.39 ask_dn=0.62 bid_up=0.38 bid_dn=0.61 halted=True[0m
[2m2026-04-12 21:41:52.726 [INFO] __main__: STATUS t=187s delta=-0.0079% dir=down agree=True chain=71345.33 bin=71322.43 open=71350.93 obi=-0.5553 ask_up=0.44 ask_dn=0.57 bid_up=0.43 bid_dn=0.56 halted=True[0m
[2m2026-04-12 21:42:22.732 [INFO] __main__: STATUS t=157s delta=-0.0010% dir=down agree=True chain=71350.20 bin=71329.44 open=71350.93 obi=-0.1221 ask_up=0.53 ask_dn=0.48 bid_up=0.52 bid_dn=0.47 halted=True[0m
[2m2026-04-12 21:42:52.854 [INFO] __main__: STATUS t=127s delta=-0.0000% dir=down agree=True chain=71350.90 bin=71330.78 open=71350.93 obi=0.8364 ask_up=0.58 ask_dn=0.43 bid_up=0.57 bid_dn=0.42 halted=True[0m
[2m2026-04-12 21:43:22.984 [INFO] __main__: STATUS t=97s delta=0.0005% dir=up agree=False chain=71351.30 bin=71330.78 open=71350.93 obi=0.3402 ask_up=0.65 ask_dn=0.36 bid_up=0.64 bid_dn=0.35 halted=True[0m
[2m2026-04-12 21:43:53.113 [INFO] __main__: STATUS t=67s delta=0.0033% dir=up agree=False chain=71353.26 bin=71329.45 open=71350.93 obi=-0.3073 ask_up=0.56 ask_dn=0.45 bid_up=0.55 bid_dn=0.44 halted=True[0m
[2m2026-04-12 21:44:23.267 [INFO] __main__: STATUS t=37s delta=-0.0592% dir=down agree=True chain=71308.69 bin=71289.18 open=71350.93 obi=-0.7439 ask_up=0.05 ask_dn=0.96 bid_up=0.04 bid_dn=0.95 halted=True[0m
[2m2026-04-12 21:44:53.392 [INFO] __main__: STATUS t=7s delta=-0.0493% dir=down agree=True chain=71315.76 bin=71292.03 open=71350.93 obi=0.9761 ask_up=0.01 ask_dn=1.00 bid_up=0.01 bid_dn=0.99 halted=True[0m
[37m2026-04-12 21:45:00.172 [INFO] execution.paper_trading: paper window_ts=1776030000 [SKIP] pnl=0.0000 direction=down outcome=down - balance=$928.59 bid_up=0.01 ask_up=0.01 bid_dn=0.99 ask_dn=1.00[0m
[93m[1m2026-04-12 21:45:00.172 [INFO] risk.position_tracker: WINDOW_SUMMARY window_pnl=$0.0000 session_pnl=$-90.3888 won=$29.1067 lost=$119.4955 wr=50.0% (5/10) consec_losses=3[0m
[37m2026-04-12 21:45:00.179 [INFO] strategy.window_handler: WINDOW_DECISION [SKIP] rank=1 side=up pnl=$0.0000 entry=0.00 size=$0.00 (idle:fire_stall)[0m
[96m[1m2026-04-12 21:45:00.183 [INFO] strategy.window_tracker: new window: btc-updown-5m-1776030300 (ts=1776030300)[0m
2026-04-12 21:45:00.191 [INFO] strategy.window_tracker: Gamma priceToBeat not yet available for btc-updown-5m-1776030300 — fetching in background
[96m2026-04-12 21:45:00.228 [INFO] strategy.window_handler: REGIME vol_stddev=0.091% chop_flips=0.0 outcome=3U/3D over 6w sprt=active_100pct llr=0.00 age=67w bankroll=$681.38[0m
[96m2026-04-12 21:45:00.228 [WARNING] __main__: window open price captured: 71328.90 (RTDS boundary fallback, oracle_age=1000ms)[0m
[96m2026-04-12 21:45:00.228 [INFO] __main__: window open price captured: 71311.58 (binance)[0m
2026-04-12 21:45:00.746 [INFO] market_data.clob_market_ws: CLOB market subscribed for tokens up=374427113414 down=849301375117
[2m2026-04-12 21:45:23.614 [INFO] __main__: STATUS t=276s delta=0.0313% dir=up agree=False chain=71351.24 bin=71326.11 open=71328.90 obi=0.9933 ask_up=0.74 ask_dn=0.27 bid_up=0.73 bid_dn=0.26 halted=True[0m
[2m2026-04-12 21:45:53.735 [INFO] __main__: STATUS t=246s delta=0.0270% dir=up agree=True chain=71348.17 bin=71330.77 open=71328.90 obi=0.9762 ask_up=0.71 ask_dn=0.30 bid_up=0.70 bid_dn=0.29 halted=True[0m
[2m2026-04-12 21:46:23.864 [INFO] __main__: STATUS t=216s delta=0.0145% dir=up agree=False chain=71339.22 bin=71318.96 open=71328.90 obi=0.9156 ask_up=0.64 ask_dn=0.37 bid_up=0.63 bid_dn=0.36 halted=True[0m
[2m2026-04-12 21:46:53.988 [INFO] __main__: STATUS t=186s delta=-0.0044% dir=down agree=True chain=71325.79 bin=71298.33 open=71328.90 obi=-0.8579 ask_up=0.35 ask_dn=0.66 bid_up=0.34 bid_dn=0.65 halted=True[0m
[2m2026-04-12 21:47:24.119 [INFO] __main__: STATUS t=156s delta=-0.0172% dir=down agree=True chain=71316.66 bin=71291.44 open=71328.90 obi=-0.1867 ask_up=0.32 ask_dn=0.70 bid_up=0.30 bid_dn=0.68 halted=True[0m
2026-04-12 21:47:32.152 [INFO] shared.state_publisher: state_publisher: pruned 1 dead client(s), 0 active
[2m2026-04-12 21:47:54.236 [INFO] __main__: STATUS t=126s delta=-0.0154% dir=down agree=True chain=71317.92 bin=71291.44 open=71328.90 obi=0.2146 ask_up=0.30 ask_dn=0.71 bid_up=0.29 bid_dn=0.70 halted=True[0m
