2026-04-03 16:01:48.412 [INFO    ] orchestrator: logging initialized — level=INFO file=C:\Users\operator\Desktop\PolySignalLab\SignalOrchestrator\logs\orchestrator.log
2026-04-03 16:01:48.412 [INFO    ] orchestrator: orchestrator started — interval=15m min_windows=400 min_score=10.00 min_folds=2 override_score=0.00
2026-04-03 16:01:48.417 [INFO    ] orchestrator: data quality check passed: 600 windows available
2026-04-03 16:01:48.417 [INFO    ] orchestrator: starting engine: C:\Users\operator\Desktop\PolySignalLab\PolySignalEngine\build\Release\PolySignalEngine.exe C:\Users\operator\Desktop\PolySignalLab\PolyDataCollector\data --output-dir C:\Users\operator\Desktop\PolySignalLab\engine_output
2026-04-03 16:01:55.178 [INFO    ] orchestrator: engine:   Summary written: C:\Users\operator\Desktop\PolySignalLab\engine_output\signals_summary_1775221315.json
2026-04-03 16:01:55.193 [INFO    ] orchestrator: engine: 
2026-04-03 16:01:55.193 [INFO    ] orchestrator: engine: ==========================================================
2026-04-03 16:01:55.193 [INFO    ] orchestrator: engine:   SUMMARY
2026-04-03 16:01:55.193 [INFO    ] orchestrator: engine: ==========================================================
2026-04-03 16:01:55.193 [INFO    ] orchestrator: engine:   Total windows:         600 (300 UP, 300 DOWN)
2026-04-03 16:01:55.193 [INFO    ] orchestrator: engine:   Walk-forward folds:    5 (3 test iterations)
2026-04-03 16:01:55.193 [INFO    ] orchestrator: engine:   OOS base rate:         52.2% UP (360 test windows total)
2026-04-03 16:01:55.193 [INFO    ] orchestrator: engine:   Viable WF-OOS signals: 40
2026-04-03 16:01:55.193 [INFO    ] orchestrator: engine: ==========================================================
2026-04-03 16:01:55.193 [INFO    ] orchestrator: engine produced: signals_summary_1775221315.json
2026-04-03 16:01:55.193 [INFO    ] orchestrator: cleaned up old summary: signals_summary_1775213261.json
2026-04-03 16:01:55.193 [INFO    ] orchestrator: ranked 20 signals
2026-04-03 16:01:55.193 [INFO    ] orchestrator:   #9 Down score=27.44 tier=SILVER folds=3/3 idx=[2, 3, 4] p=2.64e-06 ev=0.0664
2026-04-03 16:01:55.193 [INFO    ] orchestrator:   #10 Up score=26.89 tier=SILVER folds=3/3 idx=[2, 3, 4] p=1.04e-05 ev=0.0742
2026-04-03 16:01:55.193 [INFO    ] orchestrator:   #11 Down score=25.78 tier=SILVER folds=3/3 idx=[2, 3, 4] p=4.36e-06 ev=0.0717
2026-04-03 16:01:55.193 [INFO    ] orchestrator:   #13 Up score=23.24 tier=GOLDEN folds=3/3 idx=[2, 3, 4] p=9.47e-07 ev=0.0434
2026-04-03 16:01:55.193 [INFO    ] orchestrator:   #2 Up score=22.16 tier=SILVER folds=3/3 idx=[2, 3, 4] p=6.07e-07 ev=0.0396
2026-04-03 16:01:55.193 [INFO    ] orchestrator: SILVER SIGNAL: #9 Down [240s->200s] d>=0.1% v<=0.05% (score=27.44 folds=[2, 3, 4])
2026-04-03 16:01:55.209 [INFO    ] shared.ipc: IPC: signal delivered successfully
2026-04-03 16:01:55.209 [INFO    ] orchestrator: silver signal delivered to bot
2026-04-03 16:16:55.225 [INFO    ] orchestrator: data quality check passed: 600 windows available
2026-04-03 16:16:55.225 [INFO    ] orchestrator: starting engine: C:\Users\operator\Desktop\PolySignalLab\PolySignalEngine\build\Release\PolySignalEngine.exe C:\Users\operator\Desktop\PolySignalLab\PolyDataCollector\data --output-dir C:\Users\operator\Desktop\PolySignalLab\engine_output
2026-04-03 16:17:02.075 [INFO    ] orchestrator: engine:   Summary written: C:\Users\operator\Desktop\PolySignalLab\engine_output\signals_summary_1775222222.json
2026-04-03 16:17:02.075 [INFO    ] orchestrator: engine: 
2026-04-03 16:17:02.075 [INFO    ] orchestrator: engine: ==========================================================
2026-04-03 16:17:02.075 [INFO    ] orchestrator: engine:   SUMMARY
2026-04-03 16:17:02.075 [INFO    ] orchestrator: engine: ==========================================================
2026-04-03 16:17:02.075 [INFO    ] orchestrator: engine:   Total windows:         600 (297 UP, 303 DOWN)
2026-04-03 16:17:02.075 [INFO    ] orchestrator: engine:   Walk-forward folds:    5 (3 test iterations)
2026-04-03 16:17:02.075 [INFO    ] orchestrator: engine:   OOS base rate:         51.7% UP (360 test windows total)
2026-04-03 16:17:02.075 [INFO    ] orchestrator: engine:   Viable WF-OOS signals: 40
2026-04-03 16:17:02.075 [INFO    ] orchestrator: engine: ==========================================================
2026-04-03 16:17:02.075 [INFO    ] orchestrator: engine produced: signals_summary_1775222222.json
2026-04-03 16:17:02.075 [INFO    ] orchestrator: cleaned up old summary: signals_summary_1775214168.json
2026-04-03 16:17:02.075 [INFO    ] orchestrator: ranked 20 signals
2026-04-03 16:17:02.075 [INFO    ] orchestrator:   #1 Up score=35.00 tier=SILVER folds=3/3 idx=[2, 3, 4] p=5.63e-07 ev=0.0600
2026-04-03 16:17:02.075 [INFO    ] orchestrator:   #5 Down score=31.19 tier=SILVER folds=3/3 idx=[2, 3, 4] p=1.79e-06 ev=0.0696
2026-04-03 16:17:02.075 [INFO    ] orchestrator:   #10 Up score=27.29 tier=SILVER folds=3/3 idx=[2, 3, 4] p=9.37e-06 ev=0.0646
2026-04-03 16:17:02.075 [INFO    ] orchestrator:   #8 Down score=25.96 tier=SILVER folds=3/3 idx=[2, 3, 4] p=4.87e-06 ev=0.0717
2026-04-03 16:17:02.075 [INFO    ] orchestrator:   #7 Up score=25.20 tier=SILVER folds=3/3 idx=[2, 3, 4] p=1.31e-05 ev=0.0748
2026-04-03 16:17:02.075 [INFO    ] orchestrator: SILVER SIGNAL: #1 Up [280s->110s] d>=0.1% v<=0.05% (score=35.00 folds=[2, 3, 4])
2026-04-03 16:17:02.107 [INFO    ] shared.ipc: IPC: signal delivered successfully
2026-04-03 16:17:02.108 [INFO    ] orchestrator: silver signal delivered to bot
2026-04-03 16:32:02.114 [INFO    ] orchestrator: data quality check passed: 600 windows available
2026-04-03 16:32:02.114 [INFO    ] orchestrator: starting engine: C:\Users\operator\Desktop\PolySignalLab\PolySignalEngine\build\Release\PolySignalEngine.exe C:\Users\operator\Desktop\PolySignalLab\PolyDataCollector\data --output-dir C:\Users\operator\Desktop\PolySignalLab\engine_output
2026-04-03 16:32:09.059 [INFO    ] orchestrator: engine:   Summary written: C:\Users\operator\Desktop\PolySignalLab\engine_output\signals_summary_1775223129.json
2026-04-03 16:32:09.059 [INFO    ] orchestrator: engine: 
2026-04-03 16:32:09.061 [INFO    ] orchestrator: engine: ==========================================================
2026-04-03 16:32:09.061 [INFO    ] orchestrator: engine:   SUMMARY
2026-04-03 16:32:09.061 [INFO    ] orchestrator: engine: ==========================================================
2026-04-03 16:32:09.061 [INFO    ] orchestrator: engine:   Total windows:         600 (299 UP, 301 DOWN)
2026-04-03 16:32:09.061 [INFO    ] orchestrator: engine:   Walk-forward folds:    5 (3 test iterations)
2026-04-03 16:32:09.061 [INFO    ] orchestrator: engine:   OOS base rate:         51.7% UP (360 test windows total)
2026-04-03 16:32:09.063 [INFO    ] orchestrator: engine:   Viable WF-OOS signals: 42
2026-04-03 16:32:09.063 [INFO    ] orchestrator: engine: ==========================================================
2026-04-03 16:32:09.063 [INFO    ] orchestrator: engine produced: signals_summary_1775223129.json
2026-04-03 16:32:09.065 [INFO    ] orchestrator: cleaned up old summary: signals_summary_1775215075.json
2026-04-03 16:32:09.065 [INFO    ] orchestrator: ranked 20 signals
2026-04-03 16:32:09.065 [INFO    ] orchestrator:   #9 Down score=32.56 tier=SILVER folds=3/3 idx=[2, 3, 4] p=1.01e-06 ev=0.0696
2026-04-03 16:32:09.065 [INFO    ] orchestrator:   #13 Up score=27.00 tier=SILVER folds=3/3 idx=[2, 3, 4] p=9.15e-06 ev=0.0646
2026-04-03 16:32:09.067 [INFO    ] orchestrator:   #10 Up score=25.13 tier=SILVER folds=3/3 idx=[2, 3, 4] p=1.35e-05 ev=0.0748
2026-04-03 16:32:09.067 [INFO    ] orchestrator:   #12 Up score=23.68 tier=GOLDEN folds=3/3 idx=[2, 3, 4] p=6.16e-07 ev=0.0429
2026-04-03 16:32:09.067 [INFO    ] orchestrator:   #14 Up score=18.81 tier=SILVER folds=3/3 idx=[2, 3, 4] p=3.84e-05 ev=0.0568
2026-04-03 16:32:09.067 [INFO    ] orchestrator: SILVER SIGNAL: #9 Down [240s->200s] d>=0.1% v<=0.05% (score=32.56 folds=[2, 3, 4])
2026-04-03 16:32:09.079 [INFO    ] shared.ipc: IPC: signal delivered successfully
2026-04-03 16:32:09.079 [INFO    ] orchestrator: silver signal delivered to bot
2026-04-03 16:47:09.081 [INFO    ] orchestrator: data quality check passed: 600 windows available
2026-04-03 16:47:09.081 [INFO    ] orchestrator: starting engine: C:\Users\operator\Desktop\PolySignalLab\PolySignalEngine\build\Release\PolySignalEngine.exe C:\Users\operator\Desktop\PolySignalLab\PolyDataCollector\data --output-dir C:\Users\operator\Desktop\PolySignalLab\engine_output
2026-04-03 16:47:16.100 [INFO    ] orchestrator: engine:   Summary written: C:\Users\operator\Desktop\PolySignalLab\engine_output\signals_summary_1775224036.json
2026-04-03 16:47:16.102 [INFO    ] orchestrator: engine: 
2026-04-03 16:47:16.103 [INFO    ] orchestrator: engine: ==========================================================
2026-04-03 16:47:16.103 [INFO    ] orchestrator: engine:   SUMMARY
2026-04-03 16:47:16.104 [INFO    ] orchestrator: engine: ==========================================================
2026-04-03 16:47:16.105 [INFO    ] orchestrator: engine:   Total windows:         600 (297 UP, 303 DOWN)
2026-04-03 16:47:16.105 [INFO    ] orchestrator: engine:   Walk-forward folds:    5 (3 test iterations)
2026-04-03 16:47:16.105 [INFO    ] orchestrator: engine:   OOS base rate:         51.4% UP (360 test windows total)
2026-04-03 16:47:16.106 [INFO    ] orchestrator: engine:   Viable WF-OOS signals: 41
2026-04-03 16:47:16.106 [INFO    ] orchestrator: engine: ==========================================================
2026-04-03 16:47:16.107 [INFO    ] orchestrator: engine produced: signals_summary_1775224036.json
2026-04-03 16:47:16.107 [INFO    ] orchestrator: cleaned up old summary: signals_summary_1775215982.json
2026-04-03 16:47:16.108 [INFO    ] orchestrator: ranked 20 signals
2026-04-03 16:47:16.108 [INFO    ] orchestrator:   #1 Up score=36.93 tier=SILVER folds=3/3 idx=[2, 3, 4] p=2.54e-07 ev=0.0600
2026-04-03 16:47:16.109 [INFO    ] orchestrator:   #8 Down score=29.13 tier=SILVER folds=3/3 idx=[2, 3, 4] p=1.92e-06 ev=0.0688
2026-04-03 16:47:16.109 [INFO    ] orchestrator:   #11 Up score=25.28 tier=SILVER folds=3/3 idx=[2, 3, 4] p=1.33e-05 ev=0.0648
2026-04-03 16:47:16.109 [INFO    ] orchestrator:   #9 Up score=25.20 tier=SILVER folds=3/3 idx=[2, 3, 4] p=1.31e-05 ev=0.0748
2026-04-03 16:47:16.109 [INFO    ] orchestrator:   #10 Up score=22.59 tier=GOLDEN folds=3/3 idx=[2, 3, 4] p=9.19e-07 ev=0.0424
2026-04-03 16:47:16.110 [INFO    ] orchestrator: SILVER SIGNAL: #1 Up [280s->110s] d>=0.1% v<=0.05% (score=36.93 folds=[2, 3, 4])
2026-04-03 16:47:16.134 [INFO    ] shared.ipc: IPC: signal delivered successfully
2026-04-03 16:47:16.134 [INFO    ] orchestrator: silver signal delivered to bot
2026-04-03 17:02:16.141 [INFO    ] orchestrator: data quality check passed: 600 windows available
2026-04-03 17:02:16.141 [INFO    ] orchestrator: starting engine: C:\Users\operator\Desktop\PolySignalLab\PolySignalEngine\build\Release\PolySignalEngine.exe C:\Users\operator\Desktop\PolySignalLab\PolyDataCollector\data --output-dir C:\Users\operator\Desktop\PolySignalLab\engine_output
2026-04-03 17:02:23.299 [INFO    ] orchestrator: engine:   Summary written: C:\Users\operator\Desktop\PolySignalLab\engine_output\signals_summary_1775224943.json
2026-04-03 17:02:23.299 [INFO    ] orchestrator: engine: 
2026-04-03 17:02:23.299 [INFO    ] orchestrator: engine: ==========================================================
2026-04-03 17:02:23.299 [INFO    ] orchestrator: engine:   SUMMARY
2026-04-03 17:02:23.299 [INFO    ] orchestrator: engine: ==========================================================
2026-04-03 17:02:23.299 [INFO    ] orchestrator: engine:   Total windows:         600 (297 UP, 303 DOWN)
2026-04-03 17:02:23.299 [INFO    ] orchestrator: engine:   Walk-forward folds:    5 (3 test iterations)
2026-04-03 17:02:23.299 [INFO    ] orchestrator: engine:   OOS base rate:         51.1% UP (360 test windows total)
2026-04-03 17:02:23.299 [INFO    ] orchestrator: engine:   Viable WF-OOS signals: 34
2026-04-03 17:02:23.299 [INFO    ] orchestrator: engine: ==========================================================
2026-04-03 17:02:23.299 [INFO    ] orchestrator: engine produced: signals_summary_1775224943.json
2026-04-03 17:02:23.312 [INFO    ] orchestrator: cleaned up old summary: signals_summary_1775216888.json
2026-04-03 17:02:23.312 [INFO    ] orchestrator: ranked 20 signals
2026-04-03 17:02:23.312 [INFO    ] orchestrator:   #5 Down score=29.16 tier=SILVER folds=3/3 idx=[2, 3, 4] p=2.23e-06 ev=0.0688
2026-04-03 17:02:23.312 [INFO    ] orchestrator:   #7 Up score=25.10 tier=SILVER folds=3/3 idx=[2, 3, 4] p=1.44e-05 ev=0.0648
2026-04-03 17:02:23.312 [INFO    ] orchestrator:   #6 Up score=21.72 tier=SILVER folds=3/3 idx=[2, 3, 4] p=2.29e-05 ev=0.0718
2026-04-03 17:02:23.312 [INFO    ] orchestrator:   #8 Up score=16.08 tier=SILVER folds=3/3 idx=[2, 3, 4] p=1.01e-04 ev=0.0583
2026-04-03 17:02:23.312 [INFO    ] orchestrator:   #2 Up score=13.60 tier=SILVER folds=2/3 idx=[2, 4] p=7.15e-07 ev=0.0508
2026-04-03 17:02:23.312 [INFO    ] orchestrator: SILVER SIGNAL: #5 Down [240s->200s] d>=0.1% v<=0.05% (score=29.16 folds=[2, 3, 4])
2026-04-03 17:02:23.325 [INFO    ] shared.ipc: IPC: signal delivered successfully
2026-04-03 17:02:23.325 [INFO    ] orchestrator: silver signal delivered to bot
2026-04-03 17:17:23.326 [INFO    ] orchestrator: data quality check passed: 600 windows available
2026-04-03 17:17:23.326 [INFO    ] orchestrator: starting engine: C:\Users\operator\Desktop\PolySignalLab\PolySignalEngine\build\Release\PolySignalEngine.exe C:\Users\operator\Desktop\PolySignalLab\PolyDataCollector\data --output-dir C:\Users\operator\Desktop\PolySignalLab\engine_output
2026-04-03 17:17:30.362 [INFO    ] orchestrator: engine:   Summary written: C:\Users\operator\Desktop\PolySignalLab\engine_output\signals_summary_1775225850.json
2026-04-03 17:17:30.362 [INFO    ] orchestrator: engine: 
2026-04-03 17:17:30.362 [INFO    ] orchestrator: engine: ==========================================================
2026-04-03 17:17:30.362 [INFO    ] orchestrator: engine:   SUMMARY
2026-04-03 17:17:30.362 [INFO    ] orchestrator: engine: ==========================================================
2026-04-03 17:17:30.362 [INFO    ] orchestrator: engine:   Total windows:         600 (297 UP, 303 DOWN)
2026-04-03 17:17:30.362 [INFO    ] orchestrator: engine:   Walk-forward folds:    5 (3 test iterations)
2026-04-03 17:17:30.362 [INFO    ] orchestrator: engine:   OOS base rate:         51.1% UP (360 test windows total)
2026-04-03 17:17:30.362 [INFO    ] orchestrator: engine:   Viable WF-OOS signals: 36
2026-04-03 17:17:30.362 [INFO    ] orchestrator: engine: ==========================================================
2026-04-03 17:17:30.362 [INFO    ] orchestrator: engine produced: signals_summary_1775225850.json
2026-04-03 17:17:30.362 [INFO    ] orchestrator: cleaned up old summary: signals_summary_1775217795.json
2026-04-03 17:17:30.362 [INFO    ] orchestrator: ranked 20 signals
2026-04-03 17:17:30.362 [INFO    ] orchestrator:   #3 Down score=28.17 tier=SILVER folds=3/3 idx=[2, 3, 4] p=3.48e-06 ev=0.0688
2026-04-03 17:17:30.362 [INFO    ] orchestrator:   #7 Up score=24.80 tier=SILVER folds=3/3 idx=[2, 3, 4] p=1.64e-05 ev=0.0648
2026-04-03 17:17:30.362 [INFO    ] orchestrator:   #5 Up score=21.57 tier=SILVER folds=3/3 idx=[2, 3, 4] p=2.46e-05 ev=0.0718
2026-04-03 17:17:30.362 [INFO    ] orchestrator:   #8 Up score=18.52 tier=SILVER folds=3/3 idx=[2, 3, 4] p=6.36e-05 ev=0.0613
2026-04-03 17:17:30.362 [INFO    ] orchestrator:   #2 Up score=7.73 tier=SILVER folds=2/3 idx=[3, 4] p=7.39e-06 ev=0.0415
2026-04-03 17:17:30.362 [INFO    ] orchestrator: SILVER SIGNAL: #3 Down [240s->200s] d>=0.1% v<=0.05% (score=28.17 folds=[2, 3, 4])
2026-04-03 17:17:30.377 [INFO    ] shared.ipc: IPC: signal delivered successfully
2026-04-03 17:17:30.381 [INFO    ] orchestrator: silver signal delivered to bot
2026-04-03 17:32:30.396 [INFO    ] orchestrator: data quality check passed: 600 windows available
2026-04-03 17:32:30.396 [INFO    ] orchestrator: starting engine: C:\Users\operator\Desktop\PolySignalLab\PolySignalEngine\build\Release\PolySignalEngine.exe C:\Users\operator\Desktop\PolySignalLab\PolyDataCollector\data --output-dir C:\Users\operator\Desktop\PolySignalLab\engine_output
2026-04-03 17:32:37.506 [INFO    ] orchestrator: engine:   Summary written: C:\Users\operator\Desktop\PolySignalLab\engine_output\signals_summary_1775226757.json
2026-04-03 17:32:37.506 [INFO    ] orchestrator: engine: 
2026-04-03 17:32:37.506 [INFO    ] orchestrator: engine: ==========================================================
2026-04-03 17:32:37.506 [INFO    ] orchestrator: engine:   SUMMARY
2026-04-03 17:32:37.506 [INFO    ] orchestrator: engine: ==========================================================
2026-04-03 17:32:37.506 [INFO    ] orchestrator: engine:   Total windows:         600 (299 UP, 301 DOWN)
2026-04-03 17:32:37.506 [INFO    ] orchestrator: engine:   Walk-forward folds:    5 (3 test iterations)
2026-04-03 17:32:37.506 [INFO    ] orchestrator: engine:   OOS base rate:         51.7% UP (360 test windows total)
2026-04-03 17:32:37.521 [INFO    ] orchestrator: engine:   Viable WF-OOS signals: 42
2026-04-03 17:32:37.521 [INFO    ] orchestrator: engine: ==========================================================
2026-04-03 17:32:37.521 [INFO    ] orchestrator: engine produced: signals_summary_1775226757.json
2026-04-03 17:32:37.521 [INFO    ] orchestrator: cleaned up old summary: signals_summary_1775218093.json
2026-04-03 17:32:37.521 [INFO    ] orchestrator: ranked 20 signals
2026-04-03 17:32:37.521 [INFO    ] orchestrator:   #6 Down score=26.44 tier=SILVER folds=3/3 idx=[2, 3, 4] p=4.88e-06 ev=0.0700
2026-04-03 17:32:37.521 [INFO    ] orchestrator:   #7 Down score=23.57 tier=SILVER folds=3/3 idx=[2, 3, 4] p=1.22e-05 ev=0.0727
2026-04-03 17:32:37.521 [INFO    ] orchestrator:   #8 Up score=20.97 tier=SILVER folds=3/3 idx=[2, 3, 4] p=3.31e-05 ev=0.0718
2026-04-03 17:32:37.521 [INFO    ] orchestrator:   #11 Up score=17.81 tier=SILVER folds=3/3 idx=[2, 3, 4] p=8.21e-05 ev=0.0613
2026-04-03 17:32:37.521 [INFO    ] orchestrator:   #3 Up score=17.80 tier=GOLDEN folds=3/3 idx=[2, 3, 4] p=6.24e-07 ev=0.0313
2026-04-03 17:32:37.521 [INFO    ] orchestrator: SILVER SIGNAL: #6 Down [240s->200s] d>=0.1% v<=0.05% (score=26.44 folds=[2, 3, 4])
2026-04-03 17:32:37.528 [INFO    ] shared.ipc: IPC: signal delivered successfully
2026-04-03 17:32:37.528 [INFO    ] orchestrator: silver signal delivered to bot
2026-04-03 17:47:37.551 [INFO    ] orchestrator: data quality check passed: 600 windows available
2026-04-03 17:47:37.551 [INFO    ] orchestrator: starting engine: C:\Users\operator\Desktop\PolySignalLab\PolySignalEngine\build\Release\PolySignalEngine.exe C:\Users\operator\Desktop\PolySignalLab\PolyDataCollector\data --output-dir C:\Users\operator\Desktop\PolySignalLab\engine_output
2026-04-03 17:47:44.581 [INFO    ] orchestrator: engine:   Summary written: C:\Users\operator\Desktop\PolySignalLab\engine_output\signals_summary_1775227664.json
2026-04-03 17:47:44.581 [INFO    ] orchestrator: engine: 
2026-04-03 17:47:44.581 [INFO    ] orchestrator: engine: ==========================================================
2026-04-03 17:47:44.581 [INFO    ] orchestrator: engine:   SUMMARY
2026-04-03 17:47:44.581 [INFO    ] orchestrator: engine: ==========================================================
2026-04-03 17:47:44.581 [INFO    ] orchestrator: engine:   Total windows:         600 (298 UP, 302 DOWN)
2026-04-03 17:47:44.581 [INFO    ] orchestrator: engine:   Walk-forward folds:    5 (3 test iterations)
2026-04-03 17:47:44.581 [INFO    ] orchestrator: engine:   OOS base rate:         51.7% UP (360 test windows total)
2026-04-03 17:47:44.596 [INFO    ] orchestrator: engine:   Viable WF-OOS signals: 42
2026-04-03 17:47:44.596 [INFO    ] orchestrator: engine: ==========================================================
2026-04-03 17:47:44.596 [INFO    ] orchestrator: engine produced: signals_summary_1775227664.json
2026-04-03 17:47:44.596 [INFO    ] orchestrator: cleaned up old summary: signals_summary_1775218908.json
2026-04-03 17:47:44.596 [INFO    ] orchestrator: ranked 20 signals
2026-04-03 17:47:44.596 [INFO    ] orchestrator:   #10 Up score=26.50 tier=SILVER folds=3/3 idx=[2, 3, 4] p=1.30e-05 ev=0.0664
2026-04-03 17:47:44.596 [INFO    ] orchestrator:   #7 Down score=25.94 tier=SILVER folds=3/3 idx=[2, 3, 4] p=9.80e-06 ev=0.0743
2026-04-03 17:47:44.596 [INFO    ] orchestrator:   #6 Down score=25.72 tier=SILVER folds=3/3 idx=[2, 3, 4] p=7.90e-06 ev=0.0700
2026-04-03 17:47:44.600 [INFO    ] orchestrator:   #8 Up score=23.05 tier=SILVER folds=3/3 idx=[2, 3, 4] p=1.80e-05 ev=0.0713
2026-04-03 17:47:44.600 [INFO    ] orchestrator:   #11 Up score=19.95 tier=SILVER folds=3/3 idx=[2, 3, 4] p=5.31e-05 ev=0.0640
2026-04-03 17:47:44.600 [INFO    ] orchestrator: SILVER SIGNAL: #10 Up [250s->220s] d>=0.1% v<=0.05% (score=26.50 folds=[2, 3, 4])
2026-04-03 17:47:44.611 [INFO    ] shared.ipc: IPC: signal delivered successfully
2026-04-03 17:47:44.611 [INFO    ] orchestrator: silver signal delivered to bot
2026-04-03 18:02:44.618 [INFO    ] orchestrator: data quality check passed: 600 windows available
2026-04-03 18:02:44.618 [INFO    ] orchestrator: starting engine: C:\Users\operator\Desktop\PolySignalLab\PolySignalEngine\build\Release\PolySignalEngine.exe C:\Users\operator\Desktop\PolySignalLab\PolyDataCollector\data --output-dir C:\Users\operator\Desktop\PolySignalLab\engine_output
2026-04-03 18:02:51.722 [INFO    ] orchestrator: engine:   Summary written: C:\Users\operator\Desktop\PolySignalLab\engine_output\signals_summary_1775228571.json
2026-04-03 18:02:51.722 [INFO    ] orchestrator: engine: 
2026-04-03 18:02:51.722 [INFO    ] orchestrator: engine: ==========================================================
2026-04-03 18:02:51.725 [INFO    ] orchestrator: engine:   SUMMARY
2026-04-03 18:02:51.725 [INFO    ] orchestrator: engine: ==========================================================
2026-04-03 18:02:51.725 [INFO    ] orchestrator: engine:   Total windows:         600 (300 UP, 300 DOWN)
2026-04-03 18:02:51.725 [INFO    ] orchestrator: engine:   Walk-forward folds:    5 (3 test iterations)
2026-04-03 18:02:51.725 [INFO    ] orchestrator: engine:   OOS base rate:         51.4% UP (360 test windows total)
2026-04-03 18:02:51.725 [INFO    ] orchestrator: engine:   Viable WF-OOS signals: 40
2026-04-03 18:02:51.725 [INFO    ] orchestrator: engine: ==========================================================
2026-04-03 18:02:51.725 [INFO    ] orchestrator: engine produced: signals_summary_1775228571.json
2026-04-03 18:02:51.725 [INFO    ] orchestrator: cleaned up old summary: signals_summary_1775219732.json
2026-04-03 18:02:51.725 [INFO    ] orchestrator: ranked 20 signals
2026-04-03 18:02:51.725 [INFO    ] orchestrator:   #9 Down score=26.46 tier=SILVER folds=3/3 idx=[2, 3, 4] p=7.78e-06 ev=0.0743
2026-04-03 18:02:51.725 [INFO    ] orchestrator:   #6 Down score=26.32 tier=SILVER folds=3/3 idx=[2, 3, 4] p=6.00e-06 ev=0.0700
2026-04-03 18:02:51.725 [INFO    ] orchestrator:   #13 Up score=23.97 tier=SILVER folds=3/3 idx=[2, 3, 4] p=1.60e-05 ev=0.0648
2026-04-03 18:02:51.725 [INFO    ] orchestrator:   #8 Up score=23.83 tier=SILVER folds=3/3 idx=[2, 3, 4] p=1.60e-05 ev=0.0713
2026-04-03 18:02:51.725 [INFO    ] orchestrator:   #14 Up score=17.94 tier=SILVER folds=3/3 idx=[2, 3, 4] p=7.01e-05 ev=0.0617
2026-04-03 18:02:51.725 [INFO    ] orchestrator: SILVER SIGNAL: #9 Down [240s->210s] d>=0.1% v<=0.05% (score=26.46 folds=[2, 3, 4])
2026-04-03 18:02:51.737 [INFO    ] shared.ipc: IPC: signal delivered successfully
2026-04-03 18:02:51.737 [INFO    ] orchestrator: silver signal delivered to bot
2026-04-03 18:17:51.741 [INFO    ] orchestrator: data quality check passed: 600 windows available
2026-04-03 18:17:51.741 [INFO    ] orchestrator: starting engine: C:\Users\operator\Desktop\PolySignalLab\PolySignalEngine\build\Release\PolySignalEngine.exe C:\Users\operator\Desktop\PolySignalLab\PolyDataCollector\data --output-dir C:\Users\operator\Desktop\PolySignalLab\engine_output
2026-04-03 18:17:58.752 [INFO    ] orchestrator: engine:   Summary written: C:\Users\operator\Desktop\PolySignalLab\engine_output\signals_summary_1775229478.json
2026-04-03 18:17:58.752 [INFO    ] orchestrator: engine: 
2026-04-03 18:17:58.752 [INFO    ] orchestrator: engine: ==========================================================
2026-04-03 18:17:58.752 [INFO    ] orchestrator: engine:   SUMMARY
2026-04-03 18:17:58.752 [INFO    ] orchestrator: engine: ==========================================================
2026-04-03 18:17:58.754 [INFO    ] orchestrator: engine:   Total windows:         600 (301 UP, 299 DOWN)
2026-04-03 18:17:58.754 [INFO    ] orchestrator: engine:   Walk-forward folds:    5 (3 test iterations)
2026-04-03 18:17:58.754 [INFO    ] orchestrator: engine:   OOS base rate:         51.9% UP (360 test windows total)
2026-04-03 18:17:58.755 [INFO    ] orchestrator: engine:   Viable WF-OOS signals: 37
2026-04-03 18:17:58.755 [INFO    ] orchestrator: engine: ==========================================================
2026-04-03 18:17:58.756 [INFO    ] orchestrator: engine produced: signals_summary_1775229478.json
2026-04-03 18:17:58.757 [INFO    ] orchestrator: cleaned up old summary: signals_summary_1775220639.json
2026-04-03 18:17:58.757 [INFO    ] orchestrator: ranked 20 signals
2026-04-03 18:17:58.757 [INFO    ] orchestrator:   #1 Up score=46.11 tier=GOLDEN folds=3/3 idx=[2, 3, 4] p=8.38e-10 ev=0.0508
2026-04-03 18:17:58.757 [INFO    ] orchestrator:   #2 Up score=41.58 tier=GOLDEN folds=3/3 idx=[2, 3, 4] p=2.13e-08 ev=0.0542
2026-04-03 18:17:58.757 [INFO    ] orchestrator:   #5 Down score=27.19 tier=SILVER folds=3/3 idx=[2, 3, 4] p=4.03e-06 ev=0.0700
2026-04-03 18:17:58.757 [INFO    ] orchestrator:   #7 Down score=26.52 tier=SILVER folds=3/3 idx=[2, 3, 4] p=7.57e-06 ev=0.0743
2026-04-03 18:17:58.757 [INFO    ] orchestrator:   #6 Up score=23.41 tier=SILVER folds=3/3 idx=[2, 3, 4] p=2.29e-05 ev=0.0713
2026-04-03 18:17:58.757 [INFO    ] orchestrator: GOLDEN SIGNAL: #1 Up [230s->110s] d>=0.1% v<=0.05% (score=46.11 folds=[2, 3, 4])
2026-04-03 18:17:58.771 [INFO    ] shared.ipc: IPC: signal delivered successfully
2026-04-03 18:17:58.771 [INFO    ] orchestrator: golden signal delivered to bot
2026-04-03 18:32:58.782 [INFO    ] orchestrator: data quality check passed: 600 windows available
2026-04-03 18:32:58.782 [INFO    ] orchestrator: starting engine: C:\Users\operator\Desktop\PolySignalLab\PolySignalEngine\build\Release\PolySignalEngine.exe C:\Users\operator\Desktop\PolySignalLab\PolyDataCollector\data --output-dir C:\Users\operator\Desktop\PolySignalLab\engine_output
2026-04-03 18:33:05.864 [INFO    ] orchestrator: engine:   Summary written: C:\Users\operator\Desktop\PolySignalLab\engine_output\signals_summary_1775230385.json
2026-04-03 18:33:05.864 [INFO    ] orchestrator: engine: 
2026-04-03 18:33:05.864 [INFO    ] orchestrator: engine: ==========================================================
2026-04-03 18:33:05.864 [INFO    ] orchestrator: engine:   SUMMARY
2026-04-03 18:33:05.864 [INFO    ] orchestrator: engine: ==========================================================
2026-04-03 18:33:05.864 [INFO    ] orchestrator: engine:   Total windows:         600 (302 UP, 298 DOWN)
2026-04-03 18:33:05.864 [INFO    ] orchestrator: engine:   Walk-forward folds:    5 (3 test iterations)
2026-04-03 18:33:05.864 [INFO    ] orchestrator: engine:   OOS base rate:         52.2% UP (360 test windows total)
2026-04-03 18:33:05.864 [INFO    ] orchestrator: engine:   Viable WF-OOS signals: 31
2026-04-03 18:33:05.864 [INFO    ] orchestrator: engine: ==========================================================
2026-04-03 18:33:05.864 [INFO    ] orchestrator: engine produced: signals_summary_1775230385.json
2026-04-03 18:33:05.864 [INFO    ] orchestrator: cleaned up old summary: signals_summary_1775221315.json
2026-04-03 18:33:05.864 [INFO    ] orchestrator: ranked 20 signals
2026-04-03 18:33:05.864 [INFO    ] orchestrator:   #1 Up score=45.85 tier=GOLDEN folds=3/3 idx=[2, 3, 4] p=9.42e-10 ev=0.0508
2026-04-03 18:33:05.864 [INFO    ] orchestrator:   #2 Up score=41.38 tier=GOLDEN folds=3/3 idx=[2, 3, 4] p=2.32e-08 ev=0.0542
2026-04-03 18:33:05.864 [INFO    ] orchestrator:   #5 Down score=27.21 tier=SILVER folds=3/3 idx=[2, 3, 4] p=3.98e-06 ev=0.0700
2026-04-03 18:33:05.864 [INFO    ] orchestrator:   #6 Down score=26.73 tier=SILVER folds=3/3 idx=[2, 3, 4] p=6.90e-06 ev=0.0743
2026-04-03 18:33:05.864 [INFO    ] orchestrator:   #7 Up score=23.13 tier=SILVER folds=3/3 idx=[2, 3, 4] p=2.61e-05 ev=0.0713
2026-04-03 18:33:05.864 [INFO    ] orchestrator: GOLDEN SIGNAL: #1 Up [230s->110s] d>=0.1% v<=0.05% (score=45.85 folds=[2, 3, 4])
2026-04-03 18:33:05.880 [INFO    ] shared.ipc: IPC: signal delivered successfully
2026-04-03 18:33:05.880 [INFO    ] orchestrator: golden signal delivered to bot
2026-04-03 18:48:05.899 [INFO    ] orchestrator: data quality check passed: 600 windows available
2026-04-03 18:48:05.899 [INFO    ] orchestrator: starting engine: C:\Users\operator\Desktop\PolySignalLab\PolySignalEngine\build\Release\PolySignalEngine.exe C:\Users\operator\Desktop\PolySignalLab\PolyDataCollector\data --output-dir C:\Users\operator\Desktop\PolySignalLab\engine_output
2026-04-03 18:48:12.833 [INFO    ] orchestrator: engine:   Summary written: C:\Users\operator\Desktop\PolySignalLab\engine_output\signals_summary_1775231292.json
2026-04-03 18:48:12.833 [INFO    ] orchestrator: engine: 
2026-04-03 18:48:12.833 [INFO    ] orchestrator: engine: ==========================================================
2026-04-03 18:48:12.833 [INFO    ] orchestrator: engine:   SUMMARY
2026-04-03 18:48:12.833 [INFO    ] orchestrator: engine: ==========================================================
2026-04-03 18:48:12.833 [INFO    ] orchestrator: engine:   Total windows:         600 (301 UP, 299 DOWN)
2026-04-03 18:48:12.833 [INFO    ] orchestrator: engine:   Walk-forward folds:    5 (3 test iterations)
2026-04-03 18:48:12.833 [INFO    ] orchestrator: engine:   OOS base rate:         51.9% UP (360 test windows total)
2026-04-03 18:48:12.833 [INFO    ] orchestrator: engine:   Viable WF-OOS signals: 35
2026-04-03 18:48:12.833 [INFO    ] orchestrator: engine: ==========================================================
2026-04-03 18:48:12.833 [INFO    ] orchestrator: engine produced: signals_summary_1775231292.json
2026-04-03 18:48:12.833 [INFO    ] orchestrator: cleaned up old summary: signals_summary_1775222222.json
2026-04-03 18:48:12.833 [INFO    ] orchestrator: ranked 20 signals
2026-04-03 18:48:12.833 [INFO    ] orchestrator:   #1 Up score=39.81 tier=GOLDEN folds=3/3 idx=[2, 3, 4] p=6.92e-08 ev=0.0556
2026-04-03 18:48:12.833 [INFO    ] orchestrator:   #6 Down score=27.15 tier=SILVER folds=3/3 idx=[2, 3, 4] p=4.10e-06 ev=0.0700
2026-04-03 18:48:12.833 [INFO    ] orchestrator:   #7 Down score=26.83 tier=SILVER folds=3/3 idx=[2, 3, 4] p=6.58e-06 ev=0.0743
2026-04-03 18:48:12.833 [INFO    ] orchestrator:   #9 Up score=19.06 tier=SILVER folds=3/3 idx=[2, 3, 4] p=6.54e-05 ev=0.0710
2026-04-03 18:48:12.833 [INFO    ] orchestrator:   #4 Up score=17.46 tier=SILVER folds=3/3 idx=[2, 3, 4] p=3.98e-06 ev=0.0441
2026-04-03 18:48:12.833 [INFO    ] orchestrator: GOLDEN SIGNAL: #1 Up [270s->110s] d>=0.1% v<=0.05% (score=39.81 folds=[2, 3, 4])
2026-04-03 18:48:12.849 [INFO    ] shared.ipc: IPC: signal delivered successfully
2026-04-03 18:48:12.849 [INFO    ] orchestrator: golden signal delivered to bot
2026-04-03 19:03:12.866 [INFO    ] orchestrator: data quality check passed: 600 windows available
2026-04-03 19:03:12.866 [INFO    ] orchestrator: starting engine: C:\Users\operator\Desktop\PolySignalLab\PolySignalEngine\build\Release\PolySignalEngine.exe C:\Users\operator\Desktop\PolySignalLab\PolyDataCollector\data --output-dir C:\Users\operator\Desktop\PolySignalLab\engine_output
2026-04-03 19:03:19.645 [INFO    ] orchestrator: engine:   Summary written: C:\Users\operator\Desktop\PolySignalLab\engine_output\signals_summary_1775232199.json
2026-04-03 19:03:19.645 [INFO    ] orchestrator: engine: 
2026-04-03 19:03:19.645 [INFO    ] orchestrator: engine: ==========================================================
2026-04-03 19:03:19.645 [INFO    ] orchestrator: engine:   SUMMARY
2026-04-03 19:03:19.645 [INFO    ] orchestrator: engine: ==========================================================
2026-04-03 19:03:19.645 [INFO    ] orchestrator: engine:   Total windows:         600 (301 UP, 299 DOWN)
2026-04-03 19:03:19.645 [INFO    ] orchestrator: engine:   Walk-forward folds:    5 (3 test iterations)
2026-04-03 19:03:19.645 [INFO    ] orchestrator: engine:   OOS base rate:         51.9% UP (360 test windows total)
2026-04-03 19:03:19.645 [INFO    ] orchestrator: engine:   Viable WF-OOS signals: 29
2026-04-03 19:03:19.645 [INFO    ] orchestrator: engine: ==========================================================
2026-04-03 19:03:19.645 [INFO    ] orchestrator: engine produced: signals_summary_1775232199.json
2026-04-03 19:03:19.645 [INFO    ] orchestrator: cleaned up old summary: signals_summary_1775223129.json
2026-04-03 19:03:19.645 [INFO    ] orchestrator: ranked 20 signals
2026-04-03 19:03:19.645 [INFO    ] orchestrator:   #1 Up score=47.31 tier=GOLDEN folds=3/3 idx=[2, 3, 4] p=7.37e-10 ev=0.0518
2026-04-03 19:03:19.645 [INFO    ] orchestrator:   #2 Up score=42.27 tier=GOLDEN folds=3/3 idx=[2, 3, 4] p=2.50e-08 ev=0.0556
2026-04-03 19:03:19.645 [INFO    ] orchestrator:   #5 Down score=26.65 tier=SILVER folds=3/3 idx=[2, 3, 4] p=5.14e-06 ev=0.0700
2026-04-03 19:03:19.645 [INFO    ] orchestrator:   #8 Up score=19.57 tier=SILVER folds=3/3 idx=[2, 3, 4] p=5.43e-05 ev=0.0710
2026-04-03 19:03:19.645 [INFO    ] orchestrator:   #10 Up score=17.52 tier=SILVER folds=3/3 idx=[2, 3, 4] p=5.43e-05 ev=0.0616
2026-04-03 19:03:19.645 [INFO    ] orchestrator: GOLDEN SIGNAL: #1 Up [230s->110s] d>=0.1% v<=0.05% (score=47.31 folds=[2, 3, 4])
2026-04-03 19:03:19.661 [INFO    ] shared.ipc: IPC: signal delivered successfully
2026-04-03 19:03:19.661 [INFO    ] orchestrator: golden signal delivered to bot
2026-04-03 19:18:19.676 [INFO    ] orchestrator: data quality check passed: 600 windows available
2026-04-03 19:18:19.676 [INFO    ] orchestrator: starting engine: C:\Users\operator\Desktop\PolySignalLab\PolySignalEngine\build\Release\PolySignalEngine.exe C:\Users\operator\Desktop\PolySignalLab\PolyDataCollector\data --output-dir C:\Users\operator\Desktop\PolySignalLab\engine_output
2026-04-03 19:18:26.642 [INFO    ] orchestrator: engine:   Summary written: C:\Users\operator\Desktop\PolySignalLab\engine_output\signals_summary_1775233106.json
2026-04-03 19:18:26.644 [INFO    ] orchestrator: engine: 
2026-04-03 19:18:26.644 [INFO    ] orchestrator: engine: ==========================================================
2026-04-03 19:18:26.644 [INFO    ] orchestrator: engine:   SUMMARY
2026-04-03 19:18:26.644 [INFO    ] orchestrator: engine: ==========================================================
2026-04-03 19:18:26.644 [INFO    ] orchestrator: engine:   Total windows:         600 (302 UP, 298 DOWN)
2026-04-03 19:18:26.644 [INFO    ] orchestrator: engine:   Walk-forward folds:    5 (3 test iterations)
2026-04-03 19:18:26.644 [INFO    ] orchestrator: engine:   OOS base rate:         52.2% UP (360 test windows total)
2026-04-03 19:18:26.644 [INFO    ] orchestrator: engine:   Viable WF-OOS signals: 29
2026-04-03 19:18:26.644 [INFO    ] orchestrator: engine: ==========================================================
2026-04-03 19:18:26.648 [INFO    ] orchestrator: engine produced: signals_summary_1775233106.json
2026-04-03 19:18:26.648 [INFO    ] orchestrator: cleaned up old summary: signals_summary_1775224036.json
2026-04-03 19:18:26.650 [INFO    ] orchestrator: ranked 20 signals
2026-04-03 19:18:26.650 [INFO    ] orchestrator:   #1 Up score=40.95 tier=GOLDEN folds=3/3 idx=[2, 3, 4] p=4.31e-08 ev=0.0556
2026-04-03 19:18:26.650 [INFO    ] orchestrator:   #6 Up score=28.66 tier=SILVER folds=3/3 idx=[2, 3, 4] p=2.90e-05 ev=0.1030
2026-04-03 19:18:26.650 [INFO    ] orchestrator:   #5 Down score=27.38 tier=SILVER folds=3/3 idx=[2, 3, 4] p=4.18e-06 ev=0.0700
2026-04-03 19:18:26.652 [INFO    ] orchestrator:   #8 Up score=19.38 tier=SILVER folds=3/3 idx=[2, 3, 4] p=5.97e-05 ev=0.0710
2026-04-03 19:18:26.652 [INFO    ] orchestrator:   #4 Up score=11.94 tier=SILVER folds=3/3 idx=[2, 3, 4] p=6.58e-06 ev=0.0288
2026-04-03 19:18:26.652 [INFO    ] orchestrator: GOLDEN SIGNAL: #1 Up [270s->110s] d>=0.1% v<=0.05% (score=40.95 folds=[2, 3, 4])
2026-04-03 19:18:26.664 [INFO    ] shared.ipc: IPC: signal delivered successfully
2026-04-03 19:18:26.664 [INFO    ] orchestrator: golden signal delivered to bot
2026-04-03 19:33:26.671 [INFO    ] orchestrator: data quality check passed: 600 windows available
2026-04-03 19:33:26.671 [INFO    ] orchestrator: starting engine: C:\Users\operator\Desktop\PolySignalLab\PolySignalEngine\build\Release\PolySignalEngine.exe C:\Users\operator\Desktop\PolySignalLab\PolyDataCollector\data --output-dir C:\Users\operator\Desktop\PolySignalLab\engine_output
2026-04-03 19:33:33.649 [INFO    ] orchestrator: engine:   Summary written: C:\Users\operator\Desktop\PolySignalLab\engine_output\signals_summary_1775234013.json
2026-04-03 19:33:33.649 [INFO    ] orchestrator: engine: 
2026-04-03 19:33:33.649 [INFO    ] orchestrator: engine: ==========================================================
2026-04-03 19:33:33.649 [INFO    ] orchestrator: engine:   SUMMARY
2026-04-03 19:33:33.649 [INFO    ] orchestrator: engine: ==========================================================
2026-04-03 19:33:33.649 [INFO    ] orchestrator: engine:   Total windows:         600 (304 UP, 296 DOWN)
2026-04-03 19:33:33.656 [INFO    ] orchestrator: engine:   Walk-forward folds:    5 (3 test iterations)
2026-04-03 19:33:33.656 [INFO    ] orchestrator: engine:   OOS base rate:         52.8% UP (360 test windows total)
2026-04-03 19:33:33.656 [INFO    ] orchestrator: engine:   Viable WF-OOS signals: 32
2026-04-03 19:33:33.656 [INFO    ] orchestrator: engine: ==========================================================
2026-04-03 19:33:33.658 [INFO    ] orchestrator: engine produced: signals_summary_1775234013.json
2026-04-03 19:33:33.659 [INFO    ] orchestrator: cleaned up old summary: signals_summary_1775224943.json
2026-04-03 19:33:33.659 [INFO    ] orchestrator: ranked 20 signals
2026-04-03 19:33:33.659 [INFO    ] orchestrator:   #9 Up score=18.75 tier=SILVER folds=3/3 idx=[2, 3, 4] p=8.21e-05 ev=0.0710
2026-04-03 19:33:33.659 [INFO    ] orchestrator:   #2 Up score=14.08 tier=SILVER folds=2/3 idx=[2, 3] p=9.85e-06 ev=0.0738
2026-04-03 19:33:33.659 [INFO    ] orchestrator:   #5 Up score=11.60 tier=SILVER folds=3/3 idx=[2, 3, 4] p=9.85e-06 ev=0.0288
2026-04-03 19:33:33.659 [INFO    ] orchestrator:   #6 Up score=10.39 tier=SILVER folds=3/3 idx=[2, 3, 4] p=3.53e-05 ev=0.0326
2026-04-03 19:33:33.659 [INFO    ] orchestrator:   #11 Up score=9.31 tier=SILVER folds=3/3 idx=[2, 3, 4] p=5.41e-04 ev=0.0543
2026-04-03 19:33:33.659 [INFO    ] orchestrator: SILVER SIGNAL: #9 Up [280s->180s] d>=0.1% v<=0.05% (score=18.75 folds=[2, 3, 4])
2026-04-03 19:33:33.670 [INFO    ] shared.ipc: IPC: signal delivered successfully
2026-04-03 19:33:33.675 [INFO    ] orchestrator: silver signal delivered to bot
2026-04-03 19:48:33.682 [INFO    ] orchestrator: data quality check passed: 600 windows available
2026-04-03 19:48:33.682 [INFO    ] orchestrator: starting engine: C:\Users\operator\Desktop\PolySignalLab\PolySignalEngine\build\Release\PolySignalEngine.exe C:\Users\operator\Desktop\PolySignalLab\PolyDataCollector\data --output-dir C:\Users\operator\Desktop\PolySignalLab\engine_output
2026-04-03 19:48:40.504 [INFO    ] orchestrator: engine:   Summary written: C:\Users\operator\Desktop\PolySignalLab\engine_output\signals_summary_1775234920.json
2026-04-03 19:48:40.504 [INFO    ] orchestrator: engine: 
2026-04-03 19:48:40.504 [INFO    ] orchestrator: engine: ==========================================================
2026-04-03 19:48:40.504 [INFO    ] orchestrator: engine:   SUMMARY
2026-04-03 19:48:40.506 [INFO    ] orchestrator: engine: ==========================================================
2026-04-03 19:48:40.506 [INFO    ] orchestrator: engine:   Total windows:         600 (303 UP, 297 DOWN)
2026-04-03 19:48:40.506 [INFO    ] orchestrator: engine:   Walk-forward folds:    5 (3 test iterations)
2026-04-03 19:48:40.506 [INFO    ] orchestrator: engine:   OOS base rate:         52.8% UP (360 test windows total)
2026-04-03 19:48:40.508 [INFO    ] orchestrator: engine:   Viable WF-OOS signals: 25
2026-04-03 19:48:40.508 [INFO    ] orchestrator: engine: ==========================================================
2026-04-03 19:48:40.508 [INFO    ] orchestrator: engine produced: signals_summary_1775234920.json
2026-04-03 19:48:40.510 [INFO    ] orchestrator: cleaned up old summary: signals_summary_1775225850.json
2026-04-03 19:48:40.510 [INFO    ] orchestrator: ranked 20 signals
2026-04-03 19:48:40.510 [INFO    ] orchestrator:   #1 Up score=46.48 tier=GOLDEN folds=3/3 idx=[2, 3, 4] p=2.38e-09 ev=0.0539
2026-04-03 19:48:40.510 [INFO    ] orchestrator:   #7 Up score=18.74 tier=SILVER folds=3/3 idx=[2, 3, 4] p=8.22e-05 ev=0.0710
2026-04-03 19:48:40.512 [INFO    ] orchestrator:   #3 Up score=13.93 tier=SILVER folds=2/3 idx=[2, 3] p=8.90e-06 ev=0.0724
2026-04-03 19:48:40.512 [INFO    ] orchestrator:   #5 Up score=10.66 tier=SILVER folds=3/3 idx=[2, 3, 4] p=1.41e-05 ev=0.0284
2026-04-03 19:48:40.512 [INFO    ] orchestrator:   #9 Up score=9.92 tier=SILVER folds=3/3 idx=[2, 3, 4] p=5.45e-04 ev=0.0543
2026-04-03 19:48:40.512 [INFO    ] orchestrator: GOLDEN SIGNAL: #1 Up [230s->110s] d>=0.1% v<=0.05% (score=46.48 folds=[2, 3, 4])
2026-04-03 19:48:40.522 [INFO    ] shared.ipc: IPC: signal delivered successfully
2026-04-03 19:48:40.524 [INFO    ] orchestrator: golden signal delivered to bot
2026-04-03 20:03:40.536 [INFO    ] orchestrator: data quality check passed: 600 windows available
2026-04-03 20:03:40.536 [INFO    ] orchestrator: starting engine: C:\Users\operator\Desktop\PolySignalLab\PolySignalEngine\build\Release\PolySignalEngine.exe C:\Users\operator\Desktop\PolySignalLab\PolyDataCollector\data --output-dir C:\Users\operator\Desktop\PolySignalLab\engine_output
2026-04-03 20:03:47.450 [INFO    ] orchestrator: engine:   Summary written: C:\Users\operator\Desktop\PolySignalLab\engine_output\signals_summary_1775235827.json
2026-04-03 20:03:47.450 [INFO    ] orchestrator: engine: 
2026-04-03 20:03:47.450 [INFO    ] orchestrator: engine: ==========================================================
2026-04-03 20:03:47.450 [INFO    ] orchestrator: engine:   SUMMARY
2026-04-03 20:03:47.450 [INFO    ] orchestrator: engine: ==========================================================
2026-04-03 20:03:47.450 [INFO    ] orchestrator: engine:   Total windows:         600 (304 UP, 296 DOWN)
2026-04-03 20:03:47.450 [INFO    ] orchestrator: engine:   Walk-forward folds:    5 (3 test iterations)
2026-04-03 20:03:47.450 [INFO    ] orchestrator: engine:   OOS base rate:         53.1% UP (360 test windows total)
2026-04-03 20:03:47.450 [INFO    ] orchestrator: engine:   Viable WF-OOS signals: 33
2026-04-03 20:03:47.450 [INFO    ] orchestrator: engine: ==========================================================
2026-04-03 20:03:47.458 [INFO    ] orchestrator: engine produced: signals_summary_1775235827.json
2026-04-03 20:03:47.458 [INFO    ] orchestrator: cleaned up old summary: signals_summary_1775226757.json
2026-04-03 20:03:47.458 [INFO    ] orchestrator: ranked 20 signals
2026-04-03 20:03:47.458 [INFO    ] orchestrator:   #1 Up score=46.98 tier=GOLDEN folds=3/3 idx=[2, 3, 4] p=3.31e-09 ev=0.0554
2026-04-03 20:03:47.458 [INFO    ] orchestrator:   #6 Down score=25.69 tier=SILVER folds=3/3 idx=[2, 3, 4] p=5.07e-06 ev=0.0696
2026-04-03 20:03:47.458 [INFO    ] orchestrator:   #9 Up score=15.63 tier=SILVER folds=3/3 idx=[2, 3, 4] p=1.68e-04 ev=0.0604
2026-04-03 20:03:47.458 [INFO    ] orchestrator:   #3 Up score=13.06 tier=SILVER folds=2/3 idx=[2, 3] p=1.83e-05 ev=0.0760
2026-04-03 20:03:47.458 [INFO    ] orchestrator:   #11 Up score=10.29 tier=SILVER folds=3/3 idx=[2, 3, 4] p=9.64e-04 ev=0.0640
2026-04-03 20:03:47.458 [INFO    ] orchestrator: GOLDEN SIGNAL: #1 Up [230s->110s] d>=0.1% v<=0.05% (score=46.98 folds=[2, 3, 4])
2026-04-03 20:03:47.466 [INFO    ] shared.ipc: IPC: signal delivered successfully
2026-04-03 20:03:47.466 [INFO    ] orchestrator: golden signal delivered to bot
2026-04-03 20:18:47.474 [INFO    ] orchestrator: data quality check passed: 600 windows available
2026-04-03 20:18:47.474 [INFO    ] orchestrator: starting engine: C:\Users\operator\Desktop\PolySignalLab\PolySignalEngine\build\Release\PolySignalEngine.exe C:\Users\operator\Desktop\PolySignalLab\PolyDataCollector\data --output-dir C:\Users\operator\Desktop\PolySignalLab\engine_output
2026-04-03 20:18:54.341 [INFO    ] orchestrator: engine:   Summary written: C:\Users\operator\Desktop\PolySignalLab\engine_output\signals_summary_1775236734.json
2026-04-03 20:18:54.346 [INFO    ] orchestrator: engine: 
2026-04-03 20:18:54.346 [INFO    ] orchestrator: engine: ==========================================================
2026-04-03 20:18:54.346 [INFO    ] orchestrator: engine:   SUMMARY
2026-04-03 20:18:54.346 [INFO    ] orchestrator: engine: ==========================================================
2026-04-03 20:18:54.348 [INFO    ] orchestrator: engine:   Total windows:         600 (303 UP, 297 DOWN)
2026-04-03 20:18:54.348 [INFO    ] orchestrator: engine:   Walk-forward folds:    5 (3 test iterations)
2026-04-03 20:18:54.348 [INFO    ] orchestrator: engine:   OOS base rate:         53.1% UP (360 test windows total)
2026-04-03 20:18:54.348 [INFO    ] orchestrator: engine:   Viable WF-OOS signals: 29
2026-04-03 20:18:54.348 [INFO    ] orchestrator: engine: ==========================================================
2026-04-03 20:18:54.350 [INFO    ] orchestrator: engine produced: signals_summary_1775236734.json
2026-04-03 20:18:54.350 [INFO    ] orchestrator: cleaned up old summary: signals_summary_1775227664.json
2026-04-03 20:18:54.352 [INFO    ] orchestrator: ranked 20 signals
2026-04-03 20:18:54.352 [INFO    ] orchestrator:   #6 Up score=16.53 tier=SILVER folds=3/3 idx=[2, 3, 4] p=1.33e-04 ev=0.0604
2026-04-03 20:18:54.352 [INFO    ] orchestrator:   #2 Up score=13.21 tier=SILVER folds=2/3 idx=[2, 3] p=1.63e-05 ev=0.0760
2026-04-03 20:18:54.352 [INFO    ] orchestrator:   #5 Up score=8.80 tier=SILVER folds=3/3 idx=[2, 3, 4] p=8.59e-05 ev=0.0333
2026-04-03 20:18:54.354 [INFO    ] orchestrator:   #1 Up score=7.43 tier=OVERFIT_DANGER folds=1/3 idx=[2] p=1.40e-07 ev=0.0583
2026-04-03 20:18:54.354 [INFO    ] orchestrator:   #9 Up score=7.05 tier=OVERFIT_DANGER folds=1/3 idx=[4] p=2.18e-06 ev=0.0777
2026-04-03 20:18:54.354 [INFO    ] orchestrator: SILVER SIGNAL: #6 Up [250s->220s] d>=0.1% v<=0.05% (score=16.53 folds=[2, 3, 4])
2026-04-03 20:18:54.361 [INFO    ] shared.ipc: IPC: signal delivered successfully
2026-04-03 20:18:54.361 [INFO    ] orchestrator: silver signal delivered to bot
2026-04-03 20:33:54.381 [INFO    ] orchestrator: data quality check passed: 600 windows available
2026-04-03 20:33:54.381 [INFO    ] orchestrator: starting engine: C:\Users\operator\Desktop\PolySignalLab\PolySignalEngine\build\Release\PolySignalEngine.exe C:\Users\operator\Desktop\PolySignalLab\PolyDataCollector\data --output-dir C:\Users\operator\Desktop\PolySignalLab\engine_output
2026-04-03 20:34:01.570 [INFO    ] orchestrator: engine:   Summary written: C:\Users\operator\Desktop\PolySignalLab\engine_output\signals_summary_1775237641.json
2026-04-03 20:34:01.571 [INFO    ] orchestrator: engine: 
2026-04-03 20:34:01.571 [INFO    ] orchestrator: engine: ==========================================================
2026-04-03 20:34:01.571 [INFO    ] orchestrator: engine:   SUMMARY
2026-04-03 20:34:01.572 [INFO    ] orchestrator: engine: ==========================================================
2026-04-03 20:34:01.572 [INFO    ] orchestrator: engine:   Total windows:         600 (303 UP, 297 DOWN)
2026-04-03 20:34:01.573 [INFO    ] orchestrator: engine:   Walk-forward folds:    5 (3 test iterations)
2026-04-03 20:34:01.573 [INFO    ] orchestrator: engine:   OOS base rate:         53.1% UP (360 test windows total)
2026-04-03 20:34:01.573 [INFO    ] orchestrator: engine:   Viable WF-OOS signals: 26
2026-04-03 20:34:01.574 [INFO    ] orchestrator: engine: ==========================================================
2026-04-03 20:34:01.574 [INFO    ] orchestrator: engine produced: signals_summary_1775237641.json
2026-04-03 20:34:01.574 [INFO    ] orchestrator: cleaned up old summary: signals_summary_1775228571.json
2026-04-03 20:34:01.574 [INFO    ] orchestrator: ranked 20 signals
2026-04-03 20:34:01.574 [INFO    ] orchestrator:   #2 Up score=13.26 tier=SILVER folds=2/3 idx=[2, 3] p=1.56e-05 ev=0.0760
2026-04-03 20:34:01.574 [INFO    ] orchestrator:   #5 Up score=11.39 tier=SILVER folds=3/3 idx=[2, 3, 4] p=1.56e-05 ev=0.0308
2026-04-03 20:34:01.574 [INFO    ] orchestrator:   #3 Up score=9.91 tier=SILVER folds=2/3 idx=[2, 3] p=1.62e-06 ev=0.0330
2026-04-03 20:34:01.574 [INFO    ] orchestrator:   #6 Up score=9.78 tier=SILVER folds=3/3 idx=[2, 3, 4] p=6.12e-05 ev=0.0341
2026-04-03 20:34:01.574 [INFO    ] orchestrator:   #1 Up score=6.74 tier=OVERFIT_DANGER folds=1/3 idx=[2] p=5.56e-07 ev=0.0600
2026-04-03 20:34:01.574 [INFO    ] orchestrator: signal #2 Up [280s->110s] d>=0.1% v<=0.05% folds=[2, 3] missing most-recent fold 4 — skipping (recency gate)
2026-04-03 20:34:01.581 [INFO    ] orchestrator: SILVER SIGNAL: #5 Up [280s->120s] d>=0.1% v<=0.05% (score=11.39 folds=[2, 3, 4])
2026-04-03 20:34:01.581 [INFO    ] shared.ipc: IPC: signal delivered successfully
2026-04-03 20:34:01.581 [INFO    ] orchestrator: silver signal delivered to bot
2026-04-03 20:49:01.591 [INFO    ] orchestrator: data quality check passed: 600 windows available
2026-04-03 20:49:01.591 [INFO    ] orchestrator: starting engine: C:\Users\operator\Desktop\PolySignalLab\PolySignalEngine\build\Release\PolySignalEngine.exe C:\Users\operator\Desktop\PolySignalLab\PolyDataCollector\data --output-dir C:\Users\operator\Desktop\PolySignalLab\engine_output
2026-04-03 20:49:08.436 [INFO    ] orchestrator: engine:   Summary written: C:\Users\operator\Desktop\PolySignalLab\engine_output\signals_summary_1775238548.json
2026-04-03 20:49:08.436 [INFO    ] orchestrator: engine: 
2026-04-03 20:49:08.436 [INFO    ] orchestrator: engine: ==========================================================
2026-04-03 20:49:08.436 [INFO    ] orchestrator: engine:   SUMMARY
2026-04-03 20:49:08.436 [INFO    ] orchestrator: engine: ==========================================================
2026-04-03 20:49:08.436 [INFO    ] orchestrator: engine:   Total windows:         600 (303 UP, 297 DOWN)
2026-04-03 20:49:08.436 [INFO    ] orchestrator: engine:   Walk-forward folds:    5 (3 test iterations)
2026-04-03 20:49:08.436 [INFO    ] orchestrator: engine:   OOS base rate:         53.3% UP (360 test windows total)
2026-04-03 20:49:08.436 [INFO    ] orchestrator: engine:   Viable WF-OOS signals: 30
2026-04-03 20:49:08.436 [INFO    ] orchestrator: engine: ==========================================================
2026-04-03 20:49:08.436 [INFO    ] orchestrator: engine produced: signals_summary_1775238548.json
2026-04-03 20:49:08.436 [INFO    ] orchestrator: cleaned up old summary: signals_summary_1775229478.json
2026-04-03 20:49:08.436 [INFO    ] orchestrator: ranked 20 signals
2026-04-03 20:49:08.436 [INFO    ] orchestrator:   #3 Up score=37.54 tier=SILVER folds=3/3 idx=[2, 3, 4] p=3.33e-07 ev=0.0621
2026-04-03 20:49:08.436 [INFO    ] orchestrator:   #9 Down score=30.43 tier=SILVER folds=3/3 idx=[2, 3, 4] p=2.03e-06 ev=0.0729
2026-04-03 20:49:08.436 [INFO    ] orchestrator:   #1 Up score=23.14 tier=SILVER folds=2/3 idx=[2, 3] p=1.66e-07 ev=0.0627
2026-04-03 20:49:08.436 [INFO    ] orchestrator:   #4 Up score=18.06 tier=SILVER folds=3/3 idx=[2, 3, 4] p=9.57e-06 ev=0.0514
2026-04-03 20:49:08.436 [INFO    ] orchestrator:   #8 Up score=11.49 tier=SILVER folds=3/3 idx=[2, 3, 4] p=1.41e-05 ev=0.0308
2026-04-03 20:49:08.436 [INFO    ] orchestrator: SILVER SIGNAL: #3 Up [280s->110s] d>=0.1% v<=0.05% (score=37.54 folds=[2, 3, 4])
2026-04-03 20:49:08.452 [INFO    ] shared.ipc: IPC: signal delivered successfully
2026-04-03 20:49:08.452 [INFO    ] orchestrator: silver signal delivered to bot
2026-04-03 21:04:08.468 [INFO    ] orchestrator: data quality check passed: 600 windows available
2026-04-03 21:04:08.468 [INFO    ] orchestrator: starting engine: C:\Users\operator\Desktop\PolySignalLab\PolySignalEngine\build\Release\PolySignalEngine.exe C:\Users\operator\Desktop\PolySignalLab\PolyDataCollector\data --output-dir C:\Users\operator\Desktop\PolySignalLab\engine_output
2026-04-03 21:04:15.305 [INFO    ] orchestrator: engine:   Summary written: C:\Users\operator\Desktop\PolySignalLab\engine_output\signals_summary_1775239455.json
2026-04-03 21:04:15.305 [INFO    ] orchestrator: engine: 
2026-04-03 21:04:15.305 [INFO    ] orchestrator: engine: ==========================================================
2026-04-03 21:04:15.305 [INFO    ] orchestrator: engine:   SUMMARY
2026-04-03 21:04:15.305 [INFO    ] orchestrator: engine: ==========================================================
2026-04-03 21:04:15.305 [INFO    ] orchestrator: engine:   Total windows:         600 (304 UP, 296 DOWN)
2026-04-03 21:04:15.305 [INFO    ] orchestrator: engine:   Walk-forward folds:    5 (3 test iterations)
2026-04-03 21:04:15.305 [INFO    ] orchestrator: engine:   OOS base rate:         53.9% UP (360 test windows total)
2026-04-03 21:04:15.305 [INFO    ] orchestrator: engine:   Viable WF-OOS signals: 29
2026-04-03 21:04:15.305 [INFO    ] orchestrator: engine: ==========================================================
2026-04-03 21:04:15.305 [INFO    ] orchestrator: engine produced: signals_summary_1775239455.json
2026-04-03 21:04:15.305 [INFO    ] orchestrator: cleaned up old summary: signals_summary_1775230385.json
2026-04-03 21:04:15.305 [INFO    ] orchestrator: ranked 20 signals
2026-04-03 21:04:15.305 [INFO    ] orchestrator:   #3 Up score=37.34 tier=SILVER folds=3/3 idx=[2, 3, 4] p=3.61e-07 ev=0.0621
2026-04-03 21:04:15.305 [INFO    ] orchestrator:   #1 Up score=22.85 tier=SILVER folds=2/3 idx=[2, 3] p=1.31e-07 ev=0.0610
2026-04-03 21:04:15.305 [INFO    ] orchestrator:   #8 Up score=21.05 tier=SILVER folds=3/3 idx=[2, 3, 4] p=6.37e-05 ev=0.0741
2026-04-03 21:04:15.305 [INFO    ] orchestrator:   #9 Up score=12.40 tier=SILVER folds=3/3 idx=[2, 3, 4] p=2.65e-04 ev=0.0517
2026-04-03 21:04:15.305 [INFO    ] orchestrator:   #5 Up score=11.36 tier=SILVER folds=3/3 idx=[2, 3, 4] p=1.72e-05 ev=0.0308
2026-04-03 21:04:15.305 [INFO    ] orchestrator: SILVER SIGNAL: #3 Up [280s->110s] d>=0.1% v<=0.05% (score=37.34 folds=[2, 3, 4])
2026-04-03 21:04:15.319 [INFO    ] shared.ipc: IPC: signal delivered successfully
2026-04-03 21:04:15.319 [INFO    ] orchestrator: silver signal delivered to bot
2026-04-03 21:19:15.338 [INFO    ] orchestrator: data quality check passed: 600 windows available
2026-04-03 21:19:15.338 [INFO    ] orchestrator: starting engine: C:\Users\operator\Desktop\PolySignalLab\PolySignalEngine\build\Release\PolySignalEngine.exe C:\Users\operator\Desktop\PolySignalLab\PolyDataCollector\data --output-dir C:\Users\operator\Desktop\PolySignalLab\engine_output
2026-04-03 21:19:22.206 [INFO    ] orchestrator: engine:   Summary written: C:\Users\operator\Desktop\PolySignalLab\engine_output\signals_summary_1775240362.json
2026-04-03 21:19:22.208 [INFO    ] orchestrator: engine: 
2026-04-03 21:19:22.208 [INFO    ] orchestrator: engine: ==========================================================
2026-04-03 21:19:22.208 [INFO    ] orchestrator: engine:   SUMMARY
2026-04-03 21:19:22.210 [INFO    ] orchestrator: engine: ==========================================================
2026-04-03 21:19:22.210 [INFO    ] orchestrator: engine:   Total windows:         600 (302 UP, 298 DOWN)
2026-04-03 21:19:22.210 [INFO    ] orchestrator: engine:   Walk-forward folds:    5 (3 test iterations)
2026-04-03 21:19:22.210 [INFO    ] orchestrator: engine:   OOS base rate:         54.4% UP (360 test windows total)
2026-04-03 21:19:22.210 [INFO    ] orchestrator: engine:   Viable WF-OOS signals: 27
2026-04-03 21:19:22.210 [INFO    ] orchestrator: engine: ==========================================================
2026-04-03 21:19:22.213 [INFO    ] orchestrator: engine produced: signals_summary_1775240362.json
2026-04-03 21:19:22.213 [INFO    ] orchestrator: cleaned up old summary: signals_summary_1775231292.json
2026-04-03 21:19:22.215 [INFO    ] orchestrator: ranked 20 signals
2026-04-03 21:19:22.215 [INFO    ] orchestrator:   #2 Up score=36.63 tier=SILVER folds=3/3 idx=[2, 3, 4] p=4.79e-07 ev=0.0621
2026-04-03 21:19:22.215 [INFO    ] orchestrator:   #3 Up score=11.89 tier=SILVER folds=2/3 idx=[2, 4] p=1.26e-06 ev=0.0427
2026-04-03 21:19:22.215 [INFO    ] orchestrator:   #5 Up score=11.15 tier=SILVER folds=3/3 idx=[2, 3, 4] p=2.10e-05 ev=0.0308
2026-04-03 21:19:22.217 [INFO    ] orchestrator:   #4 Up score=10.95 tier=SILVER folds=2/3 idx=[2, 3] p=1.46e-06 ev=0.0361
2026-04-03 21:19:22.217 [INFO    ] orchestrator:   #7 Up score=8.93 tier=SILVER folds=3/3 idx=[2, 3, 4] p=1.26e-04 ev=0.0352
2026-04-03 21:19:22.217 [INFO    ] orchestrator: SILVER SIGNAL: #2 Up [280s->110s] d>=0.1% v<=0.05% (score=36.63 folds=[2, 3, 4])
2026-04-03 21:19:22.230 [INFO    ] shared.ipc: IPC: signal delivered successfully
2026-04-03 21:19:22.232 [INFO    ] orchestrator: silver signal delivered to bot
2026-04-03 21:34:22.242 [INFO    ] orchestrator: data quality check passed: 600 windows available
2026-04-03 21:34:22.242 [INFO    ] orchestrator: starting engine: C:\Users\operator\Desktop\PolySignalLab\PolySignalEngine\build\Release\PolySignalEngine.exe C:\Users\operator\Desktop\PolySignalLab\PolyDataCollector\data --output-dir C:\Users\operator\Desktop\PolySignalLab\engine_output
2026-04-03 21:34:29.120 [INFO    ] orchestrator: engine:   Summary written: C:\Users\operator\Desktop\PolySignalLab\engine_output\signals_summary_1775241269.json
2026-04-03 21:34:29.120 [INFO    ] orchestrator: engine: 
2026-04-03 21:34:29.122 [INFO    ] orchestrator: engine: ==========================================================
2026-04-03 21:34:29.122 [INFO    ] orchestrator: engine:   SUMMARY
2026-04-03 21:34:29.123 [INFO    ] orchestrator: engine: ==========================================================
2026-04-03 21:34:29.123 [INFO    ] orchestrator: engine:   Total windows:         600 (303 UP, 297 DOWN)
2026-04-03 21:34:29.123 [INFO    ] orchestrator: engine:   Walk-forward folds:    5 (3 test iterations)
2026-04-03 21:34:29.123 [INFO    ] orchestrator: engine:   OOS base rate:         54.7% UP (360 test windows total)
2026-04-03 21:34:29.123 [INFO    ] orchestrator: engine:   Viable WF-OOS signals: 33
2026-04-03 21:34:29.123 [INFO    ] orchestrator: engine: ==========================================================
2026-04-03 21:34:29.123 [INFO    ] orchestrator: engine produced: signals_summary_1775241269.json
2026-04-03 21:34:29.123 [INFO    ] orchestrator: cleaned up old summary: signals_summary_1775232199.json
2026-04-03 21:34:29.123 [INFO    ] orchestrator: ranked 20 signals
2026-04-03 21:34:29.123 [INFO    ] orchestrator:   #3 Up score=33.20 tier=SILVER folds=3/3 idx=[2, 3, 4] p=9.16e-07 ev=0.0611
2026-04-03 21:34:29.123 [INFO    ] orchestrator:   #6 Up score=20.68 tier=SILVER folds=3/3 idx=[2, 3, 4] p=7.96e-05 ev=0.0741
2026-04-03 21:34:29.128 [INFO    ] orchestrator:   #2 Up score=12.48 tier=SILVER folds=2/3 idx=[2, 4] p=9.16e-07 ev=0.0422
2026-04-03 21:34:29.128 [INFO    ] orchestrator:   #9 Up score=12.14 tier=SILVER folds=3/3 idx=[2, 3, 4] p=3.16e-04 ev=0.0517
2026-04-03 21:34:29.128 [INFO    ] orchestrator:   #4 Up score=11.13 tier=SILVER folds=3/3 idx=[2, 3, 4] p=3.22e-05 ev=0.0329
2026-04-03 21:34:29.128 [INFO    ] orchestrator: SILVER SIGNAL: #3 Up [280s->110s] d>=0.1% v<=0.05% (score=33.20 folds=[2, 3, 4])
2026-04-03 21:34:29.154 [INFO    ] shared.ipc: IPC: signal delivered successfully
2026-04-03 21:34:29.154 [INFO    ] orchestrator: silver signal delivered to bot
2026-04-03 21:49:29.160 [INFO    ] orchestrator: data quality check passed: 600 windows available
2026-04-03 21:49:29.160 [INFO    ] orchestrator: starting engine: C:\Users\operator\Desktop\PolySignalLab\PolySignalEngine\build\Release\PolySignalEngine.exe C:\Users\operator\Desktop\PolySignalLab\PolyDataCollector\data --output-dir C:\Users\operator\Desktop\PolySignalLab\engine_output
2026-04-03 21:49:36.101 [INFO    ] orchestrator: engine:   Summary written: C:\Users\operator\Desktop\PolySignalLab\engine_output\signals_summary_1775242176.json
2026-04-03 21:49:36.103 [INFO    ] orchestrator: engine: 
2026-04-03 21:49:36.103 [INFO    ] orchestrator: engine: ==========================================================
2026-04-03 21:49:36.103 [INFO    ] orchestrator: engine:   SUMMARY
2026-04-03 21:49:36.103 [INFO    ] orchestrator: engine: ==========================================================
2026-04-03 21:49:36.103 [INFO    ] orchestrator: engine:   Total windows:         600 (302 UP, 298 DOWN)
2026-04-03 21:49:36.103 [INFO    ] orchestrator: engine:   Walk-forward folds:    5 (3 test iterations)
2026-04-03 21:49:36.103 [INFO    ] orchestrator: engine:   OOS base rate:         54.4% UP (360 test windows total)
2026-04-03 21:49:36.103 [INFO    ] orchestrator: engine:   Viable WF-OOS signals: 41
2026-04-03 21:49:36.103 [INFO    ] orchestrator: engine: ==========================================================
2026-04-03 21:49:36.103 [INFO    ] orchestrator: engine produced: signals_summary_1775242176.json
2026-04-03 21:49:36.103 [INFO    ] orchestrator: cleaned up old summary: signals_summary_1775233106.json
2026-04-03 21:49:36.103 [INFO    ] orchestrator: ranked 20 signals
2026-04-03 21:49:36.103 [INFO    ] orchestrator:   #3 Up score=32.25 tier=SILVER folds=3/3 idx=[2, 3, 4] p=1.37e-06 ev=0.0611
2026-04-03 21:49:36.103 [INFO    ] orchestrator:   #1 Up score=21.66 tier=SILVER folds=2/3 idx=[2, 3] p=3.00e-07 ev=0.0610
2026-04-03 21:49:36.103 [INFO    ] orchestrator:   #6 Up score=20.70 tier=SILVER folds=3/3 idx=[2, 3, 4] p=7.92e-05 ev=0.0741
2026-04-03 21:49:36.103 [INFO    ] orchestrator:   #9 Up score=12.16 tier=SILVER folds=3/3 idx=[2, 3, 4] p=3.34e-04 ev=0.0517
2026-04-03 21:49:36.103 [INFO    ] orchestrator:   #4 Up score=11.06 tier=SILVER folds=3/3 idx=[2, 3, 4] p=3.43e-05 ev=0.0329
2026-04-03 21:49:36.111 [INFO    ] orchestrator: SILVER SIGNAL: #3 Up [280s->110s] d>=0.1% v<=0.05% (score=32.25 folds=[2, 3, 4])
2026-04-03 21:49:36.113 [INFO    ] shared.ipc: IPC: signal delivered successfully
2026-04-03 21:49:36.113 [INFO    ] orchestrator: silver signal delivered to bot
2026-04-03 22:04:36.137 [INFO    ] orchestrator: data quality check passed: 600 windows available
2026-04-03 22:04:36.137 [INFO    ] orchestrator: starting engine: C:\Users\operator\Desktop\PolySignalLab\PolySignalEngine\build\Release\PolySignalEngine.exe C:\Users\operator\Desktop\PolySignalLab\PolyDataCollector\data --output-dir C:\Users\operator\Desktop\PolySignalLab\engine_output
2026-04-03 22:04:43.138 [INFO    ] orchestrator: engine:   Summary written: C:\Users\operator\Desktop\PolySignalLab\engine_output\signals_summary_1775243083.json
2026-04-03 22:04:43.138 [INFO    ] orchestrator: engine: 
2026-04-03 22:04:43.138 [INFO    ] orchestrator: engine: ==========================================================
2026-04-03 22:04:43.138 [INFO    ] orchestrator: engine:   SUMMARY
2026-04-03 22:04:43.144 [INFO    ] orchestrator: engine: ==========================================================
2026-04-03 22:04:43.144 [INFO    ] orchestrator: engine:   Total windows:         600 (300 UP, 300 DOWN)
2026-04-03 22:04:43.144 [INFO    ] orchestrator: engine:   Walk-forward folds:    5 (3 test iterations)
2026-04-03 22:04:43.144 [INFO    ] orchestrator: engine:   OOS base rate:         53.9% UP (360 test windows total)
2026-04-03 22:04:43.144 [INFO    ] orchestrator: engine:   Viable WF-OOS signals: 40
2026-04-03 22:04:43.144 [INFO    ] orchestrator: engine: ==========================================================
2026-04-03 22:04:43.144 [INFO    ] orchestrator: engine produced: signals_summary_1775243083.json
2026-04-03 22:04:43.144 [INFO    ] orchestrator: cleaned up old summary: signals_summary_1775234013.json
2026-04-03 22:04:43.144 [INFO    ] orchestrator: ranked 20 signals
2026-04-03 22:04:43.144 [INFO    ] orchestrator:   #3 Up score=33.02 tier=SILVER folds=3/3 idx=[2, 3, 4] p=9.91e-07 ev=0.0611
2026-04-03 22:04:43.144 [INFO    ] orchestrator:   #4 Down score=30.02 tier=SILVER folds=3/3 idx=[2, 3, 4] p=2.42e-06 ev=0.0729
2026-04-03 22:04:43.144 [INFO    ] orchestrator:   #2 Up score=12.41 tier=SILVER folds=2/3 idx=[2, 4] p=9.91e-07 ev=0.0422
2026-04-03 22:04:43.144 [INFO    ] orchestrator:   #10 Up score=11.42 tier=SILVER folds=3/3 idx=[2, 3, 4] p=6.47e-04 ev=0.0590
2026-04-03 22:04:43.144 [INFO    ] orchestrator:   #5 Up score=9.37 tier=SILVER folds=3/3 idx=[2, 3, 4] p=2.43e-05 ev=0.0275
2026-04-03 22:04:43.144 [INFO    ] orchestrator: SILVER SIGNAL: #3 Up [280s->110s] d>=0.1% v<=0.05% (score=33.02 folds=[2, 3, 4])
2026-04-03 22:04:43.159 [INFO    ] shared.ipc: IPC: signal delivered successfully
2026-04-03 22:04:43.159 [INFO    ] orchestrator: silver signal delivered to bot
2026-04-03 22:19:43.168 [INFO    ] orchestrator: data quality check passed: 600 windows available
2026-04-03 22:19:43.168 [INFO    ] orchestrator: starting engine: C:\Users\operator\Desktop\PolySignalLab\PolySignalEngine\build\Release\PolySignalEngine.exe C:\Users\operator\Desktop\PolySignalLab\PolyDataCollector\data --output-dir C:\Users\operator\Desktop\PolySignalLab\engine_output
2026-04-03 22:19:49.931 [INFO    ] orchestrator: engine:   Summary written: C:\Users\operator\Desktop\PolySignalLab\engine_output\signals_summary_1775243989.json
2026-04-03 22:19:49.931 [INFO    ] orchestrator: engine: 
2026-04-03 22:19:49.931 [INFO    ] orchestrator: engine: ==========================================================
2026-04-03 22:19:49.931 [INFO    ] orchestrator: engine:   SUMMARY
2026-04-03 22:19:49.931 [INFO    ] orchestrator: engine: ==========================================================
2026-04-03 22:19:49.931 [INFO    ] orchestrator: engine:   Total windows:         600 (299 UP, 301 DOWN)
2026-04-03 22:19:49.931 [INFO    ] orchestrator: engine:   Walk-forward folds:    5 (3 test iterations)
2026-04-03 22:19:49.931 [INFO    ] orchestrator: engine:   OOS base rate:         53.9% UP (360 test windows total)
2026-04-03 22:19:49.931 [INFO    ] orchestrator: engine:   Viable WF-OOS signals: 37
2026-04-03 22:19:49.931 [INFO    ] orchestrator: engine: ==========================================================
2026-04-03 22:19:49.931 [INFO    ] orchestrator: engine produced: signals_summary_1775243989.json
2026-04-03 22:19:49.931 [INFO    ] orchestrator: cleaned up old summary: signals_summary_1775234920.json
2026-04-03 22:19:49.931 [INFO    ] orchestrator: ranked 20 signals
2026-04-03 22:19:49.931 [INFO    ] orchestrator:   #3 Up score=33.48 tier=SILVER folds=3/3 idx=[2, 3, 4] p=8.16e-07 ev=0.0611
2026-04-03 22:19:49.931 [INFO    ] orchestrator:   #5 Down score=30.05 tier=SILVER folds=3/3 idx=[2, 3, 4] p=2.40e-06 ev=0.0729
2026-04-03 22:19:49.931 [INFO    ] orchestrator:   #9 Up score=23.97 tier=SILVER folds=3/3 idx=[2, 3, 4] p=1.60e-04 ev=0.1020
2026-04-03 22:19:49.931 [INFO    ] orchestrator:   #7 Up score=13.34 tier=SILVER folds=3/3 idx=[2, 3, 4] p=9.98e-05 ev=0.0524
2026-04-03 22:19:49.931 [INFO    ] orchestrator:   #2 Up score=12.59 tier=SILVER folds=2/3 idx=[2, 4] p=8.16e-07 ev=0.0422
2026-04-03 22:19:49.947 [INFO    ] orchestrator: SILVER SIGNAL: #3 Up [280s->110s] d>=0.1% v<=0.05% (score=33.48 folds=[2, 3, 4])
2026-04-03 22:19:49.947 [INFO    ] shared.ipc: IPC: signal delivered successfully
2026-04-03 22:19:49.947 [INFO    ] orchestrator: silver signal delivered to bot
2026-04-03 22:34:49.966 [INFO    ] orchestrator: data quality check passed: 600 windows available
2026-04-03 22:34:49.968 [INFO    ] orchestrator: starting engine: C:\Users\operator\Desktop\PolySignalLab\PolySignalEngine\build\Release\PolySignalEngine.exe C:\Users\operator\Desktop\PolySignalLab\PolyDataCollector\data --output-dir C:\Users\operator\Desktop\PolySignalLab\engine_output
2026-04-03 22:34:56.889 [INFO    ] orchestrator: engine:   Summary written: C:\Users\operator\Desktop\PolySignalLab\engine_output\signals_summary_1775244896.json
2026-04-03 22:34:56.889 [INFO    ] orchestrator: engine: 
2026-04-03 22:34:56.889 [INFO    ] orchestrator: engine: ==========================================================
2026-04-03 22:34:56.889 [INFO    ] orchestrator: engine:   SUMMARY
2026-04-03 22:34:56.889 [INFO    ] orchestrator: engine: ==========================================================
2026-04-03 22:34:56.889 [INFO    ] orchestrator: engine:   Total windows:         600 (300 UP, 300 DOWN)
2026-04-03 22:34:56.889 [INFO    ] orchestrator: engine:   Walk-forward folds:    5 (3 test iterations)
2026-04-03 22:34:56.889 [INFO    ] orchestrator: engine:   OOS base rate:         54.2% UP (360 test windows total)
2026-04-03 22:34:56.889 [INFO    ] orchestrator: engine:   Viable WF-OOS signals: 36
2026-04-03 22:34:56.889 [INFO    ] orchestrator: engine: ==========================================================
2026-04-03 22:34:56.889 [INFO    ] orchestrator: engine produced: signals_summary_1775244896.json
2026-04-03 22:34:56.889 [INFO    ] orchestrator: cleaned up old summary: signals_summary_1775235827.json
2026-04-03 22:34:56.889 [INFO    ] orchestrator: ranked 20 signals
2026-04-03 22:34:56.889 [INFO    ] orchestrator:   #4 Up score=41.47 tier=SILVER folds=3/3 idx=[2, 3, 4] p=1.01e-05 ev=0.1186
2026-04-03 22:34:56.889 [INFO    ] orchestrator:   #2 Up score=41.06 tier=SILVER folds=3/3 idx=[2, 3, 4] p=6.50e-07 ev=0.0711
2026-04-03 22:34:56.889 [INFO    ] orchestrator:   #11 Up score=23.97 tier=SILVER folds=3/3 idx=[2, 3, 4] p=1.60e-04 ev=0.1020
2026-04-03 22:34:56.889 [INFO    ] orchestrator:   #1 Up score=20.54 tier=SILVER folds=2/3 idx=[2, 3] p=6.50e-07 ev=0.0610
2026-04-03 22:34:56.889 [INFO    ] orchestrator:   #7 Up score=19.03 tier=SILVER folds=3/3 idx=[2, 3, 4] p=7.06e-05 ev=0.0682
2026-04-03 22:34:56.889 [INFO    ] orchestrator: SILVER SIGNAL: #4 Up [280s->180s] d>=0.1% v<=0.05% (score=41.47 folds=[2, 3, 4])
2026-04-03 22:34:56.905 [INFO    ] shared.ipc: IPC: signal delivered successfully
2026-04-03 22:34:56.905 [INFO    ] orchestrator: silver signal delivered to bot
2026-04-03 22:49:56.917 [INFO    ] orchestrator: data quality check passed: 600 windows available
2026-04-03 22:49:56.917 [INFO    ] orchestrator: starting engine: C:\Users\operator\Desktop\PolySignalLab\PolySignalEngine\build\Release\PolySignalEngine.exe C:\Users\operator\Desktop\PolySignalLab\PolyDataCollector\data --output-dir C:\Users\operator\Desktop\PolySignalLab\engine_output
2026-04-03 22:50:03.819 [INFO    ] orchestrator: engine:   Summary written: C:\Users\operator\Desktop\PolySignalLab\engine_output\signals_summary_1775245803.json
2026-04-03 22:50:03.819 [INFO    ] orchestrator: engine: 
2026-04-03 22:50:03.819 [INFO    ] orchestrator: engine: ==========================================================
2026-04-03 22:50:03.819 [INFO    ] orchestrator: engine:   SUMMARY
2026-04-03 22:50:03.819 [INFO    ] orchestrator: engine: ==========================================================
2026-04-03 22:50:03.819 [INFO    ] orchestrator: engine:   Total windows:         600 (303 UP, 297 DOWN)
2026-04-03 22:50:03.819 [INFO    ] orchestrator: engine:   Walk-forward folds:    5 (3 test iterations)
2026-04-03 22:50:03.819 [INFO    ] orchestrator: engine:   OOS base rate:         54.7% UP (360 test windows total)
2026-04-03 22:50:03.819 [INFO    ] orchestrator: engine:   Viable WF-OOS signals: 33
2026-04-03 22:50:03.819 [INFO    ] orchestrator: engine: ==========================================================
2026-04-03 22:50:03.819 [INFO    ] orchestrator: engine produced: signals_summary_1775245803.json
2026-04-03 22:50:03.819 [INFO    ] orchestrator: cleaned up old summary: signals_summary_1775236734.json
2026-04-03 22:50:03.819 [INFO    ] orchestrator: ranked 20 signals
2026-04-03 22:50:03.819 [INFO    ] orchestrator:   #1 Up score=49.85 tier=GOLDEN folds=3/3 idx=[2, 3, 4] p=1.54e-08 ev=0.0638
2026-04-03 22:50:03.819 [INFO    ] orchestrator:   #2 Up score=38.16 tier=SILVER folds=3/3 idx=[2, 3, 4] p=1.56e-06 ev=0.0730
2026-04-03 22:50:03.819 [INFO    ] orchestrator:   #7 Up score=23.35 tier=SILVER folds=3/3 idx=[2, 3, 4] p=2.01e-04 ev=0.1020
2026-04-03 22:50:03.819 [INFO    ] orchestrator:   #4 Up score=16.32 tier=SILVER folds=3/3 idx=[2, 3, 4] p=1.25e-04 ev=0.0657
2026-04-03 22:50:03.819 [INFO    ] orchestrator:   #5 Up score=15.53 tier=SILVER folds=3/3 idx=[2, 3, 4] p=2.01e-04 ev=0.0675
2026-04-03 22:50:03.819 [INFO    ] orchestrator: GOLDEN SIGNAL: #1 Up [230s->110s] d>=0.1% v<=0.05% (score=49.85 folds=[2, 3, 4])
2026-04-03 22:50:03.833 [INFO    ] shared.ipc: IPC: signal delivered successfully
2026-04-03 22:50:03.833 [INFO    ] orchestrator: golden signal delivered to bot
2026-04-03 23:05:03.854 [INFO    ] orchestrator: data quality check passed: 600 windows available
2026-04-03 23:05:03.854 [INFO    ] orchestrator: starting engine: C:\Users\operator\Desktop\PolySignalLab\PolySignalEngine\build\Release\PolySignalEngine.exe C:\Users\operator\Desktop\PolySignalLab\PolyDataCollector\data --output-dir C:\Users\operator\Desktop\PolySignalLab\engine_output
2026-04-03 23:05:10.655 [INFO    ] orchestrator: engine:   Summary written: C:\Users\operator\Desktop\PolySignalLab\engine_output\signals_summary_1775246710.json
2026-04-03 23:05:10.655 [INFO    ] orchestrator: engine: 
2026-04-03 23:05:10.655 [INFO    ] orchestrator: engine: ==========================================================
2026-04-03 23:05:10.655 [INFO    ] orchestrator: engine:   SUMMARY
2026-04-03 23:05:10.655 [INFO    ] orchestrator: engine: ==========================================================
2026-04-03 23:05:10.655 [INFO    ] orchestrator: engine:   Total windows:         600 (304 UP, 296 DOWN)
2026-04-03 23:05:10.655 [INFO    ] orchestrator: engine:   Walk-forward folds:    5 (3 test iterations)
2026-04-03 23:05:10.655 [INFO    ] orchestrator: engine:   OOS base rate:         54.4% UP (360 test windows total)
2026-04-03 23:05:10.655 [INFO    ] orchestrator: engine:   Viable WF-OOS signals: 32
2026-04-03 23:05:10.655 [INFO    ] orchestrator: engine: ==========================================================
2026-04-03 23:05:10.655 [INFO    ] orchestrator: engine produced: signals_summary_1775246710.json
2026-04-03 23:05:10.655 [INFO    ] orchestrator: cleaned up old summary: signals_summary_1775237641.json
2026-04-03 23:05:10.655 [INFO    ] orchestrator: ranked 20 signals
2026-04-03 23:05:10.655 [INFO    ] orchestrator:   #1 Up score=46.08 tier=GOLDEN folds=3/3 idx=[2, 3, 4] p=4.36e-08 ev=0.0626
2026-04-03 23:05:10.655 [INFO    ] orchestrator:   #2 Up score=35.84 tier=SILVER folds=3/3 idx=[2, 3, 4] p=1.77e-06 ev=0.0719
2026-04-03 23:05:10.655 [INFO    ] orchestrator:   #6 Up score=16.71 tier=SILVER folds=3/3 idx=[2, 3, 4] p=1.01e-04 ev=0.0657
2026-04-03 23:05:10.655 [INFO    ] orchestrator:   #5 Up score=9.30 tier=SILVER folds=3/3 idx=[2, 3, 4] p=7.39e-05 ev=0.0341
2026-04-03 23:05:10.655 [INFO    ] orchestrator:   #20 Up score=8.88 tier=SILVER folds=2/3 idx=[2, 3] p=7.59e-05 ev=0.0556
2026-04-03 23:05:10.655 [INFO    ] orchestrator: GOLDEN SIGNAL: #1 Up [230s->110s] d>=0.1% v<=0.05% (score=46.08 folds=[2, 3, 4])
2026-04-03 23:05:10.668 [INFO    ] shared.ipc: IPC: signal delivered successfully
2026-04-03 23:05:10.668 [INFO    ] orchestrator: golden signal delivered to bot
2026-04-03 23:20:10.689 [INFO    ] orchestrator: data quality check passed: 600 windows available
2026-04-03 23:20:10.689 [INFO    ] orchestrator: starting engine: C:\Users\operator\Desktop\PolySignalLab\PolySignalEngine\build\Release\PolySignalEngine.exe C:\Users\operator\Desktop\PolySignalLab\PolyDataCollector\data --output-dir C:\Users\operator\Desktop\PolySignalLab\engine_output
2026-04-03 23:20:17.462 [INFO    ] orchestrator: engine:   Summary written: C:\Users\operator\Desktop\PolySignalLab\engine_output\signals_summary_1775247617.json
2026-04-03 23:20:17.462 [INFO    ] orchestrator: engine: 
2026-04-03 23:20:17.466 [INFO    ] orchestrator: engine: ==========================================================
2026-04-03 23:20:17.466 [INFO    ] orchestrator: engine:   SUMMARY
2026-04-03 23:20:17.466 [INFO    ] orchestrator: engine: ==========================================================
2026-04-03 23:20:17.466 [INFO    ] orchestrator: engine:   Total windows:         600 (305 UP, 295 DOWN)
2026-04-03 23:20:17.466 [INFO    ] orchestrator: engine:   Walk-forward folds:    5 (3 test iterations)
2026-04-03 23:20:17.468 [INFO    ] orchestrator: engine:   OOS base rate:         54.4% UP (360 test windows total)
2026-04-03 23:20:17.468 [INFO    ] orchestrator: engine:   Viable WF-OOS signals: 32
2026-04-03 23:20:17.468 [INFO    ] orchestrator: engine: ==========================================================
2026-04-03 23:20:17.468 [INFO    ] orchestrator: engine produced: signals_summary_1775247617.json
2026-04-03 23:20:17.468 [INFO    ] orchestrator: cleaned up old summary: signals_summary_1775238548.json
2026-04-03 23:20:17.468 [INFO    ] orchestrator: ranked 20 signals
2026-04-03 23:20:17.468 [INFO    ] orchestrator:   #1 Up score=42.57 tier=GOLDEN folds=3/3 idx=[2, 3, 4] p=1.51e-07 ev=0.0624
2026-04-03 23:20:17.468 [INFO    ] orchestrator:   #2 Up score=35.28 tier=SILVER folds=3/3 idx=[2, 3, 4] p=2.18e-06 ev=0.0719
2026-04-03 23:20:17.468 [INFO    ] orchestrator:   #6 Up score=16.52 tier=SILVER folds=3/3 idx=[2, 3, 4] p=1.12e-04 ev=0.0657
2026-04-03 23:20:17.468 [INFO    ] orchestrator:   #5 Up score=9.36 tier=SILVER folds=3/3 idx=[2, 3, 4] p=6.94e-05 ev=0.0341
2026-04-03 23:20:17.468 [INFO    ] orchestrator:   #10 Up score=4.63 tier=OVERFIT_DANGER folds=1/3 idx=[3] p=2.73e-05 ev=0.0654
2026-04-03 23:20:17.468 [INFO    ] orchestrator: GOLDEN SIGNAL: #1 Up [230s->110s] d>=0.1% v<=0.05% (score=42.57 folds=[2, 3, 4])
2026-04-03 23:20:17.484 [INFO    ] shared.ipc: IPC: signal delivered successfully
2026-04-03 23:20:17.484 [INFO    ] orchestrator: golden signal delivered to bot
2026-04-03 23:35:17.495 [INFO    ] orchestrator: data quality check passed: 600 windows available
2026-04-03 23:35:17.495 [INFO    ] orchestrator: starting engine: C:\Users\operator\Desktop\PolySignalLab\PolySignalEngine\build\Release\PolySignalEngine.exe C:\Users\operator\Desktop\PolySignalLab\PolyDataCollector\data --output-dir C:\Users\operator\Desktop\PolySignalLab\engine_output
2026-04-03 23:35:24.236 [INFO    ] orchestrator: engine:   Summary written: C:\Users\operator\Desktop\PolySignalLab\engine_output\signals_summary_1775248524.json
2026-04-03 23:35:24.236 [INFO    ] orchestrator: engine: 
2026-04-03 23:35:24.239 [INFO    ] orchestrator: engine: ==========================================================
2026-04-03 23:35:24.239 [INFO    ] orchestrator: engine:   SUMMARY
2026-04-03 23:35:24.239 [INFO    ] orchestrator: engine: ==========================================================
2026-04-03 23:35:24.239 [INFO    ] orchestrator: engine:   Total windows:         600 (305 UP, 295 DOWN)
2026-04-03 23:35:24.239 [INFO    ] orchestrator: engine:   Walk-forward folds:    5 (3 test iterations)
2026-04-03 23:35:24.240 [INFO    ] orchestrator: engine:   OOS base rate:         53.9% UP (360 test windows total)
2026-04-03 23:35:24.240 [INFO    ] orchestrator: engine:   Viable WF-OOS signals: 30
2026-04-03 23:35:24.240 [INFO    ] orchestrator: engine: ==========================================================
2026-04-03 23:35:24.240 [INFO    ] orchestrator: engine produced: signals_summary_1775248524.json
2026-04-03 23:35:24.240 [INFO    ] orchestrator: cleaned up old summary: signals_summary_1775239455.json
2026-04-03 23:35:24.240 [INFO    ] orchestrator: ranked 20 signals
2026-04-03 23:35:24.240 [INFO    ] orchestrator:   #1 Up score=46.75 tier=GOLDEN folds=3/3 idx=[2, 3, 4] p=3.22e-08 ev=0.0624
2026-04-03 23:35:24.240 [INFO    ] orchestrator:   #2 Up score=36.79 tier=SILVER folds=3/3 idx=[2, 3, 4] p=1.25e-06 ev=0.0719
2026-04-03 23:35:24.245 [INFO    ] orchestrator:   #5 Up score=17.01 tier=SILVER folds=3/3 idx=[2, 3, 4] p=9.25e-05 ev=0.0657
2026-04-03 23:35:24.245 [INFO    ] orchestrator:   #4 Up score=9.58 tier=SILVER folds=3/3 idx=[2, 3, 4] p=6.14e-05 ev=0.0341
2026-04-03 23:35:24.245 [INFO    ] orchestrator:   #19 Up score=6.20 tier=SILVER folds=2/3 idx=[2, 3] p=1.81e-05 ev=0.0357
2026-04-03 23:35:24.245 [INFO    ] orchestrator: GOLDEN SIGNAL: #1 Up [230s->110s] d>=0.1% v<=0.05% (score=46.75 folds=[2, 3, 4])
2026-04-03 23:35:24.245 [INFO    ] shared.ipc: IPC: signal delivered successfully
2026-04-03 23:35:24.245 [INFO    ] orchestrator: golden signal delivered to bot
2026-04-03 23:50:24.270 [INFO    ] orchestrator: data quality check passed: 600 windows available
2026-04-03 23:50:24.270 [INFO    ] orchestrator: starting engine: C:\Users\operator\Desktop\PolySignalLab\PolySignalEngine\build\Release\PolySignalEngine.exe C:\Users\operator\Desktop\PolySignalLab\PolyDataCollector\data --output-dir C:\Users\operator\Desktop\PolySignalLab\engine_output
2026-04-03 23:50:31.022 [INFO    ] orchestrator: engine:   Summary written: C:\Users\operator\Desktop\PolySignalLab\engine_output\signals_summary_1775249430.json
2026-04-03 23:50:31.022 [INFO    ] orchestrator: engine: 
2026-04-03 23:50:31.022 [INFO    ] orchestrator: engine: ==========================================================
2026-04-03 23:50:31.022 [INFO    ] orchestrator: engine:   SUMMARY
2026-04-03 23:50:31.022 [INFO    ] orchestrator: engine: ==========================================================
2026-04-03 23:50:31.022 [INFO    ] orchestrator: engine:   Total windows:         600 (304 UP, 296 DOWN)
2026-04-03 23:50:31.022 [INFO    ] orchestrator: engine:   Walk-forward folds:    5 (3 test iterations)
2026-04-03 23:50:31.022 [INFO    ] orchestrator: engine:   OOS base rate:         53.3% UP (360 test windows total)
2026-04-03 23:50:31.022 [INFO    ] orchestrator: engine:   Viable WF-OOS signals: 29
2026-04-03 23:50:31.022 [INFO    ] orchestrator: engine: ==========================================================
2026-04-03 23:50:31.022 [INFO    ] orchestrator: engine produced: signals_summary_1775249430.json
2026-04-03 23:50:31.022 [INFO    ] orchestrator: cleaned up old summary: signals_summary_1775240362.json
2026-04-03 23:50:31.022 [INFO    ] orchestrator: ranked 20 signals
2026-04-03 23:50:31.022 [INFO    ] orchestrator:   #3 Down score=48.22 tier=SILVER folds=3/3 idx=[2, 3, 4] p=7.86e-07 ev=0.1077
2026-04-03 23:50:31.022 [INFO    ] orchestrator:   #1 Up score=37.39 tier=SILVER folds=3/3 idx=[2, 3, 4] p=9.97e-07 ev=0.0719
2026-04-03 23:50:31.035 [INFO    ] orchestrator:   #2 Up score=16.08 tier=SILVER folds=2/3 idx=[2, 3] p=1.35e-06 ev=0.0604
2026-04-03 23:50:31.035 [INFO    ] orchestrator:   #6 Up score=14.42 tier=SILVER folds=3/3 idx=[2, 3, 4] p=1.26e-04 ev=0.0610
2026-04-03 23:50:31.035 [INFO    ] orchestrator:   #5 Up score=9.78 tier=SILVER folds=3/3 idx=[2, 3, 4] p=4.99e-05 ev=0.0341
2026-04-03 23:50:31.035 [INFO    ] orchestrator: SILVER SIGNAL: #3 Down [240s->200s] d>=0.1% v<=0.05% (score=48.22 folds=[2, 3, 4])
2026-04-03 23:50:31.048 [INFO    ] shared.ipc: IPC: signal delivered successfully
2026-04-03 23:50:31.048 [INFO    ] orchestrator: silver signal delivered to bot
2026-04-04 00:05:31.059 [INFO    ] orchestrator: data quality check passed: 600 windows available
2026-04-04 00:05:31.059 [INFO    ] orchestrator: starting engine: C:\Users\operator\Desktop\PolySignalLab\PolySignalEngine\build\Release\PolySignalEngine.exe C:\Users\operator\Desktop\PolySignalLab\PolyDataCollector\data --output-dir C:\Users\operator\Desktop\PolySignalLab\engine_output
2026-04-04 00:05:37.903 [INFO    ] orchestrator: engine:   Summary written: C:\Users\operator\Desktop\PolySignalLab\engine_output\signals_summary_1775250337.json
2026-04-04 00:05:37.903 [INFO    ] orchestrator: engine: 
2026-04-04 00:05:37.903 [INFO    ] orchestrator: engine: ==========================================================
2026-04-04 00:05:37.903 [INFO    ] orchestrator: engine:   SUMMARY
2026-04-04 00:05:37.903 [INFO    ] orchestrator: engine: ==========================================================
2026-04-04 00:05:37.905 [INFO    ] orchestrator: engine:   Total windows:         600 (301 UP, 299 DOWN)
2026-04-04 00:05:37.905 [INFO    ] orchestrator: engine:   Walk-forward folds:    5 (3 test iterations)
2026-04-04 00:05:37.905 [INFO    ] orchestrator: engine:   OOS base rate:         53.1% UP (360 test windows total)
2026-04-04 00:05:37.905 [INFO    ] orchestrator: engine:   Viable WF-OOS signals: 30
2026-04-04 00:05:37.905 [INFO    ] orchestrator: engine: ==========================================================
2026-04-04 00:05:37.905 [INFO    ] orchestrator: engine produced: signals_summary_1775250337.json
2026-04-04 00:05:37.905 [INFO    ] orchestrator: cleaned up old summary: signals_summary_1775241269.json
2026-04-04 00:05:37.908 [INFO    ] orchestrator: ranked 20 signals
2026-04-04 00:05:37.908 [INFO    ] orchestrator:   #4 Down score=43.98 tier=SILVER folds=3/3 idx=[2, 3, 4] p=1.36e-06 ev=0.1071
2026-04-04 00:05:37.908 [INFO    ] orchestrator:   #1 Up score=36.56 tier=SILVER folds=3/3 idx=[2, 3, 4] p=1.36e-06 ev=0.0719
2026-04-04 00:05:37.908 [INFO    ] orchestrator:   #2 Up score=16.61 tier=SILVER folds=2/3 idx=[2, 4] p=5.07e-06 ev=0.0786
2026-04-04 00:05:37.908 [INFO    ] orchestrator:   #3 Up score=10.90 tier=SILVER folds=2/3 idx=[2, 4] p=7.31e-06 ev=0.0557
2026-04-04 00:05:37.908 [INFO    ] orchestrator:   #10 Up score=8.23 tier=OVERFIT_DANGER folds=1/3 idx=[3] p=9.07e-06 ev=0.1044
2026-04-04 00:05:37.908 [INFO    ] orchestrator: SILVER SIGNAL: #4 Down [240s->200s] d>=0.1% v<=0.05% (score=43.98 folds=[2, 3, 4])
2026-04-04 00:05:37.908 [INFO    ] shared.ipc: IPC: signal delivered successfully
2026-04-04 00:05:37.908 [INFO    ] orchestrator: silver signal delivered to bot
2026-04-04 00:20:37.930 [INFO    ] orchestrator: data quality check passed: 600 windows available
2026-04-04 00:20:37.930 [INFO    ] orchestrator: starting engine: C:\Users\operator\Desktop\PolySignalLab\PolySignalEngine\build\Release\PolySignalEngine.exe C:\Users\operator\Desktop\PolySignalLab\PolyDataCollector\data --output-dir C:\Users\operator\Desktop\PolySignalLab\engine_output
2026-04-04 00:20:44.841 [INFO    ] orchestrator: engine:   Summary written: C:\Users\operator\Desktop\PolySignalLab\engine_output\signals_summary_1775251244.json
2026-04-04 00:20:44.841 [INFO    ] orchestrator: engine: 
2026-04-04 00:20:44.841 [INFO    ] orchestrator: engine: ==========================================================
2026-04-04 00:20:44.841 [INFO    ] orchestrator: engine:   SUMMARY
2026-04-04 00:20:44.843 [INFO    ] orchestrator: engine: ==========================================================
2026-04-04 00:20:44.843 [INFO    ] orchestrator: engine:   Total windows:         600 (304 UP, 296 DOWN)
2026-04-04 00:20:44.843 [INFO    ] orchestrator: engine:   Walk-forward folds:    5 (3 test iterations)
2026-04-04 00:20:44.843 [INFO    ] orchestrator: engine:   OOS base rate:         53.3% UP (360 test windows total)
2026-04-04 00:20:44.843 [INFO    ] orchestrator: engine:   Viable WF-OOS signals: 29
2026-04-04 00:20:44.843 [INFO    ] orchestrator: engine: ==========================================================
2026-04-04 00:20:44.843 [INFO    ] orchestrator: engine produced: signals_summary_1775251244.json
2026-04-04 00:20:44.843 [INFO    ] orchestrator: cleaned up old summary: signals_summary_1775242176.json
2026-04-04 00:20:44.843 [INFO    ] orchestrator: ranked 20 signals
2026-04-04 00:20:44.843 [INFO    ] orchestrator:   #1 Up score=36.97 tier=SILVER folds=3/3 idx=[2, 3, 4] p=1.16e-06 ev=0.0719
2026-04-04 00:20:44.843 [INFO    ] orchestrator:   #2 Up score=15.69 tier=SILVER folds=2/3 idx=[2, 4] p=7.10e-06 ev=0.0800
2026-04-04 00:20:44.843 [INFO    ] orchestrator:   #3 Up score=10.26 tier=SILVER folds=2/3 idx=[2, 4] p=1.10e-05 ev=0.0570
2026-04-04 00:20:44.843 [INFO    ] orchestrator:   #4 Up score=9.90 tier=SILVER folds=3/3 idx=[2, 3, 4] p=4.42e-05 ev=0.0341
2026-04-04 00:20:44.843 [INFO    ] orchestrator:   #6 Down score=8.94 tier=OVERFIT_DANGER folds=1/3 idx=[3] p=1.47e-07 ev=0.0777
2026-04-04 00:20:44.843 [INFO    ] orchestrator: SILVER SIGNAL: #1 Up [280s->110s] d>=0.1% v<=0.05% (score=36.97 folds=[2, 3, 4])
2026-04-04 00:20:44.882 [INFO    ] shared.ipc: IPC: signal delivered successfully
2026-04-04 00:20:44.882 [INFO    ] orchestrator: silver signal delivered to bot
2026-04-04 00:35:44.888 [INFO    ] orchestrator: data quality check passed: 600 windows available
2026-04-04 00:35:44.888 [INFO    ] orchestrator: starting engine: C:\Users\operator\Desktop\PolySignalLab\PolySignalEngine\build\Release\PolySignalEngine.exe C:\Users\operator\Desktop\PolySignalLab\PolyDataCollector\data --output-dir C:\Users\operator\Desktop\PolySignalLab\engine_output
2026-04-04 00:35:51.758 [INFO    ] orchestrator: engine:   Summary written: C:\Users\operator\Desktop\PolySignalLab\engine_output\signals_summary_1775252151.json
2026-04-04 00:35:51.758 [INFO    ] orchestrator: engine: 
2026-04-04 00:35:51.758 [INFO    ] orchestrator: engine: ==========================================================
2026-04-04 00:35:51.758 [INFO    ] orchestrator: engine:   SUMMARY
2026-04-04 00:35:51.761 [INFO    ] orchestrator: engine: ==========================================================
2026-04-04 00:35:51.761 [INFO    ] orchestrator: engine:   Total windows:         600 (303 UP, 297 DOWN)
2026-04-04 00:35:51.761 [INFO    ] orchestrator: engine:   Walk-forward folds:    5 (3 test iterations)
2026-04-04 00:35:51.761 [INFO    ] orchestrator: engine:   OOS base rate:         53.3% UP (360 test windows total)
2026-04-04 00:35:51.761 [INFO    ] orchestrator: engine:   Viable WF-OOS signals: 33
2026-04-04 00:35:51.763 [INFO    ] orchestrator: engine: ==========================================================
2026-04-04 00:35:51.763 [INFO    ] orchestrator: engine produced: signals_summary_1775252151.json
2026-04-04 00:35:51.765 [INFO    ] orchestrator: cleaned up old summary: signals_summary_1775243083.json
2026-04-04 00:35:51.765 [INFO    ] orchestrator: ranked 20 signals
2026-04-04 00:35:51.765 [INFO    ] orchestrator:   #1 Up score=35.85 tier=SILVER folds=3/3 idx=[2, 3, 4] p=1.77e-06 ev=0.0719
2026-04-04 00:35:51.765 [INFO    ] orchestrator:   #2 Up score=13.01 tier=SILVER folds=2/3 idx=[2, 3] p=4.89e-06 ev=0.0587
2026-04-04 00:35:51.765 [INFO    ] orchestrator:   #3 Up score=11.92 tier=SILVER folds=2/3 idx=[2, 3] p=1.36e-05 ev=0.0675
2026-04-04 00:35:51.765 [INFO    ] orchestrator:   #10 Up score=8.56 tier=OVERFIT_DANGER folds=1/3 idx=[3] p=1.06e-05 ev=0.1097
2026-04-04 00:35:51.765 [INFO    ] orchestrator:   #6 Down score=7.95 tier=OVERFIT_DANGER folds=1/3 idx=[3] p=5.82e-07 ev=0.0760
2026-04-04 00:35:51.765 [INFO    ] orchestrator: SILVER SIGNAL: #1 Up [280s->110s] d>=0.1% v<=0.05% (score=35.85 folds=[2, 3, 4])
2026-04-04 00:35:51.777 [INFO    ] shared.ipc: IPC: signal delivered successfully
2026-04-04 00:35:51.777 [INFO    ] orchestrator: silver signal delivered to bot
2026-04-04 00:50:51.793 [INFO    ] orchestrator: data quality check passed: 600 windows available
2026-04-04 00:50:51.793 [INFO    ] orchestrator: starting engine: C:\Users\operator\Desktop\PolySignalLab\PolySignalEngine\build\Release\PolySignalEngine.exe C:\Users\operator\Desktop\PolySignalLab\PolyDataCollector\data --output-dir C:\Users\operator\Desktop\PolySignalLab\engine_output
2026-04-04 00:50:58.640 [INFO    ] orchestrator: engine:   Summary written: C:\Users\operator\Desktop\PolySignalLab\engine_output\signals_summary_1775253058.json
2026-04-04 00:50:58.640 [INFO    ] orchestrator: engine: 
2026-04-04 00:50:58.640 [INFO    ] orchestrator: engine: ==========================================================
2026-04-04 00:50:58.642 [INFO    ] orchestrator: engine:   SUMMARY
2026-04-04 00:50:58.642 [INFO    ] orchestrator: engine: ==========================================================
2026-04-04 00:50:58.642 [INFO    ] orchestrator: engine:   Total windows:         600 (302 UP, 298 DOWN)
2026-04-04 00:50:58.642 [INFO    ] orchestrator: engine:   Walk-forward folds:    5 (3 test iterations)
2026-04-04 00:50:58.642 [INFO    ] orchestrator: engine:   OOS base rate:         53.3% UP (360 test windows total)
2026-04-04 00:50:58.642 [INFO    ] orchestrator: engine:   Viable WF-OOS signals: 31
2026-04-04 00:50:58.644 [INFO    ] orchestrator: engine: ==========================================================
2026-04-04 00:50:58.644 [INFO    ] orchestrator: engine produced: signals_summary_1775253058.json
2026-04-04 00:50:58.645 [INFO    ] orchestrator: cleaned up old summary: signals_summary_1775243989.json
2026-04-04 00:50:58.647 [INFO    ] orchestrator: ranked 20 signals
2026-04-04 00:50:58.647 [INFO    ] orchestrator:   #1 Up score=38.09 tier=SILVER folds=3/3 idx=[2, 3, 4] p=7.73e-07 ev=0.0719
2026-04-04 00:50:58.647 [INFO    ] orchestrator:   #12 Up score=10.53 tier=OVERFIT_DANGER folds=1/3 idx=[3] p=3.94e-06 ev=0.1223
2026-04-04 00:50:58.647 [INFO    ] orchestrator:   #4 Up score=10.43 tier=SILVER folds=3/3 idx=[2, 3, 4] p=1.14e-05 ev=0.0276
2026-04-04 00:50:58.647 [INFO    ] orchestrator:   #10 Up score=9.55 tier=OVERFIT_DANGER folds=1/3 idx=[3] p=7.73e-07 ev=0.0974
2026-04-04 00:50:58.649 [INFO    ] orchestrator:   #8 Down score=8.35 tier=OVERFIT_DANGER folds=1/3 idx=[3] p=3.45e-07 ev=0.0772
2026-04-04 00:50:58.649 [INFO    ] orchestrator: SILVER SIGNAL: #1 Up [280s->110s] d>=0.1% v<=0.05% (score=38.09 folds=[2, 3, 4])
2026-04-04 00:50:58.659 [INFO    ] shared.ipc: IPC: signal delivered successfully
2026-04-04 00:50:58.659 [INFO    ] orchestrator: silver signal delivered to bot
2026-04-04 01:05:58.677 [INFO    ] orchestrator: data quality check passed: 600 windows available
2026-04-04 01:05:58.679 [INFO    ] orchestrator: starting engine: C:\Users\operator\Desktop\PolySignalLab\PolySignalEngine\build\Release\PolySignalEngine.exe C:\Users\operator\Desktop\PolySignalLab\PolyDataCollector\data --output-dir C:\Users\operator\Desktop\PolySignalLab\engine_output
2026-04-04 01:06:05.485 [INFO    ] orchestrator: engine:   Summary written: C:\Users\operator\Desktop\PolySignalLab\engine_output\signals_summary_1775253965.json
2026-04-04 01:06:05.485 [INFO    ] orchestrator: engine: 
2026-04-04 01:06:05.485 [INFO    ] orchestrator: engine: ==========================================================
2026-04-04 01:06:05.485 [INFO    ] orchestrator: engine:   SUMMARY
2026-04-04 01:06:05.485 [INFO    ] orchestrator: engine: ==========================================================
2026-04-04 01:06:05.485 [INFO    ] orchestrator: engine:   Total windows:         600 (302 UP, 298 DOWN)
2026-04-04 01:06:05.485 [INFO    ] orchestrator: engine:   Walk-forward folds:    5 (3 test iterations)
2026-04-04 01:06:05.485 [INFO    ] orchestrator: engine:   OOS base rate:         53.1% UP (360 test windows total)
2026-04-04 01:06:05.485 [INFO    ] orchestrator: engine:   Viable WF-OOS signals: 32
2026-04-04 01:06:05.485 [INFO    ] orchestrator: engine: ==========================================================
2026-04-04 01:06:05.485 [INFO    ] orchestrator: engine produced: signals_summary_1775253965.json
2026-04-04 01:06:05.485 [INFO    ] orchestrator: cleaned up old summary: signals_summary_1775244896.json
2026-04-04 01:06:05.485 [INFO    ] orchestrator: ranked 20 signals
2026-04-04 01:06:05.485 [INFO    ] orchestrator:   #1 Up score=36.59 tier=SILVER folds=3/3 idx=[2, 3, 4] p=1.34e-06 ev=0.0719
2026-04-04 01:06:05.485 [INFO    ] orchestrator:   #4 Up score=10.38 tier=SILVER folds=3/3 idx=[2, 3, 4] p=1.20e-05 ev=0.0276
2026-04-04 01:06:05.485 [INFO    ] orchestrator:   #17 Up score=7.28 tier=OVERFIT_DANGER folds=1/3 idx=[3] p=1.90e-05 ev=0.1009
2026-04-04 01:06:05.485 [INFO    ] orchestrator:   #8 Down score=6.35 tier=OVERFIT_DANGER folds=1/3 idx=[2] p=1.40e-06 ev=0.0665
2026-04-04 01:06:05.485 [INFO    ] orchestrator:   #5 Up score=6.25 tier=SILVER folds=3/3 idx=[2, 3, 4] p=6.78e-05 ev=0.0238
2026-04-04 01:06:05.485 [INFO    ] orchestrator: SILVER SIGNAL: #1 Up [280s->110s] d>=0.1% v<=0.05% (score=36.59 folds=[2, 3, 4])
2026-04-04 01:06:05.501 [INFO    ] shared.ipc: IPC: signal delivered successfully
2026-04-04 01:06:05.501 [INFO    ] orchestrator: silver signal delivered to bot
2026-04-04 01:21:05.513 [INFO    ] orchestrator: data quality check passed: 600 windows available
2026-04-04 01:21:05.513 [INFO    ] orchestrator: starting engine: C:\Users\operator\Desktop\PolySignalLab\PolySignalEngine\build\Release\PolySignalEngine.exe C:\Users\operator\Desktop\PolySignalLab\PolyDataCollector\data --output-dir C:\Users\operator\Desktop\PolySignalLab\engine_output
2026-04-04 01:21:12.378 [INFO    ] orchestrator: engine:   Summary written: C:\Users\operator\Desktop\PolySignalLab\engine_output\signals_summary_1775254872.json
2026-04-04 01:21:12.378 [INFO    ] orchestrator: engine: 
2026-04-04 01:21:12.378 [INFO    ] orchestrator: engine: ==========================================================
2026-04-04 01:21:12.378 [INFO    ] orchestrator: engine:   SUMMARY
2026-04-04 01:21:12.378 [INFO    ] orchestrator: engine: ==========================================================
2026-04-04 01:21:12.378 [INFO    ] orchestrator: engine:   Total windows:         600 (302 UP, 298 DOWN)
2026-04-04 01:21:12.378 [INFO    ] orchestrator: engine:   Walk-forward folds:    5 (3 test iterations)
2026-04-04 01:21:12.378 [INFO    ] orchestrator: engine:   OOS base rate:         53.1% UP (360 test windows total)
2026-04-04 01:21:12.378 [INFO    ] orchestrator: engine:   Viable WF-OOS signals: 31
2026-04-04 01:21:12.378 [INFO    ] orchestrator: engine: ==========================================================
2026-04-04 01:21:12.378 [INFO    ] orchestrator: engine produced: signals_summary_1775254872.json
2026-04-04 01:21:12.378 [INFO    ] orchestrator: cleaned up old summary: signals_summary_1775245803.json
2026-04-04 01:21:12.378 [INFO    ] orchestrator: ranked 20 signals
2026-04-04 01:21:12.378 [INFO    ] orchestrator:   #1 Up score=34.11 tier=SILVER folds=3/3 idx=[2, 3, 4] p=1.31e-06 ev=0.0696
2026-04-04 01:21:12.378 [INFO    ] orchestrator:   #2 Up score=11.64 tier=SILVER folds=2/3 idx=[2, 3] p=5.59e-06 ev=0.0555
2026-04-04 01:21:12.378 [INFO    ] orchestrator:   #5 Up score=10.49 tier=SILVER folds=3/3 idx=[2, 3, 4] p=1.06e-05 ev=0.0276
2026-04-04 01:21:12.378 [INFO    ] orchestrator:   #10 Up score=7.79 tier=OVERFIT_DANGER folds=1/3 idx=[3] p=9.46e-06 ev=0.0999
2026-04-04 01:21:12.378 [INFO    ] orchestrator:   #9 Up score=7.25 tier=OVERFIT_DANGER folds=1/3 idx=[3] p=2.37e-06 ev=0.0823
2026-04-04 01:21:12.378 [INFO    ] orchestrator: SILVER SIGNAL: #1 Up [280s->110s] d>=0.1% v<=0.05% (score=34.11 folds=[2, 3, 4])
2026-04-04 01:21:12.394 [INFO    ] shared.ipc: IPC: signal delivered successfully
2026-04-04 01:21:12.394 [INFO    ] orchestrator: silver signal delivered to bot
2026-04-04 01:36:12.411 [INFO    ] orchestrator: data quality check passed: 600 windows available
2026-04-04 01:36:12.411 [INFO    ] orchestrator: starting engine: C:\Users\operator\Desktop\PolySignalLab\PolySignalEngine\build\Release\PolySignalEngine.exe C:\Users\operator\Desktop\PolySignalLab\PolyDataCollector\data --output-dir C:\Users\operator\Desktop\PolySignalLab\engine_output
2026-04-04 01:36:19.806 [INFO    ] orchestrator: engine:   Summary written: C:\Users\operator\Desktop\PolySignalLab\engine_output\signals_summary_1775255779.json
2026-04-04 01:36:19.806 [INFO    ] orchestrator: engine: 
2026-04-04 01:36:19.808 [INFO    ] orchestrator: engine: ==========================================================
2026-04-04 01:36:19.808 [INFO    ] orchestrator: engine:   SUMMARY
2026-04-04 01:36:19.808 [INFO    ] orchestrator: engine: ==========================================================
2026-04-04 01:36:19.808 [INFO    ] orchestrator: engine:   Total windows:         600 (303 UP, 297 DOWN)
2026-04-04 01:36:19.808 [INFO    ] orchestrator: engine:   Walk-forward folds:    5 (3 test iterations)
2026-04-04 01:36:19.808 [INFO    ] orchestrator: engine:   OOS base rate:         53.3% UP (360 test windows total)
2026-04-04 01:36:19.808 [INFO    ] orchestrator: engine:   Viable WF-OOS signals: 32
2026-04-04 01:36:19.808 [INFO    ] orchestrator: engine: ==========================================================
2026-04-04 01:36:19.808 [INFO    ] orchestrator: engine produced: signals_summary_1775255779.json
2026-04-04 01:36:19.808 [INFO    ] orchestrator: cleaned up old summary: signals_summary_1775246710.json
2026-04-04 01:36:19.808 [INFO    ] orchestrator: ranked 20 signals
2026-04-04 01:36:19.808 [INFO    ] orchestrator:   #1 Up score=29.97 tier=SILVER folds=3/3 idx=[2, 3, 4] p=2.42e-06 ev=0.0667
2026-04-04 01:36:19.808 [INFO    ] orchestrator:   #18 Up score=15.66 tier=SILVER folds=2/3 idx=[2, 3] p=1.55e-07 ev=0.0558
2026-04-04 01:36:19.808 [INFO    ] orchestrator:   #4 Up score=11.75 tier=SILVER folds=3/3 idx=[2, 3, 4] p=4.26e-05 ev=0.0400
2026-04-04 01:36:19.808 [INFO    ] orchestrator:   #6 Down score=6.92 tier=OVERFIT_DANGER folds=1/3 idx=[2] p=4.88e-07 ev=0.0667
2026-04-04 01:36:19.808 [INFO    ] orchestrator:   #5 Up score=6.22 tier=SILVER folds=3/3 idx=[2, 3, 4] p=7.06e-05 ev=0.0238
2026-04-04 01:36:19.808 [INFO    ] orchestrator: SILVER SIGNAL: #1 Up [280s->110s] d>=0.1% v<=0.05% (score=29.97 folds=[2, 3, 4])
2026-04-04 01:36:19.824 [INFO    ] shared.ipc: IPC: signal delivered successfully
2026-04-04 01:36:19.824 [INFO    ] orchestrator: silver signal delivered to bot
2026-04-04 01:51:19.837 [INFO    ] orchestrator: data quality check passed: 600 windows available
2026-04-04 01:51:19.837 [INFO    ] orchestrator: starting engine: C:\Users\operator\Desktop\PolySignalLab\PolySignalEngine\build\Release\PolySignalEngine.exe C:\Users\operator\Desktop\PolySignalLab\PolyDataCollector\data --output-dir C:\Users\operator\Desktop\PolySignalLab\engine_output
2026-04-04 01:51:26.861 [INFO    ] orchestrator: engine:   Summary written: C:\Users\operator\Desktop\PolySignalLab\engine_output\signals_summary_1775256686.json
2026-04-04 01:51:26.861 [INFO    ] orchestrator: engine: 
2026-04-04 01:51:26.861 [INFO    ] orchestrator: engine: ==========================================================
2026-04-04 01:51:26.861 [INFO    ] orchestrator: engine:   SUMMARY
2026-04-04 01:51:26.861 [INFO    ] orchestrator: engine: ==========================================================
2026-04-04 01:51:26.861 [INFO    ] orchestrator: engine:   Total windows:         600 (303 UP, 297 DOWN)
2026-04-04 01:51:26.861 [INFO    ] orchestrator: engine:   Walk-forward folds:    5 (3 test iterations)
2026-04-04 01:51:26.861 [INFO    ] orchestrator: engine:   OOS base rate:         52.8% UP (360 test windows total)
2026-04-04 01:51:26.861 [INFO    ] orchestrator: engine:   Viable WF-OOS signals: 34
2026-04-04 01:51:26.861 [INFO    ] orchestrator: engine: ==========================================================
2026-04-04 01:51:26.861 [INFO    ] orchestrator: engine produced: signals_summary_1775256686.json
2026-04-04 01:51:26.861 [INFO    ] orchestrator: cleaned up old summary: signals_summary_1775247617.json
2026-04-04 01:51:26.861 [INFO    ] orchestrator: ranked 20 signals
2026-04-04 01:51:26.861 [INFO    ] orchestrator:   #2 Up score=25.61 tier=SILVER folds=3/3 idx=[2, 3, 4] p=3.86e-06 ev=0.0617
2026-04-04 01:51:26.861 [INFO    ] orchestrator:   #4 Up score=11.03 tier=SILVER folds=2/3 idx=[2, 4] p=1.14e-05 ev=0.0615
2026-04-04 01:51:26.861 [INFO    ] orchestrator:   #6 Up score=8.48 tier=SILVER folds=3/3 idx=[2, 3, 4] p=6.63e-05 ev=0.0319
2026-04-04 01:51:26.861 [INFO    ] orchestrator:   #5 Up score=7.94 tier=SILVER folds=3/3 idx=[2, 3, 4] p=1.54e-05 ev=0.0225
2026-04-04 01:51:26.861 [INFO    ] orchestrator:   #14 Down score=7.35 tier=SILVER folds=2/3 idx=[2, 3] p=6.80e-09 ev=0.0214
2026-04-04 01:51:26.861 [INFO    ] orchestrator: SILVER SIGNAL: #2 Up [280s->110s] d>=0.1% v<=0.05% (score=25.61 folds=[2, 3, 4])
2026-04-04 01:51:26.876 [INFO    ] shared.ipc: IPC: signal delivered successfully
2026-04-04 01:51:26.876 [INFO    ] orchestrator: silver signal delivered to bot
2026-04-04 02:06:26.891 [INFO    ] orchestrator: data quality check passed: 600 windows available
2026-04-04 02:06:26.891 [INFO    ] orchestrator: starting engine: C:\Users\operator\Desktop\PolySignalLab\PolySignalEngine\build\Release\PolySignalEngine.exe C:\Users\operator\Desktop\PolySignalLab\PolyDataCollector\data --output-dir C:\Users\operator\Desktop\PolySignalLab\engine_output
2026-04-04 02:06:33.742 [INFO    ] orchestrator: engine:   Summary written: C:\Users\operator\Desktop\PolySignalLab\engine_output\signals_summary_1775257593.json
2026-04-04 02:06:33.742 [INFO    ] orchestrator: engine: 
2026-04-04 02:06:33.742 [INFO    ] orchestrator: engine: ==========================================================
2026-04-04 02:06:33.742 [INFO    ] orchestrator: engine:   SUMMARY
2026-04-04 02:06:33.742 [INFO    ] orchestrator: engine: ==========================================================
2026-04-04 02:06:33.742 [INFO    ] orchestrator: engine:   Total windows:         600 (301 UP, 299 DOWN)
2026-04-04 02:06:33.742 [INFO    ] orchestrator: engine:   Walk-forward folds:    5 (3 test iterations)
2026-04-04 02:06:33.742 [INFO    ] orchestrator: engine:   OOS base rate:         52.5% UP (360 test windows total)
2026-04-04 02:06:33.742 [INFO    ] orchestrator: engine:   Viable WF-OOS signals: 29
2026-04-04 02:06:33.742 [INFO    ] orchestrator: engine: ==========================================================
2026-04-04 02:06:33.742 [INFO    ] orchestrator: engine produced: signals_summary_1775257593.json
2026-04-04 02:06:33.750 [INFO    ] orchestrator: cleaned up old summary: signals_summary_1775248524.json
2026-04-04 02:06:33.750 [INFO    ] orchestrator: ranked 20 signals
2026-04-04 02:06:33.750 [INFO    ] orchestrator:   #2 Up score=26.48 tier=SILVER folds=3/3 idx=[2, 3, 4] p=2.53e-06 ev=0.0617
2026-04-04 02:06:33.750 [INFO    ] orchestrator:   #4 Up score=8.46 tier=SILVER folds=3/3 idx=[2, 3, 4] p=6.79e-05 ev=0.0319
2026-04-04 02:06:33.750 [INFO    ] orchestrator:   #5 Up score=6.27 tier=SILVER folds=3/3 idx=[2, 3, 4] p=1.01e-04 ev=0.0255
2026-04-04 02:06:33.750 [INFO    ] orchestrator:   #1 Down score=5.69 tier=SILVER folds=2/3 idx=[2, 3] p=6.32e-07 ev=0.0220
2026-04-04 02:06:33.750 [INFO    ] orchestrator:   #8 Down score=5.34 tier=OVERFIT_DANGER folds=1/3 idx=[3] p=1.97e-06 ev=0.0574
2026-04-04 02:06:33.755 [INFO    ] orchestrator: SILVER SIGNAL: #2 Up [280s->110s] d>=0.1% v<=0.05% (score=26.48 folds=[2, 3, 4])
2026-04-04 02:06:33.755 [INFO    ] shared.ipc: IPC: signal delivered successfully
2026-04-04 02:06:33.755 [INFO    ] orchestrator: silver signal delivered to bot
2026-04-04 02:21:33.780 [INFO    ] orchestrator: data quality check passed: 600 windows available
2026-04-04 02:21:33.780 [INFO    ] orchestrator: starting engine: C:\Users\operator\Desktop\PolySignalLab\PolySignalEngine\build\Release\PolySignalEngine.exe C:\Users\operator\Desktop\PolySignalLab\PolyDataCollector\data --output-dir C:\Users\operator\Desktop\PolySignalLab\engine_output
2026-04-04 02:21:40.714 [INFO    ] orchestrator: engine:   Summary written: C:\Users\operator\Desktop\PolySignalLab\engine_output\signals_summary_1775258500.json
2026-04-04 02:21:40.714 [INFO    ] orchestrator: engine: 
2026-04-04 02:21:40.714 [INFO    ] orchestrator: engine: ==========================================================
2026-04-04 02:21:40.714 [INFO    ] orchestrator: engine:   SUMMARY
2026-04-04 02:21:40.714 [INFO    ] orchestrator: engine: ==========================================================
2026-04-04 02:21:40.714 [INFO    ] orchestrator: engine:   Total windows:         600 (300 UP, 300 DOWN)
2026-04-04 02:21:40.714 [INFO    ] orchestrator: engine:   Walk-forward folds:    5 (3 test iterations)
2026-04-04 02:21:40.714 [INFO    ] orchestrator: engine:   OOS base rate:         52.2% UP (360 test windows total)
2026-04-04 02:21:40.714 [INFO    ] orchestrator: engine:   Viable WF-OOS signals: 30
2026-04-04 02:21:40.714 [INFO    ] orchestrator: engine: ==========================================================
2026-04-04 02:21:40.714 [INFO    ] orchestrator: engine produced: signals_summary_1775258500.json
2026-04-04 02:21:40.714 [INFO    ] orchestrator: cleaned up old summary: signals_summary_1775249430.json
2026-04-04 02:21:40.714 [INFO    ] orchestrator: ranked 20 signals
2026-04-04 02:21:40.714 [INFO    ] orchestrator:   #2 Up score=22.75 tier=SILVER folds=3/3 idx=[2, 3, 4] p=8.07e-06 ev=0.0609
2026-04-04 02:21:40.714 [INFO    ] orchestrator:   #3 Up score=8.44 tier=SILVER folds=3/3 idx=[2, 3, 4] p=7.49e-05 ev=0.0319
2026-04-04 02:21:40.714 [INFO    ] orchestrator:   #4 Down score=6.75 tier=OVERFIT_DANGER folds=1/3 idx=[3] p=5.59e-06 ev=0.0771
2026-04-04 02:21:40.714 [INFO    ] orchestrator:   #5 Down score=5.14 tier=OVERFIT_DANGER folds=1/3 idx=[3] p=1.33e-05 ev=0.0642
2026-04-04 02:21:40.729 [INFO    ] orchestrator:   #1 Down score=5.04 tier=SILVER folds=2/3 idx=[2, 3] p=3.27e-06 ev=0.0220
2026-04-04 02:21:40.729 [INFO    ] orchestrator: SILVER SIGNAL: #2 Up [280s->110s] d>=0.1% v<=0.05% (score=22.75 folds=[2, 3, 4])
2026-04-04 02:21:40.745 [INFO    ] shared.ipc: IPC: signal delivered successfully
2026-04-04 02:21:40.745 [INFO    ] orchestrator: silver signal delivered to bot
2026-04-04 02:36:40.759 [INFO    ] orchestrator: data quality check passed: 600 windows available
2026-04-04 02:36:40.761 [INFO    ] orchestrator: starting engine: C:\Users\operator\Desktop\PolySignalLab\PolySignalEngine\build\Release\PolySignalEngine.exe C:\Users\operator\Desktop\PolySignalLab\PolyDataCollector\data --output-dir C:\Users\operator\Desktop\PolySignalLab\engine_output
2026-04-04 02:36:47.742 [INFO    ] orchestrator: engine:   Summary written: C:\Users\operator\Desktop\PolySignalLab\engine_output\signals_summary_1775259407.json
2026-04-04 02:36:47.742 [INFO    ] orchestrator: engine: 
2026-04-04 02:36:47.742 [INFO    ] orchestrator: engine: ==========================================================
2026-04-04 02:36:47.742 [INFO    ] orchestrator: engine:   SUMMARY
2026-04-04 02:36:47.742 [INFO    ] orchestrator: engine: ==========================================================
2026-04-04 02:36:47.742 [INFO    ] orchestrator: engine:   Total windows:         600 (299 UP, 301 DOWN)
2026-04-04 02:36:47.758 [INFO    ] orchestrator: engine:   Walk-forward folds:    5 (3 test iterations)
2026-04-04 02:36:47.758 [INFO    ] orchestrator: engine:   OOS base rate:         51.9% UP (360 test windows total)
2026-04-04 02:36:47.758 [INFO    ] orchestrator: engine:   Viable WF-OOS signals: 29
2026-04-04 02:36:47.758 [INFO    ] orchestrator: engine: ==========================================================
2026-04-04 02:36:47.758 [INFO    ] orchestrator: engine produced: signals_summary_1775259407.json
2026-04-04 02:36:47.758 [INFO    ] orchestrator: cleaned up old summary: signals_summary_1775250337.json
2026-04-04 02:36:47.758 [INFO    ] orchestrator: ranked 20 signals
2026-04-04 02:36:47.758 [INFO    ] orchestrator:   #2 Up score=26.27 tier=SILVER folds=3/3 idx=[2, 3, 4] p=1.60e-06 ev=0.0544
2026-04-04 02:36:47.758 [INFO    ] orchestrator:   #3 Up score=24.52 tier=SILVER folds=3/3 idx=[2, 3, 4] p=3.87e-06 ev=0.0591
2026-04-04 02:36:47.758 [INFO    ] orchestrator:   #4 Up score=23.69 tier=SILVER folds=3/3 idx=[2, 3, 4] p=4.97e-06 ev=0.0609
2026-04-04 02:36:47.758 [INFO    ] orchestrator:   #5 Up score=7.94 tier=SILVER folds=3/3 idx=[2, 3, 4] p=1.15e-04 ev=0.0330
2026-04-04 02:36:47.758 [INFO    ] orchestrator:   #1 Down score=7.51 tier=SILVER folds=2/3 idx=[2, 3] p=4.78e-08 ev=0.0195
2026-04-04 02:36:47.758 [INFO    ] orchestrator: SILVER SIGNAL: #2 Up [230s->110s] d>=0.1% v<=0.05% (score=26.27 folds=[2, 3, 4])
2026-04-04 02:36:47.790 [INFO    ] shared.ipc: IPC: signal delivered successfully
2026-04-04 02:36:47.790 [INFO    ] orchestrator: silver signal delivered to bot
2026-04-04 02:51:47.799 [INFO    ] orchestrator: data quality check passed: 600 windows available
2026-04-04 02:51:47.799 [INFO    ] orchestrator: starting engine: C:\Users\operator\Desktop\PolySignalLab\PolySignalEngine\build\Release\PolySignalEngine.exe C:\Users\operator\Desktop\PolySignalLab\PolyDataCollector\data --output-dir C:\Users\operator\Desktop\PolySignalLab\engine_output
2026-04-04 02:51:54.599 [INFO    ] orchestrator: engine:   Summary written: C:\Users\operator\Desktop\PolySignalLab\engine_output\signals_summary_1775260314.json
2026-04-04 02:51:54.599 [INFO    ] orchestrator: engine: 
2026-04-04 02:51:54.599 [INFO    ] orchestrator: engine: ==========================================================
2026-04-04 02:51:54.601 [INFO    ] orchestrator: engine:   SUMMARY
2026-04-04 02:51:54.601 [INFO    ] orchestrator: engine: ==========================================================
2026-04-04 02:51:54.601 [INFO    ] orchestrator: engine:   Total windows:         600 (298 UP, 302 DOWN)
2026-04-04 02:51:54.601 [INFO    ] orchestrator: engine:   Walk-forward folds:    5 (3 test iterations)
2026-04-04 02:51:54.603 [INFO    ] orchestrator: engine:   OOS base rate:         52.5% UP (360 test windows total)
2026-04-04 02:51:54.603 [INFO    ] orchestrator: engine:   Viable WF-OOS signals: 27
2026-04-04 02:51:54.603 [INFO    ] orchestrator: engine: ==========================================================
2026-04-04 02:51:54.603 [INFO    ] orchestrator: engine produced: signals_summary_1775260314.json
2026-04-04 02:51:54.605 [INFO    ] orchestrator: cleaned up old summary: signals_summary_1775251244.json
2026-04-04 02:51:54.605 [INFO    ] orchestrator: ranked 20 signals
2026-04-04 02:51:54.607 [INFO    ] orchestrator:   #1 Up score=22.12 tier=SILVER folds=3/3 idx=[2, 3, 4] p=1.12e-05 ev=0.0609
2026-04-04 02:51:54.607 [INFO    ] orchestrator:   #2 Up score=7.65 tier=SILVER folds=3/3 idx=[2, 3, 4] p=1.61e-04 ev=0.0330
2026-04-04 02:51:54.607 [INFO    ] orchestrator:   #3 Up score=7.24 tier=SILVER folds=3/3 idx=[2, 3, 4] p=1.61e-04 ev=0.0310
2026-04-04 02:51:54.607 [INFO    ] orchestrator:   #5 Down score=5.33 tier=OVERFIT_DANGER folds=1/3 idx=[3] p=1.73e-05 ev=0.0681
2026-04-04 02:51:54.609 [INFO    ] orchestrator:   #16 Up score=3.46 tier=OVERFIT_DANGER folds=1/3 idx=[3] p=3.30e-04 ev=0.0686
2026-04-04 02:51:54.609 [INFO    ] orchestrator: SILVER SIGNAL: #1 Up [280s->110s] d>=0.1% v<=0.05% (score=22.12 folds=[2, 3, 4])
2026-04-04 02:51:54.619 [INFO    ] shared.ipc: IPC: signal delivered successfully
2026-04-04 02:51:54.619 [INFO    ] orchestrator: silver signal delivered to bot
2026-04-04 03:06:54.625 [INFO    ] orchestrator: data quality check passed: 600 windows available
2026-04-04 03:06:54.625 [INFO    ] orchestrator: starting engine: C:\Users\operator\Desktop\PolySignalLab\PolySignalEngine\build\Release\PolySignalEngine.exe C:\Users\operator\Desktop\PolySignalLab\PolyDataCollector\data --output-dir C:\Users\operator\Desktop\PolySignalLab\engine_output
2026-04-04 03:07:01.828 [INFO    ] orchestrator: engine:   Summary written: C:\Users\operator\Desktop\PolySignalLab\engine_output\signals_summary_1775261221.json
2026-04-04 03:07:01.828 [INFO    ] orchestrator: engine: 
2026-04-04 03:07:01.828 [INFO    ] orchestrator: engine: ==========================================================
2026-04-04 03:07:01.828 [INFO    ] orchestrator: engine:   SUMMARY
2026-04-04 03:07:01.828 [INFO    ] orchestrator: engine: ==========================================================
2026-04-04 03:07:01.828 [INFO    ] orchestrator: engine:   Total windows:         600 (299 UP, 301 DOWN)
2026-04-04 03:07:01.828 [INFO    ] orchestrator: engine:   Walk-forward folds:    5 (3 test iterations)
2026-04-04 03:07:01.828 [INFO    ] orchestrator: engine:   OOS base rate:         52.8% UP (360 test windows total)
2026-04-04 03:07:01.828 [INFO    ] orchestrator: engine:   Viable WF-OOS signals: 28
2026-04-04 03:07:01.828 [INFO    ] orchestrator: engine: ==========================================================
2026-04-04 03:07:01.843 [INFO    ] orchestrator: engine produced: signals_summary_1775261221.json
2026-04-04 03:07:01.843 [INFO    ] orchestrator: cleaned up old summary: signals_summary_1775252151.json
2026-04-04 03:07:01.843 [INFO    ] orchestrator: ranked 20 signals
2026-04-04 03:07:01.843 [INFO    ] orchestrator:   #1 Up score=25.21 tier=SILVER folds=3/3 idx=[2, 3, 4] p=2.75e-06 ev=0.0544
2026-04-04 03:07:01.843 [INFO    ] orchestrator:   #2 Up score=24.08 tier=SILVER folds=3/3 idx=[2, 3, 4] p=4.84e-06 ev=0.0591
2026-04-04 03:07:01.843 [INFO    ] orchestrator:   #3 Up score=23.30 tier=SILVER folds=3/3 idx=[2, 3, 4] p=6.05e-06 ev=0.0609
2026-04-04 03:07:01.843 [INFO    ] orchestrator:   #5 Up score=7.68 tier=SILVER folds=3/3 idx=[2, 3, 4] p=1.56e-04 ev=0.0330
2026-04-04 03:07:01.843 [INFO    ] orchestrator:   #6 Up score=7.26 tier=SILVER folds=3/3 idx=[2, 3, 4] p=1.56e-04 ev=0.0310
2026-04-04 03:07:01.843 [INFO    ] orchestrator: SILVER SIGNAL: #1 Up [230s->110s] d>=0.1% v<=0.05% (score=25.21 folds=[2, 3, 4])
2026-04-04 03:07:01.859 [INFO    ] shared.ipc: IPC: signal delivered successfully
2026-04-04 03:07:01.859 [INFO    ] orchestrator: silver signal delivered to bot
2026-04-04 03:22:01.873 [INFO    ] orchestrator: data quality check passed: 600 windows available
2026-04-04 03:22:01.873 [INFO    ] orchestrator: starting engine: C:\Users\operator\Desktop\PolySignalLab\PolySignalEngine\build\Release\PolySignalEngine.exe C:\Users\operator\Desktop\PolySignalLab\PolyDataCollector\data --output-dir C:\Users\operator\Desktop\PolySignalLab\engine_output
2026-04-04 03:22:08.826 [INFO    ] orchestrator: engine:   Summary written: C:\Users\operator\Desktop\PolySignalLab\engine_output\signals_summary_1775262128.json
2026-04-04 03:22:08.826 [INFO    ] orchestrator: engine: 
2026-04-04 03:22:08.826 [INFO    ] orchestrator: engine: ==========================================================
2026-04-04 03:22:08.826 [INFO    ] orchestrator: engine:   SUMMARY
2026-04-04 03:22:08.826 [INFO    ] orchestrator: engine: ==========================================================
2026-04-04 03:22:08.826 [INFO    ] orchestrator: engine:   Total windows:         600 (300 UP, 300 DOWN)
2026-04-04 03:22:08.842 [INFO    ] orchestrator: engine:   Walk-forward folds:    5 (3 test iterations)
2026-04-04 03:22:08.842 [INFO    ] orchestrator: engine:   OOS base rate:         52.8% UP (360 test windows total)
2026-04-04 03:22:08.842 [INFO    ] orchestrator: engine:   Viable WF-OOS signals: 23
2026-04-04 03:22:08.842 [INFO    ] orchestrator: engine: ==========================================================
2026-04-04 03:22:08.844 [INFO    ] orchestrator: engine produced: signals_summary_1775262128.json
2026-04-04 03:22:08.844 [INFO    ] orchestrator: cleaned up old summary: signals_summary_1775253058.json
2026-04-04 03:22:08.846 [INFO    ] orchestrator: ranked 20 signals
2026-04-04 03:22:08.846 [INFO    ] orchestrator:   #1 Up score=22.72 tier=SILVER folds=3/3 idx=[2, 3, 4] p=8.17e-06 ev=0.0609
2026-04-04 03:22:08.846 [INFO    ] orchestrator:   #3 Up score=4.51 tier=OVERFIT_DANGER folds=1/3 idx=[3] p=1.85e-06 ev=0.0488
2026-04-04 03:22:08.848 [INFO    ] orchestrator:   #4 Down score=3.35 tier=OVERFIT_DANGER folds=1/3 idx=[3] p=5.15e-05 ev=0.0494
2026-04-04 03:22:08.848 [INFO    ] orchestrator:   #8 Up score=3.01 tier=OVERFIT_DANGER folds=1/3 idx=[3] p=3.27e-04 ev=0.0590
2026-04-04 03:22:08.848 [INFO    ] orchestrator:   #2 Down score=2.64 tier=OVERFIT_DANGER folds=1/3 idx=[3] p=9.00e-07 ev=0.0268
2026-04-04 03:22:08.848 [INFO    ] orchestrator: SILVER SIGNAL: #1 Up [280s->110s] d>=0.1% v<=0.05% (score=22.72 folds=[2, 3, 4])
2026-04-04 03:22:08.857 [INFO    ] shared.ipc: IPC: signal delivered successfully
2026-04-04 03:22:08.857 [INFO    ] orchestrator: silver signal delivered to bot
2026-04-04 03:37:08.863 [INFO    ] orchestrator: data quality check passed: 600 windows available
2026-04-04 03:37:08.863 [INFO    ] orchestrator: starting engine: C:\Users\operator\Desktop\PolySignalLab\PolySignalEngine\build\Release\PolySignalEngine.exe C:\Users\operator\Desktop\PolySignalLab\PolyDataCollector\data --output-dir C:\Users\operator\Desktop\PolySignalLab\engine_output
2026-04-04 03:37:15.904 [INFO    ] orchestrator: engine:   Summary written: C:\Users\operator\Desktop\PolySignalLab\engine_output\signals_summary_1775263035.json
2026-04-04 03:37:15.904 [INFO    ] orchestrator: engine: 
2026-04-04 03:37:15.904 [INFO    ] orchestrator: engine: ==========================================================
2026-04-04 03:37:15.904 [INFO    ] orchestrator: engine:   SUMMARY
2026-04-04 03:37:15.904 [INFO    ] orchestrator: engine: ==========================================================
2026-04-04 03:37:15.904 [INFO    ] orchestrator: engine:   Total windows:         600 (303 UP, 297 DOWN)
2026-04-04 03:37:15.904 [INFO    ] orchestrator: engine:   Walk-forward folds:    5 (3 test iterations)
2026-04-04 03:37:15.904 [INFO    ] orchestrator: engine:   OOS base rate:         53.1% UP (360 test windows total)
2026-04-04 03:37:15.904 [INFO    ] orchestrator: engine:   Viable WF-OOS signals: 21
2026-04-04 03:37:15.904 [INFO    ] orchestrator: engine: ==========================================================
2026-04-04 03:37:15.904 [INFO    ] orchestrator: engine produced: signals_summary_1775263035.json
2026-04-04 03:37:15.904 [INFO    ] orchestrator: cleaned up old summary: signals_summary_1775253965.json
2026-04-04 03:37:15.904 [INFO    ] orchestrator: ranked 20 signals
2026-04-04 03:37:15.904 [INFO    ] orchestrator:   #1 Up score=18.96 tier=SILVER folds=3/3 idx=[2, 3, 4] p=1.81e-05 ev=0.0571
2026-04-04 03:37:15.904 [INFO    ] orchestrator:   #2 Up score=5.96 tier=OVERFIT_DANGER folds=1/3 idx=[3] p=7.54e-07 ev=0.0593
2026-04-04 03:37:15.904 [INFO    ] orchestrator:   #3 Up score=4.92 tier=OVERFIT_DANGER folds=1/3 idx=[3] p=8.55e-06 ev=0.0602
2026-04-04 03:37:15.904 [INFO    ] orchestrator:   #6 Up score=3.74 tier=OVERFIT_DANGER folds=1/3 idx=[3] p=1.81e-05 ev=0.0511
2026-04-04 03:37:15.904 [INFO    ] orchestrator:   #7 Up score=3.72 tier=OVERFIT_DANGER folds=1/3 idx=[3] p=1.65e-04 ev=0.0657
2026-04-04 03:37:15.904 [INFO    ] orchestrator: SILVER SIGNAL: #1 Up [280s->110s] d>=0.1% v<=0.05% (score=18.96 folds=[2, 3, 4])
2026-04-04 03:37:15.918 [INFO    ] shared.ipc: IPC: signal delivered successfully
2026-04-04 03:37:15.918 [INFO    ] orchestrator: silver signal delivered to bot
2026-04-04 03:52:15.930 [INFO    ] orchestrator: data quality check passed: 600 windows available
2026-04-04 03:52:15.930 [INFO    ] orchestrator: starting engine: C:\Users\operator\Desktop\PolySignalLab\PolySignalEngine\build\Release\PolySignalEngine.exe C:\Users\operator\Desktop\PolySignalLab\PolyDataCollector\data --output-dir C:\Users\operator\Desktop\PolySignalLab\engine_output
2026-04-04 03:52:22.643 [INFO    ] orchestrator: engine:   Summary written: C:\Users\operator\Desktop\PolySignalLab\engine_output\signals_summary_1775263942.json
2026-04-04 03:52:22.643 [INFO    ] orchestrator: engine: 
2026-04-04 03:52:22.643 [INFO    ] orchestrator: engine: ==========================================================
2026-04-04 03:52:22.643 [INFO    ] orchestrator: engine:   SUMMARY
2026-04-04 03:52:22.643 [INFO    ] orchestrator: engine: ==========================================================
2026-04-04 03:52:22.643 [INFO    ] orchestrator: engine:   Total windows:         600 (303 UP, 297 DOWN)
2026-04-04 03:52:22.643 [INFO    ] orchestrator: engine:   Walk-forward folds:    5 (3 test iterations)
2026-04-04 03:52:22.643 [INFO    ] orchestrator: engine:   OOS base rate:         52.8% UP (360 test windows total)
2026-04-04 03:52:22.643 [INFO    ] orchestrator: engine:   Viable WF-OOS signals: 20
2026-04-04 03:52:22.643 [INFO    ] orchestrator: engine: ==========================================================
2026-04-04 03:52:22.643 [INFO    ] orchestrator: engine produced: signals_summary_1775263942.json
2026-04-04 03:52:22.643 [INFO    ] orchestrator: cleaned up old summary: signals_summary_1775254872.json
2026-04-04 03:52:22.643 [INFO    ] orchestrator: ranked 20 signals
2026-04-04 03:52:22.643 [INFO    ] orchestrator:   #1 Up score=19.48 tier=SILVER folds=3/3 idx=[2, 3, 4] p=1.34e-05 ev=0.0571
2026-04-04 03:52:22.643 [INFO    ] orchestrator:   #2 Up score=4.68 tier=OVERFIT_DANGER folds=1/3 idx=[3] p=2.97e-06 ev=0.0518
2026-04-04 03:52:22.643 [INFO    ] orchestrator:   #9 Up score=3.21 tier=OVERFIT_DANGER folds=1/3 idx=[3] p=2.34e-04 ev=0.0597
2026-04-04 03:52:22.643 [INFO    ] orchestrator:   #8 Up score=3.08 tier=OVERFIT_DANGER folds=1/3 idx=[3] p=2.27e-05 ev=0.0432
2026-04-04 03:52:22.643 [INFO    ] orchestrator:   #19 Up score=3.04 tier=SILVER folds=2/3 idx=[2, 3] p=2.73e-03 ev=0.0329
2026-04-04 03:52:22.643 [INFO    ] orchestrator: SILVER SIGNAL: #1 Up [280s->110s] d>=0.1% v<=0.05% (score=19.48 folds=[2, 3, 4])
2026-04-04 03:52:22.675 [INFO    ] shared.ipc: IPC: signal delivered successfully
2026-04-04 03:52:22.675 [INFO    ] orchestrator: silver signal delivered to bot
2026-04-04 04:07:22.697 [INFO    ] orchestrator: data quality check passed: 600 windows available
2026-04-04 04:07:22.699 [INFO    ] orchestrator: starting engine: C:\Users\operator\Desktop\PolySignalLab\PolySignalEngine\build\Release\PolySignalEngine.exe C:\Users\operator\Desktop\PolySignalLab\PolyDataCollector\data --output-dir C:\Users\operator\Desktop\PolySignalLab\engine_output
2026-04-04 04:07:29.495 [INFO    ] orchestrator: engine:   Summary written: C:\Users\operator\Desktop\PolySignalLab\engine_output\signals_summary_1775264849.json
2026-04-04 04:07:29.495 [INFO    ] orchestrator: engine: 
2026-04-04 04:07:29.495 [INFO    ] orchestrator: engine: ==========================================================
2026-04-04 04:07:29.495 [INFO    ] orchestrator: engine:   SUMMARY
2026-04-04 04:07:29.495 [INFO    ] orchestrator: engine: ==========================================================
2026-04-04 04:07:29.495 [INFO    ] orchestrator: engine:   Total windows:         600 (301 UP, 299 DOWN)
2026-04-04 04:07:29.495 [INFO    ] orchestrator: engine:   Walk-forward folds:    5 (3 test iterations)
2026-04-04 04:07:29.495 [INFO    ] orchestrator: engine:   OOS base rate:         52.2% UP (360 test windows total)
2026-04-04 04:07:29.495 [INFO    ] orchestrator: engine:   Viable WF-OOS signals: 23
2026-04-04 04:07:29.495 [INFO    ] orchestrator: engine: ==========================================================
2026-04-04 04:07:29.495 [INFO    ] orchestrator: engine produced: signals_summary_1775264849.json
2026-04-04 04:07:29.495 [INFO    ] orchestrator: cleaned up old summary: signals_summary_1775255779.json
2026-04-04 04:07:29.508 [INFO    ] orchestrator: ranked 20 signals
2026-04-04 04:07:29.508 [INFO    ] orchestrator:   #2 Up score=19.44 tier=SILVER folds=3/3 idx=[2, 3, 4] p=1.37e-05 ev=0.0571
2026-04-04 04:07:29.508 [INFO    ] orchestrator:   #3 Up score=5.15 tier=OVERFIT_DANGER folds=1/3 idx=[3] p=4.84e-06 ev=0.0600
2026-04-04 04:07:29.508 [INFO    ] orchestrator:   #1 Down score=4.72 tier=SILVER folds=2/3 idx=[2, 3] p=1.38e-06 ev=0.0185
2026-04-04 04:07:29.508 [INFO    ] orchestrator:   #12 Up score=4.20 tier=SILVER folds=2/3 idx=[3, 4] p=5.25e-06 ev=0.0229
2026-04-04 04:07:29.508 [INFO    ] orchestrator:   #5 Up score=3.48 tier=OVERFIT_DANGER folds=1/3 idx=[3] p=4.84e-06 ev=0.0413
2026-04-04 04:07:29.508 [INFO    ] orchestrator: SILVER SIGNAL: #2 Up [280s->110s] d>=0.1% v<=0.05% (score=19.44 folds=[2, 3, 4])
2026-04-04 04:07:29.515 [INFO    ] shared.ipc: IPC: signal delivered successfully
2026-04-04 04:07:29.515 [INFO    ] orchestrator: silver signal delivered to bot
2026-04-04 04:22:29.521 [INFO    ] orchestrator: data quality check passed: 600 windows available
2026-04-04 04:22:29.521 [INFO    ] orchestrator: starting engine: C:\Users\operator\Desktop\PolySignalLab\PolySignalEngine\build\Release\PolySignalEngine.exe C:\Users\operator\Desktop\PolySignalLab\PolyDataCollector\data --output-dir C:\Users\operator\Desktop\PolySignalLab\engine_output
2026-04-04 04:22:36.290 [INFO    ] orchestrator: engine:   Summary written: C:\Users\operator\Desktop\PolySignalLab\engine_output\signals_summary_1775265756.json
2026-04-04 04:22:36.290 [INFO    ] orchestrator: engine: 
2026-04-04 04:22:36.290 [INFO    ] orchestrator: engine: ==========================================================
2026-04-04 04:22:36.290 [INFO    ] orchestrator: engine:   SUMMARY
2026-04-04 04:22:36.290 [INFO    ] orchestrator: engine: ==========================================================
2026-04-04 04:22:36.290 [INFO    ] orchestrator: engine:   Total windows:         600 (302 UP, 298 DOWN)
2026-04-04 04:22:36.290 [INFO    ] orchestrator: engine:   Walk-forward folds:    5 (3 test iterations)
2026-04-04 04:22:36.290 [INFO    ] orchestrator: engine:   OOS base rate:         51.9% UP (360 test windows total)
2026-04-04 04:22:36.290 [INFO    ] orchestrator: engine:   Viable WF-OOS signals: 26
2026-04-04 04:22:36.290 [INFO    ] orchestrator: engine: ==========================================================
2026-04-04 04:22:36.290 [INFO    ] orchestrator: engine produced: signals_summary_1775265756.json
2026-04-04 04:22:36.290 [INFO    ] orchestrator: cleaned up old summary: signals_summary_1775256686.json
2026-04-04 04:22:36.290 [INFO    ] orchestrator: ranked 20 signals
2026-04-04 04:22:36.290 [INFO    ] orchestrator:   #1 Up score=17.10 tier=SILVER folds=3/3 idx=[2, 3, 4] p=2.39e-05 ev=0.0555
2026-04-04 04:22:36.290 [INFO    ] orchestrator:   #12 Up score=3.75 tier=SILVER folds=2/3 idx=[3, 4] p=1.60e-05 ev=0.0220
2026-04-04 04:22:36.290 [INFO    ] orchestrator:   #2 Up score=3.68 tier=OVERFIT_DANGER folds=1/3 idx=[3] p=1.60e-05 ev=0.0484
2026-04-04 04:22:36.290 [INFO    ] orchestrator:   #9 Up score=2.87 tier=OVERFIT_DANGER folds=1/3 idx=[3] p=2.04e-04 ev=0.0530
2026-04-04 04:22:36.306 [INFO    ] orchestrator:   #4 Up score=2.08 tier=OVERFIT_DANGER folds=1/3 idx=[3] p=1.60e-05 ev=0.0279
2026-04-04 04:22:36.306 [INFO    ] orchestrator: SILVER SIGNAL: #1 Up [280s->110s] d>=0.1% v<=0.05% (score=17.10 folds=[2, 3, 4])
2026-04-04 04:22:36.310 [INFO    ] shared.ipc: IPC: signal delivered successfully
2026-04-04 04:22:36.310 [INFO    ] orchestrator: silver signal delivered to bot
2026-04-04 04:37:36.326 [INFO    ] orchestrator: data quality check passed: 600 windows available
2026-04-04 04:37:36.326 [INFO    ] orchestrator: starting engine: C:\Users\operator\Desktop\PolySignalLab\PolySignalEngine\build\Release\PolySignalEngine.exe C:\Users\operator\Desktop\PolySignalLab\PolyDataCollector\data --output-dir C:\Users\operator\Desktop\PolySignalLab\engine_output
2026-04-04 04:37:43.092 [INFO    ] orchestrator: engine:   Summary written: C:\Users\operator\Desktop\PolySignalLab\engine_output\signals_summary_1775266663.json
2026-04-04 04:37:43.092 [INFO    ] orchestrator: engine: 
2026-04-04 04:37:43.092 [INFO    ] orchestrator: engine: ==========================================================
2026-04-04 04:37:43.094 [INFO    ] orchestrator: engine:   SUMMARY
2026-04-04 04:37:43.094 [INFO    ] orchestrator: engine: ==========================================================
2026-04-04 04:37:43.094 [INFO    ] orchestrator: engine:   Total windows:         600 (303 UP, 297 DOWN)
2026-04-04 04:37:43.094 [INFO    ] orchestrator: engine:   Walk-forward folds:    5 (3 test iterations)
2026-04-04 04:37:43.094 [INFO    ] orchestrator: engine:   OOS base rate:         52.2% UP (360 test windows total)
2026-04-04 04:37:43.094 [INFO    ] orchestrator: engine:   Viable WF-OOS signals: 23
2026-04-04 04:37:43.096 [INFO    ] orchestrator: engine: ==========================================================
2026-04-04 04:37:43.096 [INFO    ] orchestrator: engine produced: signals_summary_1775266663.json
2026-04-04 04:37:43.096 [INFO    ] orchestrator: cleaned up old summary: signals_summary_1775257593.json
2026-04-04 04:37:43.098 [INFO    ] orchestrator: ranked 20 signals
2026-04-04 04:37:43.098 [INFO    ] orchestrator:   #1 Up score=17.10 tier=SILVER folds=3/3 idx=[2, 3, 4] p=2.38e-05 ev=0.0555
2026-04-04 04:37:43.098 [INFO    ] orchestrator:   #2 Up score=4.99 tier=OVERFIT_DANGER folds=1/3 idx=[3] p=5.54e-06 ev=0.0590
2026-04-04 04:37:43.100 [INFO    ] orchestrator:   #3 Up score=4.31 tier=OVERFIT_DANGER folds=1/3 idx=[3] p=2.38e-05 ev=0.0589
2026-04-04 04:37:43.100 [INFO    ] orchestrator:   #5 Up score=3.06 tier=OVERFIT_DANGER folds=1/3 idx=[3] p=2.77e-04 ev=0.0587
2026-04-04 04:37:43.100 [INFO    ] orchestrator:   #10 Up score=2.20 tier=SILVER folds=2/3 idx=[2, 3] p=2.38e-05 ev=0.0123
2026-04-04 04:37:43.100 [INFO    ] orchestrator: SILVER SIGNAL: #1 Up [280s->110s] d>=0.1% v<=0.05% (score=17.10 folds=[2, 3, 4])
2026-04-04 04:37:43.109 [INFO    ] shared.ipc: IPC: signal delivered successfully
2026-04-04 04:37:43.111 [INFO    ] orchestrator: silver signal delivered to bot
2026-04-04 04:52:43.124 [INFO    ] orchestrator: data quality check passed: 600 windows available
2026-04-04 04:52:43.124 [INFO    ] orchestrator: starting engine: C:\Users\operator\Desktop\PolySignalLab\PolySignalEngine\build\Release\PolySignalEngine.exe C:\Users\operator\Desktop\PolySignalLab\PolyDataCollector\data --output-dir C:\Users\operator\Desktop\PolySignalLab\engine_output
2026-04-04 04:52:49.777 [INFO    ] orchestrator: engine:   Summary written: C:\Users\operator\Desktop\PolySignalLab\engine_output\signals_summary_1775267569.json
2026-04-04 04:52:49.777 [INFO    ] orchestrator: engine: 
2026-04-04 04:52:49.792 [INFO    ] orchestrator: engine: ==========================================================
2026-04-04 04:52:49.792 [INFO    ] orchestrator: engine:   SUMMARY
2026-04-04 04:52:49.792 [INFO    ] orchestrator: engine: ==========================================================
2026-04-04 04:52:49.792 [INFO    ] orchestrator: engine:   Total windows:         600 (303 UP, 297 DOWN)
2026-04-04 04:52:49.792 [INFO    ] orchestrator: engine:   Walk-forward folds:    5 (3 test iterations)
2026-04-04 04:52:49.792 [INFO    ] orchestrator: engine:   OOS base rate:         51.9% UP (360 test windows total)
2026-04-04 04:52:49.792 [INFO    ] orchestrator: engine:   Viable WF-OOS signals: 18
2026-04-04 04:52:49.792 [INFO    ] orchestrator: engine: ==========================================================
2026-04-04 04:52:49.792 [INFO    ] orchestrator: engine produced: signals_summary_1775267569.json
2026-04-04 04:52:49.792 [INFO    ] orchestrator: cleaned up old summary: signals_summary_1775258500.json
2026-04-04 04:52:49.792 [INFO    ] orchestrator: ranked 18 signals
2026-04-04 04:52:49.792 [INFO    ] orchestrator:   #1 Up score=17.01 tier=SILVER folds=3/3 idx=[2, 3, 4] p=2.52e-05 ev=0.0555
2026-04-04 04:52:49.792 [INFO    ] orchestrator:   #12 Up score=4.85 tier=SILVER folds=2/3 idx=[2, 3] p=4.92e-05 ev=0.0306
2026-04-04 04:52:49.792 [INFO    ] orchestrator:   #2 Up score=4.37 tier=OVERFIT_DANGER folds=1/3 idx=[3] p=8.64e-06 ev=0.0541
2026-04-04 04:52:49.792 [INFO    ] orchestrator:   #3 Up score=3.86 tier=OVERFIT_DANGER folds=1/3 idx=[3] p=2.52e-05 ev=0.0536
2026-04-04 04:52:49.792 [INFO    ] orchestrator:   #11 Up score=1.95 tier=SILVER folds=2/3 idx=[2, 3] p=2.52e-05 ev=0.0109
2026-04-04 04:52:49.792 [INFO    ] orchestrator: SILVER SIGNAL: #1 Up [280s->110s] d>=0.1% v<=0.05% (score=17.01 folds=[2, 3, 4])
2026-04-04 04:52:49.808 [INFO    ] shared.ipc: IPC: signal delivered successfully
2026-04-04 04:52:49.808 [INFO    ] orchestrator: silver signal delivered to bot
2026-04-04 05:07:49.819 [INFO    ] orchestrator: data quality check passed: 600 windows available
2026-04-04 05:07:49.819 [INFO    ] orchestrator: starting engine: C:\Users\operator\Desktop\PolySignalLab\PolySignalEngine\build\Release\PolySignalEngine.exe C:\Users\operator\Desktop\PolySignalLab\PolyDataCollector\data --output-dir C:\Users\operator\Desktop\PolySignalLab\engine_output
2026-04-04 05:07:56.494 [INFO    ] orchestrator: engine:   Summary written: C:\Users\operator\Desktop\PolySignalLab\engine_output\signals_summary_1775268476.json
2026-04-04 05:07:56.494 [INFO    ] orchestrator: engine: 
2026-04-04 05:07:56.494 [INFO    ] orchestrator: engine: ==========================================================
2026-04-04 05:07:56.494 [INFO    ] orchestrator: engine:   SUMMARY
2026-04-04 05:07:56.494 [INFO    ] orchestrator: engine: ==========================================================
2026-04-04 05:07:56.494 [INFO    ] orchestrator: engine:   Total windows:         600 (304 UP, 296 DOWN)
2026-04-04 05:07:56.494 [INFO    ] orchestrator: engine:   Walk-forward folds:    5 (3 test iterations)
2026-04-04 05:07:56.494 [INFO    ] orchestrator: engine:   OOS base rate:         52.5% UP (360 test windows total)
2026-04-04 05:07:56.494 [INFO    ] orchestrator: engine:   Viable WF-OOS signals: 21
2026-04-04 05:07:56.494 [INFO    ] orchestrator: engine: ==========================================================
2026-04-04 05:07:56.494 [INFO    ] orchestrator: engine produced: signals_summary_1775268476.json
2026-04-04 05:07:56.494 [INFO    ] orchestrator: cleaned up old summary: signals_summary_1775259407.json
2026-04-04 05:07:56.494 [INFO    ] orchestrator: ranked 20 signals
2026-04-04 05:07:56.494 [INFO    ] orchestrator:   #19 Up score=3.12 tier=SILVER folds=2/3 idx=[2, 3] p=3.97e-03 ev=0.0367
2026-04-04 05:07:56.494 [INFO    ] orchestrator:   #1 Up score=3.02 tier=OVERFIT_DANGER folds=1/3 idx=[3] p=3.73e-05 ev=0.0439
2026-04-04 05:07:56.494 [INFO    ] orchestrator:   #3 Up score=2.66 tier=OVERFIT_DANGER folds=1/3 idx=[3] p=7.92e-05 ev=0.0426
2026-04-04 05:07:56.494 [INFO    ] orchestrator:   #10 Up score=2.61 tier=SILVER folds=2/3 idx=[2, 3] p=4.18e-05 ev=0.0153
2026-04-04 05:07:56.494 [INFO    ] orchestrator:   #8 Up score=2.55 tier=OVERFIT_DANGER folds=1/3 idx=[2] p=4.61e-04 ev=0.0533
2026-04-04 05:07:56.494 [INFO    ] orchestrator: signal #19 Up [290s->250s] d>=0.0% v<=0.05% score 3.12 < threshold 10.00 — skipping
2026-04-04 05:07:56.510 [INFO    ] orchestrator: no signal passed all delivery gates — not sending to bot
2026-04-04 05:22:56.517 [INFO    ] orchestrator: data quality check passed: 600 windows available
2026-04-04 05:22:56.517 [INFO    ] orchestrator: starting engine: C:\Users\operator\Desktop\PolySignalLab\PolySignalEngine\build\Release\PolySignalEngine.exe C:\Users\operator\Desktop\PolySignalLab\PolyDataCollector\data --output-dir C:\Users\operator\Desktop\PolySignalLab\engine_output
2026-04-04 05:23:03.341 [INFO    ] orchestrator: engine:   Summary written: C:\Users\operator\Desktop\PolySignalLab\engine_output\signals_summary_1775269383.json
2026-04-04 05:23:03.341 [INFO    ] orchestrator: engine: 
2026-04-04 05:23:03.343 [INFO    ] orchestrator: engine: ==========================================================
2026-04-04 05:23:03.343 [INFO    ] orchestrator: engine:   SUMMARY
2026-04-04 05:23:03.343 [INFO    ] orchestrator: engine: ==========================================================
2026-04-04 05:23:03.343 [INFO    ] orchestrator: engine:   Total windows:         600 (303 UP, 297 DOWN)
2026-04-04 05:23:03.343 [INFO    ] orchestrator: engine:   Walk-forward folds:    5 (3 test iterations)
2026-04-04 05:23:03.345 [INFO    ] orchestrator: engine:   OOS base rate:         51.9% UP (360 test windows total)
2026-04-04 05:23:03.345 [INFO    ] orchestrator: engine:   Viable WF-OOS signals: 27
2026-04-04 05:23:03.345 [INFO    ] orchestrator: engine: ==========================================================
2026-04-04 05:23:03.347 [INFO    ] orchestrator: engine produced: signals_summary_1775269383.json
2026-04-04 05:23:03.347 [INFO    ] orchestrator: cleaned up old summary: signals_summary_1775260314.json
2026-04-04 05:23:03.349 [INFO    ] orchestrator: ranked 20 signals
2026-04-04 05:23:03.349 [INFO    ] orchestrator:   #1 Up score=4.29 tier=OVERFIT_DANGER folds=1/3 idx=[3] p=2.60e-05 ev=0.0603
2026-04-04 05:23:03.349 [INFO    ] orchestrator:   #9 Up score=4.21 tier=SILVER folds=2/3 idx=[3, 4] p=2.21e-05 ev=0.0253
2026-04-04 05:23:03.351 [INFO    ] orchestrator:   #12 Up score=3.13 tier=SILVER folds=2/3 idx=[2, 3] p=2.21e-05 ev=0.0171
2026-04-04 05:23:03.351 [INFO    ] orchestrator:   #5 Up score=2.55 tier=OVERFIT_DANGER folds=1/3 idx=[3] p=5.42e-04 ev=0.0543
2026-04-04 05:23:03.351 [INFO    ] orchestrator:   #20 Up score=1.77 tier=SILVER folds=2/3 idx=[2, 3] p=5.08e-04 ev=0.0148
2026-04-04 05:23:03.351 [INFO    ] orchestrator: signal #1 Up [280s->90s] d>=0.0% v<=0.05% score 4.29 < threshold 10.00 — skipping
2026-04-04 05:23:03.351 [INFO    ] orchestrator: no signal passed all delivery gates — not sending to bot
2026-04-04 05:38:03.375 [INFO    ] orchestrator: data quality check passed: 600 windows available
2026-04-04 05:38:03.375 [INFO    ] orchestrator: starting engine: C:\Users\operator\Desktop\PolySignalLab\PolySignalEngine\build\Release\PolySignalEngine.exe C:\Users\operator\Desktop\PolySignalLab\PolyDataCollector\data --output-dir C:\Users\operator\Desktop\PolySignalLab\engine_output
2026-04-04 05:38:10.295 [INFO    ] orchestrator: engine:   Summary written: C:\Users\operator\Desktop\PolySignalLab\engine_output\signals_summary_1775270290.json
2026-04-04 05:38:10.295 [INFO    ] orchestrator: engine: 
2026-04-04 05:38:10.295 [INFO    ] orchestrator: engine: ==========================================================
2026-04-04 05:38:10.295 [INFO    ] orchestrator: engine:   SUMMARY
2026-04-04 05:38:10.295 [INFO    ] orchestrator: engine: ==========================================================
2026-04-04 05:38:10.295 [INFO    ] orchestrator: engine:   Total windows:         600 (302 UP, 298 DOWN)
2026-04-04 05:38:10.295 [INFO    ] orchestrator: engine:   Walk-forward folds:    5 (3 test iterations)
2026-04-04 05:38:10.295 [INFO    ] orchestrator: engine:   OOS base rate:         51.9% UP (360 test windows total)
2026-04-04 05:38:10.295 [INFO    ] orchestrator: engine:   Viable WF-OOS signals: 25
2026-04-04 05:38:10.295 [INFO    ] orchestrator: engine: ==========================================================
2026-04-04 05:38:10.295 [INFO    ] orchestrator: engine produced: signals_summary_1775270290.json
2026-04-04 05:38:10.295 [INFO    ] orchestrator: cleaned up old summary: signals_summary_1775261221.json
2026-04-04 05:38:10.295 [INFO    ] orchestrator: ranked 20 signals
2026-04-04 05:38:10.310 [INFO    ] orchestrator:   #1 Up score=5.45 tier=OVERFIT_DANGER folds=1/3 idx=[3] p=3.65e-06 ev=0.0630
2026-04-04 05:38:10.310 [INFO    ] orchestrator:   #2 Up score=4.90 tier=OVERFIT_DANGER folds=1/3 idx=[3] p=1.13e-05 ev=0.0633
2026-04-04 05:38:10.310 [INFO    ] orchestrator:   #6 Up score=4.01 tier=OVERFIT_DANGER folds=1/3 idx=[3] p=1.71e-04 ev=0.0723
2026-04-04 05:38:10.310 [INFO    ] orchestrator:   #12 Up score=3.95 tier=SILVER folds=2/3 idx=[2, 3] p=8.35e-06 ev=0.0198
2026-04-04 05:38:10.310 [INFO    ] orchestrator:   #3 Down score=2.29 tier=OVERFIT_DANGER folds=1/3 idx=[2] p=3.06e-05 ev=0.0330
2026-04-04 05:38:10.310 [INFO    ] orchestrator: signal #1 Up [290s->90s] d>=0.0% v<=0.55% score 5.45 < threshold 10.00 — skipping
2026-04-04 05:38:10.310 [INFO    ] orchestrator: no signal passed all delivery gates — not sending to bot
2026-04-04 05:53:10.322 [INFO    ] orchestrator: data quality check passed: 600 windows available
2026-04-04 05:53:10.322 [INFO    ] orchestrator: starting engine: C:\Users\operator\Desktop\PolySignalLab\PolySignalEngine\build\Release\PolySignalEngine.exe C:\Users\operator\Desktop\PolySignalLab\PolyDataCollector\data --output-dir C:\Users\operator\Desktop\PolySignalLab\engine_output
2026-04-04 05:53:17.275 [INFO    ] orchestrator: engine:   Summary written: C:\Users\operator\Desktop\PolySignalLab\engine_output\signals_summary_1775271197.json
2026-04-04 05:53:17.275 [INFO    ] orchestrator: engine: 
2026-04-04 05:53:17.275 [INFO    ] orchestrator: engine: ==========================================================
2026-04-04 05:53:17.275 [INFO    ] orchestrator: engine:   SUMMARY
2026-04-04 05:53:17.275 [INFO    ] orchestrator: engine: ==========================================================
2026-04-04 05:53:17.275 [INFO    ] orchestrator: engine:   Total windows:         600 (302 UP, 298 DOWN)
2026-04-04 05:53:17.275 [INFO    ] orchestrator: engine:   Walk-forward folds:    5 (3 test iterations)
2026-04-04 05:53:17.275 [INFO    ] orchestrator: engine:   OOS base rate:         51.9% UP (360 test windows total)
2026-04-04 05:53:17.275 [INFO    ] orchestrator: engine:   Viable WF-OOS signals: 29
2026-04-04 05:53:17.275 [INFO    ] orchestrator: engine: ==========================================================
2026-04-04 05:53:17.275 [INFO    ] orchestrator: engine produced: signals_summary_1775271197.json
2026-04-04 05:53:17.275 [INFO    ] orchestrator: cleaned up old summary: signals_summary_1775262128.json
2026-04-04 05:53:17.275 [INFO    ] orchestrator: ranked 20 signals
2026-04-04 05:53:17.275 [INFO    ] orchestrator:   #1 Up score=4.87 tier=OVERFIT_DANGER folds=1/3 idx=[3] p=2.29e-05 ev=0.0673
2026-04-04 05:53:17.275 [INFO    ] orchestrator:   #15 Up score=4.47 tier=SILVER folds=2/3 idx=[2, 3] p=8.23e-06 ev=0.0221
2026-04-04 05:53:17.275 [INFO    ] orchestrator:   #6 Up score=2.92 tier=OVERFIT_DANGER folds=1/3 idx=[3] p=4.10e-04 ev=0.0597
2026-04-04 05:53:17.275 [INFO    ] orchestrator:   #16 Down score=2.81 tier=OVERFIT_DANGER folds=1/3 idx=[4] p=8.90e-04 ev=0.0656
2026-04-04 05:53:17.275 [INFO    ] orchestrator:   #5 Down score=1.82 tier=OVERFIT_DANGER folds=1/3 idx=[4] p=3.18e-04 ev=0.0359
2026-04-04 05:53:17.275 [INFO    ] orchestrator: signal #1 Up [280s->90s] d>=0.0% v<=0.05% score 4.87 < threshold 10.00 — skipping
2026-04-04 05:53:17.297 [INFO    ] orchestrator: no signal passed all delivery gates — not sending to bot
2026-04-04 06:08:17.303 [INFO    ] orchestrator: data quality check passed: 600 windows available
2026-04-04 06:08:17.303 [INFO    ] orchestrator: starting engine: C:\Users\operator\Desktop\PolySignalLab\PolySignalEngine\build\Release\PolySignalEngine.exe C:\Users\operator\Desktop\PolySignalLab\PolyDataCollector\data --output-dir C:\Users\operator\Desktop\PolySignalLab\engine_output
2026-04-04 06:08:24.221 [INFO    ] orchestrator: engine:   Summary written: C:\Users\operator\Desktop\PolySignalLab\engine_output\signals_summary_1775272104.json
2026-04-04 06:08:24.221 [INFO    ] orchestrator: engine: 
2026-04-04 06:08:24.221 [INFO    ] orchestrator: engine: ==========================================================
2026-04-04 06:08:24.221 [INFO    ] orchestrator: engine:   SUMMARY
2026-04-04 06:08:24.221 [INFO    ] orchestrator: engine: ==========================================================
2026-04-04 06:08:24.221 [INFO    ] orchestrator: engine:   Total windows:         600 (300 UP, 300 DOWN)
2026-04-04 06:08:24.221 [INFO    ] orchestrator: engine:   Walk-forward folds:    5 (3 test iterations)
2026-04-04 06:08:24.221 [INFO    ] orchestrator: engine:   OOS base rate:         52.2% UP (360 test windows total)
2026-04-04 06:08:24.221 [INFO    ] orchestrator: engine:   Viable WF-OOS signals: 26
2026-04-04 06:08:24.221 [INFO    ] orchestrator: engine: ==========================================================
2026-04-04 06:08:24.230 [INFO    ] orchestrator: engine produced: signals_summary_1775272104.json
2026-04-04 06:08:24.230 [INFO    ] orchestrator: cleaned up old summary: signals_summary_1775263035.json
2026-04-04 06:08:24.230 [INFO    ] orchestrator: ranked 20 signals
2026-04-04 06:08:24.230 [INFO    ] orchestrator:   #1 Up score=6.45 tier=OVERFIT_DANGER folds=1/3 idx=[3] p=5.16e-06 ev=0.0758
2026-04-04 06:08:24.230 [INFO    ] orchestrator:   #2 Up score=5.79 tier=OVERFIT_DANGER folds=1/3 idx=[3] p=1.79e-05 ev=0.0771
2026-04-04 06:08:24.230 [INFO    ] orchestrator:   #12 Up score=4.82 tier=SILVER folds=2/3 idx=[2, 3] p=1.57e-05 ev=0.0252
2026-04-04 06:08:24.230 [INFO    ] orchestrator:   #10 Down score=3.58 tier=OVERFIT_DANGER folds=1/3 idx=[4] p=6.43e-04 ev=0.0789
2026-04-04 06:08:24.230 [INFO    ] orchestrator:   #5 Down score=1.99 tier=OVERFIT_DANGER folds=1/3 idx=[4] p=2.39e-04 ev=0.0372
2026-04-04 06:08:24.230 [INFO    ] orchestrator: signal #1 Up [290s->90s] d>=0.0% v<=1.0% score 6.45 < threshold 10.00 — skipping
2026-04-04 06:08:24.245 [INFO    ] orchestrator: no signal passed all delivery gates — not sending to bot
2026-04-04 06:23:24.248 [INFO    ] orchestrator: data quality check passed: 600 windows available
2026-04-04 06:23:24.248 [INFO    ] orchestrator: starting engine: C:\Users\operator\Desktop\PolySignalLab\PolySignalEngine\build\Release\PolySignalEngine.exe C:\Users\operator\Desktop\PolySignalLab\PolyDataCollector\data --output-dir C:\Users\operator\Desktop\PolySignalLab\engine_output
2026-04-04 06:23:31.266 [INFO    ] orchestrator: engine:   Summary written: C:\Users\operator\Desktop\PolySignalLab\engine_output\signals_summary_1775273011.json
2026-04-04 06:23:31.266 [INFO    ] orchestrator: engine: 
2026-04-04 06:23:31.266 [INFO    ] orchestrator: engine: ==========================================================
2026-04-04 06:23:31.266 [INFO    ] orchestrator: engine:   SUMMARY
2026-04-04 06:23:31.268 [INFO    ] orchestrator: engine: ==========================================================
2026-04-04 06:23:31.268 [INFO    ] orchestrator: engine:   Total windows:         600 (302 UP, 298 DOWN)
2026-04-04 06:23:31.268 [INFO    ] orchestrator: engine:   Walk-forward folds:    5 (3 test iterations)
2026-04-04 06:23:31.268 [INFO    ] orchestrator: engine:   OOS base rate:         53.1% UP (360 test windows total)
2026-04-04 06:23:31.268 [INFO    ] orchestrator: engine:   Viable WF-OOS signals: 28
2026-04-04 06:23:31.270 [INFO    ] orchestrator: engine: ==========================================================
2026-04-04 06:23:31.270 [INFO    ] orchestrator: engine produced: signals_summary_1775273011.json
2026-04-04 06:23:31.270 [INFO    ] orchestrator: cleaned up old summary: signals_summary_1775263942.json
2026-04-04 06:23:31.272 [INFO    ] orchestrator: ranked 20 signals
2026-04-04 06:23:31.273 [INFO    ] orchestrator:   #1 Up score=5.40 tier=OVERFIT_DANGER folds=1/3 idx=[3] p=1.38e-05 ev=0.0703
2026-04-04 06:23:31.273 [INFO    ] orchestrator:   #2 Up score=4.84 tier=OVERFIT_DANGER folds=1/3 idx=[3] p=4.24e-05 ev=0.0711
2026-04-04 06:23:31.273 [INFO    ] orchestrator:   #12 Down score=3.37 tier=OVERFIT_DANGER folds=1/3 idx=[4] p=6.72e-04 ev=0.0753
2026-04-04 06:23:31.275 [INFO    ] orchestrator:   #10 Up score=3.01 tier=OVERFIT_DANGER folds=1/3 idx=[2] p=3.16e-04 ev=0.0593
2026-04-04 06:23:31.275 [INFO    ] orchestrator:   #3 Up score=2.19 tier=OVERFIT_DANGER folds=1/3 idx=[2] p=1.13e-04 ev=0.0369
2026-04-04 06:23:31.275 [INFO    ] orchestrator: signal #1 Up [290s->90s] d>=0.0% v<=0.35% score 5.40 < threshold 10.00 — skipping
2026-04-04 06:23:31.287 [INFO    ] orchestrator: no signal passed all delivery gates — not sending to bot
2026-04-04 06:38:31.294 [INFO    ] orchestrator: data quality check passed: 600 windows available
2026-04-04 06:38:31.294 [INFO    ] orchestrator: starting engine: C:\Users\operator\Desktop\PolySignalLab\PolySignalEngine\build\Release\PolySignalEngine.exe C:\Users\operator\Desktop\PolySignalLab\PolyDataCollector\data --output-dir C:\Users\operator\Desktop\PolySignalLab\engine_output
2026-04-04 06:38:38.147 [INFO    ] orchestrator: engine:   Summary written: C:\Users\operator\Desktop\PolySignalLab\engine_output\signals_summary_1775273918.json
2026-04-04 06:38:38.147 [INFO    ] orchestrator: engine: 
2026-04-04 06:38:38.147 [INFO    ] orchestrator: engine: ==========================================================
2026-04-04 06:38:38.147 [INFO    ] orchestrator: engine:   SUMMARY
2026-04-04 06:38:38.152 [INFO    ] orchestrator: engine: ==========================================================
2026-04-04 06:38:38.152 [INFO    ] orchestrator: engine:   Total windows:         600 (302 UP, 298 DOWN)
2026-04-04 06:38:38.152 [INFO    ] orchestrator: engine:   Walk-forward folds:    5 (3 test iterations)
2026-04-04 06:38:38.152 [INFO    ] orchestrator: engine:   OOS base rate:         52.8% UP (360 test windows total)
2026-04-04 06:38:38.152 [INFO    ] orchestrator: engine:   Viable WF-OOS signals: 24
2026-04-04 06:38:38.152 [INFO    ] orchestrator: engine: ==========================================================
2026-04-04 06:38:38.152 [INFO    ] orchestrator: engine produced: signals_summary_1775273918.json
2026-04-04 06:38:38.152 [INFO    ] orchestrator: cleaned up old summary: signals_summary_1775264849.json
2026-04-04 06:38:38.152 [INFO    ] orchestrator: ranked 20 signals
2026-04-04 06:38:38.152 [INFO    ] orchestrator:   #11 Up score=8.00 tier=SILVER folds=2/3 idx=[2, 3] p=4.65e-06 ev=0.0387
2026-04-04 06:38:38.152 [INFO    ] orchestrator:   #18 Up score=5.82 tier=SILVER folds=2/3 idx=[2, 3] p=3.00e-05 ev=0.0333
2026-04-04 06:38:38.152 [INFO    ] orchestrator:   #1 Up score=4.38 tier=OVERFIT_DANGER folds=1/3 idx=[3] p=1.70e-05 ev=0.0585
2026-04-04 06:38:38.152 [INFO    ] orchestrator:   #8 Up score=4.02 tier=OVERFIT_DANGER folds=1/3 idx=[2] p=1.43e-04 ev=0.0711
2026-04-04 06:38:38.152 [INFO    ] orchestrator:   #2 Up score=3.26 tier=OVERFIT_DANGER folds=1/3 idx=[2] p=6.96e-05 ev=0.0515
2026-04-04 06:38:38.152 [INFO    ] orchestrator: signal #11 Up [280s->150s] d>=0.0% v<=0.05% score 8.00 < threshold 10.00 — skipping
2026-04-04 06:38:38.168 [INFO    ] orchestrator: no signal passed all delivery gates — not sending to bot
2026-04-04 06:53:38.186 [INFO    ] orchestrator: data quality check passed: 600 windows available
2026-04-04 06:53:38.186 [INFO    ] orchestrator: starting engine: C:\Users\operator\Desktop\PolySignalLab\PolySignalEngine\build\Release\PolySignalEngine.exe C:\Users\operator\Desktop\PolySignalLab\PolyDataCollector\data --output-dir C:\Users\operator\Desktop\PolySignalLab\engine_output
2026-04-04 06:53:44.911 [INFO    ] orchestrator: engine:   Summary written: C:\Users\operator\Desktop\PolySignalLab\engine_output\signals_summary_1775274824.json
2026-04-04 06:53:44.911 [INFO    ] orchestrator: engine: 
2026-04-04 06:53:44.927 [INFO    ] orchestrator: engine: ==========================================================
2026-04-04 06:53:44.927 [INFO    ] orchestrator: engine:   SUMMARY
2026-04-04 06:53:44.927 [INFO    ] orchestrator: engine: ==========================================================
2026-04-04 06:53:44.927 [INFO    ] orchestrator: engine:   Total windows:         600 (302 UP, 298 DOWN)
2026-04-04 06:53:44.927 [INFO    ] orchestrator: engine:   Walk-forward folds:    5 (3 test iterations)
2026-04-04 06:53:44.927 [INFO    ] orchestrator: engine:   OOS base rate:         52.8% UP (360 test windows total)
2026-04-04 06:53:44.927 [INFO    ] orchestrator: engine:   Viable WF-OOS signals: 28
2026-04-04 06:53:44.927 [INFO    ] orchestrator: engine: ==========================================================
2026-04-04 06:53:44.927 [INFO    ] orchestrator: engine produced: signals_summary_1775274824.json
2026-04-04 06:53:44.927 [INFO    ] orchestrator: cleaned up old summary: signals_summary_1775265756.json
2026-04-04 06:53:44.927 [INFO    ] orchestrator: ranked 20 signals
2026-04-04 06:53:44.927 [INFO    ] orchestrator:   #20 Up score=8.10 tier=SILVER folds=2/3 idx=[2, 3] p=1.08e-05 ev=0.0409
2026-04-04 06:53:44.927 [INFO    ] orchestrator:   #1 Up score=5.26 tier=OVERFIT_DANGER folds=1/3 idx=[3] p=1.08e-05 ev=0.0667
2026-04-04 06:53:44.927 [INFO    ] orchestrator:   #11 Up score=3.81 tier=OVERFIT_DANGER folds=1/3 idx=[2] p=1.65e-04 ev=0.0685
2026-04-04 06:53:44.927 [INFO    ] orchestrator:   #14 Up score=3.56 tier=OVERFIT_DANGER folds=1/3 idx=[2] p=7.81e-04 ev=0.0802
2026-04-04 06:53:44.927 [INFO    ] orchestrator:   #18 Up score=3.33 tier=OVERFIT_DANGER folds=1/3 idx=[2] p=8.99e-04 ev=0.0772
2026-04-04 06:53:44.927 [INFO    ] orchestrator: signal #20 Up [290s->180s] d>=0.0% v<=0.05% score 8.10 < threshold 10.00 — skipping
2026-04-04 06:53:44.943 [INFO    ] orchestrator: no signal passed all delivery gates — not sending to bot
2026-04-04 07:08:44.951 [INFO    ] orchestrator: data quality check passed: 600 windows available
2026-04-04 07:08:44.951 [INFO    ] orchestrator: starting engine: C:\Users\operator\Desktop\PolySignalLab\PolySignalEngine\build\Release\PolySignalEngine.exe C:\Users\operator\Desktop\PolySignalLab\PolyDataCollector\data --output-dir C:\Users\operator\Desktop\PolySignalLab\engine_output
2026-04-04 07:08:51.841 [INFO    ] orchestrator: engine:   Summary written: C:\Users\operator\Desktop\PolySignalLab\engine_output\signals_summary_1775275731.json
2026-04-04 07:08:51.841 [INFO    ] orchestrator: engine: 
2026-04-04 07:08:51.841 [INFO    ] orchestrator: engine: ==========================================================
2026-04-04 07:08:51.841 [INFO    ] orchestrator: engine:   SUMMARY
2026-04-04 07:08:51.841 [INFO    ] orchestrator: engine: ==========================================================
2026-04-04 07:08:51.841 [INFO    ] orchestrator: engine:   Total windows:         600 (303 UP, 297 DOWN)
2026-04-04 07:08:51.846 [INFO    ] orchestrator: engine:   Walk-forward folds:    5 (3 test iterations)
2026-04-04 07:08:51.846 [INFO    ] orchestrator: engine:   OOS base rate:         52.2% UP (360 test windows total)
2026-04-04 07:08:51.846 [INFO    ] orchestrator: engine:   Viable WF-OOS signals: 27
2026-04-04 07:08:51.846 [INFO    ] orchestrator: engine: ==========================================================
2026-04-04 07:08:51.846 [INFO    ] orchestrator: engine produced: signals_summary_1775275731.json
2026-04-04 07:08:51.846 [INFO    ] orchestrator: cleaned up old summary: signals_summary_1775266663.json
2026-04-04 07:08:51.846 [INFO    ] orchestrator: ranked 20 signals
2026-04-04 07:08:51.846 [INFO    ] orchestrator:   #1 Up score=4.17 tier=OVERFIT_DANGER folds=1/3 idx=[3] p=2.82e-05 ev=0.0586
2026-04-04 07:08:51.846 [INFO    ] orchestrator:   #10 Up score=3.56 tier=OVERFIT_DANGER folds=1/3 idx=[2] p=4.00e-04 ev=0.0726
2026-04-04 07:08:51.846 [INFO    ] orchestrator:   #14 Up score=3.40 tier=OVERFIT_DANGER folds=1/3 idx=[2] p=8.37e-04 ev=0.0778
2026-04-04 07:08:51.846 [INFO    ] orchestrator:   #3 Down score=3.35 tier=OVERFIT_DANGER folds=1/3 idx=[4] p=1.28e-04 ev=0.0568
2026-04-04 07:08:51.846 [INFO    ] orchestrator:   #4 Up score=3.14 tier=OVERFIT_DANGER folds=1/3 idx=[2] p=1.22e-04 ev=0.0532
2026-04-04 07:08:51.846 [INFO    ] orchestrator: signal #1 Up [290s->90s] d>=0.0% v<=0.25% score 4.17 < threshold 10.00 — skipping
2026-04-04 07:08:51.862 [INFO    ] orchestrator: no signal passed all delivery gates — not sending to bot
2026-04-04 07:23:51.873 [INFO    ] orchestrator: data quality check passed: 600 windows available
2026-04-04 07:23:51.873 [INFO    ] orchestrator: starting engine: C:\Users\operator\Desktop\PolySignalLab\PolySignalEngine\build\Release\PolySignalEngine.exe C:\Users\operator\Desktop\PolySignalLab\PolyDataCollector\data --output-dir C:\Users\operator\Desktop\PolySignalLab\engine_output
2026-04-04 07:23:58.634 [INFO    ] orchestrator: engine:   Summary written: C:\Users\operator\Desktop\PolySignalLab\engine_output\signals_summary_1775276638.json
2026-04-04 07:23:58.634 [INFO    ] orchestrator: engine: 
2026-04-04 07:23:58.634 [INFO    ] orchestrator: engine: ==========================================================
2026-04-04 07:23:58.634 [INFO    ] orchestrator: engine:   SUMMARY
2026-04-04 07:23:58.634 [INFO    ] orchestrator: engine: ==========================================================
2026-04-04 07:23:58.634 [INFO    ] orchestrator: engine:   Total windows:         600 (302 UP, 298 DOWN)
2026-04-04 07:23:58.634 [INFO    ] orchestrator: engine:   Walk-forward folds:    5 (3 test iterations)
2026-04-04 07:23:58.634 [INFO    ] orchestrator: engine:   OOS base rate:         52.2% UP (360 test windows total)
2026-04-04 07:23:58.634 [INFO    ] orchestrator: engine:   Viable WF-OOS signals: 26
2026-04-04 07:23:58.634 [INFO    ] orchestrator: engine: ==========================================================
2026-04-04 07:23:58.634 [INFO    ] orchestrator: engine produced: signals_summary_1775276638.json
2026-04-04 07:23:58.634 [INFO    ] orchestrator: cleaned up old summary: signals_summary_1775267569.json
2026-04-04 07:23:58.634 [INFO    ] orchestrator: ranked 20 signals
2026-04-04 07:23:58.634 [INFO    ] orchestrator:   #13 Down score=5.80 tier=SILVER folds=2/3 idx=[2, 4] p=1.70e-06 ev=0.0248
2026-04-04 07:23:58.634 [INFO    ] orchestrator:   #2 Down score=5.32 tier=OVERFIT_DANGER folds=1/3 idx=[4] p=4.09e-05 ev=0.0779
2026-04-04 07:23:58.634 [INFO    ] orchestrator:   #8 Up score=4.66 tier=OVERFIT_DANGER folds=1/3 idx=[2] p=3.65e-04 ev=0.0918
2026-04-04 07:23:58.634 [INFO    ] orchestrator:   #3 Up score=4.61 tier=OVERFIT_DANGER folds=1/3 idx=[2] p=3.30e-05 ev=0.0665
2026-04-04 07:23:58.634 [INFO    ] orchestrator:   #11 Up score=4.52 tier=OVERFIT_DANGER folds=1/3 idx=[2] p=2.29e-04 ev=0.0848
2026-04-04 07:23:58.634 [INFO    ] orchestrator: signal #13 Down [240s->140s] d>=0.0% v<=0.05% score 5.80 < threshold 10.00 — skipping
2026-04-04 07:23:58.655 [INFO    ] orchestrator: no signal passed all delivery gates — not sending to bot
2026-04-04 07:38:58.666 [INFO    ] orchestrator: data quality check passed: 600 windows available
2026-04-04 07:38:58.666 [INFO    ] orchestrator: starting engine: C:\Users\operator\Desktop\PolySignalLab\PolySignalEngine\build\Release\PolySignalEngine.exe C:\Users\operator\Desktop\PolySignalLab\PolyDataCollector\data --output-dir C:\Users\operator\Desktop\PolySignalLab\engine_output
2026-04-04 07:39:05.429 [INFO    ] orchestrator: engine:   Summary written: C:\Users\operator\Desktop\PolySignalLab\engine_output\signals_summary_1775277545.json
2026-04-04 07:39:05.429 [INFO    ] orchestrator: engine: 
2026-04-04 07:39:05.429 [INFO    ] orchestrator: engine: ==========================================================
2026-04-04 07:39:05.429 [INFO    ] orchestrator: engine:   SUMMARY
2026-04-04 07:39:05.429 [INFO    ] orchestrator: engine: ==========================================================
2026-04-04 07:39:05.429 [INFO    ] orchestrator: engine:   Total windows:         600 (305 UP, 295 DOWN)
2026-04-04 07:39:05.429 [INFO    ] orchestrator: engine:   Walk-forward folds:    5 (3 test iterations)
2026-04-04 07:39:05.429 [INFO    ] orchestrator: engine:   OOS base rate:         52.5% UP (360 test windows total)
2026-04-04 07:39:05.429 [INFO    ] orchestrator: engine:   Viable WF-OOS signals: 31
2026-04-04 07:39:05.429 [INFO    ] orchestrator: engine: ==========================================================
2026-04-04 07:39:05.429 [INFO    ] orchestrator: engine produced: signals_summary_1775277545.json
2026-04-04 07:39:05.429 [INFO    ] orchestrator: cleaned up old summary: signals_summary_1775268476.json
2026-04-04 07:39:05.429 [INFO    ] orchestrator: ranked 20 signals
2026-04-04 07:39:05.429 [INFO    ] orchestrator:   #13 Up score=8.77 tier=SILVER folds=2/3 idx=[2, 3] p=1.20e-05 ev=0.0461
2026-04-04 07:39:05.429 [INFO    ] orchestrator:   #1 Down score=6.24 tier=OVERFIT_DANGER folds=1/3 idx=[4] p=2.13e-05 ev=0.0844
2026-04-04 07:39:05.429 [INFO    ] orchestrator:   #4 Up score=4.54 tier=OVERFIT_DANGER folds=1/3 idx=[2] p=3.58e-05 ev=0.0663
2026-04-04 07:39:05.429 [INFO    ] orchestrator:   #11 Up score=3.87 tier=OVERFIT_DANGER folds=1/3 idx=[2] p=6.16e-04 ev=0.0830
2026-04-04 07:39:05.429 [INFO    ] orchestrator:   #2 Up score=3.78 tier=OVERFIT_DANGER folds=1/3 idx=[3] p=2.13e-05 ev=0.0517
2026-04-04 07:39:05.429 [INFO    ] orchestrator: signal #13 Up [290s->150s] d>=0.0% v<=0.05% score 8.77 < threshold 10.00 — skipping
2026-04-04 07:39:05.444 [INFO    ] orchestrator: no signal passed all delivery gates — not sending to bot
2026-04-04 07:54:05.462 [INFO    ] orchestrator: data quality check passed: 600 windows available
2026-04-04 07:54:05.462 [INFO    ] orchestrator: starting engine: C:\Users\operator\Desktop\PolySignalLab\PolySignalEngine\build\Release\PolySignalEngine.exe C:\Users\operator\Desktop\PolySignalLab\PolyDataCollector\data --output-dir C:\Users\operator\Desktop\PolySignalLab\engine_output
2026-04-04 07:54:12.104 [INFO    ] orchestrator: engine:   Summary written: C:\Users\operator\Desktop\PolySignalLab\engine_output\signals_summary_1775278452.json
2026-04-04 07:54:12.104 [INFO    ] orchestrator: engine: 
2026-04-04 07:54:12.104 [INFO    ] orchestrator: engine: ==========================================================
2026-04-04 07:54:12.104 [INFO    ] orchestrator: engine:   SUMMARY
2026-04-04 07:54:12.104 [INFO    ] orchestrator: engine: ==========================================================
2026-04-04 07:54:12.104 [INFO    ] orchestrator: engine:   Total windows:         600 (306 UP, 294 DOWN)
2026-04-04 07:54:12.104 [INFO    ] orchestrator: engine:   Walk-forward folds:    5 (3 test iterations)
2026-04-04 07:54:12.104 [INFO    ] orchestrator: engine:   OOS base rate:         52.5% UP (360 test windows total)
2026-04-04 07:54:12.104 [INFO    ] orchestrator: engine:   Viable WF-OOS signals: 30
2026-04-04 07:54:12.104 [INFO    ] orchestrator: engine: ==========================================================
2026-04-04 07:54:12.104 [INFO    ] orchestrator: engine produced: signals_summary_1775278452.json
2026-04-04 07:54:12.104 [INFO    ] orchestrator: cleaned up old summary: signals_summary_1775269383.json
2026-04-04 07:54:12.104 [INFO    ] orchestrator: ranked 20 signals
2026-04-04 07:54:12.104 [INFO    ] orchestrator:   #1 Down score=6.46 tier=OVERFIT_DANGER folds=1/3 idx=[4] p=1.97e-05 ev=0.0863
2026-04-04 07:54:12.120 [INFO    ] orchestrator:   #7 Up score=5.87 tier=OVERFIT_DANGER folds=1/3 idx=[2] p=9.09e-05 ev=0.0966
2026-04-04 07:54:12.120 [INFO    ] orchestrator:   #3 Up score=5.64 tier=OVERFIT_DANGER folds=1/3 idx=[2] p=2.49e-05 ev=0.0783
2026-04-04 07:54:12.120 [INFO    ] orchestrator:   #12 Up score=4.73 tier=OVERFIT_DANGER folds=1/3 idx=[2] p=1.14e-04 ev=0.0812
2026-04-04 07:54:12.120 [INFO    ] orchestrator:   #18 Up score=4.41 tier=OVERFIT_DANGER folds=1/3 idx=[2] p=3.34e-04 ev=0.0875
2026-04-04 07:54:12.120 [INFO    ] orchestrator: signal #1 Down [200s->120s] d>=0.0% v<=1.0% score 6.46 < threshold 10.00 — skipping
2026-04-04 07:54:12.120 [INFO    ] orchestrator: no signal passed all delivery gates — not sending to bot
2026-04-04 08:09:12.133 [INFO    ] orchestrator: data quality check passed: 600 windows available
2026-04-04 08:09:12.133 [INFO    ] orchestrator: starting engine: C:\Users\operator\Desktop\PolySignalLab\PolySignalEngine\build\Release\PolySignalEngine.exe C:\Users\operator\Desktop\PolySignalLab\PolyDataCollector\data --output-dir C:\Users\operator\Desktop\PolySignalLab\engine_output
2026-04-04 08:09:18.955 [INFO    ] orchestrator: engine:   Summary written: C:\Users\operator\Desktop\PolySignalLab\engine_output\signals_summary_1775279358.json
2026-04-04 08:09:18.955 [INFO    ] orchestrator: engine: 
2026-04-04 08:09:18.955 [INFO    ] orchestrator: engine: ==========================================================
2026-04-04 08:09:18.955 [INFO    ] orchestrator: engine:   SUMMARY
2026-04-04 08:09:18.957 [INFO    ] orchestrator: engine: ==========================================================
2026-04-04 08:09:18.957 [INFO    ] orchestrator: engine:   Total windows:         600 (307 UP, 293 DOWN)
2026-04-04 08:09:18.957 [INFO    ] orchestrator: engine:   Walk-forward folds:    5 (3 test iterations)
2026-04-04 08:09:18.957 [INFO    ] orchestrator: engine:   OOS base rate:         52.8% UP (360 test windows total)
2026-04-04 08:09:18.957 [INFO    ] orchestrator: engine:   Viable WF-OOS signals: 29
2026-04-04 08:09:18.959 [INFO    ] orchestrator: engine: ==========================================================
2026-04-04 08:09:18.959 [INFO    ] orchestrator: engine produced: signals_summary_1775279358.json
2026-04-04 08:09:18.961 [INFO    ] orchestrator: cleaned up old summary: signals_summary_1775270290.json
2026-04-04 08:09:18.961 [INFO    ] orchestrator: ranked 20 signals
2026-04-04 08:09:18.961 [INFO    ] orchestrator:   #17 Up score=6.02 tier=SILVER folds=2/3 idx=[2, 3] p=4.75e-05 ev=0.0378
2026-04-04 08:09:18.961 [INFO    ] orchestrator:   #1 Up score=4.53 tier=OVERFIT_DANGER folds=1/3 idx=[2] p=6.04e-05 ev=0.0698
2026-04-04 08:09:18.963 [INFO    ] orchestrator:   #10 Up score=4.15 tier=OVERFIT_DANGER folds=1/3 idx=[2] p=6.03e-04 ev=0.0884
2026-04-04 08:09:18.963 [INFO    ] orchestrator:   #13 Up score=4.07 tier=OVERFIT_DANGER folds=1/3 idx=[2] p=7.86e-04 ev=0.0903
2026-04-04 08:09:18.963 [INFO    ] orchestrator:   #11 Up score=3.98 tier=OVERFIT_DANGER folds=1/3 idx=[2] p=3.25e-04 ev=0.0783
2026-04-04 08:09:18.963 [INFO    ] orchestrator: signal #17 Up [290s->150s] d>=0.0% v<=0.05% score 6.02 < threshold 10.00 — skipping
2026-04-04 08:09:18.972 [INFO    ] orchestrator: no signal passed all delivery gates — not sending to bot
2026-04-04 08:24:18.985 [INFO    ] orchestrator: data quality check passed: 600 windows available
2026-04-04 08:24:18.985 [INFO    ] orchestrator: starting engine: C:\Users\operator\Desktop\PolySignalLab\PolySignalEngine\build\Release\PolySignalEngine.exe C:\Users\operator\Desktop\PolySignalLab\PolyDataCollector\data --output-dir C:\Users\operator\Desktop\PolySignalLab\engine_output
2026-04-04 08:24:25.694 [INFO    ] orchestrator: engine:   Summary written: C:\Users\operator\Desktop\PolySignalLab\engine_output\signals_summary_1775280265.json
2026-04-04 08:24:25.694 [INFO    ] orchestrator: engine: 
2026-04-04 08:24:25.694 [INFO    ] orchestrator: engine: ==========================================================
2026-04-04 08:24:25.694 [INFO    ] orchestrator: engine:   SUMMARY
2026-04-04 08:24:25.694 [INFO    ] orchestrator: engine: ==========================================================
2026-04-04 08:24:25.694 [INFO    ] orchestrator: engine:   Total windows:         600 (307 UP, 293 DOWN)
2026-04-04 08:24:25.694 [INFO    ] orchestrator: engine:   Walk-forward folds:    5 (3 test iterations)
2026-04-04 08:24:25.710 [INFO    ] orchestrator: engine:   OOS base rate:         53.1% UP (360 test windows total)
2026-04-04 08:24:25.710 [INFO    ] orchestrator: engine:   Viable WF-OOS signals: 28
2026-04-04 08:24:25.710 [INFO    ] orchestrator: engine: ==========================================================
2026-04-04 08:24:25.710 [INFO    ] orchestrator: engine produced: signals_summary_1775280265.json
2026-04-04 08:24:25.710 [INFO    ] orchestrator: cleaned up old summary: signals_summary_1775271197.json
2026-04-04 08:24:25.710 [INFO    ] orchestrator: ranked 20 signals
2026-04-04 08:24:25.710 [INFO    ] orchestrator:   #14 Down score=5.99 tier=SILVER folds=2/3 idx=[2, 4] p=2.93e-07 ev=0.0233
2026-04-04 08:24:25.710 [INFO    ] orchestrator:   #11 Up score=5.37 tier=OVERFIT_DANGER folds=1/3 idx=[2] p=2.41e-04 ev=0.1009
2026-04-04 08:24:25.710 [INFO    ] orchestrator:   #8 Up score=5.25 tier=OVERFIT_DANGER folds=1/3 idx=[2] p=3.50e-04 ev=0.1025
2026-04-04 08:24:25.710 [INFO    ] orchestrator:   #1 Up score=5.12 tier=OVERFIT_DANGER folds=1/3 idx=[2] p=3.90e-05 ev=0.0749
2026-04-04 08:24:25.710 [INFO    ] orchestrator:   #10 Up score=5.10 tier=OVERFIT_DANGER folds=1/3 idx=[2] p=4.85e-04 ev=0.1042
2026-04-04 08:24:25.710 [INFO    ] orchestrator: signal #14 Down [240s->140s] d>=0.0% v<=0.05% score 5.99 < threshold 10.00 — skipping
2026-04-04 08:24:25.710 [INFO    ] orchestrator: no signal passed all delivery gates — not sending to bot
2026-04-04 08:39:25.736 [INFO    ] orchestrator: data quality check passed: 600 windows available
2026-04-04 08:39:25.736 [INFO    ] orchestrator: starting engine: C:\Users\operator\Desktop\PolySignalLab\PolySignalEngine\build\Release\PolySignalEngine.exe C:\Users\operator\Desktop\PolySignalLab\PolyDataCollector\data --output-dir C:\Users\operator\Desktop\PolySignalLab\engine_output
2026-04-04 08:39:32.333 [INFO    ] orchestrator: engine:   Summary written: C:\Users\operator\Desktop\PolySignalLab\engine_output\signals_summary_1775281172.json
2026-04-04 08:39:32.333 [INFO    ] orchestrator: engine: 
2026-04-04 08:39:32.333 [INFO    ] orchestrator: engine: ==========================================================
2026-04-04 08:39:32.333 [INFO    ] orchestrator: engine:   SUMMARY
2026-04-04 08:39:32.333 [INFO    ] orchestrator: engine: ==========================================================
2026-04-04 08:39:32.333 [INFO    ] orchestrator: engine:   Total windows:         600 (307 UP, 293 DOWN)
2026-04-04 08:39:32.333 [INFO    ] orchestrator: engine:   Walk-forward folds:    5 (3 test iterations)
2026-04-04 08:39:32.333 [INFO    ] orchestrator: engine:   OOS base rate:         52.8% UP (360 test windows total)
2026-04-04 08:39:32.333 [INFO    ] orchestrator: engine:   Viable WF-OOS signals: 27
2026-04-04 08:39:32.333 [INFO    ] orchestrator: engine: ==========================================================
2026-04-04 08:39:32.333 [INFO    ] orchestrator: engine produced: signals_summary_1775281172.json
2026-04-04 08:39:32.333 [INFO    ] orchestrator: cleaned up old summary: signals_summary_1775272104.json
2026-04-04 08:39:32.333 [INFO    ] orchestrator: ranked 20 signals
2026-04-04 08:39:32.333 [INFO    ] orchestrator:   #1 Up score=4.24 tier=OVERFIT_DANGER folds=1/3 idx=[2] p=5.09e-05 ev=0.0647
2026-04-04 08:39:32.333 [INFO    ] orchestrator:   #2 Down score=4.15 tier=OVERFIT_DANGER folds=1/3 idx=[4] p=5.09e-05 ev=0.0635
2026-04-04 08:39:32.333 [INFO    ] orchestrator:   #11 Up score=3.76 tier=OVERFIT_DANGER folds=1/3 idx=[2] p=9.04e-04 ev=0.0852
2026-04-04 08:39:32.333 [INFO    ] orchestrator:   #15 Down score=2.68 tier=OVERFIT_DANGER folds=1/3 idx=[4] p=1.35e-03 ev=0.0668
2026-04-04 08:39:32.333 [INFO    ] orchestrator:   #16 Up score=2.06 tier=OVERFIT_DANGER folds=1/3 idx=[2] p=1.47e-03 ev=0.0522
2026-04-04 08:39:32.333 [INFO    ] orchestrator: signal #1 Up [290s->140s] d>=0.0% v<=0.8% score 4.24 < threshold 10.00 — skipping
2026-04-04 08:39:32.348 [INFO    ] orchestrator: no signal passed all delivery gates — not sending to bot
2026-04-04 08:54:32.370 [INFO    ] orchestrator: data quality check passed: 600 windows available
2026-04-04 08:54:32.370 [INFO    ] orchestrator: starting engine: C:\Users\operator\Desktop\PolySignalLab\PolySignalEngine\build\Release\PolySignalEngine.exe C:\Users\operator\Desktop\PolySignalLab\PolyDataCollector\data --output-dir C:\Users\operator\Desktop\PolySignalLab\engine_output
2026-04-04 08:54:38.969 [INFO    ] orchestrator: engine:   Summary written: C:\Users\operator\Desktop\PolySignalLab\engine_output\signals_summary_1775282078.json
2026-04-04 08:54:38.969 [INFO    ] orchestrator: engine: 
2026-04-04 08:54:38.969 [INFO    ] orchestrator: engine: ==========================================================
2026-04-04 08:54:38.969 [INFO    ] orchestrator: engine:   SUMMARY
2026-04-04 08:54:38.969 [INFO    ] orchestrator: engine: ==========================================================
2026-04-04 08:54:38.969 [INFO    ] orchestrator: engine:   Total windows:         600 (309 UP, 291 DOWN)
2026-04-04 08:54:38.969 [INFO    ] orchestrator: engine:   Walk-forward folds:    5 (3 test iterations)
2026-04-04 08:54:38.969 [INFO    ] orchestrator: engine:   OOS base rate:         53.3% UP (360 test windows total)
2026-04-04 08:54:38.969 [INFO    ] orchestrator: engine:   Viable WF-OOS signals: 29
2026-04-04 08:54:38.982 [INFO    ] orchestrator: engine: ==========================================================
2026-04-04 08:54:38.983 [INFO    ] orchestrator: engine produced: signals_summary_1775282078.json
2026-04-04 08:54:38.983 [INFO    ] orchestrator: cleaned up old summary: signals_summary_1775273011.json
2026-04-04 08:54:38.983 [INFO    ] orchestrator: ranked 20 signals
2026-04-04 08:54:38.983 [INFO    ] orchestrator:   #11 Down score=10.13 tier=SILVER folds=2/3 idx=[2, 4] p=3.37e-08 ev=0.0339
2026-04-04 08:54:38.983 [INFO    ] orchestrator:   #7 Up score=10.11 tier=SILVER folds=2/3 idx=[2, 3] p=2.38e-07 ev=0.0365
2026-04-04 08:54:38.983 [INFO    ] orchestrator:   #16 Up score=8.68 tier=SILVER folds=2/3 idx=[2, 3] p=1.58e-05 ev=0.0488
2026-04-04 08:54:38.983 [INFO    ] orchestrator:   #2 Up score=5.70 tier=OVERFIT_DANGER folds=1/3 idx=[2] p=1.58e-05 ev=0.0763
2026-04-04 08:54:38.983 [INFO    ] orchestrator:   #4 Down score=5.03 tier=OVERFIT_DANGER folds=1/3 idx=[4] p=1.58e-05 ev=0.0684
2026-04-04 08:54:38.983 [INFO    ] orchestrator: SILVER SIGNAL: #11 Down [240s->140s] d>=0.0% v<=0.05% (score=10.13 folds=[2, 4])
2026-04-04 08:54:38.983 [INFO    ] shared.ipc: IPC: signal delivered successfully
2026-04-04 08:54:38.983 [INFO    ] orchestrator: silver signal delivered to bot
2026-04-04 09:09:39.005 [INFO    ] orchestrator: data quality check passed: 600 windows available
2026-04-04 09:09:39.005 [INFO    ] orchestrator: starting engine: C:\Users\operator\Desktop\PolySignalLab\PolySignalEngine\build\Release\PolySignalEngine.exe C:\Users\operator\Desktop\PolySignalLab\PolyDataCollector\data --output-dir C:\Users\operator\Desktop\PolySignalLab\engine_output
2026-04-04 09:09:45.518 [INFO    ] orchestrator: engine:   Summary written: C:\Users\operator\Desktop\PolySignalLab\engine_output\signals_summary_1775282985.json
2026-04-04 09:09:45.518 [INFO    ] orchestrator: engine: 
2026-04-04 09:09:45.534 [INFO    ] orchestrator: engine: ==========================================================
2026-04-04 09:09:45.534 [INFO    ] orchestrator: engine:   SUMMARY
2026-04-04 09:09:45.534 [INFO    ] orchestrator: engine: ==========================================================
2026-04-04 09:09:45.534 [INFO    ] orchestrator: engine:   Total windows:         600 (311 UP, 289 DOWN)
2026-04-04 09:09:45.534 [INFO    ] orchestrator: engine:   Walk-forward folds:    5 (3 test iterations)
2026-04-04 09:09:45.534 [INFO    ] orchestrator: engine:   OOS base rate:         53.3% UP (360 test windows total)
2026-04-04 09:09:45.534 [INFO    ] orchestrator: engine:   Viable WF-OOS signals: 30
2026-04-04 09:09:45.534 [INFO    ] orchestrator: engine: ==========================================================
2026-04-04 09:09:45.534 [INFO    ] orchestrator: engine produced: signals_summary_1775282985.json
2026-04-04 09:09:45.534 [INFO    ] orchestrator: cleaned up old summary: signals_summary_1775273918.json
2026-04-04 09:09:45.534 [INFO    ] orchestrator: ranked 20 signals
2026-04-04 09:09:45.534 [INFO    ] orchestrator:   #8 Down score=12.72 tier=SILVER folds=2/3 idx=[2, 4] p=1.41e-08 ev=0.0397
2026-04-04 09:09:45.534 [INFO    ] orchestrator:   #2 Down score=6.05 tier=OVERFIT_DANGER folds=1/3 idx=[4] p=1.29e-05 ev=0.0792
2026-04-04 09:09:45.534 [INFO    ] orchestrator:   #1 Down score=5.15 tier=OVERFIT_DANGER folds=1/3 idx=[2] p=8.37e-07 ev=0.0522
2026-04-04 09:09:45.534 [INFO    ] orchestrator:   #3 Up score=4.50 tier=OVERFIT_DANGER folds=1/3 idx=[2] p=2.25e-05 ev=0.0624
2026-04-04 09:09:45.534 [INFO    ] orchestrator:   #12 Up score=4.02 tier=OVERFIT_DANGER folds=1/3 idx=[2] p=5.05e-04 ev=0.0835
2026-04-04 09:09:45.534 [INFO    ] orchestrator: SILVER SIGNAL: #8 Down [240s->140s] d>=0.0% v<=0.05% (score=12.72 folds=[2, 4])
2026-04-04 09:09:45.550 [INFO    ] shared.ipc: IPC: signal delivered successfully
2026-04-04 09:09:45.550 [INFO    ] orchestrator: silver signal delivered to bot
2026-04-04 09:24:45.553 [INFO    ] orchestrator: data quality check passed: 600 windows available
2026-04-04 09:24:45.553 [INFO    ] orchestrator: starting engine: C:\Users\operator\Desktop\PolySignalLab\PolySignalEngine\build\Release\PolySignalEngine.exe C:\Users\operator\Desktop\PolySignalLab\PolyDataCollector\data --output-dir C:\Users\operator\Desktop\PolySignalLab\engine_output
2026-04-04 09:24:52.247 [INFO    ] orchestrator: engine:   Summary written: C:\Users\operator\Desktop\PolySignalLab\engine_output\signals_summary_1775283892.json
2026-04-04 09:24:52.248 [INFO    ] orchestrator: engine: 
2026-04-04 09:24:52.248 [INFO    ] orchestrator: engine: ==========================================================
2026-04-04 09:24:52.248 [INFO    ] orchestrator: engine:   SUMMARY
2026-04-04 09:24:52.248 [INFO    ] orchestrator: engine: ==========================================================
2026-04-04 09:24:52.248 [INFO    ] orchestrator: engine:   Total windows:         600 (314 UP, 286 DOWN)
2026-04-04 09:24:52.248 [INFO    ] orchestrator: engine:   Walk-forward folds:    5 (3 test iterations)
2026-04-04 09:24:52.248 [INFO    ] orchestrator: engine:   OOS base rate:         53.9% UP (360 test windows total)
2026-04-04 09:24:52.248 [INFO    ] orchestrator: engine:   Viable WF-OOS signals: 31
2026-04-04 09:24:52.248 [INFO    ] orchestrator: engine: ==========================================================
2026-04-04 09:24:52.248 [INFO    ] orchestrator: engine produced: signals_summary_1775283892.json
2026-04-04 09:24:52.248 [INFO    ] orchestrator: cleaned up old summary: signals_summary_1775274824.json
2026-04-04 09:24:52.248 [INFO    ] orchestrator: ranked 20 signals
2026-04-04 09:24:52.248 [INFO    ] orchestrator:   #2 Down score=7.78 tier=OVERFIT_DANGER folds=1/3 idx=[4] p=7.75e-06 ev=0.0957
2026-04-04 09:24:52.248 [INFO    ] orchestrator:   #3 Up score=5.76 tier=OVERFIT_DANGER folds=1/3 idx=[2] p=1.11e-05 ev=0.0736
2026-04-04 09:24:52.248 [INFO    ] orchestrator:   #5 Up score=5.19 tier=OVERFIT_DANGER folds=1/3 idx=[2] p=1.75e-05 ev=0.0701
2026-04-04 09:24:52.248 [INFO    ] orchestrator:   #1 Down score=4.58 tier=OVERFIT_DANGER folds=1/3 idx=[2] p=1.16e-06 ev=0.0475
2026-04-04 09:24:52.248 [INFO    ] orchestrator:   #20 Up score=4.55 tier=OVERFIT_DANGER folds=1/3 idx=[2] p=2.08e-03 ev=0.1195
2026-04-04 09:24:52.248 [INFO    ] orchestrator: signal #2 Down [270s->120s] d>=0.0% v<=0.3% score 7.78 < threshold 10.00 — skipping
2026-04-04 09:24:52.264 [INFO    ] orchestrator: no signal passed all delivery gates — not sending to bot
2026-04-04 09:39:52.269 [INFO    ] orchestrator: data quality check passed: 600 windows available
2026-04-04 09:39:52.269 [INFO    ] orchestrator: starting engine: C:\Users\operator\Desktop\PolySignalLab\PolySignalEngine\build\Release\PolySignalEngine.exe C:\Users\operator\Desktop\PolySignalLab\PolyDataCollector\data --output-dir C:\Users\operator\Desktop\PolySignalLab\engine_output
2026-04-04 09:39:58.961 [INFO    ] orchestrator: engine:   Summary written: C:\Users\operator\Desktop\PolySignalLab\engine_output\signals_summary_1775284798.json
2026-04-04 09:39:58.961 [INFO    ] orchestrator: engine: 
2026-04-04 09:39:58.961 [INFO    ] orchestrator: engine: ==========================================================
2026-04-04 09:39:58.961 [INFO    ] orchestrator: engine:   SUMMARY
2026-04-04 09:39:58.961 [INFO    ] orchestrator: engine: ==========================================================
2026-04-04 09:39:58.961 [INFO    ] orchestrator: engine:   Total windows:         600 (313 UP, 287 DOWN)
2026-04-04 09:39:58.970 [INFO    ] orchestrator: engine:   Walk-forward folds:    5 (3 test iterations)
2026-04-04 09:39:58.970 [INFO    ] orchestrator: engine:   OOS base rate:         53.6% UP (360 test windows total)
2026-04-04 09:39:58.970 [INFO    ] orchestrator: engine:   Viable WF-OOS signals: 33
2026-04-04 09:39:58.970 [INFO    ] orchestrator: engine: ==========================================================
2026-04-04 09:39:58.970 [INFO    ] orchestrator: engine produced: signals_summary_1775284798.json
2026-04-04 09:39:58.970 [INFO    ] orchestrator: cleaned up old summary: signals_summary_1775275731.json
2026-04-04 09:39:58.970 [INFO    ] orchestrator: ranked 20 signals
2026-04-04 09:39:58.970 [INFO    ] orchestrator:   #8 Down score=12.71 tier=SILVER folds=2/3 idx=[2, 4] p=4.13e-09 ev=0.0374
2026-04-04 09:39:58.970 [INFO    ] orchestrator:   #1 Down score=7.64 tier=OVERFIT_DANGER folds=1/3 idx=[2] p=1.05e-07 ev=0.0659
2026-04-04 09:39:58.970 [INFO    ] orchestrator:   #19 Up score=5.72 tier=SILVER folds=2/3 idx=[2, 3] p=6.08e-05 ev=0.0374
2026-04-04 09:39:58.970 [INFO    ] orchestrator:   #4 Down score=5.19 tier=OVERFIT_DANGER folds=1/3 idx=[4] p=1.10e-05 ev=0.0672
2026-04-04 09:39:58.970 [INFO    ] orchestrator:   #3 Down score=4.63 tier=OVERFIT_DANGER folds=1/3 idx=[2] p=1.94e-06 ev=0.0512
2026-04-04 09:39:58.970 [INFO    ] orchestrator: SILVER SIGNAL: #8 Down [240s->140s] d>=0.0% v<=0.05% (score=12.71 folds=[2, 4])
2026-04-04 09:39:58.977 [INFO    ] shared.ipc: IPC: signal delivered successfully
2026-04-04 09:39:58.977 [INFO    ] orchestrator: silver signal delivered to bot
2026-04-04 09:54:58.996 [INFO    ] orchestrator: data quality check passed: 600 windows available
2026-04-04 09:54:58.996 [INFO    ] orchestrator: starting engine: C:\Users\operator\Desktop\PolySignalLab\PolySignalEngine\build\Release\PolySignalEngine.exe C:\Users\operator\Desktop\PolySignalLab\PolyDataCollector\data --output-dir C:\Users\operator\Desktop\PolySignalLab\engine_output
2026-04-04 09:55:05.813 [INFO    ] orchestrator: engine:   Summary written: C:\Users\operator\Desktop\PolySignalLab\engine_output\signals_summary_1775285705.json
2026-04-04 09:55:05.813 [INFO    ] orchestrator: engine: 
2026-04-04 09:55:05.813 [INFO    ] orchestrator: engine: ==========================================================
2026-04-04 09:55:05.813 [INFO    ] orchestrator: engine:   SUMMARY
2026-04-04 09:55:05.813 [INFO    ] orchestrator: engine: ==========================================================
2026-04-04 09:55:05.813 [INFO    ] orchestrator: engine:   Total windows:         600 (314 UP, 286 DOWN)
2026-04-04 09:55:05.813 [INFO    ] orchestrator: engine:   Walk-forward folds:    5 (3 test iterations)
2026-04-04 09:55:05.813 [INFO    ] orchestrator: engine:   OOS base rate:         53.9% UP (360 test windows total)
2026-04-04 09:55:05.813 [INFO    ] orchestrator: engine:   Viable WF-OOS signals: 25
2026-04-04 09:55:05.813 [INFO    ] orchestrator: engine: ==========================================================
2026-04-04 09:55:05.813 [INFO    ] orchestrator: engine produced: signals_summary_1775285705.json
2026-04-04 09:55:05.813 [INFO    ] orchestrator: cleaned up old summary: signals_summary_1775276638.json
2026-04-04 09:55:05.813 [INFO    ] orchestrator: ranked 20 signals
2026-04-04 09:55:05.813 [INFO    ] orchestrator:   #1 Down score=6.76 tier=OVERFIT_DANGER folds=1/3 idx=[4] p=3.56e-06 ev=0.0780
2026-04-04 09:55:05.821 [INFO    ] orchestrator:   #6 Up score=5.47 tier=OVERFIT_DANGER folds=1/3 idx=[2] p=6.00e-05 ev=0.0845
2026-04-04 09:55:05.821 [INFO    ] orchestrator:   #10 Up score=4.29 tier=SILVER folds=2/3 idx=[2, 4] p=2.79e-07 ev=0.0161
2026-04-04 09:55:05.821 [INFO    ] orchestrator:   #4 Up score=4.26 tier=OVERFIT_DANGER folds=1/3 idx=[2] p=1.29e-05 ev=0.0558
2026-04-04 09:55:05.821 [INFO    ] orchestrator:   #3 Down score=3.95 tier=OVERFIT_DANGER folds=1/3 idx=[2] p=3.56e-06 ev=0.0461
2026-04-04 09:55:05.821 [INFO    ] orchestrator: signal #1 Down [240s->120s] d>=0.0% v<=0.1% score 6.76 < threshold 10.00 — skipping
2026-04-04 09:55:05.821 [INFO    ] orchestrator: no signal passed all delivery gates — not sending to bot
2026-04-04 10:10:05.839 [INFO    ] orchestrator: data quality check passed: 600 windows available
2026-04-04 10:10:05.839 [INFO    ] orchestrator: starting engine: C:\Users\operator\Desktop\PolySignalLab\PolySignalEngine\build\Release\PolySignalEngine.exe C:\Users\operator\Desktop\PolySignalLab\PolyDataCollector\data --output-dir C:\Users\operator\Desktop\PolySignalLab\engine_output
2026-04-04 10:10:12.529 [INFO    ] orchestrator: engine:   Summary written: C:\Users\operator\Desktop\PolySignalLab\engine_output\signals_summary_1775286612.json
2026-04-04 10:10:12.529 [INFO    ] orchestrator: engine: 
2026-04-04 10:10:12.529 [INFO    ] orchestrator: engine: ==========================================================
2026-04-04 10:10:12.529 [INFO    ] orchestrator: engine:   SUMMARY
2026-04-04 10:10:12.529 [INFO    ] orchestrator: engine: ==========================================================
2026-04-04 10:10:12.529 [INFO    ] orchestrator: engine:   Total windows:         600 (314 UP, 286 DOWN)
2026-04-04 10:10:12.529 [INFO    ] orchestrator: engine:   Walk-forward folds:    5 (3 test iterations)
2026-04-04 10:10:12.529 [INFO    ] orchestrator: engine:   OOS base rate:         53.9% UP (360 test windows total)
2026-04-04 10:10:12.529 [INFO    ] orchestrator: engine:   Viable WF-OOS signals: 22
2026-04-04 10:10:12.529 [INFO    ] orchestrator: engine: ==========================================================
2026-04-04 10:10:12.529 [INFO    ] orchestrator: engine produced: signals_summary_1775286612.json
2026-04-04 10:10:12.529 [INFO    ] orchestrator: cleaned up old summary: signals_summary_1775277545.json
2026-04-04 10:10:12.529 [INFO    ] orchestrator: ranked 20 signals
2026-04-04 10:10:12.529 [INFO    ] orchestrator:   #9 Up score=8.20 tier=SILVER folds=2/3 idx=[2, 4] p=9.24e-08 ev=0.0287
2026-04-04 10:10:12.529 [INFO    ] orchestrator:   #5 Up score=7.63 tier=OVERFIT_DANGER folds=1/3 idx=[2] p=2.11e-05 ev=0.1044
2026-04-04 10:10:12.529 [INFO    ] orchestrator:   #1 Up score=6.80 tier=OVERFIT_DANGER folds=1/3 idx=[2] p=4.28e-06 ev=0.0794
2026-04-04 10:10:12.529 [INFO    ] orchestrator:   #2 Down score=6.50 tier=OVERFIT_DANGER folds=1/3 idx=[4] p=4.28e-06 ev=0.0761
2026-04-04 10:10:12.529 [INFO    ] orchestrator:   #4 Up score=5.55 tier=OVERFIT_DANGER folds=1/3 idx=[2] p=9.58e-06 ev=0.0706
2026-04-04 10:10:12.529 [INFO    ] orchestrator: signal #9 Up [290s->90s] d>=0.0% v<=0.5% score 8.20 < threshold 10.00 — skipping
2026-04-04 10:10:12.545 [INFO    ] orchestrator: no signal passed all delivery gates — not sending to bot
2026-04-04 10:25:12.558 [INFO    ] orchestrator: data quality check passed: 600 windows available
2026-04-04 10:25:12.558 [INFO    ] orchestrator: starting engine: C:\Users\operator\Desktop\PolySignalLab\PolySignalEngine\build\Release\PolySignalEngine.exe C:\Users\operator\Desktop\PolySignalLab\PolyDataCollector\data --output-dir C:\Users\operator\Desktop\PolySignalLab\engine_output
2026-04-04 10:25:19.418 [INFO    ] orchestrator: engine:   Summary written: C:\Users\operator\Desktop\PolySignalLab\engine_output\signals_summary_1775287519.json
2026-04-04 10:25:19.418 [INFO    ] orchestrator: engine: 
2026-04-04 10:25:19.418 [INFO    ] orchestrator: engine: ==========================================================
2026-04-04 10:25:19.418 [INFO    ] orchestrator: engine:   SUMMARY
2026-04-04 10:25:19.418 [INFO    ] orchestrator: engine: ==========================================================
2026-04-04 10:25:19.418 [INFO    ] orchestrator: engine:   Total windows:         600 (313 UP, 287 DOWN)
2026-04-04 10:25:19.418 [INFO    ] orchestrator: engine:   Walk-forward folds:    5 (3 test iterations)
2026-04-04 10:25:19.418 [INFO    ] orchestrator: engine:   OOS base rate:         53.6% UP (360 test windows total)
2026-04-04 10:25:19.418 [INFO    ] orchestrator: engine:   Viable WF-OOS signals: 22
2026-04-04 10:25:19.418 [INFO    ] orchestrator: engine: ==========================================================
2026-04-04 10:25:19.418 [INFO    ] orchestrator: engine produced: signals_summary_1775287519.json
2026-04-04 10:25:19.418 [INFO    ] orchestrator: cleaned up old summary: signals_summary_1775278452.json
2026-04-04 10:25:19.418 [INFO    ] orchestrator: ranked 20 signals
2026-04-04 10:25:19.418 [INFO    ] orchestrator:   #10 Down score=14.99 tier=SILVER folds=2/3 idx=[2, 4] p=2.70e-09 ev=0.0417
2026-04-04 10:25:19.418 [INFO    ] orchestrator:   #1 Down score=8.62 tier=OVERFIT_DANGER folds=1/3 idx=[2] p=1.74e-07 ev=0.0760
2026-04-04 10:25:19.418 [INFO    ] orchestrator:   #3 Down score=7.85 tier=OVERFIT_DANGER folds=1/3 idx=[4] p=1.59e-06 ev=0.0844
2026-04-04 10:25:19.418 [INFO    ] orchestrator:   #4 Up score=7.67 tier=OVERFIT_DANGER folds=1/3 idx=[2] p=1.65e-06 ev=0.0830
2026-04-04 10:25:19.418 [INFO    ] orchestrator:   #6 Up score=6.52 tier=OVERFIT_DANGER folds=1/3 idx=[2] p=4.01e-06 ev=0.0768
2026-04-04 10:25:19.434 [INFO    ] orchestrator: SILVER SIGNAL: #10 Down [240s->140s] d>=0.0% v<=0.05% (score=14.99 folds=[2, 4])
2026-04-04 10:25:19.436 [INFO    ] shared.ipc: IPC: signal delivered successfully
2026-04-04 10:25:19.436 [INFO    ] orchestrator: silver signal delivered to bot
2026-04-04 10:40:19.461 [INFO    ] orchestrator: data quality check passed: 600 windows available
2026-04-04 10:40:19.461 [INFO    ] orchestrator: starting engine: C:\Users\operator\Desktop\PolySignalLab\PolySignalEngine\build\Release\PolySignalEngine.exe C:\Users\operator\Desktop\PolySignalLab\PolyDataCollector\data --output-dir C:\Users\operator\Desktop\PolySignalLab\engine_output
2026-04-04 10:40:26.063 [INFO    ] orchestrator: engine:   Summary written: C:\Users\operator\Desktop\PolySignalLab\engine_output\signals_summary_1775288426.json
2026-04-04 10:40:26.063 [INFO    ] orchestrator: engine: 
2026-04-04 10:40:26.063 [INFO    ] orchestrator: engine: ==========================================================
2026-04-04 10:40:26.063 [INFO    ] orchestrator: engine:   SUMMARY
2026-04-04 10:40:26.063 [INFO    ] orchestrator: engine: ==========================================================
2026-04-04 10:40:26.063 [INFO    ] orchestrator: engine:   Total windows:         600 (312 UP, 288 DOWN)
2026-04-04 10:40:26.063 [INFO    ] orchestrator: engine:   Walk-forward folds:    5 (3 test iterations)
2026-04-04 10:40:26.063 [INFO    ] orchestrator: engine:   OOS base rate:         53.3% UP (360 test windows total)
2026-04-04 10:40:26.063 [INFO    ] orchestrator: engine:   Viable WF-OOS signals: 20
2026-04-04 10:40:26.063 [INFO    ] orchestrator: engine: ==========================================================
2026-04-04 10:40:26.063 [INFO    ] orchestrator: engine produced: signals_summary_1775288426.json
2026-04-04 10:40:26.063 [INFO    ] orchestrator: cleaned up old summary: signals_summary_1775279358.json
2026-04-04 10:40:26.063 [INFO    ] orchestrator: ranked 20 signals
2026-04-04 10:40:26.063 [INFO    ] orchestrator:   #10 Up score=16.64 tier=SILVER folds=2/3 idx=[2, 4] p=1.23e-09 ev=0.0453
2026-04-04 10:40:26.063 [INFO    ] orchestrator:   #11 Down score=16.14 tier=SILVER folds=2/3 idx=[2, 4] p=1.23e-09 ev=0.0429
2026-04-04 10:40:26.063 [INFO    ] orchestrator:   #3 Up score=9.46 tier=OVERFIT_DANGER folds=1/3 idx=[2] p=4.12e-07 ev=0.0911
2026-04-04 10:40:26.063 [INFO    ] orchestrator:   #5 Up score=8.97 tier=OVERFIT_DANGER folds=1/3 idx=[2] p=9.27e-07 ev=0.0930
2026-04-04 10:40:26.063 [INFO    ] orchestrator:   #1 Down score=8.76 tier=OVERFIT_DANGER folds=1/3 idx=[2] p=1.36e-07 ev=0.0760
2026-04-04 10:40:26.079 [INFO    ] orchestrator: SILVER SIGNAL: #10 Up [290s->90s] d>=0.0% v<=1.0% (score=16.64 folds=[2, 4])
2026-04-04 10:40:26.095 [INFO    ] shared.ipc: IPC: signal delivered successfully
2026-04-04 10:40:26.095 [INFO    ] orchestrator: silver signal delivered to bot
2026-04-04 10:55:26.116 [INFO    ] orchestrator: data quality check passed: 600 windows available
2026-04-04 10:55:26.118 [INFO    ] orchestrator: starting engine: C:\Users\operator\Desktop\PolySignalLab\PolySignalEngine\build\Release\PolySignalEngine.exe C:\Users\operator\Desktop\PolySignalLab\PolyDataCollector\data --output-dir C:\Users\operator\Desktop\PolySignalLab\engine_output
2026-04-04 10:55:32.828 [INFO    ] orchestrator: engine:   Summary written: C:\Users\operator\Desktop\PolySignalLab\engine_output\signals_summary_1775289332.json
2026-04-04 10:55:32.828 [INFO    ] orchestrator: engine: 
2026-04-04 10:55:32.828 [INFO    ] orchestrator: engine: ==========================================================
2026-04-04 10:55:32.828 [INFO    ] orchestrator: engine:   SUMMARY
2026-04-04 10:55:32.828 [INFO    ] orchestrator: engine: ==========================================================
2026-04-04 10:55:32.828 [INFO    ] orchestrator: engine:   Total windows:         600 (311 UP, 289 DOWN)
2026-04-04 10:55:32.828 [INFO    ] orchestrator: engine:   Walk-forward folds:    5 (3 test iterations)
2026-04-04 10:55:32.828 [INFO    ] orchestrator: engine:   OOS base rate:         53.3% UP (360 test windows total)
2026-04-04 10:55:32.828 [INFO    ] orchestrator: engine:   Viable WF-OOS signals: 23
2026-04-04 10:55:32.828 [INFO    ] orchestrator: engine: ==========================================================
2026-04-04 10:55:32.828 [INFO    ] orchestrator: engine produced: signals_summary_1775289332.json
2026-04-04 10:55:32.839 [INFO    ] orchestrator: cleaned up old summary: signals_summary_1775280265.json
2026-04-04 10:55:32.839 [INFO    ] orchestrator: ranked 20 signals
2026-04-04 10:55:32.839 [INFO    ] orchestrator:   #10 Down score=13.81 tier=SILVER folds=2/3 idx=[2, 4] p=6.20e-09 ev=0.0401
2026-04-04 10:55:32.839 [INFO    ] orchestrator:   #4 Down score=8.12 tier=OVERFIT_DANGER folds=1/3 idx=[4] p=1.34e-06 ev=0.0862
2026-04-04 10:55:32.839 [INFO    ] orchestrator:   #3 Up score=8.03 tier=OVERFIT_DANGER folds=1/3 idx=[2] p=1.31e-06 ev=0.0851
2026-04-04 10:55:32.839 [INFO    ] orchestrator:   #6 Up score=7.93 tier=OVERFIT_DANGER folds=1/3 idx=[2] p=1.58e-06 ev=0.0864
2026-04-04 10:55:32.839 [INFO    ] orchestrator:   #1 Down score=7.61 tier=OVERFIT_DANGER folds=1/3 idx=[2] p=7.16e-07 ev=0.0742
2026-04-04 10:55:32.839 [INFO    ] orchestrator: SILVER SIGNAL: #10 Down [240s->140s] d>=0.0% v<=0.05% (score=13.81 folds=[2, 4])
2026-04-04 10:55:32.839 [INFO    ] shared.ipc: IPC: signal delivered successfully
2026-04-04 10:55:32.839 [INFO    ] orchestrator: silver signal delivered to bot
2026-04-04 11:10:32.866 [INFO    ] orchestrator: data quality check passed: 600 windows available
2026-04-04 11:10:32.866 [INFO    ] orchestrator: starting engine: C:\Users\operator\Desktop\PolySignalLab\PolySignalEngine\build\Release\PolySignalEngine.exe C:\Users\operator\Desktop\PolySignalLab\PolyDataCollector\data --output-dir C:\Users\operator\Desktop\PolySignalLab\engine_output
2026-04-04 11:10:39.511 [INFO    ] orchestrator: engine:   Summary written: C:\Users\operator\Desktop\PolySignalLab\engine_output\signals_summary_1775290239.json
2026-04-04 11:10:39.514 [INFO    ] orchestrator: engine: 
2026-04-04 11:10:39.514 [INFO    ] orchestrator: engine: ==========================================================
2026-04-04 11:10:39.514 [INFO    ] orchestrator: engine:   SUMMARY
2026-04-04 11:10:39.514 [INFO    ] orchestrator: engine: ==========================================================
2026-04-04 11:10:39.514 [INFO    ] orchestrator: engine:   Total windows:         600 (312 UP, 288 DOWN)
2026-04-04 11:10:39.514 [INFO    ] orchestrator: engine:   Walk-forward folds:    5 (3 test iterations)
2026-04-04 11:10:39.514 [INFO    ] orchestrator: engine:   OOS base rate:         53.6% UP (360 test windows total)
2026-04-04 11:10:39.514 [INFO    ] orchestrator: engine:   Viable WF-OOS signals: 19
2026-04-04 11:10:39.514 [INFO    ] orchestrator: engine: ==========================================================
2026-04-04 11:10:39.514 [INFO    ] orchestrator: engine produced: signals_summary_1775290239.json
2026-04-04 11:10:39.514 [INFO    ] orchestrator: cleaned up old summary: signals_summary_1775281172.json
2026-04-04 11:10:39.514 [INFO    ] orchestrator: ranked 19 signals
2026-04-04 11:10:39.514 [INFO    ] orchestrator:   #3 Up score=6.56 tier=OVERFIT_DANGER folds=1/3 idx=[2] p=4.68e-06 ev=0.0781
2026-04-04 11:10:39.514 [INFO    ] orchestrator:   #8 Up score=6.32 tier=SILVER folds=2/3 idx=[2, 4] p=5.44e-08 ev=0.0217
2026-04-04 11:10:39.514 [INFO    ] orchestrator:   #4 Up score=6.28 tier=OVERFIT_DANGER folds=1/3 idx=[2] p=6.35e-06 ev=0.0774
2026-04-04 11:10:39.514 [INFO    ] orchestrator:   #5 Down score=5.46 tier=OVERFIT_DANGER folds=1/3 idx=[4] p=8.86e-06 ev=0.0694
2026-04-04 11:10:39.514 [INFO    ] orchestrator:   #11 Down score=4.78 tier=SILVER folds=2/3 idx=[2, 4] p=9.52e-08 ev=0.0168
2026-04-04 11:10:39.514 [INFO    ] orchestrator: signal #3 Up [250s->120s] d>=0.0% v<=0.05% score 6.56 < threshold 10.00 — skipping
2026-04-04 11:10:39.532 [INFO    ] orchestrator: no signal passed all delivery gates — not sending to bot
2026-04-04 11:25:39.540 [INFO    ] orchestrator: data quality check passed: 600 windows available
2026-04-04 11:25:39.540 [INFO    ] orchestrator: starting engine: C:\Users\operator\Desktop\PolySignalLab\PolySignalEngine\build\Release\PolySignalEngine.exe C:\Users\operator\Desktop\PolySignalLab\PolyDataCollector\data --output-dir C:\Users\operator\Desktop\PolySignalLab\engine_output
2026-04-04 11:25:46.254 [INFO    ] orchestrator: engine:   Summary written: C:\Users\operator\Desktop\PolySignalLab\engine_output\signals_summary_1775291146.json
2026-04-04 11:25:46.254 [INFO    ] orchestrator: engine: 
2026-04-04 11:25:46.254 [INFO    ] orchestrator: engine: ==========================================================
2026-04-04 11:25:46.256 [INFO    ] orchestrator: engine:   SUMMARY
2026-04-04 11:25:46.256 [INFO    ] orchestrator: engine: ==========================================================
2026-04-04 11:25:46.256 [INFO    ] orchestrator: engine:   Total windows:         600 (312 UP, 288 DOWN)
2026-04-04 11:25:46.256 [INFO    ] orchestrator: engine:   Walk-forward folds:    5 (3 test iterations)
2026-04-04 11:25:46.256 [INFO    ] orchestrator: engine:   OOS base rate:         53.6% UP (360 test windows total)
2026-04-04 11:25:46.258 [INFO    ] orchestrator: engine:   Viable WF-OOS signals: 21
2026-04-04 11:25:46.258 [INFO    ] orchestrator: engine: ==========================================================
2026-04-04 11:25:46.260 [INFO    ] orchestrator: engine produced: signals_summary_1775291146.json
2026-04-04 11:25:46.260 [INFO    ] orchestrator: cleaned up old summary: signals_summary_1775282078.json
2026-04-04 11:25:46.260 [INFO    ] orchestrator: ranked 20 signals
2026-04-04 11:25:46.262 [INFO    ] orchestrator:   #4 Up score=6.60 tier=OVERFIT_DANGER folds=1/3 idx=[2] p=8.52e-06 ev=0.0834
2026-04-04 11:25:46.262 [INFO    ] orchestrator:   #2 Up score=5.77 tier=OVERFIT_DANGER folds=1/3 idx=[2] p=8.48e-06 ev=0.0719
2026-04-04 11:25:46.262 [INFO    ] orchestrator:   #10 Up score=5.41 tier=OVERFIT_DANGER folds=1/3 idx=[2] p=1.06e-04 ev=0.0913
2026-04-04 11:25:46.262 [INFO    ] orchestrator:   #5 Down score=5.11 tier=OVERFIT_DANGER folds=1/3 idx=[4] p=1.63e-05 ev=0.0689
2026-04-04 11:25:46.264 [INFO    ] orchestrator:   #12 Up score=4.80 tier=OVERFIT_DANGER folds=1/3 idx=[2] p=6.78e-04 ev=0.1045
2026-04-04 11:25:46.264 [INFO    ] orchestrator: signal #4 Up [290s->140s] d>=0.0% v<=0.75% score 6.60 < threshold 10.00 — skipping
2026-04-04 11:25:46.274 [INFO    ] orchestrator: no signal passed all delivery gates — not sending to bot
2026-04-04 11:40:46.291 [INFO    ] orchestrator: data quality check passed: 600 windows available
2026-04-04 11:40:46.293 [INFO    ] orchestrator: starting engine: C:\Users\operator\Desktop\PolySignalLab\PolySignalEngine\build\Release\PolySignalEngine.exe C:\Users\operator\Desktop\PolySignalLab\PolyDataCollector\data --output-dir C:\Users\operator\Desktop\PolySignalLab\engine_output
2026-04-04 11:40:53.105 [INFO    ] orchestrator: engine:   Summary written: C:\Users\operator\Desktop\PolySignalLab\engine_output\signals_summary_1775292053.json
2026-04-04 11:40:53.105 [INFO    ] orchestrator: engine: 
2026-04-04 11:40:53.105 [INFO    ] orchestrator: engine: ==========================================================
2026-04-04 11:40:53.105 [INFO    ] orchestrator: engine:   SUMMARY
2026-04-04 11:40:53.105 [INFO    ] orchestrator: engine: ==========================================================
2026-04-04 11:40:53.105 [INFO    ] orchestrator: engine:   Total windows:         600 (312 UP, 288 DOWN)
2026-04-04 11:40:53.105 [INFO    ] orchestrator: engine:   Walk-forward folds:    5 (3 test iterations)
2026-04-04 11:40:53.105 [INFO    ] orchestrator: engine:   OOS base rate:         53.9% UP (360 test windows total)
2026-04-04 11:40:53.105 [INFO    ] orchestrator: engine:   Viable WF-OOS signals: 21
2026-04-04 11:40:53.105 [INFO    ] orchestrator: engine: ==========================================================
2026-04-04 11:40:53.105 [INFO    ] orchestrator: engine produced: signals_summary_1775292053.json
2026-04-04 11:40:53.105 [INFO    ] orchestrator: cleaned up old summary: signals_summary_1775282985.json
2026-04-04 11:40:53.105 [INFO    ] orchestrator: ranked 20 signals
2026-04-04 11:40:53.105 [INFO    ] orchestrator:   #2 Down score=5.74 tier=OVERFIT_DANGER folds=1/3 idx=[4] p=1.11e-05 ev=0.0736
2026-04-04 11:40:53.105 [INFO    ] orchestrator:   #7 Up score=5.46 tier=OVERFIT_DANGER folds=1/3 idx=[2] p=1.17e-05 ev=0.0716
2026-04-04 11:40:53.105 [INFO    ] orchestrator:   #3 Up score=5.11 tier=OVERFIT_DANGER folds=1/3 idx=[2] p=7.43e-06 ev=0.0637
2026-04-04 11:40:53.105 [INFO    ] orchestrator:   #11 Up score=4.46 tier=OVERFIT_DANGER folds=1/3 idx=[2] p=1.73e-04 ev=0.0803
2026-04-04 11:40:53.105 [INFO    ] orchestrator:   #14 Up score=4.15 tier=OVERFIT_DANGER folds=1/3 idx=[2] p=9.73e-04 ev=0.0960
2026-04-04 11:40:53.105 [INFO    ] orchestrator: signal #2 Down [180s->120s] d>=0.0% v<=0.4% score 5.74 < threshold 10.00 — skipping
2026-04-04 11:40:53.120 [INFO    ] orchestrator: no signal passed all delivery gates — not sending to bot
2026-04-04 11:55:53.131 [INFO    ] orchestrator: data quality check passed: 600 windows available
2026-04-04 11:55:53.131 [INFO    ] orchestrator: starting engine: C:\Users\operator\Desktop\PolySignalLab\PolySignalEngine\build\Release\PolySignalEngine.exe C:\Users\operator\Desktop\PolySignalLab\PolyDataCollector\data --output-dir C:\Users\operator\Desktop\PolySignalLab\engine_output
2026-04-04 11:56:00.073 [INFO    ] orchestrator: engine:   Summary written: C:\Users\operator\Desktop\PolySignalLab\engine_output\signals_summary_1775292960.json
2026-04-04 11:56:00.073 [INFO    ] orchestrator: engine: 
2026-04-04 11:56:00.073 [INFO    ] orchestrator: engine: ==========================================================
2026-04-04 11:56:00.073 [INFO    ] orchestrator: engine:   SUMMARY
2026-04-04 11:56:00.073 [INFO    ] orchestrator: engine: ==========================================================
2026-04-04 11:56:00.073 [INFO    ] orchestrator: engine:   Total windows:         600 (313 UP, 287 DOWN)
2026-04-04 11:56:00.080 [INFO    ] orchestrator: engine:   Walk-forward folds:    5 (3 test iterations)
2026-04-04 11:56:00.080 [INFO    ] orchestrator: engine:   OOS base rate:         53.9% UP (360 test windows total)
2026-04-04 11:56:00.080 [INFO    ] orchestrator: engine:   Viable WF-OOS signals: 22
2026-04-04 11:56:00.080 [INFO    ] orchestrator: engine: ==========================================================
2026-04-04 11:56:00.082 [INFO    ] orchestrator: engine produced: signals_summary_1775292960.json
2026-04-04 11:56:00.082 [INFO    ] orchestrator: cleaned up old summary: signals_summary_1775283892.json
2026-04-04 11:56:00.084 [INFO    ] orchestrator: ranked 20 signals
2026-04-04 11:56:00.084 [INFO    ] orchestrator:   #3 Down score=5.56 tier=OVERFIT_DANGER folds=1/3 idx=[4] p=1.52e-05 ev=0.0737
2026-04-04 11:56:00.084 [INFO    ] orchestrator:   #11 Up score=5.00 tier=OVERFIT_DANGER folds=1/3 idx=[2] p=1.89e-04 ev=0.0909
2026-04-04 11:56:00.084 [INFO    ] orchestrator:   #6 Up score=4.93 tier=OVERFIT_DANGER folds=1/3 idx=[2] p=1.88e-05 ev=0.0680
2026-04-04 11:56:00.086 [INFO    ] orchestrator:   #4 Up score=4.81 tier=OVERFIT_DANGER folds=1/3 idx=[2] p=6.89e-06 ev=0.0595
2026-04-04 11:56:00.086 [INFO    ] orchestrator:   #9 Up score=4.49 tier=OVERFIT_DANGER folds=1/3 idx=[2] p=7.22e-05 ev=0.0729
2026-04-04 11:56:00.086 [INFO    ] orchestrator: signal #3 Down [190s->120s] d>=0.0% v<=0.9% score 5.56 < threshold 10.00 — skipping
2026-04-04 11:56:00.096 [INFO    ] orchestrator: no signal passed all delivery gates — not sending to bot
2026-04-04 12:11:00.112 [INFO    ] orchestrator: data quality check passed: 600 windows available
2026-04-04 12:11:00.112 [INFO    ] orchestrator: starting engine: C:\Users\operator\Desktop\PolySignalLab\PolySignalEngine\build\Release\PolySignalEngine.exe C:\Users\operator\Desktop\PolySignalLab\PolyDataCollector\data --output-dir C:\Users\operator\Desktop\PolySignalLab\engine_output
2026-04-04 12:11:06.769 [INFO    ] orchestrator: engine:   Summary written: C:\Users\operator\Desktop\PolySignalLab\engine_output\signals_summary_1775293866.json
2026-04-04 12:11:06.769 [INFO    ] orchestrator: engine: 
2026-04-04 12:11:06.769 [INFO    ] orchestrator: engine: ==========================================================
2026-04-04 12:11:06.769 [INFO    ] orchestrator: engine:   SUMMARY
2026-04-04 12:11:06.771 [INFO    ] orchestrator: engine: ==========================================================
2026-04-04 12:11:06.771 [INFO    ] orchestrator: engine:   Total windows:         600 (313 UP, 287 DOWN)
2026-04-04 12:11:06.771 [INFO    ] orchestrator: engine:   Walk-forward folds:    5 (3 test iterations)
2026-04-04 12:11:06.771 [INFO    ] orchestrator: engine:   OOS base rate:         53.6% UP (360 test windows total)
2026-04-04 12:11:06.771 [INFO    ] orchestrator: engine:   Viable WF-OOS signals: 22
2026-04-04 12:11:06.773 [INFO    ] orchestrator: engine: ==========================================================
2026-04-04 12:11:06.773 [INFO    ] orchestrator: engine produced: signals_summary_1775293866.json
2026-04-04 12:11:06.775 [INFO    ] orchestrator: cleaned up old summary: signals_summary_1775284798.json
2026-04-04 12:11:06.775 [INFO    ] orchestrator: ranked 20 signals
2026-04-04 12:11:06.775 [INFO    ] orchestrator:   #2 Down score=5.84 tier=OVERFIT_DANGER folds=1/3 idx=[4] p=1.14e-05 ev=0.0750
2026-04-04 12:11:06.777 [INFO    ] orchestrator:   #9 Up score=4.89 tier=OVERFIT_DANGER folds=1/3 idx=[2] p=2.31e-04 ev=0.0905
2026-04-04 12:11:06.777 [INFO    ] orchestrator:   #4 Up score=4.69 tier=OVERFIT_DANGER folds=1/3 idx=[2] p=9.90e-06 ev=0.0601
2026-04-04 12:11:06.777 [INFO    ] orchestrator:   #8 Up score=3.96 tier=OVERFIT_DANGER folds=1/3 idx=[2] p=3.88e-05 ev=0.0595
2026-04-04 12:11:06.777 [INFO    ] orchestrator:   #1 Down score=3.87 tier=OVERFIT_DANGER folds=1/3 idx=[2] p=1.14e-05 ev=0.0490
2026-04-04 12:11:06.777 [INFO    ] orchestrator: signal #2 Down [280s->120s] d>=0.0% v<=0.95% score 5.84 < threshold 10.00 — skipping
2026-04-04 12:11:06.789 [INFO    ] orchestrator: no signal passed all delivery gates — not sending to bot
2026-04-04 12:26:06.798 [INFO    ] orchestrator: data quality check passed: 600 windows available
2026-04-04 12:26:06.800 [INFO    ] orchestrator: starting engine: C:\Users\operator\Desktop\PolySignalLab\PolySignalEngine\build\Release\PolySignalEngine.exe C:\Users\operator\Desktop\PolySignalLab\PolyDataCollector\data --output-dir C:\Users\operator\Desktop\PolySignalLab\engine_output
2026-04-04 12:26:13.517 [INFO    ] orchestrator: engine:   Summary written: C:\Users\operator\Desktop\PolySignalLab\engine_output\signals_summary_1775294773.json
2026-04-04 12:26:13.517 [INFO    ] orchestrator: engine: 
2026-04-04 12:26:13.517 [INFO    ] orchestrator: engine: ==========================================================
2026-04-04 12:26:13.517 [INFO    ] orchestrator: engine:   SUMMARY
2026-04-04 12:26:13.517 [INFO    ] orchestrator: engine: ==========================================================
2026-04-04 12:26:13.517 [INFO    ] orchestrator: engine:   Total windows:         600 (313 UP, 287 DOWN)
2026-04-04 12:26:13.517 [INFO    ] orchestrator: engine:   Walk-forward folds:    5 (3 test iterations)
2026-04-04 12:26:13.517 [INFO    ] orchestrator: engine:   OOS base rate:         53.6% UP (360 test windows total)
2026-04-04 12:26:13.517 [INFO    ] orchestrator: engine:   Viable WF-OOS signals: 26
2026-04-04 12:26:13.517 [INFO    ] orchestrator: engine: ==========================================================
2026-04-04 12:26:13.517 [INFO    ] orchestrator: engine produced: signals_summary_1775294773.json
2026-04-04 12:26:13.517 [INFO    ] orchestrator: cleaned up old summary: signals_summary_1775285705.json
2026-04-04 12:26:13.517 [INFO    ] orchestrator: ranked 20 signals
2026-04-04 12:26:13.517 [INFO    ] orchestrator:   #2 Down score=5.46 tier=OVERFIT_DANGER folds=1/3 idx=[2] p=1.16e-05 ev=0.0673
2026-04-04 12:26:13.517 [INFO    ] orchestrator:   #4 Down score=4.07 tier=OVERFIT_DANGER folds=1/3 idx=[2] p=1.45e-05 ev=0.0534
2026-04-04 12:26:13.517 [INFO    ] orchestrator:   #6 Up score=3.58 tier=OVERFIT_DANGER folds=1/3 idx=[2] p=1.98e-05 ev=0.0496
2026-04-04 12:26:13.517 [INFO    ] orchestrator:   #7 Down score=3.29 tier=OVERFIT_DANGER folds=1/3 idx=[4] p=4.00e-05 ev=0.0489
2026-04-04 12:26:13.517 [INFO    ] orchestrator:   #10 Up score=3.20 tier=OVERFIT_DANGER folds=1/3 idx=[2] p=6.50e-04 ev=0.0692
2026-04-04 12:26:13.517 [INFO    ] orchestrator: signal #2 Down [290s->110s] d>=0.0% v<=0.05% score 5.46 < threshold 10.00 — skipping
2026-04-04 12:26:13.532 [INFO    ] orchestrator: no signal passed all delivery gates — not sending to bot
2026-04-04 12:41:13.539 [INFO    ] orchestrator: data quality check passed: 600 windows available
2026-04-04 12:41:13.539 [INFO    ] orchestrator: starting engine: C:\Users\operator\Desktop\PolySignalLab\PolySignalEngine\build\Release\PolySignalEngine.exe C:\Users\operator\Desktop\PolySignalLab\PolyDataCollector\data --output-dir C:\Users\operator\Desktop\PolySignalLab\engine_output
2026-04-04 12:41:20.332 [INFO    ] orchestrator: engine:   Summary written: C:\Users\operator\Desktop\PolySignalLab\engine_output\signals_summary_1775295680.json
2026-04-04 12:41:20.332 [INFO    ] orchestrator: engine: 
2026-04-04 12:41:20.332 [INFO    ] orchestrator: engine: ==========================================================
2026-04-04 12:41:20.332 [INFO    ] orchestrator: engine:   SUMMARY
2026-04-04 12:41:20.332 [INFO    ] orchestrator: engine: ==========================================================
2026-04-04 12:41:20.332 [INFO    ] orchestrator: engine:   Total windows:         600 (313 UP, 287 DOWN)
2026-04-04 12:41:20.332 [INFO    ] orchestrator: engine:   Walk-forward folds:    5 (3 test iterations)
2026-04-04 12:41:20.332 [INFO    ] orchestrator: engine:   OOS base rate:         53.3% UP (360 test windows total)
2026-04-04 12:41:20.332 [INFO    ] orchestrator: engine:   Viable WF-OOS signals: 25
2026-04-04 12:41:20.332 [INFO    ] orchestrator: engine: ==========================================================
2026-04-04 12:41:20.332 [INFO    ] orchestrator: engine produced: signals_summary_1775295680.json
2026-04-04 12:41:20.332 [INFO    ] orchestrator: cleaned up old summary: signals_summary_1775286612.json
2026-04-04 12:41:20.340 [INFO    ] orchestrator: ranked 20 signals
2026-04-04 12:41:20.340 [INFO    ] orchestrator:   #1 Down score=8.67 tier=OVERFIT_DANGER folds=1/3 idx=[2] p=3.91e-07 ev=0.0806
2026-04-04 12:41:20.340 [INFO    ] orchestrator:   #3 Down score=6.47 tier=OVERFIT_DANGER folds=1/3 idx=[2] p=5.88e-06 ev=0.0750
2026-04-04 12:41:20.340 [INFO    ] orchestrator:   #5 Down score=4.56 tier=OVERFIT_DANGER folds=1/3 idx=[2] p=5.88e-06 ev=0.0548
2026-04-04 12:41:20.340 [INFO    ] orchestrator:   #7 Up score=3.63 tier=OVERFIT_DANGER folds=1/3 idx=[2] p=1.68e-05 ev=0.0497
2026-04-04 12:41:20.340 [INFO    ] orchestrator:   #8 Down score=2.61 tier=OVERFIT_DANGER folds=1/3 idx=[4] p=1.02e-04 ev=0.0433
2026-04-04 12:41:20.340 [INFO    ] orchestrator: signal #1 Down [210s->120s] d>=0.0% v<=0.05% score 8.67 < threshold 10.00 — skipping
2026-04-04 12:41:20.340 [INFO    ] orchestrator: no signal passed all delivery gates — not sending to bot
2026-04-04 12:56:20.356 [INFO    ] orchestrator: data quality check passed: 600 windows available
2026-04-04 12:56:20.356 [INFO    ] orchestrator: starting engine: C:\Users\operator\Desktop\PolySignalLab\PolySignalEngine\build\Release\PolySignalEngine.exe C:\Users\operator\Desktop\PolySignalLab\PolyDataCollector\data --output-dir C:\Users\operator\Desktop\PolySignalLab\engine_output
2026-04-04 12:56:27.090 [INFO    ] orchestrator: engine:   Summary written: C:\Users\operator\Desktop\PolySignalLab\engine_output\signals_summary_1775296587.json
2026-04-04 12:56:27.090 [INFO    ] orchestrator: engine: 
2026-04-04 12:56:27.097 [INFO    ] orchestrator: engine: ==========================================================
2026-04-04 12:56:27.097 [INFO    ] orchestrator: engine:   SUMMARY
2026-04-04 12:56:27.097 [INFO    ] orchestrator: engine: ==========================================================
2026-04-04 12:56:27.097 [INFO    ] orchestrator: engine:   Total windows:         600 (314 UP, 286 DOWN)
2026-04-04 12:56:27.097 [INFO    ] orchestrator: engine:   Walk-forward folds:    5 (3 test iterations)
2026-04-04 12:56:27.097 [INFO    ] orchestrator: engine:   OOS base rate:         53.9% UP (360 test windows total)
2026-04-04 12:56:27.097 [INFO    ] orchestrator: engine:   Viable WF-OOS signals: 27
2026-04-04 12:56:27.097 [INFO    ] orchestrator: engine: ==========================================================
2026-04-04 12:56:27.097 [INFO    ] orchestrator: engine produced: signals_summary_1775296587.json
2026-04-04 12:56:27.097 [INFO    ] orchestrator: cleaned up old summary: signals_summary_1775287519.json
2026-04-04 12:56:27.097 [INFO    ] orchestrator: ranked 20 signals
2026-04-04 12:56:27.097 [INFO    ] orchestrator:   #1 Down score=6.84 tier=OVERFIT_DANGER folds=1/3 idx=[2] p=2.09e-06 ev=0.0722
2026-04-04 12:56:27.097 [INFO    ] orchestrator:   #3 Down score=5.64 tier=OVERFIT_DANGER folds=1/3 idx=[2] p=9.98e-06 ev=0.0686
2026-04-04 12:56:27.097 [INFO    ] orchestrator:   #7 Down score=3.66 tier=OVERFIT_DANGER folds=1/3 idx=[4] p=4.50e-05 ev=0.0544
2026-04-04 12:56:27.097 [INFO    ] orchestrator:   #5 Down score=3.53 tier=OVERFIT_DANGER folds=1/3 idx=[2] p=1.91e-05 ev=0.0477
2026-04-04 12:56:27.097 [INFO    ] orchestrator:   #2 Down score=2.85 tier=OVERFIT_DANGER folds=1/3 idx=[2] p=2.82e-07 ev=0.0263
2026-04-04 12:56:27.097 [INFO    ] orchestrator: signal #1 Down [210s->120s] d>=0.0% v<=0.05% score 6.84 < threshold 10.00 — skipping
2026-04-04 12:56:27.113 [INFO    ] orchestrator: no signal passed all delivery gates — not sending to bot
2026-04-04 13:11:27.121 [INFO    ] orchestrator: data quality check passed: 600 windows available
2026-04-04 13:11:27.121 [INFO    ] orchestrator: starting engine: C:\Users\operator\Desktop\PolySignalLab\PolySignalEngine\build\Release\PolySignalEngine.exe C:\Users\operator\Desktop\PolySignalLab\PolyDataCollector\data --output-dir C:\Users\operator\Desktop\PolySignalLab\engine_output
2026-04-04 13:11:33.779 [INFO    ] orchestrator: engine:   Summary written: C:\Users\operator\Desktop\PolySignalLab\engine_output\signals_summary_1775297493.json
2026-04-04 13:11:33.779 [INFO    ] orchestrator: engine: 
2026-04-04 13:11:33.779 [INFO    ] orchestrator: engine: ==========================================================
2026-04-04 13:11:33.779 [INFO    ] orchestrator: engine:   SUMMARY
2026-04-04 13:11:33.779 [INFO    ] orchestrator: engine: ==========================================================
2026-04-04 13:11:33.779 [INFO    ] orchestrator: engine:   Total windows:         600 (312 UP, 288 DOWN)
2026-04-04 13:11:33.779 [INFO    ] orchestrator: engine:   Walk-forward folds:    5 (3 test iterations)
2026-04-04 13:11:33.779 [INFO    ] orchestrator: engine:   OOS base rate:         53.6% UP (360 test windows total)
2026-04-04 13:11:33.779 [INFO    ] orchestrator: engine:   Viable WF-OOS signals: 27
2026-04-04 13:11:33.779 [INFO    ] orchestrator: engine: ==========================================================
2026-04-04 13:11:33.779 [INFO    ] orchestrator: engine produced: signals_summary_1775297493.json
2026-04-04 13:11:33.795 [INFO    ] orchestrator: cleaned up old summary: signals_summary_1775288426.json
2026-04-04 13:11:33.795 [INFO    ] orchestrator: ranked 20 signals
2026-04-04 13:11:33.795 [INFO    ] orchestrator:   #3 Down score=5.28 tier=OVERFIT_DANGER folds=1/3 idx=[2] p=5.87e-06 ev=0.0626
2026-04-04 13:11:33.795 [INFO    ] orchestrator:   #1 Down score=4.08 tier=OVERFIT_DANGER folds=1/3 idx=[2] p=1.92e-07 ev=0.0366
2026-04-04 13:11:33.795 [INFO    ] orchestrator:   #5 Down score=4.01 tier=OVERFIT_DANGER folds=1/3 idx=[2] p=1.98e-05 ev=0.0544
2026-04-04 13:11:33.795 [INFO    ] orchestrator:   #4 Up score=3.70 tier=OVERFIT_DANGER folds=1/3 idx=[2] p=5.87e-06 ev=0.0446
2026-04-04 13:11:33.795 [INFO    ] orchestrator:   #2 Down score=3.63 tier=OVERFIT_DANGER folds=1/3 idx=[2] p=2.11e-06 ev=0.0392
2026-04-04 13:11:33.795 [INFO    ] orchestrator: signal #3 Down [290s->110s] d>=0.0% v<=0.05% score 5.28 < threshold 10.00 — skipping
2026-04-04 13:11:33.795 [INFO    ] orchestrator: no signal passed all delivery gates — not sending to bot
2026-04-04 13:26:33.819 [INFO    ] orchestrator: data quality check passed: 600 windows available
2026-04-04 13:26:33.819 [INFO    ] orchestrator: starting engine: C:\Users\operator\Desktop\PolySignalLab\PolySignalEngine\build\Release\PolySignalEngine.exe C:\Users\operator\Desktop\PolySignalLab\PolyDataCollector\data --output-dir C:\Users\operator\Desktop\PolySignalLab\engine_output
2026-04-04 13:26:40.473 [INFO    ] orchestrator: engine:   Summary written: C:\Users\operator\Desktop\PolySignalLab\engine_output\signals_summary_1775298400.json
2026-04-04 13:26:40.473 [INFO    ] orchestrator: engine: 
2026-04-04 13:26:40.473 [INFO    ] orchestrator: engine: ==========================================================
2026-04-04 13:26:40.473 [INFO    ] orchestrator: engine:   SUMMARY
2026-04-04 13:26:40.473 [INFO    ] orchestrator: engine: ==========================================================
2026-04-04 13:26:40.473 [INFO    ] orchestrator: engine:   Total windows:         600 (312 UP, 288 DOWN)
2026-04-04 13:26:40.489 [INFO    ] orchestrator: engine:   Walk-forward folds:    5 (3 test iterations)
2026-04-04 13:26:40.489 [INFO    ] orchestrator: engine:   OOS base rate:         53.3% UP (360 test windows total)
2026-04-04 13:26:40.489 [INFO    ] orchestrator: engine:   Viable WF-OOS signals: 27
2026-04-04 13:26:40.489 [INFO    ] orchestrator: engine: ==========================================================
2026-04-04 13:26:40.489 [INFO    ] orchestrator: engine produced: signals_summary_1775298400.json
2026-04-04 13:26:40.489 [INFO    ] orchestrator: cleaned up old summary: signals_summary_1775289332.json
2026-04-04 13:26:40.489 [INFO    ] orchestrator: ranked 20 signals
2026-04-04 13:26:40.489 [INFO    ] orchestrator:   #1 Up score=3.46 tier=OVERFIT_DANGER folds=1/3 idx=[2] p=1.73e-05 ev=0.0453
2026-04-04 13:26:40.489 [INFO    ] orchestrator:   #6 Down score=3.20 tier=OVERFIT_DANGER folds=1/3 idx=[4] p=1.32e-04 ev=0.0535
2026-04-04 13:26:40.489 [INFO    ] orchestrator:   #11 Up score=2.35 tier=OVERFIT_DANGER folds=1/3 idx=[2] p=9.07e-04 ev=0.0529
2026-04-04 13:26:40.489 [INFO    ] orchestrator:   #3 Down score=2.20 tier=OVERFIT_DANGER folds=1/3 idx=[2] p=3.29e-04 ev=0.0402
2026-04-04 13:26:40.489 [INFO    ] orchestrator:   #8 Up score=2.13 tier=OVERFIT_DANGER folds=1/3 idx=[2] p=8.22e-05 ev=0.0344
2026-04-04 13:26:40.489 [INFO    ] orchestrator: signal #1 Up [180s->90s] d>=0.0% v<=0.05% score 3.46 < threshold 10.00 — skipping
2026-04-04 13:26:40.489 [INFO    ] orchestrator: no signal passed all delivery gates — not sending to bot
2026-04-04 13:41:40.514 [INFO    ] orchestrator: data quality check passed: 600 windows available
2026-04-04 13:41:40.514 [INFO    ] orchestrator: starting engine: C:\Users\operator\Desktop\PolySignalLab\PolySignalEngine\build\Release\PolySignalEngine.exe C:\Users\operator\Desktop\PolySignalLab\PolyDataCollector\data --output-dir C:\Users\operator\Desktop\PolySignalLab\engine_output
2026-04-04 13:41:47.166 [INFO    ] orchestrator: engine:   Summary written: C:\Users\operator\Desktop\PolySignalLab\engine_output\signals_summary_1775299307.json
2026-04-04 13:41:47.166 [INFO    ] orchestrator: engine: 
2026-04-04 13:41:47.166 [INFO    ] orchestrator: engine: ==========================================================
2026-04-04 13:41:47.166 [INFO    ] orchestrator: engine:   SUMMARY
2026-04-04 13:41:47.166 [INFO    ] orchestrator: engine: ==========================================================
2026-04-04 13:41:47.166 [INFO    ] orchestrator: engine:   Total windows:         600 (312 UP, 288 DOWN)
2026-04-04 13:41:47.166 [INFO    ] orchestrator: engine:   Walk-forward folds:    5 (3 test iterations)
2026-04-04 13:41:47.166 [INFO    ] orchestrator: engine:   OOS base rate:         53.6% UP (360 test windows total)
2026-04-04 13:41:47.166 [INFO    ] orchestrator: engine:   Viable WF-OOS signals: 26
2026-04-04 13:41:47.166 [INFO    ] orchestrator: engine: ==========================================================
2026-04-04 13:41:47.182 [INFO    ] orchestrator: engine produced: signals_summary_1775299307.json
2026-04-04 13:41:47.182 [INFO    ] orchestrator: cleaned up old summary: signals_summary_1775290239.json
2026-04-04 13:41:47.182 [INFO    ] orchestrator: ranked 20 signals
2026-04-04 13:41:47.182 [INFO    ] orchestrator:   #1 Up score=5.74 tier=OVERFIT_DANGER folds=1/3 idx=[2] p=1.47e-06 ev=0.0601
2026-04-04 13:41:47.182 [INFO    ] orchestrator:   #4 Up score=3.75 tier=OVERFIT_DANGER folds=1/3 idx=[2] p=1.61e-05 ev=0.0504
2026-04-04 13:41:47.182 [INFO    ] orchestrator:   #3 Up score=3.69 tier=OVERFIT_DANGER folds=1/3 idx=[2] p=1.41e-05 ev=0.0482
2026-04-04 13:41:47.182 [INFO    ] orchestrator:   #7 Up score=3.40 tier=OVERFIT_DANGER folds=1/3 idx=[2] p=3.52e-04 ev=0.0657
2026-04-04 13:41:47.182 [INFO    ] orchestrator:   #6 Down score=3.26 tier=OVERFIT_DANGER folds=1/3 idx=[4] p=1.11e-04 ev=0.0535
2026-04-04 13:41:47.182 [INFO    ] orchestrator: signal #1 Up [180s->90s] d>=0.0% v<=0.05% score 5.74 < threshold 10.00 — skipping
2026-04-04 13:41:47.182 [INFO    ] orchestrator: no signal passed all delivery gates — not sending to bot
2026-04-04 13:56:47.195 [INFO    ] orchestrator: data quality check passed: 600 windows available
2026-04-04 13:56:47.195 [INFO    ] orchestrator: starting engine: C:\Users\operator\Desktop\PolySignalLab\PolySignalEngine\build\Release\PolySignalEngine.exe C:\Users\operator\Desktop\PolySignalLab\PolyDataCollector\data --output-dir C:\Users\operator\Desktop\PolySignalLab\engine_output
2026-04-04 13:56:54.006 [INFO    ] orchestrator: engine:   Summary written: C:\Users\operator\Desktop\PolySignalLab\engine_output\signals_summary_1775300213.json
2026-04-04 13:56:54.006 [INFO    ] orchestrator: engine: 
2026-04-04 13:56:54.006 [INFO    ] orchestrator: engine: ==========================================================
2026-04-04 13:56:54.006 [INFO    ] orchestrator: engine:   SUMMARY
2026-04-04 13:56:54.006 [INFO    ] orchestrator: engine: ==========================================================
2026-04-04 13:56:54.006 [INFO    ] orchestrator: engine:   Total windows:         600 (313 UP, 287 DOWN)
2026-04-04 13:56:54.006 [INFO    ] orchestrator: engine:   Walk-forward folds:    5 (3 test iterations)
2026-04-04 13:56:54.006 [INFO    ] orchestrator: engine:   OOS base rate:         53.6% UP (360 test windows total)
2026-04-04 13:56:54.006 [INFO    ] orchestrator: engine:   Viable WF-OOS signals: 26
2026-04-04 13:56:54.006 [INFO    ] orchestrator: engine: ==========================================================
2026-04-04 13:56:54.006 [INFO    ] orchestrator: engine produced: signals_summary_1775300213.json
2026-04-04 13:56:54.006 [INFO    ] orchestrator: cleaned up old summary: signals_summary_1775291146.json
2026-04-04 13:56:54.006 [INFO    ] orchestrator: ranked 20 signals
2026-04-04 13:56:54.006 [INFO    ] orchestrator:   #1 Up score=4.67 tier=OVERFIT_DANGER folds=1/3 idx=[2] p=3.72e-06 ev=0.0528
2026-04-04 13:56:54.006 [INFO    ] orchestrator:   #9 Up score=2.91 tier=OVERFIT_DANGER folds=1/3 idx=[2] p=5.77e-04 ev=0.0605
2026-04-04 13:56:54.006 [INFO    ] orchestrator:   #5 Up score=2.88 tier=OVERFIT_DANGER folds=1/3 idx=[2] p=4.40e-05 ev=0.0429
2026-04-04 13:56:54.006 [INFO    ] orchestrator:   #3 Up score=2.85 tier=OVERFIT_DANGER folds=1/3 idx=[2] p=3.33e-05 ev=0.0406
2026-04-04 13:56:54.006 [INFO    ] orchestrator:   #4 Down score=2.28 tier=OVERFIT_DANGER folds=1/3 idx=[2] p=2.45e-04 ev=0.0406
2026-04-04 13:56:54.006 [INFO    ] orchestrator: signal #1 Up [180s->90s] d>=0.0% v<=0.05% score 4.67 < threshold 10.00 — skipping
2026-04-04 13:56:54.028 [INFO    ] orchestrator: no signal passed all delivery gates — not sending to bot
2026-04-04 14:11:54.038 [INFO    ] orchestrator: data quality check passed: 600 windows available
2026-04-04 14:11:54.038 [INFO    ] orchestrator: starting engine: C:\Users\operator\Desktop\PolySignalLab\PolySignalEngine\build\Release\PolySignalEngine.exe C:\Users\operator\Desktop\PolySignalLab\PolyDataCollector\data --output-dir C:\Users\operator\Desktop\PolySignalLab\engine_output
2026-04-04 14:12:00.790 [INFO    ] orchestrator: engine:   Summary written: C:\Users\operator\Desktop\PolySignalLab\engine_output\signals_summary_1775301120.json
2026-04-04 14:12:00.790 [INFO    ] orchestrator: engine: 
2026-04-04 14:12:00.790 [INFO    ] orchestrator: engine: ==========================================================
2026-04-04 14:12:00.794 [INFO    ] orchestrator: engine:   SUMMARY
2026-04-04 14:12:00.794 [INFO    ] orchestrator: engine: ==========================================================
2026-04-04 14:12:00.796 [INFO    ] orchestrator: engine:   Total windows:         600 (315 UP, 285 DOWN)
2026-04-04 14:12:00.796 [INFO    ] orchestrator: engine:   Walk-forward folds:    5 (3 test iterations)
2026-04-04 14:12:00.796 [INFO    ] orchestrator: engine:   OOS base rate:         54.2% UP (360 test windows total)
2026-04-04 14:12:00.796 [INFO    ] orchestrator: engine:   Viable WF-OOS signals: 23
2026-04-04 14:12:00.796 [INFO    ] orchestrator: engine: ==========================================================
2026-04-04 14:12:00.796 [INFO    ] orchestrator: engine produced: signals_summary_1775301120.json
2026-04-04 14:12:00.796 [INFO    ] orchestrator: cleaned up old summary: signals_summary_1775292053.json
2026-04-04 14:12:00.796 [INFO    ] orchestrator: ranked 20 signals
2026-04-04 14:12:00.796 [INFO    ] orchestrator:   #1 Up score=4.62 tier=OVERFIT_DANGER folds=1/3 idx=[2] p=9.01e-06 ev=0.0564
2026-04-04 14:12:00.796 [INFO    ] orchestrator:   #7 Up score=2.75 tier=OVERFIT_DANGER folds=1/3 idx=[2] p=1.02e-03 ev=0.0620
2026-04-04 14:12:00.802 [INFO    ] orchestrator:   #4 Up score=2.63 tier=OVERFIT_DANGER folds=1/3 idx=[2] p=6.55e-05 ev=0.0409
2026-04-04 14:12:00.802 [INFO    ] orchestrator:   #2 Up score=2.53 tier=OVERFIT_DANGER folds=1/3 idx=[2] p=4.93e-05 ev=0.0374
2026-04-04 14:12:00.802 [INFO    ] orchestrator:   #5 Down score=1.26 tier=OVERFIT_DANGER folds=1/3 idx=[2] p=5.16e-04 ev=0.0254
2026-04-04 14:12:00.802 [INFO    ] orchestrator: signal #1 Up [210s->90s] d>=0.0% v<=0.05% score 4.62 < threshold 10.00 — skipping
2026-04-04 14:12:00.810 [INFO    ] orchestrator: no signal passed all delivery gates — not sending to bot
2026-04-04 14:27:00.820 [INFO    ] orchestrator: data quality check passed: 600 windows available
2026-04-04 14:27:00.820 [INFO    ] orchestrator: starting engine: C:\Users\operator\Desktop\PolySignalLab\PolySignalEngine\build\Release\PolySignalEngine.exe C:\Users\operator\Desktop\PolySignalLab\PolyDataCollector\data --output-dir C:\Users\operator\Desktop\PolySignalLab\engine_output
2026-04-04 14:27:07.438 [INFO    ] orchestrator: engine:   Summary written: C:\Users\operator\Desktop\PolySignalLab\engine_output\signals_summary_1775302027.json
2026-04-04 14:27:07.438 [INFO    ] orchestrator: engine: 
2026-04-04 14:27:07.440 [INFO    ] orchestrator: engine: ==========================================================
2026-04-04 14:27:07.440 [INFO    ] orchestrator: engine:   SUMMARY
2026-04-04 14:27:07.441 [INFO    ] orchestrator: engine: ==========================================================
2026-04-04 14:27:07.441 [INFO    ] orchestrator: engine:   Total windows:         600 (316 UP, 284 DOWN)
2026-04-04 14:27:07.441 [INFO    ] orchestrator: engine:   Walk-forward folds:    5 (3 test iterations)
2026-04-04 14:27:07.441 [INFO    ] orchestrator: engine:   OOS base rate:         54.2% UP (360 test windows total)
2026-04-04 14:27:07.441 [INFO    ] orchestrator: engine:   Viable WF-OOS signals: 26
2026-04-04 14:27:07.441 [INFO    ] orchestrator: engine: ==========================================================
2026-04-04 14:27:07.441 [INFO    ] orchestrator: engine produced: signals_summary_1775302027.json
2026-04-04 14:27:07.441 [INFO    ] orchestrator: cleaned up old summary: signals_summary_1775292960.json
2026-04-04 14:27:07.441 [INFO    ] orchestrator: ranked 20 signals
2026-04-04 14:27:07.441 [INFO    ] orchestrator:   #1 Up score=3.84 tier=OVERFIT_DANGER folds=1/3 idx=[2] p=1.62e-05 ev=0.0500
2026-04-04 14:27:07.441 [INFO    ] orchestrator:   #9 Up score=2.31 tier=OVERFIT_DANGER folds=1/3 idx=[2] p=1.08e-03 ev=0.0530
2026-04-04 14:27:07.441 [INFO    ] orchestrator:   #5 Up score=1.78 tier=OVERFIT_DANGER folds=1/3 idx=[2] p=1.18e-04 ev=0.0299
2026-04-04 14:27:07.441 [INFO    ] orchestrator:   #3 Up score=1.57 tier=OVERFIT_DANGER folds=1/3 idx=[2] p=1.18e-04 ev=0.0259
2026-04-04 14:27:07.441 [INFO    ] orchestrator:   #19 Down score=1.50 tier=SILVER folds=2/3 idx=[3, 4] p=1.18e-04 ev=0.0102
2026-04-04 14:27:07.441 [INFO    ] orchestrator: signal #1 Up [180s->90s] d>=0.0% v<=0.05% score 3.84 < threshold 10.00 — skipping
2026-04-04 14:27:07.459 [INFO    ] orchestrator: no signal passed all delivery gates — not sending to bot
2026-04-04 14:42:07.475 [INFO    ] orchestrator: data quality check passed: 600 windows available
2026-04-04 14:42:07.475 [INFO    ] orchestrator: starting engine: C:\Users\operator\Desktop\PolySignalLab\PolySignalEngine\build\Release\PolySignalEngine.exe C:\Users\operator\Desktop\PolySignalLab\PolyDataCollector\data --output-dir C:\Users\operator\Desktop\PolySignalLab\engine_output
2026-04-04 14:42:14.887 [INFO    ] orchestrator: engine:   Summary written: C:\Users\operator\Desktop\PolySignalLab\engine_output\signals_summary_1775302934.json
2026-04-04 14:42:14.887 [INFO    ] orchestrator: engine: 
2026-04-04 14:42:14.889 [INFO    ] orchestrator: engine: ==========================================================
2026-04-04 14:42:14.889 [INFO    ] orchestrator: engine:   SUMMARY
2026-04-04 14:42:14.889 [INFO    ] orchestrator: engine: ==========================================================
2026-04-04 14:42:14.889 [INFO    ] orchestrator: engine:   Total windows:         600 (316 UP, 284 DOWN)
2026-04-04 14:42:14.889 [INFO    ] orchestrator: engine:   Walk-forward folds:    5 (3 test iterations)
2026-04-04 14:42:14.889 [INFO    ] orchestrator: engine:   OOS base rate:         53.9% UP (360 test windows total)
2026-04-04 14:42:14.889 [INFO    ] orchestrator: engine:   Viable WF-OOS signals: 22
2026-04-04 14:42:14.889 [INFO    ] orchestrator: engine: ==========================================================
2026-04-04 14:42:14.889 [INFO    ] orchestrator: engine produced: signals_summary_1775302934.json
2026-04-04 14:42:14.893 [INFO    ] orchestrator: cleaned up old summary: signals_summary_1775293866.json
2026-04-04 14:42:14.893 [INFO    ] orchestrator: ranked 20 signals
2026-04-04 14:42:14.893 [INFO    ] orchestrator:   #1 Up score=4.19 tier=OVERFIT_DANGER folds=1/3 idx=[2] p=3.13e-05 ev=0.0584
2026-04-04 14:42:14.895 [INFO    ] orchestrator:   #2 Down score=3.14 tier=OVERFIT_DANGER folds=1/3 idx=[4] p=1.89e-04 ev=0.0536
2026-04-04 14:42:14.895 [INFO    ] orchestrator:   #9 Up score=2.40 tier=OVERFIT_DANGER folds=1/3 idx=[2] p=1.55e-03 ev=0.0585
2026-04-04 14:42:14.895 [INFO    ] orchestrator:   #7 Down score=2.10 tier=OVERFIT_DANGER folds=1/3 idx=[4] p=6.56e-03 ev=0.0882
2026-04-04 14:42:14.895 [INFO    ] orchestrator:   #5 Up score=1.65 tier=OVERFIT_DANGER folds=1/3 idx=[2] p=1.89e-04 ev=0.0294
2026-04-04 14:42:14.895 [INFO    ] orchestrator: signal #1 Up [190s->90s] d>=0.0% v<=0.05% score 4.19 < threshold 10.00 — skipping
2026-04-04 14:42:14.905 [INFO    ] orchestrator: no signal passed all delivery gates — not sending to bot
