
[92mpre-flight checks passed[0m

2026-04-10 00:48:10.630 [INFO] utils.log: logging to file: /opt/polytrader/bot/data/logs/2026-04-10_00-48-10.log
[92m[1m2026-04-10 00:48:10.630 [INFO] __main__: starting polymarket bot — mode=paper[0m
2026-04-10 00:48:10.630 [INFO] __main__: data paths: bankroll=/opt/polytrader/bot/data/paper/bankroll.json journal=/opt/polytrader/bot/data/paper/journal.jsonl state=/opt/polytrader/bot/data/paper/state.json results=/opt/polytrader/bot/data/paper/results
2026-04-10 00:48:10.634 [INFO] shared.keystore: SSH host key detected: /etc/ssh/ssh_host_ed25519_key (ed25519)
2026-04-10 00:48:10.639 [INFO] shared.keystore: HMAC key loaded from age secrets file
2026-04-10 00:48:10.639 [INFO] shared.ipc: IPC server listening on 127.0.0.1:19731
2026-04-10 00:48:10.639 [INFO] shared.keystore: SSH host key detected: /etc/ssh/ssh_host_ed25519_key (ed25519)
2026-04-10 00:48:10.644 [INFO] shared.keystore: HMAC key loaded from age secrets file
2026-04-10 00:48:10.645 [INFO] shared.state_publisher: state publisher listening on 127.0.0.1:19732
2026-04-10 00:48:10.687 [INFO] __main__: gamma API: reachable
2026-04-10 00:48:10.693 [INFO] shared.volatility_tracker: vol cache loaded: prices=7 stddev=0.157% age=3.2 min
2026-04-10 00:48:10.694 [INFO] shared.chop_detector: chop cache loaded: windows=6 avg_flips=4.5 age=3.2 min
2026-04-10 00:48:10.694 [INFO] shared.outcome_tracker: outcome cache loaded: windows=6 recent=4U/2D over 6w age=3.2 min
2026-04-10 00:48:10.813 [INFO] utils.reconnect: rtds connected to wss://ws-live-data.polymarket.com
2026-04-10 00:48:10.814 [INFO] market_data.rtds_ws: RTDS subscribed to chainlink
2026-04-10 00:48:11.542 [INFO] utils.reconnect: binance connected to wss://stream.binance.com:9443/stream?streams=btcusdt@trade/btcusdt@depth5@100ms
2026-04-10 00:48:12.697 [INFO] __main__: price feeds live: binance=71925.54 chainlink=71929.71 — waiting for depth stream
[92m[1m2026-04-10 00:48:12.697 [INFO] __main__: all feeds live: binance=71925.54 chainlink=71929.71 obi=-0.0166[0m
2026-04-10 00:48:12.697 [INFO] __main__: no signal file provided -- waiting for orchestrator to deliver first signal...
2026-04-10 00:48:29.004 [INFO] shared.ipc: IPC: received authenticated signal_update (summary=signals_summary_1775782108.json)
2026-04-10 00:48:29.005 [INFO] __main__: received new signal from orchestrator: rank=1 side=Down
2026-04-10 00:48:29.006 [INFO] __main__: first signal received from orchestrator: rank=1 side=down signal_id=down_280.0_250.0_0.07_0.05
2026-04-10 00:48:29.006 [INFO] __main__: SIGNAL_SWAP_ACTIVE: {"rank":1,"side":"down","observeFromS":280.0,"observeToS":250.0,"minDeltaPct":0.07,"maxVariancePct":0.05,"trainWinRatePct":94.74,"oosWinRatePct":88.57,"oosBhAdjustedPValue":3.1224e-09,"oosMatches":35,"avgEntryPrice":0.762,"evPerTrade":0.0937,"smartScore":25.92,"wfFoldsAppeared":5,"wfTotalTestFolds":6,"wfFoldIndices":[3,4,5,6,7]}
2026-04-10 00:48:29.006 [INFO] risk.position_tracker: resumed state: daily_pnl=0.2346 total_pnl=-1.4755 consecutive_losses=0 signal=down_280.0_250.0_0.07_0.05
2026-04-10 00:48:29.007 [INFO] __main__: resumed paper balance: $1000.23
[92m2026-04-10 00:48:29.007 [INFO] __main__: paper trading mode — orders will be simulated (balance=$1000.23)[0m
2026-04-10 00:48:29.007 [INFO] strategy.kelly: Loaded bankroll from /opt/polytrader/bot/data/paper/bankroll.json: $849.07
[93m2026-04-10 00:48:29.007 [INFO] strategy.regime: warmup credit: vol=6_prices chop=6_windows — crediting 30 min toward warmup (0 min remaining)[0m
[96m[1m2026-04-10 00:48:29.008 [INFO] strategy.window_tracker: new window: btc-updown-5m-1775781900 (ts=1775781900)[0m
[96m2026-04-10 00:48:29.081 [INFO] strategy.window_handler: REGIME vol_stddev=0.157% chop_flips=4.5 outcome=4U/2D over 6w sprt=dormant llr=0.00 age=0w bankroll=$849.07[0m
[96m2026-04-10 00:48:29.082 [INFO] strategy.window_handler: KELLY wr_adj=81.0% base=88.6% total_disc=4.6% vol=28.6% chop=21.4% outcome=38.1% feedback=+0.0%[0m
[96m2026-04-10 00:48:29.082 [WARNING] __main__: window open price captured: 71934.72 (tier 1 — RTDS fallback, no buffered ticks for boundary)[0m
[96m2026-04-10 00:48:29.082 [INFO] __main__: window open price captured: 71940.59 (binance)[0m
2026-04-10 00:48:29.083 [INFO] strategy.momentum_signal: momentum_signal: waiting for full market data
2026-04-10 00:48:29.115 [INFO] utils.reconnect: clob-market connected to wss://ws-subscriptions-clob.polymarket.com/ws/market
2026-04-10 00:48:29.116 [INFO] market_data.clob_market_ws: CLOB market subscribed for tokens up=908237122197 down=524341645949
[2m2026-04-10 00:48:29.334 [INFO] __main__: STATUS t=91s delta=0.0024% dir=up agree=True chain=71936.42 bin=71940.58 open=71934.72 obi=0.9957 ask_up=0.68 ask_dn=0.33 bid_up=0.67 bid_dn=0.32 halted=False[0m
2026-04-10 00:48:29.334 [INFO] strategy.momentum_signal: momentum_signal rank #1: insufficient ticks (0 < 5) in window [280→250]s — observation window may have been missed at bot start
[2m2026-04-10 00:48:59.440 [INFO] __main__: STATUS t=61s delta=0.0407% dir=up agree=True chain=71963.97 bin=71964.01 open=71934.72 obi=0.8232 ask_up=0.80 ask_dn=0.21 bid_up=0.79 bid_dn=0.20 halted=False[0m
[2m2026-04-10 00:49:29.559 [INFO] __main__: STATUS t=30s delta=0.0690% dir=up agree=True chain=71984.35 bin=71989.99 open=71934.72 obi=0.8842 ask_up=0.82 ask_dn=0.19 bid_up=0.81 bid_dn=0.18 halted=False[0m
[2m2026-04-10 00:49:59.672 [INFO] __main__: STATUS t=0s delta=0.0039% dir=up agree=False chain=71937.54 bin=71930.00 open=71934.72 obi=-0.1963 ask_up=1.00 ask_dn=0.01 bid_up=0.99 bid_dn=0.01 halted=False[0m
[37m2026-04-10 00:50:00.175 [INFO] execution.paper_trading: paper window_ts=1775781900 [SKIP] pnl=0.0000 direction=up outcome=up - balance=$1000.23 bid_up=0.99 ask_up=1.00 bid_dn=0.01 ask_dn=0.01[0m
[93m[1m2026-04-10 00:50:00.176 [INFO] risk.position_tracker: WINDOW_SUMMARY window_pnl=$0.0000 session_pnl=$-1.4755 won=$0.6045 lost=$2.0800 wr=66.7% (2/3) consec_losses=0[0m
[37m2026-04-10 00:50:00.181 [INFO] strategy.window_handler: WINDOW_DECISION [SKIP] rank=1 side=down pnl=$0.0000 entry=0.00 size=$0.00 (conditions not met)[0m
[96m[1m2026-04-10 00:50:00.181 [INFO] strategy.window_tracker: new window: btc-updown-5m-1775782200 (ts=1775782200)[0m
[96m2026-04-10 00:50:00.268 [INFO] strategy.window_handler: REGIME vol_stddev=0.144% chop_flips=4.7 outcome=5U/1D over 6w sprt=dormant llr=0.00 age=1w bankroll=$849.07[0m
[96m2026-04-10 00:50:00.269 [INFO] strategy.window_handler: KELLY wr_adj=76.4% base=88.6% total_disc=9.1% vol=21.8% chop=23.8% outcome=76.2% feedback=+0.0%[0m
[96m2026-04-10 00:50:00.269 [INFO] __main__: window open price captured: 71937.54 (tier 0 — oracle boundary, oracle_age=2000ms)[0m
[96m2026-04-10 00:50:00.274 [INFO] __main__: window open price captured: 71930.00 (binance)[0m
2026-04-10 00:50:00.275 [INFO] strategy.momentum_signal: momentum_signal: waiting for full market data
2026-04-10 00:50:01.185 [INFO] market_data.clob_market_ws: CLOB market subscribed for tokens up=962919019294 down=508711349751
2026-04-10 00:50:05.977 [INFO] shared.state_publisher: state_publisher: client connected from 100.100.100.103:63677
[2m2026-04-10 00:50:29.908 [INFO] __main__: STATUS t=270s delta=0.0373% dir=up agree=True chain=71964.35 bin=71950.01 open=71937.54 obi=0.5920 ask_up=0.58 ask_dn=0.43 bid_up=0.57 bid_dn=0.42 halted=False[0m
2026-04-10 00:50:50.247 [INFO] strategy.momentum_signal: signal_eval rank=1 side=down latest_pct=0.0437 stddev=0.0138 n=120 min_delta=0.07 max_var=0.050
[37m2026-04-10 00:50:50.247 [INFO] strategy.momentum_signal: [SKIP] rank=1 side=down reason=conditions_not_met latest_pct=0.0437 need=<=-0.07 stddev=0.0138 max_var=0.050[0m
[2m2026-04-10 00:51:00.048 [INFO] __main__: STATUS t=240s delta=0.0521% dir=up agree=True chain=71975.03 bin=71968.96 open=71937.54 obi=0.4327 ask_up=0.67 ask_dn=0.34 bid_up=0.66 bid_dn=0.33 halted=False[0m
[2m2026-04-10 00:51:30.178 [INFO] __main__: STATUS t=210s delta=-0.0109% dir=down agree=True chain=71929.69 bin=71930.01 open=71937.54 obi=-0.1172 ask_up=0.47 ask_dn=0.54 bid_up=0.46 bid_dn=0.53 halted=False[0m
[2m2026-04-10 00:52:00.304 [INFO] __main__: STATUS t=180s delta=0.0658% dir=up agree=True chain=71984.91 bin=71987.94 open=71937.54 obi=0.4921 ask_up=0.80 ask_dn=0.21 bid_up=0.79 bid_dn=0.20 halted=False[0m
[2m2026-04-10 00:52:30.425 [INFO] __main__: STATUS t=150s delta=0.1036% dir=up agree=True chain=72012.09 bin=71996.17 open=71937.54 obi=-0.9959 ask_up=0.86 ask_dn=0.15 bid_up=0.85 bid_dn=0.14 halted=False[0m
[2m2026-04-10 00:53:00.547 [INFO] __main__: STATUS t=119s delta=0.0897% dir=up agree=True chain=72002.08 bin=71998.01 open=71937.54 obi=0.3312 ask_up=0.88 ask_dn=0.13 bid_up=0.87 bid_dn=0.12 halted=False[0m
[2m2026-04-10 00:53:30.682 [INFO] __main__: STATUS t=89s delta=0.0522% dir=up agree=True chain=71975.09 bin=71969.89 open=71937.54 obi=-0.4012 ask_up=0.77 ask_dn=0.24 bid_up=0.76 bid_dn=0.23 halted=False[0m
[2m2026-04-10 00:54:00.817 [INFO] __main__: STATUS t=59s delta=0.0390% dir=up agree=True chain=71965.60 bin=71963.97 open=71937.54 obi=0.2666 ask_up=0.84 ask_dn=0.17 bid_up=0.83 bid_dn=0.16 halted=False[0m
[2m2026-04-10 00:54:30.950 [INFO] __main__: STATUS t=29s delta=0.0040% dir=up agree=False chain=71940.39 bin=71933.36 open=71937.54 obi=-0.9966 ask_up=0.44 ask_dn=0.58 bid_up=0.42 bid_dn=0.56 halted=False[0m
2026-04-10 00:54:33.211 [INFO] shared.state_publisher: state_publisher: pruned 1 dead client(s), 0 active
2026-04-10 00:54:49.126 [INFO] shared.state_publisher: state_publisher: client connected from 100.100.100.103:27295
[37m2026-04-10 00:55:00.069 [INFO] execution.paper_trading: paper window_ts=1775782200 [SKIP] pnl=0.0000 direction=up outcome=up - balance=$1000.23 bid_up=0.99 ask_up=1.00 bid_dn=0.01 ask_dn=0.01[0m
[93m[1m2026-04-10 00:55:00.069 [INFO] risk.position_tracker: WINDOW_SUMMARY window_pnl=$0.0000 session_pnl=$-1.4755 won=$0.6045 lost=$2.0800 wr=66.7% (2/3) consec_losses=0[0m
[96m2026-04-10 00:55:00.071 [INFO] strategy.window_handler: REGIME chop_detected flips=6 delta_range=0.1449% avg_flips=4.2 over=6_windows[0m
[37m2026-04-10 00:55:00.077 [INFO] strategy.window_handler: WINDOW_DECISION [SKIP] rank=1 side=down pnl=$0.0000 entry=0.00 size=$0.00 (conditions not met)[0m
[96m[1m2026-04-10 00:55:00.077 [INFO] strategy.window_tracker: new window: btc-updown-5m-1775782500 (ts=1775782500)[0m
[96m2026-04-10 00:55:00.188 [INFO] strategy.window_handler: REGIME vol_stddev=0.133% chop_flips=4.2 outcome=5U/1D over 6w sprt=dormant llr=0.00 age=2w bankroll=$849.07[0m
[96m2026-04-10 00:55:00.188 [INFO] strategy.window_handler: KELLY wr_adj=76.4% base=88.6% total_disc=9.1% vol=16.5% chop=16.7% outcome=76.2% feedback=+0.0%[0m
[96m2026-04-10 00:55:00.189 [INFO] __main__: window open price captured: 71958.47 (tier 0 — oracle boundary, oracle_age=2000ms)[0m
[96m2026-04-10 00:55:00.189 [INFO] __main__: window open price captured: 71953.66 (binance)[0m
2026-04-10 00:55:00.190 [INFO] strategy.momentum_signal: momentum_signal: waiting for full market data
2026-04-10 00:55:00.380 [INFO] market_data.clob_market_ws: CLOB market subscribed for tokens up=610301231803 down=803552963422
[2m2026-04-10 00:55:01.201 [INFO] __main__: STATUS t=299s delta=-0.0007% dir=down agree=True chain=71957.99 bin=71953.67 open=71958.47 obi=0.2438 ask_up=0.56 ask_dn=0.45 bid_up=0.55 bid_dn=0.44 halted=False[0m
[2m2026-04-10 00:55:31.336 [INFO] __main__: STATUS t=269s delta=-0.0235% dir=down agree=True chain=71941.53 bin=71933.37 open=71958.47 obi=0.6507 ask_up=0.58 ask_dn=0.44 bid_up=0.56 bid_dn=0.42 halted=False[0m
2026-04-10 00:55:50.161 [INFO] strategy.momentum_signal: signal_eval rank=1 side=down latest_pct=-0.0112 stddev=0.0108 n=120 min_delta=0.07 max_var=0.050
[37m2026-04-10 00:55:50.161 [INFO] strategy.momentum_signal: [SKIP] rank=1 side=down reason=conditions_not_met latest_pct=-0.0112 need=<=-0.07 stddev=0.0108 max_var=0.050[0m
[2m2026-04-10 00:56:01.460 [INFO] __main__: STATUS t=239s delta=-0.0212% dir=down agree=True chain=71943.19 bin=71944.00 open=71958.47 obi=-0.8886 ask_up=0.54 ask_dn=0.47 bid_up=0.53 bid_dn=0.46 halted=False[0m
[2m2026-04-10 00:56:31.593 [INFO] __main__: STATUS t=208s delta=-0.0231% dir=down agree=True chain=71941.86 bin=71940.00 open=71958.47 obi=-0.2030 ask_up=0.65 ask_dn=0.36 bid_up=0.64 bid_dn=0.35 halted=False[0m
[2m2026-04-10 00:57:01.729 [INFO] __main__: STATUS t=178s delta=-0.0880% dir=down agree=True chain=71895.16 bin=71892.87 open=71958.47 obi=0.4954 ask_up=0.46 ask_dn=0.55 bid_up=0.45 bid_dn=0.54 halted=False[0m
[2m2026-04-10 00:57:31.859 [INFO] __main__: STATUS t=148s delta=-0.0796% dir=down agree=True chain=71901.22 bin=71898.85 open=71958.47 obi=0.9950 ask_up=0.47 ask_dn=0.54 bid_up=0.46 bid_dn=0.53 halted=False[0m
[2m2026-04-10 00:58:01.994 [INFO] __main__: STATUS t=118s delta=-0.0693% dir=down agree=True chain=71908.57 bin=71893.24 open=71958.47 obi=-0.7510 ask_up=0.36 ask_dn=0.66 bid_up=0.34 bid_dn=0.64 halted=False[0m
[2m2026-04-10 00:58:32.119 [INFO] __main__: STATUS t=88s delta=-0.0627% dir=down agree=True chain=71913.33 bin=71912.26 open=71958.47 obi=0.9977 ask_up=0.48 ask_dn=0.54 bid_up=0.46 bid_dn=0.52 halted=False[0m
[2m2026-04-10 00:59:02.249 [INFO] __main__: STATUS t=58s delta=-0.0915% dir=down agree=True chain=71892.60 bin=71893.40 open=71958.47 obi=0.1751 ask_up=0.40 ask_dn=0.66 bid_up=0.34 bid_dn=0.60 halted=False[0m
2026-04-10 00:59:19.068 [INFO] shared.state_publisher: state_publisher: pruned 1 dead client(s), 0 active
2026-04-10 00:59:29.958 [INFO] shared.state_publisher: state_publisher: client connected from 100.100.100.103:44100
2026-04-10 00:59:31.865 [INFO] shared.state_publisher: state_publisher: pruned 1 dead client(s), 0 active
[2m2026-04-10 00:59:32.367 [INFO] __main__: STATUS t=28s delta=-0.0956% dir=down agree=True chain=71889.69 bin=71885.82 open=71958.47 obi=0.9188 ask_up=0.07 ask_dn=0.95 bid_up=0.05 bid_dn=0.93 halted=False[0m
2026-04-10 00:59:45.659 [INFO] shared.state_publisher: state_publisher: client connected from 100.100.100.103:51155
[37m2026-04-10 01:00:00.224 [INFO] execution.paper_trading: paper window_ts=1775782500 [SKIP] pnl=0.0000 direction=up outcome=up - balance=$1000.23 bid_up=0.01 ask_up=1.00 bid_dn=0.01 ask_dn=0.99[0m
[93m[1m2026-04-10 01:00:00.225 [INFO] risk.position_tracker: WINDOW_SUMMARY window_pnl=$0.0000 session_pnl=$-1.4755 won=$0.6045 lost=$2.0800 wr=66.7% (2/3) consec_losses=0[0m
[96m2026-04-10 01:00:00.230 [INFO] strategy.window_handler: REGIME chop_detected flips=3 delta_range=0.1234% avg_flips=3.8 over=6_windows[0m
[37m2026-04-10 01:00:00.234 [INFO] strategy.window_handler: WINDOW_DECISION [SKIP] rank=1 side=down pnl=$0.0000 entry=0.00 size=$0.00 (conditions not met)[0m
[96m[1m2026-04-10 01:00:00.235 [INFO] strategy.window_tracker: new window: btc-updown-5m-1775782800 (ts=1775782800)[0m
[96m2026-04-10 01:00:00.325 [INFO] strategy.window_handler: REGIME vol_stddev=0.124% chop_flips=3.8 outcome=5U/1D over 6w sprt=dormant llr=0.00 age=3w bankroll=$849.07[0m
[96m2026-04-10 01:00:00.326 [INFO] strategy.window_handler: KELLY wr_adj=76.4% base=88.6% total_disc=9.1% vol=12.2% chop=11.9% outcome=76.2% feedback=+0.0%[0m
[96m2026-04-10 01:00:00.327 [INFO] __main__: window open price captured: 71972.28 (tier 0 — oracle boundary, oracle_age=2000ms)[0m
[96m2026-04-10 01:00:00.327 [INFO] __main__: window open price captured: 71963.03 (binance)[0m
2026-04-10 01:00:00.328 [INFO] strategy.momentum_signal: momentum_signal: waiting for full market data
2026-04-10 01:00:00.577 [INFO] market_data.clob_market_ws: CLOB market subscribed for tokens up=632550388689 down=959139064517
[2m2026-04-10 01:00:02.595 [INFO] __main__: STATUS t=297s delta=0.0038% dir=up agree=False chain=71975.01 bin=71937.99 open=71972.28 obi=0.2750 ask_up=0.65 ask_dn=0.40 bid_up=0.60 bid_dn=0.35 halted=False[0m
[2m2026-04-10 01:00:32.743 [INFO] __main__: STATUS t=267s delta=-0.0600% dir=down agree=True chain=71929.07 bin=71943.19 open=71972.28 obi=-0.7472 ask_up=0.50 ask_dn=0.51 bid_up=0.49 bid_dn=0.50 halted=False[0m
2026-04-10 01:00:50.066 [INFO] strategy.momentum_signal: signal_eval rank=1 side=down latest_pct=-0.0071 stddev=0.0206 n=119 min_delta=0.07 max_var=0.050
[37m2026-04-10 01:00:50.066 [INFO] strategy.momentum_signal: [SKIP] rank=1 side=down reason=conditions_not_met latest_pct=-0.0071 need=<=-0.07 stddev=0.0206 max_var=0.050[0m
[2m2026-04-10 01:01:02.958 [INFO] __main__: STATUS t=237s delta=-0.0264% dir=down agree=True chain=71953.24 bin=71938.12 open=71972.28 obi=-0.7053 ask_up=0.39 ask_dn=0.62 bid_up=0.38 bid_dn=0.61 halted=False[0m
[2m2026-04-10 01:01:33.088 [INFO] __main__: STATUS t=207s delta=-0.0671% dir=down agree=True chain=71924.00 bin=71912.18 open=71972.28 obi=-0.2518 ask_up=0.28 ask_dn=0.73 bid_up=0.27 bid_dn=0.72 halted=False[0m
2026-04-10 01:01:37.103 [INFO] shared.state_publisher: state_publisher: pruned 1 dead client(s), 0 active
[2m2026-04-10 01:02:03.207 [INFO] __main__: STATUS t=177s delta=-0.0842% dir=down agree=True chain=71911.68 bin=71912.00 open=71972.28 obi=0.6805 ask_up=0.34 ask_dn=0.67 bid_up=0.33 bid_dn=0.66 halted=False[0m
2026-04-10 01:02:21.249 [INFO] shared.state_publisher: state_publisher: client connected from 100.100.100.103:1500
[2m2026-04-10 01:02:33.331 [INFO] __main__: STATUS t=147s delta=-0.1086% dir=down agree=True chain=71894.10 bin=71888.01 open=71972.28 obi=0.4975 ask_up=0.20 ask_dn=0.81 bid_up=0.19 bid_dn=0.80 halted=False[0m
[93m2026-04-10 01:02:57.533 [WARNING] utils.reconnect: rtds disconnected: no close frame received or sent — reconnecting in 1.4s[0m
2026-04-10 01:02:59.086 [INFO] utils.reconnect: rtds connected to wss://ws-live-data.polymarket.com
2026-04-10 01:02:59.086 [INFO] market_data.rtds_ws: RTDS subscribed to chainlink
2026-04-10 01:03:01.447 [INFO] shared.state_publisher: state_publisher: pruned 1 dead client(s), 0 active
[2m2026-04-10 01:03:03.460 [INFO] __main__: STATUS t=117s delta=-0.1243% dir=down agree=True chain=71882.80 bin=71868.98 open=71972.28 obi=-0.7654 ask_up=0.09 ask_dn=0.92 bid_up=0.08 bid_dn=0.91 halted=False[0m
2026-04-10 01:03:23.874 [INFO] shared.state_publisher: state_publisher: client connected from 100.100.100.103:1506
[2m2026-04-10 01:03:33.582 [INFO] __main__: STATUS t=86s delta=-0.1135% dir=down agree=True chain=71890.56 bin=71887.04 open=71972.28 obi=-0.9894 ask_up=0.08 ask_dn=0.93 bid_up=0.07 bid_dn=0.92 halted=False[0m
2026-04-10 01:03:43.082 [INFO] shared.ipc: IPC: received authenticated signal_update (summary=signals_summary_1775783022.json)
2026-04-10 01:03:43.083 [INFO] __main__: received new signal from orchestrator: rank=1 side=Down
[2m2026-04-10 01:04:03.718 [INFO] __main__: STATUS t=56s delta=-0.1393% dir=down agree=True chain=71872.00 bin=71850.01 open=71972.28 obi=-0.9202 ask_up=0.06 ask_dn=0.97 bid_up=0.03 bid_dn=0.94 halted=False[0m
[2m2026-04-10 01:04:33.855 [INFO] __main__: STATUS t=26s delta=-0.1558% dir=down agree=True chain=71860.14 bin=71855.42 open=71972.28 obi=0.1243 ask_up=0.01 ask_dn=1.00 bid_up=0.01 bid_dn=0.99 halted=False[0m
2026-04-10 01:04:38.876 [INFO] shared.state_publisher: state_publisher: pruned 1 dead client(s), 0 active
[37m2026-04-10 01:05:00.217 [INFO] execution.paper_trading: paper window_ts=1775782800 [SKIP] pnl=0.0000 direction=down outcome=down - balance=$1000.23 bid_up=0.01 ask_up=0.01 bid_dn=0.99 ask_dn=1.00[0m
[93m[1m2026-04-10 01:05:00.218 [INFO] risk.position_tracker: WINDOW_SUMMARY window_pnl=$0.0000 session_pnl=$-1.4755 won=$0.6045 lost=$2.0800 wr=66.7% (2/3) consec_losses=0[0m
[37m2026-04-10 01:05:00.225 [INFO] strategy.window_handler: WINDOW_DECISION [SKIP] rank=1 side=down pnl=$0.0000 entry=0.00 size=$0.00 (conditions not met)[0m
[95m2026-04-10 01:05:00.226 [INFO] strategy.window_handler: Signal refreshed (same pattern): down_280.0_250.0_0.07_0.05 — rank 1->1, keeping SPRT state (age=4w, trades=0, LLR=0.00)[0m
2026-04-10 01:05:00.226 [INFO] strategy.window_handler: SIGNAL_SWAP_ACTIVE: {"rank":1,"side":"down","observeFromS":280.0,"observeToS":250.0,"minDeltaPct":0.07,"maxVariancePct":0.05,"trainWinRatePct":94.74,"oosWinRatePct":88.57,"oosBhAdjustedPValue":3.55971e-09,"oosMatches":35,"avgEntryPrice":0.762,"evPerTrade":0.0937,"smartScore":26.68,"wfFoldsAppeared":5,"wfTotalTestFolds":6,"wfFoldIndices":[3,4,5,6,7]}
2026-04-10 01:05:00.226 [INFO] strategy.window_handler: switched to new signal: #1 down (previous: #1 down)
[96m[1m2026-04-10 01:05:00.227 [INFO] strategy.window_tracker: new window: btc-updown-5m-1775783100 (ts=1775783100)[0m
[96m2026-04-10 01:05:00.285 [INFO] strategy.window_handler: REGIME vol_stddev=0.129% chop_flips=3.3 outcome=4U/2D over 6w sprt=dormant llr=0.00 age=4w bankroll=$849.07[0m
[96m2026-04-10 01:05:00.286 [INFO] strategy.window_handler: KELLY wr_adj=81.0% base=88.6% total_disc=4.6% vol=14.5% chop=4.8% outcome=38.1% feedback=+0.0%[0m
[96m2026-04-10 01:05:00.286 [INFO] __main__: window open price captured: 71861.92 (tier 0 — oracle boundary, oracle_age=1000ms)[0m
[96m2026-04-10 01:05:00.286 [INFO] __main__: window open price captured: 71871.96 (binance)[0m
2026-04-10 01:05:00.286 [INFO] strategy.momentum_signal: momentum_signal: waiting for full market data
2026-04-10 01:05:00.835 [INFO] market_data.clob_market_ws: CLOB market subscribed for tokens up=123618148435 down=753170991230
2026-04-10 01:05:01.489 [INFO] shared.state_publisher: state_publisher: client connected from 100.100.100.103:50503
[2m2026-04-10 01:05:04.057 [INFO] __main__: STATUS t=296s delta=0.0197% dir=up agree=True chain=71876.07 bin=71871.97 open=71861.92 obi=0.5397 ask_up=0.60 ask_dn=0.41 bid_up=0.59 bid_dn=0.40 halted=False[0m
[2m2026-04-10 01:05:34.175 [INFO] __main__: STATUS t=266s delta=0.0502% dir=up agree=True chain=71897.96 bin=71898.01 open=71861.92 obi=-0.4309 ask_up=0.66 ask_dn=0.35 bid_up=0.65 bid_dn=0.34 halted=False[0m
2026-04-10 01:05:40.200 [INFO] shared.state_publisher: state_publisher: pruned 1 dead client(s), 0 active
2026-04-10 01:05:50.238 [INFO] strategy.momentum_signal: signal_eval rank=1 side=down latest_pct=0.0502 stddev=0.0039 n=120 min_delta=0.07 max_var=0.050
[37m2026-04-10 01:05:50.238 [INFO] strategy.momentum_signal: [SKIP] rank=1 side=down reason=conditions_not_met latest_pct=0.0502 need=<=-0.07 stddev=0.0039 max_var=0.050[0m
2026-04-10 01:05:57.511 [INFO] shared.state_publisher: state_publisher: client connected from 100.100.100.103:17810
[2m2026-04-10 01:06:04.299 [INFO] __main__: STATUS t=236s delta=0.0280% dir=up agree=True chain=71882.01 bin=71881.25 open=71861.92 obi=-0.9983 ask_up=0.58 ask_dn=0.45 bid_up=0.55 bid_dn=0.42 halted=False[0m
[2m2026-04-10 01:06:34.423 [INFO] __main__: STATUS t=206s delta=-0.0008% dir=down agree=True chain=71861.38 bin=71859.17 open=71861.92 obi=0.8300 ask_up=0.56 ask_dn=0.45 bid_up=0.55 bid_dn=0.44 halted=False[0m
2026-04-10 01:06:46.720 [INFO] shared.state_publisher: state_publisher: pruned 1 dead client(s), 0 active
2026-04-10 01:07:03.825 [INFO] shared.state_publisher: state_publisher: client connected from 100.100.100.103:17698
[2m2026-04-10 01:07:04.543 [INFO] __main__: STATUS t=175s delta=0.0291% dir=up agree=True chain=71882.86 bin=71875.05 open=71861.92 obi=0.9911 ask_up=0.74 ask_dn=0.27 bid_up=0.73 bid_dn=0.26 halted=False[0m
[2m2026-04-10 01:07:34.675 [INFO] __main__: STATUS t=145s delta=0.0035% dir=up agree=False chain=71864.40 bin=71860.63 open=71861.92 obi=-0.9955 ask_up=0.56 ask_dn=0.45 bid_up=0.55 bid_dn=0.44 halted=False[0m
[2m2026-04-10 01:08:04.802 [INFO] __main__: STATUS t=115s delta=-0.0381% dir=down agree=True chain=71834.51 bin=71823.33 open=71861.92 obi=-0.0180 ask_up=0.37 ask_dn=0.64 bid_up=0.36 bid_dn=0.63 halted=False[0m
[2m2026-04-10 01:08:34.937 [INFO] __main__: STATUS t=85s delta=-0.0032% dir=down agree=False chain=71859.63 bin=71869.53 open=71861.92 obi=0.5936 ask_up=0.74 ask_dn=0.27 bid_up=0.73 bid_dn=0.26 halted=False[0m
2026-04-10 01:08:39.707 [INFO] shared.state_publisher: state_publisher: pruned 1 dead client(s), 0 active
2026-04-10 01:08:53.079 [INFO] shared.state_publisher: state_publisher: client connected from 100.100.100.103:21093
[2m2026-04-10 01:09:05.072 [INFO] __main__: STATUS t=55s delta=0.0899% dir=up agree=True chain=71926.52 bin=71910.93 open=71861.92 obi=-0.1775 ask_up=0.91 ask_dn=0.10 bid_up=0.90 bid_dn=0.09 halted=False[0m
[2m2026-04-10 01:09:35.201 [INFO] __main__: STATUS t=25s delta=0.0898% dir=up agree=True chain=71926.45 bin=71919.40 open=71861.92 obi=-0.5813 ask_up=0.94 ask_dn=0.07 bid_up=0.93 bid_dn=0.06 halted=False[0m
[37m2026-04-10 01:10:00.058 [INFO] execution.paper_trading: paper window_ts=1775783100 [SKIP] pnl=0.0000 direction=up outcome=up - balance=$1000.23 bid_up=0.99 ask_up=1.00 bid_dn=0.01 ask_dn=0.01[0m
[93m[1m2026-04-10 01:10:00.059 [INFO] risk.position_tracker: WINDOW_SUMMARY window_pnl=$0.0000 session_pnl=$-1.4755 won=$0.6045 lost=$2.0800 wr=66.7% (2/3) consec_losses=0[0m
[96m2026-04-10 01:10:00.062 [INFO] strategy.window_handler: REGIME chop_detected flips=8 delta_range=0.1915% avg_flips=4.3 over=6_windows[0m
[37m2026-04-10 01:10:00.068 [INFO] strategy.window_handler: WINDOW_DECISION [SKIP] rank=1 side=down pnl=$0.0000 entry=0.00 size=$0.00 (conditions not met)[0m
[96m[1m2026-04-10 01:10:00.069 [INFO] strategy.window_tracker: new window: btc-updown-5m-1775783400 (ts=1775783400)[0m
[96m2026-04-10 01:10:00.158 [INFO] strategy.window_handler: REGIME vol_stddev=0.129% chop_flips=4.3 outcome=5U/1D over 6w sprt=dormant llr=0.00 age=5w bankroll=$849.07[0m
[96m2026-04-10 01:10:00.158 [INFO] strategy.window_handler: KELLY wr_adj=76.4% base=88.6% total_disc=9.1% vol=14.3% chop=19.0% outcome=76.2% feedback=+0.0%[0m
[96m2026-04-10 01:10:00.169 [INFO] __main__: window open price captured: 71960.53 (tier 0 — oracle boundary, oracle_age=2000ms)[0m
[96m2026-04-10 01:10:00.174 [INFO] __main__: window open price captured: 71959.20 (binance)[0m
2026-04-10 01:10:00.180 [INFO] strategy.momentum_signal: momentum_signal: waiting for full market data
2026-04-10 01:10:01.055 [INFO] market_data.clob_market_ws: CLOB market subscribed for tokens up=277462430317 down=199466512898
[2m2026-04-10 01:10:05.209 [INFO] __main__: STATUS t=295s delta=0.0477% dir=up agree=True chain=71994.88 bin=71999.99 open=71960.53 obi=-0.8001 ask_up=0.69 ask_dn=0.34 bid_up=0.66 bid_dn=0.31 halted=False[0m
[2m2026-04-10 01:10:35.337 [INFO] __main__: STATUS t=265s delta=0.0502% dir=up agree=True chain=71996.64 bin=71994.26 open=71960.53 obi=-0.7009 ask_up=0.65 ask_dn=0.36 bid_up=0.64 bid_dn=0.35 halted=False[0m
2026-04-10 01:10:50.152 [INFO] strategy.momentum_signal: signal_eval rank=1 side=down latest_pct=-0.0318 stddev=0.0297 n=120 min_delta=0.07 max_var=0.050
[37m2026-04-10 01:10:50.152 [INFO] strategy.momentum_signal: [SKIP] rank=1 side=down reason=conditions_not_met latest_pct=-0.0318 need=<=-0.07 stddev=0.0297 max_var=0.050[0m
[2m2026-04-10 01:11:05.468 [INFO] __main__: STATUS t=235s delta=-0.0019% dir=down agree=True chain=71959.18 bin=71955.65 open=71960.53 obi=0.3475 ask_up=0.54 ask_dn=0.47 bid_up=0.53 bid_dn=0.46 halted=False[0m
[2m2026-04-10 01:11:35.591 [INFO] __main__: STATUS t=204s delta=0.0243% dir=up agree=True chain=71978.02 bin=71975.35 open=71960.53 obi=-0.4208 ask_up=0.62 ask_dn=0.39 bid_up=0.61 bid_dn=0.38 halted=False[0m
2026-04-10 01:11:36.094 [INFO] shared.state_publisher: state_publisher: pruned 1 dead client(s), 0 active
2026-04-10 01:11:53.005 [INFO] shared.state_publisher: state_publisher: client connected from 100.100.100.103:54454
[2m2026-04-10 01:12:05.762 [INFO] __main__: STATUS t=174s delta=0.0968% dir=up agree=True chain=72030.18 bin=72028.16 open=71960.53 obi=-0.6295 ask_up=0.92 ask_dn=0.11 bid_up=0.89 bid_dn=0.08 halted=False[0m
2026-04-10 01:12:30.120 [INFO] shared.state_publisher: state_publisher: pruned 1 dead client(s), 0 active
[2m2026-04-10 01:12:35.893 [INFO] __main__: STATUS t=144s delta=0.1656% dir=up agree=True chain=72079.70 bin=72078.28 open=71960.53 obi=-0.6645 ask_up=0.96 ask_dn=0.05 bid_up=0.95 bid_dn=0.04 halted=False[0m
2026-04-10 01:12:45.033 [INFO] shared.state_publisher: state_publisher: client connected from 100.100.100.103:61134
[2m2026-04-10 01:13:06.028 [INFO] __main__: STATUS t=114s delta=0.1400% dir=up agree=True chain=72061.25 bin=72047.41 open=71960.53 obi=0.1270 ask_up=0.94 ask_dn=0.07 bid_up=0.93 bid_dn=0.06 halted=False[0m
2026-04-10 01:13:22.851 [INFO] shared.state_publisher: state_publisher: pruned 1 dead client(s), 0 active
[2m2026-04-10 01:13:36.151 [INFO] __main__: STATUS t=84s delta=0.1298% dir=up agree=True chain=72053.92 bin=72043.65 open=71960.53 obi=-0.3050 ask_up=0.95 ask_dn=0.06 bid_up=0.94 bid_dn=0.05 halted=False[0m
2026-04-10 01:13:46.013 [INFO] shared.state_publisher: state_publisher: client connected from 100.100.100.103:61147
[2m2026-04-10 01:14:06.324 [INFO] __main__: STATUS t=54s delta=0.1332% dir=up agree=True chain=72056.34 bin=72052.01 open=71960.53 obi=-0.0230 ask_up=0.99 ask_dn=0.01 bid_up=0.98 bid_dn=0.01 halted=False[0m
[2m2026-04-10 01:14:36.453 [INFO] __main__: STATUS t=24s delta=0.0697% dir=up agree=True chain=72010.70 bin=72006.00 open=71960.53 obi=0.3443 ask_up=0.98 ask_dn=0.03 bid_up=0.97 bid_dn=0.02 halted=False[0m
[37m2026-04-10 01:15:00.054 [INFO] execution.paper_trading: paper window_ts=1775783400 [SKIP] pnl=0.0000 direction=up outcome=up - balance=$1000.23 bid_up=1.00 ask_up=1.00 bid_dn=0.01 ask_dn=0.00[0m
[93m[1m2026-04-10 01:15:00.054 [INFO] risk.position_tracker: WINDOW_SUMMARY window_pnl=$0.0000 session_pnl=$-1.4755 won=$0.6045 lost=$2.0800 wr=66.7% (2/3) consec_losses=0[0m
[96m2026-04-10 01:15:00.057 [INFO] strategy.window_handler: REGIME chop_detected flips=4 delta_range=0.2014% avg_flips=4.0 over=6_windows[0m
[37m2026-04-10 01:15:00.064 [INFO] strategy.window_handler: WINDOW_DECISION [SKIP] rank=1 side=down pnl=$0.0000 entry=0.00 size=$0.00 (conditions not met)[0m
[96m[1m2026-04-10 01:15:00.064 [INFO] strategy.window_tracker: new window: btc-updown-5m-1775783700 (ts=1775783700)[0m
[96m2026-04-10 01:15:00.141 [INFO] strategy.window_handler: REGIME vol_stddev=0.123% chop_flips=4.0 outcome=5U/1D over 6w sprt=dormant llr=0.00 age=6w bankroll=$849.07[0m
[96m2026-04-10 01:15:00.141 [INFO] strategy.window_handler: KELLY wr_adj=76.4% base=88.6% total_disc=9.1% vol=11.6% chop=14.3% outcome=76.2% feedback=+0.0%[0m
[96m2026-04-10 01:15:00.142 [INFO] __main__: window open price captured: 72002.57 (tier 0 — oracle boundary, oracle_age=2000ms)[0m
[96m2026-04-10 01:15:00.142 [INFO] __main__: window open price captured: 72000.00 (binance)[0m
2026-04-10 01:15:00.143 [INFO] strategy.momentum_signal: momentum_signal: waiting for full market data
2026-04-10 01:15:00.246 [INFO] market_data.clob_market_ws: CLOB market subscribed for tokens up=945531223899 down=297278832207
[2m2026-04-10 01:15:06.689 [INFO] __main__: STATUS t=293s delta=0.0009% dir=up agree=False chain=72003.25 bin=71999.99 open=72002.57 obi=0.9724 ask_up=0.51 ask_dn=0.50 bid_up=0.50 bid_dn=0.49 halted=False[0m
[2m2026-04-10 01:15:36.812 [INFO] __main__: STATUS t=263s delta=0.0295% dir=up agree=True chain=72023.84 bin=72023.79 open=72002.57 obi=0.9994 ask_up=0.68 ask_dn=0.33 bid_up=0.67 bid_dn=0.32 halted=False[0m
2026-04-10 01:15:50.118 [INFO] strategy.momentum_signal: signal_eval rank=1 side=down latest_pct=0.0434 stddev=0.0170 n=119 min_delta=0.07 max_var=0.050
[37m2026-04-10 01:15:50.119 [INFO] strategy.momentum_signal: [SKIP] rank=1 side=down reason=conditions_not_met latest_pct=0.0434 need=<=-0.07 stddev=0.0170 max_var=0.050[0m
2026-04-10 01:16:05.184 [INFO] shared.state_publisher: state_publisher: pruned 1 dead client(s), 0 active
[2m2026-04-10 01:16:06.941 [INFO] __main__: STATUS t=233s delta=0.0629% dir=up agree=True chain=72047.83 bin=72024.03 open=72002.57 obi=-0.9991 ask_up=0.65 ask_dn=0.36 bid_up=0.64 bid_dn=0.35 halted=False[0m
2026-04-10 01:16:33.338 [INFO] shared.state_publisher: state_publisher: client connected from 100.100.100.103:39773
[2m2026-04-10 01:16:37.066 [INFO] __main__: STATUS t=203s delta=0.0307% dir=up agree=True chain=72024.69 bin=72015.96 open=72002.57 obi=-0.6227 ask_up=0.59 ask_dn=0.42 bid_up=0.58 bid_dn=0.41 halted=False[0m
[2m2026-04-10 01:17:07.201 [INFO] __main__: STATUS t=173s delta=0.0122% dir=up agree=True chain=72011.35 bin=72007.25 open=72002.57 obi=-0.1760 ask_up=0.57 ask_dn=0.44 bid_up=0.56 bid_dn=0.43 halted=False[0m
[2m2026-04-10 01:17:37.329 [INFO] __main__: STATUS t=143s delta=-0.0086% dir=down agree=True chain=71996.38 bin=71990.31 open=72002.57 obi=0.9944 ask_up=0.53 ask_dn=0.48 bid_up=0.52 bid_dn=0.47 halted=False[0m
[2m2026-04-10 01:18:07.456 [INFO] __main__: STATUS t=113s delta=-0.0504% dir=down agree=True chain=71966.31 bin=71960.85 open=72002.57 obi=0.7121 ask_up=0.30 ask_dn=0.72 bid_up=0.28 bid_dn=0.70 halted=False[0m
[2m2026-04-10 01:18:37.571 [INFO] __main__: STATUS t=82s delta=-0.0396% dir=down agree=True chain=71974.07 bin=71974.16 open=72002.57 obi=0.9968 ask_up=0.99 ask_dn=0.99 bid_up=0.01 bid_dn=0.01 halted=False[0m
2026-04-10 01:18:56.730 [INFO] shared.ipc: IPC: received authenticated signal_update (summary=signals_summary_1775783936.json)
2026-04-10 01:18:56.730 [INFO] __main__: received new signal from orchestrator: rank=1 side=Down
[2m2026-04-10 01:19:07.706 [INFO] __main__: STATUS t=52s delta=-0.0415% dir=down agree=True chain=71972.68 bin=71970.18 open=72002.57 obi=-0.3962 ask_up=0.21 ask_dn=0.80 bid_up=0.20 bid_dn=0.79 halted=False[0m
2026-04-10 01:19:13.482 [INFO] shared.state_publisher: state_publisher: pruned 1 dead client(s), 0 active
[2m2026-04-10 01:19:37.822 [INFO] __main__: STATUS t=22s delta=0.0253% dir=up agree=True chain=72020.75 bin=72023.12 open=72002.57 obi=0.9902 ask_up=0.99 ask_dn=0.99 bid_up=0.01 bid_dn=0.01 halted=False[0m
2026-04-10 01:19:39.754 [INFO] shared.state_publisher: state_publisher: client connected from 100.100.100.103:2746
[37m2026-04-10 01:20:00.168 [INFO] execution.paper_trading: paper window_ts=1775783700 [SKIP] pnl=0.0000 direction=up outcome=up - balance=$1000.23 bid_up=0.97 ask_up=0.98 bid_dn=0.02 ask_dn=0.03[0m
[93m[1m2026-04-10 01:20:00.168 [INFO] risk.position_tracker: WINDOW_SUMMARY window_pnl=$0.0000 session_pnl=$-1.4755 won=$0.6045 lost=$2.0800 wr=66.7% (2/3) consec_losses=0[0m
[96m2026-04-10 01:20:00.170 [INFO] strategy.window_handler: REGIME chop_detected flips=11 delta_range=0.1289% avg_flips=5.5 over=6_windows[0m
[37m2026-04-10 01:20:00.174 [INFO] strategy.window_handler: WINDOW_DECISION [SKIP] rank=1 side=down pnl=$0.0000 entry=0.00 size=$0.00 (conditions not met)[0m
[95m2026-04-10 01:20:00.175 [INFO] strategy.window_handler: Signal refreshed (same pattern): down_280.0_250.0_0.07_0.05 — rank 1->1, keeping SPRT state (age=7w, trades=0, LLR=0.00)[0m
2026-04-10 01:20:00.175 [INFO] strategy.window_handler: SIGNAL_SWAP_ACTIVE: {"rank":1,"side":"down","observeFromS":280.0,"observeToS":250.0,"minDeltaPct":0.07,"maxVariancePct":0.05,"trainWinRatePct":94.59,"oosWinRatePct":88.24,"oosBhAdjustedPValue":6.82099e-09,"oosMatches":34,"avgEntryPrice":0.7644,"evPerTrade":0.0879,"smartScore":24.17,"wfFoldsAppeared":5,"wfTotalTestFolds":6,"wfFoldIndices":[3,4,5,6,7]}
2026-04-10 01:20:00.175 [INFO] strategy.window_handler: switched to new signal: #1 down (previous: #1 down)
[96m[1m2026-04-10 01:20:00.175 [INFO] strategy.window_tracker: new window: btc-updown-5m-1775784000 (ts=1775784000)[0m
[96m2026-04-10 01:20:00.282 [INFO] strategy.window_handler: REGIME vol_stddev=0.118% chop_flips=5.5 outcome=5U/1D over 6w sprt=dormant llr=0.00 age=7w bankroll=$849.07[0m
[96m2026-04-10 01:20:00.282 [INFO] strategy.window_handler: KELLY wr_adj=76.1% base=88.2% total_disc=9.1% vol=9.0% chop=35.7% outcome=76.2% feedback=+0.0%[0m
[96m2026-04-10 01:20:00.283 [INFO] __main__: window open price captured: 72016.64 (tier 0 — oracle boundary, oracle_age=2000ms)[0m
[96m2026-04-10 01:20:00.283 [INFO] __main__: window open price captured: 72012.89 (binance)[0m
2026-04-10 01:20:00.284 [INFO] strategy.momentum_signal: momentum_signal: waiting for full market data
2026-04-10 01:20:00.433 [INFO] market_data.clob_market_ws: CLOB market subscribed for tokens up=247045293989 down=109046561891
[2m2026-04-10 01:20:07.830 [INFO] __main__: STATUS t=292s delta=0.0005% dir=up agree=False chain=72017.02 bin=72012.89 open=72016.64 obi=-0.3230 ask_up=0.50 ask_dn=0.51 bid_up=0.49 bid_dn=0.50 halted=False[0m
[2m2026-04-10 01:20:37.960 [INFO] __main__: STATUS t=262s delta=-0.0474% dir=down agree=True chain=71982.53 bin=71978.01 open=72016.64 obi=0.5689 ask_up=0.35 ask_dn=0.66 bid_up=0.34 bid_dn=0.65 halted=False[0m
2026-04-10 01:20:50.008 [INFO] strategy.momentum_signal: signal_eval rank=1 side=down latest_pct=-0.0689 stddev=0.0091 n=119 min_delta=0.07 max_var=0.050
[37m2026-04-10 01:20:50.008 [INFO] strategy.momentum_signal: [SKIP] rank=1 side=down reason=conditions_not_met latest_pct=-0.0689 need=<=-0.07 stddev=0.0091 max_var=0.050[0m
[2m2026-04-10 01:21:08.112 [INFO] __main__: STATUS t=232s delta=-0.1066% dir=down agree=True chain=71939.88 bin=71935.19 open=72016.64 obi=-0.7538 ask_up=0.21 ask_dn=0.80 bid_up=0.20 bid_dn=0.79 halted=False[0m
[2m2026-04-10 01:21:38.240 [INFO] __main__: STATUS t=202s delta=-0.1399% dir=down agree=True chain=71915.89 bin=71913.61 open=72016.64 obi=-0.1701 ask_up=0.23 ask_dn=0.79 bid_up=0.21 bid_dn=0.77 halted=False[0m
[2m2026-04-10 01:22:08.370 [INFO] __main__: STATUS t=172s delta=-0.2548% dir=down agree=True chain=71833.14 bin=71827.53 open=72016.64 obi=0.0217 ask_up=0.05 ask_dn=0.96 bid_up=0.04 bid_dn=0.95 halted=False[0m
[2m2026-04-10 01:22:38.507 [INFO] __main__: STATUS t=141s delta=-0.4299% dir=down agree=True chain=71707.08 bin=71711.79 open=72016.64 obi=0.7793 ask_up=0.01 ask_dn=1.00 bid_up=0.01 bid_dn=0.99 halted=False[0m
[2m2026-04-10 01:23:08.645 [INFO] __main__: STATUS t=111s delta=-0.3031% dir=down agree=True chain=71798.36 bin=71841.39 open=72016.64 obi=-0.9242 ask_up=0.02 ask_dn=0.99 bid_up=0.01 bid_dn=0.98 halted=False[0m
[2m2026-04-10 01:23:38.789 [INFO] __main__: STATUS t=81s delta=-0.2525% dir=down agree=True chain=71834.82 bin=71825.90 open=72016.64 obi=0.2435 ask_up=0.03 ask_dn=0.98 bid_up=0.02 bid_dn=0.97 halted=False[0m
2026-04-10 01:23:58.131 [INFO] shared.state_publisher: state_publisher: pruned 1 dead client(s), 0 active
[2m2026-04-10 01:24:08.938 [INFO] __main__: STATUS t=51s delta=-0.2265% dir=down agree=True chain=71853.56 bin=71847.76 open=72016.64 obi=0.0882 ask_up=0.02 ask_dn=0.99 bid_up=0.01 bid_dn=0.98 halted=False[0m
2026-04-10 01:24:17.431 [INFO] shared.state_publisher: state_publisher: client connected from 100.100.100.103:25880
[2m2026-04-10 01:24:39.076 [INFO] __main__: STATUS t=21s delta=-0.2204% dir=down agree=True chain=71857.90 bin=71850.00 open=72016.64 obi=-0.5535 ask_up=0.01 ask_dn=1.00 bid_up=0.00 bid_dn=0.99 halted=False[0m
[37m2026-04-10 01:25:00.169 [INFO] execution.paper_trading: paper window_ts=1775784000 [SKIP] pnl=0.0000 direction=down outcome=down - balance=$1000.23 bid_up=0.00 ask_up=0.00 bid_dn=1.00 ask_dn=1.00[0m
[93m[1m2026-04-10 01:25:00.169 [INFO] risk.position_tracker: WINDOW_SUMMARY window_pnl=$0.0000 session_pnl=$-1.4755 won=$0.6045 lost=$2.0800 wr=66.7% (2/3) consec_losses=0[0m
[96m2026-04-10 01:25:00.171 [INFO] strategy.window_handler: REGIME chop_detected flips=4 delta_range=0.4642% avg_flips=5.2 over=6_windows[0m
[37m2026-04-10 01:25:00.175 [INFO] strategy.window_handler: WINDOW_DECISION [SKIP] rank=1 side=down pnl=$0.0000 entry=0.00 size=$0.00 (conditions not met)[0m
[96m[1m2026-04-10 01:25:00.175 [INFO] strategy.window_tracker: new window: btc-updown-5m-1775784300 (ts=1775784300)[0m
[96m2026-04-10 01:25:00.231 [INFO] strategy.window_handler: REGIME vol_stddev=0.129% chop_flips=5.2 outcome=4U/2D over 6w sprt=dormant llr=0.00 age=8w bankroll=$849.07[0m
[96m2026-04-10 01:25:00.231 [INFO] strategy.window_handler: KELLY wr_adj=80.7% base=88.2% total_disc=4.6% vol=14.5% chop=31.0% outcome=38.1% feedback=+0.0%[0m
[96m2026-04-10 01:25:00.232 [INFO] __main__: window open price captured: 71865.18 (tier 0 — oracle boundary, oracle_age=1000ms)[0m
[96m2026-04-10 01:25:00.232 [INFO] __main__: window open price captured: 71857.99 (binance)[0m
2026-04-10 01:25:00.233 [INFO] strategy.momentum_signal: momentum_signal: waiting for full market data
2026-04-10 01:25:00.637 [INFO] market_data.clob_market_ws: CLOB market subscribed for tokens up=496958300345 down=150070086161
[2m2026-04-10 01:25:09.278 [INFO] __main__: STATUS t=291s delta=0.0022% dir=up agree=False chain=71866.78 bin=71858.54 open=71865.18 obi=-0.0893 ask_up=0.55 ask_dn=0.46 bid_up=0.54 bid_dn=0.45 halted=False[0m
2026-04-10 01:25:27.105 [INFO] shared.state_publisher: state_publisher: pruned 1 dead client(s), 0 active
[2m2026-04-10 01:25:39.402 [INFO] __main__: STATUS t=261s delta=0.0453% dir=up agree=True chain=71897.77 bin=71897.63 open=71865.18 obi=0.2052 ask_up=0.70 ask_dn=0.31 bid_up=0.69 bid_dn=0.30 halted=False[0m
2026-04-10 01:25:50.193 [INFO] strategy.momentum_signal: signal_eval rank=1 side=down latest_pct=0.0484 stddev=0.0056 n=120 min_delta=0.07 max_var=0.050
[37m2026-04-10 01:25:50.193 [INFO] strategy.momentum_signal: [SKIP] rank=1 side=down reason=conditions_not_met latest_pct=0.0484 need=<=-0.07 stddev=0.0056 max_var=0.050[0m
2026-04-10 01:25:51.542 [INFO] shared.state_publisher: state_publisher: client connected from 100.100.100.103:46744
[2m2026-04-10 01:26:09.547 [INFO] __main__: STATUS t=230s delta=0.0285% dir=up agree=True chain=71885.68 bin=71876.00 open=71865.18 obi=-0.7670 ask_up=0.58 ask_dn=0.43 bid_up=0.57 bid_dn=0.42 halted=False[0m
[2m2026-04-10 01:26:39.669 [INFO] __main__: STATUS t=200s delta=0.0120% dir=up agree=True chain=71873.79 bin=71868.13 open=71865.18 obi=0.4587 ask_up=0.59 ask_dn=0.42 bid_up=0.58 bid_dn=0.41 halted=False[0m
2026-04-10 01:27:01.019 [INFO] shared.state_publisher: state_publisher: pruned 1 dead client(s), 0 active
2026-04-10 01:27:07.021 [INFO] shared.state_publisher: state_publisher: client connected from 100.100.100.103:43652
2026-04-10 01:27:09.306 [INFO] shared.state_publisher: state_publisher: pruned 1 dead client(s), 0 active
[2m2026-04-10 01:27:09.807 [INFO] __main__: STATUS t=170s delta=-0.0165% dir=down agree=True chain=71853.34 bin=71832.94 open=71865.18 obi=0.7576 ask_up=0.44 ask_dn=0.57 bid_up=0.43 bid_dn=0.56 halted=False[0m
2026-04-10 01:27:37.680 [INFO] shared.state_publisher: state_publisher: client connected from 100.100.100.103:43660
[2m2026-04-10 01:27:39.925 [INFO] __main__: STATUS t=140s delta=-0.0197% dir=down agree=True chain=71851.01 bin=71848.08 open=71865.18 obi=-0.0066 ask_up=0.58 ask_dn=0.43 bid_up=0.57 bid_dn=0.42 halted=False[0m
[2m2026-04-10 01:28:10.070 [INFO] __main__: STATUS t=110s delta=0.0243% dir=up agree=True chain=71882.64 bin=71877.58 open=71865.18 obi=-0.8024 ask_up=0.78 ask_dn=0.24 bid_up=0.76 bid_dn=0.22 halted=False[0m
[2m2026-04-10 01:28:40.190 [INFO] __main__: STATUS t=80s delta=-0.0001% dir=down agree=True chain=71865.15 bin=71857.00 open=71865.18 obi=0.8018 ask_up=0.74 ask_dn=0.27 bid_up=0.73 bid_dn=0.26 halted=False[0m
[2m2026-04-10 01:29:10.319 [INFO] __main__: STATUS t=50s delta=-0.0574% dir=down agree=True chain=71823.97 bin=71818.88 open=71865.18 obi=-0.9226 ask_up=0.35 ask_dn=0.66 bid_up=0.34 bid_dn=0.65 halted=False[0m
[2m2026-04-10 01:29:40.432 [INFO] __main__: STATUS t=20s delta=-0.0091% dir=down agree=True chain=71858.67 bin=71853.99 open=71865.18 obi=-0.8199 ask_up=0.64 ask_dn=0.37 bid_up=0.63 bid_dn=0.36 halted=False[0m
[37m2026-04-10 01:30:00.021 [INFO] execution.paper_trading: paper window_ts=1775784300 [SKIP] pnl=0.0000 direction=down outcome=down - balance=$1000.23 bid_up=0.99 ask_up=1.00 bid_dn=0.01 ask_dn=0.01[0m
[93m[1m2026-04-10 01:30:00.021 [INFO] risk.position_tracker: WINDOW_SUMMARY window_pnl=$0.0000 session_pnl=$-1.4755 won=$0.6045 lost=$2.0800 wr=66.7% (2/3) consec_losses=0[0m
[96m2026-04-10 01:30:00.027 [INFO] strategy.window_handler: REGIME chop_detected flips=13 delta_range=0.1377% avg_flips=6.8 over=6_windows[0m
[37m2026-04-10 01:30:00.035 [INFO] strategy.window_handler: WINDOW_DECISION [SKIP] rank=1 side=down pnl=$0.0000 entry=0.00 size=$0.00 (conditions not met)[0m
[96m[1m2026-04-10 01:30:00.035 [INFO] strategy.window_tracker: new window: btc-updown-5m-1775784600 (ts=1775784600)[0m
[96m2026-04-10 01:30:00.174 [INFO] strategy.window_handler: REGIME vol_stddev=0.126% chop_flips=6.8 outcome=3U/3D over 6w sprt=dormant llr=0.00 age=9w bankroll=$849.07[0m
[96m2026-04-10 01:30:00.175 [INFO] strategy.window_handler: KELLY wr_adj=78.7% base=88.2% total_disc=6.6% vol=13.1% chop=54.8% outcome=0.0% feedback=+0.0%[0m
[96m2026-04-10 01:30:00.175 [INFO] __main__: window open price captured: 71874.02 (tier 0 — oracle boundary, oracle_age=2000ms)[0m
[96m2026-04-10 01:30:00.176 [INFO] __main__: window open price captured: 71879.36 (binance)[0m
2026-04-10 01:30:00.193 [INFO] strategy.momentum_signal: momentum_signal: waiting for full market data
2026-04-10 01:30:00.824 [INFO] market_data.clob_market_ws: CLOB market subscribed for tokens up=374777028899 down=159714284269
[2m2026-04-10 01:30:10.529 [INFO] __main__: STATUS t=289s delta=0.0001% dir=up agree=False chain=71874.06 bin=71862.17 open=71874.02 obi=0.1333 ask_up=0.43 ask_dn=0.58 bid_up=0.42 bid_dn=0.57 halted=False[0m
[2m2026-04-10 01:30:40.660 [INFO] __main__: STATUS t=259s delta=0.0674% dir=up agree=True chain=71922.43 bin=71918.63 open=71874.02 obi=0.9217 ask_up=0.68 ask_dn=0.33 bid_up=0.67 bid_dn=0.32 halted=False[0m
2026-04-10 01:30:50.198 [INFO] strategy.momentum_signal: signal_eval rank=1 side=down latest_pct=0.0553 stddev=0.0119 n=120 min_delta=0.07 max_var=0.050
[37m2026-04-10 01:30:50.198 [INFO] strategy.momentum_signal: [SKIP] rank=1 side=down reason=conditions_not_met latest_pct=0.0553 need=<=-0.07 stddev=0.0119 max_var=0.050[0m
[2m2026-04-10 01:31:10.790 [INFO] __main__: STATUS t=229s delta=0.0667% dir=up agree=True chain=71921.95 bin=71906.09 open=71874.02 obi=0.1049 ask_up=0.63 ask_dn=0.38 bid_up=0.62 bid_dn=0.37 halted=False[0m
[2m2026-04-10 01:31:40.922 [INFO] __main__: STATUS t=199s delta=0.0908% dir=up agree=True chain=71939.29 bin=71937.70 open=71874.02 obi=-0.3834 ask_up=0.99 ask_dn=0.99 bid_up=0.01 bid_dn=0.01 halted=False[0m
2026-04-10 01:31:56.233 [INFO] shared.state_publisher: state_publisher: pruned 1 dead client(s), 0 active
[2m2026-04-10 01:32:11.039 [INFO] __main__: STATUS t=169s delta=0.0662% dir=up agree=True chain=71921.63 bin=71924.40 open=71874.02 obi=-0.0971 ask_up=0.75 ask_dn=0.26 bid_up=0.74 bid_dn=0.25 halted=False[0m
2026-04-10 01:32:19.862 [INFO] shared.state_publisher: state_publisher: client connected from 100.100.100.103:20451
[2m2026-04-10 01:32:41.171 [INFO] __main__: STATUS t=139s delta=0.2179% dir=up agree=True chain=72030.64 bin=72019.00 open=71874.02 obi=0.8957 ask_up=0.97 ask_dn=0.04 bid_up=0.96 bid_dn=0.03 halted=False[0m
[2m2026-04-10 01:33:11.338 [INFO] __main__: STATUS t=109s delta=0.3048% dir=up agree=True chain=72093.10 bin=72093.95 open=71874.02 obi=0.7390 ask_up=0.99 ask_dn=0.02 bid_up=0.98 bid_dn=0.01 halted=False[0m
[2m2026-04-10 01:33:41.474 [INFO] __main__: STATUS t=79s delta=0.4254% dir=up agree=True chain=72179.77 bin=72160.15 open=71874.02 obi=-0.6926 ask_up=1.00 ask_dn=0.01 bid_up=0.99 bid_dn=0.01 halted=False[0m
2026-04-10 01:34:10.472 [INFO] shared.ipc: IPC: received authenticated signal_update (summary=signals_summary_1775784850.json)
2026-04-10 01:34:10.472 [INFO] __main__: received new signal from orchestrator: rank=1 side=Down
[2m2026-04-10 01:34:11.620 [INFO] __main__: STATUS t=48s delta=0.3483% dir=up agree=True chain=72124.32 bin=72122.00 open=71874.02 obi=0.9058 ask_up=1.00 ask_dn=0.01 bid_up=0.99 bid_dn=0.01 halted=False[0m
2026-04-10 01:34:18.654 [INFO] shared.state_publisher: state_publisher: pruned 1 dead client(s), 0 active
[2m2026-04-10 01:34:41.762 [INFO] __main__: STATUS t=18s delta=0.3925% dir=up agree=True chain=72156.15 bin=72153.52 open=71874.02 obi=-0.9470 ask_up=1.00 ask_dn=0.01 bid_up=0.99 bid_dn=0.01 halted=False[0m
[37m2026-04-10 01:35:00.089 [INFO] execution.paper_trading: paper window_ts=1775784600 [SKIP] pnl=0.0000 direction=up outcome=up - balance=$1000.23 bid_up=0.99 ask_up=1.00 bid_dn=0.01 ask_dn=0.01[0m
[93m[1m2026-04-10 01:35:00.090 [INFO] risk.position_tracker: WINDOW_SUMMARY window_pnl=$0.0000 session_pnl=$-1.4755 won=$0.6045 lost=$2.0800 wr=66.7% (2/3) consec_losses=0[0m
[37m2026-04-10 01:35:00.096 [INFO] strategy.window_handler: WINDOW_DECISION [SKIP] rank=1 side=down pnl=$0.0000 entry=0.00 size=$0.00 (conditions not met)[0m
[95m2026-04-10 01:35:00.101 [INFO] strategy.window_handler: Signal refreshed (same pattern): down_280.0_250.0_0.07_0.05 — rank 1->1, keeping SPRT state (age=10w, trades=0, LLR=0.00)[0m
2026-04-10 01:35:00.101 [INFO] strategy.window_handler: SIGNAL_SWAP_ACTIVE: {"rank":1,"side":"down","observeFromS":280.0,"observeToS":250.0,"minDeltaPct":0.07,"maxVariancePct":0.05,"trainWinRatePct":94.59,"oosWinRatePct":87.88,"oosBhAdjustedPValue":5.28266e-09,"oosMatches":33,"avgEntryPrice":0.7633,"evPerTrade":0.0855,"smartScore":22.32,"wfFoldsAppeared":5,"wfTotalTestFolds":6,"wfFoldIndices":[3,4,5,6,7]}
2026-04-10 01:35:00.101 [INFO] strategy.window_handler: switched to new signal: #1 down (previous: #1 down)
[96m[1m2026-04-10 01:35:00.102 [INFO] strategy.window_tracker: new window: btc-updown-5m-1775784900 (ts=1775784900)[0m
[96m2026-04-10 01:35:00.175 [INFO] strategy.window_handler: REGIME vol_stddev=0.176% chop_flips=7.0 outcome=4U/2D over 6w sprt=dormant llr=0.00 age=10w bankroll=$849.07[0m
[96m2026-04-10 01:35:00.175 [INFO] strategy.window_handler: KELLY wr_adj=78.0% base=87.9% total_disc=6.9% vol=38.2% chop=57.1% outcome=38.1% feedback=+0.0%[0m
[96m2026-04-10 01:35:00.175 [INFO] __main__: window open price captured: 72175.41 (tier 0 — oracle boundary, oracle_age=1000ms)[0m
[96m2026-04-10 01:35:00.176 [INFO] __main__: window open price captured: 72173.48 (binance)[0m
2026-04-10 01:35:00.177 [INFO] strategy.momentum_signal: momentum_signal: waiting for full market data
2026-04-10 01:35:01.046 [INFO] market_data.clob_market_ws: CLOB market subscribed for tokens up=313107206409 down=707460906221
2026-04-10 01:35:10.102 [INFO] shared.state_publisher: state_publisher: client connected from 100.100.100.103:37679
[2m2026-04-10 01:35:11.974 [INFO] __main__: STATUS t=288s delta=0.0330% dir=up agree=True chain=72199.19 bin=72196.01 open=72175.41 obi=-0.3602 ask_up=0.48 ask_dn=0.53 bid_up=0.47 bid_dn=0.52 halted=False[0m
[2m2026-04-10 01:35:42.091 [INFO] __main__: STATUS t=258s delta=0.0364% dir=up agree=True chain=72201.66 bin=72184.28 open=72175.41 obi=-0.0576 ask_up=0.50 ask_dn=0.51 bid_up=0.49 bid_dn=0.50 halted=False[0m
2026-04-10 01:35:50.125 [INFO] strategy.momentum_signal: signal_eval rank=1 side=down latest_pct=0.0000 stddev=0.0128 n=120 min_delta=0.07 max_var=0.050
[37m2026-04-10 01:35:50.126 [INFO] strategy.momentum_signal: [SKIP] rank=1 side=down reason=conditions_not_met latest_pct=0.0000 need=<=-0.07 stddev=0.0128 max_var=0.050[0m
[2m2026-04-10 01:36:12.227 [INFO] __main__: STATUS t=228s delta=0.1122% dir=up agree=True chain=72256.38 bin=72241.61 open=72175.41 obi=-0.7775 ask_up=0.70 ask_dn=0.33 bid_up=0.67 bid_dn=0.30 halted=False[0m
[2m2026-04-10 01:36:42.350 [INFO] __main__: STATUS t=198s delta=0.0928% dir=up agree=True chain=72242.35 bin=72217.15 open=72175.41 obi=-0.3021 ask_up=0.62 ask_dn=0.40 bid_up=0.60 bid_dn=0.38 halted=False[0m
[2m2026-04-10 01:37:12.479 [INFO] __main__: STATUS t=168s delta=0.1688% dir=up agree=True chain=72297.20 bin=72318.64 open=72175.41 obi=-0.6829 ask_up=0.93 ask_dn=0.08 bid_up=0.92 bid_dn=0.07 halted=False[0m
[2m2026-04-10 01:37:42.611 [INFO] __main__: STATUS t=137s delta=0.1968% dir=up agree=True chain=72317.42 bin=72312.58 open=72175.41 obi=-0.6958 ask_up=0.94 ask_dn=0.07 bid_up=0.93 bid_dn=0.06 halted=False[0m
[2m2026-04-10 01:38:12.733 [INFO] __main__: STATUS t=107s delta=0.1918% dir=up agree=True chain=72313.81 bin=72296.00 open=72175.41 obi=-0.7295 ask_up=0.95 ask_dn=0.06 bid_up=0.94 bid_dn=0.05 halted=False[0m
[2m2026-04-10 01:38:42.864 [INFO] __main__: STATUS t=77s delta=0.2445% dir=up agree=True chain=72351.88 bin=72344.09 open=72175.41 obi=-0.8287 ask_up=0.99 ask_dn=0.02 bid_up=0.98 bid_dn=0.01 halted=False[0m
[2m2026-04-10 01:39:13.000 [INFO] __main__: STATUS t=47s delta=0.1969% dir=up agree=True chain=72317.52 bin=72312.52 open=72175.41 obi=0.1743 ask_up=0.99 ask_dn=0.02 bid_up=0.98 bid_dn=0.01 halted=False[0m
[2m2026-04-10 01:39:43.138 [INFO] __main__: STATUS t=17s delta=0.1940% dir=up agree=True chain=72315.41 bin=72300.00 open=72175.41 obi=-0.6606 ask_up=1.00 ask_dn=0.01 bid_up=0.99 bid_dn=0.01 halted=False[0m
2026-04-10 01:39:48.915 [INFO] shared.state_publisher: state_publisher: pruned 1 dead client(s), 0 active
[37m2026-04-10 01:40:00.215 [INFO] execution.paper_trading: paper window_ts=1775784900 [SKIP] pnl=0.0000 direction=up outcome=up - balance=$1000.23 bid_up=0.99 ask_up=1.00 bid_dn=0.01 ask_dn=0.01[0m
[93m[1m2026-04-10 01:40:00.216 [INFO] risk.position_tracker: WINDOW_SUMMARY window_pnl=$0.0000 session_pnl=$-1.4755 won=$0.6045 lost=$2.0800 wr=66.7% (2/3) consec_losses=0[0m
[37m2026-04-10 01:40:00.225 [INFO] strategy.window_handler: WINDOW_DECISION [SKIP] rank=1 side=down pnl=$0.0000 entry=0.00 size=$0.00 (conditions not met)[0m
[96m[1m2026-04-10 01:40:00.226 [INFO] strategy.window_tracker: new window: btc-updown-5m-1775785200 (ts=1775785200)[0m
2026-04-10 01:40:00.271 [INFO] market_data.clob_market_ws: CLOB market subscribed for tokens up=186558113634 down=977682632236
[96m2026-04-10 01:40:00.312 [INFO] strategy.window_handler: REGIME vol_stddev=0.175% chop_flips=6.0 outcome=4U/2D over 6w sprt=dormant llr=0.00 age=11w bankroll=$849.07[0m
[96m2026-04-10 01:40:00.312 [INFO] strategy.window_handler: KELLY wr_adj=79.7% base=87.9% total_disc=5.1% vol=37.6% chop=42.9% outcome=38.1% feedback=+0.0%[0m
[96m2026-04-10 01:40:00.314 [INFO] __main__: window open price captured: 72312.59 (tier 0 — oracle boundary, oracle_age=1000ms)[0m
[96m2026-04-10 01:40:00.315 [INFO] __main__: window open price captured: 72304.80 (binance)[0m
[2m2026-04-10 01:40:13.384 [INFO] __main__: STATUS t=287s delta=-0.0370% dir=down agree=True chain=72285.85 bin=72282.22 open=72312.59 obi=-0.6404 ask_up=0.39 ask_dn=0.62 bid_up=0.38 bid_dn=0.61 halted=False[0m
2026-04-10 01:40:30.599 [INFO] shared.state_publisher: state_publisher: client connected from 100.100.100.100:56625
[2m2026-04-10 01:40:43.502 [INFO] __main__: STATUS t=256s delta=0.0069% dir=up agree=True chain=72317.58 bin=72313.36 open=72312.59 obi=0.9948 ask_up=0.50 ask_dn=0.51 bid_up=0.49 bid_dn=0.50 halted=False[0m
2026-04-10 01:40:50.028 [INFO] strategy.momentum_signal: signal_eval rank=1 side=down latest_pct=0.0517 stddev=0.0313 n=119 min_delta=0.07 max_var=0.050
[37m2026-04-10 01:40:50.028 [INFO] strategy.momentum_signal: [SKIP] rank=1 side=down reason=conditions_not_met latest_pct=0.0517 need=<=-0.07 stddev=0.0313 max_var=0.050[0m
[2m2026-04-10 01:41:13.630 [INFO] __main__: STATUS t=226s delta=0.0106% dir=up agree=True chain=72320.27 bin=72314.53 open=72312.59 obi=-0.7652 ask_up=0.47 ask_dn=0.54 bid_up=0.46 bid_dn=0.53 halted=False[0m
[2m2026-04-10 01:41:43.751 [INFO] __main__: STATUS t=196s delta=0.0494% dir=up agree=True chain=72348.35 bin=72344.58 open=72312.59 obi=-0.1660 ask_up=0.63 ask_dn=0.38 bid_up=0.62 bid_dn=0.37 halted=False[0m
[2m2026-04-10 01:42:13.947 [INFO] __main__: STATUS t=166s delta=0.0201% dir=up agree=True chain=72327.13 bin=72356.12 open=72312.59 obi=0.3561 ask_up=0.69 ask_dn=0.34 bid_up=0.66 bid_dn=0.31 halted=False[0m
[2m2026-04-10 01:42:44.071 [INFO] __main__: STATUS t=136s delta=0.0791% dir=up agree=True chain=72369.79 bin=72378.75 open=72312.59 obi=0.5503 ask_up=0.60 ask_dn=0.48 bid_up=0.52 bid_dn=0.40 halted=False[0m
[2m2026-04-10 01:43:14.196 [INFO] __main__: STATUS t=106s delta=0.0990% dir=up agree=True chain=72384.22 bin=72368.62 open=72312.59 obi=-0.9941 ask_up=0.58 ask_dn=0.43 bid_up=0.57 bid_dn=0.42 halted=False[0m
[2m2026-04-10 01:43:44.324 [INFO] __main__: STATUS t=76s delta=0.0624% dir=up agree=True chain=72357.74 bin=72350.02 open=72312.59 obi=0.5939 ask_up=0.50 ask_dn=0.51 bid_up=0.49 bid_dn=0.50 halted=False[0m
[2m2026-04-10 01:44:14.480 [INFO] __main__: STATUS t=46s delta=0.0968% dir=up agree=True chain=72382.61 bin=72376.18 open=72312.59 obi=0.1325 ask_up=0.83 ask_dn=0.19 bid_up=0.81 bid_dn=0.17 halted=False[0m
[2m2026-04-10 01:44:44.611 [INFO] __main__: STATUS t=15s delta=-0.0531% dir=down agree=True chain=72274.17 bin=72272.56 open=72312.59 obi=0.9684 ask_up=0.04 ask_dn=0.97 bid_up=0.03 bid_dn=0.96 halted=False[0m
[37m2026-04-10 01:45:00.173 [INFO] execution.paper_trading: paper window_ts=1775785200 [SKIP] pnl=0.0000 direction=down outcome=down - balance=$1000.23 bid_up=0.01 ask_up=0.13 bid_dn=0.87 ask_dn=1.00[0m
[93m[1m2026-04-10 01:45:00.173 [INFO] risk.position_tracker: WINDOW_SUMMARY window_pnl=$0.0000 session_pnl=$-1.4755 won=$0.6045 lost=$2.0800 wr=66.7% (2/3) consec_losses=0[0m
[37m2026-04-10 01:45:00.180 [INFO] strategy.window_handler: WINDOW_DECISION [SKIP] rank=1 side=down pnl=$0.0000 entry=0.00 size=$0.00 (conditions not met)[0m
[96m[1m2026-04-10 01:45:00.180 [INFO] strategy.window_tracker: new window: btc-updown-5m-1775785500 (ts=1775785500)[0m
[96m2026-04-10 01:45:00.246 [INFO] strategy.window_handler: REGIME vol_stddev=0.171% chop_flips=5.7 outcome=3U/3D over 6w sprt=dormant llr=0.00 age=12w bankroll=$849.07[0m
[96m2026-04-10 01:45:00.247 [INFO] strategy.window_handler: KELLY wr_adj=80.3% base=87.9% total_disc=4.6% vol=35.3% chop=38.1% outcome=0.0% feedback=+0.0%[0m
[96m2026-04-10 01:45:00.247 [INFO] __main__: window open price captured: 72293.33 (tier 0 — oracle boundary, oracle_age=1000ms)[0m
[96m2026-04-10 01:45:00.247 [INFO] __main__: window open price captured: 72298.89 (binance)[0m
2026-04-10 01:45:00.248 [INFO] strategy.momentum_signal: momentum_signal: waiting for full market data
2026-04-10 01:45:00.474 [INFO] market_data.clob_market_ws: CLOB market subscribed for tokens up=102681264293 down=193601385225
[2m2026-04-10 01:45:14.814 [INFO] __main__: STATUS t=285s delta=-0.0450% dir=down agree=True chain=72260.83 bin=72254.37 open=72293.33 obi=-0.3679 ask_up=0.35 ask_dn=0.66 bid_up=0.34 bid_dn=0.65 halted=False[0m
[2m2026-04-10 01:45:44.930 [INFO] __main__: STATUS t=255s delta=-0.0182% dir=down agree=True chain=72280.15 bin=72281.53 open=72293.33 obi=0.7735 ask_up=0.45 ask_dn=0.56 bid_up=0.44 bid_dn=0.55 halted=False[0m
2026-04-10 01:45:50.203 [INFO] strategy.momentum_signal: signal_eval rank=1 side=down latest_pct=-0.0163 stddev=0.0051 n=120 min_delta=0.07 max_var=0.050
[37m2026-04-10 01:45:50.203 [INFO] strategy.momentum_signal: [SKIP] rank=1 side=down reason=conditions_not_met latest_pct=-0.0163 need=<=-0.07 stddev=0.0051 max_var=0.050[0m
[2m2026-04-10 01:46:15.068 [INFO] __main__: STATUS t=225s delta=-0.0040% dir=down agree=True chain=72290.41 bin=72283.80 open=72293.33 obi=0.4062 ask_up=0.45 ask_dn=0.56 bid_up=0.44 bid_dn=0.55 halted=False[0m
[2m2026-04-10 01:46:45.194 [INFO] __main__: STATUS t=195s delta=-0.0354% dir=down agree=True chain=72267.76 bin=72258.94 open=72293.33 obi=-0.3304 ask_up=0.33 ask_dn=0.68 bid_up=0.32 bid_dn=0.67 halted=False[0m
[2m2026-04-10 01:47:15.328 [INFO] __main__: STATUS t=165s delta=-0.0667% dir=down agree=True chain=72245.09 bin=72238.18 open=72293.33 obi=0.8196 ask_up=0.28 ask_dn=0.73 bid_up=0.27 bid_dn=0.72 halted=False[0m
[2m2026-04-10 01:47:45.458 [INFO] __main__: STATUS t=135s delta=-0.0483% dir=down agree=True chain=72258.41 bin=72253.35 open=72293.33 obi=0.1859 ask_up=0.28 ask_dn=0.73 bid_up=0.27 bid_dn=0.72 halted=False[0m
[2m2026-04-10 01:48:15.613 [INFO] __main__: STATUS t=104s delta=-0.0261% dir=down agree=True chain=72274.47 bin=72268.06 open=72293.33 obi=0.6736 ask_up=0.39 ask_dn=0.62 bid_up=0.38 bid_dn=0.61 halted=False[0m
[2m2026-04-10 01:48:45.741 [INFO] __main__: STATUS t=74s delta=-0.0166% dir=down agree=True chain=72281.34 bin=72274.96 open=72293.33 obi=0.7940 ask_up=0.44 ask_dn=0.57 bid_up=0.43 bid_dn=0.56 halted=False[0m
[2m2026-04-10 01:49:15.866 [INFO] __main__: STATUS t=44s delta=-0.0428% dir=down agree=True chain=72262.37 bin=72261.43 open=72293.33 obi=0.8629 ask_up=0.20 ask_dn=0.81 bid_up=0.19 bid_dn=0.80 halted=False[0m
2026-04-10 01:49:24.043 [INFO] shared.ipc: IPC: received authenticated signal_update (summary=signals_summary_1775785764.json)
2026-04-10 01:49:24.043 [INFO] __main__: received new signal from orchestrator: rank=1 side=Up
[2m2026-04-10 01:49:45.994 [INFO] __main__: STATUS t=14s delta=-0.0448% dir=down agree=True chain=72260.92 bin=72252.00 open=72293.33 obi=0.5916 ask_up=0.04 ask_dn=0.97 bid_up=0.03 bid_dn=0.96 halted=False[0m
[37m2026-04-10 01:50:00.061 [INFO] execution.paper_trading: paper window_ts=1775785500 [SKIP] pnl=0.0000 direction=down outcome=down - balance=$1000.23 bid_up=0.01 ask_up=0.01 bid_dn=0.99 ask_dn=1.00[0m
[93m[1m2026-04-10 01:50:00.061 [INFO] risk.position_tracker: WINDOW_SUMMARY window_pnl=$0.0000 session_pnl=$-1.4755 won=$0.6045 lost=$2.0800 wr=66.7% (2/3) consec_losses=0[0m
[37m2026-04-10 01:50:00.067 [INFO] strategy.window_handler: WINDOW_DECISION [SKIP] rank=1 side=down pnl=$0.0000 entry=0.00 size=$0.00 (conditions not met)[0m
2026-04-10 01:50:00.067 [INFO] strategy.window_handler: Signal changed: down_280.0_250.0_0.07_0.05 -> up_240.0_140.0_0.07_0.05 (age was 13 windows)
2026-04-10 01:50:00.067 [INFO] strategy.window_handler: SIGNAL_SWAP_ACTIVE: {"rank":1,"side":"up","observeFromS":240.0,"observeToS":140.0,"minDeltaPct":0.07,"maxVariancePct":0.05,"trainWinRatePct":91.86,"oosWinRatePct":97.44,"oosBhAdjustedPValue":7.65925e-14,"oosMatches":39,"avgEntryPrice":0.9005,"evPerTrade":0.0438,"smartScore":19.54,"wfFoldsAppeared":4,"wfTotalTestFolds":6,"wfFoldIndices":[4,5,6,7]}
2026-04-10 01:50:00.067 [INFO] strategy.window_handler: switched to new signal: #1 up (previous: #1 down)
[96m[1m2026-04-10 01:50:00.067 [INFO] strategy.window_tracker: new window: btc-updown-5m-1775785800 (ts=1775785800)[0m
[96m2026-04-10 01:50:00.187 [INFO] strategy.window_handler: REGIME vol_stddev=0.168% chop_flips=4.0 outcome=2U/4D over 6w sprt=dormant llr=0.00 age=0w bankroll=$849.07[0m
[96m2026-04-10 01:50:00.187 [INFO] strategy.window_handler: KELLY wr_adj=89.9% base=97.4% total_disc=4.6% vol=34.0% chop=14.3% outcome=38.1% feedback=+0.0%[0m
[96m2026-04-10 01:50:00.188 [INFO] __main__: window open price captured: 72236.90 (tier 0 — oracle boundary, oracle_age=1000ms)[0m
[96m2026-04-10 01:50:00.189 [INFO] __main__: window open price captured: 72226.51 (binance)[0m
2026-04-10 01:50:00.192 [INFO] strategy.momentum_signal: momentum_signal: waiting for full market data
2026-04-10 01:50:00.670 [INFO] market_data.clob_market_ws: CLOB market subscribed for tokens up=726923994819 down=124800382456
[2m2026-04-10 01:50:16.039 [INFO] __main__: STATUS t=284s delta=0.0099% dir=up agree=True chain=72244.04 bin=72241.11 open=72236.90 obi=-0.8794 ask_up=0.51 ask_dn=0.50 bid_up=0.50 bid_dn=0.49 halted=False[0m
[2m2026-04-10 01:50:46.161 [INFO] __main__: STATUS t=254s delta=0.0641% dir=up agree=True chain=72283.20 bin=72276.86 open=72236.90 obi=0.7714 ask_up=0.72 ask_dn=0.29 bid_up=0.71 bid_dn=0.28 halted=False[0m
[2m2026-04-10 01:51:16.286 [INFO] __main__: STATUS t=224s delta=0.1508% dir=up agree=True chain=72345.84 bin=72338.43 open=72236.90 obi=0.0520 ask_up=0.82 ask_dn=0.19 bid_up=0.81 bid_dn=0.18 halted=False[0m
[2m2026-04-10 01:51:46.401 [INFO] __main__: STATUS t=194s delta=0.1202% dir=up agree=True chain=72323.72 bin=72316.01 open=72236.90 obi=-0.9884 ask_up=0.62 ask_dn=0.40 bid_up=0.60 bid_dn=0.38 halted=False[0m
[2m2026-04-10 01:52:16.525 [INFO] __main__: STATUS t=163s delta=0.0834% dir=up agree=True chain=72297.11 bin=72284.01 open=72236.90 obi=-0.6014 ask_up=0.44 ask_dn=0.57 bid_up=0.43 bid_dn=0.56 halted=False[0m
2026-04-10 01:52:40.116 [INFO] strategy.momentum_signal: signal_eval rank=1 side=up latest_pct=0.0612 stddev=0.0258 n=398 min_delta=0.07 max_var=0.050
[37m2026-04-10 01:52:40.116 [INFO] strategy.momentum_signal: [SKIP] rank=1 side=up reason=conditions_not_met latest_pct=0.0612 need=>=0.07 stddev=0.0258 max_var=0.050[0m
[2m2026-04-10 01:52:46.647 [INFO] __main__: STATUS t=133s delta=0.0735% dir=up agree=True chain=72289.96 bin=72285.50 open=72236.90 obi=-0.1785 ask_up=0.53 ask_dn=0.48 bid_up=0.52 bid_dn=0.47 halted=False[0m
[2m2026-04-10 01:53:16.782 [INFO] __main__: STATUS t=103s delta=0.0817% dir=up agree=True chain=72295.92 bin=72281.01 open=72236.90 obi=-0.4478 ask_up=0.57 ask_dn=0.44 bid_up=0.56 bid_dn=0.43 halted=False[0m
[2m2026-04-10 01:53:46.906 [INFO] __main__: STATUS t=73s delta=0.0747% dir=up agree=True chain=72290.86 bin=72281.00 open=72236.90 obi=0.4801 ask_up=0.52 ask_dn=0.49 bid_up=0.51 bid_dn=0.48 halted=False[0m
[2m2026-04-10 01:54:17.036 [INFO] __main__: STATUS t=43s delta=0.0129% dir=up agree=True chain=72246.24 bin=72247.53 open=72236.90 obi=0.6199 ask_up=0.44 ask_dn=0.57 bid_up=0.43 bid_dn=0.56 halted=False[0m
[2m2026-04-10 01:54:47.170 [INFO] __main__: STATUS t=13s delta=0.0579% dir=up agree=True chain=72278.72 bin=72274.83 open=72236.90 obi=0.2537 ask_up=0.40 ask_dn=0.61 bid_up=0.39 bid_dn=0.60 halted=False[0m
[37m2026-04-10 01:55:00.228 [INFO] execution.paper_trading: paper window_ts=1775785800 [SKIP] pnl=0.0000 direction=down outcome=down - balance=$1000.23 bid_up=0.01 ask_up=0.02 bid_dn=0.98 ask_dn=0.99[0m
[93m[1m2026-04-10 01:55:00.229 [INFO] risk.position_tracker: WINDOW_SUMMARY window_pnl=$0.0000 session_pnl=$-1.4755 won=$0.6045 lost=$2.0800 wr=66.7% (2/3) consec_losses=0[0m
[96m2026-04-10 01:55:00.230 [INFO] strategy.window_handler: REGIME chop_detected flips=3 delta_range=0.1866% avg_flips=3.8 over=6_windows[0m
[37m2026-04-10 01:55:00.234 [INFO] strategy.window_handler: WINDOW_DECISION [SKIP] rank=1 side=up pnl=$0.0000 entry=0.00 size=$0.00 (conditions not met)[0m
[96m[1m2026-04-10 01:55:00.234 [INFO] strategy.window_tracker: new window: btc-updown-5m-1775786100 (ts=1775786100)[0m
[96m2026-04-10 01:55:00.283 [INFO] strategy.window_handler: REGIME vol_stddev=0.164% chop_flips=3.8 outcome=2U/4D over 6w sprt=dormant llr=0.00 age=1w bankroll=$849.07[0m
[96m2026-04-10 01:55:00.283 [INFO] strategy.window_handler: KELLY wr_adj=89.9% base=97.4% total_disc=4.6% vol=31.9% chop=11.9% outcome=38.1% feedback=+0.0%[0m
[96m2026-04-10 01:55:00.283 [INFO] __main__: window open price captured: 72226.07 (tier 0 — oracle boundary, oracle_age=2000ms)[0m
[96m2026-04-10 01:55:00.283 [INFO] __main__: window open price captured: 72217.27 (binance)[0m
2026-04-10 01:55:00.284 [INFO] strategy.momentum_signal: momentum_signal: waiting for full market data
2026-04-10 01:55:00.857 [INFO] market_data.clob_market_ws: CLOB market subscribed for tokens up=560609268232 down=106979886646
[2m2026-04-10 01:55:17.385 [INFO] __main__: STATUS t=283s delta=0.0046% dir=up agree=True chain=72229.42 bin=72226.18 open=72226.07 obi=-0.7416 ask_up=0.51 ask_dn=0.50 bid_up=0.50 bid_dn=0.49 halted=False[0m
[2m2026-04-10 01:55:47.509 [INFO] __main__: STATUS t=252s delta=0.0264% dir=up agree=True chain=72245.16 bin=72241.55 open=72226.07 obi=0.2089 ask_up=0.60 ask_dn=0.41 bid_up=0.59 bid_dn=0.40 halted=False[0m
[2m2026-04-10 01:56:17.653 [INFO] __main__: STATUS t=222s delta=-0.0239% dir=down agree=True chain=72208.80 bin=72212.21 open=72226.07 obi=-0.4289 ask_up=0.46 ask_dn=0.55 bid_up=0.45 bid_dn=0.54 halted=False[0m
[2m2026-04-10 01:56:47.776 [INFO] __main__: STATUS t=192s delta=-0.0222% dir=down agree=True chain=72210.01 bin=72204.97 open=72226.07 obi=-0.3640 ask_up=0.42 ask_dn=0.59 bid_up=0.41 bid_dn=0.58 halted=False[0m
[2m2026-04-10 01:57:17.928 [INFO] __main__: STATUS t=162s delta=-0.0398% dir=down agree=True chain=72197.31 bin=72189.23 open=72226.07 obi=-0.4332 ask_up=0.28 ask_dn=0.73 bid_up=0.27 bid_dn=0.72 halted=False[0m
2026-04-10 01:57:40.019 [INFO] strategy.momentum_signal: signal_eval rank=1 side=up latest_pct=-0.0707 stddev=0.0140 n=398 min_delta=0.07 max_var=0.050
[37m2026-04-10 01:57:40.019 [INFO] strategy.momentum_signal: [SKIP] rank=1 side=up reason=conditions_not_met latest_pct=-0.0707 need=>=0.07 stddev=0.0140 max_var=0.050[0m
[2m2026-04-10 01:57:48.050 [INFO] __main__: STATUS t=132s delta=-0.0703% dir=down agree=True chain=72175.31 bin=72161.27 open=72226.07 obi=-0.7079 ask_up=0.17 ask_dn=0.84 bid_up=0.16 bid_dn=0.83 halted=False[0m
[2m2026-04-10 01:58:18.184 [INFO] __main__: STATUS t=102s delta=-0.0578% dir=down agree=True chain=72184.32 bin=72177.80 open=72226.07 obi=0.7232 ask_up=0.22 ask_dn=0.79 bid_up=0.21 bid_dn=0.78 halted=False[0m
[2m2026-04-10 01:58:48.306 [INFO] __main__: STATUS t=72s delta=-0.0720% dir=down agree=True chain=72174.08 bin=72167.47 open=72226.07 obi=0.4244 ask_up=0.16 ask_dn=0.85 bid_up=0.15 bid_dn=0.84 halted=False[0m
[2m2026-04-10 01:59:18.438 [INFO] __main__: STATUS t=42s delta=-0.0705% dir=down agree=True chain=72175.18 bin=72167.47 open=72226.07 obi=0.0008 ask_up=0.08 ask_dn=0.93 bid_up=0.07 bid_dn=0.92 halted=False[0m
[2m2026-04-10 01:59:48.565 [INFO] __main__: STATUS t=11s delta=-0.0853% dir=down agree=True chain=72164.49 bin=72152.89 open=72226.07 obi=0.7032 ask_up=0.02 ask_dn=0.99 bid_up=0.01 bid_dn=0.98 halted=False[0m
[37m2026-04-10 02:00:00.119 [INFO] execution.paper_trading: paper window_ts=1775786100 [SKIP] pnl=0.0000 direction=down outcome=down - balance=$1000.23 bid_up=0.01 ask_up=0.01 bid_dn=0.99 ask_dn=1.00[0m
[93m[1m2026-04-10 02:00:00.119 [INFO] risk.position_tracker: WINDOW_SUMMARY window_pnl=$0.0000 session_pnl=$-1.4755 won=$0.6045 lost=$2.0800 wr=66.7% (2/3) consec_losses=0[0m
[37m2026-04-10 02:00:00.126 [INFO] strategy.window_handler: WINDOW_DECISION [SKIP] rank=1 side=up pnl=$0.0000 entry=0.00 size=$0.00 (conditions not met)[0m
[96m[1m2026-04-10 02:00:00.127 [INFO] strategy.window_tracker: new window: btc-updown-5m-1775786400 (ts=1775786400)[0m
[96m2026-04-10 02:00:00.191 [INFO] strategy.window_handler: REGIME vol_stddev=0.162% chop_flips=2.0 outcome=2U/4D over 6w sprt=dormant llr=0.00 age=2w bankroll=$849.07[0m
[96m2026-04-10 02:00:00.192 [INFO] strategy.window_handler: KELLY wr_adj=89.9% base=97.4% total_disc=4.6% vol=30.8% chop=0.0% outcome=38.1% feedback=+0.0%[0m
[96m2026-04-10 02:00:00.194 [INFO] __main__: window open price captured: 72167.86 (tier 0 — oracle boundary, oracle_age=1000ms)[0m
[96m2026-04-10 02:00:00.195 [INFO] __main__: window open price captured: 72157.93 (binance)[0m
2026-04-10 02:00:00.197 [INFO] strategy.momentum_signal: momentum_signal: waiting for full market data
2026-04-10 02:00:01.060 [INFO] market_data.clob_market_ws: CLOB market subscribed for tokens up=926834076902 down=471578846260
[2m2026-04-10 02:00:18.586 [INFO] __main__: STATUS t=281s delta=0.0129% dir=up agree=False chain=72177.19 bin=72163.65 open=72167.86 obi=-0.7007 ask_up=0.50 ask_dn=0.51 bid_up=0.49 bid_dn=0.50 halted=False[0m
[2m2026-04-10 02:00:48.711 [INFO] __main__: STATUS t=251s delta=0.0274% dir=up agree=True chain=72187.63 bin=72183.24 open=72167.86 obi=0.8464 ask_up=0.60 ask_dn=0.41 bid_up=0.59 bid_dn=0.40 halted=False[0m
[2m2026-04-10 02:01:18.848 [INFO] __main__: STATUS t=221s delta=-0.0026% dir=down agree=True chain=72165.95 bin=72161.66 open=72167.86 obi=-0.6509 ask_up=0.48 ask_dn=0.53 bid_up=0.47 bid_dn=0.52 halted=False[0m
[2m2026-04-10 02:01:48.967 [INFO] __main__: STATUS t=191s delta=0.0211% dir=up agree=True chain=72183.07 bin=72175.47 open=72167.86 obi=0.0088 ask_up=0.59 ask_dn=0.42 bid_up=0.58 bid_dn=0.41 halted=False[0m
[2m2026-04-10 02:02:19.101 [INFO] __main__: STATUS t=161s delta=0.1018% dir=up agree=True chain=72241.31 bin=72214.37 open=72167.86 obi=0.5765 ask_up=0.81 ask_dn=0.20 bid_up=0.80 bid_dn=0.19 halted=False[0m
2026-04-10 02:02:40.186 [INFO] strategy.momentum_signal: signal_eval rank=1 side=up latest_pct=0.0311 stddev=0.0325 n=399 min_delta=0.07 max_var=0.050
[37m2026-04-10 02:02:40.186 [INFO] strategy.momentum_signal: [SKIP] rank=1 side=up reason=conditions_not_met latest_pct=0.0311 need=>=0.07 stddev=0.0325 max_var=0.050[0m
[2m2026-04-10 02:02:49.222 [INFO] __main__: STATUS t=131s delta=0.0267% dir=up agree=False chain=72187.11 bin=72162.73 open=72167.86 obi=-0.0882 ask_up=0.99 ask_dn=0.99 bid_up=0.01 bid_dn=0.01 halted=False[0m
[2m2026-04-10 02:03:19.377 [INFO] __main__: STATUS t=101s delta=-0.0324% dir=down agree=True chain=72144.47 bin=72140.31 open=72167.86 obi=0.8169 ask_up=0.34 ask_dn=0.67 bid_up=0.33 bid_dn=0.66 halted=False[0m
[2m2026-04-10 02:03:49.497 [INFO] __main__: STATUS t=71s delta=-0.0243% dir=down agree=True chain=72150.32 bin=72140.30 open=72167.86 obi=-0.9069 ask_up=0.24 ask_dn=0.77 bid_up=0.23 bid_dn=0.76 halted=False[0m
[2m2026-04-10 02:04:19.617 [INFO] __main__: STATUS t=40s delta=-0.0359% dir=down agree=True chain=72141.99 bin=72138.15 open=72167.86 obi=-0.3971 ask_up=0.99 ask_dn=0.99 bid_up=0.01 bid_dn=0.01 halted=False[0m
2026-04-10 02:04:37.089 [INFO] shared.ipc: IPC: received authenticated signal_update (summary=signals_summary_1775786677.json)
2026-04-10 02:04:37.089 [INFO] __main__: received new signal from orchestrator: rank=1 side=Up
[2m2026-04-10 02:04:49.747 [INFO] __main__: STATUS t=10s delta=-0.0273% dir=down agree=True chain=72148.18 bin=72134.00 open=72167.86 obi=-0.9300 ask_up=0.08 ask_dn=0.93 bid_up=0.07 bid_dn=0.92 halted=False[0m
[37m2026-04-10 02:05:00.044 [INFO] execution.paper_trading: paper window_ts=1775786400 [SKIP] pnl=0.0000 direction=down outcome=down - balance=$1000.23 bid_up=0.01 ask_up=0.01 bid_dn=0.99 ask_dn=1.00[0m
[93m[1m2026-04-10 02:05:00.044 [INFO] risk.position_tracker: WINDOW_SUMMARY window_pnl=$0.0000 session_pnl=$-1.4755 won=$0.6045 lost=$2.0800 wr=66.7% (2/3) consec_losses=0[0m
[96m2026-04-10 02:05:00.048 [INFO] strategy.window_handler: REGIME chop_detected flips=8 delta_range=0.1695% avg_flips=3.0 over=6_windows[0m
[37m2026-04-10 02:05:00.061 [INFO] strategy.window_handler: WINDOW_DECISION [SKIP] rank=1 side=up pnl=$0.0000 entry=0.00 size=$0.00 (conditions not met)[0m
2026-04-10 02:05:00.080 [INFO] strategy.window_handler: Signal changed: up_240.0_140.0_0.07_0.05 -> up_210.0_130.0_0.07_0.05 (age was 3 windows)
2026-04-10 02:05:00.082 [INFO] strategy.window_handler: SIGNAL_SWAP_ACTIVE: {"rank":1,"side":"up","observeFromS":210.0,"observeToS":130.0,"minDeltaPct":0.07,"maxVariancePct":0.05,"trainWinRatePct":89.36,"oosWinRatePct":95.35,"oosBhAdjustedPValue":1.07371e-14,"oosMatches":43,"avgEntryPrice":0.8888,"evPerTrade":0.0347,"smartScore":15.26,"wfFoldsAppeared":4,"wfTotalTestFolds":6,"wfFoldIndices":[4,5,6,7]}
2026-04-10 02:05:00.083 [INFO] strategy.window_handler: switched to new signal: #1 up (previous: #1 up)
[96m[1m2026-04-10 02:05:00.083 [INFO] strategy.window_tracker: new window: btc-updown-5m-1775786700 (ts=1775786700)[0m
[96m2026-04-10 02:05:00.176 [INFO] strategy.window_handler: REGIME vol_stddev=0.158% chop_flips=3.0 outcome=1U/5D over 6w sprt=dormant llr=0.00 age=0w bankroll=$849.07[0m
[96m2026-04-10 02:05:00.176 [INFO] strategy.window_handler: KELLY wr_adj=83.2% base=95.3% total_disc=9.1% vol=29.1% chop=0.0% outcome=76.2% feedback=+0.0%[0m
[96m2026-04-10 02:05:00.177 [INFO] __main__: window open price captured: 72133.93 (tier 0 — oracle boundary, oracle_age=2000ms)[0m
[96m2026-04-10 02:05:00.177 [INFO] __main__: window open price captured: 72128.00 (binance)[0m
2026-04-10 02:05:00.178 [INFO] strategy.momentum_signal: momentum_signal: waiting for full market data
2026-04-10 02:05:00.250 [INFO] market_data.clob_market_ws: CLOB market subscribed for tokens up=204008487423 down=451162910848
[2m2026-04-10 02:05:19.793 [INFO] __main__: STATUS t=280s delta=0.0008% dir=up agree=False chain=72134.49 bin=72128.17 open=72133.93 obi=0.0984 ask_up=0.51 ask_dn=0.50 bid_up=0.50 bid_dn=0.49 halted=False[0m
[2m2026-04-10 02:05:49.912 [INFO] __main__: STATUS t=250s delta=0.0392% dir=up agree=True chain=72162.17 bin=72141.01 open=72133.93 obi=-0.9963 ask_up=0.61 ask_dn=0.40 bid_up=0.60 bid_dn=0.39 halted=False[0m
[2m2026-04-10 02:06:20.074 [INFO] __main__: STATUS t=220s delta=0.0077% dir=up agree=True chain=72139.49 bin=72140.32 open=72133.93 obi=0.8055 ask_up=0.52 ask_dn=0.49 bid_up=0.51 bid_dn=0.48 halted=False[0m
[2m2026-04-10 02:06:50.193 [INFO] __main__: STATUS t=190s delta=0.0348% dir=up agree=True chain=72159.06 bin=72153.36 open=72133.93 obi=0.8633 ask_up=0.45 ask_dn=0.56 bid_up=0.44 bid_dn=0.55 halted=False[0m
[2m2026-04-10 02:07:20.310 [INFO] __main__: STATUS t=160s delta=0.0519% dir=up agree=True chain=72171.38 bin=72166.76 open=72133.93 obi=0.2760 ask_up=0.43 ask_dn=0.58 bid_up=0.42 bid_dn=0.57 halted=False[0m
2026-04-10 02:07:50.190 [INFO] strategy.momentum_signal: signal_eval rank=1 side=up latest_pct=0.1107 stddev=0.0365 n=319 min_delta=0.07 max_var=0.050
[96m2026-04-10 02:07:50.190 [INFO] strategy.momentum_signal: KELLY sizing: p_adj=0.832 base=0.923 total_disc=0.091 vol=0.291 chop=0.000 outcome=0.762 feedback=+0.000[0m
[96m2026-04-10 02:07:50.191 [INFO] strategy.momentum_signal: KELLY bet: entry=0.72 raw_f=0.400 frac_f=0.100 bankroll=$849.07 kelly_bet=$42.45 sprt=1.00 final=$42.45[0m
[92m[1m2026-04-10 02:07:50.191 [INFO] strategy.momentum_signal: FIRED rank=1 side=up t=129.8s dir=0.1107% stddev=0.0365% n=319 oos_wr=95.3% bh_p=1.07e-14 avg_entry=0.89 ask=0.72 size=$42.45[0m
2026-04-10 02:07:50.191 [INFO] execution.paper_trading: paper momentum1 maker: id=paper-1 price=0.71 size=59.7887 [resting]
2026-04-10 02:07:50.191 [INFO] strategy.momentum_signal: MAKER PLACED rank=1 side=up price=0.71 (ask=0.72 -1tick) size=$42.45 timeout=15s
[2m2026-04-10 02:07:50.442 [INFO] __main__: STATUS t=130s delta=0.1426% dir=up agree=True chain=72236.79 bin=72213.77 open=72133.93 obi=-0.9245 ask_up=0.72 ask_dn=0.30 bid_up=0.70 bid_dn=0.28 halted=False[0m
[92m[1m2026-04-10 02:07:58.479 [INFO] execution.paper_trading: paper momentum1 maker fill: id=paper-1 price=0.71[0m
2026-04-10 02:07:58.480 [INFO] strategy.momentum_signal: MAKER FILLED rank=1 side=up price=0.71 size=$42.45
2026-04-10 02:07:58.731 [INFO] strategy.momentum_signal: post-fire erosion: rank=1 erosion=0.0001 ema=0.0001 cusum=0.000/0.800 threshold=0.8049 fire=0.1107% current=0.1107%
2026-04-10 02:08:08.799 [INFO] strategy.momentum_signal: post-fire erosion: rank=1 erosion=0.0000 ema=0.0040 cusum=0.000/0.800 threshold=0.8049 fire=0.1107% current=0.1273%
2026-04-10 02:08:18.837 [INFO] strategy.momentum_signal: post-fire erosion: rank=1 erosion=0.0000 ema=0.0001 cusum=0.000/0.800 threshold=0.8049 fire=0.1107% current=0.1145%
[2m2026-04-10 02:08:20.595 [INFO] __main__: STATUS t=99s delta=0.1276% dir=up agree=True chain=72225.96 bin=72216.51 open=72133.93 obi=-0.3567 ask_up=0.86 ask_dn=0.15 bid_up=0.85 bid_dn=0.14 halted=False[0m
2026-04-10 02:08:28.884 [INFO] strategy.momentum_signal: post-fire erosion: rank=1 erosion=0.0000 ema=0.0000 cusum=0.000/0.800 threshold=0.8049 fire=0.1107% current=0.1145%
2026-04-10 02:08:38.920 [INFO] strategy.momentum_signal: post-fire erosion: rank=1 erosion=0.0000 ema=0.0000 cusum=0.000/0.800 threshold=0.8049 fire=0.1107% current=0.1145%
2026-04-10 02:08:48.960 [INFO] strategy.momentum_signal: post-fire erosion: rank=1 erosion=0.1080 ema=0.1149 cusum=0.000/0.800 threshold=0.8049 fire=0.1107% current=0.0987%
[2m2026-04-10 02:08:50.717 [INFO] __main__: STATUS t=69s delta=0.1097% dir=up agree=True chain=72213.08 bin=72205.16 open=72133.93 obi=0.2783 ask_up=0.82 ask_dn=0.19 bid_up=0.81 bid_dn=0.18 halted=False[0m
2026-04-10 02:08:59.001 [INFO] strategy.momentum_signal: post-fire erosion: rank=1 erosion=0.0267 ema=0.0699 cusum=0.000/0.800 threshold=0.8049 fire=0.1107% current=0.1077%
2026-04-10 02:09:09.055 [INFO] strategy.momentum_signal: post-fire erosion: rank=1 erosion=0.0000 ema=0.0025 cusum=0.000/0.800 threshold=0.8049 fire=0.1107% current=0.1395%
2026-04-10 02:09:19.099 [INFO] strategy.momentum_signal: post-fire erosion: rank=1 erosion=0.0000 ema=0.0000 cusum=0.000/0.800 threshold=0.8049 fire=0.1107% current=0.1338%
[2m2026-04-10 02:09:20.857 [INFO] __main__: STATUS t=39s delta=0.1491% dir=up agree=True chain=72241.50 bin=72237.03 open=72133.93 obi=0.6392 ask_up=1.00 ask_dn=0.01 bid_up=0.99 bid_dn=0.01 halted=False[0m
2026-04-10 02:09:29.143 [INFO] strategy.momentum_signal: post-fire erosion: rank=1 erosion=0.0000 ema=0.0000 cusum=0.000/0.800 threshold=0.8049 fire=0.1107% current=0.1429%
2026-04-10 02:09:39.187 [INFO] strategy.momentum_signal: post-fire erosion: rank=1 erosion=0.0000 ema=0.0000 cusum=0.000/0.800 threshold=0.8049 fire=0.1107% current=0.1545%
2026-04-10 02:09:49.232 [INFO] strategy.momentum_signal: post-fire erosion: rank=1 erosion=0.0000 ema=0.0000 cusum=0.000/0.800 threshold=0.8049 fire=0.1107% current=0.2025%
[2m2026-04-10 02:09:50.989 [INFO] __main__: STATUS t=9s delta=0.2117% dir=up agree=True chain=72286.67 bin=72272.05 open=72133.93 obi=-0.9153 ask_up=1.00 ask_dn=0.01 bid_up=0.99 bid_dn=0.01 halted=False[0m
2026-04-10 02:09:59.280 [INFO] strategy.momentum_signal: post-fire erosion: rank=1 erosion=0.0000 ema=0.0000 cusum=0.000/0.800 threshold=0.8049 fire=0.1107% current=0.1620%
[92m[1m2026-04-10 02:10:00.038 [INFO] execution.paper_trading: paper window_ts=1775786700 [WIN] pnl=17.3387 direction=up outcome=up rule#1(fill) balance=$1017.57 bid_up=0.99 ask_up=1.00 bid_dn=0.01 ask_dn=0.01[0m
[93m[1m2026-04-10 02:10:00.044 [INFO] risk.position_tracker: WINDOW_SUMMARY window_pnl=$17.3387 session_pnl=$15.8632 won=$17.9432 lost=$2.0800 wr=75.0% (3/4) consec_losses=0[0m
[96m2026-04-10 02:10:00.076 [INFO] strategy.window_handler: REGIME chop_detected flips=6 delta_range=0.2210% avg_flips=3.7 over=6_windows[0m
[92m[1m2026-04-10 02:10:00.094 [INFO] strategy.window_handler: WINDOW_DECISION [WIN] rank=1 side=up pnl=$17.3387 entry=0.71 size=$42.45[0m
[96m[1m2026-04-10 02:10:00.123 [INFO] strategy.window_tracker: new window: btc-updown-5m-1775787000 (ts=1775787000)[0m
[96m2026-04-10 02:10:00.222 [INFO] strategy.window_handler: REGIME vol_stddev=0.158% chop_flips=3.7 outcome=1U/5D over 6w sprt=dormant llr=-0.02 age=1w bankroll=$866.06[0m
[96m2026-04-10 02:10:00.223 [INFO] strategy.window_handler: KELLY wr_adj=83.2% base=95.3% total_disc=9.1% vol=28.9% chop=9.5% outcome=76.2% feedback=+0.0%[0m
[96m2026-04-10 02:10:00.223 [INFO] __main__: window open price captured: 72257.25 (tier 0 — oracle boundary, oracle_age=1000ms)[0m
[96m2026-04-10 02:10:00.223 [INFO] __main__: window open price captured: 72248.32 (binance)[0m
2026-04-10 02:10:00.224 [INFO] strategy.momentum_signal: momentum_signal: waiting for full market data
2026-04-10 02:10:00.451 [INFO] market_data.clob_market_ws: CLOB market subscribed for tokens up=839639275101 down=264651853675
[2m2026-04-10 02:10:21.090 [INFO] __main__: STATUS t=279s delta=-0.0020% dir=down agree=True chain=72255.79 bin=72248.32 open=72257.25 obi=-0.7459 ask_up=0.49 ask_dn=0.52 bid_up=0.48 bid_dn=0.51 halted=False[0m
[2m2026-04-10 02:10:51.217 [INFO] __main__: STATUS t=249s delta=-0.0081% dir=down agree=True chain=72251.41 bin=72248.31 open=72257.25 obi=-0.3585 ask_up=0.47 ask_dn=0.54 bid_up=0.46 bid_dn=0.53 halted=False[0m
[2m2026-04-10 02:11:21.368 [INFO] __main__: STATUS t=219s delta=0.0335% dir=up agree=True chain=72281.47 bin=72272.57 open=72257.25 obi=-0.2265 ask_up=0.51 ask_dn=0.50 bid_up=0.50 bid_dn=0.49 halted=False[0m
[2m2026-04-10 02:11:51.488 [INFO] __main__: STATUS t=189s delta=0.0487% dir=up agree=True chain=72292.44 bin=72291.03 open=72257.25 obi=-0.1908 ask_up=0.33 ask_dn=0.68 bid_up=0.32 bid_dn=0.67 halted=False[0m
[2m2026-04-10 02:12:21.626 [INFO] __main__: STATUS t=158s delta=-0.0709% dir=down agree=True chain=72206.03 bin=72205.58 open=72257.25 obi=0.9249 ask_up=0.19 ask_dn=0.82 bid_up=0.18 bid_dn=0.81 halted=False[0m
2026-04-10 02:12:50.239 [INFO] strategy.momentum_signal: signal_eval rank=1 side=up latest_pct=-0.0463 stddev=0.0438 n=319 min_delta=0.07 max_var=0.050
[37m2026-04-10 02:12:50.239 [INFO] strategy.momentum_signal: [SKIP] rank=1 side=up reason=conditions_not_met latest_pct=-0.0463 need=>=0.07 stddev=0.0438 max_var=0.050[0m
[2m2026-04-10 02:12:51.745 [INFO] __main__: STATUS t=128s delta=-0.0462% dir=down agree=True chain=72223.87 bin=72223.78 open=72257.25 obi=0.9466 ask_up=0.29 ask_dn=0.72 bid_up=0.28 bid_dn=0.71 halted=False[0m
[2m2026-04-10 02:13:21.874 [INFO] __main__: STATUS t=98s delta=-0.0405% dir=down agree=True chain=72228.02 bin=72220.07 open=72257.25 obi=0.2929 ask_up=0.18 ask_dn=0.83 bid_up=0.17 bid_dn=0.82 halted=False[0m
[2m2026-04-10 02:13:52.000 [INFO] __main__: STATUS t=68s delta=-0.0318% dir=down agree=True chain=72234.27 bin=72225.94 open=72257.25 obi=0.9929 ask_up=0.15 ask_dn=0.86 bid_up=0.14 bid_dn=0.85 halted=False[0m
[2m2026-04-10 02:14:22.161 [INFO] __main__: STATUS t=38s delta=-0.0385% dir=down agree=True chain=72229.43 bin=72222.00 open=72257.25 obi=0.9342 ask_up=0.13 ask_dn=0.88 bid_up=0.12 bid_dn=0.87 halted=False[0m
[2m2026-04-10 02:14:52.290 [INFO] __main__: STATUS t=8s delta=-0.0211% dir=down agree=True chain=72242.01 bin=72231.54 open=72257.25 obi=0.9452 ask_up=0.06 ask_dn=0.95 bid_up=0.05 bid_dn=0.94 halted=False[0m
[37m2026-04-10 02:15:00.079 [INFO] execution.paper_trading: paper window_ts=1775787000 [SKIP] pnl=0.0000 direction=down outcome=down - balance=$1017.57 bid_up=0.01 ask_up=0.01 bid_dn=0.99 ask_dn=1.00[0m
[93m[1m2026-04-10 02:15:00.080 [INFO] risk.position_tracker: WINDOW_SUMMARY window_pnl=$0.0000 session_pnl=$15.8632 won=$17.9432 lost=$2.0800 wr=75.0% (3/4) consec_losses=0[0m
[96m2026-04-10 02:15:00.086 [INFO] strategy.window_handler: REGIME chop_detected flips=3 delta_range=0.1266% avg_flips=3.8 over=6_windows[0m
[37m2026-04-10 02:15:00.090 [INFO] strategy.window_handler: WINDOW_DECISION [SKIP] rank=1 side=up pnl=$0.0000 entry=0.00 size=$0.00 (conditions not met)[0m
[96m[1m2026-04-10 02:15:00.091 [INFO] strategy.window_tracker: new window: btc-updown-5m-1775787300 (ts=1775787300)[0m
[96m2026-04-10 02:15:00.171 [INFO] strategy.window_handler: REGIME vol_stddev=0.155% chop_flips=3.8 outcome=1U/5D over 6w sprt=dormant llr=-0.02 age=2w bankroll=$866.06[0m
[96m2026-04-10 02:15:00.171 [INFO] strategy.window_handler: KELLY wr_adj=83.2% base=95.3% total_disc=9.1% vol=27.5% chop=11.9% outcome=76.2% feedback=+0.0%[0m
[96m2026-04-10 02:15:00.176 [INFO] __main__: window open price captured: 72236.31 (tier 0 — oracle boundary, oracle_age=1000ms)[0m
[96m2026-04-10 02:15:00.177 [INFO] __main__: window open price captured: 72226.08 (binance)[0m
2026-04-10 02:15:00.181 [INFO] strategy.momentum_signal: momentum_signal: waiting for full market data
2026-04-10 02:15:00.658 [INFO] market_data.clob_market_ws: CLOB market subscribed for tokens up=665027000839 down=559680996400
[2m2026-04-10 02:15:22.540 [INFO] __main__: STATUS t=277s delta=0.0342% dir=up agree=True chain=72261.01 bin=72255.50 open=72236.31 obi=-0.6041 ask_up=0.60 ask_dn=0.41 bid_up=0.59 bid_dn=0.40 halted=False[0m
[2m2026-04-10 02:15:52.667 [INFO] __main__: STATUS t=247s delta=0.0240% dir=up agree=True chain=72253.65 bin=72245.79 open=72236.31 obi=-0.5828 ask_up=0.55 ask_dn=0.46 bid_up=0.54 bid_dn=0.45 halted=False[0m
[2m2026-04-10 02:16:22.792 [INFO] __main__: STATUS t=217s delta=0.0048% dir=up agree=False chain=72239.76 bin=72232.11 open=72236.31 obi=-0.4727 ask_up=0.49 ask_dn=0.52 bid_up=0.48 bid_dn=0.51 halted=False[0m
[2m2026-04-10 02:16:52.907 [INFO] __main__: STATUS t=187s delta=0.0112% dir=up agree=False chain=72244.42 bin=72236.00 open=72236.31 obi=0.9266 ask_up=0.55 ask_dn=0.46 bid_up=0.54 bid_dn=0.45 halted=False[0m
[2m2026-04-10 02:17:23.022 [INFO] __main__: STATUS t=157s delta=0.0128% dir=up agree=True chain=72245.56 bin=72240.01 open=72236.31 obi=0.6633 ask_up=0.61 ask_dn=0.40 bid_up=0.60 bid_dn=0.39 halted=False[0m
2026-04-10 02:17:50.132 [INFO] strategy.momentum_signal: signal_eval rank=1 side=up latest_pct=-0.0143 stddev=0.0076 n=319 min_delta=0.07 max_var=0.050
[37m2026-04-10 02:17:50.132 [INFO] strategy.momentum_signal: [SKIP] rank=1 side=up reason=conditions_not_met latest_pct=-0.0143 need=>=0.07 stddev=0.0076 max_var=0.050[0m
[2m2026-04-10 02:17:53.143 [INFO] __main__: STATUS t=127s delta=-0.0051% dir=down agree=True chain=72232.64 bin=72225.96 open=72236.31 obi=-0.0623 ask_up=0.44 ask_dn=0.57 bid_up=0.43 bid_dn=0.56 halted=False[0m
[2m2026-04-10 02:18:23.271 [INFO] __main__: STATUS t=97s delta=-0.0284% dir=down agree=True chain=72215.78 bin=72208.79 open=72236.31 obi=-0.3974 ask_up=0.35 ask_dn=0.66 bid_up=0.34 bid_dn=0.65 halted=False[0m
[2m2026-04-10 02:18:53.389 [INFO] __main__: STATUS t=67s delta=-0.0442% dir=down agree=True chain=72204.40 bin=72199.21 open=72236.31 obi=-0.9520 ask_up=0.19 ask_dn=0.82 bid_up=0.18 bid_dn=0.81 halted=False[0m
[2m2026-04-10 02:19:23.518 [INFO] __main__: STATUS t=36s delta=-0.0540% dir=down agree=True chain=72197.28 bin=72194.19 open=72236.31 obi=-0.6079 ask_up=0.06 ask_dn=0.95 bid_up=0.05 bid_dn=0.94 halted=False[0m
2026-04-10 02:19:49.978 [INFO] shared.ipc: IPC: received authenticated signal_update (summary=signals_summary_1775787590.json)
2026-04-10 02:19:49.978 [INFO] __main__: received new signal from orchestrator: rank=1 side=Up
[2m2026-04-10 02:19:53.638 [INFO] __main__: STATUS t=6s delta=-0.0351% dir=down agree=True chain=72210.95 bin=72203.51 open=72236.31 obi=0.2893 ask_up=0.04 ask_dn=0.97 bid_up=0.03 bid_dn=0.96 halted=False[0m
[37m2026-04-10 02:20:00.166 [INFO] execution.paper_trading: paper window_ts=1775787300 [SKIP] pnl=0.0000 direction=down outcome=down - balance=$1017.57 bid_up=0.01 ask_up=0.01 bid_dn=0.99 ask_dn=1.00[0m
[93m[1m2026-04-10 02:20:00.166 [INFO] risk.position_tracker: WINDOW_SUMMARY window_pnl=$0.0000 session_pnl=$15.8632 won=$17.9432 lost=$2.0800 wr=75.0% (3/4) consec_losses=0[0m
[96m2026-04-10 02:20:00.168 [INFO] strategy.window_handler: REGIME chop_detected flips=14 delta_range=0.1017% avg_flips=6.0 over=6_windows[0m
[37m2026-04-10 02:20:00.172 [INFO] strategy.window_handler: WINDOW_DECISION [SKIP] rank=1 side=up pnl=$0.0000 entry=0.00 size=$0.00 (conditions not met)[0m
2026-04-10 02:20:00.172 [INFO] strategy.window_handler: Signal changed: up_210.0_130.0_0.07_0.05 -> up_180.0_140.0_0.07_0.05 (age was 3 windows)
2026-04-10 02:20:00.173 [INFO] strategy.window_handler: SIGNAL_SWAP_ACTIVE: {"rank":1,"side":"up","observeFromS":180.0,"observeToS":140.0,"minDeltaPct":0.07,"maxVariancePct":0.05,"trainWinRatePct":90.83,"oosWinRatePct":97.92,"oosBhAdjustedPValue":1.99507e-17,"oosMatches":48,"avgEntryPrice":0.9013,"evPerTrade":0.0479,"smartScore":23.91,"wfFoldsAppeared":4,"wfTotalTestFolds":6,"wfFoldIndices":[4,5,6,7]}
2026-04-10 02:20:00.173 [INFO] strategy.window_handler: switched to new signal: #1 up (previous: #1 up)
[96m[1m2026-04-10 02:20:00.174 [INFO] strategy.window_tracker: new window: btc-updown-5m-1775787600 (ts=1775787600)[0m
[96m2026-04-10 02:20:00.238 [INFO] strategy.window_handler: REGIME vol_stddev=0.143% chop_flips=6.0 outcome=1U/5D over 6w sprt=dormant llr=0.00 age=0w bankroll=$866.06[0m
[96m2026-04-10 02:20:00.239 [INFO] strategy.window_handler: KELLY wr_adj=85.8% base=97.9% total_disc=9.1% vol=21.6% chop=42.9% outcome=76.2% feedback=+0.0%[0m
[96m2026-04-10 02:20:00.239 [INFO] __main__: window open price captured: 72208.11 (tier 0 — oracle boundary, oracle_age=2000ms)[0m
[96m2026-04-10 02:20:00.239 [INFO] __main__: window open price captured: 72203.51 (binance)[0m
2026-04-10 02:20:00.239 [INFO] strategy.momentum_signal: momentum_signal: waiting for full market data
2026-04-10 02:20:00.856 [INFO] market_data.clob_market_ws: CLOB market subscribed for tokens up=385915636047 down=104596243470
[2m2026-04-10 02:20:23.853 [INFO] __main__: STATUS t=276s delta=0.0169% dir=up agree=False chain=72220.29 bin=72200.37 open=72208.11 obi=-0.9937 ask_up=0.57 ask_dn=0.44 bid_up=0.56 bid_dn=0.43 halted=False[0m
[2m2026-04-10 02:20:53.975 [INFO] __main__: STATUS t=246s delta=0.0055% dir=up agree=True chain=72212.05 bin=72211.56 open=72208.11 obi=-0.6764 ask_up=0.53 ask_dn=0.48 bid_up=0.52 bid_dn=0.47 halted=False[0m
[2m2026-04-10 02:21:24.136 [INFO] __main__: STATUS t=216s delta=0.0025% dir=up agree=False chain=72209.91 bin=72206.31 open=72208.11 obi=0.7135 ask_up=0.58 ask_dn=0.43 bid_up=0.57 bid_dn=0.42 halted=False[0m
[2m2026-04-10 02:21:54.259 [INFO] __main__: STATUS t=186s delta=-0.0060% dir=down agree=True chain=72203.80 bin=72196.92 open=72208.11 obi=0.2689 ask_up=0.46 ask_dn=0.55 bid_up=0.45 bid_dn=0.54 halted=False[0m
[2m2026-04-10 02:22:24.387 [INFO] __main__: STATUS t=156s delta=-0.0016% dir=down agree=True chain=72206.92 bin=72203.22 open=72208.11 obi=0.0867 ask_up=0.50 ask_dn=0.51 bid_up=0.49 bid_dn=0.50 halted=False[0m
2026-04-10 02:22:40.198 [INFO] strategy.momentum_signal: signal_eval rank=1 side=up latest_pct=0.0167 stddev=0.0108 n=160 min_delta=0.07 max_var=0.050
[37m2026-04-10 02:22:40.198 [INFO] strategy.momentum_signal: [SKIP] rank=1 side=up reason=conditions_not_met latest_pct=0.0167 need=>=0.07 stddev=0.0108 max_var=0.050[0m
[2m2026-04-10 02:22:54.500 [INFO] __main__: STATUS t=125s delta=0.0111% dir=up agree=False chain=72216.10 bin=72205.35 open=72208.11 obi=-0.8966 ask_up=0.49 ask_dn=0.52 bid_up=0.48 bid_dn=0.51 halted=False[0m
[2m2026-04-10 02:23:24.662 [INFO] __main__: STATUS t=95s delta=-0.0030% dir=down agree=True chain=72205.96 bin=72204.46 open=72208.11 obi=-0.5171 ask_up=0.51 ask_dn=0.50 bid_up=0.50 bid_dn=0.49 halted=False[0m
[2m2026-04-10 02:23:54.791 [INFO] __main__: STATUS t=65s delta=0.0027% dir=up agree=False chain=72210.07 bin=72194.16 open=72208.11 obi=-0.8721 ask_up=0.38 ask_dn=0.63 bid_up=0.37 bid_dn=0.62 halted=False[0m
[2m2026-04-10 02:24:24.981 [INFO] __main__: STATUS t=35s delta=0.0016% dir=up agree=False chain=72209.29 bin=72204.33 open=72208.11 obi=0.3570 ask_up=0.62 ask_dn=0.39 bid_up=0.61 bid_dn=0.38 halted=False[0m
[2m2026-04-10 02:24:55.112 [INFO] __main__: STATUS t=5s delta=0.0027% dir=up agree=False chain=72210.09 bin=72204.55 open=72208.11 obi=0.9911 ask_up=0.29 ask_dn=0.72 bid_up=0.28 bid_dn=0.71 halted=False[0m
[37m2026-04-10 02:25:00.136 [INFO] execution.paper_trading: paper window_ts=1775787600 [SKIP] pnl=0.0000 direction=down outcome=down - balance=$1017.57 bid_up=0.01 ask_up=0.01 bid_dn=0.99 ask_dn=1.00[0m
[93m[1m2026-04-10 02:25:00.136 [INFO] risk.position_tracker: WINDOW_SUMMARY window_pnl=$0.0000 session_pnl=$15.8632 won=$17.9432 lost=$2.0800 wr=75.0% (3/4) consec_losses=0[0m
[96m2026-04-10 02:25:00.138 [INFO] strategy.window_handler: REGIME chop_detected flips=24 delta_range=0.0487% avg_flips=9.5 over=6_windows[0m
[37m2026-04-10 02:25:00.148 [INFO] strategy.window_handler: WINDOW_DECISION [SKIP] rank=1 side=up pnl=$0.0000 entry=0.00 size=$0.00 (conditions not met)[0m
[96m[1m2026-04-10 02:25:00.148 [INFO] strategy.window_tracker: new window: btc-updown-5m-1775787900 (ts=1775787900)[0m
[96m2026-04-10 02:25:00.207 [INFO] strategy.window_handler: REGIME vol_stddev=0.143% chop_flips=9.5 outcome=1U/5D over 6w sprt=dormant llr=0.00 age=1w bankroll=$866.06[0m
[96m2026-04-10 02:25:00.208 [INFO] strategy.window_handler: KELLY wr_adj=83.8% base=97.9% total_disc=11.1% vol=21.7% chop=92.9% outcome=76.2% feedback=+0.0%[0m
[96m2026-04-10 02:25:00.208 [INFO] __main__: window open price captured: 72200.61 (tier 0 — oracle boundary, oracle_age=2000ms)[0m
[96m2026-04-10 02:25:00.208 [INFO] __main__: window open price captured: 72187.58 (binance)[0m
2026-04-10 02:25:00.208 [INFO] strategy.momentum_signal: momentum_signal: waiting for full market data
2026-04-10 02:25:01.070 [INFO] market_data.clob_market_ws: CLOB market subscribed for tokens up=769639611784 down=993936951903
[2m2026-04-10 02:25:25.356 [INFO] __main__: STATUS t=275s delta=-0.0007% dir=down agree=True chain=72200.11 bin=72194.47 open=72200.61 obi=0.8910 ask_up=0.59 ask_dn=0.42 bid_up=0.58 bid_dn=0.41 halted=False[0m
[2m2026-04-10 02:25:55.478 [INFO] __main__: STATUS t=245s delta=0.0548% dir=up agree=True chain=72240.16 bin=72239.90 open=72200.61 obi=-0.0562 ask_up=0.76 ask_dn=0.25 bid_up=0.75 bid_dn=0.24 halted=False[0m
[2m2026-04-10 02:26:25.622 [INFO] __main__: STATUS t=214s delta=0.0178% dir=up agree=True chain=72213.44 bin=72211.28 open=72200.61 obi=0.7331 ask_up=0.65 ask_dn=0.36 bid_up=0.64 bid_dn=0.35 halted=False[0m
[2m2026-04-10 02:26:55.750 [INFO] __main__: STATUS t=184s delta=0.0186% dir=up agree=False chain=72214.05 bin=72196.00 open=72200.61 obi=-0.8770 ask_up=0.63 ask_dn=0.43 bid_up=0.57 bid_dn=0.37 halted=False[0m
[2m2026-04-10 02:27:25.888 [INFO] __main__: STATUS t=154s delta=0.0090% dir=up agree=False chain=72207.09 bin=72199.98 open=72200.61 obi=0.9540 ask_up=0.66 ask_dn=0.36 bid_up=0.64 bid_dn=0.34 halted=False[0m
2026-04-10 02:27:40.197 [INFO] strategy.momentum_signal: signal_eval rank=1 side=up latest_pct=-0.0009 stddev=0.0031 n=160 min_delta=0.07 max_var=0.050
[37m2026-04-10 02:27:40.197 [INFO] strategy.momentum_signal: [SKIP] rank=1 side=up reason=conditions_not_met latest_pct=-0.0009 need=>=0.07 stddev=0.0031 max_var=0.050[0m
[2m2026-04-10 02:27:56.012 [INFO] __main__: STATUS t=124s delta=-0.0022% dir=down agree=True chain=72199.05 bin=72188.27 open=72200.61 obi=-0.7102 ask_up=0.47 ask_dn=0.54 bid_up=0.46 bid_dn=0.53 halted=False[0m
[2m2026-04-10 02:28:26.142 [INFO] __main__: STATUS t=94s delta=-0.0233% dir=down agree=True chain=72183.80 bin=72178.24 open=72200.61 obi=0.3436 ask_up=0.50 ask_dn=0.51 bid_up=0.49 bid_dn=0.50 halted=False[0m
[2m2026-04-10 02:28:56.276 [INFO] __main__: STATUS t=64s delta=-0.0249% dir=down agree=True chain=72182.65 bin=72178.94 open=72200.61 obi=0.2948 ask_up=0.45 ask_dn=0.56 bid_up=0.44 bid_dn=0.55 halted=False[0m
[2m2026-04-10 02:29:26.428 [INFO] __main__: STATUS t=34s delta=-0.0388% dir=down agree=True chain=72172.63 bin=72168.63 open=72200.61 obi=-0.8090 ask_up=0.17 ask_dn=0.84 bid_up=0.16 bid_dn=0.83 halted=False[0m
[2m2026-04-10 02:29:56.559 [INFO] __main__: STATUS t=3s delta=-0.0278% dir=down agree=True chain=72180.52 bin=72179.65 open=72200.61 obi=0.4238 ask_up=0.13 ask_dn=0.89 bid_up=0.11 bid_dn=0.87 halted=False[0m
[37m2026-04-10 02:30:00.075 [INFO] execution.paper_trading: paper window_ts=1775787900 [SKIP] pnl=0.0000 direction=down outcome=down - balance=$1017.57 bid_up=0.03 ask_up=0.04 bid_dn=0.96 ask_dn=0.97[0m
[93m[1m2026-04-10 02:30:00.075 [INFO] risk.position_tracker: WINDOW_SUMMARY window_pnl=$0.0000 session_pnl=$15.8632 won=$17.9432 lost=$2.0800 wr=75.0% (3/4) consec_losses=0[0m
[96m2026-04-10 02:30:00.077 [INFO] strategy.window_handler: REGIME chop_detected flips=4 delta_range=0.1043% avg_flips=9.8 over=6_windows[0m
[37m2026-04-10 02:30:00.081 [INFO] strategy.window_handler: WINDOW_DECISION [SKIP] rank=1 side=up pnl=$0.0000 entry=0.00 size=$0.00 (conditions not met)[0m
[96m[1m2026-04-10 02:30:00.081 [INFO] strategy.window_tracker: new window: btc-updown-5m-1775788200 (ts=1775788200)[0m
[96m2026-04-10 02:30:00.156 [INFO] strategy.window_handler: REGIME vol_stddev=0.140% chop_flips=9.8 outcome=1U/5D over 6w sprt=dormant llr=0.00 age=2w bankroll=$866.06[0m
[96m2026-04-10 02:30:00.156 [INFO] strategy.window_handler: KELLY wr_adj=83.2% base=97.9% total_disc=11.7% vol=19.8% chop=97.6% outcome=76.2% feedback=+0.0%[0m
[96m2026-04-10 02:30:00.157 [INFO] __main__: window open price captured: 72180.80 (tier 0 — oracle boundary, oracle_age=2000ms)[0m
[96m2026-04-10 02:30:00.157 [INFO] __main__: window open price captured: 72179.65 (binance)[0m
2026-04-10 02:30:00.157 [INFO] strategy.momentum_signal: momentum_signal: waiting for full market data
2026-04-10 02:30:00.258 [INFO] market_data.clob_market_ws: CLOB market subscribed for tokens up=306509132695 down=814850340924
[2m2026-04-10 02:30:26.800 [INFO] __main__: STATUS t=273s delta=0.0183% dir=up agree=True chain=72194.01 bin=72184.02 open=72180.80 obi=-0.9655 ask_up=0.54 ask_dn=0.47 bid_up=0.53 bid_dn=0.46 halted=False[0m
[2m2026-04-10 02:30:56.934 [INFO] __main__: STATUS t=243s delta=-0.0336% dir=down agree=True chain=72156.52 bin=72150.00 open=72180.80 obi=0.4271 ask_up=0.35 ask_dn=0.66 bid_up=0.34 bid_dn=0.65 halted=False[0m
[2m2026-04-10 02:31:27.070 [INFO] __main__: STATUS t=213s delta=-0.0308% dir=down agree=True chain=72158.57 bin=72153.06 open=72180.80 obi=0.1509 ask_up=0.44 ask_dn=0.57 bid_up=0.43 bid_dn=0.56 halted=False[0m
[2m2026-04-10 02:31:57.195 [INFO] __main__: STATUS t=183s delta=-0.0259% dir=down agree=True chain=72162.10 bin=72157.99 open=72180.80 obi=0.2768 ask_up=0.48 ask_dn=0.53 bid_up=0.47 bid_dn=0.52 halted=False[0m
[2m2026-04-10 02:32:27.320 [INFO] __main__: STATUS t=153s delta=0.0017% dir=up agree=False chain=72182.02 bin=72177.31 open=72180.80 obi=0.6425 ask_up=0.62 ask_dn=0.39 bid_up=0.61 bid_dn=0.38 halted=False[0m
2026-04-10 02:32:40.124 [INFO] strategy.momentum_signal: signal_eval rank=1 side=up latest_pct=-0.0016 stddev=0.0069 n=159 min_delta=0.07 max_var=0.050
[37m2026-04-10 02:32:40.124 [INFO] strategy.momentum_signal: [SKIP] rank=1 side=up reason=conditions_not_met latest_pct=-0.0016 need=>=0.07 stddev=0.0069 max_var=0.050[0m
[2m2026-04-10 02:32:57.442 [INFO] __main__: STATUS t=123s delta=0.0161% dir=up agree=True chain=72192.43 bin=72192.00 open=72180.80 obi=0.1675 ask_up=0.68 ask_dn=0.33 bid_up=0.67 bid_dn=0.32 halted=False[0m
[2m2026-04-10 02:33:27.576 [INFO] __main__: STATUS t=92s delta=0.0657% dir=up agree=True chain=72228.24 bin=72224.98 open=72180.80 obi=0.9198 ask_up=0.74 ask_dn=0.27 bid_up=0.73 bid_dn=0.26 halted=False[0m
[2m2026-04-10 02:33:57.698 [INFO] __main__: STATUS t=62s delta=0.0348% dir=up agree=True chain=72205.95 bin=72203.33 open=72180.80 obi=-0.5854 ask_up=0.47 ask_dn=0.54 bid_up=0.46 bid_dn=0.53 halted=False[0m
[2m2026-04-10 02:34:27.833 [INFO] __main__: STATUS t=32s delta=0.0230% dir=up agree=True chain=72197.42 bin=72191.00 open=72180.80 obi=-0.9161 ask_up=0.50 ask_dn=0.51 bid_up=0.49 bid_dn=0.50 halted=False[0m
[2m2026-04-10 02:34:57.956 [INFO] __main__: STATUS t=2s delta=0.0139% dir=up agree=True chain=72190.82 bin=72186.00 open=72180.80 obi=-0.4856 ask_up=0.99 ask_dn=0.99 bid_up=0.01 bid_dn=0.01 halted=False[0m
[37m2026-04-10 02:35:00.217 [INFO] execution.paper_trading: paper window_ts=1775788200 [SKIP] pnl=0.0000 direction=up outcome=up - balance=$1017.57 bid_up=0.98 ask_up=0.99 bid_dn=0.01 ask_dn=0.02[0m
[93m[1m2026-04-10 02:35:00.218 [INFO] risk.position_tracker: WINDOW_SUMMARY window_pnl=$0.0000 session_pnl=$15.8632 won=$17.9432 lost=$2.0800 wr=75.0% (3/4) consec_losses=0[0m
[96m2026-04-10 02:35:00.222 [INFO] strategy.window_handler: REGIME chop_detected flips=8 delta_range=0.1244% avg_flips=9.8 over=6_windows[0m
[37m2026-04-10 02:35:00.225 [INFO] strategy.window_handler: WINDOW_DECISION [SKIP] rank=1 side=up pnl=$0.0000 entry=0.00 size=$0.00 (conditions not met)[0m
[96m[1m2026-04-10 02:35:00.226 [INFO] strategy.window_tracker: new window: btc-updown-5m-1775788500 (ts=1775788500)[0m
[96m2026-04-10 02:35:00.283 [INFO] strategy.window_handler: REGIME vol_stddev=0.139% chop_flips=9.8 outcome=2U/4D over 6w sprt=dormant llr=0.00 age=3w bankroll=$866.06[0m
[96m2026-04-10 02:35:00.283 [INFO] strategy.window_handler: KELLY wr_adj=83.2% base=97.9% total_disc=11.7% vol=19.3% chop=97.6% outcome=38.1% feedback=+0.0%[0m
[96m2026-04-10 02:35:00.283 [INFO] __main__: window open price captured: 72190.77 (tier 0 — oracle boundary, oracle_age=2000ms)[0m
[96m2026-04-10 02:35:00.283 [INFO] __main__: window open price captured: 72186.01 (binance)[0m
2026-04-10 02:35:00.284 [INFO] strategy.momentum_signal: momentum_signal: waiting for full market data
2026-04-10 02:35:00.444 [INFO] market_data.clob_market_ws: CLOB market subscribed for tokens up=552870750386 down=904569508971
2026-04-10 02:35:03.001 [INFO] shared.ipc: IPC: received authenticated signal_update (summary=signals_summary_1775788503.json)
2026-04-10 02:35:03.001 [INFO] __main__: received new signal from orchestrator: rank=1 side=Up
[2m2026-04-10 02:35:28.180 [INFO] __main__: STATUS t=272s delta=-0.0020% dir=down agree=True chain=72189.29 bin=72188.34 open=72190.77 obi=-0.2873 ask_up=0.50 ask_dn=0.51 bid_up=0.49 bid_dn=0.50 halted=False[0m
[2m2026-04-10 02:35:58.301 [INFO] __main__: STATUS t=242s delta=-0.0279% dir=down agree=True chain=72170.64 bin=72163.63 open=72190.77 obi=-0.6125 ask_up=0.35 ask_dn=0.66 bid_up=0.34 bid_dn=0.65 halted=False[0m
[2m2026-04-10 02:36:28.418 [INFO] __main__: STATUS t=212s delta=-0.0037% dir=down agree=True chain=72188.07 bin=72181.94 open=72190.77 obi=-0.3045 ask_up=0.48 ask_dn=0.53 bid_up=0.47 bid_dn=0.52 halted=False[0m
[2m2026-04-10 02:36:58.540 [INFO] __main__: STATUS t=181s delta=-0.0129% dir=down agree=True chain=72181.48 bin=72177.56 open=72190.77 obi=-0.3190 ask_up=0.48 ask_dn=0.53 bid_up=0.47 bid_dn=0.52 halted=False[0m
[2m2026-04-10 02:37:28.680 [INFO] __main__: STATUS t=151s delta=-0.0175% dir=down agree=True chain=72178.16 bin=72181.93 open=72190.77 obi=0.7658 ask_up=0.60 ask_dn=0.41 bid_up=0.59 bid_dn=0.40 halted=False[0m
2026-04-10 02:37:40.230 [INFO] strategy.momentum_signal: signal_eval rank=1 side=up latest_pct=-0.0122 stddev=0.0085 n=160 min_delta=0.07 max_var=0.050
[37m2026-04-10 02:37:40.230 [INFO] strategy.momentum_signal: [SKIP] rank=1 side=up reason=conditions_not_met latest_pct=-0.0122 need=>=0.07 stddev=0.0085 max_var=0.050[0m
[2m2026-04-10 02:37:58.801 [INFO] __main__: STATUS t=121s delta=-0.0157% dir=down agree=False chain=72179.42 bin=72194.00 open=72190.77 obi=-0.2462 ask_up=0.58 ask_dn=0.44 bid_up=0.56 bid_dn=0.42 halted=False[0m
[2m2026-04-10 02:38:28.925 [INFO] __main__: STATUS t=91s delta=0.0226% dir=up agree=True chain=72207.05 bin=72200.00 open=72190.77 obi=-0.7881 ask_up=0.58 ask_dn=0.43 bid_up=0.57 bid_dn=0.42 halted=False[0m
[2m2026-04-10 02:38:59.040 [INFO] __main__: STATUS t=61s delta=-0.0198% dir=down agree=True chain=72176.47 bin=72175.37 open=72190.77 obi=-0.7573 ask_up=0.39 ask_dn=0.62 bid_up=0.38 bid_dn=0.61 halted=False[0m
[2m2026-04-10 02:39:29.270 [INFO] __main__: STATUS t=31s delta=-0.0250% dir=down agree=True chain=72172.72 bin=72167.13 open=72190.77 obi=0.2901 ask_up=0.38 ask_dn=0.63 bid_up=0.37 bid_dn=0.62 halted=False[0m
[2m2026-04-10 02:39:59.396 [INFO] __main__: STATUS t=1s delta=-0.0236% dir=down agree=True chain=72173.76 bin=72167.12 open=72190.77 obi=0.1545 ask_up=0.01 ask_dn=1.00 bid_up=0.02 bid_dn=0.99 halted=False[0m
[37m2026-04-10 02:40:00.150 [INFO] execution.paper_trading: paper window_ts=1775788500 [SKIP] pnl=0.0000 direction=down outcome=down - balance=$1017.57 bid_up=0.02 ask_up=0.01 bid_dn=0.99 ask_dn=1.00[0m
[93m[1m2026-04-10 02:40:00.150 [INFO] risk.position_tracker: WINDOW_SUMMARY window_pnl=$0.0000 session_pnl=$15.8632 won=$17.9432 lost=$2.0800 wr=75.0% (3/4) consec_losses=0[0m
[96m2026-04-10 02:40:00.154 [INFO] strategy.window_handler: REGIME chop_detected flips=5 delta_range=0.0724% avg_flips=9.7 over=6_windows[0m
[37m2026-04-10 02:40:00.159 [INFO] strategy.window_handler: WINDOW_DECISION [SKIP] rank=1 side=up pnl=$0.0000 entry=0.00 size=$0.00 (conditions not met)[0m
[95m2026-04-10 02:40:00.160 [INFO] strategy.window_handler: Signal refreshed (same pattern): up_180.0_140.0_0.07_0.05 — rank 1->1, keeping SPRT state (age=4w, trades=0, LLR=0.00)[0m
2026-04-10 02:40:00.160 [INFO] strategy.window_handler: SIGNAL_SWAP_ACTIVE: {"rank":1,"side":"up","observeFromS":180.0,"observeToS":140.0,"minDeltaPct":0.07,"maxVariancePct":0.05,"trainWinRatePct":90.65,"oosWinRatePct":97.87,"oosBhAdjustedPValue":1.35382e-17,"oosMatches":47,"avgEntryPrice":0.8994,"evPerTrade":0.0494,"smartScore":24.63,"wfFoldsAppeared":4,"wfTotalTestFolds":6,"wfFoldIndices":[4,5,6,7]}
2026-04-10 02:40:00.160 [INFO] strategy.window_handler: switched to new signal: #1 up (previous: #1 up)
[96m[1m2026-04-10 02:40:00.160 [INFO] strategy.window_tracker: new window: btc-updown-5m-1775788800 (ts=1775788800)[0m
[96m2026-04-10 02:40:00.238 [INFO] strategy.window_handler: REGIME vol_stddev=0.139% chop_flips=9.7 outcome=1U/5D over 6w sprt=dormant llr=0.00 age=4w bankroll=$866.06[0m
[96m2026-04-10 02:40:00.239 [INFO] strategy.window_handler: KELLY wr_adj=83.4% base=97.9% total_disc=11.4% vol=19.3% chop=95.2% outcome=76.2% feedback=+0.0%[0m
[96m2026-04-10 02:40:00.239 [INFO] __main__: window open price captured: 72173.40 (tier 0 — oracle boundary, oracle_age=1000ms)[0m
[96m2026-04-10 02:40:00.239 [INFO] __main__: window open price captured: 72167.12 (binance)[0m
2026-04-10 02:40:00.240 [INFO] strategy.momentum_signal: momentum_signal: waiting for full market data
2026-04-10 02:40:00.646 [INFO] market_data.clob_market_ws: CLOB market subscribed for tokens up=106742118113 down=320886735722
[2m2026-04-10 02:40:29.644 [INFO] __main__: STATUS t=270s delta=-0.0032% dir=down agree=True chain=72171.09 bin=72166.07 open=72173.40 obi=-0.1279 ask_up=0.49 ask_dn=0.52 bid_up=0.48 bid_dn=0.51 halted=False[0m
[2m2026-04-10 02:40:59.768 [INFO] __main__: STATUS t=240s delta=0.0123% dir=up agree=True chain=72182.26 bin=72180.52 open=72173.40 obi=-0.6454 ask_up=0.59 ask_dn=0.42 bid_up=0.58 bid_dn=0.41 halted=False[0m
[2m2026-04-10 02:41:29.900 [INFO] __main__: STATUS t=210s delta=0.0119% dir=up agree=True chain=72182.00 bin=72180.53 open=72173.40 obi=-0.1899 ask_up=0.56 ask_dn=0.45 bid_up=0.55 bid_dn=0.44 halted=False[0m
[2m2026-04-10 02:42:00.020 [INFO] __main__: STATUS t=180s delta=-0.0068% dir=down agree=True chain=72168.47 bin=72160.21 open=72173.40 obi=-0.4477 ask_up=0.40 ask_dn=0.61 bid_up=0.39 bid_dn=0.60 halted=False[0m
[2m2026-04-10 02:42:30.257 [INFO] __main__: STATUS t=150s delta=-0.0344% dir=down agree=True chain=72148.61 bin=72143.05 open=72173.40 obi=-0.4544 ask_up=0.38 ask_dn=0.63 bid_up=0.37 bid_dn=0.62 halted=False[0m
2026-04-10 02:42:40.049 [INFO] strategy.momentum_signal: signal_eval rank=1 side=up latest_pct=-0.0421 stddev=0.0091 n=159 min_delta=0.07 max_var=0.050
[37m2026-04-10 02:42:40.049 [INFO] strategy.momentum_signal: [SKIP] rank=1 side=up reason=conditions_not_met latest_pct=-0.0421 need=>=0.07 stddev=0.0091 max_var=0.050[0m
[2m2026-04-10 02:43:00.379 [INFO] __main__: STATUS t=120s delta=-0.0566% dir=down agree=True chain=72132.53 bin=72129.19 open=72173.40 obi=0.3519 ask_up=0.99 ask_dn=0.99 bid_up=0.01 bid_dn=0.01 halted=False[0m
[2m2026-04-10 02:43:30.518 [INFO] __main__: STATUS t=89s delta=-0.0574% dir=down agree=True chain=72131.97 bin=72129.03 open=72173.40 obi=0.4547 ask_up=0.24 ask_dn=0.77 bid_up=0.23 bid_dn=0.76 halted=False[0m
[2m2026-04-10 02:44:00.642 [INFO] __main__: STATUS t=59s delta=-0.0553% dir=down agree=True chain=72133.48 bin=72129.04 open=72173.40 obi=0.9688 ask_up=0.17 ask_dn=0.84 bid_up=0.16 bid_dn=0.83 halted=False[0m
[2m2026-04-10 02:44:30.856 [INFO] __main__: STATUS t=29s delta=-0.0335% dir=down agree=True chain=72149.24 bin=72141.21 open=72173.40 obi=0.2202 ask_up=0.22 ask_dn=0.79 bid_up=0.21 bid_dn=0.78 halted=False[0m
[37m2026-04-10 02:45:00.228 [INFO] execution.paper_trading: paper window_ts=1775788800 [SKIP] pnl=0.0000 direction=down outcome=down - balance=$1017.57 bid_up=0.01 ask_up=0.01 bid_dn=0.99 ask_dn=1.00[0m
[93m[1m2026-04-10 02:45:00.228 [INFO] risk.position_tracker: WINDOW_SUMMARY window_pnl=$0.0000 session_pnl=$15.8632 won=$17.9432 lost=$2.0800 wr=75.0% (3/4) consec_losses=0[0m
[96m2026-04-10 02:45:00.230 [INFO] strategy.window_handler: REGIME chop_detected flips=6 delta_range=0.0762% avg_flips=10.2 over=6_windows[0m
[37m2026-04-10 02:45:00.235 [INFO] strategy.window_handler: WINDOW_DECISION [SKIP] rank=1 side=up pnl=$0.0000 entry=0.00 size=$0.00 (conditions not met)[0m
[96m[1m2026-04-10 02:45:00.235 [INFO] strategy.window_tracker: new window: btc-updown-5m-1775789100 (ts=1775789100)[0m
[96m2026-04-10 02:45:00.293 [INFO] strategy.window_handler: REGIME vol_stddev=0.138% chop_flips=10.2 outcome=1U/5D over 6w sprt=dormant llr=0.00 age=5w bankroll=$866.06[0m
[96m2026-04-10 02:45:00.294 [INFO] strategy.window_handler: KELLY wr_adj=82.9% base=97.9% total_disc=12.0% vol=19.0% chop=100.0% outcome=76.2% feedback=+0.0%[0m
[96m2026-04-10 02:45:00.294 [INFO] __main__: window open price captured: 72159.86 (tier 0 — oracle boundary, oracle_age=1000ms)[0m
[96m2026-04-10 02:45:00.294 [INFO] __main__: window open price captured: 72154.64 (binance)[0m
2026-04-10 02:45:00.295 [INFO] strategy.momentum_signal: momentum_signal: waiting for full market data
2026-04-10 02:45:00.870 [INFO] market_data.clob_market_ws: CLOB market subscribed for tokens up=872484927877 down=805399696462
[2m2026-04-10 02:45:01.048 [INFO] __main__: STATUS t=299s delta=0.0000% dir=none agree=False chain=72159.86 bin=72154.64 open=72159.86 obi=0.0717 ask_up=0.53 ask_dn=0.48 bid_up=0.52 bid_dn=0.47 halted=False[0m
[2m2026-04-10 02:45:31.179 [INFO] __main__: STATUS t=269s delta=-0.0339% dir=down agree=True chain=72135.39 bin=72133.13 open=72159.86 obi=-0.8341 ask_up=0.45 ask_dn=0.56 bid_up=0.44 bid_dn=0.55 halted=False[0m
[2m2026-04-10 02:46:01.292 [INFO] __main__: STATUS t=239s delta=-0.0565% dir=down agree=True chain=72119.08 bin=72121.94 open=72159.86 obi=0.5840 ask_up=0.53 ask_dn=0.48 bid_up=0.52 bid_dn=0.47 halted=False[0m
[2m2026-04-10 02:46:31.423 [INFO] __main__: STATUS t=209s delta=-0.0893% dir=down agree=True chain=72095.40 bin=72091.30 open=72159.86 obi=0.4964 ask_up=0.37 ask_dn=0.64 bid_up=0.36 bid_dn=0.63 halted=False[0m
[2m2026-04-10 02:47:01.549 [INFO] __main__: STATUS t=178s delta=-0.0915% dir=down agree=True chain=72093.82 bin=72082.85 open=72159.86 obi=0.8456 ask_up=0.21 ask_dn=0.80 bid_up=0.20 bid_dn=0.79 halted=False[0m
[2m2026-04-10 02:47:31.675 [INFO] __main__: STATUS t=148s delta=-0.0949% dir=down agree=True chain=72091.36 bin=72087.20 open=72159.86 obi=-0.7964 ask_up=0.17 ask_dn=0.84 bid_up=0.16 bid_dn=0.83 halted=False[0m
2026-04-10 02:47:40.212 [INFO] strategy.momentum_signal: signal_eval rank=1 side=up latest_pct=-0.1096 stddev=0.0068 n=160 min_delta=0.07 max_var=0.050
[37m2026-04-10 02:47:40.213 [INFO] strategy.momentum_signal: [SKIP] rank=1 side=up reason=conditions_not_met latest_pct=-0.1096 need=>=0.07 stddev=0.0068 max_var=0.050[0m
[2m2026-04-10 02:48:01.814 [INFO] __main__: STATUS t=118s delta=-0.1115% dir=down agree=True chain=72079.40 bin=72074.96 open=72159.86 obi=0.4131 ask_up=0.10 ask_dn=0.91 bid_up=0.09 bid_dn=0.90 halted=False[0m
[2m2026-04-10 02:48:31.962 [INFO] __main__: STATUS t=88s delta=-0.1262% dir=down agree=True chain=72068.79 bin=72055.51 open=72159.86 obi=-0.4236 ask_up=0.04 ask_dn=0.97 bid_up=0.03 bid_dn=0.96 halted=False[0m
[2m2026-04-10 02:49:02.106 [INFO] __main__: STATUS t=58s delta=-0.1623% dir=down agree=True chain=72042.76 bin=72044.00 open=72159.86 obi=0.7083 ask_up=0.02 ask_dn=0.99 bid_up=0.01 bid_dn=0.98 halted=False[0m
[2m2026-04-10 02:49:32.236 [INFO] __main__: STATUS t=28s delta=-0.1798% dir=down agree=True chain=72030.12 bin=72022.00 open=72159.86 obi=-0.9728 ask_up=0.01 ask_dn=1.00 bid_up=0.01 bid_dn=0.99 halted=False[0m
[37m2026-04-10 02:50:00.119 [INFO] execution.paper_trading: paper window_ts=1775789100 [SKIP] pnl=0.0000 direction=down outcome=down - balance=$1017.57 bid_up=0.00 ask_up=0.00 bid_dn=1.00 ask_dn=1.00[0m
[93m[1m2026-04-10 02:50:00.120 [INFO] risk.position_tracker: WINDOW_SUMMARY window_pnl=$0.0000 session_pnl=$15.8632 won=$17.9432 lost=$2.0800 wr=75.0% (3/4) consec_losses=0[0m
[37m2026-04-10 02:50:00.126 [INFO] strategy.window_handler: WINDOW_DECISION [SKIP] rank=1 side=up pnl=$0.0000 entry=0.00 size=$0.00 (conditions not met)[0m
[96m[1m2026-04-10 02:50:00.126 [INFO] strategy.window_tracker: new window: btc-updown-5m-1775789400 (ts=1775789400)[0m
[96m2026-04-10 02:50:00.191 [INFO] strategy.window_handler: REGIME vol_stddev=0.146% chop_flips=7.8 outcome=1U/5D over 6w sprt=dormant llr=0.00 age=6w bankroll=$866.06[0m
[96m2026-04-10 02:50:00.191 [INFO] strategy.window_handler: KELLY wr_adj=85.7% base=97.9% total_disc=9.1% vol=22.9% chop=69.0% outcome=76.2% feedback=+0.0%[0m
[96m2026-04-10 02:50:00.191 [INFO] __main__: window open price captured: 71999.52 (tier 0 — oracle boundary, oracle_age=2000ms)[0m
[96m2026-04-10 02:50:00.192 [INFO] __main__: window open price captured: 71999.39 (binance)[0m
2026-04-10 02:50:00.192 [INFO] strategy.momentum_signal: momentum_signal: waiting for full market data
2026-04-10 02:50:01.098 [INFO] market_data.clob_market_ws: CLOB market subscribed for tokens up=395386978431 down=949886053317
[2m2026-04-10 02:50:02.478 [INFO] __main__: STATUS t=298s delta=0.0090% dir=up agree=False chain=72006.03 bin=71999.39 open=71999.52 obi=0.1526 ask_up=0.55 ask_dn=0.46 bid_up=0.54 bid_dn=0.45 halted=False[0m
2026-04-10 02:50:15.848 [INFO] shared.ipc: IPC: received authenticated signal_update (summary=signals_summary_1775789415.json)
2026-04-10 02:50:15.848 [INFO] __main__: received new signal from orchestrator: rank=1 side=Up
[2m2026-04-10 02:50:32.605 [INFO] __main__: STATUS t=267s delta=-0.0495% dir=down agree=True chain=71963.88 bin=71961.71 open=71999.52 obi=0.3710 ask_up=0.29 ask_dn=0.72 bid_up=0.28 bid_dn=0.71 halted=False[0m
[2m2026-04-10 02:51:02.736 [INFO] __main__: STATUS t=237s delta=-0.0655% dir=down agree=True chain=71952.35 bin=71948.92 open=71999.52 obi=0.2367 ask_up=0.25 ask_dn=0.76 bid_up=0.24 bid_dn=0.75 halted=False[0m
[2m2026-04-10 02:51:32.859 [INFO] __main__: STATUS t=207s delta=-0.0560% dir=down agree=True chain=71959.21 bin=71957.79 open=71999.52 obi=0.1958 ask_up=0.29 ask_dn=0.72 bid_up=0.28 bid_dn=0.71 halted=False[0m
[2m2026-04-10 02:52:02.969 [INFO] __main__: STATUS t=177s delta=0.0090% dir=up agree=True chain=72006.00 bin=72002.68 open=71999.52 obi=0.5743 ask_up=0.47 ask_dn=0.54 bid_up=0.46 bid_dn=0.53 halted=False[0m
[2m2026-04-10 02:52:33.095 [INFO] __main__: STATUS t=147s delta=-0.0303% dir=down agree=True chain=71977.73 bin=71969.36 open=71999.52 obi=-0.9088 ask_up=0.27 ask_dn=0.74 bid_up=0.26 bid_dn=0.73 halted=False[0m
2026-04-10 02:52:40.123 [INFO] strategy.momentum_signal: signal_eval rank=1 side=up latest_pct=-0.0419 stddev=0.0163 n=159 min_delta=0.07 max_var=0.050
[37m2026-04-10 02:52:40.124 [INFO] strategy.momentum_signal: [SKIP] rank=1 side=up reason=conditions_not_met latest_pct=-0.0419 need=>=0.07 stddev=0.0163 max_var=0.050[0m
[2m2026-04-10 02:53:03.226 [INFO] __main__: STATUS t=117s delta=-0.0678% dir=down agree=True chain=71950.73 bin=71942.01 open=71999.52 obi=-0.9161 ask_up=0.17 ask_dn=0.84 bid_up=0.16 bid_dn=0.83 halted=False[0m
[2m2026-04-10 02:53:33.343 [INFO] __main__: STATUS t=87s delta=-0.0840% dir=down agree=True chain=71939.03 bin=71941.98 open=71999.52 obi=0.6088 ask_up=0.22 ask_dn=0.79 bid_up=0.21 bid_dn=0.78 halted=False[0m
[2m2026-04-10 02:54:03.480 [INFO] __main__: STATUS t=57s delta=-0.0679% dir=down agree=True chain=71950.65 bin=71944.62 open=71999.52 obi=0.4498 ask_up=0.22 ask_dn=0.79 bid_up=0.21 bid_dn=0.78 halted=False[0m
[2m2026-04-10 02:54:33.612 [INFO] __main__: STATUS t=26s delta=-0.0804% dir=down agree=True chain=71941.66 bin=71956.34 open=71999.52 obi=0.8130 ask_up=0.09 ask_dn=0.92 bid_up=0.08 bid_dn=0.91 halted=False[0m
[37m2026-04-10 02:55:00.228 [INFO] execution.paper_trading: paper window_ts=1775789400 [SKIP] pnl=0.0000 direction=down outcome=down - balance=$1017.57 bid_up=0.58 ask_up=0.61 bid_dn=0.39 ask_dn=0.42[0m
[93m[1m2026-04-10 02:55:00.228 [INFO] risk.position_tracker: WINDOW_SUMMARY window_pnl=$0.0000 session_pnl=$15.8632 won=$17.9432 lost=$2.0800 wr=75.0% (3/4) consec_losses=0[0m
[96m2026-04-10 02:55:00.230 [INFO] strategy.window_handler: REGIME chop_detected flips=6 delta_range=0.1156% avg_flips=4.8 over=6_windows[0m
[37m2026-04-10 02:55:00.233 [INFO] strategy.window_handler: WINDOW_DECISION [SKIP] rank=1 side=up pnl=$0.0000 entry=0.00 size=$0.00 (conditions not met)[0m
[95m2026-04-10 02:55:00.233 [INFO] strategy.window_handler: Signal refreshed (same pattern): up_180.0_140.0_0.07_0.05 — rank 1->1, keeping SPRT state (age=7w, trades=0, LLR=0.00)[0m
2026-04-10 02:55:00.233 [INFO] strategy.window_handler: SIGNAL_SWAP_ACTIVE: {"rank":1,"side":"up","observeFromS":180.0,"observeToS":140.0,"minDeltaPct":0.07,"maxVariancePct":0.05,"trainWinRatePct":90.65,"oosWinRatePct":97.78,"oosBhAdjustedPValue":2.53364e-17,"oosMatches":45,"avgEntryPrice":0.8976,"evPerTrade":0.0502,"smartScore":25.06,"wfFoldsAppeared":4,"wfTotalTestFolds":6,"wfFoldIndices":[4,5,6,7]}
2026-04-10 02:55:00.234 [INFO] strategy.window_handler: switched to new signal: #1 up (previous: #1 up)
[96m[1m2026-04-10 02:55:00.234 [INFO] strategy.window_tracker: new window: btc-updown-5m-1775789700 (ts=1775789700)[0m
2026-04-10 02:55:00.275 [INFO] market_data.clob_market_ws: CLOB market subscribed for tokens up=110885293296 down=570373997679
[96m2026-04-10 02:55:00.281 [INFO] strategy.window_handler: REGIME vol_stddev=0.146% chop_flips=4.8 outcome=1U/5D over 6w sprt=dormant llr=0.00 age=7w bankroll=$866.06[0m
[96m2026-04-10 02:55:00.281 [INFO] strategy.window_handler: KELLY wr_adj=85.6% base=97.8% total_disc=9.1% vol=22.9% chop=26.2% outcome=76.2% feedback=+0.0%[0m
[96m2026-04-10 02:55:00.282 [INFO] __main__: window open price captured: 71996.44 (tier 0 — oracle boundary, oracle_age=2000ms)[0m
[96m2026-04-10 02:55:00.282 [INFO] __main__: window open price captured: 72001.21 (binance)[0m
2026-04-10 02:55:00.282 [INFO] strategy.momentum_signal: momentum_signal: waiting for full market data
[2m2026-04-10 02:55:03.825 [INFO] __main__: STATUS t=296s delta=-0.0217% dir=down agree=True chain=71980.82 bin=71984.46 open=71996.44 obi=0.9952 ask_up=0.41 ask_dn=0.60 bid_up=0.40 bid_dn=0.59 halted=False[0m
[2m2026-04-10 02:55:33.949 [INFO] __main__: STATUS t=266s delta=-0.0117% dir=down agree=True chain=71988.04 bin=71993.00 open=71996.44 obi=-0.6212 ask_up=0.38 ask_dn=0.63 bid_up=0.37 bid_dn=0.62 halted=False[0m
[2m2026-04-10 02:56:04.111 [INFO] __main__: STATUS t=236s delta=-0.0080% dir=down agree=True chain=71990.68 bin=71988.14 open=71996.44 obi=0.5074 ask_up=0.39 ask_dn=0.62 bid_up=0.38 bid_dn=0.61 halted=False[0m
[2m2026-04-10 02:56:34.230 [INFO] __main__: STATUS t=206s delta=-0.0179% dir=down agree=True chain=71983.55 bin=71987.37 open=71996.44 obi=0.5947 ask_up=0.40 ask_dn=0.61 bid_up=0.39 bid_dn=0.60 halted=False[0m
[2m2026-04-10 02:57:04.388 [INFO] __main__: STATUS t=176s delta=-0.0284% dir=down agree=True chain=71976.01 bin=71972.80 open=71996.44 obi=0.9370 ask_up=0.34 ask_dn=0.67 bid_up=0.33 bid_dn=0.66 halted=False[0m
[2m2026-04-10 02:57:34.507 [INFO] __main__: STATUS t=145s delta=-0.0176% dir=down agree=True chain=71983.81 bin=71982.16 open=71996.44 obi=0.7518 ask_up=0.37 ask_dn=0.64 bid_up=0.36 bid_dn=0.63 halted=False[0m
2026-04-10 02:57:40.029 [INFO] strategy.momentum_signal: signal_eval rank=1 side=up latest_pct=-0.0291 stddev=0.0057 n=159 min_delta=0.07 max_var=0.050
[37m2026-04-10 02:57:40.029 [INFO] strategy.momentum_signal: [SKIP] rank=1 side=up reason=conditions_not_met latest_pct=-0.0291 need=>=0.07 stddev=0.0057 max_var=0.050[0m
[2m2026-04-10 02:58:04.629 [INFO] __main__: STATUS t=115s delta=-0.0463% dir=down agree=True chain=71963.14 bin=71963.33 open=71996.44 obi=-0.7314 ask_up=0.16 ask_dn=0.85 bid_up=0.15 bid_dn=0.84 halted=False[0m
[2m2026-04-10 02:58:34.750 [INFO] __main__: STATUS t=85s delta=-0.0592% dir=down agree=True chain=71953.83 bin=71951.66 open=71996.44 obi=-0.7657 ask_up=0.07 ask_dn=0.94 bid_up=0.06 bid_dn=0.93 halted=False[0m
[2m2026-04-10 02:59:04.880 [INFO] __main__: STATUS t=55s delta=-0.0803% dir=down agree=True chain=71938.61 bin=71940.44 open=71996.44 obi=-0.2238 ask_up=0.04 ask_dn=0.97 bid_up=0.03 bid_dn=0.96 halted=False[0m
[2m2026-04-10 02:59:35.024 [INFO] __main__: STATUS t=25s delta=-0.0631% dir=down agree=True chain=71951.05 bin=71947.99 open=71996.44 obi=0.5374 ask_up=0.02 ask_dn=0.99 bid_up=0.01 bid_dn=0.98 halted=False[0m
[37m2026-04-10 03:00:00.140 [INFO] execution.paper_trading: paper window_ts=1775789700 [SKIP] pnl=0.0000 direction=down outcome=down - balance=$1017.57 bid_up=0.01 ask_up=0.01 bid_dn=0.99 ask_dn=1.00[0m
[93m[1m2026-04-10 03:00:00.141 [INFO] risk.position_tracker: WINDOW_SUMMARY window_pnl=$0.0000 session_pnl=$15.8632 won=$17.9432 lost=$2.0800 wr=75.0% (3/4) consec_losses=0[0m
[37m2026-04-10 03:00:00.147 [INFO] strategy.window_handler: WINDOW_DECISION [SKIP] rank=1 side=up pnl=$0.0000 entry=0.00 size=$0.00 (conditions not met)[0m
[96m[1m2026-04-10 03:00:00.147 [INFO] strategy.window_tracker: new window: btc-updown-5m-1775790000 (ts=1775790000)[0m
[96m2026-04-10 03:00:00.235 [INFO] strategy.window_handler: REGIME vol_stddev=0.146% chop_flips=4.3 outcome=1U/5D over 6w sprt=dormant llr=0.00 age=8w bankroll=$866.06[0m
[96m2026-04-10 03:00:00.235 [INFO] strategy.window_handler: KELLY wr_adj=85.6% base=97.8% total_disc=9.1% vol=23.0% chop=19.0% outcome=76.2% feedback=+0.0%[0m
[96m2026-04-10 03:00:00.235 [INFO] __main__: window open price captured: 71964.11 (tier 0 — oracle boundary, oracle_age=1000ms)[0m
[96m2026-04-10 03:00:00.235 [INFO] __main__: window open price captured: 71965.36 (binance)[0m
2026-04-10 03:00:00.238 [INFO] strategy.momentum_signal: momentum_signal: waiting for full market data
2026-04-10 03:00:00.484 [INFO] market_data.clob_market_ws: CLOB market subscribed for tokens up=104031845010 down=863932113493
[2m2026-04-10 03:00:05.027 [INFO] __main__: STATUS t=295s delta=0.0021% dir=up agree=False chain=71965.64 bin=71953.21 open=71964.11 obi=-0.8028 ask_up=0.37 ask_dn=0.66 bid_up=0.34 bid_dn=0.63 halted=False[0m
[2m2026-04-10 03:00:35.150 [INFO] __main__: STATUS t=265s delta=-0.0226% dir=down agree=True chain=71947.83 bin=71945.12 open=71964.11 obi=0.6902 ask_up=0.36 ask_dn=0.65 bid_up=0.35 bid_dn=0.64 halted=False[0m
[2m2026-04-10 03:01:05.306 [INFO] __main__: STATUS t=235s delta=-0.0144% dir=down agree=True chain=71953.71 bin=71953.11 open=71964.11 obi=0.9932 ask_up=0.38 ask_dn=0.63 bid_up=0.37 bid_dn=0.62 halted=False[0m
[2m2026-04-10 03:01:35.427 [INFO] __main__: STATUS t=205s delta=-0.0333% dir=down agree=True chain=71940.11 bin=71939.44 open=71964.11 obi=-0.1515 ask_up=0.20 ask_dn=0.83 bid_up=0.17 bid_dn=0.80 halted=False[0m
[2m2026-04-10 03:02:05.558 [INFO] __main__: STATUS t=174s delta=-0.0409% dir=down agree=True chain=71934.68 bin=71935.57 open=71964.11 obi=-0.4906 ask_up=0.26 ask_dn=0.75 bid_up=0.25 bid_dn=0.74 halted=False[0m
[2m2026-04-10 03:02:35.682 [INFO] __main__: STATUS t=144s delta=-0.0164% dir=down agree=True chain=71952.34 bin=71952.16 open=71964.11 obi=-0.3764 ask_up=0.28 ask_dn=0.73 bid_up=0.27 bid_dn=0.72 halted=False[0m
2026-04-10 03:02:40.200 [INFO] strategy.momentum_signal: signal_eval rank=1 side=up latest_pct=-0.0166 stddev=0.0135 n=160 min_delta=0.07 max_var=0.050
[37m2026-04-10 03:02:40.201 [INFO] strategy.momentum_signal: [SKIP] rank=1 side=up reason=conditions_not_met latest_pct=-0.0166 need=>=0.07 stddev=0.0135 max_var=0.050[0m
2026-04-10 03:02:59.156 [INFO] utils.reconnect: rtds connected to wss://ws-live-data.polymarket.com
2026-04-10 03:02:59.156 [INFO] market_data.rtds_ws: RTDS subscribed to chainlink
[2m2026-04-10 03:03:05.810 [INFO] __main__: STATUS t=114s delta=0.0024% dir=up agree=False chain=71965.83 bin=71962.46 open=71964.11 obi=0.8552 ask_up=0.43 ask_dn=0.58 bid_up=0.42 bid_dn=0.57 halted=False[0m
[2m2026-04-10 03:03:35.929 [INFO] __main__: STATUS t=84s delta=0.0028% dir=up agree=True chain=71966.15 bin=71966.08 open=71964.11 obi=0.3325 ask_up=0.33 ask_dn=0.68 bid_up=0.32 bid_dn=0.67 halted=False[0m
[2m2026-04-10 03:04:06.064 [INFO] __main__: STATUS t=54s delta=0.0889% dir=up agree=True chain=72028.06 bin=72022.00 open=71964.11 obi=-0.9532 ask_up=0.53 ask_dn=0.49 bid_up=0.51 bid_dn=0.47 halted=False[0m
[2m2026-04-10 03:04:36.189 [INFO] __main__: STATUS t=24s delta=0.0358% dir=up agree=True chain=71989.85 bin=71969.22 open=71964.11 obi=0.5360 ask_up=0.45 ask_dn=0.56 bid_up=0.44 bid_dn=0.55 halted=False[0m
[37m2026-04-10 03:05:00.039 [INFO] execution.paper_trading: paper window_ts=1775790000 [SKIP] pnl=0.0000 direction=down outcome=down - balance=$1017.57 bid_up=0.18 ask_up=0.24 bid_dn=0.76 ask_dn=0.82[0m
[93m[1m2026-04-10 03:05:00.040 [INFO] risk.position_tracker: WINDOW_SUMMARY window_pnl=$0.0000 session_pnl=$15.8632 won=$17.9432 lost=$2.0800 wr=75.0% (3/4) consec_losses=0[0m
[96m2026-04-10 03:05:00.046 [INFO] strategy.window_handler: REGIME chop_detected flips=9 delta_range=0.1428% avg_flips=4.5 over=6_windows[0m
[37m2026-04-10 03:05:00.051 [INFO] strategy.window_handler: WINDOW_DECISION [SKIP] rank=1 side=up pnl=$0.0000 entry=0.00 size=$0.00 (conditions not met)[0m
[96m[1m2026-04-10 03:05:00.051 [INFO] strategy.window_tracker: new window: btc-updown-5m-1775790300 (ts=1775790300)[0m
[96m2026-04-10 03:05:00.119 [INFO] strategy.window_handler: REGIME vol_stddev=0.143% chop_flips=4.5 outcome=0U/6D over 6w sprt=dormant llr=0.00 age=9w bankroll=$866.06[0m
[96m2026-04-10 03:05:00.119 [INFO] strategy.window_handler: KELLY wr_adj=85.2% base=97.8% total_disc=9.6% vol=21.3% chop=21.4% outcome=80.0% feedback=+0.0%[0m
[96m2026-04-10 03:05:00.119 [INFO] __main__: window open price captured: 71959.47 (tier 0 — oracle boundary, oracle_age=2000ms)[0m
[96m2026-04-10 03:05:00.119 [INFO] __main__: window open price captured: 71954.87 (binance)[0m
2026-04-10 03:05:00.120 [INFO] strategy.momentum_signal: momentum_signal: waiting for full market data
2026-04-10 03:05:00.674 [INFO] market_data.clob_market_ws: CLOB market subscribed for tokens up=799656782081 down=101080346797
[2m2026-04-10 03:05:06.409 [INFO] __main__: STATUS t=294s delta=-0.0005% dir=down agree=True chain=71959.11 bin=71954.88 open=71959.47 obi=-0.9962 ask_up=0.42 ask_dn=0.59 bid_up=0.41 bid_dn=0.58 halted=False[0m
2026-04-10 03:05:28.510 [INFO] shared.ipc: IPC: received authenticated signal_update (summary=signals_summary_1775790328.json)
2026-04-10 03:05:28.512 [INFO] __main__: received new signal from orchestrator: rank=1 side=Up
[2m2026-04-10 03:05:36.541 [INFO] __main__: STATUS t=263s delta=-0.0133% dir=down agree=True chain=71949.91 bin=71947.78 open=71959.47 obi=0.2146 ask_up=0.40 ask_dn=0.61 bid_up=0.39 bid_dn=0.60 halted=False[0m
[2m2026-04-10 03:06:06.712 [INFO] __main__: STATUS t=233s delta=-0.0344% dir=down agree=True chain=71934.69 bin=71930.01 open=71959.47 obi=-0.7736 ask_up=0.33 ask_dn=0.68 bid_up=0.32 bid_dn=0.67 halted=False[0m
[2m2026-04-10 03:06:36.831 [INFO] __main__: STATUS t=203s delta=-0.0557% dir=down agree=True chain=71919.41 bin=71914.82 open=71959.47 obi=0.8973 ask_up=0.28 ask_dn=0.73 bid_up=0.27 bid_dn=0.72 halted=False[0m
[2m2026-04-10 03:07:06.956 [INFO] __main__: STATUS t=173s delta=-0.0410% dir=down agree=True chain=71929.99 bin=71929.99 open=71959.47 obi=0.1562 ask_up=0.33 ask_dn=0.68 bid_up=0.32 bid_dn=0.67 halted=False[0m
[2m2026-04-10 03:07:37.082 [INFO] __main__: STATUS t=143s delta=0.0017% dir=up agree=True chain=71960.72 bin=71960.75 open=71959.47 obi=0.5949 ask_up=0.47 ask_dn=0.54 bid_up=0.46 bid_dn=0.53 halted=False[0m
2026-04-10 03:07:40.093 [INFO] strategy.momentum_signal: signal_eval rank=1 side=up latest_pct=0.0080 stddev=0.0170 n=159 min_delta=0.07 max_var=0.050
[37m2026-04-10 03:07:40.094 [INFO] strategy.momentum_signal: [SKIP] rank=1 side=up reason=conditions_not_met latest_pct=0.0080 need=>=0.07 stddev=0.0170 max_var=0.050[0m
[2m2026-04-10 03:08:07.205 [INFO] __main__: STATUS t=113s delta=0.0392% dir=up agree=True chain=71987.70 bin=71987.20 open=71959.47 obi=-0.4987 ask_up=0.63 ask_dn=0.38 bid_up=0.62 bid_dn=0.37 halted=False[0m
[2m2026-04-10 03:08:37.323 [INFO] __main__: STATUS t=83s delta=0.0354% dir=up agree=True chain=71984.91 bin=71981.90 open=71959.47 obi=0.3204 ask_up=0.50 ask_dn=0.51 bid_up=0.49 bid_dn=0.50 halted=False[0m
[2m2026-04-10 03:09:07.479 [INFO] __main__: STATUS t=53s delta=0.0368% dir=up agree=True chain=71985.97 bin=71981.90 open=71959.47 obi=0.1248 ask_up=0.53 ask_dn=0.48 bid_up=0.52 bid_dn=0.47 halted=False[0m
[2m2026-04-10 03:09:37.604 [INFO] __main__: STATUS t=22s delta=0.0160% dir=up agree=True chain=71970.96 bin=71964.90 open=71959.47 obi=0.8279 ask_up=0.30 ask_dn=0.71 bid_up=0.29 bid_dn=0.70 halted=False[0m
[37m2026-04-10 03:10:00.195 [INFO] execution.paper_trading: paper window_ts=1775790300 [SKIP] pnl=0.0000 direction=down outcome=down - balance=$1017.57 bid_up=0.01 ask_up=0.01 bid_dn=0.99 ask_dn=1.00[0m
[93m[1m2026-04-10 03:10:00.195 [INFO] risk.position_tracker: WINDOW_SUMMARY window_pnl=$0.0000 session_pnl=$15.8632 won=$17.9432 lost=$2.0800 wr=75.0% (3/4) consec_losses=0[0m
[96m2026-04-10 03:10:00.197 [INFO] strategy.window_handler: REGIME chop_detected flips=8 delta_range=0.1255% avg_flips=5.0 over=6_windows[0m
[37m2026-04-10 03:10:00.202 [INFO] strategy.window_handler: WINDOW_DECISION [SKIP] rank=1 side=up pnl=$0.0000 entry=0.00 size=$0.00 (conditions not met)[0m
[95m2026-04-10 03:10:00.203 [INFO] strategy.window_handler: Signal refreshed (same pattern): up_180.0_140.0_0.07_0.05 — rank 1->1, keeping SPRT state (age=10w, trades=0, LLR=0.00)[0m
2026-04-10 03:10:00.203 [INFO] strategy.window_handler: SIGNAL_SWAP_ACTIVE: {"rank":1,"side":"up","observeFromS":180.0,"observeToS":140.0,"minDeltaPct":0.07,"maxVariancePct":0.05,"trainWinRatePct":90.48,"oosWinRatePct":97.73,"oosBhAdjustedPValue":3.72982e-17,"oosMatches":44,"avgEntryPrice":0.8982,"evPerTrade":0.0491,"smartScore":24.49,"wfFoldsAppeared":4,"wfTotalTestFolds":6,"wfFoldIndices":[4,5,6,7]}
2026-04-10 03:10:00.203 [INFO] strategy.window_handler: switched to new signal: #1 up (previous: #1 up)
[96m[1m2026-04-10 03:10:00.203 [INFO] strategy.window_tracker: new window: btc-updown-5m-1775790600 (ts=1775790600)[0m
[96m2026-04-10 03:10:00.268 [INFO] strategy.window_handler: REGIME vol_stddev=0.140% chop_flips=5.0 outcome=0U/6D over 6w sprt=dormant llr=0.00 age=10w bankroll=$866.06[0m
[96m2026-04-10 03:10:00.268 [INFO] strategy.window_handler: KELLY wr_adj=85.1% base=97.7% total_disc=9.6% vol=20.0% chop=28.6% outcome=80.0% feedback=+0.0%[0m
[96m2026-04-10 03:10:00.269 [INFO] __main__: window open price captured: 71916.10 (tier 0 — oracle boundary, oracle_age=2000ms)[0m
[96m2026-04-10 03:10:00.271 [INFO] __main__: window open price captured: 71914.00 (binance)[0m
2026-04-10 03:10:00.272 [INFO] strategy.momentum_signal: momentum_signal: waiting for full market data
2026-04-10 03:10:00.891 [INFO] market_data.clob_market_ws: CLOB market subscribed for tokens up=288112063363 down=581836698341
[2m2026-04-10 03:10:07.840 [INFO] __main__: STATUS t=292s delta=-0.0033% dir=down agree=True chain=71913.74 bin=71902.29 open=71916.10 obi=-0.9938 ask_up=0.55 ask_dn=0.46 bid_up=0.54 bid_dn=0.45 halted=False[0m
[2m2026-04-10 03:10:37.966 [INFO] __main__: STATUS t=262s delta=-0.0141% dir=down agree=True chain=71905.98 bin=71905.55 open=71916.10 obi=-0.7422 ask_up=0.56 ask_dn=0.46 bid_up=0.54 bid_dn=0.44 halted=False[0m
[2m2026-04-10 03:11:08.115 [INFO] __main__: STATUS t=232s delta=-0.0187% dir=down agree=True chain=71902.66 bin=71903.50 open=71916.10 obi=0.8058 ask_up=0.57 ask_dn=0.45 bid_up=0.55 bid_dn=0.43 halted=False[0m
[2m2026-04-10 03:11:38.242 [INFO] __main__: STATUS t=202s delta=-0.0181% dir=down agree=True chain=71903.09 bin=71901.92 open=71916.10 obi=0.7305 ask_up=0.58 ask_dn=0.43 bid_up=0.57 bid_dn=0.42 halted=False[0m
[2m2026-04-10 03:12:08.416 [INFO] __main__: STATUS t=172s delta=-0.0170% dir=down agree=True chain=71903.90 bin=71904.99 open=71916.10 obi=0.7265 ask_up=0.55 ask_dn=0.46 bid_up=0.54 bid_dn=0.45 halted=False[0m
[2m2026-04-10 03:12:38.543 [INFO] __main__: STATUS t=141s delta=0.0057% dir=up agree=True chain=71920.18 bin=71923.70 open=71916.10 obi=0.6988 ask_up=0.63 ask_dn=0.38 bid_up=0.62 bid_dn=0.37 halted=False[0m
2026-04-10 03:12:40.051 [INFO] strategy.momentum_signal: signal_eval rank=1 side=up latest_pct=0.0106 stddev=0.0094 n=159 min_delta=0.07 max_var=0.050
[37m2026-04-10 03:12:40.051 [INFO] strategy.momentum_signal: [SKIP] rank=1 side=up reason=conditions_not_met latest_pct=0.0106 need=>=0.07 stddev=0.0094 max_var=0.050[0m
[2m2026-04-10 03:13:08.668 [INFO] __main__: STATUS t=111s delta=-0.0114% dir=down agree=True chain=71907.92 bin=71905.23 open=71916.10 obi=0.0026 ask_up=0.43 ask_dn=0.59 bid_up=0.41 bid_dn=0.57 halted=False[0m
[2m2026-04-10 03:13:38.794 [INFO] __main__: STATUS t=81s delta=0.0085% dir=up agree=True chain=71922.20 bin=71918.91 open=71916.10 obi=0.9802 ask_up=0.67 ask_dn=0.34 bid_up=0.66 bid_dn=0.33 halted=False[0m
[2m2026-04-10 03:14:08.937 [INFO] __main__: STATUS t=51s delta=-0.0472% dir=down agree=True chain=71882.12 bin=71884.99 open=71916.10 obi=0.7503 ask_up=0.35 ask_dn=0.66 bid_up=0.34 bid_dn=0.65 halted=False[0m
[2m2026-04-10 03:14:39.067 [INFO] __main__: STATUS t=21s delta=-0.0250% dir=down agree=True chain=71898.14 bin=71901.67 open=71916.10 obi=0.7420 ask_up=0.45 ask_dn=0.56 bid_up=0.44 bid_dn=0.55 halted=False[0m
[37m2026-04-10 03:15:00.158 [INFO] execution.paper_trading: paper window_ts=1775790600 [SKIP] pnl=0.0000 direction=down outcome=down - balance=$1017.57 bid_up=0.01 ask_up=0.01 bid_dn=0.99 ask_dn=1.00[0m
[93m[1m2026-04-10 03:15:00.158 [INFO] risk.position_tracker: WINDOW_SUMMARY window_pnl=$0.0000 session_pnl=$15.8632 won=$17.9432 lost=$2.0800 wr=75.0% (3/4) consec_losses=0[0m
[96m2026-04-10 03:15:00.166 [INFO] strategy.window_handler: REGIME chop_detected flips=10 delta_range=0.0652% avg_flips=5.7 over=6_windows[0m
[37m2026-04-10 03:15:00.172 [INFO] strategy.window_handler: WINDOW_DECISION [SKIP] rank=1 side=up pnl=$0.0000 entry=0.00 size=$0.00 (conditions not met)[0m
[96m[1m2026-04-10 03:15:00.172 [INFO] strategy.window_tracker: new window: btc-updown-5m-1775790900 (ts=1775790900)[0m
[96m2026-04-10 03:15:00.225 [INFO] strategy.window_handler: REGIME vol_stddev=0.140% chop_flips=5.7 outcome=0U/6D over 6w sprt=dormant llr=0.00 age=11w bankroll=$866.06[0m
[96m2026-04-10 03:15:00.225 [INFO] strategy.window_handler: KELLY wr_adj=85.1% base=97.7% total_disc=9.6% vol=19.9% chop=38.1% outcome=80.0% feedback=+0.0%[0m
[96m2026-04-10 03:15:00.225 [INFO] __main__: window open price captured: 71902.54 (tier 0 — oracle boundary, oracle_age=1000ms)[0m
[96m2026-04-10 03:15:00.225 [INFO] __main__: window open price captured: 71863.75 (binance)[0m
2026-04-10 03:15:00.226 [INFO] strategy.momentum_signal: momentum_signal: waiting for full market data
2026-04-10 03:15:01.087 [INFO] market_data.clob_market_ws: CLOB market subscribed for tokens up=933609381867 down=127253763708
[2m2026-04-10 03:15:09.273 [INFO] __main__: STATUS t=291s delta=-0.0444% dir=down agree=True chain=71870.61 bin=71868.46 open=71902.54 obi=0.2876 ask_up=0.56 ask_dn=0.45 bid_up=0.55 bid_dn=0.44 halted=False[0m
[2m2026-04-10 03:15:39.399 [INFO] __main__: STATUS t=261s delta=-0.0595% dir=down agree=True chain=71859.77 bin=71857.00 open=71902.54 obi=0.5294 ask_up=0.55 ask_dn=0.47 bid_up=0.53 bid_dn=0.45 halted=False[0m
[2m2026-04-10 03:16:09.538 [INFO] __main__: STATUS t=230s delta=-0.0439% dir=down agree=True chain=71870.94 bin=71869.54 open=71902.54 obi=0.1688 ask_up=0.55 ask_dn=0.46 bid_up=0.54 bid_dn=0.45 halted=False[0m
[2m2026-04-10 03:16:39.660 [INFO] __main__: STATUS t=200s delta=-0.0334% dir=down agree=True chain=71878.50 bin=71876.76 open=71902.54 obi=-0.1110 ask_up=0.50 ask_dn=0.51 bid_up=0.49 bid_dn=0.50 halted=False[0m
[2m2026-04-10 03:17:09.780 [INFO] __main__: STATUS t=170s delta=-0.0174% dir=down agree=True chain=71890.05 bin=71884.99 open=71902.54 obi=0.6506 ask_up=0.61 ask_dn=0.40 bid_up=0.60 bid_dn=0.39 halted=False[0m
[2m2026-04-10 03:17:39.907 [INFO] __main__: STATUS t=140s delta=0.0012% dir=up agree=False chain=71903.43 bin=71897.17 open=71902.54 obi=0.8806 ask_up=0.74 ask_dn=0.27 bid_up=0.73 bid_dn=0.26 halted=False[0m
2026-04-10 03:17:40.159 [INFO] strategy.momentum_signal: signal_eval rank=1 side=up latest_pct=-0.0075 stddev=0.0088 n=159 min_delta=0.07 max_var=0.050
[37m2026-04-10 03:17:40.159 [INFO] strategy.momentum_signal: [SKIP] rank=1 side=up reason=conditions_not_met latest_pct=-0.0075 need=>=0.07 stddev=0.0088 max_var=0.050[0m
[2m2026-04-10 03:18:10.041 [INFO] __main__: STATUS t=110s delta=0.0478% dir=up agree=True chain=71936.93 bin=71930.45 open=71902.54 obi=0.9989 ask_up=0.95 ask_dn=0.07 bid_up=0.93 bid_dn=0.05 halted=False[0m
[2m2026-04-10 03:18:40.162 [INFO] __main__: STATUS t=80s delta=0.0148% dir=up agree=True chain=71913.16 bin=71910.00 open=71902.54 obi=-0.5670 ask_up=0.85 ask_dn=0.16 bid_up=0.84 bid_dn=0.15 halted=False[0m
[2m2026-04-10 03:19:10.296 [INFO] __main__: STATUS t=50s delta=-0.0163% dir=down agree=True chain=71890.79 bin=71874.41 open=71902.54 obi=0.9749 ask_up=0.99 ask_dn=0.99 bid_up=0.01 bid_dn=0.01 halted=False[0m
[2m2026-04-10 03:19:40.421 [INFO] __main__: STATUS t=20s delta=-0.0098% dir=down agree=False chain=71895.49 bin=71902.59 open=71902.54 obi=-0.3634 ask_up=0.94 ask_dn=0.07 bid_up=0.93 bid_dn=0.06 halted=False[0m
[37m2026-04-10 03:20:00.021 [INFO] execution.paper_trading: paper window_ts=1775790900 [SKIP] pnl=0.0000 direction=up outcome=up - balance=$1017.57 bid_up=0.99 ask_up=1.00 bid_dn=0.01 ask_dn=0.01[0m
[93m[1m2026-04-10 03:20:00.022 [INFO] risk.position_tracker: WINDOW_SUMMARY window_pnl=$0.0000 session_pnl=$15.8632 won=$17.9432 lost=$2.0800 wr=75.0% (3/4) consec_losses=0[0m
[96m2026-04-10 03:20:00.023 [INFO] strategy.window_handler: REGIME chop_detected flips=15 delta_range=0.1232% avg_flips=8.2 over=6_windows[0m
[37m2026-04-10 03:20:00.030 [INFO] strategy.window_handler: WINDOW_DECISION [SKIP] rank=1 side=up pnl=$0.0000 entry=0.00 size=$0.00 (conditions not met)[0m
[96m[1m2026-04-10 03:20:00.030 [INFO] strategy.window_tracker: new window: btc-updown-5m-1775791200 (ts=1775791200)[0m
[96m2026-04-10 03:20:00.148 [INFO] strategy.window_handler: REGIME vol_stddev=0.140% chop_flips=8.2 outcome=1U/5D over 6w sprt=dormant llr=0.00 age=12w bankroll=$866.06[0m
[96m2026-04-10 03:20:00.148 [INFO] strategy.window_handler: KELLY wr_adj=85.6% base=97.7% total_disc=9.1% vol=19.9% chop=73.8% outcome=76.2% feedback=+0.0%[0m
[96m2026-04-10 03:20:00.148 [INFO] __main__: window open price captured: 71904.83 (tier 0 — oracle boundary, oracle_age=1000ms)[0m
[96m2026-04-10 03:20:00.148 [INFO] __main__: window open price captured: 71902.60 (binance)[0m
2026-04-10 03:20:00.149 [INFO] strategy.momentum_signal: momentum_signal: waiting for full market data
2026-04-10 03:20:00.276 [INFO] market_data.clob_market_ws: CLOB market subscribed for tokens up=692305361252 down=433805862342
[2m2026-04-10 03:20:10.453 [INFO] __main__: STATUS t=290s delta=0.0008% dir=up agree=False chain=71905.38 bin=71902.60 open=71904.83 obi=-0.4473 ask_up=0.54 ask_dn=0.48 bid_up=0.52 bid_dn=0.46 halted=False[0m
[2m2026-04-10 03:20:40.574 [INFO] __main__: STATUS t=259s delta=-0.0120% dir=down agree=True chain=71896.20 bin=71893.66 open=71904.83 obi=-0.8931 ask_up=0.41 ask_dn=0.60 bid_up=0.40 bid_dn=0.59 halted=False[0m
2026-04-10 03:20:41.242 [INFO] shared.ipc: IPC: received authenticated signal_update (summary=signals_summary_1775791241.json)
2026-04-10 03:20:41.242 [INFO] __main__: received new signal from orchestrator: rank=1 side=Up
[2m2026-04-10 03:21:10.705 [INFO] __main__: STATUS t=229s delta=-0.0039% dir=down agree=False chain=71902.01 bin=71908.77 open=71904.83 obi=0.6994 ask_up=0.56 ask_dn=0.45 bid_up=0.55 bid_dn=0.44 halted=False[0m
[2m2026-04-10 03:21:40.829 [INFO] __main__: STATUS t=199s delta=-0.0080% dir=down agree=True chain=71899.07 bin=71894.49 open=71904.83 obi=-0.1100 ask_up=0.47 ask_dn=0.54 bid_up=0.46 bid_dn=0.53 halted=False[0m
[2m2026-04-10 03:22:10.948 [INFO] __main__: STATUS t=169s delta=0.0060% dir=up agree=True chain=71909.14 bin=71908.76 open=71904.83 obi=-0.9055 ask_up=0.46 ask_dn=0.55 bid_up=0.45 bid_dn=0.54 halted=False[0m
2026-04-10 03:22:40.074 [INFO] strategy.momentum_signal: signal_eval rank=1 side=up latest_pct=-0.0224 stddev=0.0081 n=159 min_delta=0.07 max_var=0.050
[37m2026-04-10 03:22:40.074 [INFO] strategy.momentum_signal: [SKIP] rank=1 side=up reason=conditions_not_met latest_pct=-0.0224 need=>=0.07 stddev=0.0081 max_var=0.050[0m
[2m2026-04-10 03:22:41.078 [INFO] __main__: STATUS t=139s delta=-0.0108% dir=down agree=True chain=71897.08 bin=71888.70 open=71904.83 obi=-0.5126 ask_up=0.38 ask_dn=0.63 bid_up=0.37 bid_dn=0.62 halted=False[0m
[2m2026-04-10 03:23:11.226 [INFO] __main__: STATUS t=109s delta=-0.0151% dir=down agree=True chain=71893.99 bin=71888.69 open=71904.83 obi=-0.9212 ask_up=0.34 ask_dn=0.68 bid_up=0.32 bid_dn=0.66 halted=False[0m
[2m2026-04-10 03:23:41.357 [INFO] __main__: STATUS t=79s delta=-0.0440% dir=down agree=True chain=71873.19 bin=71859.50 open=71904.83 obi=-0.8498 ask_up=0.09 ask_dn=0.92 bid_up=0.08 bid_dn=0.91 halted=False[0m
[2m2026-04-10 03:24:11.482 [INFO] __main__: STATUS t=49s delta=-0.0453% dir=down agree=True chain=71872.24 bin=71868.53 open=71904.83 obi=-0.7626 ask_up=0.10 ask_dn=0.91 bid_up=0.09 bid_dn=0.90 halted=False[0m
[2m2026-04-10 03:24:41.612 [INFO] __main__: STATUS t=18s delta=-0.0594% dir=down agree=True chain=71862.10 bin=71859.51 open=71904.83 obi=-0.9011 ask_up=0.03 ask_dn=0.98 bid_up=0.02 bid_dn=0.97 halted=False[0m
[37m2026-04-10 03:25:00.200 [INFO] execution.paper_trading: paper window_ts=1775791200 [SKIP] pnl=0.0000 direction=down outcome=down - balance=$1017.57 bid_up=0.01 ask_up=0.01 bid_dn=0.99 ask_dn=1.00[0m
[93m[1m2026-04-10 03:25:00.200 [INFO] risk.position_tracker: WINDOW_SUMMARY window_pnl=$0.0000 session_pnl=$15.8632 won=$17.9432 lost=$2.0800 wr=75.0% (3/4) consec_losses=0[0m
[96m2026-04-10 03:25:00.203 [INFO] strategy.window_handler: REGIME chop_detected flips=10 delta_range=0.0888% avg_flips=8.8 over=6_windows[0m
[37m2026-04-10 03:25:00.207 [INFO] strategy.window_handler: WINDOW_DECISION [SKIP] rank=1 side=up pnl=$0.0000 entry=0.00 size=$0.00 (conditions not met)[0m
[95m2026-04-10 03:25:00.207 [INFO] strategy.window_handler: Signal refreshed (same pattern): up_180.0_140.0_0.07_0.05 — rank 1->1, keeping SPRT state (age=13w, trades=0, LLR=0.00)[0m
2026-04-10 03:25:00.207 [INFO] strategy.window_handler: SIGNAL_SWAP_ACTIVE: {"rank":1,"side":"up","observeFromS":180.0,"observeToS":140.0,"minDeltaPct":0.07,"maxVariancePct":0.05,"trainWinRatePct":90.29,"oosWinRatePct":97.67,"oosBhAdjustedPValue":6.61291e-17,"oosMatches":43,"avgEntryPrice":0.9016,"evPerTrade":0.0451,"smartScore":22.51,"wfFoldsAppeared":4,"wfTotalTestFolds":6,"wfFoldIndices":[4,5,6,7]}
2026-04-10 03:25:00.207 [INFO] strategy.window_handler: switched to new signal: #1 up (previous: #1 up)
[96m[1m2026-04-10 03:25:00.207 [INFO] strategy.window_tracker: new window: btc-updown-5m-1775791500 (ts=1775791500)[0m
[96m2026-04-10 03:25:00.262 [INFO] strategy.window_handler: REGIME vol_stddev=0.133% chop_flips=8.8 outcome=1U/5D over 6w sprt=dormant llr=0.00 age=13w bankroll=$866.06[0m
[96m2026-04-10 03:25:00.262 [INFO] strategy.window_handler: KELLY wr_adj=84.7% base=97.7% total_disc=10.0% vol=16.7% chop=83.3% outcome=76.2% feedback=+0.0%[0m
[96m2026-04-10 03:25:00.263 [INFO] __main__: window open price captured: 71865.14 (tier 0 — oracle boundary, oracle_age=2000ms)[0m
[96m2026-04-10 03:25:00.263 [INFO] __main__: window open price captured: 71859.18 (binance)[0m
2026-04-10 03:25:00.264 [INFO] strategy.momentum_signal: momentum_signal: waiting for full market data
2026-04-10 03:25:00.466 [INFO] market_data.clob_market_ws: CLOB market subscribed for tokens up=577535959930 down=242320090910
[2m2026-04-10 03:25:11.824 [INFO] __main__: STATUS t=288s delta=-0.0019% dir=down agree=True chain=71863.76 bin=71856.60 open=71865.14 obi=0.4743 ask_up=0.55 ask_dn=0.46 bid_up=0.54 bid_dn=0.45 halted=False[0m
[2m2026-04-10 03:25:41.950 [INFO] __main__: STATUS t=258s delta=-0.0067% dir=down agree=True chain=71860.31 bin=71856.60 open=71865.14 obi=-0.0963 ask_up=0.47 ask_dn=0.54 bid_up=0.46 bid_dn=0.53 halted=False[0m
[2m2026-04-10 03:26:12.146 [INFO] __main__: STATUS t=228s delta=-0.0098% dir=down agree=True chain=71858.11 bin=71856.00 open=71865.14 obi=-0.5351 ask_up=0.43 ask_dn=0.58 bid_up=0.42 bid_dn=0.57 halted=False[0m
[2m2026-04-10 03:26:42.274 [INFO] __main__: STATUS t=198s delta=0.0039% dir=up agree=True chain=71867.95 bin=71882.45 open=71865.14 obi=0.8657 ask_up=0.67 ask_dn=0.34 bid_up=0.66 bid_dn=0.33 halted=False[0m
[2m2026-04-10 03:27:12.418 [INFO] __main__: STATUS t=168s delta=0.0106% dir=up agree=True chain=71872.74 bin=71866.99 open=71865.14 obi=-0.7628 ask_up=0.48 ask_dn=0.53 bid_up=0.47 bid_dn=0.52 halted=False[0m
2026-04-10 03:27:40.036 [INFO] strategy.momentum_signal: signal_eval rank=1 side=up latest_pct=-0.0249 stddev=0.0081 n=159 min_delta=0.07 max_var=0.050
[37m2026-04-10 03:27:40.036 [INFO] strategy.momentum_signal: [SKIP] rank=1 side=up reason=conditions_not_met latest_pct=-0.0249 need=>=0.07 stddev=0.0081 max_var=0.050[0m
[2m2026-04-10 03:27:42.547 [INFO] __main__: STATUS t=137s delta=-0.0182% dir=down agree=True chain=71852.02 bin=71847.25 open=71865.14 obi=-0.8829 ask_up=0.26 ask_dn=0.75 bid_up=0.25 bid_dn=0.74 halted=False[0m
[2m2026-04-10 03:28:12.682 [INFO] __main__: STATUS t=107s delta=-0.0284% dir=down agree=True chain=71844.73 bin=71842.01 open=71865.14 obi=0.8816 ask_up=0.28 ask_dn=0.76 bid_up=0.24 bid_dn=0.72 halted=False[0m
[2m2026-04-10 03:28:42.808 [INFO] __main__: STATUS t=77s delta=-0.0225% dir=down agree=True chain=71848.99 bin=71844.39 open=71865.14 obi=-0.4956 ask_up=0.19 ask_dn=0.82 bid_up=0.18 bid_dn=0.81 halted=False[0m
[2m2026-04-10 03:29:12.934 [INFO] __main__: STATUS t=47s delta=-0.0450% dir=down agree=True chain=71832.78 bin=71831.15 open=71865.14 obi=-0.1986 ask_up=0.14 ask_dn=0.87 bid_up=0.13 bid_dn=0.86 halted=False[0m
[2m2026-04-10 03:29:43.064 [INFO] __main__: STATUS t=17s delta=-0.0506% dir=down agree=True chain=71828.79 bin=71826.06 open=71865.14 obi=-0.8972 ask_up=0.03 ask_dn=0.98 bid_up=0.02 bid_dn=0.97 halted=False[0m
[37m2026-04-10 03:30:00.143 [INFO] execution.paper_trading: paper window_ts=1775791500 [SKIP] pnl=0.0000 direction=down outcome=down - balance=$1017.57 bid_up=0.01 ask_up=0.01 bid_dn=0.99 ask_dn=1.00[0m
[93m[1m2026-04-10 03:30:00.143 [INFO] risk.position_tracker: WINDOW_SUMMARY window_pnl=$0.0000 session_pnl=$15.8632 won=$17.9432 lost=$2.0800 wr=75.0% (3/4) consec_losses=0[0m
[96m2026-04-10 03:30:00.145 [INFO] strategy.window_handler: REGIME chop_detected flips=7 delta_range=0.0957% avg_flips=9.8 over=6_windows[0m
[37m2026-04-10 03:30:00.149 [INFO] strategy.window_handler: WINDOW_DECISION [SKIP] rank=1 side=up pnl=$0.0000 entry=0.00 size=$0.00 (conditions not met)[0m
[96m[1m2026-04-10 03:30:00.150 [INFO] strategy.window_tracker: new window: btc-updown-5m-1775791800 (ts=1775791800)[0m
[96m2026-04-10 03:30:00.242 [INFO] strategy.window_handler: REGIME vol_stddev=0.133% chop_flips=9.8 outcome=1U/5D over 6w sprt=dormant llr=0.00 age=14w bankroll=$866.06[0m
[96m2026-04-10 03:30:00.242 [INFO] strategy.window_handler: KELLY wr_adj=83.0% base=97.7% total_disc=11.7% vol=16.5% chop=97.6% outcome=76.2% feedback=+0.0%[0m
[96m2026-04-10 03:30:00.243 [INFO] __main__: window open price captured: 71821.10 (tier 0 — oracle boundary, oracle_age=2000ms)[0m
[96m2026-04-10 03:30:00.243 [INFO] __main__: window open price captured: 71814.76 (binance)[0m
2026-04-10 03:30:00.243 [INFO] strategy.momentum_signal: momentum_signal: waiting for full market data
2026-04-10 03:30:00.653 [INFO] market_data.clob_market_ws: CLOB market subscribed for tokens up=108972643598 down=419328684405
[2m2026-04-10 03:30:13.302 [INFO] __main__: STATUS t=287s delta=0.0018% dir=up agree=False chain=71822.38 bin=71817.97 open=71821.10 obi=0.7786 ask_up=0.57 ask_dn=0.44 bid_up=0.56 bid_dn=0.43 halted=False[0m
[2m2026-04-10 03:30:43.429 [INFO] __main__: STATUS t=257s delta=0.0435% dir=up agree=True chain=71852.34 bin=71851.86 open=71821.10 obi=0.0420 ask_up=0.77 ask_dn=0.24 bid_up=0.76 bid_dn=0.23 halted=False[0m
[2m2026-04-10 03:31:13.561 [INFO] __main__: STATUS t=226s delta=0.0563% dir=up agree=True chain=71861.55 bin=71859.15 open=71821.10 obi=0.8810 ask_up=0.82 ask_dn=0.19 bid_up=0.81 bid_dn=0.18 halted=False[0m
[2m2026-04-10 03:31:43.679 [INFO] __main__: STATUS t=196s delta=0.0617% dir=up agree=True chain=71865.41 bin=71863.77 open=71821.10 obi=-0.1932 ask_up=0.80 ask_dn=0.21 bid_up=0.79 bid_dn=0.20 halted=False[0m
[2m2026-04-10 03:32:13.808 [INFO] __main__: STATUS t=166s delta=0.0691% dir=up agree=True chain=71870.70 bin=71865.10 open=71821.10 obi=0.5052 ask_up=0.86 ask_dn=0.15 bid_up=0.85 bid_dn=0.14 halted=False[0m
2026-04-10 03:32:40.174 [INFO] strategy.momentum_signal: signal_eval rank=1 side=up latest_pct=0.0652 stddev=0.0034 n=159 min_delta=0.07 max_var=0.050
[37m2026-04-10 03:32:40.174 [INFO] strategy.momentum_signal: [SKIP] rank=1 side=up reason=conditions_not_met latest_pct=0.0652 need=>=0.07 stddev=0.0034 max_var=0.050[0m
[2m2026-04-10 03:32:43.939 [INFO] __main__: STATUS t=136s delta=0.0676% dir=up agree=True chain=71869.62 bin=71867.92 open=71821.10 obi=-0.1996 ask_up=0.87 ask_dn=0.14 bid_up=0.86 bid_dn=0.13 halted=False[0m
[2m2026-04-10 03:33:14.073 [INFO] __main__: STATUS t=106s delta=0.0694% dir=up agree=True chain=71870.96 bin=71884.99 open=71821.10 obi=0.7707 ask_up=0.95 ask_dn=0.06 bid_up=0.94 bid_dn=0.05 halted=False[0m
[2m2026-04-10 03:33:44.200 [INFO] __main__: STATUS t=76s delta=0.1108% dir=up agree=True chain=71900.71 bin=71898.20 open=71821.10 obi=0.7529 ask_up=0.98 ask_dn=0.03 bid_up=0.97 bid_dn=0.02 halted=False[0m
[2m2026-04-10 03:34:14.334 [INFO] __main__: STATUS t=46s delta=0.1336% dir=up agree=True chain=71917.06 bin=71911.37 open=71821.10 obi=0.7563 ask_up=1.00 ask_dn=0.01 bid_up=0.99 bid_dn=0.01 halted=False[0m
[2m2026-04-10 03:34:44.480 [INFO] __main__: STATUS t=16s delta=0.1324% dir=up agree=True chain=71916.19 bin=71904.89 open=71821.10 obi=-0.9954 ask_up=1.00 ask_dn=0.01 bid_up=0.99 bid_dn=0.01 halted=False[0m
[37m2026-04-10 03:35:00.057 [INFO] execution.paper_trading: paper window_ts=1775791800 [SKIP] pnl=0.0000 direction=up outcome=up - balance=$1017.57 bid_up=0.99 ask_up=1.00 bid_dn=0.01 ask_dn=0.01[0m
[93m[1m2026-04-10 03:35:00.058 [INFO] risk.position_tracker: WINDOW_SUMMARY window_pnl=$0.0000 session_pnl=$15.8632 won=$17.9432 lost=$2.0800 wr=75.0% (3/4) consec_losses=0[0m
[37m2026-04-10 03:35:00.067 [INFO] strategy.window_handler: WINDOW_DECISION [SKIP] rank=1 side=up pnl=$0.0000 entry=0.00 size=$0.00 (conditions not met)[0m
[96m[1m2026-04-10 03:35:00.068 [INFO] strategy.window_tracker: new window: btc-updown-5m-1775792100 (ts=1775792100)[0m
[96m2026-04-10 03:35:00.132 [INFO] strategy.window_handler: REGIME vol_stddev=0.081% chop_flips=8.5 outcome=2U/4D over 6w sprt=dormant llr=0.00 age=15w bankroll=$866.06[0m
[96m2026-04-10 03:35:00.132 [INFO] strategy.window_handler: KELLY wr_adj=85.2% base=97.7% total_disc=9.4% vol=0.0% chop=78.6% outcome=38.1% feedback=+0.0%[0m
[96m2026-04-10 03:35:00.132 [INFO] __main__: window open price captured: 71894.34 (tier 0 — oracle boundary, oracle_age=2000ms)[0m
[96m2026-04-10 03:35:00.133 [INFO] __main__: window open price captured: 71890.78 (binance)[0m
2026-04-10 03:35:00.134 [INFO] strategy.momentum_signal: momentum_signal: waiting for full market data
2026-04-10 03:35:00.852 [INFO] market_data.clob_market_ws: CLOB market subscribed for tokens up=360145762656 down=753876347841
[2m2026-04-10 03:35:14.714 [INFO] __main__: STATUS t=285s delta=0.0390% dir=up agree=True chain=71922.35 bin=71918.67 open=71894.34 obi=-0.3214 ask_up=0.68 ask_dn=0.33 bid_up=0.67 bid_dn=0.32 halted=False[0m
[2m2026-04-10 03:35:44.842 [INFO] __main__: STATUS t=255s delta=0.0501% dir=up agree=True chain=71930.39 bin=71934.79 open=71894.34 obi=0.9668 ask_up=0.83 ask_dn=0.18 bid_up=0.82 bid_dn=0.17 halted=False[0m
2026-04-10 03:35:53.549 [INFO] shared.ipc: IPC: received authenticated signal_update (summary=signals_summary_1775792153.json)
2026-04-10 03:35:53.549 [INFO] __main__: received new signal from orchestrator: rank=1 side=Down
[2m2026-04-10 03:36:14.972 [INFO] __main__: STATUS t=225s delta=0.0335% dir=up agree=True chain=71918.40 bin=71913.53 open=71894.34 obi=0.0762 ask_up=0.68 ask_dn=0.33 bid_up=0.67 bid_dn=0.32 halted=False[0m
[2m2026-04-10 03:36:45.102 [INFO] __main__: STATUS t=195s delta=0.0583% dir=up agree=True chain=71936.28 bin=71924.43 open=71894.34 obi=-0.4752 ask_up=0.75 ask_dn=0.26 bid_up=0.74 bid_dn=0.25 halted=False[0m
[2m2026-04-10 03:37:15.262 [INFO] __main__: STATUS t=165s delta=0.0912% dir=up agree=True chain=71959.90 bin=71957.64 open=71894.34 obi=0.4092 ask_up=0.90 ask_dn=0.11 bid_up=0.89 bid_dn=0.10 halted=False[0m
2026-04-10 03:37:40.122 [INFO] strategy.momentum_signal: signal_eval rank=1 side=up latest_pct=0.0830 stddev=0.0047 n=159 min_delta=0.07 max_var=0.050
[37m2026-04-10 03:37:40.122 [INFO] strategy.momentum_signal: [SKIP] rank=1 side=up reason=KELLY_NO_EDGE p_adj=0.852 entry=0.92 raw_f=-0.845 total_disc=0.094 vol=0.000 chop=0.786 outcome=0.381[0m
[2m2026-04-10 03:37:45.394 [INFO] __main__: STATUS t=135s delta=0.0839% dir=up agree=True chain=71954.65 bin=71949.95 open=71894.34 obi=-0.9806 ask_up=0.90 ask_dn=0.11 bid_up=0.89 bid_dn=0.10 halted=False[0m
[2m2026-04-10 03:38:15.529 [INFO] __main__: STATUS t=104s delta=0.0718% dir=up agree=True chain=71945.94 bin=71941.42 open=71894.34 obi=-0.8141 ask_up=0.92 ask_dn=0.09 bid_up=0.91 bid_dn=0.08 halted=False[0m
[2m2026-04-10 03:38:45.649 [INFO] __main__: STATUS t=74s delta=0.0316% dir=up agree=True chain=71917.07 bin=71919.12 open=71894.34 obi=0.9580 ask_up=0.90 ask_dn=0.11 bid_up=0.89 bid_dn=0.10 halted=False[0m
[2m2026-04-10 03:39:15.793 [INFO] __main__: STATUS t=44s delta=0.0438% dir=up agree=True chain=71925.80 bin=71921.10 open=71894.34 obi=0.7719 ask_up=0.94 ask_dn=0.07 bid_up=0.93 bid_dn=0.06 halted=False[0m
[2m2026-04-10 03:39:45.924 [INFO] __main__: STATUS t=14s delta=0.0296% dir=up agree=True chain=71915.59 bin=71914.24 open=71894.34 obi=-0.0990 ask_up=0.96 ask_dn=0.05 bid_up=0.95 bid_dn=0.04 halted=False[0m
[37m2026-04-10 03:40:00.241 [INFO] execution.paper_trading: paper window_ts=1775792100 [SKIP] pnl=0.0000 direction=up outcome=up - balance=$1017.57 bid_up=0.99 ask_up=1.00 bid_dn=0.01 ask_dn=0.01[0m
[93m[1m2026-04-10 03:40:00.242 [INFO] risk.position_tracker: WINDOW_SUMMARY window_pnl=$0.0000 session_pnl=$15.8632 won=$17.9432 lost=$2.0800 wr=75.0% (3/4) consec_losses=0[0m
[37m2026-04-10 03:40:00.248 [INFO] strategy.window_handler: WINDOW_DECISION [SKIP] rank=1 side=up pnl=$0.0000 entry=0.00 size=$0.00 (conditions not met)[0m
2026-04-10 03:40:00.250 [INFO] strategy.window_handler: Signal changed: up_180.0_140.0_0.07_0.05 -> down_230.0_200.0_0.07_0.05 (age was 16 windows)
2026-04-10 03:40:00.250 [INFO] strategy.window_handler: SIGNAL_SWAP_ACTIVE: {"rank":1,"side":"down","observeFromS":230.0,"observeToS":200.0,"minDeltaPct":0.07,"maxVariancePct":0.05,"trainWinRatePct":87.64,"oosWinRatePct":87.65,"oosBhAdjustedPValue":1.28708e-13,"oosMatches":81,"avgEntryPrice":0.813,"evPerTrade":0.0336,"smartScore":23.12,"wfFoldsAppeared":6,"wfTotalTestFolds":6,"wfFoldIndices":[2,3,4,5,6,7]}
2026-04-10 03:40:00.251 [INFO] strategy.window_handler: switched to new signal: #1 down (previous: #1 up)
[96m[1m2026-04-10 03:40:00.251 [INFO] strategy.window_tracker: new window: btc-updown-5m-1775792400 (ts=1775792400)[0m
[96m2026-04-10 03:40:00.338 [INFO] strategy.window_handler: REGIME vol_stddev=0.069% chop_flips=7.5 outcome=3U/3D over 6w sprt=dormant llr=0.00 age=0w bankroll=$866.06[0m
[96m2026-04-10 03:40:00.338 [INFO] strategy.window_handler: KELLY wr_adj=76.9% base=87.7% total_disc=7.7% vol=0.0% chop=64.3% outcome=0.0% feedback=+0.0%[0m
[96m2026-04-10 03:40:00.339 [INFO] __main__: window open price captured: 71904.20 (tier 0 — oracle boundary, oracle_age=1000ms)[0m
[96m2026-04-10 03:40:00.339 [INFO] __main__: window open price captured: 71900.00 (binance)[0m
2026-04-10 03:40:00.339 [INFO] strategy.momentum_signal: momentum_signal: waiting for full market data
2026-04-10 03:40:01.069 [INFO] market_data.clob_market_ws: CLOB market subscribed for tokens up=712886573228 down=450515105495
[2m2026-04-10 03:40:15.927 [INFO] __main__: STATUS t=284s delta=-0.0016% dir=down agree=True chain=71903.02 bin=71900.01 open=71904.20 obi=-0.5515 ask_up=0.52 ask_dn=0.49 bid_up=0.51 bid_dn=0.48 halted=False[0m
[2m2026-04-10 03:40:46.054 [INFO] __main__: STATUS t=254s delta=0.0063% dir=up agree=True chain=71908.75 bin=71906.42 open=71904.20 obi=0.1430 ask_up=0.59 ask_dn=0.42 bid_up=0.58 bid_dn=0.41 halted=False[0m
[2m2026-04-10 03:41:16.181 [INFO] __main__: STATUS t=224s delta=-0.0119% dir=down agree=True chain=71895.68 bin=71892.01 open=71904.20 obi=-0.2335 ask_up=0.45 ask_dn=0.56 bid_up=0.44 bid_dn=0.55 halted=False[0m
2026-04-10 03:41:40.030 [INFO] strategy.momentum_signal: signal_eval rank=1 side=down latest_pct=0.0324 stddev=0.0209 n=119 min_delta=0.07 max_var=0.050
[37m2026-04-10 03:41:40.031 [INFO] strategy.momentum_signal: [SKIP] rank=1 side=down reason=conditions_not_met latest_pct=0.0324 need=<=-0.07 stddev=0.0209 max_var=0.050[0m
[2m2026-04-10 03:41:46.305 [INFO] __main__: STATUS t=194s delta=0.0460% dir=up agree=True chain=71937.26 bin=71936.42 open=71904.20 obi=0.9916 ask_up=0.80 ask_dn=0.21 bid_up=0.79 bid_dn=0.20 halted=False[0m
[2m2026-04-10 03:42:16.476 [INFO] __main__: STATUS t=164s delta=0.0671% dir=up agree=True chain=71952.43 bin=71945.43 open=71904.20 obi=0.2607 ask_up=0.88 ask_dn=0.13 bid_up=0.87 bid_dn=0.12 halted=False[0m
[2m2026-04-10 03:42:46.602 [INFO] __main__: STATUS t=133s delta=0.0511% dir=up agree=True chain=71940.95 bin=71938.06 open=71904.20 obi=-0.8288 ask_up=0.84 ask_dn=0.17 bid_up=0.83 bid_dn=0.16 halted=False[0m
[2m2026-04-10 03:43:16.734 [INFO] __main__: STATUS t=103s delta=0.0235% dir=up agree=True chain=71921.09 bin=71918.57 open=71904.20 obi=0.4162 ask_up=0.75 ask_dn=0.26 bid_up=0.74 bid_dn=0.25 halted=False[0m
[2m2026-04-10 03:43:46.853 [INFO] __main__: STATUS t=73s delta=0.0311% dir=up agree=True chain=71926.55 bin=71923.17 open=71904.20 obi=-0.4010 ask_up=0.80 ask_dn=0.21 bid_up=0.79 bid_dn=0.20 halted=False[0m
[2m2026-04-10 03:44:17.013 [INFO] __main__: STATUS t=43s delta=0.0306% dir=up agree=True chain=71926.18 bin=71923.17 open=71904.20 obi=-0.0432 ask_up=0.92 ask_dn=0.09 bid_up=0.91 bid_dn=0.08 halted=False[0m
[2m2026-04-10 03:44:47.147 [INFO] __main__: STATUS t=13s delta=0.0319% dir=up agree=True chain=71927.12 bin=71923.16 open=71904.20 obi=0.1070 ask_up=0.98 ask_dn=0.03 bid_up=0.97 bid_dn=0.02 halted=False[0m
[37m2026-04-10 03:45:00.212 [INFO] execution.paper_trading: paper window_ts=1775792400 [SKIP] pnl=0.0000 direction=up outcome=up - balance=$1017.57 bid_up=0.99 ask_up=1.00 bid_dn=0.01 ask_dn=0.01[0m
[93m[1m2026-04-10 03:45:00.212 [INFO] risk.position_tracker: WINDOW_SUMMARY window_pnl=$0.0000 session_pnl=$15.8632 won=$17.9432 lost=$2.0800 wr=75.0% (3/4) consec_losses=0[0m
[96m2026-04-10 03:45:00.215 [INFO] strategy.window_handler: REGIME chop_detected flips=7 delta_range=0.0863% avg_flips=7.0 over=6_windows[0m
[37m2026-04-10 03:45:00.219 [INFO] strategy.window_handler: WINDOW_DECISION [SKIP] rank=1 side=down pnl=$0.0000 entry=0.00 size=$0.00 (conditions not met)[0m
[96m[1m2026-04-10 03:45:00.219 [INFO] strategy.window_tracker: new window: btc-updown-5m-1775792700 (ts=1775792700)[0m
2026-04-10 03:45:00.260 [INFO] market_data.clob_market_ws: CLOB market subscribed for tokens up=557602424950 down=657253430086
[96m2026-04-10 03:45:00.274 [INFO] strategy.window_handler: REGIME vol_stddev=0.069% chop_flips=7.0 outcome=4U/2D over 6w sprt=dormant llr=0.00 age=1w bankroll=$866.06[0m
[96m2026-04-10 03:45:00.274 [INFO] strategy.window_handler: KELLY wr_adj=77.8% base=87.7% total_disc=6.9% vol=0.0% chop=57.1% outcome=38.1% feedback=+0.0%[0m
[96m2026-04-10 03:45:00.274 [INFO] __main__: window open price captured: 71927.07 (tier 0 — oracle boundary, oracle_age=2000ms)[0m
[96m2026-04-10 03:45:00.274 [INFO] __main__: window open price captured: 71919.99 (binance)[0m
2026-04-10 03:45:00.275 [INFO] strategy.momentum_signal: momentum_signal: waiting for full market data
[2m2026-04-10 03:45:17.359 [INFO] __main__: STATUS t=283s delta=0.0018% dir=up agree=True chain=71928.36 bin=71927.94 open=71927.07 obi=0.5383 ask_up=0.55 ask_dn=0.46 bid_up=0.54 bid_dn=0.45 halted=False[0m
[2m2026-04-10 03:45:47.485 [INFO] __main__: STATUS t=253s delta=0.0095% dir=up agree=True chain=71933.91 bin=71930.36 open=71927.07 obi=-0.7813 ask_up=0.54 ask_dn=0.48 bid_up=0.52 bid_dn=0.46 halted=False[0m
[2m2026-04-10 03:46:17.634 [INFO] __main__: STATUS t=222s delta=-0.0068% dir=down agree=True chain=71922.20 bin=71926.00 open=71927.07 obi=0.7222 ask_up=0.55 ask_dn=0.47 bid_up=0.53 bid_dn=0.45 halted=False[0m
2026-04-10 03:46:40.231 [INFO] strategy.momentum_signal: signal_eval rank=1 side=down latest_pct=0.0080 stddev=0.0077 n=120 min_delta=0.07 max_var=0.050
[37m2026-04-10 03:46:40.231 [INFO] strategy.momentum_signal: [SKIP] rank=1 side=down reason=conditions_not_met latest_pct=0.0080 need=<=-0.07 stddev=0.0077 max_var=0.050[0m
[2m2026-04-10 03:46:47.759 [INFO] __main__: STATUS t=192s delta=0.0110% dir=up agree=True chain=71934.99 bin=71930.44 open=71927.07 obi=-0.8762 ask_up=0.55 ask_dn=0.46 bid_up=0.54 bid_dn=0.45 halted=False[0m
[2m2026-04-10 03:47:17.891 [INFO] __main__: STATUS t=162s delta=0.0309% dir=up agree=True chain=71949.32 bin=71949.02 open=71927.07 obi=-0.9819 ask_up=0.75 ask_dn=0.26 bid_up=0.74 bid_dn=0.25 halted=False[0m
[2m2026-04-10 03:47:48.005 [INFO] __main__: STATUS t=132s delta=-0.0379% dir=down agree=True chain=71899.84 bin=71894.49 open=71927.07 obi=-0.9131 ask_up=0.18 ask_dn=0.83 bid_up=0.17 bid_dn=0.82 halted=False[0m
[2m2026-04-10 03:48:18.150 [INFO] __main__: STATUS t=102s delta=-0.0566% dir=down agree=True chain=71886.32 bin=71884.00 open=71927.07 obi=0.0540 ask_up=0.14 ask_dn=0.87 bid_up=0.13 bid_dn=0.86 halted=False[0m
[2m2026-04-10 03:48:48.273 [INFO] __main__: STATUS t=72s delta=-0.0741% dir=down agree=True chain=71873.76 bin=71868.84 open=71927.07 obi=0.8500 ask_up=0.05 ask_dn=0.96 bid_up=0.04 bid_dn=0.95 halted=False[0m
[2m2026-04-10 03:49:18.401 [INFO] __main__: STATUS t=42s delta=-0.0958% dir=down agree=True chain=71858.19 bin=71861.65 open=71927.07 obi=0.9332 ask_up=0.02 ask_dn=0.99 bid_up=0.01 bid_dn=0.98 halted=False[0m
[2m2026-04-10 03:49:48.535 [INFO] __main__: STATUS t=11s delta=-0.0641% dir=down agree=True chain=71880.93 bin=71875.08 open=71927.07 obi=-0.0646 ask_up=0.02 ask_dn=0.99 bid_up=0.01 bid_dn=0.98 halted=False[0m
[37m2026-04-10 03:50:00.093 [INFO] execution.paper_trading: paper window_ts=1775792700 [SKIP] pnl=0.0000 direction=down outcome=down - balance=$1017.57 bid_up=0.01 ask_up=0.01 bid_dn=0.99 ask_dn=1.00[0m
[93m[1m2026-04-10 03:50:00.093 [INFO] risk.position_tracker: WINDOW_SUMMARY window_pnl=$0.0000 session_pnl=$15.8632 won=$17.9432 lost=$2.0800 wr=75.0% (3/4) consec_losses=0[0m
[96m2026-04-10 03:50:00.095 [INFO] strategy.window_handler: REGIME chop_detected flips=5 delta_range=0.1387% avg_flips=5.3 over=6_windows[0m
[37m2026-04-10 03:50:00.100 [INFO] strategy.window_handler: WINDOW_DECISION [SKIP] rank=1 side=down pnl=$0.0000 entry=0.00 size=$0.00 (conditions not met)[0m
[96m[1m2026-04-10 03:50:00.100 [INFO] strategy.window_tracker: new window: btc-updown-5m-1775793000 (ts=1775793000)[0m
[96m2026-04-10 03:50:00.190 [INFO] strategy.window_handler: REGIME vol_stddev=0.069% chop_flips=5.3 outcome=3U/3D over 6w sprt=dormant llr=0.00 age=2w bankroll=$866.06[0m
[96m2026-04-10 03:50:00.190 [INFO] strategy.window_handler: KELLY wr_adj=80.7% base=87.7% total_disc=4.0% vol=0.0% chop=33.3% outcome=0.0% feedback=+0.0%[0m
[96m2026-04-10 03:50:00.191 [INFO] __main__: window open price captured: 71871.02 (tier 0 — oracle boundary, oracle_age=1000ms)[0m
[96m2026-04-10 03:50:00.192 [INFO] __main__: window open price captured: 71867.11 (binance)[0m
2026-04-10 03:50:00.194 [INFO] strategy.momentum_signal: momentum_signal: waiting for full market data
2026-04-10 03:50:00.460 [INFO] market_data.clob_market_ws: CLOB market subscribed for tokens up=793044854239 down=679028092511
[2m2026-04-10 03:50:18.551 [INFO] __main__: STATUS t=281s delta=-0.0202% dir=down agree=True chain=71856.49 bin=71856.01 open=71871.02 obi=-0.1318 ask_up=0.43 ask_dn=0.58 bid_up=0.42 bid_dn=0.57 halted=False[0m
[2m2026-04-10 03:50:48.681 [INFO] __main__: STATUS t=251s delta=-0.0358% dir=down agree=True chain=71845.30 bin=71838.09 open=71871.02 obi=-0.6426 ask_up=0.30 ask_dn=0.71 bid_up=0.29 bid_dn=0.70 halted=False[0m
2026-04-10 03:51:05.788 [INFO] shared.ipc: IPC: received authenticated signal_update (summary=signals_summary_1775793065.json)
2026-04-10 03:51:05.788 [INFO] __main__: received new signal from orchestrator: rank=1 side=Down
[2m2026-04-10 03:51:18.813 [INFO] __main__: STATUS t=221s delta=-0.0327% dir=down agree=True chain=71847.52 bin=71843.99 open=71871.02 obi=0.9659 ask_up=0.39 ask_dn=0.62 bid_up=0.38 bid_dn=0.61 halted=False[0m
2026-04-10 03:51:40.153 [INFO] strategy.momentum_signal: signal_eval rank=1 side=down latest_pct=-0.0292 stddev=0.0036 n=120 min_delta=0.07 max_var=0.050
[37m2026-04-10 03:51:40.153 [INFO] strategy.momentum_signal: [SKIP] rank=1 side=down reason=conditions_not_met latest_pct=-0.0292 need=<=-0.07 stddev=0.0036 max_var=0.050[0m
[2m2026-04-10 03:51:48.939 [INFO] __main__: STATUS t=191s delta=-0.0310% dir=down agree=True chain=71848.74 bin=71847.18 open=71871.02 obi=-0.3614 ask_up=0.35 ask_dn=0.66 bid_up=0.34 bid_dn=0.65 halted=False[0m
[2m2026-04-10 03:52:19.064 [INFO] __main__: STATUS t=161s delta=-0.0161% dir=down agree=True chain=71859.44 bin=71854.70 open=71871.02 obi=-0.0848 ask_up=0.37 ask_dn=0.64 bid_up=0.36 bid_dn=0.63 halted=False[0m
[2m2026-04-10 03:52:49.178 [INFO] __main__: STATUS t=131s delta=-0.0222% dir=down agree=True chain=71855.05 bin=71850.00 open=71871.02 obi=-0.7629 ask_up=0.21 ask_dn=0.80 bid_up=0.20 bid_dn=0.79 halted=False[0m
[2m2026-04-10 03:53:19.309 [INFO] __main__: STATUS t=101s delta=-0.0168% dir=down agree=True chain=71858.92 bin=71857.18 open=71871.02 obi=-0.1387 ask_up=0.30 ask_dn=0.71 bid_up=0.29 bid_dn=0.70 halted=False[0m
[2m2026-04-10 03:53:49.436 [INFO] __main__: STATUS t=71s delta=-0.0243% dir=down agree=True chain=71853.56 bin=71850.78 open=71871.02 obi=-0.4185 ask_up=0.17 ask_dn=0.84 bid_up=0.16 bid_dn=0.83 halted=False[0m
[2m2026-04-10 03:54:19.582 [INFO] __main__: STATUS t=40s delta=-0.0130% dir=down agree=True chain=71861.69 bin=71864.44 open=71871.02 obi=0.5564 ask_up=0.42 ask_dn=0.59 bid_up=0.41 bid_dn=0.58 halted=False[0m
[2m2026-04-10 03:54:49.708 [INFO] __main__: STATUS t=10s delta=0.0023% dir=up agree=True chain=71872.68 bin=71874.36 open=71871.02 obi=-0.9824 ask_up=0.42 ask_dn=0.59 bid_up=0.41 bid_dn=0.58 halted=False[0m
[37m2026-04-10 03:55:00.021 [INFO] execution.paper_trading: paper window_ts=1775793000 [SKIP] pnl=0.0000 direction=down outcome=down - balance=$1017.57 bid_up=0.54 ask_up=0.75 bid_dn=0.25 ask_dn=0.46[0m
[93m[1m2026-04-10 03:55:00.021 [INFO] risk.position_tracker: WINDOW_SUMMARY window_pnl=$0.0000 session_pnl=$15.8632 won=$17.9432 lost=$2.0800 wr=75.0% (3/4) consec_losses=0[0m
[96m2026-04-10 03:55:00.027 [INFO] strategy.window_handler: REGIME chop_detected flips=6 delta_range=0.0520% avg_flips=4.7 over=6_windows[0m
[37m2026-04-10 03:55:00.043 [INFO] strategy.window_handler: WINDOW_DECISION [SKIP] rank=1 side=down pnl=$0.0000 entry=0.00 size=$0.00 (conditions not met)[0m
2026-04-10 03:55:00.043 [INFO] strategy.window_handler: Signal changed: down_230.0_200.0_0.07_0.05 -> down_280.0_130.0_0.07_0.05 (age was 3 windows)
2026-04-10 03:55:00.044 [INFO] strategy.window_handler: SIGNAL_SWAP_ACTIVE: {"rank":1,"side":"down","observeFromS":280.0,"observeToS":130.0,"minDeltaPct":0.07,"maxVariancePct":0.05,"trainWinRatePct":91.4,"oosWinRatePct":94.34,"oosBhAdjustedPValue":4.20086e-17,"oosMatches":53,"avgEntryPrice":0.87,"evPerTrade":0.0434,"smartScore":21.0,"wfFoldsAppeared":4,"wfTotalTestFolds":6,"wfFoldIndices":[4,5,6,7]}
2026-04-10 03:55:00.044 [INFO] strategy.window_handler: switched to new signal: #1 down (previous: #1 down)
[96m[1m2026-04-10 03:55:00.044 [INFO] strategy.window_tracker: new window: btc-updown-5m-1775793300 (ts=1775793300)[0m
[96m2026-04-10 03:55:00.123 [INFO] strategy.window_handler: REGIME vol_stddev=0.069% chop_flips=4.7 outcome=3U/3D over 6w sprt=dormant llr=0.00 age=0w bankroll=$866.06[0m
[96m2026-04-10 03:55:00.123 [INFO] strategy.window_handler: KELLY wr_adj=88.5% base=94.3% total_disc=2.9% vol=0.0% chop=23.8% outcome=0.0% feedback=+0.0%[0m
[96m2026-04-10 03:55:00.125 [INFO] __main__: window open price captured: 71869.81 (tier 0 — oracle boundary, oracle_age=2000ms)[0m
[96m2026-04-10 03:55:00.126 [INFO] __main__: window open price captured: 71870.78 (binance)[0m
2026-04-10 03:55:00.127 [INFO] strategy.momentum_signal: momentum_signal: waiting for full market data
2026-04-10 03:55:00.677 [INFO] market_data.clob_market_ws: CLOB market subscribed for tokens up=114467451951 down=103820657702
[2m2026-04-10 03:55:19.739 [INFO] __main__: STATUS t=280s delta=-0.0014% dir=down agree=True chain=71868.77 bin=71869.54 open=71869.81 obi=-0.8504 ask_up=0.51 ask_dn=0.50 bid_up=0.50 bid_dn=0.49 halted=False[0m
[2m2026-04-10 03:55:49.870 [INFO] __main__: STATUS t=250s delta=0.0093% dir=up agree=True chain=71876.53 bin=71877.67 open=71869.81 obi=0.4486 ask_up=0.64 ask_dn=0.37 bid_up=0.63 bid_dn=0.36 halted=False[0m
[2m2026-04-10 03:56:20.012 [INFO] __main__: STATUS t=220s delta=0.0142% dir=up agree=True chain=71880.02 bin=71877.68 open=71869.81 obi=-0.2818 ask_up=0.63 ask_dn=0.38 bid_up=0.62 bid_dn=0.37 halted=False[0m
[2m2026-04-10 03:56:50.140 [INFO] __main__: STATUS t=190s delta=-0.0064% dir=down agree=True chain=71865.20 bin=71861.50 open=71869.81 obi=-0.8513 ask_up=0.45 ask_dn=0.56 bid_up=0.44 bid_dn=0.55 halted=False[0m
[2m2026-04-10 03:57:20.282 [INFO] __main__: STATUS t=160s delta=-0.0047% dir=down agree=True chain=71866.46 bin=71861.51 open=71869.81 obi=0.1324 ask_up=0.48 ask_dn=0.53 bid_up=0.47 bid_dn=0.52 halted=False[0m
2026-04-10 03:57:50.147 [INFO] strategy.momentum_signal: signal_eval rank=1 side=down latest_pct=-0.0025 stddev=0.0097 n=597 min_delta=0.07 max_var=0.050
[37m2026-04-10 03:57:50.147 [INFO] strategy.momentum_signal: [SKIP] rank=1 side=down reason=conditions_not_met latest_pct=-0.0025 need=<=-0.07 stddev=0.0097 max_var=0.050[0m
[2m2026-04-10 03:57:50.398 [INFO] __main__: STATUS t=130s delta=0.0004% dir=up agree=False chain=71870.10 bin=71868.00 open=71869.81 obi=-0.0994 ask_up=0.55 ask_dn=0.46 bid_up=0.54 bid_dn=0.45 halted=False[0m
[2m2026-04-10 03:58:20.524 [INFO] __main__: STATUS t=99s delta=-0.0138% dir=down agree=True chain=71859.91 bin=71853.82 open=71869.81 obi=0.3674 ask_up=0.32 ask_dn=0.69 bid_up=0.31 bid_dn=0.68 halted=False[0m
[2m2026-04-10 03:58:50.650 [INFO] __main__: STATUS t=69s delta=-0.0159% dir=down agree=True chain=71858.35 bin=71852.72 open=71869.81 obi=-0.9180 ask_up=0.24 ask_dn=0.77 bid_up=0.23 bid_dn=0.76 halted=False[0m
[2m2026-04-10 03:59:20.778 [INFO] __main__: STATUS t=39s delta=0.0085% dir=up agree=True chain=71875.91 bin=71875.02 open=71869.81 obi=0.7264 ask_up=0.80 ask_dn=0.21 bid_up=0.79 bid_dn=0.20 halted=False[0m
[2m2026-04-10 03:59:50.906 [INFO] __main__: STATUS t=9s delta=0.0089% dir=up agree=False chain=71876.19 bin=71868.67 open=71869.81 obi=0.2662 ask_up=0.73 ask_dn=0.28 bid_up=0.72 bid_dn=0.27 halted=False[0m
[37m2026-04-10 04:00:00.197 [INFO] execution.paper_trading: paper window_ts=1775793300 [SKIP] pnl=0.0000 direction=up outcome=up - balance=$1017.57 bid_up=0.99 ask_up=1.00 bid_dn=0.01 ask_dn=0.01[0m
[93m[1m2026-04-10 04:00:00.197 [INFO] risk.position_tracker: WINDOW_SUMMARY window_pnl=$0.0000 session_pnl=$15.8632 won=$17.9432 lost=$2.0800 wr=75.0% (3/4) consec_losses=0[0m
[96m2026-04-10 04:00:00.199 [INFO] strategy.window_handler: REGIME chop_detected flips=5 delta_range=0.0387% avg_flips=4.3 over=6_windows[0m
[37m2026-04-10 04:00:00.202 [INFO] strategy.window_handler: WINDOW_DECISION [SKIP] rank=1 side=down pnl=$0.0000 entry=0.00 size=$0.00 (conditions not met)[0m
[96m[1m2026-04-10 04:00:00.202 [INFO] strategy.window_tracker: new window: btc-updown-5m-1775793600 (ts=1775793600)[0m
[96m2026-04-10 04:00:00.273 [INFO] strategy.window_handler: REGIME vol_stddev=0.068% chop_flips=4.3 outcome=4U/2D over 6w sprt=dormant llr=0.00 age=1w bankroll=$866.06[0m
[96m2026-04-10 04:00:00.273 [INFO] strategy.window_handler: KELLY wr_adj=86.8% base=94.3% total_disc=4.6% vol=0.0% chop=19.0% outcome=38.1% feedback=+0.0%[0m
[96m2026-04-10 04:00:00.274 [INFO] __main__: window open price captured: 71874.01 (tier 0 — oracle boundary, oracle_age=1000ms)[0m
[96m2026-04-10 04:00:00.274 [INFO] __main__: window open price captured: 71868.67 (binance)[0m
2026-04-10 04:00:00.276 [INFO] strategy.momentum_signal: momentum_signal: waiting for full market data
2026-04-10 04:00:00.875 [INFO] market_data.clob_market_ws: CLOB market subscribed for tokens up=402505704985 down=426783190637
[2m2026-04-10 04:00:21.147 [INFO] __main__: STATUS t=279s delta=0.0215% dir=up agree=True chain=71889.49 bin=71883.38 open=71874.01 obi=-0.8510 ask_up=0.99 ask_dn=0.42 bid_up=0.01 bid_dn=0.41 halted=False[0m
[2m2026-04-10 04:00:51.278 [INFO] __main__: STATUS t=249s delta=0.0414% dir=up agree=True chain=71903.79 bin=71902.28 open=71874.01 obi=0.6934 ask_up=0.78 ask_dn=0.23 bid_up=0.77 bid_dn=0.22 halted=False[0m
[2m2026-04-10 04:01:21.420 [INFO] __main__: STATUS t=219s delta=0.0508% dir=up agree=True chain=71910.49 bin=71906.00 open=71874.01 obi=-0.7737 ask_up=0.77 ask_dn=0.24 bid_up=0.76 bid_dn=0.23 halted=False[0m
[2m2026-04-10 04:01:51.542 [INFO] __main__: STATUS t=188s delta=0.0177% dir=up agree=True chain=71886.71 bin=71876.77 open=71874.01 obi=-0.9125 ask_up=0.56 ask_dn=0.45 bid_up=0.55 bid_dn=0.44 halted=False[0m
[2m2026-04-10 04:02:21.669 [INFO] __main__: STATUS t=158s delta=0.0270% dir=up agree=True chain=71893.43 bin=71884.99 open=71874.01 obi=0.8315 ask_up=0.79 ask_dn=0.22 bid_up=0.78 bid_dn=0.21 halted=False[0m
2026-04-10 04:02:50.047 [INFO] strategy.momentum_signal: signal_eval rank=1 side=down latest_pct=0.0473 stddev=0.0153 n=597 min_delta=0.07 max_var=0.050
[37m2026-04-10 04:02:50.047 [INFO] strategy.momentum_signal: [SKIP] rank=1 side=down reason=conditions_not_met latest_pct=0.0473 need=<=-0.07 stddev=0.0153 max_var=0.050[0m
[2m2026-04-10 04:02:51.805 [INFO] __main__: STATUS t=128s delta=0.0544% dir=up agree=True chain=71913.09 bin=71907.99 open=71874.01 obi=0.2428 ask_up=0.92 ask_dn=0.09 bid_up=0.91 bid_dn=0.08 halted=False[0m
[2m2026-04-10 04:03:21.944 [INFO] __main__: STATUS t=98s delta=0.0614% dir=up agree=True chain=71918.17 bin=71911.78 open=71874.01 obi=-0.2150 ask_up=0.95 ask_dn=0.06 bid_up=0.94 bid_dn=0.05 halted=False[0m
[2m2026-04-10 04:03:52.078 [INFO] __main__: STATUS t=68s delta=0.0512% dir=up agree=True chain=71910.77 bin=71904.72 open=71874.01 obi=-0.5068 ask_up=0.94 ask_dn=0.07 bid_up=0.93 bid_dn=0.06 halted=False[0m
[2m2026-04-10 04:04:22.232 [INFO] __main__: STATUS t=38s delta=0.0487% dir=up agree=True chain=71909.03 bin=71903.53 open=71874.01 obi=-0.8882 ask_up=0.98 ask_dn=0.03 bid_up=0.97 bid_dn=0.02 halted=False[0m
[2m2026-04-10 04:04:52.371 [INFO] __main__: STATUS t=8s delta=0.0542% dir=up agree=True chain=71912.96 bin=71919.92 open=71874.01 obi=0.7656 ask_up=1.00 ask_dn=0.01 bid_up=0.99 bid_dn=0.01 halted=False[0m
[37m2026-04-10 04:05:00.158 [INFO] execution.paper_trading: paper window_ts=1775793600 [SKIP] pnl=0.0000 direction=up outcome=up - balance=$1017.57 bid_up=0.99 ask_up=1.00 bid_dn=0.01 ask_dn=0.01[0m
[93m[1m2026-04-10 04:05:00.158 [INFO] risk.position_tracker: WINDOW_SUMMARY window_pnl=$0.0000 session_pnl=$15.8632 won=$17.9432 lost=$2.0800 wr=75.0% (3/4) consec_losses=0[0m
[37m2026-04-10 04:05:00.164 [INFO] strategy.window_handler: WINDOW_DECISION [SKIP] rank=1 side=down pnl=$0.0000 entry=0.00 size=$0.00 (conditions not met)[0m
[96m[1m2026-04-10 04:05:00.164 [INFO] strategy.window_tracker: new window: btc-updown-5m-1775793900 (ts=1775793900)[0m
[96m2026-04-10 04:05:00.217 [INFO] strategy.window_handler: REGIME vol_stddev=0.070% chop_flips=4.3 outcome=4U/2D over 6w sprt=dormant llr=0.00 age=2w bankroll=$866.06[0m
[96m2026-04-10 04:05:00.217 [INFO] strategy.window_handler: KELLY wr_adj=86.8% base=94.3% total_disc=4.6% vol=0.0% chop=19.0% outcome=38.1% feedback=+0.0%[0m
[96m2026-04-10 04:05:00.218 [INFO] __main__: window open price captured: 71921.07 (tier 0 — oracle boundary, oracle_age=2000ms)[0m
[96m2026-04-10 04:05:00.219 [INFO] __main__: window open price captured: 71912.65 (binance)[0m
2026-04-10 04:05:00.220 [INFO] strategy.momentum_signal: momentum_signal: waiting for full market data
2026-04-10 04:05:01.102 [INFO] market_data.clob_market_ws: CLOB market subscribed for tokens up=806033266221 down=307150531881
[2m2026-04-10 04:05:22.581 [INFO] __main__: STATUS t=277s delta=-0.0153% dir=down agree=True chain=71910.10 bin=71903.53 open=71921.07 obi=0.0109 ask_up=0.45 ask_dn=0.56 bid_up=0.44 bid_dn=0.55 halted=False[0m
[2m2026-04-10 04:05:52.702 [INFO] __main__: STATUS t=247s delta=0.0205% dir=up agree=True chain=71935.84 bin=71927.23 open=71921.07 obi=-0.0536 ask_up=0.63 ask_dn=0.38 bid_up=0.62 bid_dn=0.37 halted=False[0m
2026-04-10 04:06:18.039 [INFO] shared.ipc: IPC: received authenticated signal_update (summary=signals_summary_1775793978.json)
2026-04-10 04:06:18.039 [INFO] __main__: received new signal from orchestrator: rank=1 side=Up
[2m2026-04-10 04:06:22.854 [INFO] __main__: STATUS t=217s delta=0.0188% dir=up agree=True chain=71934.60 bin=71928.92 open=71921.07 obi=-0.8300 ask_up=0.60 ask_dn=0.41 bid_up=0.59 bid_dn=0.40 halted=False[0m
[2m2026-04-10 04:06:52.984 [INFO] __main__: STATUS t=187s delta=0.0068% dir=up agree=False chain=71925.94 bin=71917.15 open=71921.07 obi=0.3435 ask_up=0.55 ask_dn=0.46 bid_up=0.54 bid_dn=0.45 halted=False[0m
[2m2026-04-10 04:07:23.126 [INFO] __main__: STATUS t=157s delta=-0.0090% dir=down agree=True chain=71914.59 bin=71906.00 open=71921.07 obi=0.3541 ask_up=0.39 ask_dn=0.62 bid_up=0.38 bid_dn=0.61 halted=False[0m
2026-04-10 04:07:50.244 [INFO] strategy.momentum_signal: signal_eval rank=1 side=down latest_pct=0.0149 stddev=0.0139 n=598 min_delta=0.07 max_var=0.050
[37m2026-04-10 04:07:50.245 [INFO] strategy.momentum_signal: [SKIP] rank=1 side=down reason=conditions_not_met latest_pct=0.0149 need=<=-0.07 stddev=0.0139 max_var=0.050[0m
[2m2026-04-10 04:07:53.255 [INFO] __main__: STATUS t=127s delta=0.0310% dir=up agree=True chain=71943.40 bin=71935.18 open=71921.07 obi=0.1660 ask_up=0.80 ask_dn=0.21 bid_up=0.79 bid_dn=0.20 halted=False[0m
[2m2026-04-10 04:08:23.396 [INFO] __main__: STATUS t=97s delta=0.0336% dir=up agree=True chain=71945.21 bin=71940.63 open=71921.07 obi=0.3705 ask_up=0.85 ask_dn=0.16 bid_up=0.84 bid_dn=0.15 halted=False[0m
[2m2026-04-10 04:08:53.522 [INFO] __main__: STATUS t=66s delta=0.0396% dir=up agree=True chain=71949.57 bin=71943.60 open=71921.07 obi=0.4720 ask_up=0.90 ask_dn=0.12 bid_up=0.88 bid_dn=0.10 halted=False[0m
[2m2026-04-10 04:09:23.657 [INFO] __main__: STATUS t=36s delta=0.0298% dir=up agree=True chain=71942.51 bin=71937.32 open=71921.07 obi=-0.6953 ask_up=0.91 ask_dn=0.10 bid_up=0.90 bid_dn=0.09 halted=False[0m
[2m2026-04-10 04:09:53.778 [INFO] __main__: STATUS t=6s delta=0.0111% dir=up agree=True chain=71929.09 bin=71927.22 open=71921.07 obi=0.9846 ask_up=0.98 ask_dn=0.03 bid_up=0.97 bid_dn=0.02 halted=False[0m
[37m2026-04-10 04:10:00.056 [INFO] execution.paper_trading: paper window_ts=1775793900 [SKIP] pnl=0.0000 direction=up outcome=up - balance=$1017.57 bid_up=0.99 ask_up=1.00 bid_dn=0.01 ask_dn=0.01[0m
[93m[1m2026-04-10 04:10:00.056 [INFO] risk.position_tracker: WINDOW_SUMMARY window_pnl=$0.0000 session_pnl=$15.8632 won=$17.9432 lost=$2.0800 wr=75.0% (3/4) consec_losses=0[0m
[96m2026-04-10 04:10:00.064 [INFO] strategy.window_handler: REGIME chop_detected flips=7 delta_range=0.0804% avg_flips=5.2 over=6_windows[0m
[37m2026-04-10 04:10:00.069 [INFO] strategy.window_handler: WINDOW_DECISION [SKIP] rank=1 side=down pnl=$0.0000 entry=0.00 size=$0.00 (conditions not met)[0m
2026-04-10 04:10:00.070 [INFO] strategy.window_handler: Signal changed: down_280.0_130.0_0.07_0.05 -> up_250.0_160.0_0.07_0.05 (age was 3 windows)
2026-04-10 04:10:00.070 [INFO] strategy.window_handler: SIGNAL_SWAP_ACTIVE: {"rank":1,"side":"up","observeFromS":250.0,"observeToS":160.0,"minDeltaPct":0.07,"maxVariancePct":0.05,"trainWinRatePct":88.41,"oosWinRatePct":100.0,"oosBhAdjustedPValue":5.94545e-07,"oosMatches":32,"avgEntryPrice":0.8909,"evPerTrade":0.0791,"smartScore":39.94,"wfFoldsAppeared":4,"wfTotalTestFolds":6,"wfFoldIndices":[4,5,6,7]}
2026-04-10 04:10:00.070 [INFO] strategy.window_handler: switched to new signal: #1 up (previous: #1 down)
[96m[1m2026-04-10 04:10:00.071 [INFO] strategy.window_tracker: new window: btc-updown-5m-1775794200 (ts=1775794200)[0m
[96m2026-04-10 04:10:00.135 [INFO] strategy.window_handler: REGIME vol_stddev=0.058% chop_flips=5.2 outcome=4U/2D over 6w sprt=dormant llr=0.00 age=0w bankroll=$866.06[0m
[96m2026-04-10 04:10:00.135 [INFO] strategy.window_handler: KELLY wr_adj=93.3% base=100.0% total_disc=3.7% vol=0.0% chop=31.0% outcome=0.0% feedback=+0.0%[0m
[96m2026-04-10 04:10:00.136 [INFO] __main__: window open price captured: 71938.63 (tier 0 — oracle boundary, oracle_age=1000ms)[0m
[96m2026-04-10 04:10:00.137 [INFO] __main__: window open price captured: 71929.41 (binance)[0m
2026-04-10 04:10:00.137 [INFO] strategy.momentum_signal: momentum_signal: waiting for full market data
2026-04-10 04:10:00.302 [INFO] market_data.clob_market_ws: CLOB market subscribed for tokens up=657591815771 down=113451617903
[2m2026-04-10 04:10:23.779 [INFO] __main__: STATUS t=276s delta=-0.0044% dir=down agree=True chain=71935.45 bin=71928.43 open=71938.63 obi=0.5439 ask_up=0.49 ask_dn=0.52 bid_up=0.48 bid_dn=0.51 halted=False[0m
[2m2026-04-10 04:10:53.905 [INFO] __main__: STATUS t=246s delta=0.0065% dir=up agree=False chain=71943.29 bin=71936.26 open=71938.63 obi=-0.3423 ask_up=0.55 ask_dn=0.46 bid_up=0.54 bid_dn=0.45 halted=False[0m
[2m2026-04-10 04:11:24.039 [INFO] __main__: STATUS t=216s delta=-0.0179% dir=down agree=True chain=71925.76 bin=71915.80 open=71938.63 obi=-0.5969 ask_up=0.36 ask_dn=0.65 bid_up=0.35 bid_dn=0.64 halted=False[0m
[2m2026-04-10 04:11:54.164 [INFO] __main__: STATUS t=186s delta=-0.0360% dir=down agree=True chain=71912.75 bin=71903.81 open=71938.63 obi=-0.7976 ask_up=0.33 ask_dn=0.68 bid_up=0.32 bid_dn=0.67 halted=False[0m
2026-04-10 04:12:20.044 [INFO] strategy.momentum_signal: signal_eval rank=1 side=up latest_pct=-0.0580 stddev=0.0172 n=358 min_delta=0.07 max_var=0.050
[37m2026-04-10 04:12:20.045 [INFO] strategy.momentum_signal: [SKIP] rank=1 side=up reason=conditions_not_met latest_pct=-0.0580 need=>=0.07 stddev=0.0172 max_var=0.050[0m
[2m2026-04-10 04:12:24.310 [INFO] __main__: STATUS t=156s delta=-0.0445% dir=down agree=True chain=71906.62 bin=71896.19 open=71938.63 obi=-0.9587 ask_up=0.36 ask_dn=0.65 bid_up=0.35 bid_dn=0.64 halted=False[0m
[2m2026-04-10 04:12:54.441 [INFO] __main__: STATUS t=126s delta=-0.0473% dir=down agree=True chain=71904.61 bin=71896.84 open=71938.63 obi=-0.1177 ask_up=0.47 ask_dn=0.54 bid_up=0.46 bid_dn=0.53 halted=False[0m
[2m2026-04-10 04:13:24.599 [INFO] __main__: STATUS t=95s delta=-0.0561% dir=down agree=True chain=71898.26 bin=71891.20 open=71938.63 obi=-0.8564 ask_up=0.36 ask_dn=0.65 bid_up=0.35 bid_dn=0.64 halted=False[0m
[2m2026-04-10 04:13:54.734 [INFO] __main__: STATUS t=65s delta=-0.0681% dir=down agree=True chain=71889.67 bin=71882.97 open=71938.63 obi=-0.8928 ask_up=0.34 ask_dn=0.67 bid_up=0.33 bid_dn=0.66 halted=False[0m
[2m2026-04-10 04:14:24.898 [INFO] __main__: STATUS t=35s delta=-0.0726% dir=down agree=True chain=71886.43 bin=71880.76 open=71938.63 obi=-0.6969 ask_up=0.12 ask_dn=0.89 bid_up=0.11 bid_dn=0.88 halted=False[0m
[2m2026-04-10 04:14:55.024 [INFO] __main__: STATUS t=5s delta=-0.0787% dir=down agree=True chain=71881.99 bin=71872.67 open=71938.63 obi=-0.9606 ask_up=0.01 ask_dn=1.00 bid_up=0.02 bid_dn=0.99 halted=False[0m
[37m2026-04-10 04:15:00.043 [INFO] execution.paper_trading: paper window_ts=1775794200 [SKIP] pnl=0.0000 direction=down outcome=down - balance=$1017.57 bid_up=0.02 ask_up=0.01 bid_dn=0.99 ask_dn=1.00[0m
[93m[1m2026-04-10 04:15:00.043 [INFO] risk.position_tracker: WINDOW_SUMMARY window_pnl=$0.0000 session_pnl=$15.8632 won=$17.9432 lost=$2.0800 wr=75.0% (3/4) consec_losses=0[0m
[37m2026-04-10 04:15:00.050 [INFO] strategy.window_handler: WINDOW_DECISION [SKIP] rank=1 side=up pnl=$0.0000 entry=0.00 size=$0.00 (conditions not met)[0m
[96m[1m2026-04-10 04:15:00.050 [INFO] strategy.window_tracker: new window: btc-updown-5m-1775794500 (ts=1775794500)[0m
[96m2026-04-10 04:15:00.137 [INFO] strategy.window_handler: REGIME vol_stddev=0.060% chop_flips=4.3 outcome=3U/3D over 6w sprt=dormant llr=0.00 age=1w bankroll=$866.06[0m
[96m2026-04-10 04:15:00.137 [INFO] strategy.window_handler: KELLY wr_adj=94.7% base=100.0% total_disc=2.3% vol=0.0% chop=19.0% outcome=0.0% feedback=+0.0%[0m
[96m2026-04-10 04:15:00.138 [INFO] __main__: window open price captured: 71875.79 (tier 0 — oracle boundary, oracle_age=1000ms)[0m
[96m2026-04-10 04:15:00.140 [INFO] __main__: window open price captured: 71867.48 (binance)[0m
2026-04-10 04:15:00.143 [INFO] strategy.momentum_signal: momentum_signal: waiting for full market data
2026-04-10 04:15:00.506 [INFO] market_data.clob_market_ws: CLOB market subscribed for tokens up=693998266176 down=230165101166
[2m2026-04-10 04:15:25.056 [INFO] __main__: STATUS t=275s delta=0.0085% dir=up agree=False chain=71881.88 bin=71873.82 open=71875.79 obi=-0.0345 ask_up=0.54 ask_dn=0.47 bid_up=0.53 bid_dn=0.46 halted=False[0m
[2m2026-04-10 04:15:55.181 [INFO] __main__: STATUS t=245s delta=0.0080% dir=up agree=True chain=71881.53 bin=71876.13 open=71875.79 obi=-0.9817 ask_up=0.55 ask_dn=0.46 bid_up=0.54 bid_dn=0.45 halted=False[0m
[2m2026-04-10 04:16:25.311 [INFO] __main__: STATUS t=215s delta=0.0133% dir=up agree=True chain=71885.36 bin=71877.17 open=71875.79 obi=0.4385 ask_up=0.63 ask_dn=0.38 bid_up=0.62 bid_dn=0.37 halted=False[0m
[2m2026-04-10 04:16:55.438 [INFO] __main__: STATUS t=185s delta=0.0612% dir=up agree=True chain=71919.81 bin=71912.73 open=71875.79 obi=-0.1538 ask_up=0.73 ask_dn=0.28 bid_up=0.72 bid_dn=0.27 halted=False[0m
2026-04-10 04:17:20.051 [INFO] strategy.momentum_signal: signal_eval rank=1 side=up latest_pct=0.0526 stddev=0.0299 n=358 min_delta=0.07 max_var=0.050
[37m2026-04-10 04:17:20.052 [INFO] strategy.momentum_signal: [SKIP] rank=1 side=up reason=conditions_not_met latest_pct=0.0526 need=>=0.07 stddev=0.0299 max_var=0.050[0m
[2m2026-04-10 04:17:25.571 [INFO] __main__: STATUS t=154s delta=0.0700% dir=up agree=True chain=71926.07 bin=71926.75 open=71875.79 obi=0.1518 ask_up=0.79 ask_dn=0.22 bid_up=0.78 bid_dn=0.21 halted=False[0m
[2m2026-04-10 04:17:55.691 [INFO] __main__: STATUS t=124s delta=0.0515% dir=up agree=True chain=71912.78 bin=71900.47 open=71875.79 obi=-0.9343 ask_up=0.68 ask_dn=0.33 bid_up=0.67 bid_dn=0.32 halted=False[0m
[2m2026-04-10 04:18:25.884 [INFO] __main__: STATUS t=94s delta=0.0403% dir=up agree=True chain=71904.78 bin=71893.02 open=71875.79 obi=-0.6505 ask_up=0.56 ask_dn=0.45 bid_up=0.55 bid_dn=0.44 halted=False[0m
[2m2026-04-10 04:18:56.009 [INFO] __main__: STATUS t=64s delta=0.0283% dir=up agree=True chain=71896.13 bin=71888.21 open=71875.79 obi=-0.8681 ask_up=0.56 ask_dn=0.45 bid_up=0.55 bid_dn=0.44 halted=False[0m
[2m2026-04-10 04:19:26.147 [INFO] __main__: STATUS t=34s delta=0.0410% dir=up agree=True chain=71905.24 bin=71898.87 open=71875.79 obi=0.4807 ask_up=0.89 ask_dn=0.12 bid_up=0.88 bid_dn=0.11 halted=False[0m
[2m2026-04-10 04:19:56.269 [INFO] __main__: STATUS t=4s delta=0.0301% dir=up agree=True chain=71897.43 bin=71888.30 open=71875.79 obi=0.6291 ask_up=0.84 ask_dn=0.19 bid_up=0.81 bid_dn=0.16 halted=False[0m
[37m2026-04-10 04:20:00.039 [INFO] execution.paper_trading: paper window_ts=1775794500 [SKIP] pnl=0.0000 direction=up outcome=up - balance=$1017.57 bid_up=0.01 ask_up=1.00 bid_dn=0.03 ask_dn=0.99[0m
[93m[1m2026-04-10 04:20:00.039 [INFO] risk.position_tracker: WINDOW_SUMMARY window_pnl=$0.0000 session_pnl=$15.8632 won=$17.9432 lost=$2.0800 wr=75.0% (3/4) consec_losses=0[0m
[37m2026-04-10 04:20:00.046 [INFO] strategy.window_handler: WINDOW_DECISION [SKIP] rank=1 side=up pnl=$0.0000 entry=0.00 size=$0.00 (conditions not met)[0m
[96m[1m2026-04-10 04:20:00.046 [INFO] strategy.window_tracker: new window: btc-updown-5m-1775794800 (ts=1775794800)[0m
[96m2026-04-10 04:20:00.163 [INFO] strategy.window_handler: REGIME vol_stddev=0.061% chop_flips=3.8 outcome=4U/2D over 6w sprt=dormant llr=0.00 age=2w bankroll=$866.06[0m
[96m2026-04-10 04:20:00.164 [INFO] strategy.window_handler: KELLY wr_adj=95.6% base=100.0% total_disc=1.4% vol=0.0% chop=11.9% outcome=0.0% feedback=+0.0%[0m
[96m2026-04-10 04:20:00.166 [INFO] __main__: window open price captured: 71896.54 (tier 0 — oracle boundary, oracle_age=1000ms)[0m
[96m2026-04-10 04:20:00.166 [INFO] __main__: window open price captured: 71888.31 (binance)[0m
2026-04-10 04:20:00.166 [INFO] strategy.momentum_signal: momentum_signal: waiting for full market data
2026-04-10 04:20:00.803 [INFO] market_data.clob_market_ws: CLOB market subscribed for tokens up=583666917805 down=208307858146
[2m2026-04-10 04:20:26.317 [INFO] __main__: STATUS t=274s delta=0.0288% dir=up agree=True chain=71917.24 bin=71908.44 open=71896.54 obi=-0.5633 ask_up=0.62 ask_dn=0.39 bid_up=0.61 bid_dn=0.38 halted=False[0m
[2m2026-04-10 04:20:56.435 [INFO] __main__: STATUS t=244s delta=0.0265% dir=up agree=True chain=71915.60 bin=71919.05 open=71896.54 obi=-0.4654 ask_up=0.62 ask_dn=0.39 bid_up=0.61 bid_dn=0.38 halted=False[0m
[2m2026-04-10 04:21:26.561 [INFO] __main__: STATUS t=213s delta=0.0298% dir=up agree=True chain=71917.99 bin=71910.00 open=71896.54 obi=-0.8261 ask_up=0.57 ask_dn=0.44 bid_up=0.56 bid_dn=0.43 halted=False[0m
2026-04-10 04:21:30.155 [INFO] shared.ipc: IPC: received authenticated signal_update (summary=signals_summary_1775794890.json)
2026-04-10 04:21:30.155 [INFO] __main__: received new signal from orchestrator: rank=2 side=Up
[2m2026-04-10 04:21:56.694 [INFO] __main__: STATUS t=183s delta=0.0266% dir=up agree=True chain=71915.67 bin=71908.86 open=71896.54 obi=0.0453 ask_up=0.73 ask_dn=0.28 bid_up=0.72 bid_dn=0.27 halted=False[0m
2026-04-10 04:22:20.043 [INFO] strategy.momentum_signal: signal_eval rank=1 side=up latest_pct=0.0484 stddev=0.0122 n=358 min_delta=0.07 max_var=0.050
[37m2026-04-10 04:22:20.043 [INFO] strategy.momentum_signal: [SKIP] rank=1 side=up reason=conditions_not_met latest_pct=0.0484 need=>=0.07 stddev=0.0122 max_var=0.050[0m
[2m2026-04-10 04:22:26.820 [INFO] __main__: STATUS t=153s delta=0.0524% dir=up agree=True chain=71934.23 bin=71926.01 open=71896.54 obi=-0.8672 ask_up=0.63 ask_dn=0.38 bid_up=0.62 bid_dn=0.37 halted=False[0m
[2m2026-04-10 04:22:56.949 [INFO] __main__: STATUS t=123s delta=0.0421% dir=up agree=True chain=71926.83 bin=71921.05 open=71896.54 obi=0.8147 ask_up=0.80 ask_dn=0.21 bid_up=0.79 bid_dn=0.20 halted=False[0m
[2m2026-04-10 04:23:27.083 [INFO] __main__: STATUS t=93s delta=0.0551% dir=up agree=True chain=71936.13 bin=71943.64 open=71896.54 obi=0.8367 ask_up=0.87 ask_dn=0.15 bid_up=0.85 bid_dn=0.13 halted=False[0m
[2m2026-04-10 04:23:57.202 [INFO] __main__: STATUS t=63s delta=0.0473% dir=up agree=True chain=71930.54 bin=71915.22 open=71896.54 obi=-0.8832 ask_up=0.75 ask_dn=0.26 bid_up=0.74 bid_dn=0.25 halted=False[0m
[2m2026-04-10 04:24:27.378 [INFO] __main__: STATUS t=33s delta=0.0475% dir=up agree=True chain=71930.68 bin=71923.05 open=71896.54 obi=0.1996 ask_up=0.99 ask_dn=0.99 bid_up=0.01 bid_dn=0.01 halted=False[0m
[2m2026-04-10 04:24:57.498 [INFO] __main__: STATUS t=3s delta=0.0419% dir=up agree=False chain=71926.63 bin=71866.94 open=71896.54 obi=-0.7751 ask_up=0.02 ask_dn=0.99 bid_up=0.01 bid_dn=0.98 halted=False[0m
[37m2026-04-10 04:25:00.022 [INFO] execution.paper_trading: paper window_ts=1775794800 [SKIP] pnl=0.0000 direction=down outcome=down - balance=$1017.57 bid_up=0.01 ask_up=0.01 bid_dn=0.99 ask_dn=1.00[0m
[93m[1m2026-04-10 04:25:00.022 [INFO] risk.position_tracker: WINDOW_SUMMARY window_pnl=$0.0000 session_pnl=$15.8632 won=$17.9432 lost=$2.0800 wr=75.0% (3/4) consec_losses=0[0m
[37m2026-04-10 04:25:00.049 [INFO] strategy.window_handler: WINDOW_DECISION [SKIP] rank=1 side=up pnl=$0.0000 entry=0.00 size=$0.00 (conditions not met)[0m
2026-04-10 04:25:00.049 [INFO] strategy.window_handler: Signal changed: up_250.0_160.0_0.07_0.05 -> up_250.0_140.0_0.07_0.05 (age was 3 windows)
2026-04-10 04:25:00.049 [INFO] strategy.window_handler: SIGNAL_SWAP_ACTIVE: {"rank":2,"side":"up","observeFromS":250.0,"observeToS":140.0,"minDeltaPct":0.07,"maxVariancePct":0.05,"trainWinRatePct":92.11,"oosWinRatePct":93.55,"oosBhAdjustedPValue":2.6944e-12,"oosMatches":62,"avgEntryPrice":0.8876,"evPerTrade":0.0179,"smartScore":14.55,"wfFoldsAppeared":6,"wfTotalTestFolds":6,"wfFoldIndices":[2,3,4,5,6,7]}
2026-04-10 04:25:00.049 [INFO] strategy.window_handler: switched to new signal: #2 up (previous: #1 up)
[96m[1m2026-04-10 04:25:00.049 [INFO] strategy.window_tracker: new window: btc-updown-5m-1775795100 (ts=1775795100)[0m
[96m2026-04-10 04:25:00.158 [INFO] strategy.window_handler: REGIME vol_stddev=0.061% chop_flips=3.0 outcome=4U/2D over 6w sprt=dormant llr=0.00 age=0w bankroll=$866.06[0m
[96m2026-04-10 04:25:00.159 [INFO] __main__: window open price captured: 71875.04 (tier 0 — oracle boundary, oracle_age=2000ms)[0m
[96m2026-04-10 04:25:00.159 [INFO] __main__: window open price captured: 71866.94 (binance)[0m
2026-04-10 04:25:00.161 [INFO] strategy.momentum_signal: momentum_signal: waiting for full market data
2026-04-10 04:25:01.085 [INFO] market_data.clob_market_ws: CLOB market subscribed for tokens up=226173914933 down=602718296853
[2m2026-04-10 04:25:27.575 [INFO] __main__: STATUS t=272s delta=0.0265% dir=up agree=True chain=71894.06 bin=71885.97 open=71875.04 obi=-0.0847 ask_up=0.70 ask_dn=0.31 bid_up=0.69 bid_dn=0.30 halted=False[0m
[2m2026-04-10 04:25:57.709 [INFO] __main__: STATUS t=242s delta=0.0577% dir=up agree=True chain=71916.54 bin=71916.00 open=71875.04 obi=0.6314 ask_up=0.84 ask_dn=0.17 bid_up=0.83 bid_dn=0.16 halted=False[0m
[2m2026-04-10 04:26:27.885 [INFO] __main__: STATUS t=212s delta=0.0665% dir=up agree=True chain=71922.83 bin=71917.88 open=71875.04 obi=-0.7801 ask_up=0.83 ask_dn=0.18 bid_up=0.82 bid_dn=0.17 halted=False[0m
[2m2026-04-10 04:26:58.016 [INFO] __main__: STATUS t=182s delta=0.0765% dir=up agree=True chain=71930.02 bin=71917.30 open=71875.04 obi=-0.6892 ask_up=0.84 ask_dn=0.17 bid_up=0.83 bid_dn=0.16 halted=False[0m
[2m2026-04-10 04:27:28.167 [INFO] __main__: STATUS t=152s delta=0.0748% dir=up agree=True chain=71928.80 bin=71921.62 open=71875.04 obi=0.3796 ask_up=0.93 ask_dn=0.08 bid_up=0.92 bid_dn=0.07 halted=False[0m
2026-04-10 04:27:40.216 [INFO] strategy.momentum_signal: signal_eval rank=2 side=up latest_pct=0.0679 stddev=0.0074 n=438 min_delta=0.07 max_var=0.050
[37m2026-04-10 04:27:40.217 [INFO] strategy.momentum_signal: [SKIP] rank=2 side=up reason=conditions_not_met latest_pct=0.0679 need=>=0.07 stddev=0.0074 max_var=0.050[0m
[2m2026-04-10 04:27:58.294 [INFO] __main__: STATUS t=122s delta=0.0839% dir=up agree=True chain=71935.35 bin=71918.65 open=71875.04 obi=0.3785 ask_up=0.92 ask_dn=0.09 bid_up=0.91 bid_dn=0.08 halted=False[0m
[2m2026-04-10 04:28:28.428 [INFO] __main__: STATUS t=92s delta=0.0364% dir=up agree=True chain=71901.23 bin=71889.42 open=71875.04 obi=-0.1221 ask_up=0.84 ask_dn=0.17 bid_up=0.83 bid_dn=0.16 halted=False[0m
[2m2026-04-10 04:28:58.560 [INFO] __main__: STATUS t=61s delta=0.0360% dir=up agree=True chain=71900.92 bin=71889.43 open=71875.04 obi=0.0956 ask_up=0.92 ask_dn=0.09 bid_up=0.91 bid_dn=0.08 halted=False[0m
[2m2026-04-10 04:29:28.721 [INFO] __main__: STATUS t=31s delta=0.0594% dir=up agree=True chain=71917.75 bin=71912.32 open=71875.04 obi=-0.2513 ask_up=0.90 ask_dn=0.11 bid_up=0.89 bid_dn=0.10 halted=False[0m
[2m2026-04-10 04:29:58.841 [INFO] __main__: STATUS t=1s delta=-0.0008% dir=down agree=True chain=71874.48 bin=71856.00 open=71875.04 obi=-0.8638 ask_up=0.34 ask_dn=0.76 bid_up=0.24 bid_dn=0.66 halted=False[0m
[37m2026-04-10 04:30:00.099 [INFO] execution.paper_trading: paper window_ts=1775795100 [SKIP] pnl=0.0000 direction=down outcome=down - balance=$1017.57 bid_up=0.24 ask_up=0.27 bid_dn=0.73 ask_dn=0.76[0m
[93m[1m2026-04-10 04:30:00.100 [INFO] risk.position_tracker: WINDOW_SUMMARY window_pnl=$0.0000 session_pnl=$15.8632 won=$17.9432 lost=$2.0800 wr=75.0% (3/4) consec_losses=0[0m
[37m2026-04-10 04:30:00.111 [INFO] strategy.window_handler: WINDOW_DECISION [SKIP] rank=2 side=up pnl=$0.0000 entry=0.00 size=$0.00 (conditions not met)[0m
[96m[1m2026-04-10 04:30:00.111 [INFO] strategy.window_tracker: new window: btc-updown-5m-1775795400 (ts=1775795400)[0m
[96m2026-04-10 04:30:00.195 [INFO] strategy.window_handler: REGIME vol_stddev=0.061% chop_flips=2.5 outcome=3U/3D over 6w sprt=dormant llr=0.00 age=1w bankroll=$866.06[0m
[96m2026-04-10 04:30:00.195 [INFO] __main__: window open price captured: 71872.92 (tier 0 — oracle boundary, oracle_age=2000ms)[0m
[96m2026-04-10 04:30:00.195 [INFO] __main__: window open price captured: 71856.00 (binance)[0m
2026-04-10 04:30:00.196 [INFO] strategy.momentum_signal: momentum_signal: waiting for full market data
2026-04-10 04:30:00.295 [INFO] market_data.clob_market_ws: CLOB market subscribed for tokens up=130475166898 down=275923272224
[2m2026-04-10 04:30:29.008 [INFO] __main__: STATUS t=271s delta=0.0030% dir=up agree=False chain=71875.08 bin=71861.40 open=71872.92 obi=-0.7389 ask_up=0.99 ask_dn=0.99 bid_up=0.01 bid_dn=0.01 halted=False[0m
[2m2026-04-10 04:30:59.132 [INFO] __main__: STATUS t=241s delta=0.0059% dir=up agree=False chain=71877.18 bin=71871.70 open=71872.92 obi=0.6294 ask_up=0.71 ask_dn=0.30 bid_up=0.70 bid_dn=0.29 halted=False[0m
[2m2026-04-10 04:31:29.269 [INFO] __main__: STATUS t=211s delta=0.0159% dir=up agree=True chain=71884.36 bin=71877.41 open=71872.92 obi=-0.8884 ask_up=0.64 ask_dn=0.37 bid_up=0.63 bid_dn=0.36 halted=False[0m
[2m2026-04-10 04:31:59.385 [INFO] __main__: STATUS t=181s delta=-0.0385% dir=down agree=True chain=71845.22 bin=71838.44 open=71872.92 obi=-0.4057 ask_up=0.50 ask_dn=0.51 bid_up=0.49 bid_dn=0.50 halted=False[0m
[2m2026-04-10 04:32:29.512 [INFO] __main__: STATUS t=150s delta=-0.0278% dir=down agree=True chain=71852.91 bin=71846.35 open=71872.92 obi=0.7356 ask_up=0.52 ask_dn=0.49 bid_up=0.51 bid_dn=0.48 halted=False[0m
2026-04-10 04:32:40.058 [INFO] strategy.momentum_signal: signal_eval rank=2 side=up latest_pct=-0.0369 stddev=0.0239 n=438 min_delta=0.07 max_var=0.050
[37m2026-04-10 04:32:40.058 [INFO] strategy.momentum_signal: [SKIP] rank=2 side=up reason=conditions_not_met latest_pct=-0.0369 need=>=0.07 stddev=0.0239 max_var=0.050[0m
[2m2026-04-10 04:32:59.636 [INFO] __main__: STATUS t=120s delta=-0.0418% dir=down agree=True chain=71842.85 bin=71837.94 open=71872.92 obi=-0.3365 ask_up=0.44 ask_dn=0.57 bid_up=0.43 bid_dn=0.56 halted=False[0m
[2m2026-04-10 04:33:29.774 [INFO] __main__: STATUS t=90s delta=-0.0406% dir=down agree=True chain=71843.75 bin=71837.51 open=71872.92 obi=0.4223 ask_up=0.47 ask_dn=0.54 bid_up=0.46 bid_dn=0.53 halted=False[0m
[2m2026-04-10 04:33:59.900 [INFO] __main__: STATUS t=60s delta=-0.0435% dir=down agree=True chain=71841.65 bin=71838.07 open=71872.92 obi=-0.7462 ask_up=0.42 ask_dn=0.60 bid_up=0.40 bid_dn=0.58 halted=False[0m
[2m2026-04-10 04:34:30.024 [INFO] __main__: STATUS t=30s delta=-0.0385% dir=down agree=True chain=71845.22 bin=71837.50 open=71872.92 obi=-0.8737 ask_up=0.33 ask_dn=0.68 bid_up=0.32 bid_dn=0.67 halted=False[0m
[2m2026-04-10 04:35:00.142 [INFO] __main__: STATUS t=300s delta=-0.0420% dir=down agree=True chain=71842.75 bin=71837.51 open=71872.92 obi=0.4797 ask_up=0.01 ask_dn=1.00 bid_up=0.02 bid_dn=0.99 halted=False[0m
[37m2026-04-10 04:35:00.143 [INFO] execution.paper_trading: paper window_ts=1775795400 [SKIP] pnl=0.0000 direction=down outcome=down - balance=$1017.57 bid_up=0.02 ask_up=0.01 bid_dn=0.99 ask_dn=1.00[0m
[93m[1m2026-04-10 04:35:00.143 [INFO] risk.position_tracker: WINDOW_SUMMARY window_pnl=$0.0000 session_pnl=$15.8632 won=$17.9432 lost=$2.0800 wr=75.0% (3/4) consec_losses=0[0m
[96m2026-04-10 04:35:00.147 [INFO] strategy.window_handler: REGIME chop_detected flips=6 delta_range=0.0782% avg_flips=3.3 over=6_windows[0m
[37m2026-04-10 04:35:00.151 [INFO] strategy.window_handler: WINDOW_DECISION [SKIP] rank=2 side=up pnl=$0.0000 entry=0.00 size=$0.00 (conditions not met)[0m
[96m[1m2026-04-10 04:35:00.151 [INFO] strategy.window_tracker: new window: btc-updown-5m-1775795700 (ts=1775795700)[0m
[96m2026-04-10 04:35:00.221 [INFO] strategy.window_handler: REGIME vol_stddev=0.060% chop_flips=3.3 outcome=2U/4D over 6w sprt=dormant llr=0.00 age=2w bankroll=$866.06[0m
[96m2026-04-10 04:35:00.226 [INFO] strategy.window_handler: KELLY wr_adj=86.0% base=93.5% total_disc=4.6% vol=0.0% chop=4.8% outcome=38.1% feedback=+0.0%[0m
[96m2026-04-10 04:35:00.229 [INFO] __main__: window open price captured: 71842.75 (tier 0 — oracle boundary, oracle_age=1000ms)[0m
[96m2026-04-10 04:35:00.235 [INFO] __main__: window open price captured: 71837.51 (binance)[0m
2026-04-10 04:35:00.241 [INFO] strategy.momentum_signal: momentum_signal: waiting for full market data
2026-04-10 04:35:00.573 [INFO] market_data.clob_market_ws: CLOB market subscribed for tokens up=395108609785 down=579752662622
[2m2026-04-10 04:35:30.375 [INFO] __main__: STATUS t=270s delta=-0.0064% dir=down agree=True chain=71838.13 bin=71834.81 open=71842.75 obi=-0.6408 ask_up=0.50 ask_dn=0.51 bid_up=0.49 bid_dn=0.50 halted=False[0m
[2m2026-04-10 04:36:00.496 [INFO] __main__: STATUS t=240s delta=0.0146% dir=up agree=True chain=71853.21 bin=71848.86 open=71842.75 obi=0.1513 ask_up=0.63 ask_dn=0.38 bid_up=0.62 bid_dn=0.37 halted=False[0m
[2m2026-04-10 04:36:30.634 [INFO] __main__: STATUS t=209s delta=0.0072% dir=up agree=False chain=71847.94 bin=71837.51 open=71842.75 obi=-0.8868 ask_up=0.46 ask_dn=0.55 bid_up=0.45 bid_dn=0.54 halted=False[0m
2026-04-10 04:36:42.321 [INFO] shared.ipc: IPC: received authenticated signal_update (summary=signals_summary_1775795802.json)
2026-04-10 04:36:42.321 [INFO] __main__: received new signal from orchestrator: rank=1 side=Up
[2m2026-04-10 04:37:00.749 [INFO] __main__: STATUS t=179s delta=0.0419% dir=up agree=True chain=71872.85 bin=71861.86 open=71842.75 obi=0.9990 ask_up=0.85 ask_dn=0.16 bid_up=0.84 bid_dn=0.15 halted=False[0m
[2m2026-04-10 04:37:30.915 [INFO] __main__: STATUS t=149s delta=0.0941% dir=up agree=True chain=71910.35 bin=71903.05 open=71842.75 obi=-0.7055 ask_up=0.79 ask_dn=0.22 bid_up=0.78 bid_dn=0.21 halted=False[0m
2026-04-10 04:37:40.202 [INFO] strategy.momentum_signal: signal_eval rank=2 side=up latest_pct=0.0781 stddev=0.0314 n=438 min_delta=0.07 max_var=0.050
[37m2026-04-10 04:37:40.203 [INFO] strategy.momentum_signal: [SKIP] rank=2 side=up reason=KELLY_NO_EDGE p_adj=0.860 entry=0.90 raw_f=-0.402 total_disc=0.046 vol=0.000 chop=0.048 outcome=0.381[0m
[2m2026-04-10 04:38:01.038 [INFO] __main__: STATUS t=119s delta=0.0895% dir=up agree=True chain=71907.06 bin=71898.87 open=71842.75 obi=0.9817 ask_up=0.92 ask_dn=0.09 bid_up=0.91 bid_dn=0.08 halted=False[0m
[2m2026-04-10 04:38:31.175 [INFO] __main__: STATUS t=89s delta=0.0839% dir=up agree=True chain=71903.02 bin=71897.82 open=71842.75 obi=-0.4870 ask_up=0.91 ask_dn=0.10 bid_up=0.90 bid_dn=0.09 halted=False[0m
[2m2026-04-10 04:39:01.308 [INFO] __main__: STATUS t=59s delta=0.0845% dir=up agree=True chain=71903.43 bin=71897.83 open=71842.75 obi=-0.4251 ask_up=0.91 ask_dn=0.10 bid_up=0.90 bid_dn=0.09 halted=False[0m
[2m2026-04-10 04:39:31.451 [INFO] __main__: STATUS t=29s delta=0.0879% dir=up agree=True chain=71905.92 bin=71900.50 open=71842.75 obi=-0.9876 ask_up=0.97 ask_dn=0.04 bid_up=0.96 bid_dn=0.03 halted=False[0m
[37m2026-04-10 04:40:00.082 [INFO] execution.paper_trading: paper window_ts=1775795700 [SKIP] pnl=0.0000 direction=up outcome=up - balance=$1017.57 bid_up=0.99 ask_up=1.00 bid_dn=0.01 ask_dn=0.01[0m
[93m[1m2026-04-10 04:40:00.083 [INFO] risk.position_tracker: WINDOW_SUMMARY window_pnl=$0.0000 session_pnl=$15.8632 won=$17.9432 lost=$2.0800 wr=75.0% (3/4) consec_losses=0[0m
[96m2026-04-10 04:40:00.084 [INFO] strategy.window_handler: REGIME chop_detected flips=11 delta_range=0.1218% avg_flips=4.0 over=6_windows[0m
[37m2026-04-10 04:40:00.088 [INFO] strategy.window_handler: WINDOW_DECISION [SKIP] rank=2 side=up pnl=$0.0000 entry=0.00 size=$0.00 (conditions not met)[0m
2026-04-10 04:40:00.088 [INFO] strategy.window_handler: Signal changed: up_250.0_140.0_0.07_0.05 -> up_290.0_150.0_0.07_0.05 (age was 3 windows)
2026-04-10 04:40:00.088 [INFO] strategy.window_handler: SIGNAL_SWAP_ACTIVE: {"rank":1,"side":"up","observeFromS":290.0,"observeToS":150.0,"minDeltaPct":0.07,"maxVariancePct":0.05,"trainWinRatePct":90.0,"oosWinRatePct":97.37,"oosBhAdjustedPValue":4.04163e-07,"oosMatches":38,"avgEntryPrice":0.8826,"evPerTrade":0.0611,"smartScore":26.11,"wfFoldsAppeared":4,"wfTotalTestFolds":6,"wfFoldIndices":[2,5,6,7]}
2026-04-10 04:40:00.089 [INFO] strategy.window_handler: switched to new signal: #1 up (previous: #2 up)
[96m[1m2026-04-10 04:40:00.089 [INFO] strategy.window_tracker: new window: btc-updown-5m-1775796000 (ts=1775796000)[0m
[96m2026-04-10 04:40:00.182 [INFO] strategy.window_handler: REGIME vol_stddev=0.064% chop_flips=4.0 outcome=2U/4D over 6w sprt=dormant llr=0.00 age=0w bankroll=$866.06[0m
[96m2026-04-10 04:40:00.183 [INFO] strategy.window_handler: KELLY wr_adj=89.8% base=97.4% total_disc=4.6% vol=0.0% chop=14.3% outcome=38.1% feedback=+0.0%[0m
[96m2026-04-10 04:40:00.184 [INFO] __main__: window open price captured: 71906.76 (tier 0 — oracle boundary, oracle_age=1000ms)[0m
[96m2026-04-10 04:40:00.184 [INFO] __main__: window open price captured: 71900.50 (binance)[0m
2026-04-10 04:40:00.185 [INFO] strategy.momentum_signal: momentum_signal: waiting for full market data
2026-04-10 04:40:00.755 [INFO] market_data.clob_market_ws: CLOB market subscribed for tokens up=110368523826 down=694368410706
[2m2026-04-10 04:40:01.691 [INFO] __main__: STATUS t=298s delta=0.0000% dir=none agree=False chain=71906.76 bin=71900.50 open=71906.76 obi=-0.2389 ask_up=0.52 ask_dn=0.49 bid_up=0.51 bid_dn=0.48 halted=False[0m
[2m2026-04-10 04:40:31.878 [INFO] __main__: STATUS t=268s delta=-0.0196% dir=down agree=True chain=71892.67 bin=71886.61 open=71906.76 obi=-0.6738 ask_up=0.37 ask_dn=0.64 bid_up=0.36 bid_dn=0.63 halted=False[0m
[2m2026-04-10 04:41:02.006 [INFO] __main__: STATUS t=238s delta=-0.0265% dir=down agree=True chain=71887.67 bin=71881.50 open=71906.76 obi=-0.0290 ask_up=0.38 ask_dn=0.63 bid_up=0.37 bid_dn=0.62 halted=False[0m
[2m2026-04-10 04:41:32.134 [INFO] __main__: STATUS t=208s delta=-0.0207% dir=down agree=True chain=71891.87 bin=71883.80 open=71906.76 obi=0.2221 ask_up=0.39 ask_dn=0.62 bid_up=0.38 bid_dn=0.61 halted=False[0m
[2m2026-04-10 04:42:02.283 [INFO] __main__: STATUS t=178s delta=-0.0268% dir=down agree=True chain=71887.46 bin=71880.27 open=71906.76 obi=-0.3610 ask_up=0.26 ask_dn=0.75 bid_up=0.25 bid_dn=0.74 halted=False[0m
2026-04-10 04:42:30.155 [INFO] strategy.momentum_signal: signal_eval rank=1 side=up latest_pct=-0.0144 stddev=0.0093 n=558 min_delta=0.07 max_var=0.050
[37m2026-04-10 04:42:30.155 [INFO] strategy.momentum_signal: [SKIP] rank=1 side=up reason=conditions_not_met latest_pct=-0.0144 need=>=0.07 stddev=0.0093 max_var=0.050[0m
[2m2026-04-10 04:42:32.414 [INFO] __main__: STATUS t=148s delta=-0.0003% dir=down agree=True chain=71906.53 bin=71896.43 open=71906.76 obi=-0.4938 ask_up=0.47 ask_dn=0.54 bid_up=0.46 bid_dn=0.53 halted=False[0m
[2m2026-04-10 04:43:02.559 [INFO] __main__: STATUS t=117s delta=-0.0069% dir=down agree=True chain=71901.82 bin=71889.99 open=71906.76 obi=-0.1630 ask_up=0.33 ask_dn=0.68 bid_up=0.32 bid_dn=0.67 halted=False[0m
[2m2026-04-10 04:43:32.689 [INFO] __main__: STATUS t=87s delta=-0.0050% dir=down agree=True chain=71903.20 bin=71895.08 open=71906.76 obi=0.4992 ask_up=0.51 ask_dn=0.50 bid_up=0.50 bid_dn=0.49 halted=False[0m
[2m2026-04-10 04:44:02.822 [INFO] __main__: STATUS t=57s delta=-0.0077% dir=down agree=True chain=71901.21 bin=71895.07 open=71906.76 obi=0.0642 ask_up=0.46 ask_dn=0.55 bid_up=0.45 bid_dn=0.54 halted=False[0m
[2m2026-04-10 04:44:32.946 [INFO] __main__: STATUS t=27s delta=-0.0089% dir=down agree=True chain=71900.36 bin=71895.07 open=71906.76 obi=0.0324 ask_up=0.34 ask_dn=0.67 bid_up=0.33 bid_dn=0.66 halted=False[0m
[37m2026-04-10 04:45:00.068 [INFO] execution.paper_trading: paper window_ts=1775796000 [SKIP] pnl=0.0000 direction=up outcome=up - balance=$1017.57 bid_up=0.94 ask_up=0.96 bid_dn=0.04 ask_dn=0.06[0m
[93m[1m2026-04-10 04:45:00.068 [INFO] risk.position_tracker: WINDOW_SUMMARY window_pnl=$0.0000 session_pnl=$15.8632 won=$17.9432 lost=$2.0800 wr=75.0% (3/4) consec_losses=0[0m
[96m2026-04-10 04:45:00.070 [INFO] strategy.window_handler: REGIME chop_detected flips=11 delta_range=0.0443% avg_flips=5.5 over=6_windows[0m
[37m2026-04-10 04:45:00.088 [INFO] strategy.window_handler: WINDOW_DECISION [SKIP] rank=1 side=up pnl=$0.0000 entry=0.00 size=$0.00 (conditions not met)[0m
[96m[1m2026-04-10 04:45:00.089 [INFO] strategy.window_tracker: new window: btc-updown-5m-1775796300 (ts=1775796300)[0m
[96m2026-04-10 04:45:00.147 [INFO] strategy.window_handler: REGIME vol_stddev=0.065% chop_flips=5.5 outcome=3U/3D over 6w sprt=dormant llr=0.00 age=1w bankroll=$866.06[0m
[96m2026-04-10 04:45:00.147 [INFO] strategy.window_handler: KELLY wr_adj=90.1% base=97.4% total_disc=4.3% vol=0.0% chop=35.7% outcome=0.0% feedback=+0.0%[0m
[96m2026-04-10 04:45:00.149 [INFO] __main__: window open price captured: 71908.48 (tier 0 — oracle boundary, oracle_age=1000ms)[0m
[96m2026-04-10 04:45:00.149 [INFO] __main__: window open price captured: 71903.60 (binance)[0m
2026-04-10 04:45:00.150 [INFO] strategy.momentum_signal: momentum_signal: waiting for full market data
2026-04-10 04:45:00.966 [INFO] market_data.clob_market_ws: CLOB market subscribed for tokens up=226688728806 down=272057007338
[2m2026-04-10 04:45:03.176 [INFO] __main__: STATUS t=297s delta=0.0004% dir=up agree=False chain=71908.75 bin=71903.61 open=71908.48 obi=0.1982 ask_up=0.51 ask_dn=0.50 bid_up=0.50 bid_dn=0.49 halted=False[0m
[2m2026-04-10 04:45:33.299 [INFO] __main__: STATUS t=267s delta=0.0012% dir=up agree=False chain=71909.34 bin=71903.61 open=71908.48 obi=-0.5202 ask_up=0.51 ask_dn=0.50 bid_up=0.50 bid_dn=0.49 halted=False[0m
[2m2026-04-10 04:46:03.427 [INFO] __main__: STATUS t=237s delta=-0.0074% dir=down agree=True chain=71903.16 bin=71896.90 open=71908.48 obi=-0.6593 ask_up=0.45 ask_dn=0.56 bid_up=0.44 bid_dn=0.55 halted=False[0m
[2m2026-04-10 04:46:33.557 [INFO] __main__: STATUS t=206s delta=-0.0051% dir=down agree=True chain=71904.83 bin=71896.91 open=71908.48 obi=0.4313 ask_up=0.46 ask_dn=0.55 bid_up=0.45 bid_dn=0.54 halted=False[0m
[2m2026-04-10 04:47:03.696 [INFO] __main__: STATUS t=176s delta=-0.0065% dir=down agree=True chain=71903.77 bin=71896.91 open=71908.48 obi=-0.3546 ask_up=0.58 ask_dn=0.43 bid_up=0.57 bid_dn=0.42 halted=False[0m
2026-04-10 04:47:30.054 [INFO] strategy.momentum_signal: signal_eval rank=1 side=up latest_pct=-0.0161 stddev=0.0044 n=557 min_delta=0.07 max_var=0.050
[37m2026-04-10 04:47:30.054 [INFO] strategy.momentum_signal: [SKIP] rank=1 side=up reason=conditions_not_met latest_pct=-0.0161 need=>=0.07 stddev=0.0044 max_var=0.050[0m
[2m2026-04-10 04:47:33.819 [INFO] __main__: STATUS t=146s delta=0.0161% dir=up agree=True chain=71920.07 bin=71923.84 open=71908.48 obi=-0.7282 ask_up=0.73 ask_dn=0.28 bid_up=0.72 bid_dn=0.27 halted=False[0m
[2m2026-04-10 04:48:03.985 [INFO] __main__: STATUS t=116s delta=0.0125% dir=up agree=False chain=71917.45 bin=71905.67 open=71908.48 obi=-0.2628 ask_up=0.51 ask_dn=0.51 bid_up=0.49 bid_dn=0.49 halted=False[0m
[2m2026-04-10 04:48:34.114 [INFO] __main__: STATUS t=86s delta=0.0218% dir=up agree=True chain=71924.15 bin=71919.05 open=71908.48 obi=0.0565 ask_up=0.72 ask_dn=0.29 bid_up=0.71 bid_dn=0.28 halted=False[0m
[2m2026-04-10 04:49:04.280 [INFO] __main__: STATUS t=56s delta=0.0525% dir=up agree=True chain=71946.26 bin=71939.91 open=71908.48 obi=0.3462 ask_up=0.86 ask_dn=0.15 bid_up=0.85 bid_dn=0.14 halted=False[0m
[2m2026-04-10 04:49:34.408 [INFO] __main__: STATUS t=26s delta=0.0499% dir=up agree=True chain=71944.35 bin=71939.90 open=71908.48 obi=-0.0506 ask_up=0.88 ask_dn=0.13 bid_up=0.87 bid_dn=0.12 halted=False[0m
[37m2026-04-10 04:50:00.027 [INFO] execution.paper_trading: paper window_ts=1775796300 [SKIP] pnl=0.0000 direction=up outcome=up - balance=$1017.57 bid_up=0.99 ask_up=1.00 bid_dn=0.02 ask_dn=0.01[0m
[93m[1m2026-04-10 04:50:00.027 [INFO] risk.position_tracker: WINDOW_SUMMARY window_pnl=$0.0000 session_pnl=$15.8632 won=$17.9432 lost=$2.0800 wr=75.0% (3/4) consec_losses=0[0m
[96m2026-04-10 04:50:00.040 [INFO] strategy.window_handler: REGIME chop_detected flips=3 delta_range=0.0679% avg_flips=5.7 over=6_windows[0m
[37m2026-04-10 04:50:00.044 [INFO] strategy.window_handler: WINDOW_DECISION [SKIP] rank=1 side=up pnl=$0.0000 entry=0.00 size=$0.00 (conditions not met)[0m
[96m[1m2026-04-10 04:50:00.044 [INFO] strategy.window_tracker: new window: btc-updown-5m-1775796600 (ts=1775796600)[0m
[96m2026-04-10 04:50:00.127 [INFO] strategy.window_handler: REGIME vol_stddev=0.049% chop_flips=5.7 outcome=3U/3D over 6w sprt=dormant llr=0.00 age=2w bankroll=$866.06[0m
[96m2026-04-10 04:50:00.127 [INFO] strategy.window_handler: KELLY wr_adj=89.8% base=97.4% total_disc=4.6% vol=0.0% chop=38.1% outcome=0.0% feedback=+0.0%[0m
[96m2026-04-10 04:50:00.127 [INFO] __main__: window open price captured: 71938.83 (tier 0 — oracle boundary, oracle_age=2000ms)[0m
[96m2026-04-10 04:50:00.127 [INFO] __main__: window open price captured: 71930.93 (binance)[0m
2026-04-10 04:50:00.129 [INFO] strategy.momentum_signal: momentum_signal: waiting for full market data
2026-04-10 04:50:00.176 [INFO] market_data.clob_market_ws: CLOB market subscribed for tokens up=107724283458 down=291348573191
[2m2026-04-10 04:50:04.414 [INFO] __main__: STATUS t=296s delta=-0.0004% dir=down agree=True chain=71938.55 bin=71883.08 open=71938.83 obi=-0.6483 ask_up=0.34 ask_dn=0.69 bid_up=0.31 bid_dn=0.66 halted=False[0m
[2m2026-04-10 04:50:34.538 [INFO] __main__: STATUS t=265s delta=-0.0262% dir=down agree=True chain=71920.01 bin=71916.29 open=71938.83 obi=0.3006 ask_up=0.40 ask_dn=0.61 bid_up=0.39 bid_dn=0.60 halted=False[0m
[2m2026-04-10 04:51:04.655 [INFO] __main__: STATUS t=235s delta=-0.0111% dir=down agree=True chain=71930.85 bin=71937.14 open=71938.83 obi=0.9585 ask_up=0.62 ask_dn=0.39 bid_up=0.61 bid_dn=0.38 halted=False[0m
[2m2026-04-10 04:51:34.777 [INFO] __main__: STATUS t=205s delta=0.0026% dir=up agree=False chain=71940.68 bin=71937.14 open=71938.83 obi=0.4358 ask_up=0.60 ask_dn=0.41 bid_up=0.59 bid_dn=0.40 halted=False[0m
2026-04-10 04:51:54.336 [INFO] shared.ipc: IPC: received authenticated signal_update (summary=signals_summary_1775796714.json)
2026-04-10 04:51:54.336 [INFO] __main__: received new signal from orchestrator: rank=1 side=Up
[2m2026-04-10 04:52:04.906 [INFO] __main__: STATUS t=175s delta=0.0693% dir=up agree=True chain=71988.71 bin=71998.37 open=71938.83 obi=0.8890 ask_up=0.91 ask_dn=0.10 bid_up=0.90 bid_dn=0.09 halted=False[0m
2026-04-10 04:52:30.016 [INFO] strategy.momentum_signal: signal_eval rank=1 side=up latest_pct=0.1755 stddev=0.0580 n=557 min_delta=0.07 max_var=0.050
[37m2026-04-10 04:52:30.016 [INFO] strategy.momentum_signal: [SKIP] rank=1 side=up reason=conditions_not_met latest_pct=0.1755 need=>=0.07 stddev=0.0580 max_var=0.050[0m
[2m2026-04-10 04:52:35.033 [INFO] __main__: STATUS t=145s delta=0.1745% dir=up agree=True chain=72064.34 bin=72061.69 open=71938.83 obi=0.9506 ask_up=0.99 ask_dn=0.02 bid_up=0.98 bid_dn=0.01 halted=False[0m
[2m2026-04-10 04:53:05.170 [INFO] __main__: STATUS t=115s delta=0.2904% dir=up agree=True chain=72147.75 bin=72127.42 open=71938.83 obi=0.7973 ask_up=1.00 ask_dn=0.01 bid_up=0.99 bid_dn=0.01 halted=False[0m
[2m2026-04-10 04:53:35.307 [INFO] __main__: STATUS t=85s delta=0.2827% dir=up agree=True chain=72142.19 bin=72139.11 open=71938.83 obi=-0.7150 ask_up=1.00 ask_dn=0.01 bid_up=0.99 bid_dn=0.01 halted=False[0m
[2m2026-04-10 04:54:05.455 [INFO] __main__: STATUS t=55s delta=0.2841% dir=up agree=True chain=72143.24 bin=72144.63 open=71938.83 obi=-0.0266 ask_up=1.00 ask_dn=0.01 bid_up=0.99 bid_dn=0.01 halted=False[0m
[2m2026-04-10 04:54:35.588 [INFO] __main__: STATUS t=24s delta=0.2363% dir=up agree=True chain=72108.79 bin=72100.00 open=71938.83 obi=-0.4769 ask_up=1.00 ask_dn=0.01 bid_up=0.99 bid_dn=0.01 halted=False[0m
[37m2026-04-10 04:55:00.204 [INFO] execution.paper_trading: paper window_ts=1775796600 [SKIP] pnl=0.0000 direction=up outcome=up - balance=$1017.57 bid_up=1.00 ask_up=1.00 bid_dn=0.00 ask_dn=0.00[0m
[93m[1m2026-04-10 04:55:00.204 [INFO] risk.position_tracker: WINDOW_SUMMARY window_pnl=$0.0000 session_pnl=$15.8632 won=$17.9432 lost=$2.0800 wr=75.0% (3/4) consec_losses=0[0m
[96m2026-04-10 04:55:00.206 [INFO] strategy.window_handler: REGIME chop_detected flips=5 delta_range=0.4227% avg_flips=6.3 over=6_windows[0m
[37m2026-04-10 04:55:00.210 [INFO] strategy.window_handler: WINDOW_DECISION [SKIP] rank=1 side=up pnl=$0.0000 entry=0.00 size=$0.00 (conditions not met)[0m
2026-04-10 04:55:00.210 [INFO] strategy.window_handler: Signal changed: up_290.0_150.0_0.07_0.05 -> up_250.0_150.0_0.07_0.05 (age was 3 windows)
2026-04-10 04:55:00.210 [INFO] strategy.window_handler: SIGNAL_SWAP_ACTIVE: {"rank":1,"side":"up","observeFromS":250.0,"observeToS":150.0,"minDeltaPct":0.07,"maxVariancePct":0.05,"trainWinRatePct":92.75,"oosWinRatePct":97.44,"oosBhAdjustedPValue":2.66118e-10,"oosMatches":39,"avgEntryPrice":0.8895,"evPerTrade":0.0549,"smartScore":25.29,"wfFoldsAppeared":4,"wfTotalTestFolds":6,"wfFoldIndices":[2,4,5,7]}
2026-04-10 04:55:00.210 [INFO] strategy.window_handler: switched to new signal: #1 up (previous: #1 up)
[96m[1m2026-04-10 04:55:00.210 [INFO] strategy.window_tracker: new window: btc-updown-5m-1775796900 (ts=1775796900)[0m
[96m2026-04-10 04:55:00.276 [INFO] strategy.window_handler: REGIME vol_stddev=0.069% chop_flips=6.3 outcome=4U/2D over 6w sprt=dormant llr=0.00 age=0w bankroll=$866.06[0m
[96m2026-04-10 04:55:00.276 [INFO] strategy.window_handler: KELLY wr_adj=88.7% base=97.4% total_disc=5.7% vol=0.0% chop=47.6% outcome=0.0% feedback=+0.0%[0m
[96m2026-04-10 04:55:00.277 [INFO] __main__: window open price captured: 72106.41 (tier 0 — oracle boundary, oracle_age=2000ms)[0m
[96m2026-04-10 04:55:00.277 [INFO] __main__: window open price captured: 72107.87 (binance)[0m
2026-04-10 04:55:00.279 [INFO] strategy.momentum_signal: momentum_signal: waiting for full market data
2026-04-10 04:55:00.377 [INFO] market_data.clob_market_ws: CLOB market subscribed for tokens up=112806971417 down=702519674834
[2m2026-04-10 04:55:05.835 [INFO] __main__: STATUS t=294s delta=-0.0078% dir=down agree=True chain=72100.77 bin=72092.79 open=72106.41 obi=-0.1402 ask_up=0.45 ask_dn=0.56 bid_up=0.44 bid_dn=0.55 halted=False[0m
[2m2026-04-10 04:55:35.963 [INFO] __main__: STATUS t=264s delta=0.0030% dir=up agree=False chain=72108.59 bin=72103.99 open=72106.41 obi=0.6855 ask_up=0.48 ask_dn=0.53 bid_up=0.47 bid_dn=0.52 halted=False[0m
[2m2026-04-10 04:56:06.127 [INFO] __main__: STATUS t=234s delta=-0.0022% dir=down agree=True chain=72104.80 bin=72098.11 open=72106.41 obi=0.7872 ask_up=0.47 ask_dn=0.54 bid_up=0.46 bid_dn=0.53 halted=False[0m
[2m2026-04-10 04:56:36.257 [INFO] __main__: STATUS t=204s delta=-0.0000% dir=down agree=True chain=72106.39 bin=72101.75 open=72106.41 obi=-0.9272 ask_up=0.47 ask_dn=0.54 bid_up=0.46 bid_dn=0.53 halted=False[0m
[2m2026-04-10 04:57:06.412 [INFO] __main__: STATUS t=174s delta=-0.0217% dir=down agree=True chain=72090.78 bin=72090.96 open=72106.41 obi=-0.9946 ask_up=0.38 ask_dn=0.63 bid_up=0.37 bid_dn=0.62 halted=False[0m
2026-04-10 04:57:30.009 [INFO] strategy.momentum_signal: signal_eval rank=1 side=up latest_pct=-0.0353 stddev=0.0127 n=398 min_delta=0.07 max_var=0.050
[37m2026-04-10 04:57:30.009 [INFO] strategy.momentum_signal: [SKIP] rank=1 side=up reason=conditions_not_met latest_pct=-0.0353 need=>=0.07 stddev=0.0127 max_var=0.050[0m
[2m2026-04-10 04:57:36.535 [INFO] __main__: STATUS t=143s delta=-0.0360% dir=down agree=True chain=72080.42 bin=72064.94 open=72106.41 obi=0.3749 ask_up=0.17 ask_dn=0.84 bid_up=0.16 bid_dn=0.83 halted=False[0m
[2m2026-04-10 04:58:06.655 [INFO] __main__: STATUS t=113s delta=-0.0687% dir=down agree=True chain=72056.86 bin=72059.06 open=72106.41 obi=0.8342 ask_up=0.29 ask_dn=0.72 bid_up=0.28 bid_dn=0.71 halted=False[0m
[2m2026-04-10 04:58:36.774 [INFO] __main__: STATUS t=83s delta=-0.0415% dir=down agree=True chain=72076.46 bin=72071.11 open=72106.41 obi=0.4581 ask_up=0.51 ask_dn=0.50 bid_up=0.50 bid_dn=0.49 halted=False[0m
[2m2026-04-10 04:59:06.907 [INFO] __main__: STATUS t=53s delta=-0.0393% dir=down agree=True chain=72078.08 bin=72076.74 open=72106.41 obi=-0.9111 ask_up=0.47 ask_dn=0.54 bid_up=0.46 bid_dn=0.53 halted=False[0m
[2m2026-04-10 04:59:37.033 [INFO] __main__: STATUS t=23s delta=-0.0459% dir=down agree=True chain=72073.35 bin=72076.23 open=72106.41 obi=0.6591 ask_up=0.72 ask_dn=0.29 bid_up=0.71 bid_dn=0.28 halted=False[0m
[37m2026-04-10 05:00:00.131 [INFO] execution.paper_trading: paper window_ts=1775796900 [SKIP] pnl=0.0000 direction=up outcome=up - balance=$1017.57 bid_up=0.99 ask_up=1.00 bid_dn=0.01 ask_dn=0.01[0m
[93m[1m2026-04-10 05:00:00.132 [INFO] risk.position_tracker: WINDOW_SUMMARY window_pnl=$0.0000 session_pnl=$15.8632 won=$17.9432 lost=$2.0800 wr=75.0% (3/4) consec_losses=0[0m
[96m2026-04-10 05:00:00.136 [INFO] strategy.window_handler: REGIME chop_detected flips=8 delta_range=0.1191% avg_flips=7.3 over=6_windows[0m
[37m2026-04-10 05:00:00.140 [INFO] strategy.window_handler: WINDOW_DECISION [SKIP] rank=1 side=up pnl=$0.0000 entry=0.00 size=$0.00 (conditions not met)[0m
[96m[1m2026-04-10 05:00:00.140 [INFO] strategy.window_tracker: new window: btc-updown-5m-1775797200 (ts=1775797200)[0m
[96m2026-04-10 05:00:00.213 [INFO] strategy.window_handler: REGIME vol_stddev=0.068% chop_flips=7.3 outcome=5U/1D over 6w sprt=dormant llr=0.00 age=1w bankroll=$866.06[0m
[96m2026-04-10 05:00:00.213 [INFO] strategy.window_handler: KELLY wr_adj=87.0% base=97.4% total_disc=7.4% vol=0.0% chop=61.9% outcome=0.0% feedback=+0.0%[0m
[96m2026-04-10 05:00:00.213 [INFO] __main__: window open price captured: 72128.10 (tier 0 — oracle boundary, oracle_age=3000ms)[0m
[96m2026-04-10 05:00:00.213 [INFO] __main__: window open price captured: 72117.29 (binance)[0m
2026-04-10 05:00:00.217 [INFO] strategy.momentum_signal: momentum_signal: waiting for full market data
2026-04-10 05:00:00.570 [INFO] market_data.clob_market_ws: CLOB market subscribed for tokens up=585149641259 down=454546764999
[2m2026-04-10 05:00:07.276 [INFO] __main__: STATUS t=293s delta=-0.0023% dir=down agree=False chain=72126.47 bin=72133.50 open=72128.10 obi=-0.2309 ask_up=0.50 ask_dn=0.51 bid_up=0.49 bid_dn=0.50 halted=False[0m
[2m2026-04-10 05:00:37.397 [INFO] __main__: STATUS t=263s delta=-0.0125% dir=down agree=True chain=72119.10 bin=72102.47 open=72128.10 obi=0.3019 ask_up=0.38 ask_dn=0.63 bid_up=0.37 bid_dn=0.62 halted=False[0m
[2m2026-04-10 05:01:07.612 [INFO] __main__: STATUS t=232s delta=-0.0317% dir=down agree=True chain=72105.23 bin=72093.47 open=72128.10 obi=-0.9600 ask_up=0.41 ask_dn=0.62 bid_up=0.38 bid_dn=0.59 halted=False[0m
[2m2026-04-10 05:01:37.731 [INFO] __main__: STATUS t=202s delta=-0.0411% dir=down agree=True chain=72098.49 bin=72091.30 open=72128.10 obi=0.8648 ask_up=0.66 ask_dn=0.35 bid_up=0.65 bid_dn=0.34 halted=False[0m
[2m2026-04-10 05:02:07.858 [INFO] __main__: STATUS t=172s delta=-0.0585% dir=down agree=True chain=72085.92 bin=72082.73 open=72128.10 obi=-0.6862 ask_up=0.38 ask_dn=0.63 bid_up=0.37 bid_dn=0.62 halted=False[0m
2026-04-10 05:02:30.205 [INFO] strategy.momentum_signal: signal_eval rank=1 side=up latest_pct=-0.0799 stddev=0.0193 n=398 min_delta=0.07 max_var=0.050
[37m2026-04-10 05:02:30.205 [INFO] strategy.momentum_signal: [SKIP] rank=1 side=up reason=conditions_not_met latest_pct=-0.0799 need=>=0.07 stddev=0.0193 max_var=0.050[0m
[2m2026-04-10 05:02:37.987 [INFO] __main__: STATUS t=142s delta=-0.0662% dir=down agree=True chain=72080.34 bin=72070.44 open=72128.10 obi=0.1413 ask_up=0.41 ask_dn=0.60 bid_up=0.40 bid_dn=0.59 halted=False[0m
2026-04-10 05:02:59.251 [INFO] utils.reconnect: rtds connected to wss://ws-live-data.polymarket.com
2026-04-10 05:02:59.251 [INFO] market_data.rtds_ws: RTDS subscribed to chainlink
[2m2026-04-10 05:03:08.144 [INFO] __main__: STATUS t=112s delta=-0.0717% dir=down agree=True chain=72076.40 bin=72069.17 open=72128.10 obi=0.8842 ask_up=0.55 ask_dn=0.46 bid_up=0.54 bid_dn=0.45 halted=False[0m
[2m2026-04-10 05:03:38.267 [INFO] __main__: STATUS t=82s delta=-0.0493% dir=down agree=True chain=72092.53 bin=72086.10 open=72128.10 obi=-0.7570 ask_up=0.59 ask_dn=0.42 bid_up=0.58 bid_dn=0.41 halted=False[0m
[2m2026-04-10 05:04:08.405 [INFO] __main__: STATUS t=52s delta=-0.0757% dir=down agree=True chain=72073.51 bin=72060.09 open=72128.10 obi=-0.8310 ask_up=0.44 ask_dn=0.57 bid_up=0.43 bid_dn=0.56 halted=False[0m
[2m2026-04-10 05:04:38.534 [INFO] __main__: STATUS t=21s delta=-0.0680% dir=down agree=True chain=72079.08 bin=72088.07 open=72128.10 obi=0.0662 ask_up=0.56 ask_dn=0.45 bid_up=0.55 bid_dn=0.44 halted=False[0m
[37m2026-04-10 05:05:00.128 [INFO] execution.paper_trading: paper window_ts=1775797200 [SKIP] pnl=0.0000 direction=down outcome=down - balance=$1017.57 bid_up=0.80 ask_up=0.81 bid_dn=0.19 ask_dn=0.20[0m
[93m[1m2026-04-10 05:05:00.128 [INFO] risk.position_tracker: WINDOW_SUMMARY window_pnl=$0.0000 session_pnl=$15.8632 won=$17.9432 lost=$2.0800 wr=75.0% (3/4) consec_losses=0[0m
[96m2026-04-10 05:05:00.130 [INFO] strategy.window_handler: REGIME chop_detected flips=4 delta_range=0.1131% avg_flips=7.0 over=6_windows[0m
[37m2026-04-10 05:05:00.135 [INFO] strategy.window_handler: WINDOW_DECISION [SKIP] rank=1 side=up pnl=$0.0000 entry=0.00 size=$0.00 (conditions not met)[0m
[96m[1m2026-04-10 05:05:00.135 [INFO] strategy.window_tracker: new window: btc-updown-5m-1775797500 (ts=1775797500)[0m
[96m2026-04-10 05:05:00.209 [INFO] strategy.window_handler: REGIME vol_stddev=0.068% chop_flips=7.0 outcome=5U/1D over 6w sprt=dormant llr=0.00 age=2w bankroll=$866.06[0m
[96m2026-04-10 05:05:00.209 [INFO] strategy.window_handler: KELLY wr_adj=87.6% base=97.4% total_disc=6.9% vol=0.0% chop=57.1% outcome=0.0% feedback=+0.0%[0m
[96m2026-04-10 05:05:00.213 [INFO] __main__: window open price captured: 72104.75 (tier 0 — oracle boundary, oracle_age=1000ms)[0m
[96m2026-04-10 05:05:00.214 [INFO] __main__: window open price captured: 72130.05 (binance)[0m
2026-04-10 05:05:00.215 [INFO] strategy.momentum_signal: momentum_signal: waiting for full market data
2026-04-10 05:05:00.771 [INFO] market_data.clob_market_ws: CLOB market subscribed for tokens up=107593800406 down=741083088759
[2m2026-04-10 05:05:08.751 [INFO] __main__: STATUS t=291s delta=0.0466% dir=up agree=True chain=72138.33 bin=72126.09 open=72104.75 obi=0.4896 ask_up=0.45 ask_dn=0.56 bid_up=0.44 bid_dn=0.55 halted=False[0m
[2m2026-04-10 05:05:38.871 [INFO] __main__: STATUS t=261s delta=0.0791% dir=up agree=True chain=72161.82 bin=72153.80 open=72104.75 obi=-0.4775 ask_up=0.61 ask_dn=0.40 bid_up=0.60 bid_dn=0.39 halted=False[0m
[2m2026-04-10 05:06:09.027 [INFO] __main__: STATUS t=231s delta=0.0311% dir=up agree=True chain=72127.19 bin=72118.37 open=72104.75 obi=-0.3644 ask_up=0.37 ask_dn=0.64 bid_up=0.36 bid_dn=0.63 halted=False[0m
[2m2026-04-10 05:06:39.150 [INFO] __main__: STATUS t=201s delta=0.0531% dir=up agree=True chain=72143.06 bin=72138.92 open=72104.75 obi=0.1844 ask_up=0.57 ask_dn=0.44 bid_up=0.56 bid_dn=0.43 halted=False[0m
2026-04-10 05:07:06.622 [INFO] shared.ipc: IPC: received authenticated signal_update (summary=signals_summary_1775797626.json)
2026-04-10 05:07:06.622 [INFO] __main__: received new signal from orchestrator: rank=1 side=Down
[2m2026-04-10 05:07:09.283 [INFO] __main__: STATUS t=171s delta=0.0452% dir=up agree=True chain=72137.38 bin=72131.69 open=72104.75 obi=-0.6807 ask_up=0.46 ask_dn=0.55 bid_up=0.45 bid_dn=0.54 halted=False[0m
2026-04-10 05:07:30.116 [INFO] strategy.momentum_signal: signal_eval rank=1 side=up latest_pct=0.0399 stddev=0.0136 n=398 min_delta=0.07 max_var=0.050
[37m2026-04-10 05:07:30.116 [INFO] strategy.momentum_signal: [SKIP] rank=1 side=up reason=conditions_not_met latest_pct=0.0399 need=>=0.07 stddev=0.0136 max_var=0.050[0m
[2m2026-04-10 05:07:39.405 [INFO] __main__: STATUS t=141s delta=0.0523% dir=up agree=True chain=72142.46 bin=72133.50 open=72104.75 obi=-0.0960 ask_up=0.55 ask_dn=0.46 bid_up=0.54 bid_dn=0.45 halted=False[0m
[2m2026-04-10 05:08:09.537 [INFO] __main__: STATUS t=110s delta=-0.0070% dir=down agree=True chain=72099.73 bin=72091.60 open=72104.75 obi=-0.2634 ask_up=0.40 ask_dn=0.61 bid_up=0.39 bid_dn=0.60 halted=False[0m
[2m2026-04-10 05:08:39.662 [INFO] __main__: STATUS t=80s delta=-0.0671% dir=down agree=True chain=72056.36 bin=72056.04 open=72104.75 obi=0.5652 ask_up=0.11 ask_dn=0.90 bid_up=0.10 bid_dn=0.89 halted=False[0m
[2m2026-04-10 05:09:09.807 [INFO] __main__: STATUS t=50s delta=-0.0564% dir=down agree=True chain=72064.11 bin=72056.04 open=72104.75 obi=0.3879 ask_up=0.11 ask_dn=0.90 bid_up=0.10 bid_dn=0.89 halted=False[0m
[2m2026-04-10 05:09:39.928 [INFO] __main__: STATUS t=20s delta=-0.0759% dir=down agree=True chain=72050.01 bin=72044.90 open=72104.75 obi=0.9493 ask_up=0.02 ask_dn=0.99 bid_up=0.01 bid_dn=0.98 halted=False[0m
[37m2026-04-10 05:10:00.023 [INFO] execution.paper_trading: paper window_ts=1775797500 [SKIP] pnl=0.0000 direction=down outcome=down - balance=$1017.57 bid_up=0.02 ask_up=0.01 bid_dn=0.99 ask_dn=1.00[0m
[93m[1m2026-04-10 05:10:00.024 [INFO] risk.position_tracker: WINDOW_SUMMARY window_pnl=$0.0000 session_pnl=$15.8632 won=$17.9432 lost=$2.0800 wr=75.0% (3/4) consec_losses=0[0m
[37m2026-04-10 05:10:00.029 [INFO] strategy.window_handler: WINDOW_DECISION [SKIP] rank=1 side=up pnl=$0.0000 entry=0.00 size=$0.00 (conditions not met)[0m
2026-04-10 05:10:00.029 [INFO] strategy.window_handler: Signal changed: up_250.0_150.0_0.07_0.05 -> down_280.0_190.0_0.07_0.05 (age was 3 windows)
2026-04-10 05:10:00.029 [INFO] strategy.window_handler: SIGNAL_SWAP_ACTIVE: {"rank":1,"side":"down","observeFromS":280.0,"observeToS":190.0,"minDeltaPct":0.07,"maxVariancePct":0.05,"trainWinRatePct":84.93,"oosWinRatePct":93.55,"oosBhAdjustedPValue":2.2411e-09,"oosMatches":31,"avgEntryPrice":0.82,"evPerTrade":0.0855,"smartScore":15.83,"wfFoldsAppeared":3,"wfTotalTestFolds":6,"wfFoldIndices":[2,5,7]}
2026-04-10 05:10:00.030 [INFO] strategy.window_handler: switched to new signal: #1 down (previous: #1 up)
[96m[1m2026-04-10 05:10:00.030 [INFO] strategy.window_tracker: new window: btc-updown-5m-1775797800 (ts=1775797800)[0m
2026-04-10 05:10:00.104 [INFO] market_data.clob_market_ws: CLOB market subscribed for tokens up=391387699979 down=615887293441
[96m2026-04-10 05:10:00.123 [INFO] strategy.window_handler: REGIME vol_stddev=0.070% chop_flips=5.3 outcome=4U/2D over 6w sprt=dormant llr=0.00 age=0w bankroll=$866.06[0m
[96m2026-04-10 05:10:00.123 [INFO] strategy.window_handler: KELLY wr_adj=86.0% base=93.5% total_disc=4.6% vol=0.0% chop=33.3% outcome=38.1% feedback=+0.0%[0m
[96m2026-04-10 05:10:00.124 [INFO] __main__: window open price captured: 72057.34 (tier 0 — oracle boundary, oracle_age=2000ms)[0m
[96m2026-04-10 05:10:00.124 [INFO] __main__: window open price captured: 72052.99 (binance)[0m
2026-04-10 05:10:00.124 [INFO] strategy.momentum_signal: momentum_signal: waiting for full market data
[2m2026-04-10 05:10:09.974 [INFO] __main__: STATUS t=290s delta=-0.0257% dir=down agree=True chain=72038.82 bin=72033.15 open=72057.34 obi=-0.4515 ask_up=0.43 ask_dn=0.58 bid_up=0.42 bid_dn=0.57 halted=False[0m
[2m2026-04-10 05:10:40.097 [INFO] __main__: STATUS t=260s delta=-0.0375% dir=down agree=True chain=72030.31 bin=72033.99 open=72057.34 obi=0.8008 ask_up=0.43 ask_dn=0.58 bid_up=0.42 bid_dn=0.57 halted=False[0m
[2m2026-04-10 05:11:10.230 [INFO] __main__: STATUS t=230s delta=-0.0502% dir=down agree=True chain=72021.13 bin=72013.04 open=72057.34 obi=-0.0175 ask_up=0.54 ask_dn=0.47 bid_up=0.53 bid_dn=0.46 halted=False[0m
[2m2026-04-10 05:11:40.358 [INFO] __main__: STATUS t=200s delta=-0.0558% dir=down agree=True chain=72017.15 bin=72010.41 open=72057.34 obi=0.5058 ask_up=0.61 ask_dn=0.40 bid_up=0.60 bid_dn=0.39 halted=False[0m
2026-04-10 05:11:50.147 [INFO] strategy.momentum_signal: signal_eval rank=1 side=down latest_pct=-0.0615 stddev=0.0137 n=359 min_delta=0.07 max_var=0.050
[37m2026-04-10 05:11:50.147 [INFO] strategy.momentum_signal: [SKIP] rank=1 side=down reason=conditions_not_met latest_pct=-0.0615 need=<=-0.07 stddev=0.0137 max_var=0.050[0m
[2m2026-04-10 05:12:10.490 [INFO] __main__: STATUS t=170s delta=-0.0488% dir=down agree=True chain=72022.16 bin=72013.04 open=72057.34 obi=-0.7337 ask_up=0.45 ask_dn=0.56 bid_up=0.44 bid_dn=0.55 halted=False[0m
[2m2026-04-10 05:12:40.613 [INFO] __main__: STATUS t=139s delta=-0.0238% dir=down agree=True chain=72040.16 bin=72031.71 open=72057.34 obi=0.9172 ask_up=0.66 ask_dn=0.35 bid_up=0.65 bid_dn=0.34 halted=False[0m
[2m2026-04-10 05:13:10.759 [INFO] __main__: STATUS t=109s delta=-0.0244% dir=down agree=True chain=72039.75 bin=72031.70 open=72057.34 obi=0.7732 ask_up=0.68 ask_dn=0.33 bid_up=0.67 bid_dn=0.32 halted=False[0m
[2m2026-04-10 05:13:40.899 [INFO] __main__: STATUS t=79s delta=-0.0153% dir=down agree=True chain=72046.32 bin=72043.75 open=72057.34 obi=-0.7963 ask_up=0.80 ask_dn=0.21 bid_up=0.79 bid_dn=0.20 halted=False[0m
[2m2026-04-10 05:14:11.036 [INFO] __main__: STATUS t=49s delta=-0.0148% dir=down agree=True chain=72046.65 bin=72043.74 open=72057.34 obi=-0.4605 ask_up=0.78 ask_dn=0.23 bid_up=0.77 bid_dn=0.22 halted=False[0m
[2m2026-04-10 05:14:41.159 [INFO] __main__: STATUS t=19s delta=-0.0156% dir=down agree=True chain=72046.11 bin=72038.27 open=72057.34 obi=0.6692 ask_up=0.74 ask_dn=0.27 bid_up=0.73 bid_dn=0.26 halted=False[0m
[37m2026-04-10 05:15:00.236 [INFO] execution.paper_trading: paper window_ts=1775797800 [SKIP] pnl=0.0000 direction=down outcome=down - balance=$1017.57 bid_up=0.98 ask_up=0.99 bid_dn=0.01 ask_dn=0.02[0m
[93m[1m2026-04-10 05:15:00.236 [INFO] risk.position_tracker: WINDOW_SUMMARY window_pnl=$0.0000 session_pnl=$15.8632 won=$17.9432 lost=$2.0800 wr=75.0% (3/4) consec_losses=0[0m
[37m2026-04-10 05:15:00.242 [INFO] strategy.window_handler: WINDOW_DECISION [SKIP] rank=1 side=down pnl=$0.0000 entry=0.00 size=$0.00 (conditions not met)[0m
[96m[1m2026-04-10 05:15:00.243 [INFO] strategy.window_tracker: new window: btc-updown-5m-1775798100 (ts=1775798100)[0m
2026-04-10 05:15:00.304 [INFO] market_data.clob_market_ws: CLOB market subscribed for tokens up=772964213571 down=657624818847
[96m2026-04-10 05:15:00.365 [INFO] strategy.window_handler: REGIME vol_stddev=0.069% chop_flips=3.8 outcome=3U/3D over 6w sprt=dormant llr=0.00 age=1w bankroll=$866.06[0m
[96m2026-04-10 05:15:00.365 [INFO] strategy.window_handler: KELLY wr_adj=89.1% base=93.5% total_disc=1.4% vol=0.0% chop=11.9% outcome=0.0% feedback=+0.0%[0m
[96m2026-04-10 05:15:00.365 [INFO] __main__: window open price captured: 72065.30 (tier 0 — oracle boundary, oracle_age=1000ms)[0m
[96m2026-04-10 05:15:00.366 [INFO] __main__: window open price captured: 72060.04 (binance)[0m
[2m2026-04-10 05:15:11.182 [INFO] __main__: STATUS t=289s delta=-0.0106% dir=down agree=True chain=72057.63 bin=72050.16 open=72065.30 obi=-0.3711 ask_up=0.55 ask_dn=0.46 bid_up=0.54 bid_dn=0.45 halted=False[0m
[2m2026-04-10 05:15:41.316 [INFO] __main__: STATUS t=259s delta=-0.0248% dir=down agree=True chain=72047.44 bin=72039.21 open=72065.30 obi=-0.3451 ask_up=0.47 ask_dn=0.54 bid_up=0.46 bid_dn=0.53 halted=False[0m
[2m2026-04-10 05:16:11.448 [INFO] __main__: STATUS t=229s delta=-0.0294% dir=down agree=True chain=72044.13 bin=72034.92 open=72065.30 obi=0.4028 ask_up=0.46 ask_dn=0.55 bid_up=0.45 bid_dn=0.54 halted=False[0m
[2m2026-04-10 05:16:41.569 [INFO] __main__: STATUS t=198s delta=-0.0182% dir=down agree=True chain=72052.22 bin=72048.00 open=72065.30 obi=-0.0508 ask_up=0.54 ask_dn=0.47 bid_up=0.53 bid_dn=0.46 halted=False[0m
2026-04-10 05:16:50.103 [INFO] strategy.momentum_signal: signal_eval rank=1 side=down latest_pct=-0.0240 stddev=0.0071 n=358 min_delta=0.07 max_var=0.050
[37m2026-04-10 05:16:50.104 [INFO] strategy.momentum_signal: [SKIP] rank=1 side=down reason=conditions_not_met latest_pct=-0.0240 need=<=-0.07 stddev=0.0071 max_var=0.050[0m
[2m2026-04-10 05:17:11.711 [INFO] __main__: STATUS t=168s delta=-0.0107% dir=down agree=True chain=72057.56 bin=72049.50 open=72065.30 obi=0.3875 ask_up=0.51 ask_dn=0.50 bid_up=0.50 bid_dn=0.49 halted=False[0m
[2m2026-04-10 05:17:41.833 [INFO] __main__: STATUS t=138s delta=-0.0475% dir=down agree=True chain=72031.06 bin=72023.21 open=72065.30 obi=-0.6558 ask_up=0.40 ask_dn=0.62 bid_up=0.38 bid_dn=0.60 halted=False[0m
[2m2026-04-10 05:18:11.847 [INFO] __main__: STATUS t=108s delta=-0.0356% dir=down agree=True chain=72039.63 bin=72033.41 open=72065.30 obi=-0.6665 ask_up=0.55 ask_dn=0.46 bid_up=0.54 bid_dn=0.45 halted=False[0m
[2m2026-04-10 05:18:41.964 [INFO] __main__: STATUS t=78s delta=-0.0350% dir=down agree=True chain=72040.05 bin=72027.25 open=72065.30 obi=0.8197 ask_up=0.99 ask_dn=0.99 bid_up=0.01 bid_dn=0.01 halted=False[0m
[2m2026-04-10 05:19:12.138 [INFO] __main__: STATUS t=48s delta=-0.0377% dir=down agree=True chain=72038.13 bin=72030.42 open=72065.30 obi=0.2608 ask_up=0.69 ask_dn=0.32 bid_up=0.68 bid_dn=0.31 halted=False[0m
[2m2026-04-10 05:19:42.272 [INFO] __main__: STATUS t=18s delta=-0.0353% dir=down agree=True chain=72039.89 bin=72041.40 open=72065.30 obi=0.8034 ask_up=0.73 ask_dn=0.28 bid_up=0.72 bid_dn=0.27 halted=False[0m
[37m2026-04-10 05:20:00.101 [INFO] execution.paper_trading: paper window_ts=1775798100 [SKIP] pnl=0.0000 direction=down outcome=down - balance=$1017.57 bid_up=0.98 ask_up=0.99 bid_dn=0.01 ask_dn=0.02[0m
[93m[1m2026-04-10 05:20:00.101 [INFO] risk.position_tracker: WINDOW_SUMMARY window_pnl=$0.0000 session_pnl=$15.8632 won=$17.9432 lost=$2.0800 wr=75.0% (3/4) consec_losses=0[0m
[96m2026-04-10 05:20:00.104 [INFO] strategy.window_handler: REGIME chop_detected flips=4 delta_range=0.0613% avg_flips=4.0 over=6_windows[0m
[37m2026-04-10 05:20:00.108 [INFO] strategy.window_handler: WINDOW_DECISION [SKIP] rank=1 side=down pnl=$0.0000 entry=0.00 size=$0.00 (conditions not met)[0m
[96m[1m2026-04-10 05:20:00.108 [INFO] strategy.window_tracker: new window: btc-updown-5m-1775798400 (ts=1775798400)[0m
[96m2026-04-10 05:20:00.204 [INFO] strategy.window_handler: REGIME vol_stddev=0.068% chop_flips=4.0 outcome=2U/4D over 6w sprt=dormant llr=0.00 age=2w bankroll=$866.06[0m
[96m2026-04-10 05:20:00.204 [INFO] strategy.window_handler: KELLY wr_adj=88.8% base=93.5% total_disc=1.7% vol=0.0% chop=14.3% outcome=0.0% feedback=+0.0%[0m
[96m2026-04-10 05:20:00.205 [INFO] __main__: window open price captured: 72074.70 (tier 0 — oracle boundary, oracle_age=2000ms)[0m
[96m2026-04-10 05:20:00.205 [INFO] __main__: window open price captured: 72074.00 (binance)[0m
2026-04-10 05:20:00.207 [INFO] strategy.momentum_signal: momentum_signal: waiting for full market data
2026-04-10 05:20:00.533 [INFO] market_data.clob_market_ws: CLOB market subscribed for tokens up=156029558406 down=918844549473
[2m2026-04-10 05:20:12.287 [INFO] __main__: STATUS t=288s delta=0.0176% dir=up agree=True chain=72087.36 bin=72079.03 open=72074.70 obi=0.9078 ask_up=0.68 ask_dn=0.35 bid_up=0.65 bid_dn=0.32 halted=False[0m
[2m2026-04-10 05:20:42.411 [INFO] __main__: STATUS t=258s delta=0.1243% dir=up agree=True chain=72164.27 bin=72154.69 open=72074.70 obi=-0.1123 ask_up=0.88 ask_dn=0.13 bid_up=0.87 bid_dn=0.12 halted=False[0m
[2m2026-04-10 05:21:12.541 [INFO] __main__: STATUS t=227s delta=0.1236% dir=up agree=True chain=72163.78 bin=72155.87 open=72074.70 obi=-0.2837 ask_up=0.87 ask_dn=0.14 bid_up=0.86 bid_dn=0.13 halted=False[0m
[2m2026-04-10 05:21:42.667 [INFO] __main__: STATUS t=197s delta=0.1299% dir=up agree=True chain=72168.30 bin=72160.93 open=72074.70 obi=0.8869 ask_up=0.92 ask_dn=0.09 bid_up=0.91 bid_dn=0.08 halted=False[0m
2026-04-10 05:21:50.199 [INFO] strategy.momentum_signal: signal_eval rank=1 side=down latest_pct=0.1196 stddev=0.0249 n=359 min_delta=0.07 max_var=0.050
[37m2026-04-10 05:21:50.199 [INFO] strategy.momentum_signal: [SKIP] rank=1 side=down reason=conditions_not_met latest_pct=0.1196 need=<=-0.07 stddev=0.0249 max_var=0.050[0m
[2m2026-04-10 05:22:12.794 [INFO] __main__: STATUS t=167s delta=0.0921% dir=up agree=True chain=72141.09 bin=72132.29 open=72074.70 obi=-0.6825 ask_up=0.87 ask_dn=0.14 bid_up=0.86 bid_dn=0.13 halted=False[0m
[2m2026-04-10 05:22:42.917 [INFO] __main__: STATUS t=137s delta=0.0839% dir=up agree=True chain=72135.20 bin=72127.62 open=72074.70 obi=-0.4447 ask_up=0.87 ask_dn=0.14 bid_up=0.86 bid_dn=0.13 halted=False[0m
[2m2026-04-10 05:23:13.055 [INFO] __main__: STATUS t=107s delta=0.1029% dir=up agree=True chain=72148.85 bin=72143.57 open=72074.70 obi=0.6565 ask_up=0.95 ask_dn=0.06 bid_up=0.94 bid_dn=0.05 halted=False[0m
[2m2026-04-10 05:23:43.187 [INFO] __main__: STATUS t=77s delta=0.1419% dir=up agree=True chain=72176.97 bin=72170.30 open=72074.70 obi=-0.4583 ask_up=0.99 ask_dn=0.02 bid_up=0.98 bid_dn=0.01 halted=False[0m
[2m2026-04-10 05:24:13.339 [INFO] __main__: STATUS t=47s delta=0.1473% dir=up agree=True chain=72180.86 bin=72173.71 open=72074.70 obi=0.8658 ask_up=1.00 ask_dn=0.01 bid_up=0.99 bid_dn=0.01 halted=False[0m
[2m2026-04-10 05:24:43.482 [INFO] __main__: STATUS t=17s delta=0.1963% dir=up agree=True chain=72216.21 bin=72210.00 open=72074.70 obi=-0.0641 ask_up=1.00 ask_dn=0.01 bid_up=0.99 bid_dn=0.01 halted=False[0m
[37m2026-04-10 05:25:00.064 [INFO] execution.paper_trading: paper window_ts=1775798400 [SKIP] pnl=0.0000 direction=up outcome=up - balance=$1017.57 bid_up=0.99 ask_up=1.00 bid_dn=0.01 ask_dn=0.01[0m
[93m[1m2026-04-10 05:25:00.064 [INFO] risk.position_tracker: WINDOW_SUMMARY window_pnl=$0.0000 session_pnl=$15.8632 won=$17.9432 lost=$2.0800 wr=75.0% (3/4) consec_losses=0[0m
[37m2026-04-10 05:25:00.076 [INFO] strategy.window_handler: WINDOW_DECISION [SKIP] rank=1 side=down pnl=$0.0000 entry=0.00 size=$0.00 (conditions not met)[0m
[96m[1m2026-04-10 05:25:00.076 [INFO] strategy.window_tracker: new window: btc-updown-5m-1775798700 (ts=1775798700)[0m
[96m2026-04-10 05:25:00.168 [INFO] strategy.window_handler: REGIME vol_stddev=0.082% chop_flips=3.2 outcome=2U/4D over 6w sprt=dormant llr=0.00 age=3w bankroll=$866.06[0m
[96m2026-04-10 05:25:00.169 [INFO] strategy.window_handler: KELLY wr_adj=90.3% base=93.5% total_disc=0.3% vol=0.0% chop=2.4% outcome=0.0% feedback=+0.0%[0m
[96m2026-04-10 05:25:00.170 [INFO] __main__: window open price captured: 72231.83 (tier 0 — oracle boundary, oracle_age=1000ms)[0m
[96m2026-04-10 05:25:00.170 [INFO] __main__: window open price captured: 72222.53 (binance)[0m
2026-04-10 05:25:00.171 [INFO] strategy.momentum_signal: momentum_signal: waiting for full market data
2026-04-10 05:25:00.737 [INFO] market_data.clob_market_ws: CLOB market subscribed for tokens up=107559417551 down=836363076060
[2m2026-04-10 05:25:13.491 [INFO] __main__: STATUS t=287s delta=0.0228% dir=up agree=True chain=72248.29 bin=72250.00 open=72231.83 obi=-0.8079 ask_up=0.57 ask_dn=0.44 bid_up=0.56 bid_dn=0.43 halted=False[0m
[2m2026-04-10 05:25:43.610 [INFO] __main__: STATUS t=256s delta=0.0245% dir=up agree=True chain=72249.52 bin=72238.42 open=72231.83 obi=-0.0784 ask_up=0.53 ask_dn=0.48 bid_up=0.52 bid_dn=0.47 halted=False[0m
[2m2026-04-10 05:26:13.731 [INFO] __main__: STATUS t=226s delta=0.0602% dir=up agree=True chain=72275.29 bin=72259.56 open=72231.83 obi=-0.0435 ask_up=0.61 ask_dn=0.40 bid_up=0.60 bid_dn=0.39 halted=False[0m
[2m2026-04-10 05:26:43.857 [INFO] __main__: STATUS t=196s delta=0.0371% dir=up agree=True chain=72258.59 bin=72251.77 open=72231.83 obi=-0.0456 ask_up=0.64 ask_dn=0.37 bid_up=0.63 bid_dn=0.36 halted=False[0m
2026-04-10 05:26:50.133 [INFO] strategy.momentum_signal: signal_eval rank=1 side=down latest_pct=0.0276 stddev=0.0150 n=359 min_delta=0.07 max_var=0.050
[37m2026-04-10 05:26:50.133 [INFO] strategy.momentum_signal: [SKIP] rank=1 side=down reason=conditions_not_met latest_pct=0.0276 need=<=-0.07 stddev=0.0150 max_var=0.050[0m
[2m2026-04-10 05:27:13.985 [INFO] __main__: STATUS t=166s delta=0.0279% dir=up agree=True chain=72251.99 bin=72249.18 open=72231.83 obi=-0.2967 ask_up=0.59 ask_dn=0.42 bid_up=0.58 bid_dn=0.41 halted=False[0m
[2m2026-04-10 05:27:44.120 [INFO] __main__: STATUS t=136s delta=0.0324% dir=up agree=True chain=72255.21 bin=72250.00 open=72231.83 obi=0.0620 ask_up=0.64 ask_dn=0.37 bid_up=0.63 bid_dn=0.36 halted=False[0m
[2m2026-04-10 05:28:14.260 [INFO] __main__: STATUS t=106s delta=0.0166% dir=up agree=True chain=72243.83 bin=72238.61 open=72231.83 obi=-0.5250 ask_up=0.57 ask_dn=0.44 bid_up=0.56 bid_dn=0.43 halted=False[0m
[2m2026-04-10 05:28:44.385 [INFO] __main__: STATUS t=76s delta=0.0207% dir=up agree=True chain=72246.81 bin=72238.61 open=72231.83 obi=-0.3194 ask_up=0.35 ask_dn=0.66 bid_up=0.34 bid_dn=0.65 halted=False[0m
[2m2026-04-10 05:29:14.524 [INFO] __main__: STATUS t=45s delta=0.0048% dir=up agree=False chain=72235.32 bin=72228.84 open=72231.83 obi=-0.6218 ask_up=0.14 ask_dn=0.87 bid_up=0.13 bid_dn=0.86 halted=False[0m
[2m2026-04-10 05:29:44.642 [INFO] __main__: STATUS t=15s delta=0.0048% dir=up agree=False chain=72235.26 bin=72226.63 open=72231.83 obi=-0.2118 ask_up=0.22 ask_dn=0.79 bid_up=0.21 bid_dn=0.78 halted=False[0m
[37m2026-04-10 05:30:00.228 [INFO] execution.paper_trading: paper window_ts=1775798700 [SKIP] pnl=0.0000 direction=down outcome=down - balance=$1017.57 bid_up=0.19 ask_up=0.22 bid_dn=0.78 ask_dn=0.81[0m
[93m[1m2026-04-10 05:30:00.229 [INFO] risk.position_tracker: WINDOW_SUMMARY window_pnl=$0.0000 session_pnl=$15.8632 won=$17.9432 lost=$2.0800 wr=75.0% (3/4) consec_losses=0[0m
[37m2026-04-10 05:30:00.242 [INFO] strategy.window_handler: WINDOW_DECISION [SKIP] rank=1 side=down pnl=$0.0000 entry=0.00 size=$0.00 (conditions not met)[0m
[96m[1m2026-04-10 05:30:00.242 [INFO] strategy.window_tracker: new window: btc-updown-5m-1775799000 (ts=1775799000)[0m
[96m2026-04-10 05:30:00.295 [INFO] strategy.window_handler: REGIME vol_stddev=0.080% chop_flips=2.2 outcome=1U/5D over 6w sprt=dormant llr=0.00 age=4w bankroll=$866.06[0m
[96m2026-04-10 05:30:00.296 [INFO] __main__: window open price captured: 72229.29 (tier 0 — oracle boundary, oracle_age=2000ms)[0m
[96m2026-04-10 05:30:00.297 [INFO] __main__: window open price captured: 72224.82 (binance)[0m
2026-04-10 05:30:00.298 [INFO] strategy.momentum_signal: momentum_signal: waiting for full market data
2026-04-10 05:30:00.944 [INFO] market_data.clob_market_ws: CLOB market subscribed for tokens up=376181753263 down=369445347221
[2m2026-04-10 05:30:14.882 [INFO] __main__: STATUS t=285s delta=0.0170% dir=up agree=True chain=72241.57 bin=72235.94 open=72229.29 obi=-0.8862 ask_up=0.50 ask_dn=0.51 bid_up=0.49 bid_dn=0.50 halted=False[0m
[2m2026-04-10 05:30:45.005 [INFO] __main__: STATUS t=255s delta=0.0023% dir=up agree=False chain=72230.95 bin=72219.20 open=72229.29 obi=0.8191 ask_up=0.49 ask_dn=0.52 bid_up=0.48 bid_dn=0.51 halted=False[0m
[2m2026-04-10 05:31:15.143 [INFO] __main__: STATUS t=225s delta=-0.0121% dir=down agree=True chain=72220.52 bin=72219.03 open=72229.29 obi=-0.8547 ask_up=0.40 ask_dn=0.61 bid_up=0.39 bid_dn=0.60 halted=False[0m
[2m2026-04-10 05:31:45.275 [INFO] __main__: STATUS t=195s delta=0.0267% dir=up agree=True chain=72248.57 bin=72244.84 open=72229.29 obi=-0.6292 ask_up=0.55 ask_dn=0.46 bid_up=0.54 bid_dn=0.45 halted=False[0m
2026-04-10 05:31:50.045 [INFO] strategy.momentum_signal: signal_eval rank=1 side=down latest_pct=-0.0027 stddev=0.0162 n=358 min_delta=0.07 max_var=0.050
[37m2026-04-10 05:31:50.045 [INFO] strategy.momentum_signal: [SKIP] rank=1 side=down reason=conditions_not_met latest_pct=-0.0027 need=<=-0.07 stddev=0.0162 max_var=0.050[0m
[2m2026-04-10 05:32:15.418 [INFO] __main__: STATUS t=165s delta=0.0473% dir=up agree=True chain=72263.43 bin=72262.10 open=72229.29 obi=0.2679 ask_up=0.69 ask_dn=0.32 bid_up=0.68 bid_dn=0.31 halted=False[0m
[2m2026-04-10 05:32:45.545 [INFO] __main__: STATUS t=134s delta=0.0342% dir=up agree=True chain=72253.97 bin=72233.99 open=72229.29 obi=-0.0481 ask_up=0.47 ask_dn=0.56 bid_up=0.44 bid_dn=0.53 halted=False[0m
[2m2026-04-10 05:33:15.674 [INFO] __main__: STATUS t=104s delta=-0.0064% dir=down agree=True chain=72224.68 bin=72211.38 open=72229.29 obi=0.6962 ask_up=0.40 ask_dn=0.61 bid_up=0.39 bid_dn=0.60 halted=False[0m
[2m2026-04-10 05:33:45.803 [INFO] __main__: STATUS t=74s delta=0.0021% dir=up agree=False chain=72230.80 bin=72226.67 open=72229.29 obi=0.0939 ask_up=0.48 ask_dn=0.53 bid_up=0.47 bid_dn=0.52 halted=False[0m
[2m2026-04-10 05:34:15.939 [INFO] __main__: STATUS t=44s delta=-0.0092% dir=down agree=True chain=72222.62 bin=72215.38 open=72229.29 obi=-0.2172 ask_up=0.29 ask_dn=0.72 bid_up=0.28 bid_dn=0.71 halted=False[0m
[2m2026-04-10 05:34:46.069 [INFO] __main__: STATUS t=14s delta=-0.0187% dir=down agree=True chain=72215.77 bin=72206.39 open=72229.29 obi=0.8348 ask_up=0.99 ask_dn=0.85 bid_up=0.01 bid_dn=0.83 halted=False[0m
[37m2026-04-10 05:35:00.131 [INFO] execution.paper_trading: paper window_ts=1775799000 [SKIP] pnl=0.0000 direction=down outcome=down - balance=$1017.57 bid_up=0.01 ask_up=0.01 bid_dn=0.99 ask_dn=1.00[0m
[93m[1m2026-04-10 05:35:00.131 [INFO] risk.position_tracker: WINDOW_SUMMARY window_pnl=$0.0000 session_pnl=$15.8632 won=$17.9432 lost=$2.0800 wr=75.0% (3/4) consec_losses=0[0m
[96m2026-04-10 05:35:00.133 [INFO] strategy.window_handler: REGIME chop_detected flips=7 delta_range=0.0809% avg_flips=2.7 over=6_windows[0m
[37m2026-04-10 05:35:00.155 [INFO] strategy.window_handler: WINDOW_DECISION [SKIP] rank=1 side=down pnl=$0.0000 entry=0.00 size=$0.00 (conditions not met)[0m
[96m[1m2026-04-10 05:35:00.155 [INFO] strategy.window_tracker: new window: btc-updown-5m-1775799300 (ts=1775799300)[0m
[96m2026-04-10 05:35:00.233 [INFO] strategy.window_handler: REGIME vol_stddev=0.079% chop_flips=2.7 outcome=1U/5D over 6w sprt=dormant llr=0.00 age=5w bankroll=$866.06[0m
[96m2026-04-10 05:35:00.234 [INFO] __main__: window open price captured: 72214.08 (tier 0 — oracle boundary, oracle_age=1000ms)[0m
[96m2026-04-10 05:35:00.234 [INFO] __main__: window open price captured: 72206.40 (binance)[0m
2026-04-10 05:35:00.235 [INFO] strategy.momentum_signal: momentum_signal: waiting for full market data
2026-04-10 05:35:01.159 [INFO] market_data.clob_market_ws: CLOB market subscribed for tokens up=378109158532 down=969707209712
[2m2026-04-10 05:35:16.304 [INFO] __main__: STATUS t=284s delta=-0.0035% dir=down agree=True chain=72211.57 bin=72200.00 open=72214.08 obi=-0.8302 ask_up=0.45 ask_dn=0.56 bid_up=0.44 bid_dn=0.55 halted=False[0m
[2m2026-04-10 05:35:46.430 [INFO] __main__: STATUS t=254s delta=-0.0247% dir=down agree=True chain=72196.25 bin=72185.64 open=72214.08 obi=-0.9897 ask_up=0.37 ask_dn=0.64 bid_up=0.36 bid_dn=0.63 halted=False[0m
[2m2026-04-10 05:36:16.585 [INFO] __main__: STATUS t=223s delta=-0.0444% dir=down agree=True chain=72182.00 bin=72171.75 open=72214.08 obi=0.0064 ask_up=0.27 ask_dn=0.74 bid_up=0.26 bid_dn=0.73 halted=False[0m
[2m2026-04-10 05:36:46.719 [INFO] __main__: STATUS t=193s delta=-0.0383% dir=down agree=True chain=72186.43 bin=72181.57 open=72214.08 obi=-0.6235 ask_up=0.31 ask_dn=0.70 bid_up=0.30 bid_dn=0.69 halted=False[0m
2026-04-10 05:36:50.237 [INFO] strategy.momentum_signal: signal_eval rank=1 side=down latest_pct=-0.0450 stddev=0.0115 n=359 min_delta=0.07 max_var=0.050
[37m2026-04-10 05:36:50.238 [INFO] strategy.momentum_signal: [SKIP] rank=1 side=down reason=conditions_not_met latest_pct=-0.0450 need=<=-0.07 stddev=0.0115 max_var=0.050[0m
[2m2026-04-10 05:37:16.876 [INFO] __main__: STATUS t=163s delta=-0.0074% dir=down agree=True chain=72208.71 bin=72204.11 open=72214.08 obi=0.1943 ask_up=0.48 ask_dn=0.53 bid_up=0.47 bid_dn=0.52 halted=False[0m
2026-04-10 05:37:30.338 [INFO] shared.ipc: IPC: received authenticated signal_update (summary=signals_summary_1775799450.json)
2026-04-10 05:37:30.339 [INFO] __main__: received new signal from orchestrator: rank=2 side=Up
[2m2026-04-10 05:37:46.993 [INFO] __main__: STATUS t=133s delta=-0.0268% dir=down agree=True chain=72194.74 bin=72184.87 open=72214.08 obi=0.9544 ask_up=0.32 ask_dn=0.69 bid_up=0.31 bid_dn=0.68 halted=False[0m
[2m2026-04-10 05:38:17.124 [INFO] __main__: STATUS t=103s delta=-0.0066% dir=down agree=True chain=72209.31 bin=72206.64 open=72214.08 obi=0.2614 ask_up=0.77 ask_dn=0.24 bid_up=0.76 bid_dn=0.23 halted=False[0m
[2m2026-04-10 05:38:47.251 [INFO] __main__: STATUS t=73s delta=-0.0250% dir=down agree=True chain=72195.99 bin=72185.20 open=72214.08 obi=0.1512 ask_up=0.79 ask_dn=0.22 bid_up=0.78 bid_dn=0.21 halted=False[0m
[2m2026-04-10 05:39:17.386 [INFO] __main__: STATUS t=43s delta=-0.0253% dir=down agree=True chain=72195.80 bin=72194.15 open=72214.08 obi=0.3607 ask_up=0.78 ask_dn=0.23 bid_up=0.77 bid_dn=0.22 halted=False[0m
[2m2026-04-10 05:39:47.511 [INFO] __main__: STATUS t=12s delta=-0.0272% dir=down agree=True chain=72194.46 bin=72189.73 open=72214.08 obi=-0.8164 ask_up=0.59 ask_dn=0.42 bid_up=0.58 bid_dn=0.41 halted=False[0m
[37m2026-04-10 05:40:00.067 [INFO] execution.paper_trading: paper window_ts=1775799300 [SKIP] pnl=0.0000 direction=up outcome=up - balance=$1017.57 bid_up=0.98 ask_up=0.99 bid_dn=0.01 ask_dn=0.02[0m
[93m[1m2026-04-10 05:40:00.067 [INFO] risk.position_tracker: WINDOW_SUMMARY window_pnl=$0.0000 session_pnl=$15.8632 won=$17.9432 lost=$2.0800 wr=75.0% (3/4) consec_losses=0[0m
[96m2026-04-10 05:40:00.069 [INFO] strategy.window_handler: REGIME chop_detected flips=4 delta_range=0.0631% avg_flips=3.2 over=6_windows[0m
[37m2026-04-10 05:40:00.101 [INFO] strategy.window_handler: WINDOW_DECISION [SKIP] rank=1 side=down pnl=$0.0000 entry=0.00 size=$0.00 (conditions not met)[0m
2026-04-10 05:40:00.108 [INFO] strategy.window_handler: Signal changed: down_280.0_190.0_0.07_0.05 -> up_260.0_150.0_0.07_0.05 (age was 6 windows)
2026-04-10 05:40:00.108 [INFO] strategy.window_handler: SIGNAL_SWAP_ACTIVE: {"rank":2,"side":"up","observeFromS":260.0,"observeToS":150.0,"minDeltaPct":0.07,"maxVariancePct":0.05,"trainWinRatePct":94.12,"oosWinRatePct":94.29,"oosBhAdjustedPValue":1.01556e-09,"oosMatches":35,"avgEntryPrice":0.8797,"evPerTrade":0.0331,"smartScore":11.44,"wfFoldsAppeared":4,"wfTotalTestFolds":6,"wfFoldIndices":[2,3,6,7]}
2026-04-10 05:40:00.108 [INFO] strategy.window_handler: switched to new signal: #2 up (previous: #1 down)
[96m[1m2026-04-10 05:40:00.109 [INFO] strategy.window_tracker: new window: btc-updown-5m-1775799600 (ts=1775799600)[0m
[96m2026-04-10 05:40:00.246 [INFO] strategy.window_handler: REGIME vol_stddev=0.079% chop_flips=3.2 outcome=2U/4D over 6w sprt=dormant llr=0.00 age=0w bankroll=$866.06[0m
[96m2026-04-10 05:40:00.246 [INFO] strategy.window_handler: KELLY wr_adj=86.7% base=94.3% total_disc=4.6% vol=0.0% chop=2.4% outcome=38.1% feedback=+0.0%[0m
[96m2026-04-10 05:40:00.247 [INFO] __main__: window open price captured: 72226.17 (tier 0 — oracle boundary, oracle_age=1000ms)[0m
[96m2026-04-10 05:40:00.247 [INFO] __main__: window open price captured: 72221.19 (binance)[0m
2026-04-10 05:40:00.247 [INFO] strategy.momentum_signal: momentum_signal: waiting for full market data
2026-04-10 05:40:00.356 [INFO] market_data.clob_market_ws: CLOB market subscribed for tokens up=113984789575 down=170148340596
[2m2026-04-10 05:40:17.601 [INFO] __main__: STATUS t=282s delta=0.0026% dir=up agree=False chain=72228.01 bin=72222.46 open=72226.17 obi=-0.8058 ask_up=0.52 ask_dn=0.49 bid_up=0.51 bid_dn=0.48 halted=False[0m
[2m2026-04-10 05:40:47.728 [INFO] __main__: STATUS t=252s delta=-0.0421% dir=down agree=True chain=72195.73 bin=72192.22 open=72226.17 obi=-0.9274 ask_up=0.31 ask_dn=0.70 bid_up=0.30 bid_dn=0.69 halted=False[0m
[2m2026-04-10 05:41:17.867 [INFO] __main__: STATUS t=222s delta=-0.0497% dir=down agree=True chain=72190.28 bin=72184.03 open=72226.17 obi=-0.5074 ask_up=0.34 ask_dn=0.67 bid_up=0.33 bid_dn=0.66 halted=False[0m
[2m2026-04-10 05:41:47.998 [INFO] __main__: STATUS t=192s delta=-0.0543% dir=down agree=True chain=72186.95 bin=72176.72 open=72226.17 obi=-0.1845 ask_up=0.26 ask_dn=0.75 bid_up=0.25 bid_dn=0.74 halted=False[0m
[2m2026-04-10 05:42:18.233 [INFO] __main__: STATUS t=162s delta=-0.0705% dir=down agree=True chain=72175.24 bin=72164.65 open=72226.17 obi=-0.7732 ask_up=0.13 ask_dn=0.88 bid_up=0.12 bid_dn=0.87 halted=False[0m
2026-04-10 05:42:30.031 [INFO] strategy.momentum_signal: signal_eval rank=2 side=up latest_pct=-0.0722 stddev=0.0103 n=437 min_delta=0.07 max_var=0.050
[37m2026-04-10 05:42:30.032 [INFO] strategy.momentum_signal: [SKIP] rank=2 side=up reason=conditions_not_met latest_pct=-0.0722 need=>=0.07 stddev=0.0103 max_var=0.050[0m
[2m2026-04-10 05:42:48.356 [INFO] __main__: STATUS t=132s delta=-0.0692% dir=down agree=True chain=72176.21 bin=72166.52 open=72226.17 obi=-0.9771 ask_up=0.16 ask_dn=0.85 bid_up=0.15 bid_dn=0.84 halted=False[0m
[2m2026-04-10 05:43:18.489 [INFO] __main__: STATUS t=102s delta=-0.0711% dir=down agree=True chain=72174.85 bin=72165.01 open=72226.17 obi=-0.0242 ask_up=0.14 ask_dn=0.87 bid_up=0.13 bid_dn=0.86 halted=False[0m
[2m2026-04-10 05:43:48.619 [INFO] __main__: STATUS t=71s delta=-0.0708% dir=down agree=True chain=72175.00 bin=72165.01 open=72226.17 obi=0.2112 ask_up=0.10 ask_dn=0.91 bid_up=0.09 bid_dn=0.90 halted=False[0m
[2m2026-04-10 05:44:18.767 [INFO] __main__: STATUS t=41s delta=-0.0802% dir=down agree=True chain=72168.22 bin=72162.87 open=72226.17 obi=0.1775 ask_up=0.18 ask_dn=0.87 bid_up=0.13 bid_dn=0.82 halted=False[0m
[2m2026-04-10 05:44:48.899 [INFO] __main__: STATUS t=11s delta=-0.0919% dir=down agree=True chain=72159.76 bin=72157.04 open=72226.17 obi=0.3821 ask_up=0.03 ask_dn=0.98 bid_up=0.02 bid_dn=0.97 halted=False[0m
[37m2026-04-10 05:45:00.211 [INFO] execution.paper_trading: paper window_ts=1775799600 [SKIP] pnl=0.0000 direction=down outcome=down - balance=$1017.57 bid_up=0.01 ask_up=0.01 bid_dn=0.99 ask_dn=1.00[0m
[93m[1m2026-04-10 05:45:00.211 [INFO] risk.position_tracker: WINDOW_SUMMARY window_pnl=$0.0000 session_pnl=$15.8632 won=$17.9432 lost=$2.0800 wr=75.0% (3/4) consec_losses=0[0m
[37m2026-04-10 05:45:00.217 [INFO] strategy.window_handler: WINDOW_DECISION [SKIP] rank=2 side=up pnl=$0.0000 entry=0.00 size=$0.00 (conditions not met)[0m
[96m[1m2026-04-10 05:45:00.218 [INFO] strategy.window_tracker: new window: btc-updown-5m-1775799900 (ts=1775799900)[0m
[96m2026-04-10 05:45:00.289 [INFO] strategy.window_handler: REGIME vol_stddev=0.081% chop_flips=3.0 outcome=2U/4D over 6w sprt=dormant llr=0.00 age=1w bankroll=$866.06[0m
[96m2026-04-10 05:45:00.290 [INFO] strategy.window_handler: KELLY wr_adj=86.7% base=94.3% total_disc=4.6% vol=0.0% chop=0.0% outcome=38.1% feedback=+0.0%[0m
[96m2026-04-10 05:45:00.290 [INFO] __main__: window open price captured: 72164.59 (tier 0 — oracle boundary, oracle_age=1000ms)[0m
[96m2026-04-10 05:45:00.290 [INFO] __main__: window open price captured: 72157.04 (binance)[0m
2026-04-10 05:45:00.291 [INFO] strategy.momentum_signal: momentum_signal: waiting for full market data
2026-04-10 05:45:00.636 [INFO] market_data.clob_market_ws: CLOB market subscribed for tokens up=802095547364 down=117208086858
[2m2026-04-10 05:45:19.148 [INFO] __main__: STATUS t=281s delta=0.0307% dir=up agree=True chain=72186.74 bin=72181.94 open=72164.59 obi=0.3410 ask_up=0.64 ask_dn=0.37 bid_up=0.63 bid_dn=0.36 halted=False[0m
[2m2026-04-10 05:45:49.269 [INFO] __main__: STATUS t=251s delta=0.0358% dir=up agree=True chain=72190.40 bin=72181.94 open=72164.59 obi=0.6529 ask_up=0.59 ask_dn=0.42 bid_up=0.58 bid_dn=0.41 halted=False[0m
[2m2026-04-10 05:46:19.423 [INFO] __main__: STATUS t=221s delta=0.0324% dir=up agree=True chain=72187.95 bin=72181.94 open=72164.59 obi=-0.1499 ask_up=0.59 ask_dn=0.42 bid_up=0.58 bid_dn=0.41 halted=False[0m
[2m2026-04-10 05:46:49.545 [INFO] __main__: STATUS t=190s delta=0.0352% dir=up agree=True chain=72190.01 bin=72181.94 open=72164.59 obi=0.7616 ask_up=0.60 ask_dn=0.41 bid_up=0.59 bid_dn=0.40 halted=False[0m
[2m2026-04-10 05:47:19.688 [INFO] __main__: STATUS t=160s delta=0.0242% dir=up agree=True chain=72182.03 bin=72176.94 open=72164.59 obi=0.7172 ask_up=0.62 ask_dn=0.39 bid_up=0.61 bid_dn=0.38 halted=False[0m
2026-04-10 05:47:30.231 [INFO] strategy.momentum_signal: signal_eval rank=2 side=up latest_pct=0.0171 stddev=0.0031 n=438 min_delta=0.07 max_var=0.050
[37m2026-04-10 05:47:30.232 [INFO] strategy.momentum_signal: [SKIP] rank=2 side=up reason=conditions_not_met latest_pct=0.0171 need=>=0.07 stddev=0.0031 max_var=0.050[0m
[2m2026-04-10 05:47:49.814 [INFO] __main__: STATUS t=130s delta=0.0255% dir=up agree=True chain=72183.01 bin=72173.93 open=72164.59 obi=0.1745 ask_up=0.53 ask_dn=0.48 bid_up=0.52 bid_dn=0.47 halted=False[0m
[2m2026-04-10 05:48:20.058 [INFO] __main__: STATUS t=100s delta=0.0567% dir=up agree=True chain=72205.48 bin=72203.79 open=72164.59 obi=-0.6552 ask_up=0.83 ask_dn=0.18 bid_up=0.82 bid_dn=0.17 halted=False[0m
[2m2026-04-10 05:48:50.177 [INFO] __main__: STATUS t=70s delta=0.0177% dir=up agree=True chain=72177.38 bin=72167.70 open=72164.59 obi=-0.3851 ask_up=0.49 ask_dn=0.56 bid_up=0.44 bid_dn=0.51 halted=False[0m
[2m2026-04-10 05:49:20.307 [INFO] __main__: STATUS t=40s delta=0.0386% dir=up agree=True chain=72192.41 bin=72182.35 open=72164.59 obi=-0.8787 ask_up=0.55 ask_dn=0.46 bid_up=0.54 bid_dn=0.45 halted=False[0m
[2m2026-04-10 05:49:50.432 [INFO] __main__: STATUS t=10s delta=0.0363% dir=up agree=True chain=72190.76 bin=72180.66 open=72164.59 obi=0.4965 ask_up=0.89 ask_dn=0.12 bid_up=0.88 bid_dn=0.11 halted=False[0m
[37m2026-04-10 05:50:00.226 [INFO] execution.paper_trading: paper window_ts=1775799900 [SKIP] pnl=0.0000 direction=up outcome=up - balance=$1017.57 bid_up=0.99 ask_up=1.00 bid_dn=0.01 ask_dn=0.01[0m
[93m[1m2026-04-10 05:50:00.226 [INFO] risk.position_tracker: WINDOW_SUMMARY window_pnl=$0.0000 session_pnl=$15.8632 won=$17.9432 lost=$2.0800 wr=75.0% (3/4) consec_losses=0[0m
[37m2026-04-10 05:50:00.232 [INFO] strategy.window_handler: WINDOW_DECISION [SKIP] rank=2 side=up pnl=$0.0000 entry=0.00 size=$0.00 (conditions not met)[0m
[96m[1m2026-04-10 05:50:00.233 [INFO] strategy.window_tracker: new window: btc-updown-5m-1775800200 (ts=1775800200)[0m
[96m2026-04-10 05:50:00.293 [INFO] strategy.window_handler: REGIME vol_stddev=0.079% chop_flips=2.3 outcome=3U/3D over 6w sprt=dormant llr=0.00 age=2w bankroll=$866.06[0m
[96m2026-04-10 05:50:00.294 [INFO] __main__: window open price captured: 72188.13 (tier 0 — oracle boundary, oracle_age=2000ms)[0m
[96m2026-04-10 05:50:00.294 [INFO] __main__: window open price captured: 72180.66 (binance)[0m
2026-04-10 05:50:00.295 [INFO] strategy.momentum_signal: momentum_signal: waiting for full market data
2026-04-10 05:50:00.860 [INFO] market_data.clob_market_ws: CLOB market subscribed for tokens up=320107282716 down=940234877155
[2m2026-04-10 05:50:20.653 [INFO] __main__: STATUS t=279s delta=-0.0001% dir=down agree=True chain=72188.05 bin=72180.66 open=72188.13 obi=-0.9938 ask_up=0.99 ask_dn=0.99 bid_up=0.01 bid_dn=0.01 halted=False[0m
[2m2026-04-10 05:50:50.772 [INFO] __main__: STATUS t=249s delta=0.0430% dir=up agree=True chain=72219.18 bin=72208.00 open=72188.13 obi=0.9816 ask_up=0.68 ask_dn=0.33 bid_up=0.67 bid_dn=0.32 halted=False[0m
[2m2026-04-10 05:51:20.897 [INFO] __main__: STATUS t=219s delta=0.0371% dir=up agree=True chain=72214.91 bin=72207.99 open=72188.13 obi=0.4668 ask_up=0.67 ask_dn=0.34 bid_up=0.66 bid_dn=0.33 halted=False[0m
[2m2026-04-10 05:51:51.021 [INFO] __main__: STATUS t=189s delta=0.0284% dir=up agree=True chain=72208.63 bin=72202.00 open=72188.13 obi=0.3825 ask_up=0.59 ask_dn=0.42 bid_up=0.58 bid_dn=0.41 halted=False[0m
[2m2026-04-10 05:52:21.172 [INFO] __main__: STATUS t=159s delta=-0.0007% dir=down agree=True chain=72187.63 bin=72183.88 open=72188.13 obi=-0.9419 ask_up=0.45 ask_dn=0.56 bid_up=0.44 bid_dn=0.55 halted=False[0m
2026-04-10 05:52:30.210 [INFO] strategy.momentum_signal: signal_eval rank=2 side=up latest_pct=-0.0059 stddev=0.0122 n=438 min_delta=0.07 max_var=0.050
[37m2026-04-10 05:52:30.211 [INFO] strategy.momentum_signal: [SKIP] rank=2 side=up reason=conditions_not_met latest_pct=-0.0059 need=>=0.07 stddev=0.0122 max_var=0.050[0m
2026-04-10 05:52:42.398 [INFO] shared.ipc: IPC: received authenticated signal_update (summary=signals_summary_1775800362.json)
2026-04-10 05:52:42.399 [INFO] __main__: received new signal from orchestrator: rank=1 side=Up
[2m2026-04-10 05:52:51.338 [INFO] __main__: STATUS t=129s delta=-0.0241% dir=down agree=True chain=72170.76 bin=72163.82 open=72188.13 obi=-0.9244 ask_up=0.26 ask_dn=0.75 bid_up=0.25 bid_dn=0.74 halted=False[0m
[2m2026-04-10 05:53:21.469 [INFO] __main__: STATUS t=99s delta=-0.0797% dir=down agree=True chain=72130.61 bin=72125.97 open=72188.13 obi=-0.8813 ask_up=0.09 ask_dn=0.92 bid_up=0.08 bid_dn=0.91 halted=False[0m
[2m2026-04-10 05:53:51.598 [INFO] __main__: STATUS t=68s delta=-0.0860% dir=down agree=True chain=72126.08 bin=72122.58 open=72188.13 obi=-0.2175 ask_up=0.10 ask_dn=0.91 bid_up=0.09 bid_dn=0.90 halted=False[0m
[2m2026-04-10 05:54:21.749 [INFO] __main__: STATUS t=38s delta=-0.0960% dir=down agree=True chain=72118.84 bin=72109.71 open=72188.13 obi=0.9246 ask_up=0.11 ask_dn=0.90 bid_up=0.10 bid_dn=0.89 halted=False[0m
[2m2026-04-10 05:54:51.877 [INFO] __main__: STATUS t=8s delta=-0.0944% dir=down agree=True chain=72119.97 bin=72109.71 open=72188.13 obi=0.0059 ask_up=0.01 ask_dn=1.00 bid_up=0.01 bid_dn=0.99 halted=False[0m
[37m2026-04-10 05:55:00.166 [INFO] execution.paper_trading: paper window_ts=1775800200 [SKIP] pnl=0.0000 direction=down outcome=down - balance=$1017.57 bid_up=0.01 ask_up=0.01 bid_dn=0.99 ask_dn=1.00[0m
[93m[1m2026-04-10 05:55:00.166 [INFO] risk.position_tracker: WINDOW_SUMMARY window_pnl=$0.0000 session_pnl=$15.8632 won=$17.9432 lost=$2.0800 wr=75.0% (3/4) consec_losses=0[0m
[96m2026-04-10 05:55:00.169 [INFO] strategy.window_handler: REGIME chop_detected flips=5 delta_range=0.1411% avg_flips=3.2 over=6_windows[0m
[37m2026-04-10 05:55:00.174 [INFO] strategy.window_handler: WINDOW_DECISION [SKIP] rank=2 side=up pnl=$0.0000 entry=0.00 size=$0.00 (conditions not met)[0m
[95m2026-04-10 05:55:00.174 [INFO] strategy.window_handler: Signal refreshed (same pattern): up_260.0_150.0_0.07_0.05 — rank 2->1, keeping SPRT state (age=3w, trades=0, LLR=0.00)[0m
2026-04-10 05:55:00.174 [INFO] strategy.window_handler: SIGNAL_SWAP_ACTIVE: {"rank":1,"side":"up","observeFromS":260.0,"observeToS":150.0,"minDeltaPct":0.07,"maxVariancePct":0.05,"trainWinRatePct":94.03,"oosWinRatePct":96.88,"oosBhAdjustedPValue":1.09171e-09,"oosMatches":32,"avgEntryPrice":0.8959,"evPerTrade":0.0428,"smartScore":15.03,"wfFoldsAppeared":4,"wfTotalTestFolds":6,"wfFoldIndices":[2,4,6,7]}
2026-04-10 05:55:00.174 [INFO] strategy.window_handler: switched to new signal: #1 up (previous: #2 up)
[96m[1m2026-04-10 05:55:00.175 [INFO] strategy.window_tracker: new window: btc-updown-5m-1775800500 (ts=1775800500)[0m
[96m2026-04-10 05:55:00.256 [INFO] strategy.window_handler: REGIME vol_stddev=0.082% chop_flips=3.2 outcome=2U/4D over 6w sprt=dormant llr=0.00 age=3w bankroll=$866.06[0m
[96m2026-04-10 05:55:00.256 [INFO] strategy.window_handler: KELLY wr_adj=89.3% base=96.9% total_disc=4.6% vol=0.0% chop=2.4% outcome=38.1% feedback=+0.0%[0m
[96m2026-04-10 05:55:00.257 [INFO] __main__: window open price captured: 72117.51 (tier 0 — oracle boundary, oracle_age=2000ms)[0m
[96m2026-04-10 05:55:00.257 [INFO] __main__: window open price captured: 72109.71 (binance)[0m
2026-04-10 05:55:00.258 [INFO] strategy.momentum_signal: momentum_signal: waiting for full market data
2026-04-10 05:55:01.119 [INFO] market_data.clob_market_ws: CLOB market subscribed for tokens up=520711124817 down=150017965553
[2m2026-04-10 05:55:22.127 [INFO] __main__: STATUS t=278s delta=-0.0206% dir=down agree=True chain=72102.63 bin=72091.30 open=72117.51 obi=0.1192 ask_up=0.42 ask_dn=0.59 bid_up=0.41 bid_dn=0.58 halted=False[0m
[2m2026-04-10 05:55:52.253 [INFO] __main__: STATUS t=248s delta=-0.0230% dir=down agree=True chain=72100.92 bin=72091.30 open=72117.51 obi=-0.0147 ask_up=0.38 ask_dn=0.63 bid_up=0.37 bid_dn=0.62 halted=False[0m
[2m2026-04-10 05:56:22.398 [INFO] __main__: STATUS t=218s delta=-0.0231% dir=down agree=True chain=72100.85 bin=72091.30 open=72117.51 obi=-0.0383 ask_up=0.38 ask_dn=0.63 bid_up=0.37 bid_dn=0.62 halted=False[0m
[2m2026-04-10 05:56:52.533 [INFO] __main__: STATUS t=187s delta=-0.0255% dir=down agree=True chain=72099.10 bin=72089.42 open=72117.51 obi=-0.0596 ask_up=0.37 ask_dn=0.64 bid_up=0.36 bid_dn=0.63 halted=False[0m
[2m2026-04-10 05:57:22.670 [INFO] __main__: STATUS t=157s delta=-0.0114% dir=down agree=True chain=72109.27 bin=72100.05 open=72117.51 obi=0.8342 ask_up=0.44 ask_dn=0.57 bid_up=0.43 bid_dn=0.56 halted=False[0m
2026-04-10 05:57:30.203 [INFO] strategy.momentum_signal: signal_eval rank=1 side=up latest_pct=-0.0242 stddev=0.0049 n=438 min_delta=0.07 max_var=0.050
[37m2026-04-10 05:57:30.203 [INFO] strategy.momentum_signal: [SKIP] rank=1 side=up reason=conditions_not_met latest_pct=-0.0242 need=>=0.07 stddev=0.0049 max_var=0.050[0m
[2m2026-04-10 05:57:52.794 [INFO] __main__: STATUS t=127s delta=-0.0126% dir=down agree=True chain=72108.40 bin=72100.05 open=72117.51 obi=0.0289 ask_up=0.40 ask_dn=0.61 bid_up=0.39 bid_dn=0.60 halted=False[0m
[2m2026-04-10 05:58:22.920 [INFO] __main__: STATUS t=97s delta=-0.0140% dir=down agree=True chain=72107.44 bin=72100.04 open=72117.51 obi=0.1590 ask_up=0.41 ask_dn=0.60 bid_up=0.40 bid_dn=0.59 halted=False[0m
[2m2026-04-10 05:58:53.047 [INFO] __main__: STATUS t=67s delta=0.0066% dir=up agree=True chain=72122.26 bin=72126.74 open=72117.51 obi=0.8455 ask_up=0.76 ask_dn=0.25 bid_up=0.75 bid_dn=0.24 halted=False[0m
[2m2026-04-10 05:59:23.198 [INFO] __main__: STATUS t=37s delta=0.0101% dir=up agree=False chain=72124.80 bin=72116.58 open=72117.51 obi=0.8093 ask_up=0.70 ask_dn=0.33 bid_up=0.67 bid_dn=0.30 halted=False[0m
[2m2026-04-10 05:59:53.325 [INFO] __main__: STATUS t=7s delta=0.0238% dir=up agree=True chain=72134.69 bin=72127.84 open=72117.51 obi=0.2263 ask_up=0.66 ask_dn=0.35 bid_up=0.65 bid_dn=0.34 halted=False[0m
[37m2026-04-10 06:00:00.106 [INFO] execution.paper_trading: paper window_ts=1775800500 [SKIP] pnl=0.0000 direction=up outcome=up - balance=$1017.57 bid_up=0.99 ask_up=1.00 bid_dn=0.01 ask_dn=0.01[0m
[93m[1m2026-04-10 06:00:00.106 [INFO] risk.position_tracker: WINDOW_SUMMARY window_pnl=$0.0000 session_pnl=$15.8632 won=$17.9432 lost=$2.0800 wr=75.0% (3/4) consec_losses=0[0m
[37m2026-04-10 06:00:00.112 [INFO] strategy.window_handler: WINDOW_DECISION [SKIP] rank=1 side=up pnl=$0.0000 entry=0.00 size=$0.00 (conditions not met)[0m
[96m[1m2026-04-10 06:00:00.112 [INFO] strategy.window_tracker: new window: btc-updown-5m-1775800800 (ts=1775800800)[0m
[96m2026-04-10 06:00:00.202 [INFO] strategy.window_handler: REGIME vol_stddev=0.082% chop_flips=3.2 outcome=3U/3D over 6w sprt=dormant llr=0.00 age=4w bankroll=$866.06[0m
[96m2026-04-10 06:00:00.205 [INFO] strategy.window_handler: KELLY wr_adj=93.6% base=96.9% total_disc=0.3% vol=0.0% chop=2.4% outcome=0.0% feedback=+0.0%[0m
[96m2026-04-10 06:00:00.206 [INFO] __main__: window open price captured: 72134.93 (tier 0 — oracle boundary, oracle_age=1000ms)[0m
[96m2026-04-10 06:00:00.207 [INFO] __main__: window open price captured: 72127.84 (binance)[0m
2026-04-10 06:00:00.213 [INFO] strategy.momentum_signal: momentum_signal: waiting for full market data
2026-04-10 06:00:00.320 [INFO] market_data.clob_market_ws: CLOB market subscribed for tokens up=588883679239 down=124121632048
[2m2026-04-10 06:00:23.472 [INFO] __main__: STATUS t=277s delta=-0.0083% dir=down agree=True chain=72128.94 bin=72123.47 open=72134.93 obi=-0.6154 ask_up=0.49 ask_dn=0.52 bid_up=0.48 bid_dn=0.51 halted=False[0m
[2m2026-04-10 06:00:53.599 [INFO] __main__: STATUS t=246s delta=-0.0044% dir=down agree=True chain=72131.72 bin=72123.47 open=72134.93 obi=0.5812 ask_up=0.49 ask_dn=0.52 bid_up=0.48 bid_dn=0.51 halted=False[0m
[2m2026-04-10 06:01:23.763 [INFO] __main__: STATUS t=216s delta=-0.0343% dir=down agree=True chain=72110.18 bin=72103.97 open=72134.93 obi=-0.9105 ask_up=0.21 ask_dn=0.80 bid_up=0.20 bid_dn=0.79 halted=False[0m
[2m2026-04-10 06:01:53.894 [INFO] __main__: STATUS t=186s delta=0.0118% dir=up agree=False chain=72143.44 bin=72134.55 open=72134.93 obi=-0.1040 ask_up=0.62 ask_dn=0.39 bid_up=0.61 bid_dn=0.38 halted=False[0m
[2m2026-04-10 06:02:24.021 [INFO] __main__: STATUS t=156s delta=0.0195% dir=up agree=True chain=72149.02 bin=72143.95 open=72134.93 obi=0.0787 ask_up=0.69 ask_dn=0.32 bid_up=0.68 bid_dn=0.31 halted=False[0m
2026-04-10 06:02:30.046 [INFO] strategy.momentum_signal: signal_eval rank=1 side=up latest_pct=0.0069 stddev=0.0189 n=438 min_delta=0.07 max_var=0.050
[37m2026-04-10 06:02:30.046 [INFO] strategy.momentum_signal: [SKIP] rank=1 side=up reason=conditions_not_met latest_pct=0.0069 need=>=0.07 stddev=0.0189 max_var=0.050[0m
[2m2026-04-10 06:02:54.142 [INFO] __main__: STATUS t=126s delta=-0.0091% dir=down agree=True chain=72128.39 bin=72124.38 open=72134.93 obi=0.3096 ask_up=0.43 ask_dn=0.58 bid_up=0.42 bid_dn=0.57 halted=False[0m
[2m2026-04-10 06:03:24.276 [INFO] __main__: STATUS t=96s delta=0.0211% dir=up agree=True chain=72150.15 bin=72135.38 open=72134.93 obi=-0.9943 ask_up=0.58 ask_dn=0.44 bid_up=0.56 bid_dn=0.42 halted=False[0m
[2m2026-04-10 06:03:54.399 [INFO] __main__: STATUS t=66s delta=-0.0091% dir=down agree=True chain=72128.38 bin=72117.79 open=72134.93 obi=0.6755 ask_up=0.36 ask_dn=0.65 bid_up=0.35 bid_dn=0.64 halted=False[0m
[2m2026-04-10 06:04:24.530 [INFO] __main__: STATUS t=35s delta=-0.0126% dir=down agree=True chain=72125.84 bin=72120.91 open=72134.93 obi=0.5326 ask_up=0.64 ask_dn=0.37 bid_up=0.63 bid_dn=0.36 halted=False[0m
[2m2026-04-10 06:04:54.660 [INFO] __main__: STATUS t=5s delta=0.0216% dir=up agree=True chain=72150.53 bin=72149.07 open=72134.93 obi=0.8096 ask_up=0.98 ask_dn=0.03 bid_up=0.97 bid_dn=0.02 halted=False[0m
[37m2026-04-10 06:05:00.184 [INFO] execution.paper_trading: paper window_ts=1775800800 [SKIP] pnl=0.0000 direction=up outcome=up - balance=$1017.57 bid_up=0.99 ask_up=1.00 bid_dn=0.01 ask_dn=0.01[0m
[93m[1m2026-04-10 06:05:00.184 [INFO] risk.position_tracker: WINDOW_SUMMARY window_pnl=$0.0000 session_pnl=$15.8632 won=$17.9432 lost=$2.0800 wr=75.0% (3/4) consec_losses=0[0m
[96m2026-04-10 06:05:00.188 [INFO] strategy.window_handler: REGIME chop_detected flips=9 delta_range=0.0601% avg_flips=3.5 over=6_windows[0m
[37m2026-04-10 06:05:00.194 [INFO] strategy.window_handler: WINDOW_DECISION [SKIP] rank=1 side=up pnl=$0.0000 entry=0.00 size=$0.00 (conditions not met)[0m
[96m[1m2026-04-10 06:05:00.194 [INFO] strategy.window_tracker: new window: btc-updown-5m-1775801100 (ts=1775801100)[0m
[96m2026-04-10 06:05:00.275 [INFO] strategy.window_handler: REGIME vol_stddev=0.082% chop_flips=3.5 outcome=4U/2D over 6w sprt=dormant llr=0.00 age=5w bankroll=$866.06[0m
[96m2026-04-10 06:05:00.275 [INFO] strategy.window_handler: KELLY wr_adj=93.0% base=96.9% total_disc=0.9% vol=0.0% chop=7.1% outcome=0.0% feedback=+0.0%[0m
[96m2026-04-10 06:05:00.276 [INFO] __main__: window open price captured: 72153.58 (tier 0 — oracle boundary, oracle_age=1000ms)[0m
[96m2026-04-10 06:05:00.276 [INFO] __main__: window open price captured: 72156.71 (binance)[0m
2026-04-10 06:05:00.277 [INFO] strategy.momentum_signal: momentum_signal: waiting for full market data
2026-04-10 06:05:00.516 [INFO] market_data.clob_market_ws: CLOB market subscribed for tokens up=736062553571 down=123486526749
[2m2026-04-10 06:05:24.667 [INFO] __main__: STATUS t=275s delta=0.0006% dir=up agree=False chain=72153.99 bin=72144.99 open=72153.58 obi=-0.2951 ask_up=0.43 ask_dn=0.58 bid_up=0.42 bid_dn=0.57 halted=False[0m
[2m2026-04-10 06:05:54.790 [INFO] __main__: STATUS t=245s delta=-0.0182% dir=down agree=True chain=72140.44 bin=72130.07 open=72153.58 obi=0.2074 ask_up=0.32 ask_dn=0.69 bid_up=0.31 bid_dn=0.68 halted=False[0m
[2m2026-04-10 06:06:25.014 [INFO] __main__: STATUS t=215s delta=-0.0003% dir=down agree=True chain=72153.35 bin=72147.88 open=72153.58 obi=0.0016 ask_up=0.47 ask_dn=0.54 bid_up=0.46 bid_dn=0.53 halted=False[0m
[2m2026-04-10 06:06:55.148 [INFO] __main__: STATUS t=185s delta=-0.0036% dir=down agree=True chain=72150.96 bin=72148.78 open=72153.58 obi=-0.5014 ask_up=0.46 ask_dn=0.55 bid_up=0.45 bid_dn=0.54 halted=False[0m
[2m2026-04-10 06:07:25.297 [INFO] __main__: STATUS t=155s delta=-0.0064% dir=down agree=True chain=72148.96 bin=72143.98 open=72153.58 obi=-0.8799 ask_up=0.36 ask_dn=0.65 bid_up=0.35 bid_dn=0.64 halted=False[0m
2026-04-10 06:07:30.068 [INFO] strategy.momentum_signal: signal_eval rank=1 side=up latest_pct=-0.0224 stddev=0.0105 n=437 min_delta=0.07 max_var=0.050
[37m2026-04-10 06:07:30.068 [INFO] strategy.momentum_signal: [SKIP] rank=1 side=up reason=conditions_not_met latest_pct=-0.0224 need=>=0.07 stddev=0.0105 max_var=0.050[0m
2026-04-10 06:07:54.438 [INFO] shared.ipc: IPC: received authenticated signal_update (summary=signals_summary_1775801274.json)
2026-04-10 06:07:54.439 [INFO] __main__: received new signal from orchestrator: rank=1 side=Up
[2m2026-04-10 06:07:55.422 [INFO] __main__: STATUS t=125s delta=-0.0192% dir=down agree=True chain=72139.73 bin=72132.62 open=72153.58 obi=-0.8826 ask_up=0.37 ask_dn=0.64 bid_up=0.36 bid_dn=0.63 halted=False[0m
[2m2026-04-10 06:08:25.558 [INFO] __main__: STATUS t=94s delta=-0.0136% dir=down agree=True chain=72143.80 bin=72132.61 open=72153.58 obi=0.0533 ask_up=0.41 ask_dn=0.60 bid_up=0.40 bid_dn=0.59 halted=False[0m
[2m2026-04-10 06:08:55.685 [INFO] __main__: STATUS t=64s delta=-0.0303% dir=down agree=True chain=72131.72 bin=72127.07 open=72153.58 obi=-0.7718 ask_up=0.43 ask_dn=0.58 bid_up=0.42 bid_dn=0.57 halted=False[0m
[2m2026-04-10 06:09:25.817 [INFO] __main__: STATUS t=34s delta=-0.0723% dir=down agree=True chain=72101.38 bin=72092.95 open=72153.58 obi=-0.0450 ask_up=0.11 ask_dn=0.90 bid_up=0.10 bid_dn=0.89 halted=False[0m
[2m2026-04-10 06:09:55.939 [INFO] __main__: STATUS t=4s delta=-0.0713% dir=down agree=True chain=72102.16 bin=72092.95 open=72153.58 obi=0.4416 ask_up=0.01 ask_dn=1.00 bid_up=0.01 bid_dn=0.99 halted=False[0m
[37m2026-04-10 06:10:00.213 [INFO] execution.paper_trading: paper window_ts=1775801100 [SKIP] pnl=0.0000 direction=down outcome=down - balance=$1017.57 bid_up=0.01 ask_up=0.01 bid_dn=0.99 ask_dn=1.00[0m
[93m[1m2026-04-10 06:10:00.213 [INFO] risk.position_tracker: WINDOW_SUMMARY window_pnl=$0.0000 session_pnl=$15.8632 won=$17.9432 lost=$2.0800 wr=75.0% (3/4) consec_losses=0[0m
[96m2026-04-10 06:10:00.215 [INFO] strategy.window_handler: REGIME chop_detected flips=7 delta_range=0.1172% avg_flips=4.0 over=6_windows[0m
[37m2026-04-10 06:10:00.219 [INFO] strategy.window_handler: WINDOW_DECISION [SKIP] rank=1 side=up pnl=$0.0000 entry=0.00 size=$0.00 (conditions not met)[0m
2026-04-10 06:10:00.219 [INFO] strategy.window_handler: Signal changed: up_260.0_150.0_0.07_0.05 -> up_240.0_140.0_0.07_0.05 (age was 6 windows)
2026-04-10 06:10:00.219 [INFO] strategy.window_handler: SIGNAL_SWAP_ACTIVE: {"rank":1,"side":"up","observeFromS":240.0,"observeToS":140.0,"minDeltaPct":0.07,"maxVariancePct":0.05,"trainWinRatePct":91.03,"oosWinRatePct":96.88,"oosBhAdjustedPValue":4.61707e-13,"oosMatches":32,"avgEntryPrice":0.8803,"evPerTrade":0.0584,"smartScore":14.83,"wfFoldsAppeared":3,"wfTotalTestFolds":6,"wfFoldIndices":[2,6,7]}
2026-04-10 06:10:00.219 [INFO] strategy.window_handler: switched to new signal: #1 up (previous: #1 up)
[96m[1m2026-04-10 06:10:00.219 [INFO] strategy.window_tracker: new window: btc-updown-5m-1775801400 (ts=1775801400)[0m
[96m2026-04-10 06:10:00.285 [INFO] strategy.window_handler: REGIME vol_stddev=0.083% chop_flips=4.0 outcome=3U/3D over 6w sprt=dormant llr=0.00 age=0w bankroll=$866.06[0m
[96m2026-04-10 06:10:00.285 [INFO] strategy.window_handler: KELLY wr_adj=92.2% base=96.9% total_disc=1.7% vol=0.0% chop=14.3% outcome=0.0% feedback=+0.0%[0m
[96m2026-04-10 06:10:00.289 [INFO] __main__: window open price captured: 72103.55 (tier 0 — oracle boundary, oracle_age=2000ms)[0m
[96m2026-04-10 06:10:00.289 [INFO] __main__: window open price captured: 72092.96 (binance)[0m
2026-04-10 06:10:00.289 [INFO] strategy.momentum_signal: momentum_signal: waiting for full market data
2026-04-10 06:10:00.705 [INFO] market_data.clob_market_ws: CLOB market subscribed for tokens up=457208803567 down=741193784749
[2m2026-04-10 06:10:25.976 [INFO] __main__: STATUS t=274s delta=-0.0264% dir=down agree=True chain=72084.54 bin=72075.11 open=72103.55 obi=0.1590 ask_up=0.41 ask_dn=0.60 bid_up=0.40 bid_dn=0.59 halted=False[0m
[2m2026-04-10 06:10:56.104 [INFO] __main__: STATUS t=244s delta=-0.0116% dir=down agree=True chain=72095.16 bin=72086.58 open=72103.55 obi=0.1290 ask_up=0.49 ask_dn=0.52 bid_up=0.48 bid_dn=0.51 halted=False[0m
[2m2026-04-10 06:11:26.241 [INFO] __main__: STATUS t=214s delta=0.0006% dir=up agree=False chain=72103.98 bin=72097.60 open=72103.55 obi=-0.0309 ask_up=0.53 ask_dn=0.48 bid_up=0.52 bid_dn=0.47 halted=False[0m
[2m2026-04-10 06:11:56.364 [INFO] __main__: STATUS t=184s delta=-0.0094% dir=down agree=True chain=72096.75 bin=72090.04 open=72103.55 obi=-0.3399 ask_up=0.41 ask_dn=0.60 bid_up=0.40 bid_dn=0.59 halted=False[0m
[2m2026-04-10 06:12:26.587 [INFO] __main__: STATUS t=153s delta=-0.0167% dir=down agree=True chain=72091.52 bin=72084.79 open=72103.55 obi=-0.8459 ask_up=0.40 ask_dn=0.61 bid_up=0.39 bid_dn=0.60 halted=False[0m
2026-04-10 06:12:40.145 [INFO] strategy.momentum_signal: signal_eval rank=1 side=up latest_pct=-0.0293 stddev=0.0083 n=398 min_delta=0.07 max_var=0.050
[37m2026-04-10 06:12:40.145 [INFO] strategy.momentum_signal: [SKIP] rank=1 side=up reason=conditions_not_met latest_pct=-0.0293 need=>=0.07 stddev=0.0083 max_var=0.050[0m
[2m2026-04-10 06:12:56.713 [INFO] __main__: STATUS t=123s delta=-0.0219% dir=down agree=True chain=72087.74 bin=72077.74 open=72103.55 obi=0.8109 ask_up=0.45 ask_dn=0.56 bid_up=0.44 bid_dn=0.55 halted=False[0m
[2m2026-04-10 06:13:26.888 [INFO] __main__: STATUS t=93s delta=-0.0486% dir=down agree=True chain=72068.49 bin=72060.66 open=72103.55 obi=-0.7074 ask_up=0.36 ask_dn=0.65 bid_up=0.35 bid_dn=0.64 halted=False[0m
[2m2026-04-10 06:13:57.003 [INFO] __main__: STATUS t=63s delta=-0.0492% dir=down agree=True chain=72068.04 bin=72059.43 open=72103.55 obi=-0.6879 ask_up=0.62 ask_dn=0.39 bid_up=0.61 bid_dn=0.38 halted=False[0m
[2m2026-04-10 06:14:27.165 [INFO] __main__: STATUS t=33s delta=-0.0259% dir=down agree=True chain=72084.87 bin=72073.35 open=72103.55 obi=-0.5886 ask_up=0.77 ask_dn=0.24 bid_up=0.76 bid_dn=0.23 halted=False[0m
[2m2026-04-10 06:14:57.290 [INFO] __main__: STATUS t=3s delta=0.0618% dir=up agree=True chain=72148.08 bin=72140.32 open=72103.55 obi=-0.4711 ask_up=0.99 ask_dn=0.99 bid_up=0.01 bid_dn=0.01 halted=False[0m
[37m2026-04-10 06:15:00.056 [INFO] execution.paper_trading: paper window_ts=1775801400 [SKIP] pnl=0.0000 direction=up outcome=up - balance=$1017.57 bid_up=0.99 ask_up=1.00 bid_dn=0.01 ask_dn=0.01[0m
[93m[1m2026-04-10 06:15:00.056 [INFO] risk.position_tracker: WINDOW_SUMMARY window_pnl=$0.0000 session_pnl=$15.8632 won=$17.9432 lost=$2.0800 wr=75.0% (3/4) consec_losses=0[0m
[96m2026-04-10 06:15:00.058 [INFO] strategy.window_handler: REGIME chop_detected flips=3 delta_range=0.1200% avg_flips=4.3 over=6_windows[0m
[37m2026-04-10 06:15:00.062 [INFO] strategy.window_handler: WINDOW_DECISION [SKIP] rank=1 side=up pnl=$0.0000 entry=0.00 size=$0.00 (conditions not met)[0m
[96m[1m2026-04-10 06:15:00.062 [INFO] strategy.window_tracker: new window: btc-updown-5m-1775801700 (ts=1775801700)[0m
[96m2026-04-10 06:15:00.138 [INFO] strategy.window_handler: REGIME vol_stddev=0.081% chop_flips=4.3 outcome=4U/2D over 6w sprt=dormant llr=0.00 age=1w bankroll=$866.06[0m
[96m2026-04-10 06:15:00.138 [INFO] strategy.window_handler: KELLY wr_adj=91.6% base=96.9% total_disc=2.3% vol=0.0% chop=19.0% outcome=0.0% feedback=+0.0%[0m
[96m2026-04-10 06:15:00.139 [INFO] __main__: window open price captured: 72147.52 (tier 0 — oracle boundary, oracle_age=2000ms)[0m
[96m2026-04-10 06:15:00.140 [INFO] __main__: window open price captured: 72140.09 (binance)[0m
2026-04-10 06:15:00.140 [INFO] strategy.momentum_signal: momentum_signal: waiting for full market data
2026-04-10 06:15:00.966 [INFO] market_data.clob_market_ws: CLOB market subscribed for tokens up=217014968369 down=718355909831
[2m2026-04-10 06:15:27.520 [INFO] __main__: STATUS t=272s delta=-0.0208% dir=down agree=True chain=72132.50 bin=72122.42 open=72147.52 obi=-0.8027 ask_up=0.43 ask_dn=0.58 bid_up=0.42 bid_dn=0.57 halted=False[0m
[2m2026-04-10 06:15:57.659 [INFO] __main__: STATUS t=242s delta=-0.0367% dir=down agree=True chain=72121.01 bin=72110.52 open=72147.52 obi=0.7940 ask_up=0.34 ask_dn=0.68 bid_up=0.32 bid_dn=0.66 halted=False[0m
[2m2026-04-10 06:16:27.786 [INFO] __main__: STATUS t=212s delta=-0.0403% dir=down agree=True chain=72118.48 bin=72106.64 open=72147.52 obi=0.0469 ask_up=0.32 ask_dn=0.69 bid_up=0.31 bid_dn=0.68 halted=False[0m
[2m2026-04-10 06:16:57.913 [INFO] __main__: STATUS t=182s delta=-0.0332% dir=down agree=True chain=72123.59 bin=72110.49 open=72147.52 obi=-0.5901 ask_up=0.28 ask_dn=0.73 bid_up=0.27 bid_dn=0.72 halted=False[0m
[2m2026-04-10 06:17:28.040 [INFO] __main__: STATUS t=152s delta=-0.0428% dir=down agree=True chain=72116.67 bin=72106.26 open=72147.52 obi=-0.7785 ask_up=0.66 ask_dn=0.36 bid_up=0.64 bid_dn=0.34 halted=False[0m
2026-04-10 06:17:40.088 [INFO] strategy.momentum_signal: signal_eval rank=1 side=up latest_pct=-0.0646 stddev=0.0095 n=398 min_delta=0.07 max_var=0.050
[37m2026-04-10 06:17:40.088 [INFO] strategy.momentum_signal: [SKIP] rank=1 side=up reason=conditions_not_met latest_pct=-0.0646 need=>=0.07 stddev=0.0095 max_var=0.050[0m
[2m2026-04-10 06:17:58.167 [INFO] __main__: STATUS t=122s delta=-0.0568% dir=down agree=True chain=72106.53 bin=72100.86 open=72147.52 obi=-0.9873 ask_up=0.59 ask_dn=0.42 bid_up=0.58 bid_dn=0.41 halted=False[0m
[2m2026-04-10 06:18:28.309 [INFO] __main__: STATUS t=92s delta=-0.0850% dir=down agree=True chain=72086.23 bin=72078.46 open=72147.52 obi=-0.7960 ask_up=0.31 ask_dn=0.70 bid_up=0.30 bid_dn=0.69 halted=False[0m
[2m2026-04-10 06:18:58.435 [INFO] __main__: STATUS t=62s delta=-0.0998% dir=down agree=True chain=72075.52 bin=72064.33 open=72147.52 obi=0.5068 ask_up=0.24 ask_dn=0.77 bid_up=0.23 bid_dn=0.76 halted=False[0m
[2m2026-04-10 06:19:28.565 [INFO] __main__: STATUS t=31s delta=-0.1450% dir=down agree=True chain=72042.93 bin=72035.54 open=72147.52 obi=-0.7694 ask_up=0.01 ask_dn=1.00 bid_up=0.01 bid_dn=0.99 halted=False[0m
[2m2026-04-10 06:19:58.706 [INFO] __main__: STATUS t=1s delta=-0.2136% dir=down agree=True chain=71993.43 bin=71988.15 open=72147.52 obi=0.6196 ask_up=0.01 ask_dn=1.00 bid_up=0.01 bid_dn=0.99 halted=False[0m
[37m2026-04-10 06:20:00.214 [INFO] execution.paper_trading: paper window_ts=1775801700 [SKIP] pnl=0.0000 direction=down outcome=down - balance=$1017.57 bid_up=0.01 ask_up=0.01 bid_dn=0.99 ask_dn=1.00[0m
[93m[1m2026-04-10 06:20:00.214 [INFO] risk.position_tracker: WINDOW_SUMMARY window_pnl=$0.0000 session_pnl=$15.8632 won=$17.9432 lost=$2.0800 wr=75.0% (3/4) consec_losses=0[0m
[37m2026-04-10 06:20:00.220 [INFO] strategy.window_handler: WINDOW_DECISION [SKIP] rank=1 side=up pnl=$0.0000 entry=0.00 size=$0.00 (conditions not met)[0m
[96m[1m2026-04-10 06:20:00.220 [INFO] strategy.window_tracker: new window: btc-updown-5m-1775802000 (ts=1775802000)[0m
[96m2026-04-10 06:20:00.286 [INFO] strategy.window_handler: REGIME vol_stddev=0.093% chop_flips=4.3 outcome=3U/3D over 6w sprt=dormant llr=0.00 age=2w bankroll=$866.06[0m
[96m2026-04-10 06:20:00.287 [INFO] strategy.window_handler: KELLY wr_adj=91.6% base=96.9% total_disc=2.3% vol=0.0% chop=19.0% outcome=0.0% feedback=+0.0%[0m
[96m2026-04-10 06:20:00.287 [INFO] __main__: window open price captured: 71999.39 (tier 0 — oracle boundary, oracle_age=1000ms)[0m
[96m2026-04-10 06:20:00.287 [INFO] __main__: window open price captured: 71999.98 (binance)[0m
2026-04-10 06:20:00.288 [INFO] strategy.momentum_signal: momentum_signal: waiting for full market data
2026-04-10 06:20:01.169 [INFO] market_data.clob_market_ws: CLOB market subscribed for tokens up=725061841748 down=110447797461
[2m2026-04-10 06:20:28.827 [INFO] __main__: STATUS t=271s delta=-0.0418% dir=down agree=True chain=71969.28 bin=71959.50 open=71999.39 obi=-0.4530 ask_up=0.36 ask_dn=0.65 bid_up=0.35 bid_dn=0.64 halted=False[0m
[2m2026-04-10 06:20:58.943 [INFO] __main__: STATUS t=241s delta=-0.0172% dir=down agree=True chain=71987.04 bin=71977.99 open=71999.39 obi=-0.1540 ask_up=0.44 ask_dn=0.57 bid_up=0.43 bid_dn=0.56 halted=False[0m
[2m2026-04-10 06:21:29.077 [INFO] __main__: STATUS t=211s delta=-0.0315% dir=down agree=True chain=71976.68 bin=71966.45 open=71999.39 obi=0.9256 ask_up=0.36 ask_dn=0.65 bid_up=0.35 bid_dn=0.64 halted=False[0m
[2m2026-04-10 06:21:59.202 [INFO] __main__: STATUS t=181s delta=-0.0045% dir=down agree=True chain=71996.16 bin=71988.01 open=71999.39 obi=0.3979 ask_up=0.49 ask_dn=0.52 bid_up=0.48 bid_dn=0.51 halted=False[0m
[2m2026-04-10 06:22:29.334 [INFO] __main__: STATUS t=151s delta=-0.0046% dir=down agree=True chain=71996.05 bin=71986.93 open=71999.39 obi=0.4963 ask_up=0.49 ask_dn=0.52 bid_up=0.48 bid_dn=0.51 halted=False[0m
2026-04-10 06:22:40.130 [INFO] strategy.momentum_signal: signal_eval rank=1 side=up latest_pct=-0.0187 stddev=0.0126 n=398 min_delta=0.07 max_var=0.050
[37m2026-04-10 06:22:40.130 [INFO] strategy.momentum_signal: [SKIP] rank=1 side=up reason=conditions_not_met latest_pct=-0.0187 need=>=0.07 stddev=0.0126 max_var=0.050[0m
[2m2026-04-10 06:22:59.454 [INFO] __main__: STATUS t=121s delta=-0.0086% dir=down agree=True chain=71993.21 bin=71985.91 open=71999.39 obi=-0.9627 ask_up=0.39 ask_dn=0.62 bid_up=0.38 bid_dn=0.61 halted=False[0m
2026-04-10 06:23:06.537 [INFO] shared.ipc: IPC: received authenticated signal_update (summary=signals_summary_1775802186.json)
2026-04-10 06:23:06.537 [INFO] __main__: received new signal from orchestrator: rank=1 side=Up
[2m2026-04-10 06:23:29.597 [INFO] __main__: STATUS t=90s delta=-0.0091% dir=down agree=True chain=71992.86 bin=71981.21 open=71999.39 obi=0.2568 ask_up=0.41 ask_dn=0.60 bid_up=0.40 bid_dn=0.59 halted=False[0m
[2m2026-04-10 06:23:59.724 [INFO] __main__: STATUS t=60s delta=-0.0017% dir=down agree=True chain=71998.18 bin=71994.20 open=71999.39 obi=-0.6478 ask_up=0.42 ask_dn=0.59 bid_up=0.41 bid_dn=0.58 halted=False[0m
[2m2026-04-10 06:24:29.866 [INFO] __main__: STATUS t=30s delta=-0.0141% dir=down agree=True chain=71989.26 bin=71982.47 open=71999.39 obi=-0.4347 ask_up=0.21 ask_dn=0.80 bid_up=0.20 bid_dn=0.79 halted=False[0m
[2m2026-04-10 06:25:00.006 [INFO] __main__: STATUS t=300s delta=-0.0169% dir=down agree=True chain=71987.25 bin=71977.24 open=71999.39 obi=-0.7157 ask_up=0.01 ask_dn=1.00 bid_up=0.01 bid_dn=0.99 halted=False[0m
[37m2026-04-10 06:25:00.039 [INFO] execution.paper_trading: paper window_ts=1775802000 [SKIP] pnl=0.0000 direction=down outcome=down - balance=$1017.57 bid_up=0.01 ask_up=0.01 bid_dn=0.99 ask_dn=1.00[0m
[93m[1m2026-04-10 06:25:00.040 [INFO] risk.position_tracker: WINDOW_SUMMARY window_pnl=$0.0000 session_pnl=$15.8632 won=$17.9432 lost=$2.0800 wr=75.0% (3/4) consec_losses=0[0m
[37m2026-04-10 06:25:00.069 [INFO] strategy.window_handler: WINDOW_DECISION [SKIP] rank=1 side=up pnl=$0.0000 entry=0.00 size=$0.00 (conditions not met)[0m
[95m2026-04-10 06:25:00.070 [INFO] strategy.window_handler: Signal refreshed (same pattern): up_240.0_140.0_0.07_0.05 — rank 1->1, keeping SPRT state (age=3w, trades=0, LLR=0.00)[0m
2026-04-10 06:25:00.070 [INFO] strategy.window_handler: SIGNAL_SWAP_ACTIVE: {"rank":1,"side":"up","observeFromS":240.0,"observeToS":140.0,"minDeltaPct":0.07,"maxVariancePct":0.05,"trainWinRatePct":91.03,"oosWinRatePct":96.67,"oosBhAdjustedPValue":5.756e-13,"oosMatches":30,"avgEntryPrice":0.878,"evPerTrade":0.0587,"smartScore":13.82,"wfFoldsAppeared":3,"wfTotalTestFolds":6,"wfFoldIndices":[2,6,7]}
2026-04-10 06:25:00.070 [INFO] strategy.window_handler: switched to new signal: #1 up (previous: #1 up)
[96m[1m2026-04-10 06:25:00.070 [INFO] strategy.window_tracker: new window: btc-updown-5m-1775802300 (ts=1775802300)[0m
[96m2026-04-10 06:25:00.198 [INFO] strategy.window_handler: REGIME vol_stddev=0.093% chop_flips=3.7 outcome=3U/3D over 6w sprt=dormant llr=0.00 age=3w bankroll=$866.06[0m
[96m2026-04-10 06:25:00.198 [INFO] strategy.window_handler: KELLY wr_adj=92.5% base=96.7% total_disc=1.1% vol=0.0% chop=9.5% outcome=0.0% feedback=+0.0%[0m
[96m2026-04-10 06:25:00.198 [INFO] __main__: window open price captured: 71985.95 (tier 0 — oracle boundary, oracle_age=1000ms)[0m
[96m2026-04-10 06:25:00.199 [INFO] __main__: window open price captured: 71977.24 (binance)[0m
2026-04-10 06:25:00.199 [INFO] strategy.momentum_signal: momentum_signal: waiting for full market data
2026-04-10 06:25:00.444 [INFO] market_data.clob_market_ws: CLOB market subscribed for tokens up=238150320975 down=724964239990
[2m2026-04-10 06:25:30.175 [INFO] __main__: STATUS t=270s delta=-0.0459% dir=down agree=True chain=71952.92 bin=71958.00 open=71985.95 obi=0.7678 ask_up=0.46 ask_dn=0.55 bid_up=0.45 bid_dn=0.54 halted=False[0m
[2m2026-04-10 06:26:00.295 [INFO] __main__: STATUS t=240s delta=-0.0079% dir=down agree=True chain=71980.29 bin=71975.30 open=71985.95 obi=0.7560 ask_up=0.55 ask_dn=0.46 bid_up=0.54 bid_dn=0.45 halted=False[0m
[2m2026-04-10 06:26:30.445 [INFO] __main__: STATUS t=210s delta=-0.0179% dir=down agree=True chain=71973.05 bin=71963.06 open=71985.95 obi=0.5837 ask_up=0.46 ask_dn=0.55 bid_up=0.45 bid_dn=0.54 halted=False[0m
[2m2026-04-10 06:27:00.574 [INFO] __main__: STATUS t=179s delta=-0.0296% dir=down agree=True chain=71964.62 bin=71956.86 open=71985.95 obi=0.8407 ask_up=0.44 ask_dn=0.57 bid_up=0.43 bid_dn=0.56 halted=False[0m
[2m2026-04-10 06:27:30.723 [INFO] __main__: STATUS t=149s delta=-0.0286% dir=down agree=True chain=71965.38 bin=71956.85 open=71985.95 obi=-0.1397 ask_up=0.43 ask_dn=0.58 bid_up=0.42 bid_dn=0.57 halted=False[0m
2026-04-10 06:27:40.011 [INFO] strategy.momentum_signal: signal_eval rank=1 side=up latest_pct=-0.0404 stddev=0.0112 n=398 min_delta=0.07 max_var=0.050
[37m2026-04-10 06:27:40.012 [INFO] strategy.momentum_signal: [SKIP] rank=1 side=up reason=conditions_not_met latest_pct=-0.0404 need=>=0.07 stddev=0.0112 max_var=0.050[0m
[2m2026-04-10 06:28:00.883 [INFO] __main__: STATUS t=119s delta=-0.0366% dir=down agree=True chain=71959.62 bin=71952.64 open=71985.95 obi=-0.6169 ask_up=0.28 ask_dn=0.73 bid_up=0.27 bid_dn=0.72 halted=False[0m
[2m2026-04-10 06:28:31.034 [INFO] __main__: STATUS t=89s delta=-0.0192% dir=down agree=True chain=71972.15 bin=71964.00 open=71985.95 obi=0.2321 ask_up=0.37 ask_dn=0.64 bid_up=0.36 bid_dn=0.63 halted=False[0m
[2m2026-04-10 06:29:01.159 [INFO] __main__: STATUS t=59s delta=-0.0212% dir=down agree=True chain=71970.70 bin=71964.00 open=71985.95 obi=0.0775 ask_up=0.32 ask_dn=0.69 bid_up=0.31 bid_dn=0.68 halted=False[0m
[2m2026-04-10 06:29:31.295 [INFO] __main__: STATUS t=29s delta=-0.0184% dir=down agree=True chain=71972.70 bin=71964.00 open=71985.95 obi=0.4787 ask_up=0.20 ask_dn=0.81 bid_up=0.19 bid_dn=0.80 halted=False[0m
[37m2026-04-10 06:30:00.166 [INFO] execution.paper_trading: paper window_ts=1775802300 [SKIP] pnl=0.0000 direction=down outcome=down - balance=$1017.57 bid_up=0.01 ask_up=0.01 bid_dn=0.99 ask_dn=1.00[0m
[93m[1m2026-04-10 06:30:00.166 [INFO] risk.position_tracker: WINDOW_SUMMARY window_pnl=$0.0000 session_pnl=$15.8632 won=$17.9432 lost=$2.0800 wr=75.0% (3/4) consec_losses=0[0m
[37m2026-04-10 06:30:00.172 [INFO] strategy.window_handler: WINDOW_DECISION [SKIP] rank=1 side=up pnl=$0.0000 entry=0.00 size=$0.00 (conditions not met)[0m
[96m[1m2026-04-10 06:30:00.172 [INFO] strategy.window_tracker: new window: btc-updown-5m-1775802600 (ts=1775802600)[0m
[96m2026-04-10 06:30:00.240 [INFO] strategy.window_handler: REGIME vol_stddev=0.093% chop_flips=3.7 outcome=2U/4D over 6w sprt=dormant llr=0.00 age=4w bankroll=$866.06[0m
[96m2026-04-10 06:30:00.240 [INFO] strategy.window_handler: KELLY wr_adj=89.1% base=96.7% total_disc=4.6% vol=0.0% chop=9.5% outcome=38.1% feedback=+0.0%[0m
[96m2026-04-10 06:30:00.246 [INFO] __main__: window open price captured: 71970.57 (tier 0 — oracle boundary, oracle_age=1000ms)[0m
[96m2026-04-10 06:30:00.250 [INFO] __main__: window open price captured: 71964.01 (binance)[0m
2026-04-10 06:30:00.255 [INFO] strategy.momentum_signal: momentum_signal: waiting for full market data
2026-04-10 06:30:00.637 [INFO] market_data.clob_market_ws: CLOB market subscribed for tokens up=115385284302 down=109714723906
[2m2026-04-10 06:30:01.528 [INFO] __main__: STATUS t=298s delta=0.0000% dir=up agree=False chain=71970.57 bin=71964.01 open=71970.57 obi=0.4008 ask_up=0.60 ask_dn=0.41 bid_up=0.59 bid_dn=0.40 halted=False[0m
[2m2026-04-10 06:30:31.681 [INFO] __main__: STATUS t=268s delta=-0.0315% dir=down agree=True chain=71947.89 bin=71935.79 open=71970.57 obi=-0.6638 ask_up=0.34 ask_dn=0.67 bid_up=0.33 bid_dn=0.66 halted=False[0m
[2m2026-04-10 06:31:01.817 [INFO] __main__: STATUS t=238s delta=-0.0277% dir=down agree=True chain=71950.60 bin=71941.05 open=71970.57 obi=-0.9989 ask_up=0.36 ask_dn=0.66 bid_up=0.34 bid_dn=0.64 halted=False[0m
[2m2026-04-10 06:31:31.943 [INFO] __main__: STATUS t=208s delta=-0.0310% dir=down agree=True chain=71948.25 bin=71949.31 open=71970.57 obi=0.6824 ask_up=0.42 ask_dn=0.59 bid_up=0.41 bid_dn=0.58 halted=False[0m
[2m2026-04-10 06:32:02.085 [INFO] __main__: STATUS t=178s delta=-0.0088% dir=down agree=True chain=71964.21 bin=71959.33 open=71970.57 obi=-0.0691 ask_up=0.43 ask_dn=0.58 bid_up=0.42 bid_dn=0.57 halted=False[0m
[2m2026-04-10 06:32:32.214 [INFO] __main__: STATUS t=148s delta=-0.0192% dir=down agree=True chain=71956.72 bin=71951.14 open=71970.57 obi=-0.8038 ask_up=0.30 ask_dn=0.71 bid_up=0.29 bid_dn=0.70 halted=False[0m
2026-04-10 06:32:40.248 [INFO] strategy.momentum_signal: signal_eval rank=1 side=up latest_pct=-0.0270 stddev=0.0154 n=399 min_delta=0.07 max_var=0.050
[37m2026-04-10 06:32:40.248 [INFO] strategy.momentum_signal: [SKIP] rank=1 side=up reason=conditions_not_met latest_pct=-0.0270 need=>=0.07 stddev=0.0154 max_var=0.050[0m
[2m2026-04-10 06:33:02.354 [INFO] __main__: STATUS t=118s delta=-0.0192% dir=down agree=True chain=71956.77 bin=71951.15 open=71970.57 obi=-0.0166 ask_up=0.38 ask_dn=0.63 bid_up=0.37 bid_dn=0.62 halted=False[0m
[2m2026-04-10 06:33:32.476 [INFO] __main__: STATUS t=88s delta=0.0074% dir=up agree=False chain=71975.88 bin=71969.53 open=71970.57 obi=-0.4979 ask_up=0.56 ask_dn=0.45 bid_up=0.55 bid_dn=0.44 halted=False[0m
[2m2026-04-10 06:34:02.606 [INFO] __main__: STATUS t=57s delta=-0.0185% dir=down agree=True chain=71957.22 bin=71943.47 open=71970.57 obi=-0.9137 ask_up=0.20 ask_dn=0.81 bid_up=0.19 bid_dn=0.80 halted=False[0m
[2m2026-04-10 06:34:32.733 [INFO] __main__: STATUS t=27s delta=-0.0082% dir=down agree=True chain=71964.68 bin=71954.94 open=71970.57 obi=0.9226 ask_up=0.42 ask_dn=0.59 bid_up=0.41 bid_dn=0.58 halted=False[0m
[37m2026-04-10 06:35:00.099 [INFO] execution.paper_trading: paper window_ts=1775802600 [SKIP] pnl=0.0000 direction=up outcome=up - balance=$1017.57 bid_up=0.99 ask_up=1.00 bid_dn=0.01 ask_dn=0.01[0m
[93m[1m2026-04-10 06:35:00.099 [INFO] risk.position_tracker: WINDOW_SUMMARY window_pnl=$0.0000 session_pnl=$15.8632 won=$17.9432 lost=$2.0800 wr=75.0% (3/4) consec_losses=0[0m
[96m2026-04-10 06:35:00.101 [INFO] strategy.window_handler: REGIME chop_detected flips=4 delta_range=0.0725% avg_flips=2.8 over=6_windows[0m
[37m2026-04-10 06:35:00.106 [INFO] strategy.window_handler: WINDOW_DECISION [SKIP] rank=1 side=up pnl=$0.0000 entry=0.00 size=$0.00 (conditions not met)[0m
[96m[1m2026-04-10 06:35:00.106 [INFO] strategy.window_tracker: new window: btc-updown-5m-1775802900 (ts=1775802900)[0m
[96m2026-04-10 06:35:00.197 [INFO] strategy.window_handler: REGIME vol_stddev=0.093% chop_flips=2.8 outcome=2U/4D over 6w sprt=dormant llr=0.00 age=5w bankroll=$866.06[0m
[96m2026-04-10 06:35:00.197 [INFO] strategy.window_handler: KELLY wr_adj=89.1% base=96.7% total_disc=4.6% vol=0.0% chop=0.0% outcome=38.1% feedback=+0.0%[0m
[96m2026-04-10 06:35:00.198 [INFO] __main__: window open price captured: 71983.31 (tier 0 — oracle boundary, oracle_age=2000ms)[0m
[96m2026-04-10 06:35:00.199 [INFO] __main__: window open price captured: 71977.22 (binance)[0m
2026-04-10 06:35:00.201 [INFO] strategy.momentum_signal: momentum_signal: waiting for full market data
2026-04-10 06:35:00.876 [INFO] market_data.clob_market_ws: CLOB market subscribed for tokens up=912622172133 down=536626407280
[2m2026-04-10 06:35:02.964 [INFO] __main__: STATUS t=297s delta=0.0005% dir=up agree=False chain=71983.64 bin=71977.22 open=71983.31 obi=0.2004 ask_up=0.50 ask_dn=0.51 bid_up=0.49 bid_dn=0.50 halted=False[0m
[2m2026-04-10 06:35:33.088 [INFO] __main__: STATUS t=267s delta=-0.0073% dir=down agree=True chain=71978.03 bin=71969.91 open=71983.31 obi=-0.7435 ask_up=0.44 ask_dn=0.57 bid_up=0.43 bid_dn=0.56 halted=False[0m
[2m2026-04-10 06:36:03.215 [INFO] __main__: STATUS t=237s delta=-0.0109% dir=down agree=True chain=71975.49 bin=71964.77 open=71983.31 obi=0.8893 ask_up=0.46 ask_dn=0.55 bid_up=0.45 bid_dn=0.54 halted=False[0m
[2m2026-04-10 06:36:33.346 [INFO] __main__: STATUS t=207s delta=-0.0445% dir=down agree=True chain=71951.25 bin=71943.55 open=71983.31 obi=-0.7535 ask_up=0.29 ask_dn=0.73 bid_up=0.27 bid_dn=0.71 halted=False[0m
[2m2026-04-10 06:37:03.505 [INFO] __main__: STATUS t=176s delta=-0.0871% dir=down agree=True chain=71920.65 bin=71902.30 open=71983.31 obi=0.3553 ask_up=0.11 ask_dn=0.90 bid_up=0.10 bid_dn=0.89 halted=False[0m
[2m2026-04-10 06:37:33.623 [INFO] __main__: STATUS t=146s delta=-0.0988% dir=down agree=True chain=71912.16 bin=71902.32 open=71983.31 obi=-0.1703 ask_up=0.33 ask_dn=0.68 bid_up=0.32 bid_dn=0.67 halted=False[0m
2026-04-10 06:37:40.148 [INFO] strategy.momentum_signal: signal_eval rank=1 side=up latest_pct=-0.1125 stddev=0.0273 n=398 min_delta=0.07 max_var=0.050
[37m2026-04-10 06:37:40.148 [INFO] strategy.momentum_signal: [SKIP] rank=1 side=up reason=conditions_not_met latest_pct=-0.1125 need=>=0.07 stddev=0.0273 max_var=0.050[0m
[2m2026-04-10 06:38:03.750 [INFO] __main__: STATUS t=116s delta=-0.1063% dir=down agree=True chain=71906.78 bin=71879.23 open=71983.31 obi=-0.9920 ask_up=0.26 ask_dn=0.75 bid_up=0.25 bid_dn=0.74 halted=False[0m
2026-04-10 06:38:18.586 [INFO] shared.ipc: IPC: received authenticated signal_update (summary=signals_summary_1775803098.json)
2026-04-10 06:38:18.586 [INFO] __main__: received new signal from orchestrator: rank=1 side=Up
[2m2026-04-10 06:38:33.875 [INFO] __main__: STATUS t=86s delta=-0.1314% dir=down agree=True chain=71888.74 bin=71879.84 open=71983.31 obi=0.2739 ask_up=0.10 ask_dn=0.91 bid_up=0.09 bid_dn=0.90 halted=False[0m
[2m2026-04-10 06:39:04.010 [INFO] __main__: STATUS t=56s delta=-0.1024% dir=down agree=True chain=71909.61 bin=71899.70 open=71983.31 obi=-0.6261 ask_up=0.23 ask_dn=0.78 bid_up=0.22 bid_dn=0.77 halted=False[0m
[2m2026-04-10 06:39:34.144 [INFO] __main__: STATUS t=26s delta=-0.1262% dir=down agree=True chain=71892.50 bin=71890.82 open=71983.31 obi=0.7480 ask_up=0.10 ask_dn=0.91 bid_up=0.09 bid_dn=0.90 halted=False[0m
[37m2026-04-10 06:40:00.003 [INFO] execution.paper_trading: paper window_ts=1775802900 [SKIP] pnl=0.0000 direction=up outcome=up - balance=$1017.57 bid_up=0.01 ask_up=1.00 bid_dn=0.01 ask_dn=0.99[0m
[93m[1m2026-04-10 06:40:00.004 [INFO] risk.position_tracker: WINDOW_SUMMARY window_pnl=$0.0000 session_pnl=$15.8632 won=$17.9432 lost=$2.0800 wr=75.0% (3/4) consec_losses=0[0m
[37m2026-04-10 06:40:00.015 [INFO] strategy.window_handler: WINDOW_DECISION [SKIP] rank=1 side=up pnl=$0.0000 entry=0.00 size=$0.00 (conditions not met)[0m
2026-04-10 06:40:00.015 [INFO] strategy.window_handler: Signal changed: up_240.0_140.0_0.07_0.05 -> up_260.0_150.0_0.07_0.05 (age was 6 windows)
2026-04-10 06:40:00.015 [INFO] strategy.window_handler: SIGNAL_SWAP_ACTIVE: {"rank":1,"side":"up","observeFromS":260.0,"observeToS":150.0,"minDeltaPct":0.07,"maxVariancePct":0.05,"trainWinRatePct":93.94,"oosWinRatePct":96.23,"oosBhAdjustedPValue":2.86184e-09,"oosMatches":53,"avgEntryPrice":0.8866,"evPerTrade":0.0457,"smartScore":39.14,"wfFoldsAppeared":6,"wfTotalTestFolds":6,"wfFoldIndices":[2,3,4,5,6,7]}
2026-04-10 06:40:00.015 [INFO] strategy.window_handler: switched to new signal: #1 up (previous: #1 up)
[96m[1m2026-04-10 06:40:00.015 [INFO] strategy.window_tracker: new window: btc-updown-5m-1775803200 (ts=1775803200)[0m
[96m2026-04-10 06:40:00.141 [INFO] strategy.window_handler: REGIME vol_stddev=0.091% chop_flips=2.0 outcome=3U/3D over 6w sprt=dormant llr=0.00 age=0w bankroll=$866.06[0m
[96m2026-04-10 06:40:00.145 [INFO] __main__: window open price captured: 72014.59 (tier 0 — oracle boundary, oracle_age=2000ms)[0m
[96m2026-04-10 06:40:00.150 [INFO] __main__: window open price captured: 72004.88 (binance)[0m
2026-04-10 06:40:00.157 [INFO] strategy.momentum_signal: momentum_signal: waiting for full market data
2026-04-10 06:40:01.084 [INFO] market_data.clob_market_ws: CLOB market subscribed for tokens up=176469233332 down=852363222478
[2m2026-04-10 06:40:04.218 [INFO] __main__: STATUS t=296s delta=-0.0048% dir=down agree=True chain=72011.11 bin=71997.69 open=72014.59 obi=-0.7712 ask_up=0.47 ask_dn=0.54 bid_up=0.46 bid_dn=0.53 halted=False[0m
[2m2026-04-10 06:40:34.355 [INFO] __main__: STATUS t=266s delta=-0.0592% dir=down agree=True chain=71971.96 bin=71963.34 open=72014.59 obi=0.8285 ask_up=0.35 ask_dn=0.66 bid_up=0.34 bid_dn=0.65 halted=False[0m
[2m2026-04-10 06:41:04.481 [INFO] __main__: STATUS t=236s delta=-0.0717% dir=down agree=True chain=71962.96 bin=71956.85 open=72014.59 obi=-0.5062 ask_up=0.24 ask_dn=0.77 bid_up=0.23 bid_dn=0.76 halted=False[0m
[2m2026-04-10 06:41:34.610 [INFO] __main__: STATUS t=205s delta=-0.0867% dir=down agree=True chain=71952.15 bin=71944.76 open=72014.59 obi=-0.8153 ask_up=0.44 ask_dn=0.57 bid_up=0.43 bid_dn=0.56 halted=False[0m
[2m2026-04-10 06:42:04.789 [INFO] __main__: STATUS t=175s delta=-0.1192% dir=down agree=True chain=71928.71 bin=71921.97 open=72014.59 obi=0.3957 ask_up=0.23 ask_dn=0.78 bid_up=0.22 bid_dn=0.77 halted=False[0m
2026-04-10 06:42:30.157 [INFO] strategy.momentum_signal: signal_eval rank=1 side=up latest_pct=-0.1439 stddev=0.0259 n=438 min_delta=0.07 max_var=0.050
[37m2026-04-10 06:42:30.157 [INFO] strategy.momentum_signal: [SKIP] rank=1 side=up reason=conditions_not_met latest_pct=-0.1439 need=>=0.07 stddev=0.0259 max_var=0.050[0m
[2m2026-04-10 06:42:34.927 [INFO] __main__: STATUS t=145s delta=-0.1308% dir=down agree=True chain=71920.40 bin=71911.81 open=72014.59 obi=-0.5210 ask_up=0.21 ask_dn=0.80 bid_up=0.20 bid_dn=0.79 halted=False[0m
[2m2026-04-10 06:43:05.065 [INFO] __main__: STATUS t=115s delta=-0.1318% dir=down agree=True chain=71919.64 bin=71913.20 open=72014.59 obi=0.5257 ask_up=0.09 ask_dn=0.92 bid_up=0.08 bid_dn=0.91 halted=False[0m
[2m2026-04-10 06:43:35.188 [INFO] __main__: STATUS t=85s delta=-0.1201% dir=down agree=True chain=71928.08 bin=71913.19 open=72014.59 obi=-0.7051 ask_up=0.15 ask_dn=0.86 bid_up=0.14 bid_dn=0.85 halted=False[0m
[2m2026-04-10 06:44:05.327 [INFO] __main__: STATUS t=55s delta=-0.1100% dir=down agree=True chain=71935.38 bin=71931.74 open=72014.59 obi=-0.0462 ask_up=0.22 ask_dn=0.79 bid_up=0.21 bid_dn=0.78 halted=False[0m
[2m2026-04-10 06:44:35.455 [INFO] __main__: STATUS t=25s delta=-0.0979% dir=down agree=True chain=71944.09 bin=71934.12 open=72014.59 obi=0.2908 ask_up=0.03 ask_dn=0.98 bid_up=0.02 bid_dn=0.97 halted=False[0m
[37m2026-04-10 06:45:00.069 [INFO] execution.paper_trading: paper window_ts=1775803200 [SKIP] pnl=0.0000 direction=down outcome=down - balance=$1017.57 bid_up=0.01 ask_up=0.01 bid_dn=0.99 ask_dn=1.00[0m
[93m[1m2026-04-10 06:45:00.074 [INFO] risk.position_tracker: WINDOW_SUMMARY window_pnl=$0.0000 session_pnl=$15.8632 won=$17.9432 lost=$2.0800 wr=75.0% (3/4) consec_losses=0[0m
[37m2026-04-10 06:45:00.084 [INFO] strategy.window_handler: WINDOW_DECISION [SKIP] rank=1 side=up pnl=$0.0000 entry=0.00 size=$0.00 (conditions not met)[0m
[96m[1m2026-04-10 06:45:00.085 [INFO] strategy.window_tracker: new window: btc-updown-5m-1775803500 (ts=1775803500)[0m
[96m2026-04-10 06:45:00.148 [INFO] strategy.window_handler: REGIME vol_stddev=0.094% chop_flips=1.7 outcome=2U/4D over 6w sprt=dormant llr=0.00 age=1w bankroll=$866.06[0m
[96m2026-04-10 06:45:00.148 [INFO] strategy.window_handler: KELLY wr_adj=88.7% base=96.2% total_disc=4.6% vol=0.0% chop=0.0% outcome=38.1% feedback=+0.0%[0m
[96m2026-04-10 06:45:00.149 [INFO] __main__: window open price captured: 71938.78 (tier 0 — oracle boundary, oracle_age=2000ms)[0m
[96m2026-04-10 06:45:00.149 [INFO] __main__: window open price captured: 71936.66 (binance)[0m
2026-04-10 06:45:00.150 [INFO] strategy.momentum_signal: momentum_signal: waiting for full market data
2026-04-10 06:45:00.273 [INFO] market_data.clob_market_ws: CLOB market subscribed for tokens up=477819458339 down=860130937338
[2m2026-04-10 06:45:05.462 [INFO] __main__: STATUS t=295s delta=0.0038% dir=up agree=False chain=71941.49 bin=71934.68 open=71938.78 obi=-0.3574 ask_up=0.63 ask_dn=0.38 bid_up=0.62 bid_dn=0.37 halted=False[0m
[2m2026-04-10 06:45:35.589 [INFO] __main__: STATUS t=264s delta=-0.0037% dir=down agree=True chain=71936.12 bin=71928.64 open=71938.78 obi=-0.3368 ask_up=0.56 ask_dn=0.45 bid_up=0.55 bid_dn=0.44 halted=False[0m
[2m2026-04-10 06:46:05.730 [INFO] __main__: STATUS t=234s delta=-0.0098% dir=down agree=True chain=71931.74 bin=71923.25 open=71938.78 obi=0.2478 ask_up=0.60 ask_dn=0.41 bid_up=0.59 bid_dn=0.40 halted=False[0m
[2m2026-04-10 06:46:35.866 [INFO] __main__: STATUS t=204s delta=-0.0070% dir=down agree=True chain=71933.77 bin=71923.26 open=71938.78 obi=0.2879 ask_up=0.65 ask_dn=0.36 bid_up=0.64 bid_dn=0.35 halted=False[0m
[2m2026-04-10 06:47:05.990 [INFO] __main__: STATUS t=174s delta=0.0454% dir=up agree=True chain=71971.46 bin=71965.14 open=71938.78 obi=0.5735 ask_up=0.80 ask_dn=0.21 bid_up=0.79 bid_dn=0.20 halted=False[0m
2026-04-10 06:47:30.086 [INFO] strategy.momentum_signal: signal_eval rank=1 side=up latest_pct=0.0686 stddev=0.0306 n=438 min_delta=0.07 max_var=0.050
[37m2026-04-10 06:47:30.086 [INFO] strategy.momentum_signal: [SKIP] rank=1 side=up reason=conditions_not_met latest_pct=0.0686 need=>=0.07 stddev=0.0306 max_var=0.050[0m
[2m2026-04-10 06:47:36.111 [INFO] __main__: STATUS t=144s delta=0.0754% dir=up agree=True chain=71993.04 bin=71987.38 open=71938.78 obi=-0.8871 ask_up=0.83 ask_dn=0.18 bid_up=0.82 bid_dn=0.17 halted=False[0m
[2m2026-04-10 06:48:06.270 [INFO] __main__: STATUS t=114s delta=0.0517% dir=up agree=True chain=71975.98 bin=71968.68 open=71938.78 obi=-0.6054 ask_up=0.82 ask_dn=0.19 bid_up=0.81 bid_dn=0.18 halted=False[0m
[2m2026-04-10 06:48:36.396 [INFO] __main__: STATUS t=84s delta=0.0241% dir=up agree=True chain=71956.13 bin=71950.00 open=71938.78 obi=-0.9028 ask_up=0.73 ask_dn=0.28 bid_up=0.72 bid_dn=0.27 halted=False[0m
[2m2026-04-10 06:49:06.539 [INFO] __main__: STATUS t=53s delta=0.0103% dir=up agree=False chain=71946.16 bin=71929.40 open=71938.78 obi=-0.5205 ask_up=0.56 ask_dn=0.45 bid_up=0.55 bid_dn=0.44 halted=False[0m
[2m2026-04-10 06:49:36.664 [INFO] __main__: STATUS t=23s delta=-0.0093% dir=down agree=True chain=71932.13 bin=71920.52 open=71938.78 obi=-0.6839 ask_up=0.63 ask_dn=0.38 bid_up=0.62 bid_dn=0.37 halted=False[0m
[37m2026-04-10 06:50:00.013 [INFO] execution.paper_trading: paper window_ts=1775803500 [SKIP] pnl=0.0000 direction=down outcome=down - balance=$1017.57 bid_up=0.01 ask_up=0.01 bid_dn=0.99 ask_dn=1.00[0m
[93m[1m2026-04-10 06:50:00.013 [INFO] risk.position_tracker: WINDOW_SUMMARY window_pnl=$0.0000 session_pnl=$15.8632 won=$17.9432 lost=$2.0800 wr=75.0% (3/4) consec_losses=0[0m
[96m2026-04-10 06:50:00.017 [INFO] strategy.window_handler: REGIME chop_detected flips=3 delta_range=0.1465% avg_flips=2.2 over=6_windows[0m
[37m2026-04-10 06:50:00.025 [INFO] strategy.window_handler: WINDOW_DECISION [SKIP] rank=1 side=up pnl=$0.0000 entry=0.00 size=$0.00 (conditions not met)[0m
[96m[1m2026-04-10 06:50:00.025 [INFO] strategy.window_tracker: new window: btc-updown-5m-1775803800 (ts=1775803800)[0m
[96m2026-04-10 06:50:00.147 [INFO] strategy.window_handler: REGIME vol_stddev=0.095% chop_flips=2.2 outcome=2U/4D over 6w sprt=dormant llr=0.00 age=2w bankroll=$866.06[0m
[96m2026-04-10 06:50:00.147 [INFO] strategy.window_handler: KELLY wr_adj=88.7% base=96.2% total_disc=4.6% vol=0.0% chop=0.0% outcome=38.1% feedback=+0.0%[0m
[96m2026-04-10 06:50:00.150 [INFO] __main__: window open price captured: 71888.58 (tier 0 — oracle boundary, oracle_age=2000ms)[0m
[96m2026-04-10 06:50:00.151 [INFO] __main__: window open price captured: 71875.32 (binance)[0m
2026-04-10 06:50:00.155 [INFO] strategy.momentum_signal: momentum_signal: waiting for full market data
2026-04-10 06:50:00.478 [INFO] market_data.clob_market_ws: CLOB market subscribed for tokens up=145325587008 down=680217270159
[2m2026-04-10 06:50:06.693 [INFO] __main__: STATUS t=293s delta=-0.0432% dir=down agree=True chain=71857.50 bin=71845.72 open=71888.58 obi=-0.3836 ask_up=0.37 ask_dn=0.64 bid_up=0.36 bid_dn=0.63 halted=False[0m
[2m2026-04-10 06:50:36.818 [INFO] __main__: STATUS t=263s delta=-0.0701% dir=down agree=True chain=71838.16 bin=71837.62 open=71888.58 obi=-0.3623 ask_up=0.35 ask_dn=0.66 bid_up=0.34 bid_dn=0.65 halted=False[0m
[2m2026-04-10 06:51:06.952 [INFO] __main__: STATUS t=233s delta=-0.0432% dir=down agree=True chain=71857.54 bin=71846.01 open=71888.58 obi=0.8914 ask_up=0.51 ask_dn=0.50 bid_up=0.50 bid_dn=0.49 halted=False[0m
[2m2026-04-10 06:51:37.072 [INFO] __main__: STATUS t=203s delta=-0.0694% dir=down agree=True chain=71838.68 bin=71830.44 open=71888.58 obi=-0.0610 ask_up=0.40 ask_dn=0.61 bid_up=0.39 bid_dn=0.60 halted=False[0m
[2m2026-04-10 06:52:07.215 [INFO] __main__: STATUS t=173s delta=-0.0339% dir=down agree=True chain=71864.19 bin=71859.15 open=71888.58 obi=-0.9228 ask_up=0.99 ask_dn=0.99 bid_up=0.01 bid_dn=0.01 halted=False[0m
2026-04-10 06:52:30.060 [INFO] strategy.momentum_signal: signal_eval rank=1 side=up latest_pct=-0.0450 stddev=0.0138 n=438 min_delta=0.07 max_var=0.050
[37m2026-04-10 06:52:30.061 [INFO] strategy.momentum_signal: [SKIP] rank=1 side=up reason=conditions_not_met latest_pct=-0.0450 need=>=0.07 stddev=0.0138 max_var=0.050[0m
[2m2026-04-10 06:52:37.338 [INFO] __main__: STATUS t=143s delta=-0.0347% dir=down agree=True chain=71863.62 bin=71856.26 open=71888.58 obi=0.1691 ask_up=0.47 ask_dn=0.54 bid_up=0.46 bid_dn=0.53 halted=False[0m
[2m2026-04-10 06:53:07.510 [INFO] __main__: STATUS t=112s delta=-0.0420% dir=down agree=True chain=71858.40 bin=71849.87 open=71888.58 obi=-0.3223 ask_up=0.44 ask_dn=0.57 bid_up=0.43 bid_dn=0.56 halted=False[0m
2026-04-10 06:53:30.612 [INFO] shared.ipc: IPC: received authenticated signal_update (summary=signals_summary_1775804010.json)
2026-04-10 06:53:30.612 [INFO] __main__: received new signal from orchestrator: rank=1 side=Up
[2m2026-04-10 06:53:37.630 [INFO] __main__: STATUS t=82s delta=-0.0325% dir=down agree=True chain=71865.24 bin=71855.50 open=71888.58 obi=0.1015 ask_up=0.51 ask_dn=0.50 bid_up=0.50 bid_dn=0.49 halted=False[0m
[2m2026-04-10 06:54:07.781 [INFO] __main__: STATUS t=52s delta=-0.0472% dir=down agree=True chain=71854.67 bin=71844.44 open=71888.58 obi=0.0374 ask_up=0.51 ask_dn=0.50 bid_up=0.50 bid_dn=0.49 halted=False[0m
[2m2026-04-10 06:54:37.917 [INFO] __main__: STATUS t=22s delta=-0.0738% dir=down agree=True chain=71835.49 bin=71828.51 open=71888.58 obi=-0.4637 ask_up=0.25 ask_dn=0.76 bid_up=0.24 bid_dn=0.75 halted=False[0m
[37m2026-04-10 06:55:00.024 [INFO] execution.paper_trading: paper window_ts=1775803800 [SKIP] pnl=0.0000 direction=down outcome=down - balance=$1017.57 bid_up=0.16 ask_up=0.01 bid_dn=0.99 ask_dn=1.00[0m
[93m[1m2026-04-10 06:55:00.024 [INFO] risk.position_tracker: WINDOW_SUMMARY window_pnl=$0.0000 session_pnl=$15.8632 won=$17.9432 lost=$2.0800 wr=75.0% (3/4) consec_losses=0[0m
[37m2026-04-10 06:55:00.030 [INFO] strategy.window_handler: WINDOW_DECISION [SKIP] rank=1 side=up pnl=$0.0000 entry=0.00 size=$0.00 (conditions not met)[0m
[95m2026-04-10 06:55:00.030 [INFO] strategy.window_handler: Signal refreshed (same pattern): up_260.0_150.0_0.07_0.05 — rank 1->1, keeping SPRT state (age=3w, trades=0, LLR=0.00)[0m
2026-04-10 06:55:00.031 [INFO] strategy.window_handler: SIGNAL_SWAP_ACTIVE: {"rank":1,"side":"up","observeFromS":260.0,"observeToS":150.0,"minDeltaPct":0.07,"maxVariancePct":0.05,"trainWinRatePct":93.94,"oosWinRatePct":96.88,"oosBhAdjustedPValue":3.30117e-09,"oosMatches":32,"avgEntryPrice":0.8853,"evPerTrade":0.0534,"smartScore":19.33,"wfFoldsAppeared":4,"wfTotalTestFolds":6,"wfFoldIndices":[4,5,6,7]}
2026-04-10 06:55:00.031 [INFO] strategy.window_handler: switched to new signal: #1 up (previous: #1 up)
[96m[1m2026-04-10 06:55:00.031 [INFO] strategy.window_tracker: new window: btc-updown-5m-1775804100 (ts=1775804100)[0m
[96m2026-04-10 06:55:00.103 [INFO] strategy.window_handler: REGIME vol_stddev=0.081% chop_flips=2.0 outcome=2U/4D over 6w sprt=dormant llr=0.00 age=3w bankroll=$866.06[0m
[96m2026-04-10 06:55:00.104 [INFO] strategy.window_handler: KELLY wr_adj=89.3% base=96.9% total_disc=4.6% vol=0.0% chop=0.0% outcome=38.1% feedback=+0.0%[0m
[96m2026-04-10 06:55:00.105 [INFO] __main__: window open price captured: 71834.65 (tier 0 — oracle boundary, oracle_age=2000ms)[0m
[96m2026-04-10 06:55:00.106 [INFO] __main__: window open price captured: 71827.63 (binance)[0m
2026-04-10 06:55:00.106 [INFO] strategy.momentum_signal: momentum_signal: waiting for full market data
2026-04-10 06:55:00.686 [INFO] market_data.clob_market_ws: CLOB market subscribed for tokens up=679583790930 down=851077954166
[2m2026-04-10 06:55:07.927 [INFO] __main__: STATUS t=292s delta=-0.0005% dir=down agree=True chain=71834.30 bin=71815.84 open=71834.65 obi=0.4393 ask_up=0.51 ask_dn=0.50 bid_up=0.50 bid_dn=0.49 halted=False[0m
[2m2026-04-10 06:55:38.052 [INFO] __main__: STATUS t=262s delta=0.0033% dir=up agree=False chain=71837.04 bin=71828.51 open=71834.65 obi=0.0667 ask_up=0.66 ask_dn=0.35 bid_up=0.65 bid_dn=0.34 halted=False[0m
[2m2026-04-10 06:56:08.218 [INFO] __main__: STATUS t=232s delta=-0.0114% dir=down agree=True chain=71826.48 bin=71818.02 open=71834.65 obi=-0.3058 ask_up=0.54 ask_dn=0.47 bid_up=0.53 bid_dn=0.46 halted=False[0m
[2m2026-04-10 06:56:38.336 [INFO] __main__: STATUS t=202s delta=-0.0212% dir=down agree=True chain=71819.45 bin=71811.11 open=71834.65 obi=-0.7985 ask_up=0.46 ask_dn=0.55 bid_up=0.45 bid_dn=0.54 halted=False[0m
[2m2026-04-10 06:57:08.542 [INFO] __main__: STATUS t=171s delta=-0.0429% dir=down agree=True chain=71803.80 bin=71796.58 open=71834.65 obi=-0.3246 ask_up=0.64 ask_dn=0.37 bid_up=0.63 bid_dn=0.36 halted=False[0m
2026-04-10 06:57:30.125 [INFO] strategy.momentum_signal: signal_eval rank=1 side=up latest_pct=-0.0554 stddev=0.0183 n=438 min_delta=0.07 max_var=0.050
[37m2026-04-10 06:57:30.125 [INFO] strategy.momentum_signal: [SKIP] rank=1 side=up reason=conditions_not_met latest_pct=-0.0554 need=>=0.07 stddev=0.0183 max_var=0.050[0m
[2m2026-04-10 06:57:38.657 [INFO] __main__: STATUS t=141s delta=-0.0316% dir=down agree=True chain=71811.93 bin=71799.77 open=71834.65 obi=-0.9194 ask_up=0.52 ask_dn=0.49 bid_up=0.51 bid_dn=0.48 halted=False[0m
[2m2026-04-10 06:58:08.791 [INFO] __main__: STATUS t=111s delta=-0.0441% dir=down agree=True chain=71802.98 bin=71798.00 open=71834.65 obi=0.2196 ask_up=0.60 ask_dn=0.41 bid_up=0.59 bid_dn=0.40 halted=False[0m
[2m2026-04-10 06:58:38.913 [INFO] __main__: STATUS t=81s delta=-0.0120% dir=down agree=True chain=71826.02 bin=71818.91 open=71834.65 obi=-0.1836 ask_up=0.62 ask_dn=0.39 bid_up=0.61 bid_dn=0.38 halted=False[0m
[2m2026-04-10 06:59:09.085 [INFO] __main__: STATUS t=51s delta=-0.0202% dir=down agree=True chain=71820.13 bin=71810.28 open=71834.65 obi=-0.1894 ask_up=0.45 ask_dn=0.56 bid_up=0.44 bid_dn=0.55 halted=False[0m
[2m2026-04-10 06:59:39.215 [INFO] __main__: STATUS t=21s delta=-0.0245% dir=down agree=True chain=71817.08 bin=71811.82 open=71834.65 obi=-0.8557 ask_up=0.59 ask_dn=0.42 bid_up=0.58 bid_dn=0.41 halted=False[0m
[37m2026-04-10 07:00:00.052 [INFO] execution.paper_trading: paper window_ts=1775804100 [SKIP] pnl=0.0000 direction=down outcome=down - balance=$1017.57 bid_up=0.01 ask_up=0.01 bid_dn=0.99 ask_dn=1.00[0m
[93m[1m2026-04-10 07:00:00.052 [INFO] risk.position_tracker: WINDOW_SUMMARY window_pnl=$0.0000 session_pnl=$15.8632 won=$17.9432 lost=$2.0800 wr=75.0% (3/4) consec_losses=0[0m
[96m2026-04-10 07:00:00.053 [INFO] strategy.window_handler: REGIME chop_detected flips=3 delta_range=0.0541% avg_flips=2.2 over=6_windows[0m
[37m2026-04-10 07:00:00.060 [INFO] strategy.window_handler: WINDOW_DECISION [SKIP] rank=1 side=up pnl=$0.0000 entry=0.00 size=$0.00 (conditions not met)[0m
[96m[1m2026-04-10 07:00:00.060 [INFO] strategy.window_tracker: new window: btc-updown-5m-1775804400 (ts=1775804400)[0m
[96m2026-04-10 07:00:00.173 [INFO] strategy.window_handler: REGIME vol_stddev=0.081% chop_flips=2.2 outcome=2U/4D over 6w sprt=dormant llr=0.00 age=4w bankroll=$866.06[0m
[96m2026-04-10 07:00:00.173 [INFO] strategy.window_handler: KELLY wr_adj=89.3% base=96.9% total_disc=4.6% vol=0.0% chop=0.0% outcome=38.1% feedback=+0.0%[0m
[96m2026-04-10 07:00:00.175 [INFO] __main__: window open price captured: 71813.29 (tier 0 — oracle boundary, oracle_age=1000ms)[0m
[96m2026-04-10 07:00:00.177 [INFO] __main__: window open price captured: 71805.39 (binance)[0m
2026-04-10 07:00:00.179 [INFO] strategy.momentum_signal: momentum_signal: waiting for full market data
2026-04-10 07:00:00.916 [INFO] market_data.clob_market_ws: CLOB market subscribed for tokens up=223659871916 down=404295444561
[2m2026-04-10 07:00:09.270 [INFO] __main__: STATUS t=291s delta=-0.0242% dir=down agree=True chain=71795.89 bin=71787.08 open=71813.29 obi=-0.8743 ask_up=0.42 ask_dn=0.59 bid_up=0.41 bid_dn=0.58 halted=False[0m
[2m2026-04-10 07:00:39.394 [INFO] __main__: STATUS t=261s delta=0.0220% dir=up agree=True chain=71829.10 bin=71831.27 open=71813.29 obi=0.9169 ask_up=0.59 ask_dn=0.42 bid_up=0.58 bid_dn=0.41 halted=False[0m
[2m2026-04-10 07:01:09.563 [INFO] __main__: STATUS t=230s delta=0.0337% dir=up agree=True chain=71837.53 bin=71831.02 open=71813.29 obi=0.9143 ask_up=0.63 ask_dn=0.38 bid_up=0.62 bid_dn=0.37 halted=False[0m
[2m2026-04-10 07:01:39.680 [INFO] __main__: STATUS t=200s delta=0.0232% dir=up agree=True chain=71829.96 bin=71829.18 open=71813.29 obi=-0.3074 ask_up=0.63 ask_dn=0.38 bid_up=0.62 bid_dn=0.37 halted=False[0m
[2m2026-04-10 07:02:09.844 [INFO] __main__: STATUS t=170s delta=0.0263% dir=up agree=True chain=71832.18 bin=71826.64 open=71813.29 obi=-0.4809 ask_up=0.58 ask_dn=0.43 bid_up=0.57 bid_dn=0.42 halted=False[0m
2026-04-10 07:02:30.177 [INFO] strategy.momentum_signal: signal_eval rank=1 side=up latest_pct=-0.0091 stddev=0.0115 n=438 min_delta=0.07 max_var=0.050
[37m2026-04-10 07:02:30.177 [INFO] strategy.momentum_signal: [SKIP] rank=1 side=up reason=conditions_not_met latest_pct=-0.0091 need=>=0.07 stddev=0.0115 max_var=0.050[0m
[2m2026-04-10 07:02:39.965 [INFO] __main__: STATUS t=140s delta=0.0156% dir=up agree=True chain=71824.50 bin=71817.13 open=71813.29 obi=-0.0648 ask_up=0.53 ask_dn=0.48 bid_up=0.52 bid_dn=0.47 halted=False[0m
2026-04-10 07:02:59.357 [INFO] utils.reconnect: rtds connected to wss://ws-live-data.polymarket.com
2026-04-10 07:02:59.357 [INFO] market_data.rtds_ws: RTDS subscribed to chainlink
[2m2026-04-10 07:03:10.115 [INFO] __main__: STATUS t=110s delta=-0.0133% dir=down agree=True chain=71803.74 bin=71796.01 open=71813.29 obi=0.5390 ask_up=0.44 ask_dn=0.57 bid_up=0.43 bid_dn=0.56 halted=False[0m
[2m2026-04-10 07:03:40.239 [INFO] __main__: STATUS t=80s delta=0.0254% dir=up agree=True chain=71831.55 bin=71825.69 open=71813.29 obi=-0.4511 ask_up=0.62 ask_dn=0.39 bid_up=0.61 bid_dn=0.38 halted=False[0m
[2m2026-04-10 07:04:10.376 [INFO] __main__: STATUS t=50s delta=0.0438% dir=up agree=True chain=71844.77 bin=71837.59 open=71813.29 obi=-0.5428 ask_up=0.63 ask_dn=0.38 bid_up=0.62 bid_dn=0.37 halted=False[0m
[2m2026-04-10 07:04:40.503 [INFO] __main__: STATUS t=19s delta=-0.0073% dir=down agree=True chain=71808.06 bin=71801.07 open=71813.29 obi=-0.7895 ask_up=0.24 ask_dn=0.77 bid_up=0.23 bid_dn=0.76 halted=False[0m
[37m2026-04-10 07:05:00.088 [INFO] execution.paper_trading: paper window_ts=1775804400 [SKIP] pnl=0.0000 direction=down outcome=down - balance=$1017.57 bid_up=0.01 ask_up=0.01 bid_dn=0.99 ask_dn=1.00[0m
[93m[1m2026-04-10 07:05:00.088 [INFO] risk.position_tracker: WINDOW_SUMMARY window_pnl=$0.0000 session_pnl=$15.8632 won=$17.9432 lost=$2.0800 wr=75.0% (3/4) consec_losses=0[0m
[96m2026-04-10 07:05:00.091 [INFO] strategy.window_handler: REGIME chop_detected flips=4 delta_range=0.0872% avg_flips=2.2 over=6_windows[0m
[37m2026-04-10 07:05:00.095 [INFO] strategy.window_handler: WINDOW_DECISION [SKIP] rank=1 side=up pnl=$0.0000 entry=0.00 size=$0.00 (conditions not met)[0m
[96m[1m2026-04-10 07:05:00.095 [INFO] strategy.window_tracker: new window: btc-updown-5m-1775804700 (ts=1775804700)[0m
2026-04-10 07:05:00.142 [INFO] market_data.clob_market_ws: CLOB market subscribed for tokens up=716787310619 down=279806717760
[96m2026-04-10 07:05:00.155 [INFO] strategy.window_handler: REGIME vol_stddev=0.081% chop_flips=2.2 outcome=1U/5D over 6w sprt=dormant llr=0.00 age=5w bankroll=$866.06[0m
[96m2026-04-10 07:05:00.155 [INFO] strategy.window_handler: KELLY wr_adj=84.7% base=96.9% total_disc=9.1% vol=0.0% chop=0.0% outcome=76.2% feedback=+0.0%[0m
[96m2026-04-10 07:05:00.155 [INFO] __main__: window open price captured: 71783.49 (tier 0 — oracle boundary, oracle_age=1000ms)[0m
[96m2026-04-10 07:05:00.155 [INFO] __main__: window open price captured: 71775.47 (binance)[0m
2026-04-10 07:05:00.156 [INFO] strategy.momentum_signal: momentum_signal: waiting for full market data
[2m2026-04-10 07:05:10.555 [INFO] __main__: STATUS t=289s delta=0.0021% dir=up agree=False chain=71785.01 bin=71777.95 open=71783.49 obi=0.4166 ask_up=0.55 ask_dn=0.46 bid_up=0.54 bid_dn=0.45 halted=False[0m
[2m2026-04-10 07:05:40.700 [INFO] __main__: STATUS t=259s delta=-0.0148% dir=down agree=True chain=71772.90 bin=71764.11 open=71783.49 obi=-0.3246 ask_up=0.45 ask_dn=0.56 bid_up=0.44 bid_dn=0.55 halted=False[0m
[2m2026-04-10 07:06:10.876 [INFO] __main__: STATUS t=229s delta=-0.0083% dir=down agree=True chain=71777.51 bin=71774.05 open=71783.49 obi=-0.8242 ask_up=0.53 ask_dn=0.48 bid_up=0.52 bid_dn=0.47 halted=False[0m
[2m2026-04-10 07:06:40.996 [INFO] __main__: STATUS t=199s delta=-0.0130% dir=down agree=True chain=71774.17 bin=71762.01 open=71783.49 obi=-0.8752 ask_up=0.49 ask_dn=0.52 bid_up=0.48 bid_dn=0.51 halted=False[0m
[2m2026-04-10 07:07:11.153 [INFO] __main__: STATUS t=169s delta=-0.0219% dir=down agree=True chain=71767.79 bin=71762.42 open=71783.49 obi=-0.4472 ask_up=0.49 ask_dn=0.52 bid_up=0.48 bid_dn=0.51 halted=False[0m
2026-04-10 07:07:30.232 [INFO] strategy.momentum_signal: signal_eval rank=1 side=up latest_pct=-0.0466 stddev=0.0092 n=438 min_delta=0.07 max_var=0.050
[37m2026-04-10 07:07:30.232 [INFO] strategy.momentum_signal: [SKIP] rank=1 side=up reason=conditions_not_met latest_pct=-0.0466 need=>=0.07 stddev=0.0092 max_var=0.050[0m
[2m2026-04-10 07:07:41.284 [INFO] __main__: STATUS t=139s delta=-0.0386% dir=down agree=True chain=71755.75 bin=71750.00 open=71783.49 obi=0.2343 ask_up=0.38 ask_dn=0.63 bid_up=0.37 bid_dn=0.62 halted=False[0m
[2m2026-04-10 07:08:11.468 [INFO] __main__: STATUS t=109s delta=-0.0345% dir=down agree=True chain=71758.75 bin=71755.35 open=71783.49 obi=-0.6084 ask_up=0.35 ask_dn=0.66 bid_up=0.34 bid_dn=0.65 halted=False[0m
[2m2026-04-10 07:08:41.593 [INFO] __main__: STATUS t=78s delta=-0.0338% dir=down agree=True chain=71759.23 bin=71754.09 open=71783.49 obi=-0.6679 ask_up=0.29 ask_dn=0.72 bid_up=0.28 bid_dn=0.71 halted=False[0m
[2m2026-04-10 07:09:11.740 [INFO] __main__: STATUS t=48s delta=-0.0194% dir=down agree=True chain=71769.54 bin=71763.57 open=71783.49 obi=-0.3378 ask_up=0.23 ask_dn=0.78 bid_up=0.22 bid_dn=0.77 halted=False[0m
[2m2026-04-10 07:09:41.868 [INFO] __main__: STATUS t=18s delta=-0.0270% dir=down agree=True chain=71764.12 bin=71750.83 open=71783.49 obi=-0.7920 ask_up=0.16 ask_dn=0.88 bid_up=0.12 bid_dn=0.84 halted=False[0m
[37m2026-04-10 07:10:00.198 [INFO] execution.paper_trading: paper window_ts=1775804700 [SKIP] pnl=0.0000 direction=down outcome=down - balance=$1017.57 bid_up=0.01 ask_up=0.01 bid_dn=0.99 ask_dn=1.00[0m
[93m[1m2026-04-10 07:10:00.198 [INFO] risk.position_tracker: WINDOW_SUMMARY window_pnl=$0.0000 session_pnl=$15.8632 won=$17.9432 lost=$2.0800 wr=75.0% (3/4) consec_losses=0[0m
[96m2026-04-10 07:10:00.200 [INFO] strategy.window_handler: REGIME chop_detected flips=3 delta_range=0.0886% avg_flips=2.3 over=6_windows[0m
[37m2026-04-10 07:10:00.205 [INFO] strategy.window_handler: WINDOW_DECISION [SKIP] rank=1 side=up pnl=$0.0000 entry=0.00 size=$0.00 (conditions not met)[0m
[96m[1m2026-04-10 07:10:00.205 [INFO] strategy.window_tracker: new window: btc-updown-5m-1775805000 (ts=1775805000)[0m
[96m2026-04-10 07:10:00.296 [INFO] strategy.window_handler: REGIME vol_stddev=0.081% chop_flips=2.3 outcome=0U/6D over 6w sprt=dormant llr=0.00 age=6w bankroll=$866.06[0m
[96m2026-04-10 07:10:00.296 [INFO] strategy.window_handler: KELLY wr_adj=84.3% base=96.9% total_disc=9.6% vol=0.0% chop=0.0% outcome=80.0% feedback=+0.0%[0m
[96m2026-04-10 07:10:00.296 [INFO] __main__: window open price captured: 71747.38 (tier 0 — oracle boundary, oracle_age=2000ms)[0m
[96m2026-04-10 07:10:00.299 [INFO] __main__: window open price captured: 71740.09 (binance)[0m
2026-04-10 07:10:00.300 [INFO] strategy.momentum_signal: momentum_signal: waiting for full market data
2026-04-10 07:10:00.380 [INFO] market_data.clob_market_ws: CLOB market subscribed for tokens up=488232046385 down=355276756760
[2m2026-04-10 07:10:11.909 [INFO] __main__: STATUS t=288s delta=0.0089% dir=up agree=False chain=71753.78 bin=71745.89 open=71747.38 obi=-0.8181 ask_up=0.59 ask_dn=0.42 bid_up=0.58 bid_dn=0.41 halted=False[0m
[2m2026-04-10 07:10:42.036 [INFO] __main__: STATUS t=258s delta=0.0316% dir=up agree=True chain=71770.06 bin=71758.01 open=71747.38 obi=-0.9261 ask_up=0.62 ask_dn=0.39 bid_up=0.61 bid_dn=0.38 halted=False[0m
[2m2026-04-10 07:11:12.176 [INFO] __main__: STATUS t=228s delta=0.0334% dir=up agree=False chain=71771.33 bin=71745.90 open=71747.38 obi=-0.9974 ask_up=0.58 ask_dn=0.43 bid_up=0.57 bid_dn=0.42 halted=False[0m
[2m2026-04-10 07:11:42.305 [INFO] __main__: STATUS t=198s delta=0.0184% dir=up agree=True chain=71760.58 bin=71753.48 open=71747.38 obi=-0.1779 ask_up=0.68 ask_dn=0.33 bid_up=0.67 bid_dn=0.32 halted=False[0m
[2m2026-04-10 07:12:12.488 [INFO] __main__: STATUS t=168s delta=-0.0020% dir=down agree=True chain=71745.92 bin=71738.28 open=71747.38 obi=-0.8071 ask_up=0.56 ask_dn=0.45 bid_up=0.55 bid_dn=0.44 halted=False[0m
2026-04-10 07:12:30.057 [INFO] strategy.momentum_signal: signal_eval rank=1 side=up latest_pct=-0.0130 stddev=0.0154 n=438 min_delta=0.07 max_var=0.050
[37m2026-04-10 07:12:30.057 [INFO] strategy.momentum_signal: [SKIP] rank=1 side=up reason=conditions_not_met latest_pct=-0.0130 need=>=0.07 stddev=0.0154 max_var=0.050[0m
[2m2026-04-10 07:12:42.604 [INFO] __main__: STATUS t=137s delta=-0.0158% dir=down agree=True chain=71736.08 bin=71729.25 open=71747.38 obi=-0.7541 ask_up=0.51 ask_dn=0.50 bid_up=0.50 bid_dn=0.49 halted=False[0m
[2m2026-04-10 07:13:12.739 [INFO] __main__: STATUS t=107s delta=-0.0214% dir=down agree=True chain=71731.99 bin=71725.66 open=71747.38 obi=-0.6818 ask_up=0.57 ask_dn=0.44 bid_up=0.56 bid_dn=0.43 halted=False[0m
[2m2026-04-10 07:13:42.871 [INFO] __main__: STATUS t=77s delta=-0.0295% dir=down agree=True chain=71726.20 bin=71719.98 open=71747.38 obi=-0.5223 ask_up=0.39 ask_dn=0.62 bid_up=0.38 bid_dn=0.61 halted=False[0m
[2m2026-04-10 07:14:13.012 [INFO] __main__: STATUS t=47s delta=-0.0152% dir=down agree=True chain=71736.45 bin=71731.89 open=71747.38 obi=0.7463 ask_up=0.59 ask_dn=0.42 bid_up=0.58 bid_dn=0.41 halted=False[0m
[2m2026-04-10 07:14:43.141 [INFO] __main__: STATUS t=17s delta=-0.0353% dir=down agree=True chain=71722.03 bin=71716.23 open=71747.38 obi=0.0192 ask_up=0.45 ask_dn=0.56 bid_up=0.44 bid_dn=0.55 halted=False[0m
[37m2026-04-10 07:15:00.216 [INFO] execution.paper_trading: paper window_ts=1775805000 [SKIP] pnl=0.0000 direction=down outcome=down - balance=$1017.57 bid_up=0.01 ask_up=0.01 bid_dn=0.99 ask_dn=1.00[0m
[93m[1m2026-04-10 07:15:00.216 [INFO] risk.position_tracker: WINDOW_SUMMARY window_pnl=$0.0000 session_pnl=$15.8632 won=$17.9432 lost=$2.0800 wr=75.0% (3/4) consec_losses=0[0m
[96m2026-04-10 07:15:00.219 [INFO] strategy.window_handler: REGIME chop_detected flips=4 delta_range=0.0854% avg_flips=2.8 over=6_windows[0m
[37m2026-04-10 07:15:00.224 [INFO] strategy.window_handler: WINDOW_DECISION [SKIP] rank=1 side=up pnl=$0.0000 entry=0.00 size=$0.00 (conditions not met)[0m
[96m[1m2026-04-10 07:15:00.224 [INFO] strategy.window_tracker: new window: btc-updown-5m-1775805300 (ts=1775805300)[0m
[96m2026-04-10 07:15:00.283 [INFO] strategy.window_handler: REGIME vol_stddev=0.081% chop_flips=2.8 outcome=0U/6D over 6w sprt=dormant llr=0.00 age=7w bankroll=$866.06[0m
[96m2026-04-10 07:15:00.284 [INFO] strategy.window_handler: KELLY wr_adj=84.3% base=96.9% total_disc=9.6% vol=0.0% chop=0.0% outcome=80.0% feedback=+0.0%[0m
[96m2026-04-10 07:15:00.284 [INFO] __main__: window open price captured: 71724.29 (tier 0 — oracle boundary, oracle_age=2000ms)[0m
[96m2026-04-10 07:15:00.284 [INFO] __main__: window open price captured: 71716.23 (binance)[0m
2026-04-10 07:15:00.285 [INFO] strategy.momentum_signal: momentum_signal: waiting for full market data
2026-04-10 07:15:00.615 [INFO] market_data.clob_market_ws: CLOB market subscribed for tokens up=130260871114 down=862340680386
[2m2026-04-10 07:15:13.149 [INFO] __main__: STATUS t=287s delta=-0.0008% dir=down agree=True chain=71723.68 bin=71716.26 open=71724.29 obi=-0.6939 ask_up=0.53 ask_dn=0.48 bid_up=0.52 bid_dn=0.47 halted=False[0m
[2m2026-04-10 07:15:43.277 [INFO] __main__: STATUS t=257s delta=-0.0004% dir=down agree=True chain=71724.01 bin=71716.27 open=71724.29 obi=0.1795 ask_up=0.57 ask_dn=0.44 bid_up=0.56 bid_dn=0.43 halted=False[0m
[2m2026-04-10 07:16:13.419 [INFO] __main__: STATUS t=227s delta=0.0296% dir=up agree=True chain=71745.54 bin=71737.72 open=71724.29 obi=0.5568 ask_up=0.76 ask_dn=0.25 bid_up=0.75 bid_dn=0.24 halted=False[0m
[2m2026-04-10 07:16:43.535 [INFO] __main__: STATUS t=196s delta=0.0450% dir=up agree=True chain=71756.56 bin=71747.98 open=71724.29 obi=0.5213 ask_up=0.57 ask_dn=0.44 bid_up=0.56 bid_dn=0.43 halted=False[0m
[2m2026-04-10 07:17:13.701 [INFO] __main__: STATUS t=166s delta=0.0507% dir=up agree=True chain=71760.62 bin=71753.81 open=71724.29 obi=-0.8705 ask_up=0.69 ask_dn=0.32 bid_up=0.68 bid_dn=0.31 halted=False[0m
2026-04-10 07:17:30.024 [INFO] strategy.momentum_signal: signal_eval rank=1 side=up latest_pct=0.0265 stddev=0.0201 n=438 min_delta=0.07 max_var=0.050
[37m2026-04-10 07:17:30.024 [INFO] strategy.momentum_signal: [SKIP] rank=1 side=up reason=conditions_not_met latest_pct=0.0265 need=>=0.07 stddev=0.0201 max_var=0.050[0m
[2m2026-04-10 07:17:43.835 [INFO] __main__: STATUS t=136s delta=0.0405% dir=up agree=True chain=71753.33 bin=71745.81 open=71724.29 obi=0.4183 ask_up=0.70 ask_dn=0.31 bid_up=0.69 bid_dn=0.30 halted=False[0m
[2m2026-04-10 07:18:14.030 [INFO] __main__: STATUS t=106s delta=0.0574% dir=up agree=True chain=71765.44 bin=71763.43 open=71724.29 obi=0.8096 ask_up=0.78 ask_dn=0.23 bid_up=0.77 bid_dn=0.22 halted=False[0m
[2m2026-04-10 07:18:44.153 [INFO] __main__: STATUS t=76s delta=0.0411% dir=up agree=True chain=71753.77 bin=71744.12 open=71724.29 obi=0.7759 ask_up=0.82 ask_dn=0.19 bid_up=0.81 bid_dn=0.18 halted=False[0m
[2m2026-04-10 07:19:14.333 [INFO] __main__: STATUS t=46s delta=0.0389% dir=up agree=True chain=71752.15 bin=71744.12 open=71724.29 obi=-0.1653 ask_up=0.80 ask_dn=0.21 bid_up=0.79 bid_dn=0.20 halted=False[0m
[2m2026-04-10 07:19:44.452 [INFO] __main__: STATUS t=16s delta=0.0416% dir=up agree=True chain=71754.12 bin=71744.00 open=71724.29 obi=0.9932 ask_up=0.99 ask_dn=0.02 bid_up=0.98 bid_dn=0.01 halted=False[0m
[37m2026-04-10 07:20:00.021 [INFO] execution.paper_trading: paper window_ts=1775805300 [SKIP] pnl=0.0000 direction=up outcome=up - balance=$1017.57 bid_up=0.99 ask_up=1.00 bid_dn=0.01 ask_dn=0.01[0m
[93m[1m2026-04-10 07:20:00.021 [INFO] risk.position_tracker: WINDOW_SUMMARY window_pnl=$0.0000 session_pnl=$15.8632 won=$17.9432 lost=$2.0800 wr=75.0% (3/4) consec_losses=0[0m
[96m2026-04-10 07:20:00.023 [INFO] strategy.window_handler: REGIME chop_detected flips=8 delta_range=0.0835% avg_flips=3.7 over=6_windows[0m
[37m2026-04-10 07:20:00.027 [INFO] strategy.window_handler: WINDOW_DECISION [SKIP] rank=1 side=up pnl=$0.0000 entry=0.00 size=$0.00 (conditions not met)[0m
[96m[1m2026-04-10 07:20:00.027 [INFO] strategy.window_tracker: new window: btc-updown-5m-1775805600 (ts=1775805600)[0m
[96m2026-04-10 07:20:00.148 [INFO] strategy.window_handler: REGIME vol_stddev=0.082% chop_flips=3.7 outcome=1U/5D over 6w sprt=dormant llr=0.00 age=8w bankroll=$866.06[0m
[96m2026-04-10 07:20:00.148 [INFO] strategy.window_handler: KELLY wr_adj=84.7% base=96.9% total_disc=9.1% vol=0.0% chop=9.5% outcome=76.2% feedback=+0.0%[0m
[96m2026-04-10 07:20:00.148 [INFO] __main__: window open price captured: 71761.37 (tier 0 — oracle boundary, oracle_age=2000ms)[0m
[96m2026-04-10 07:20:00.149 [INFO] __main__: window open price captured: 71753.52 (binance)[0m
2026-04-10 07:20:00.150 [INFO] strategy.momentum_signal: momentum_signal: waiting for full market data
2026-04-10 07:20:00.824 [INFO] market_data.clob_market_ws: CLOB market subscribed for tokens up=102618886954 down=810812416705
[2m2026-04-10 07:20:14.538 [INFO] __main__: STATUS t=285s delta=0.0090% dir=up agree=False chain=71767.83 bin=71759.99 open=71761.37 obi=0.3507 ask_up=0.99 ask_dn=0.99 bid_up=0.01 bid_dn=0.01 halted=False[0m
[2m2026-04-10 07:20:44.665 [INFO] __main__: STATUS t=255s delta=0.0123% dir=up agree=False chain=71770.19 bin=71759.99 open=71761.37 obi=0.5464 ask_up=0.63 ask_dn=0.38 bid_up=0.62 bid_dn=0.37 halted=False[0m
[2m2026-04-10 07:21:14.811 [INFO] __main__: STATUS t=225s delta=0.0081% dir=up agree=False chain=71767.18 bin=71759.99 open=71761.37 obi=-0.3593 ask_up=0.60 ask_dn=0.41 bid_up=0.59 bid_dn=0.40 halted=False[0m
[2m2026-04-10 07:21:44.929 [INFO] __main__: STATUS t=195s delta=0.0034% dir=up agree=False chain=71763.78 bin=71759.99 open=71761.37 obi=-0.5386 ask_up=0.54 ask_dn=0.47 bid_up=0.53 bid_dn=0.46 halted=False[0m
[2m2026-04-10 07:22:15.055 [INFO] __main__: STATUS t=165s delta=-0.0076% dir=down agree=True chain=71755.90 bin=71746.55 open=71761.37 obi=-0.0127 ask_up=0.48 ask_dn=0.53 bid_up=0.47 bid_dn=0.52 halted=False[0m
2026-04-10 07:22:30.119 [INFO] strategy.momentum_signal: signal_eval rank=1 side=up latest_pct=-0.0207 stddev=0.0091 n=438 min_delta=0.07 max_var=0.050
[37m2026-04-10 07:22:30.119 [INFO] strategy.momentum_signal: [SKIP] rank=1 side=up reason=conditions_not_met latest_pct=-0.0207 need=>=0.07 stddev=0.0091 max_var=0.050[0m
[2m2026-04-10 07:22:45.180 [INFO] __main__: STATUS t=135s delta=-0.0042% dir=down agree=True chain=71758.38 bin=71746.55 open=71761.37 obi=0.7037 ask_up=0.59 ask_dn=0.42 bid_up=0.58 bid_dn=0.41 halted=False[0m
[2m2026-04-10 07:23:15.304 [INFO] __main__: STATUS t=105s delta=-0.0511% dir=down agree=True chain=71724.72 bin=71710.00 open=71761.37 obi=-0.8194 ask_up=0.13 ask_dn=0.89 bid_up=0.11 bid_dn=0.87 halted=False[0m
[2m2026-04-10 07:23:45.434 [INFO] __main__: STATUS t=75s delta=-0.0512% dir=down agree=True chain=71724.61 bin=71722.58 open=71761.37 obi=0.3327 ask_up=0.30 ask_dn=0.71 bid_up=0.29 bid_dn=0.70 halted=False[0m
[2m2026-04-10 07:24:15.589 [INFO] __main__: STATUS t=44s delta=-0.0284% dir=down agree=True chain=71741.01 bin=71732.13 open=71761.37 obi=0.2591 ask_up=0.28 ask_dn=0.73 bid_up=0.27 bid_dn=0.72 halted=False[0m
[2m2026-04-10 07:24:45.711 [INFO] __main__: STATUS t=14s delta=0.0002% dir=up agree=False chain=71761.49 bin=71755.96 open=71761.37 obi=0.3384 ask_up=0.61 ask_dn=0.40 bid_up=0.60 bid_dn=0.39 halted=False[0m
[37m2026-04-10 07:25:00.023 [INFO] execution.paper_trading: paper window_ts=1775805600 [SKIP] pnl=0.0000 direction=down outcome=down - balance=$1017.57 bid_up=0.02 ask_up=0.03 bid_dn=0.97 ask_dn=0.98[0m
[93m[1m2026-04-10 07:25:00.024 [INFO] risk.position_tracker: WINDOW_SUMMARY window_pnl=$0.0000 session_pnl=$15.8632 won=$17.9432 lost=$2.0800 wr=75.0% (3/4) consec_losses=0[0m
[96m2026-04-10 07:25:00.025 [INFO] strategy.window_handler: REGIME chop_detected flips=5 delta_range=0.0848% avg_flips=4.5 over=6_windows[0m
[37m2026-04-10 07:25:00.031 [INFO] strategy.window_handler: WINDOW_DECISION [SKIP] rank=1 side=up pnl=$0.0000 entry=0.00 size=$0.00 (conditions not met)[0m
[96m[1m2026-04-10 07:25:00.031 [INFO] strategy.window_tracker: new window: btc-updown-5m-1775805900 (ts=1775805900)[0m
[96m2026-04-10 07:25:00.096 [INFO] strategy.window_handler: REGIME vol_stddev=0.060% chop_flips=4.5 outcome=1U/5D over 6w sprt=dormant llr=0.00 age=9w bankroll=$866.06[0m
[96m2026-04-10 07:25:00.096 [INFO] strategy.window_handler: KELLY wr_adj=84.7% base=96.9% total_disc=9.1% vol=0.0% chop=21.4% outcome=76.2% feedback=+0.0%[0m
[96m2026-04-10 07:25:00.097 [INFO] __main__: window open price captured: 71744.00 (tier 0 — oracle boundary, oracle_age=2000ms)[0m
[96m2026-04-10 07:25:00.098 [INFO] __main__: window open price captured: 71729.30 (binance)[0m
2026-04-10 07:25:00.099 [INFO] strategy.momentum_signal: momentum_signal: waiting for full market data
2026-04-10 07:25:01.033 [INFO] market_data.clob_market_ws: CLOB market subscribed for tokens up=533225550331 down=110652026882
[2m2026-04-10 07:25:15.955 [INFO] __main__: STATUS t=284s delta=-0.0130% dir=down agree=True chain=71734.65 bin=71732.00 open=71744.00 obi=0.0314 ask_up=0.61 ask_dn=0.40 bid_up=0.60 bid_dn=0.39 halted=False[0m
[2m2026-04-10 07:25:46.087 [INFO] __main__: STATUS t=254s delta=-0.0125% dir=down agree=True chain=71735.06 bin=71739.94 open=71744.00 obi=0.7777 ask_up=0.54 ask_dn=0.47 bid_up=0.53 bid_dn=0.46 halted=False[0m
[2m2026-04-10 07:26:16.232 [INFO] __main__: STATUS t=224s delta=-0.0335% dir=down agree=True chain=71720.00 bin=71710.20 open=71744.00 obi=-0.0648 ask_up=0.36 ask_dn=0.65 bid_up=0.35 bid_dn=0.64 halted=False[0m
[2m2026-04-10 07:26:46.363 [INFO] __main__: STATUS t=194s delta=-0.0269% dir=down agree=True chain=71724.74 bin=71714.69 open=71744.00 obi=0.4506 ask_up=0.51 ask_dn=0.50 bid_up=0.50 bid_dn=0.49 halted=False[0m
[2m2026-04-10 07:27:16.493 [INFO] __main__: STATUS t=164s delta=-0.0095% dir=down agree=True chain=71737.21 bin=71727.99 open=71744.00 obi=0.7871 ask_up=0.57 ask_dn=0.44 bid_up=0.56 bid_dn=0.43 halted=False[0m
2026-04-10 07:27:30.050 [INFO] strategy.momentum_signal: signal_eval rank=1 side=up latest_pct=-0.0279 stddev=0.0137 n=438 min_delta=0.07 max_var=0.050
[37m2026-04-10 07:27:30.050 [INFO] strategy.momentum_signal: [SKIP] rank=1 side=up reason=conditions_not_met latest_pct=-0.0279 need=>=0.07 stddev=0.0137 max_var=0.050[0m
[2m2026-04-10 07:27:46.615 [INFO] __main__: STATUS t=133s delta=-0.0372% dir=down agree=True chain=71717.30 bin=71710.81 open=71744.00 obi=-0.6829 ask_up=0.35 ask_dn=0.66 bid_up=0.34 bid_dn=0.65 halted=False[0m
[2m2026-04-10 07:28:16.767 [INFO] __main__: STATUS t=103s delta=-0.0375% dir=down agree=True chain=71717.13 bin=71707.09 open=71744.00 obi=0.7300 ask_up=0.43 ask_dn=0.58 bid_up=0.42 bid_dn=0.57 halted=False[0m
[2m2026-04-10 07:28:46.886 [INFO] __main__: STATUS t=73s delta=-0.0325% dir=down agree=True chain=71720.68 bin=71713.88 open=71744.00 obi=0.2726 ask_up=0.44 ask_dn=0.57 bid_up=0.43 bid_dn=0.56 halted=False[0m
[2m2026-04-10 07:29:17.027 [INFO] __main__: STATUS t=43s delta=-0.0164% dir=down agree=True chain=71732.23 bin=71720.97 open=71744.00 obi=0.7921 ask_up=0.57 ask_dn=0.44 bid_up=0.56 bid_dn=0.43 halted=False[0m
[2m2026-04-10 07:29:47.155 [INFO] __main__: STATUS t=13s delta=-0.0193% dir=down agree=True chain=71730.18 bin=71720.97 open=71744.00 obi=0.5214 ask_up=0.49 ask_dn=0.52 bid_up=0.48 bid_dn=0.51 halted=False[0m
[37m2026-04-10 07:30:00.220 [INFO] execution.paper_trading: paper window_ts=1775805900 [SKIP] pnl=0.0000 direction=down outcome=down - balance=$1017.57 bid_up=0.26 ask_up=0.27 bid_dn=0.73 ask_dn=0.74[0m
[93m[1m2026-04-10 07:30:00.221 [INFO] risk.position_tracker: WINDOW_SUMMARY window_pnl=$0.0000 session_pnl=$15.8632 won=$17.9432 lost=$2.0800 wr=75.0% (3/4) consec_losses=0[0m
[37m2026-04-10 07:30:00.245 [INFO] strategy.window_handler: WINDOW_DECISION [SKIP] rank=1 side=up pnl=$0.0000 entry=0.00 size=$0.00 (conditions not met)[0m
[96m[1m2026-04-10 07:30:00.246 [INFO] strategy.window_tracker: new window: btc-updown-5m-1775806200 (ts=1775806200)[0m
[96m2026-04-10 07:30:00.345 [INFO] strategy.window_handler: REGIME vol_stddev=0.060% chop_flips=4.3 outcome=1U/5D over 6w sprt=dormant llr=0.00 age=10w bankroll=$866.06[0m
[96m2026-04-10 07:30:00.345 [INFO] strategy.window_handler: KELLY wr_adj=84.7% base=96.9% total_disc=9.1% vol=0.0% chop=19.0% outcome=76.2% feedback=+0.0%[0m
[96m2026-04-10 07:30:00.346 [INFO] __main__: window open price captured: 71728.99 (tier 0 — oracle boundary, oracle_age=1000ms)[0m
[96m2026-04-10 07:30:00.346 [INFO] __main__: window open price captured: 71720.98 (binance)[0m
2026-04-10 07:30:00.348 [INFO] strategy.momentum_signal: momentum_signal: waiting for full market data
2026-04-10 07:30:01.282 [INFO] market_data.clob_market_ws: CLOB market subscribed for tokens up=114435313316 down=949395932708
[2m2026-04-10 07:30:17.182 [INFO] __main__: STATUS t=283s delta=0.0082% dir=up agree=False chain=71734.85 bin=71724.80 open=71728.99 obi=0.8258 ask_up=0.61 ask_dn=0.40 bid_up=0.60 bid_dn=0.39 halted=False[0m
[2m2026-04-10 07:30:47.308 [INFO] __main__: STATUS t=253s delta=-0.0095% dir=down agree=True chain=71722.19 bin=71715.79 open=71728.99 obi=-0.7811 ask_up=0.47 ask_dn=0.54 bid_up=0.46 bid_dn=0.53 halted=False[0m
[2m2026-04-10 07:31:17.440 [INFO] __main__: STATUS t=223s delta=-0.0351% dir=down agree=True chain=71703.83 bin=71691.24 open=71728.99 obi=0.9606 ask_up=0.43 ask_dn=0.58 bid_up=0.42 bid_dn=0.57 halted=False[0m
[2m2026-04-10 07:31:47.572 [INFO] __main__: STATUS t=192s delta=-0.0280% dir=down agree=True chain=71708.89 bin=71699.62 open=71728.99 obi=0.0573 ask_up=0.46 ask_dn=0.55 bid_up=0.45 bid_dn=0.54 halted=False[0m
[2m2026-04-10 07:32:17.707 [INFO] __main__: STATUS t=162s delta=-0.0057% dir=down agree=True chain=71724.90 bin=71717.96 open=71728.99 obi=-0.1762 ask_up=0.61 ask_dn=0.40 bid_up=0.60 bid_dn=0.39 halted=False[0m
2026-04-10 07:32:30.006 [INFO] strategy.momentum_signal: signal_eval rank=1 side=up latest_pct=0.0234 stddev=0.0132 n=438 min_delta=0.07 max_var=0.050
[37m2026-04-10 07:32:30.006 [INFO] strategy.momentum_signal: [SKIP] rank=1 side=up reason=conditions_not_met latest_pct=0.0234 need=>=0.07 stddev=0.0132 max_var=0.050[0m
[2m2026-04-10 07:32:47.833 [INFO] __main__: STATUS t=132s delta=0.0073% dir=up agree=False chain=71734.24 bin=71728.27 open=71728.99 obi=-0.3646 ask_up=0.64 ask_dn=0.37 bid_up=0.63 bid_dn=0.36 halted=False[0m
[2m2026-04-10 07:33:17.971 [INFO] __main__: STATUS t=102s delta=0.0277% dir=up agree=True chain=71748.83 bin=71740.00 open=71728.99 obi=0.6152 ask_up=0.79 ask_dn=0.22 bid_up=0.78 bid_dn=0.21 halted=False[0m
[2m2026-04-10 07:33:48.099 [INFO] __main__: STATUS t=72s delta=0.0525% dir=up agree=True chain=71766.67 bin=71751.43 open=71728.99 obi=-0.7391 ask_up=0.88 ask_dn=0.14 bid_up=0.86 bid_dn=0.12 halted=False[0m
[2m2026-04-10 07:34:18.230 [INFO] __main__: STATUS t=42s delta=0.0199% dir=up agree=True chain=71743.30 bin=71738.01 open=71728.99 obi=-0.2738 ask_up=0.82 ask_dn=0.19 bid_up=0.81 bid_dn=0.18 halted=False[0m
[2m2026-04-10 07:34:48.368 [INFO] __main__: STATUS t=12s delta=0.0207% dir=up agree=True chain=71743.81 bin=71737.99 open=71728.99 obi=-0.4388 ask_up=0.98 ask_dn=0.03 bid_up=0.97 bid_dn=0.02 halted=False[0m
[37m2026-04-10 07:35:00.177 [INFO] execution.paper_trading: paper window_ts=1775806200 [SKIP] pnl=0.0000 direction=up outcome=up - balance=$1017.57 bid_up=0.99 ask_up=1.00 bid_dn=0.01 ask_dn=0.01[0m
[93m[1m2026-04-10 07:35:00.177 [INFO] risk.position_tracker: WINDOW_SUMMARY window_pnl=$0.0000 session_pnl=$15.8632 won=$17.9432 lost=$2.0800 wr=75.0% (3/4) consec_losses=0[0m
[37m2026-04-10 07:35:00.198 [INFO] strategy.window_handler: WINDOW_DECISION [SKIP] rank=1 side=up pnl=$0.0000 entry=0.00 size=$0.00 (conditions not met)[0m
[96m[1m2026-04-10 07:35:00.198 [INFO] strategy.window_tracker: new window: btc-updown-5m-1775806500 (ts=1775806500)[0m
[96m2026-04-10 07:35:00.288 [INFO] strategy.window_handler: REGIME vol_stddev=0.061% chop_flips=4.0 outcome=2U/4D over 6w sprt=dormant llr=0.00 age=11w bankroll=$866.06[0m
[96m2026-04-10 07:35:00.288 [INFO] strategy.window_handler: KELLY wr_adj=89.3% base=96.9% total_disc=4.6% vol=0.0% chop=14.3% outcome=38.1% feedback=+0.0%[0m
[96m2026-04-10 07:35:00.289 [INFO] __main__: window open price captured: 71743.77 (tier 0 — oracle boundary, oracle_age=1000ms)[0m
[96m2026-04-10 07:35:00.290 [INFO] __main__: window open price captured: 71737.99 (binance)[0m
2026-04-10 07:35:00.290 [INFO] strategy.momentum_signal: momentum_signal: waiting for full market data
2026-04-10 07:35:00.551 [INFO] market_data.clob_market_ws: CLOB market subscribed for tokens up=959740432874 down=196809299113
[2m2026-04-10 07:35:18.371 [INFO] __main__: STATUS t=282s delta=0.0122% dir=up agree=True chain=71752.54 bin=71746.14 open=71743.77 obi=-0.8836 ask_up=0.58 ask_dn=0.43 bid_up=0.57 bid_dn=0.42 halted=False[0m
[2m2026-04-10 07:35:48.504 [INFO] __main__: STATUS t=251s delta=-0.0068% dir=down agree=True chain=71738.89 bin=71731.42 open=71743.77 obi=-0.9631 ask_up=0.49 ask_dn=0.52 bid_up=0.48 bid_dn=0.51 halted=False[0m
[2m2026-04-10 07:36:18.665 [INFO] __main__: STATUS t=221s delta=-0.0084% dir=down agree=True chain=71737.76 bin=71730.19 open=71743.77 obi=-0.5364 ask_up=0.49 ask_dn=0.52 bid_up=0.48 bid_dn=0.51 halted=False[0m
[2m2026-04-10 07:36:48.797 [INFO] __main__: STATUS t=191s delta=-0.0032% dir=down agree=True chain=71741.50 bin=71735.77 open=71743.77 obi=-0.6904 ask_up=0.54 ask_dn=0.47 bid_up=0.53 bid_dn=0.46 halted=False[0m
[2m2026-04-10 07:37:18.924 [INFO] __main__: STATUS t=161s delta=0.0350% dir=up agree=True chain=71768.86 bin=71758.53 open=71743.77 obi=0.2016 ask_up=0.73 ask_dn=0.28 bid_up=0.72 bid_dn=0.27 halted=False[0m
2026-04-10 07:37:30.223 [INFO] strategy.momentum_signal: signal_eval rank=1 side=up latest_pct=0.0206 stddev=0.0164 n=438 min_delta=0.07 max_var=0.050
[37m2026-04-10 07:37:30.223 [INFO] strategy.momentum_signal: [SKIP] rank=1 side=up reason=conditions_not_met latest_pct=0.0206 need=>=0.07 stddev=0.0164 max_var=0.050[0m
[2m2026-04-10 07:37:49.050 [INFO] __main__: STATUS t=131s delta=0.0279% dir=up agree=True chain=71763.77 bin=71758.52 open=71743.77 obi=0.0221 ask_up=0.68 ask_dn=0.33 bid_up=0.67 bid_dn=0.32 halted=False[0m
[2m2026-04-10 07:38:19.181 [INFO] __main__: STATUS t=101s delta=0.0308% dir=up agree=True chain=71765.89 bin=71759.62 open=71743.77 obi=-0.5752 ask_up=0.65 ask_dn=0.36 bid_up=0.64 bid_dn=0.35 halted=False[0m
[2m2026-04-10 07:38:49.308 [INFO] __main__: STATUS t=71s delta=0.0342% dir=up agree=True chain=71768.32 bin=71765.63 open=71743.77 obi=-0.0087 ask_up=0.73 ask_dn=0.28 bid_up=0.72 bid_dn=0.27 halted=False[0m
2026-04-10 07:39:06.487 [INFO] shared.ipc: IPC: received authenticated signal_update (summary=signals_summary_1775806746.json)
2026-04-10 07:39:06.487 [INFO] __main__: received new signal from orchestrator: rank=1 side=Up
[2m2026-04-10 07:39:19.461 [INFO] __main__: STATUS t=41s delta=0.0064% dir=up agree=True chain=71748.35 bin=71744.99 open=71743.77 obi=-0.1521 ask_up=0.57 ask_dn=0.44 bid_up=0.56 bid_dn=0.43 halted=False[0m
[2m2026-04-10 07:39:49.585 [INFO] __main__: STATUS t=10s delta=-0.0375% dir=down agree=True chain=71716.86 bin=71713.81 open=71743.77 obi=-0.7869 ask_up=0.04 ask_dn=0.97 bid_up=0.03 bid_dn=0.96 halted=False[0m
[37m2026-04-10 07:40:00.144 [INFO] execution.paper_trading: paper window_ts=1775806500 [SKIP] pnl=0.0000 direction=down outcome=down - balance=$1017.57 bid_up=0.01 ask_up=0.01 bid_dn=0.99 ask_dn=1.00[0m
[93m[1m2026-04-10 07:40:00.145 [INFO] risk.position_tracker: WINDOW_SUMMARY window_pnl=$0.0000 session_pnl=$15.8632 won=$17.9432 lost=$2.0800 wr=75.0% (3/4) consec_losses=0[0m
[96m2026-04-10 07:40:00.149 [INFO] strategy.window_handler: REGIME chop_detected flips=7 delta_range=0.0784% avg_flips=4.7 over=6_windows[0m
[37m2026-04-10 07:40:00.153 [INFO] strategy.window_handler: WINDOW_DECISION [SKIP] rank=1 side=up pnl=$0.0000 entry=0.00 size=$0.00 (conditions not met)[0m
[95m2026-04-10 07:40:00.154 [INFO] strategy.window_handler: Signal refreshed (same pattern): up_260.0_150.0_0.07_0.05 — rank 1->1, keeping SPRT state (age=12w, trades=0, LLR=0.00)[0m
2026-04-10 07:40:00.154 [INFO] strategy.window_handler: SIGNAL_SWAP_ACTIVE: {"rank":1,"side":"up","observeFromS":260.0,"observeToS":150.0,"minDeltaPct":0.07,"maxVariancePct":0.05,"trainWinRatePct":94.03,"oosWinRatePct":94.87,"oosBhAdjustedPValue":1.55168e-09,"oosMatches":39,"avgEntryPrice":0.8938,"evPerTrade":0.0249,"smartScore":12.29,"wfFoldsAppeared":5,"wfTotalTestFolds":6,"wfFoldIndices":[2,3,4,6,7]}
2026-04-10 07:40:00.154 [INFO] strategy.window_handler: switched to new signal: #1 up (previous: #1 up)
[96m[1m2026-04-10 07:40:00.154 [INFO] strategy.window_tracker: new window: btc-updown-5m-1775806800 (ts=1775806800)[0m
[96m2026-04-10 07:40:00.252 [INFO] strategy.window_handler: REGIME vol_stddev=0.061% chop_flips=4.7 outcome=2U/4D over 6w sprt=dormant llr=0.00 age=12w bankroll=$866.06[0m
[96m2026-04-10 07:40:00.252 [INFO] strategy.window_handler: KELLY wr_adj=87.3% base=94.9% total_disc=4.6% vol=0.0% chop=23.8% outcome=38.1% feedback=+0.0%[0m
[96m2026-04-10 07:40:00.253 [INFO] __main__: window open price captured: 71719.12 (tier 0 — oracle boundary, oracle_age=1000ms)[0m
[96m2026-04-10 07:40:00.253 [INFO] __main__: window open price captured: 71713.80 (binance)[0m
2026-04-10 07:40:00.254 [INFO] strategy.momentum_signal: momentum_signal: waiting for full market data
2026-04-10 07:40:00.749 [INFO] market_data.clob_market_ws: CLOB market subscribed for tokens up=373183143628 down=508039962759
[2m2026-04-10 07:40:19.665 [INFO] __main__: STATUS t=280s delta=0.0115% dir=up agree=False chain=71727.36 bin=71718.00 open=71719.12 obi=-0.6109 ask_up=0.56 ask_dn=0.45 bid_up=0.55 bid_dn=0.44 halted=False[0m
[2m2026-04-10 07:40:49.790 [INFO] __main__: STATUS t=250s delta=-0.0075% dir=down agree=True chain=71713.75 bin=71714.78 open=71719.12 obi=0.7314 ask_up=0.56 ask_dn=0.45 bid_up=0.55 bid_dn=0.44 halted=False[0m
[2m2026-04-10 07:41:19.921 [INFO] __main__: STATUS t=220s delta=0.0057% dir=up agree=False chain=71723.22 bin=71714.79 open=71719.12 obi=0.9949 ask_up=0.67 ask_dn=0.34 bid_up=0.66 bid_dn=0.33 halted=False[0m
[2m2026-04-10 07:41:50.051 [INFO] __main__: STATUS t=190s delta=0.0109% dir=up agree=True chain=71726.95 bin=71722.19 open=71719.12 obi=-0.5984 ask_up=0.58 ask_dn=0.43 bid_up=0.57 bid_dn=0.42 halted=False[0m
[2m2026-04-10 07:42:20.238 [INFO] __main__: STATUS t=160s delta=0.0060% dir=up agree=False chain=71723.41 bin=71718.66 open=71719.12 obi=-0.6703 ask_up=0.56 ask_dn=0.45 bid_up=0.55 bid_dn=0.44 halted=False[0m
2026-04-10 07:42:30.028 [INFO] strategy.momentum_signal: signal_eval rank=1 side=up latest_pct=-0.0006 stddev=0.0063 n=438 min_delta=0.07 max_var=0.050
[37m2026-04-10 07:42:30.028 [INFO] strategy.momentum_signal: [SKIP] rank=1 side=up reason=conditions_not_met latest_pct=-0.0006 need=>=0.07 stddev=0.0063 max_var=0.050[0m
[2m2026-04-10 07:42:50.357 [INFO] __main__: STATUS t=130s delta=-0.0074% dir=down agree=True chain=71713.79 bin=71707.95 open=71719.12 obi=-0.6948 ask_up=0.54 ask_dn=0.47 bid_up=0.53 bid_dn=0.46 halted=False[0m
[2m2026-04-10 07:43:20.483 [INFO] __main__: STATUS t=100s delta=-0.0078% dir=down agree=True chain=71713.53 bin=71707.95 open=71719.12 obi=-0.6650 ask_up=0.59 ask_dn=0.42 bid_up=0.58 bid_dn=0.41 halted=False[0m
[2m2026-04-10 07:43:50.608 [INFO] __main__: STATUS t=69s delta=-0.0167% dir=down agree=True chain=71707.11 bin=71700.08 open=71719.12 obi=-0.2819 ask_up=0.57 ask_dn=0.44 bid_up=0.56 bid_dn=0.43 halted=False[0m
[2m2026-04-10 07:44:20.736 [INFO] __main__: STATUS t=39s delta=-0.0893% dir=down agree=True chain=71655.09 bin=71650.52 open=71719.12 obi=-0.7891 ask_up=0.43 ask_dn=0.67 bid_up=0.33 bid_dn=0.57 halted=False[0m
[2m2026-04-10 07:44:50.864 [INFO] __main__: STATUS t=9s delta=-0.0742% dir=down agree=True chain=71665.90 bin=71660.80 open=71719.12 obi=-0.4600 ask_up=0.99 ask_dn=0.99 bid_up=0.01 bid_dn=0.01 halted=False[0m
[37m2026-04-10 07:45:00.155 [INFO] execution.paper_trading: paper window_ts=1775806800 [SKIP] pnl=0.0000 direction=down outcome=down - balance=$1017.57 bid_up=0.01 ask_up=0.01 bid_dn=0.99 ask_dn=1.00[0m
[93m[1m2026-04-10 07:45:00.155 [INFO] risk.position_tracker: WINDOW_SUMMARY window_pnl=$0.0000 session_pnl=$15.8632 won=$17.9432 lost=$2.0800 wr=75.0% (3/4) consec_losses=0[0m
[96m2026-04-10 07:45:00.158 [INFO] strategy.window_handler: REGIME chop_detected flips=5 delta_range=0.1088% avg_flips=4.8 over=6_windows[0m
[37m2026-04-10 07:45:00.161 [INFO] strategy.window_handler: WINDOW_DECISION [SKIP] rank=1 side=up pnl=$0.0000 entry=0.00 size=$0.00 (conditions not met)[0m
[96m[1m2026-04-10 07:45:00.162 [INFO] strategy.window_tracker: new window: btc-updown-5m-1775807100 (ts=1775807100)[0m
[96m2026-04-10 07:45:00.222 [INFO] strategy.window_handler: REGIME vol_stddev=0.060% chop_flips=4.8 outcome=2U/4D over 6w sprt=dormant llr=0.00 age=13w bankroll=$866.06[0m
[96m2026-04-10 07:45:00.222 [INFO] strategy.window_handler: KELLY wr_adj=87.3% base=94.9% total_disc=4.6% vol=0.0% chop=26.2% outcome=38.1% feedback=+0.0%[0m
[96m2026-04-10 07:45:00.223 [INFO] __main__: window open price captured: 71664.92 (tier 0 — oracle boundary, oracle_age=1000ms)[0m
[96m2026-04-10 07:45:00.223 [INFO] __main__: window open price captured: 71660.79 (binance)[0m
2026-04-10 07:45:00.223 [INFO] strategy.momentum_signal: momentum_signal: waiting for full market data
2026-04-10 07:45:00.945 [INFO] market_data.clob_market_ws: CLOB market subscribed for tokens up=111226892188 down=548789358009
[2m2026-04-10 07:45:21.080 [INFO] __main__: STATUS t=279s delta=0.0239% dir=up agree=True chain=71682.08 bin=71690.45 open=71664.92 obi=0.9290 ask_up=0.69 ask_dn=0.32 bid_up=0.68 bid_dn=0.31 halted=False[0m
[2m2026-04-10 07:45:51.200 [INFO] __main__: STATUS t=249s delta=0.0055% dir=up agree=True chain=71668.84 bin=71665.37 open=71664.92 obi=-0.9024 ask_up=0.51 ask_dn=0.50 bid_up=0.50 bid_dn=0.49 halted=False[0m
[2m2026-04-10 07:46:21.359 [INFO] __main__: STATUS t=219s delta=0.0070% dir=up agree=False chain=71669.91 bin=71664.76 open=71664.92 obi=-0.4819 ask_up=0.54 ask_dn=0.47 bid_up=0.53 bid_dn=0.46 halted=False[0m
[2m2026-04-10 07:46:51.491 [INFO] __main__: STATUS t=189s delta=0.0025% dir=up agree=False chain=71666.71 bin=71660.89 open=71664.92 obi=0.2880 ask_up=0.52 ask_dn=0.49 bid_up=0.51 bid_dn=0.48 halted=False[0m
[2m2026-04-10 07:47:21.621 [INFO] __main__: STATUS t=158s delta=0.0007% dir=up agree=False chain=71665.43 bin=71660.90 open=71664.92 obi=0.1283 ask_up=0.52 ask_dn=0.49 bid_up=0.51 bid_dn=0.48 halted=False[0m
2026-04-10 07:47:30.161 [INFO] strategy.momentum_signal: signal_eval rank=1 side=up latest_pct=-0.0056 stddev=0.0030 n=438 min_delta=0.07 max_var=0.050
[37m2026-04-10 07:47:30.161 [INFO] strategy.momentum_signal: [SKIP] rank=1 side=up reason=conditions_not_met latest_pct=-0.0056 need=>=0.07 stddev=0.0030 max_var=0.050[0m
[2m2026-04-10 07:47:51.750 [INFO] __main__: STATUS t=128s delta=0.0018% dir=up agree=False chain=71666.18 bin=71660.90 open=71664.92 obi=-0.4865 ask_up=0.53 ask_dn=0.48 bid_up=0.52 bid_dn=0.47 halted=False[0m
[2m2026-04-10 07:48:21.894 [INFO] __main__: STATUS t=98s delta=0.0025% dir=up agree=False chain=71666.69 bin=71660.90 open=71664.92 obi=0.3753 ask_up=0.62 ask_dn=0.39 bid_up=0.61 bid_dn=0.38 halted=False[0m
[2m2026-04-10 07:48:52.018 [INFO] __main__: STATUS t=68s delta=-0.0227% dir=down agree=True chain=71648.65 bin=71644.71 open=71664.92 obi=-0.6180 ask_up=0.30 ask_dn=0.71 bid_up=0.29 bid_dn=0.70 halted=False[0m
[2m2026-04-10 07:49:22.145 [INFO] __main__: STATUS t=38s delta=-0.0163% dir=down agree=True chain=71653.24 bin=71644.70 open=71664.92 obi=-0.3826 ask_up=0.30 ask_dn=0.71 bid_up=0.29 bid_dn=0.70 halted=False[0m
[2m2026-04-10 07:49:52.269 [INFO] __main__: STATUS t=8s delta=-0.0324% dir=down agree=True chain=71641.73 bin=71629.16 open=71664.92 obi=-0.7398 ask_up=0.13 ask_dn=0.88 bid_up=0.12 bid_dn=0.87 halted=False[0m
[37m2026-04-10 07:50:00.053 [INFO] execution.paper_trading: paper window_ts=1775807100 [SKIP] pnl=0.0000 direction=down outcome=down - balance=$1017.57 bid_up=0.01 ask_up=0.01 bid_dn=0.99 ask_dn=1.00[0m
[93m[1m2026-04-10 07:50:00.053 [INFO] risk.position_tracker: WINDOW_SUMMARY window_pnl=$0.0000 session_pnl=$15.8632 won=$17.9432 lost=$2.0800 wr=75.0% (3/4) consec_losses=0[0m
[96m2026-04-10 07:50:00.058 [INFO] strategy.window_handler: REGIME chop_detected flips=7 delta_range=0.0889% avg_flips=4.7 over=6_windows[0m
[37m2026-04-10 07:50:00.073 [INFO] strategy.window_handler: WINDOW_DECISION [SKIP] rank=1 side=up pnl=$0.0000 entry=0.00 size=$0.00 (conditions not met)[0m
[96m[1m2026-04-10 07:50:00.073 [INFO] strategy.window_tracker: new window: btc-updown-5m-1775807400 (ts=1775807400)[0m
[96m2026-04-10 07:50:00.192 [INFO] strategy.window_handler: REGIME vol_stddev=0.059% chop_flips=4.7 outcome=1U/5D over 6w sprt=dormant llr=0.00 age=14w bankroll=$866.06[0m
[96m2026-04-10 07:50:00.192 [INFO] strategy.window_handler: KELLY wr_adj=82.7% base=94.9% total_disc=9.1% vol=0.0% chop=23.8% outcome=76.2% feedback=+0.0%[0m
[96m2026-04-10 07:50:00.194 [INFO] __main__: window open price captured: 71635.13 (tier 0 — oracle boundary, oracle_age=1000ms)[0m
[96m2026-04-10 07:50:00.194 [INFO] __main__: window open price captured: 71629.17 (binance)[0m
2026-04-10 07:50:00.195 [INFO] strategy.momentum_signal: momentum_signal: waiting for full market data
2026-04-10 07:50:01.145 [INFO] market_data.clob_market_ws: CLOB market subscribed for tokens up=156259367115 down=274444167080
[2m2026-04-10 07:50:22.367 [INFO] __main__: STATUS t=278s delta=0.0076% dir=up agree=False chain=71640.55 bin=71634.17 open=71635.13 obi=-0.0070 ask_up=0.57 ask_dn=0.44 bid_up=0.56 bid_dn=0.43 halted=False[0m
[2m2026-04-10 07:50:52.493 [INFO] __main__: STATUS t=248s delta=-0.0107% dir=down agree=True chain=71627.43 bin=71617.64 open=71635.13 obi=0.3017 ask_up=0.44 ask_dn=0.57 bid_up=0.43 bid_dn=0.56 halted=False[0m
[2m2026-04-10 07:51:22.615 [INFO] __main__: STATUS t=217s delta=-0.0253% dir=down agree=True chain=71616.99 bin=71587.66 open=71635.13 obi=0.1767 ask_up=0.30 ask_dn=0.71 bid_up=0.29 bid_dn=0.70 halted=False[0m
[2m2026-04-10 07:51:52.738 [INFO] __main__: STATUS t=187s delta=-0.0981% dir=down agree=True chain=71564.88 bin=71536.77 open=71635.13 obi=0.1061 ask_up=0.13 ask_dn=0.88 bid_up=0.12 bid_dn=0.87 halted=False[0m
[2m2026-04-10 07:52:22.869 [INFO] __main__: STATUS t=157s delta=-0.0813% dir=down agree=True chain=71576.86 bin=71568.10 open=71635.13 obi=0.9832 ask_up=0.21 ask_dn=0.80 bid_up=0.20 bid_dn=0.79 halted=False[0m
2026-04-10 07:52:30.149 [INFO] strategy.momentum_signal: signal_eval rank=1 side=up latest_pct=-0.1206 stddev=0.0423 n=438 min_delta=0.07 max_var=0.050
[37m2026-04-10 07:52:30.150 [INFO] strategy.momentum_signal: [SKIP] rank=1 side=up reason=conditions_not_met latest_pct=-0.1206 need=>=0.07 stddev=0.0423 max_var=0.050[0m
[2m2026-04-10 07:52:53.000 [INFO] __main__: STATUS t=127s delta=-0.1283% dir=down agree=True chain=71543.20 bin=71525.73 open=71635.13 obi=-0.5227 ask_up=0.06 ask_dn=0.95 bid_up=0.05 bid_dn=0.94 halted=False[0m
[2m2026-04-10 07:53:23.135 [INFO] __main__: STATUS t=97s delta=-0.1788% dir=down agree=True chain=71507.05 bin=71480.55 open=71635.13 obi=0.8654 ask_up=0.01 ask_dn=1.00 bid_up=0.01 bid_dn=0.99 halted=False[0m
[2m2026-04-10 07:53:53.268 [INFO] __main__: STATUS t=67s delta=-0.1387% dir=down agree=True chain=71535.77 bin=71526.02 open=71635.13 obi=0.6854 ask_up=0.02 ask_dn=0.99 bid_up=0.01 bid_dn=0.98 halted=False[0m
2026-04-10 07:54:18.590 [INFO] shared.ipc: IPC: received authenticated signal_update (summary=signals_summary_1775807658.json)
2026-04-10 07:54:18.590 [INFO] __main__: received new signal from orchestrator: rank=1 side=Up
[2m2026-04-10 07:54:23.520 [INFO] __main__: STATUS t=36s delta=-0.1903% dir=down agree=True chain=71498.80 bin=71482.53 open=71635.13 obi=-0.7585 ask_up=0.01 ask_dn=1.00 bid_up=0.01 bid_dn=0.99 halted=False[0m
[2m2026-04-10 07:54:53.662 [INFO] __main__: STATUS t=6s delta=-0.2654% dir=down agree=True chain=71445.01 bin=71445.41 open=71635.13 obi=-0.3522 ask_up=0.01 ask_dn=1.00 bid_up=0.01 bid_dn=0.99 halted=False[0m
[37m2026-04-10 07:55:00.196 [INFO] execution.paper_trading: paper window_ts=1775807400 [SKIP] pnl=0.0000 direction=down outcome=down - balance=$1017.57 bid_up=0.01 ask_up=0.01 bid_dn=0.99 ask_dn=1.00[0m
[93m[1m2026-04-10 07:55:00.196 [INFO] risk.position_tracker: WINDOW_SUMMARY window_pnl=$0.0000 session_pnl=$15.8632 won=$17.9432 lost=$2.0800 wr=75.0% (3/4) consec_losses=0[0m
[37m2026-04-10 07:55:00.203 [INFO] strategy.window_handler: WINDOW_DECISION [SKIP] rank=1 side=up pnl=$0.0000 entry=0.00 size=$0.00 (conditions not met)[0m
[95m2026-04-10 07:55:00.204 [INFO] strategy.window_handler: Signal refreshed (same pattern): up_260.0_150.0_0.07_0.05 — rank 1->1, keeping SPRT state (age=15w, trades=0, LLR=0.00)[0m
2026-04-10 07:55:00.204 [INFO] strategy.window_handler: SIGNAL_SWAP_ACTIVE: {"rank":1,"side":"up","observeFromS":260.0,"observeToS":150.0,"minDeltaPct":0.07,"maxVariancePct":0.05,"trainWinRatePct":94.03,"oosWinRatePct":94.87,"oosBhAdjustedPValue":1.84822e-09,"oosMatches":39,"avgEntryPrice":0.8954,"evPerTrade":0.0233,"smartScore":12.23,"wfFoldsAppeared":5,"wfTotalTestFolds":6,"wfFoldIndices":[2,3,4,6,7]}
2026-04-10 07:55:00.204 [INFO] strategy.window_handler: switched to new signal: #1 up (previous: #1 up)
[96m[1m2026-04-10 07:55:00.204 [INFO] strategy.window_tracker: new window: btc-updown-5m-1775807700 (ts=1775807700)[0m
[96m2026-04-10 07:55:00.300 [INFO] strategy.window_handler: REGIME vol_stddev=0.073% chop_flips=4.2 outcome=1U/5D over 6w sprt=dormant llr=0.00 age=15w bankroll=$866.06[0m
[96m2026-04-10 07:55:00.300 [INFO] strategy.window_handler: KELLY wr_adj=82.7% base=94.9% total_disc=9.1% vol=0.0% chop=16.7% outcome=76.2% feedback=+0.0%[0m
[96m2026-04-10 07:55:00.301 [INFO] __main__: window open price captured: 71448.76 (tier 0 — oracle boundary, oracle_age=1000ms)[0m
[96m2026-04-10 07:55:00.301 [INFO] __main__: window open price captured: 71437.46 (binance)[0m
2026-04-10 07:55:00.301 [INFO] strategy.momentum_signal: momentum_signal: waiting for full market data
2026-04-10 07:55:00.442 [INFO] market_data.clob_market_ws: CLOB market subscribed for tokens up=787224330981 down=249031108431
[2m2026-04-10 07:55:23.719 [INFO] __main__: STATUS t=276s delta=0.0176% dir=up agree=True chain=71461.30 bin=71458.78 open=71448.76 obi=0.6862 ask_up=0.60 ask_dn=0.41 bid_up=0.59 bid_dn=0.40 halted=False[0m
[2m2026-04-10 07:55:53.839 [INFO] __main__: STATUS t=246s delta=0.0573% dir=up agree=True chain=71489.68 bin=71478.04 open=71448.76 obi=0.9333 ask_up=0.68 ask_dn=0.33 bid_up=0.67 bid_dn=0.32 halted=False[0m
[2m2026-04-10 07:56:23.971 [INFO] __main__: STATUS t=216s delta=0.0256% dir=up agree=True chain=71467.05 bin=71461.53 open=71448.76 obi=0.8591 ask_up=0.60 ask_dn=0.41 bid_up=0.59 bid_dn=0.40 halted=False[0m
[2m2026-04-10 07:56:54.102 [INFO] __main__: STATUS t=186s delta=0.0438% dir=up agree=True chain=71480.02 bin=71472.35 open=71448.76 obi=0.9096 ask_up=0.99 ask_dn=0.36 bid_up=0.01 bid_dn=0.33 halted=False[0m
[2m2026-04-10 07:57:24.234 [INFO] __main__: STATUS t=156s delta=0.0757% dir=up agree=True chain=71502.85 bin=71497.79 open=71448.76 obi=0.2495 ask_up=0.82 ask_dn=0.19 bid_up=0.81 bid_dn=0.18 halted=False[0m
2026-04-10 07:57:30.009 [INFO] strategy.momentum_signal: signal_eval rank=1 side=up latest_pct=0.0791 stddev=0.0157 n=438 min_delta=0.07 max_var=0.050
[37m2026-04-10 07:57:30.010 [INFO] strategy.momentum_signal: [SKIP] rank=1 side=up reason=KELLY_NO_EDGE p_adj=0.827 entry=0.86 raw_f=-0.234 total_disc=0.091 vol=0.000 chop=0.167 outcome=0.762[0m
[2m2026-04-10 07:57:54.367 [INFO] __main__: STATUS t=126s delta=0.0791% dir=up agree=True chain=71505.27 bin=71502.00 open=71448.76 obi=0.9568 ask_up=0.90 ask_dn=0.11 bid_up=0.89 bid_dn=0.10 halted=False[0m
[2m2026-04-10 07:58:24.493 [INFO] __main__: STATUS t=96s delta=0.0691% dir=up agree=True chain=71498.12 bin=71498.75 open=71448.76 obi=-0.6148 ask_up=0.83 ask_dn=0.18 bid_up=0.82 bid_dn=0.17 halted=False[0m
[2m2026-04-10 07:58:54.618 [INFO] __main__: STATUS t=65s delta=0.0192% dir=up agree=True chain=71462.45 bin=71456.14 open=71448.76 obi=-0.5189 ask_up=0.58 ask_dn=0.43 bid_up=0.57 bid_dn=0.42 halted=False[0m
[2m2026-04-10 07:59:24.760 [INFO] __main__: STATUS t=35s delta=0.0184% dir=up agree=True chain=71461.92 bin=71453.30 open=71448.76 obi=0.6675 ask_up=0.67 ask_dn=0.34 bid_up=0.66 bid_dn=0.33 halted=False[0m
[2m2026-04-10 07:59:54.887 [INFO] __main__: STATUS t=5s delta=0.0493% dir=up agree=True chain=71484.01 bin=71481.85 open=71448.76 obi=-0.3449 ask_up=0.98 ask_dn=0.03 bid_up=0.97 bid_dn=0.02 halted=False[0m
[37m2026-04-10 08:00:00.163 [INFO] execution.paper_trading: paper window_ts=1775807700 [SKIP] pnl=0.0000 direction=up outcome=up - balance=$1017.57 bid_up=0.99 ask_up=1.00 bid_dn=0.01 ask_dn=0.01[0m
[93m[1m2026-04-10 08:00:00.163 [INFO] risk.position_tracker: WINDOW_SUMMARY window_pnl=$0.0000 session_pnl=$15.8632 won=$17.9432 lost=$2.0800 wr=75.0% (3/4) consec_losses=0[0m
[96m2026-04-10 08:00:00.167 [INFO] strategy.window_handler: REGIME chop_detected flips=3 delta_range=0.1030% avg_flips=4.3 over=6_windows[0m
[37m2026-04-10 08:00:00.175 [INFO] strategy.window_handler: WINDOW_DECISION [SKIP] rank=1 side=up pnl=$0.0000 entry=0.00 size=$0.00 (conditions not met)[0m
[96m[1m2026-04-10 08:00:00.176 [INFO] strategy.window_tracker: new window: btc-updown-5m-1775808000 (ts=1775808000)[0m
[96m2026-04-10 08:00:00.253 [INFO] strategy.window_handler: REGIME vol_stddev=0.074% chop_flips=4.3 outcome=2U/4D over 6w sprt=dormant llr=0.00 age=16w bankroll=$866.06[0m
[96m2026-04-10 08:00:00.253 [INFO] strategy.window_handler: KELLY wr_adj=87.3% base=94.9% total_disc=4.6% vol=0.0% chop=19.0% outcome=38.1% feedback=+0.0%[0m
[96m2026-04-10 08:00:00.253 [INFO] __main__: window open price captured: 71485.03 (tier 0 — oracle boundary, oracle_age=2000ms)[0m
[96m2026-04-10 08:00:00.254 [INFO] __main__: window open price captured: 71481.85 (binance)[0m
2026-04-10 08:00:00.254 [INFO] strategy.momentum_signal: momentum_signal: waiting for full market data
2026-04-10 08:00:00.639 [INFO] market_data.clob_market_ws: CLOB market subscribed for tokens up=595922585861 down=557205505922
[2m2026-04-10 08:00:25.138 [INFO] __main__: STATUS t=275s delta=0.0292% dir=up agree=True chain=71505.93 bin=71500.11 open=71485.03 obi=0.1823 ask_up=0.60 ask_dn=0.41 bid_up=0.59 bid_dn=0.40 halted=False[0m
[2m2026-04-10 08:00:55.259 [INFO] __main__: STATUS t=245s delta=0.0065% dir=up agree=True chain=71489.71 bin=71487.63 open=71485.03 obi=-0.2612 ask_up=0.53 ask_dn=0.48 bid_up=0.52 bid_dn=0.47 halted=False[0m
[2m2026-04-10 08:01:25.397 [INFO] __main__: STATUS t=215s delta=0.0030% dir=up agree=True chain=71487.20 bin=71485.56 open=71485.03 obi=0.9238 ask_up=0.56 ask_dn=0.45 bid_up=0.55 bid_dn=0.44 halted=False[0m
[2m2026-04-10 08:01:55.531 [INFO] __main__: STATUS t=184s delta=-0.0206% dir=down agree=True chain=71470.27 bin=71466.79 open=71485.03 obi=-0.3970 ask_up=0.42 ask_dn=0.59 bid_up=0.41 bid_dn=0.58 halted=False[0m
[2m2026-04-10 08:02:25.714 [INFO] __main__: STATUS t=154s delta=-0.0091% dir=down agree=True chain=71478.56 bin=71476.45 open=71485.03 obi=0.2849 ask_up=0.46 ask_dn=0.55 bid_up=0.45 bid_dn=0.54 halted=False[0m
2026-04-10 08:02:30.233 [INFO] strategy.momentum_signal: signal_eval rank=1 side=up latest_pct=0.0014 stddev=0.0128 n=438 min_delta=0.07 max_var=0.050
[37m2026-04-10 08:02:30.234 [INFO] strategy.momentum_signal: [SKIP] rank=1 side=up reason=conditions_not_met latest_pct=0.0014 need=>=0.07 stddev=0.0128 max_var=0.050[0m
[2m2026-04-10 08:02:55.837 [INFO] __main__: STATUS t=124s delta=0.0188% dir=up agree=True chain=71498.46 bin=71492.00 open=71485.03 obi=0.9890 ask_up=0.67 ask_dn=0.34 bid_up=0.66 bid_dn=0.33 halted=False[0m
[2m2026-04-10 08:03:25.975 [INFO] __main__: STATUS t=94s delta=0.0068% dir=up agree=False chain=71489.86 bin=71483.60 open=71485.03 obi=-0.1797 ask_up=0.47 ask_dn=0.54 bid_up=0.46 bid_dn=0.53 halted=False[0m
[2m2026-04-10 08:03:56.098 [INFO] __main__: STATUS t=64s delta=-0.0636% dir=down agree=True chain=71439.59 bin=71433.13 open=71485.03 obi=-0.7648 ask_up=0.08 ask_dn=0.93 bid_up=0.07 bid_dn=0.92 halted=False[0m
[2m2026-04-10 08:04:26.255 [INFO] __main__: STATUS t=34s delta=-0.0497% dir=down agree=True chain=71449.51 bin=71433.30 open=71485.03 obi=-0.5161 ask_up=0.11 ask_dn=0.90 bid_up=0.10 bid_dn=0.89 halted=False[0m
[2m2026-04-10 08:04:56.386 [INFO] __main__: STATUS t=4s delta=-0.0413% dir=down agree=False chain=71455.48 bin=71490.00 open=71485.03 obi=0.7266 ask_up=0.83 ask_dn=0.25 bid_up=0.75 bid_dn=0.17 halted=False[0m
[37m2026-04-10 08:05:00.155 [INFO] execution.paper_trading: paper window_ts=1775808000 [SKIP] pnl=0.0000 direction=down outcome=down - balance=$1017.57 bid_up=0.34 ask_up=0.40 bid_dn=0.60 ask_dn=0.66[0m
[93m[1m2026-04-10 08:05:00.155 [INFO] risk.position_tracker: WINDOW_SUMMARY window_pnl=$0.0000 session_pnl=$15.8632 won=$17.9432 lost=$2.0800 wr=75.0% (3/4) consec_losses=0[0m
[96m2026-04-10 08:05:00.157 [INFO] strategy.window_handler: REGIME chop_detected flips=3 delta_range=0.1053% avg_flips=4.5 over=6_windows[0m
[37m2026-04-10 08:05:00.162 [INFO] strategy.window_handler: WINDOW_DECISION [SKIP] rank=1 side=up pnl=$0.0000 entry=0.00 size=$0.00 (conditions not met)[0m
[96m[1m2026-04-10 08:05:00.162 [INFO] strategy.window_tracker: new window: btc-updown-5m-1775808300 (ts=1775808300)[0m
[96m2026-04-10 08:05:00.264 [INFO] strategy.window_handler: REGIME vol_stddev=0.073% chop_flips=4.5 outcome=1U/5D over 6w sprt=dormant llr=0.00 age=17w bankroll=$866.06[0m
[96m2026-04-10 08:05:00.264 [INFO] strategy.window_handler: KELLY wr_adj=82.7% base=94.9% total_disc=9.1% vol=0.0% chop=21.4% outcome=76.2% feedback=+0.0%[0m
[96m2026-04-10 08:05:00.264 [INFO] __main__: window open price captured: 71480.03 (tier 0 — oracle boundary, oracle_age=1000ms)[0m
[96m2026-04-10 08:05:00.267 [INFO] __main__: window open price captured: 71490.00 (binance)[0m
2026-04-10 08:05:00.269 [INFO] strategy.momentum_signal: momentum_signal: waiting for full market data
2026-04-10 08:05:00.826 [INFO] market_data.clob_market_ws: CLOB market subscribed for tokens up=109655710444 down=276106401097
[2m2026-04-10 08:05:26.428 [INFO] __main__: STATUS t=274s delta=0.0198% dir=up agree=True chain=71494.22 bin=71495.47 open=71480.03 obi=0.7628 ask_up=0.53 ask_dn=0.48 bid_up=0.52 bid_dn=0.47 halted=False[0m
[2m2026-04-10 08:05:56.554 [INFO] __main__: STATUS t=243s delta=0.0248% dir=up agree=True chain=71497.79 bin=71495.61 open=71480.03 obi=0.0948 ask_up=0.53 ask_dn=0.48 bid_up=0.52 bid_dn=0.47 halted=False[0m
[2m2026-04-10 08:06:26.724 [INFO] __main__: STATUS t=213s delta=0.0574% dir=up agree=True chain=71521.06 bin=71524.27 open=71480.03 obi=0.7996 ask_up=0.64 ask_dn=0.37 bid_up=0.63 bid_dn=0.36 halted=False[0m
[2m2026-04-10 08:06:56.855 [INFO] __main__: STATUS t=183s delta=0.1090% dir=up agree=True chain=71557.92 bin=71561.76 open=71480.03 obi=0.1842 ask_up=0.79 ask_dn=0.22 bid_up=0.78 bid_dn=0.21 halted=False[0m
[2m2026-04-10 08:07:27.000 [INFO] __main__: STATUS t=153s delta=0.1264% dir=up agree=True chain=71570.36 bin=71575.51 open=71480.03 obi=0.8782 ask_up=0.90 ask_dn=0.11 bid_up=0.89 bid_dn=0.10 halted=False[0m
2026-04-10 08:07:30.015 [INFO] strategy.momentum_signal: signal_eval rank=1 side=up latest_pct=0.1542 stddev=0.0408 n=437 min_delta=0.07 max_var=0.050
[37m2026-04-10 08:07:30.015 [INFO] strategy.momentum_signal: [SKIP] rank=1 side=up reason=KELLY_NO_EDGE p_adj=0.827 entry=0.91 raw_f=-0.919 total_disc=0.091 vol=0.000 chop=0.214 outcome=0.762[0m
[2m2026-04-10 08:07:57.132 [INFO] __main__: STATUS t=123s delta=0.1318% dir=up agree=True chain=71574.25 bin=71564.49 open=71480.03 obi=-0.4756 ask_up=0.88 ask_dn=0.13 bid_up=0.87 bid_dn=0.12 halted=False[0m
[2m2026-04-10 08:08:27.278 [INFO] __main__: STATUS t=93s delta=0.1605% dir=up agree=True chain=71594.76 bin=71591.96 open=71480.03 obi=0.4261 ask_up=0.95 ask_dn=0.06 bid_up=0.94 bid_dn=0.05 halted=False[0m
[2m2026-04-10 08:08:57.406 [INFO] __main__: STATUS t=63s delta=0.1525% dir=up agree=True chain=71589.05 bin=71584.59 open=71480.03 obi=0.8382 ask_up=1.00 ask_dn=0.01 bid_up=0.99 bid_dn=0.01 halted=False[0m
[2m2026-04-10 08:09:27.547 [INFO] __main__: STATUS t=32s delta=0.1829% dir=up agree=True chain=71610.74 bin=71609.80 open=71480.03 obi=0.1528 ask_up=1.00 ask_dn=0.01 bid_up=0.99 bid_dn=0.01 halted=False[0m
[2m2026-04-10 08:09:57.686 [INFO] __main__: STATUS t=2s delta=0.1828% dir=up agree=True chain=71610.71 bin=71610.42 open=71480.03 obi=-0.3198 ask_up=1.00 ask_dn=0.01 bid_up=0.99 bid_dn=0.01 halted=False[0m
[37m2026-04-10 08:10:00.201 [INFO] execution.paper_trading: paper window_ts=1775808300 [SKIP] pnl=0.0000 direction=up outcome=up - balance=$1017.57 bid_up=0.99 ask_up=1.00 bid_dn=0.01 ask_dn=0.01[0m
[93m[1m2026-04-10 08:10:00.201 [INFO] risk.position_tracker: WINDOW_SUMMARY window_pnl=$0.0000 session_pnl=$15.8632 won=$17.9432 lost=$2.0800 wr=75.0% (3/4) consec_losses=0[0m
[96m2026-04-10 08:10:00.203 [INFO] strategy.window_handler: REGIME chop_detected flips=4 delta_range=0.1977% avg_flips=4.0 over=6_windows[0m
[37m2026-04-10 08:10:00.207 [INFO] strategy.window_handler: WINDOW_DECISION [SKIP] rank=1 side=up pnl=$0.0000 entry=0.00 size=$0.00 (conditions not met)[0m
[96m[1m2026-04-10 08:10:00.207 [INFO] strategy.window_tracker: new window: btc-updown-5m-1775808600 (ts=1775808600)[0m
[96m2026-04-10 08:10:00.267 [INFO] strategy.window_handler: REGIME vol_stddev=0.086% chop_flips=4.0 outcome=2U/4D over 6w sprt=dormant llr=0.00 age=18w bankroll=$866.06[0m
[96m2026-04-10 08:10:00.267 [INFO] strategy.window_handler: KELLY wr_adj=87.3% base=94.9% total_disc=4.6% vol=0.0% chop=14.3% outcome=38.1% feedback=+0.0%[0m
[96m2026-04-10 08:10:00.267 [INFO] __main__: window open price captured: 71611.07 (tier 0 — oracle boundary, oracle_age=2000ms)[0m
[96m2026-04-10 08:10:00.267 [INFO] __main__: window open price captured: 71610.42 (binance)[0m
2026-04-10 08:10:00.268 [INFO] strategy.momentum_signal: momentum_signal: waiting for full market data
2026-04-10 08:10:01.035 [INFO] market_data.clob_market_ws: CLOB market subscribed for tokens up=274822202034 down=169302947287
[2m2026-04-10 08:10:27.910 [INFO] __main__: STATUS t=272s delta=0.0020% dir=up agree=True chain=71612.53 bin=71613.75 open=71611.07 obi=0.8887 ask_up=0.50 ask_dn=0.51 bid_up=0.49 bid_dn=0.50 halted=False[0m
[2m2026-04-10 08:10:58.031 [INFO] __main__: STATUS t=242s delta=0.0111% dir=up agree=True chain=71619.00 bin=71614.97 open=71611.07 obi=0.7943 ask_up=0.52 ask_dn=0.49 bid_up=0.51 bid_dn=0.48 halted=False[0m
[2m2026-04-10 08:11:28.192 [INFO] __main__: STATUS t=212s delta=0.0659% dir=up agree=True chain=71658.25 bin=71656.30 open=71611.07 obi=0.1570 ask_up=0.75 ask_dn=0.26 bid_up=0.74 bid_dn=0.25 halted=False[0m
[2m2026-04-10 08:11:58.313 [INFO] __main__: STATUS t=182s delta=0.0574% dir=up agree=True chain=71652.17 bin=71654.98 open=71611.07 obi=-0.8603 ask_up=0.66 ask_dn=0.35 bid_up=0.65 bid_dn=0.34 halted=False[0m
[2m2026-04-10 08:12:28.473 [INFO] __main__: STATUS t=152s delta=0.0537% dir=up agree=True chain=71649.54 bin=71646.01 open=71611.07 obi=-0.9154 ask_up=0.70 ask_dn=0.31 bid_up=0.69 bid_dn=0.30 halted=False[0m
2026-04-10 08:12:30.232 [INFO] strategy.momentum_signal: signal_eval rank=1 side=up latest_pct=0.0488 stddev=0.0267 n=438 min_delta=0.07 max_var=0.050
[37m2026-04-10 08:12:30.232 [INFO] strategy.momentum_signal: [SKIP] rank=1 side=up reason=conditions_not_met latest_pct=0.0488 need=>=0.07 stddev=0.0267 max_var=0.050[0m
[2m2026-04-10 08:12:58.607 [INFO] __main__: STATUS t=121s delta=0.0504% dir=up agree=True chain=71647.13 bin=71642.98 open=71611.07 obi=-0.3104 ask_up=0.70 ask_dn=0.31 bid_up=0.69 bid_dn=0.30 halted=False[0m
[2m2026-04-10 08:13:28.746 [INFO] __main__: STATUS t=91s delta=0.0490% dir=up agree=True chain=71646.19 bin=71640.72 open=71611.07 obi=0.5893 ask_up=0.78 ask_dn=0.23 bid_up=0.77 bid_dn=0.22 halted=False[0m
[2m2026-04-10 08:13:58.873 [INFO] __main__: STATUS t=61s delta=-0.0084% dir=down agree=True chain=71605.05 bin=71600.89 open=71611.07 obi=-0.8687 ask_up=0.38 ask_dn=0.63 bid_up=0.37 bid_dn=0.62 halted=False[0m
[2m2026-04-10 08:14:29.070 [INFO] __main__: STATUS t=31s delta=-0.0125% dir=down agree=True chain=71602.09 bin=71599.34 open=71611.07 obi=0.2601 ask_up=0.35 ask_dn=0.66 bid_up=0.34 bid_dn=0.65 halted=False[0m
[2m2026-04-10 08:14:59.202 [INFO] __main__: STATUS t=1s delta=-0.0060% dir=down agree=True chain=71606.76 bin=71608.00 open=71611.07 obi=-0.7561 ask_up=0.37 ask_dn=0.64 bid_up=0.36 bid_dn=0.63 halted=False[0m
[37m2026-04-10 08:15:00.206 [INFO] execution.paper_trading: paper window_ts=1775808600 [SKIP] pnl=0.0000 direction=down outcome=down - balance=$1017.57 bid_up=0.36 ask_up=0.37 bid_dn=0.63 ask_dn=0.64[0m
[93m[1m2026-04-10 08:15:00.207 [INFO] risk.position_tracker: WINDOW_SUMMARY window_pnl=$0.0000 session_pnl=$15.8632 won=$17.9432 lost=$2.0800 wr=75.0% (3/4) consec_losses=0[0m
[96m2026-04-10 08:15:00.212 [INFO] strategy.window_handler: REGIME chop_detected flips=5 delta_range=0.1215% avg_flips=4.0 over=6_windows[0m
[37m2026-04-10 08:15:00.216 [INFO] strategy.window_handler: WINDOW_DECISION [SKIP] rank=1 side=up pnl=$0.0000 entry=0.00 size=$0.00 (conditions not met)[0m
[96m[1m2026-04-10 08:15:00.216 [INFO] strategy.window_tracker: new window: btc-updown-5m-1775808900 (ts=1775808900)[0m
2026-04-10 08:15:00.250 [INFO] market_data.clob_market_ws: CLOB market subscribed for tokens up=122247534608 down=526151694886
[96m2026-04-10 08:15:00.284 [INFO] strategy.window_handler: REGIME vol_stddev=0.084% chop_flips=4.0 outcome=2U/4D over 6w sprt=dormant llr=0.00 age=19w bankroll=$866.06[0m
[96m2026-04-10 08:15:00.284 [INFO] strategy.window_handler: KELLY wr_adj=87.3% base=94.9% total_disc=4.6% vol=0.0% chop=14.3% outcome=38.1% feedback=+0.0%[0m
[96m2026-04-10 08:15:00.285 [INFO] __main__: window open price captured: 71607.33 (tier 0 — oracle boundary, oracle_age=2000ms)[0m
[96m2026-04-10 08:15:00.285 [INFO] __main__: window open price captured: 71607.99 (binance)[0m
[2m2026-04-10 08:15:29.207 [INFO] __main__: STATUS t=271s delta=-0.0087% dir=down agree=True chain=71601.13 bin=71602.01 open=71607.33 obi=0.5023 ask_up=0.45 ask_dn=0.56 bid_up=0.44 bid_dn=0.55 halted=False[0m
[2m2026-04-10 08:15:59.339 [INFO] __main__: STATUS t=241s delta=-0.0073% dir=down agree=True chain=71602.14 bin=71602.01 open=71607.33 obi=0.5170 ask_up=0.56 ask_dn=0.45 bid_up=0.55 bid_dn=0.44 halted=False[0m
[2m2026-04-10 08:16:29.472 [INFO] __main__: STATUS t=211s delta=-0.0241% dir=down agree=True chain=71590.10 bin=71588.01 open=71607.33 obi=-0.4640 ask_up=0.40 ask_dn=0.61 bid_up=0.39 bid_dn=0.60 halted=False[0m
[2m2026-04-10 08:16:59.596 [INFO] __main__: STATUS t=180s delta=-0.0914% dir=down agree=True chain=71541.90 bin=71546.01 open=71607.33 obi=0.5372 ask_up=0.19 ask_dn=0.82 bid_up=0.18 bid_dn=0.81 halted=False[0m
[2m2026-04-10 08:17:29.737 [INFO] __main__: STATUS t=150s delta=-0.0599% dir=down agree=True chain=71564.48 bin=71560.03 open=71607.33 obi=-0.6926 ask_up=0.24 ask_dn=0.77 bid_up=0.23 bid_dn=0.76 halted=False[0m
2026-04-10 08:17:30.239 [INFO] strategy.momentum_signal: signal_eval rank=1 side=up latest_pct=-0.0661 stddev=0.0309 n=439 min_delta=0.07 max_var=0.050
[37m2026-04-10 08:17:30.239 [INFO] strategy.momentum_signal: [SKIP] rank=1 side=up reason=conditions_not_met latest_pct=-0.0661 need=>=0.07 stddev=0.0309 max_var=0.050[0m
[2m2026-04-10 08:17:59.864 [INFO] __main__: STATUS t=120s delta=-0.0341% dir=down agree=True chain=71582.88 bin=71590.00 open=71607.33 obi=0.8216 ask_up=0.43 ask_dn=0.58 bid_up=0.42 bid_dn=0.57 halted=False[0m
[2m2026-04-10 08:18:30.038 [INFO] __main__: STATUS t=90s delta=0.0027% dir=up agree=False chain=71609.25 bin=71605.60 open=71607.33 obi=0.3624 ask_up=0.56 ask_dn=0.45 bid_up=0.55 bid_dn=0.44 halted=False[0m
[2m2026-04-10 08:19:00.163 [INFO] __main__: STATUS t=60s delta=0.0308% dir=up agree=True chain=71629.37 bin=71629.99 open=71607.33 obi=-0.4275 ask_up=0.85 ask_dn=0.16 bid_up=0.84 bid_dn=0.15 halted=False[0m
[2m2026-04-10 08:19:30.316 [INFO] __main__: STATUS t=30s delta=0.0188% dir=up agree=True chain=71620.80 bin=71620.00 open=71607.33 obi=0.9580 ask_up=0.89 ask_dn=0.12 bid_up=0.88 bid_dn=0.11 halted=False[0m
[37m2026-04-10 08:20:00.191 [INFO] execution.paper_trading: paper window_ts=1775808900 [SKIP] pnl=0.0000 direction=up outcome=up - balance=$1017.57 bid_up=0.01 ask_up=1.00 bid_dn=0.01 ask_dn=0.99[0m
[93m[1m2026-04-10 08:20:00.191 [INFO] risk.position_tracker: WINDOW_SUMMARY window_pnl=$0.0000 session_pnl=$15.8632 won=$17.9432 lost=$2.0800 wr=75.0% (3/4) consec_losses=0[0m
[96m2026-04-10 08:20:00.196 [INFO] strategy.window_handler: REGIME chop_detected flips=6 delta_range=0.1457% avg_flips=3.8 over=6_windows[0m
[37m2026-04-10 08:20:00.200 [INFO] strategy.window_handler: WINDOW_DECISION [SKIP] rank=1 side=up pnl=$0.0000 entry=0.00 size=$0.00 (conditions not met)[0m
[96m[1m2026-04-10 08:20:00.201 [INFO] strategy.window_tracker: new window: btc-updown-5m-1775809200 (ts=1775809200)[0m
[96m2026-04-10 08:20:00.297 [INFO] strategy.window_handler: REGIME vol_stddev=0.077% chop_flips=3.8 outcome=3U/3D over 6w sprt=dormant llr=0.00 age=20w bankroll=$866.06[0m
[96m2026-04-10 08:20:00.297 [INFO] strategy.window_handler: KELLY wr_adj=90.4% base=94.9% total_disc=1.4% vol=0.0% chop=11.9% outcome=0.0% feedback=+0.0%[0m
[96m2026-04-10 08:20:00.298 [INFO] __main__: window open price captured: 71645.65 (tier 0 — oracle boundary, oracle_age=2000ms)[0m
[96m2026-04-10 08:20:00.298 [INFO] __main__: window open price captured: 71642.64 (binance)[0m
2026-04-10 08:20:00.303 [INFO] strategy.momentum_signal: momentum_signal: waiting for full market data
2026-04-10 08:20:00.483 [INFO] market_data.clob_market_ws: CLOB market subscribed for tokens up=759513394691 down=875251806970
[2m2026-04-10 08:20:00.555 [INFO] __main__: STATUS t=299s delta=0.0017% dir=up agree=False chain=71646.85 bin=71642.64 open=71645.65 obi=0.6542 ask_up=0.53 ask_dn=0.48 bid_up=0.52 bid_dn=0.47 halted=False[0m
[2m2026-04-10 08:20:30.760 [INFO] __main__: STATUS t=269s delta=0.0210% dir=up agree=True chain=71660.70 bin=71664.00 open=71645.65 obi=0.9713 ask_up=0.58 ask_dn=0.43 bid_up=0.57 bid_dn=0.42 halted=False[0m
[2m2026-04-10 08:21:00.909 [INFO] __main__: STATUS t=239s delta=0.0074% dir=up agree=True chain=71650.95 bin=71646.32 open=71645.65 obi=-0.3599 ask_up=0.51 ask_dn=0.50 bid_up=0.50 bid_dn=0.49 halted=False[0m
[2m2026-04-10 08:21:31.040 [INFO] __main__: STATUS t=209s delta=0.0108% dir=up agree=True chain=71653.39 bin=71653.87 open=71645.65 obi=-0.6908 ask_up=0.55 ask_dn=0.46 bid_up=0.54 bid_dn=0.45 halted=False[0m
[2m2026-04-10 08:22:01.173 [INFO] __main__: STATUS t=179s delta=-0.0007% dir=down agree=True chain=71645.15 bin=71639.21 open=71645.65 obi=-0.8290 ask_up=0.48 ask_dn=0.53 bid_up=0.47 bid_dn=0.52 halted=False[0m
2026-04-10 08:22:30.066 [INFO] strategy.momentum_signal: signal_eval rank=1 side=up latest_pct=-0.0153 stddev=0.0091 n=438 min_delta=0.07 max_var=0.050
[37m2026-04-10 08:22:30.067 [INFO] strategy.momentum_signal: [SKIP] rank=1 side=up reason=conditions_not_met latest_pct=-0.0153 need=>=0.07 stddev=0.0091 max_var=0.050[0m
[2m2026-04-10 08:22:31.322 [INFO] __main__: STATUS t=149s delta=-0.0133% dir=down agree=True chain=71636.14 bin=71634.70 open=71645.65 obi=-0.9941 ask_up=0.47 ask_dn=0.54 bid_up=0.46 bid_dn=0.53 halted=False[0m
[2m2026-04-10 08:23:01.453 [INFO] __main__: STATUS t=119s delta=-0.0098% dir=down agree=True chain=71638.63 bin=71634.71 open=71645.65 obi=-0.1804 ask_up=0.53 ask_dn=0.48 bid_up=0.52 bid_dn=0.47 halted=False[0m
[2m2026-04-10 08:23:31.590 [INFO] __main__: STATUS t=88s delta=-0.0047% dir=down agree=True chain=71642.32 bin=71643.86 open=71645.65 obi=0.3947 ask_up=0.61 ask_dn=0.40 bid_up=0.60 bid_dn=0.39 halted=False[0m
[2m2026-04-10 08:24:01.716 [INFO] __main__: STATUS t=58s delta=-0.0053% dir=down agree=False chain=71641.85 bin=71648.14 open=71645.65 obi=0.5798 ask_up=0.75 ask_dn=0.26 bid_up=0.74 bid_dn=0.25 halted=False[0m
[2m2026-04-10 08:24:31.846 [INFO] __main__: STATUS t=28s delta=0.0355% dir=up agree=True chain=71671.11 bin=71669.96 open=71645.65 obi=0.9721 ask_up=0.96 ask_dn=0.05 bid_up=0.95 bid_dn=0.04 halted=False[0m
[37m2026-04-10 08:25:00.223 [INFO] execution.paper_trading: paper window_ts=1775809200 [SKIP] pnl=0.0000 direction=up outcome=up - balance=$1017.57 bid_up=0.99 ask_up=1.00 bid_dn=0.01 ask_dn=0.01[0m
[93m[1m2026-04-10 08:25:00.223 [INFO] risk.position_tracker: WINDOW_SUMMARY window_pnl=$0.0000 session_pnl=$15.8632 won=$17.9432 lost=$2.0800 wr=75.0% (3/4) consec_losses=0[0m
[96m2026-04-10 08:25:00.225 [INFO] strategy.window_handler: REGIME chop_detected flips=4 delta_range=0.0587% avg_flips=4.2 over=6_windows[0m
[37m2026-04-10 08:25:00.230 [INFO] strategy.window_handler: WINDOW_DECISION [SKIP] rank=1 side=up pnl=$0.0000 entry=0.00 size=$0.00 (conditions not met)[0m
[96m[1m2026-04-10 08:25:00.230 [INFO] strategy.window_tracker: new window: btc-updown-5m-1775809500 (ts=1775809500)[0m
[96m2026-04-10 08:25:00.286 [INFO] strategy.window_handler: REGIME vol_stddev=0.078% chop_flips=4.2 outcome=4U/2D over 6w sprt=dormant llr=0.00 age=21w bankroll=$866.06[0m
[96m2026-04-10 08:25:00.286 [INFO] strategy.window_handler: KELLY wr_adj=89.9% base=94.9% total_disc=2.0% vol=0.0% chop=16.7% outcome=0.0% feedback=+0.0%[0m
[96m2026-04-10 08:25:00.286 [INFO] __main__: window open price captured: 71671.28 (tier 0 — oracle boundary, oracle_age=2000ms)[0m
[96m2026-04-10 08:25:00.286 [INFO] __main__: window open price captured: 71669.96 (binance)[0m
2026-04-10 08:25:00.287 [INFO] strategy.momentum_signal: momentum_signal: waiting for full market data
2026-04-10 08:25:00.689 [INFO] market_data.clob_market_ws: CLOB market subscribed for tokens up=724872209815 down=224560050321
[2m2026-04-10 08:25:02.064 [INFO] __main__: STATUS t=298s delta=-0.0017% dir=down agree=True chain=71670.08 bin=71669.95 open=71671.28 obi=0.1648 ask_up=0.51 ask_dn=0.50 bid_up=0.50 bid_dn=0.49 halted=False[0m
[2m2026-04-10 08:25:32.190 [INFO] __main__: STATUS t=268s delta=0.0029% dir=up agree=False chain=71673.34 bin=71669.95 open=71671.28 obi=0.9885 ask_up=0.57 ask_dn=0.44 bid_up=0.56 bid_dn=0.43 halted=False[0m
[2m2026-04-10 08:26:02.338 [INFO] __main__: STATUS t=238s delta=0.0260% dir=up agree=True chain=71689.92 bin=71690.39 open=71671.28 obi=-0.2401 ask_up=0.80 ask_dn=0.21 bid_up=0.79 bid_dn=0.20 halted=False[0m
[2m2026-04-10 08:26:32.470 [INFO] __main__: STATUS t=208s delta=0.0050% dir=up agree=True chain=71674.84 bin=71673.99 open=71671.28 obi=-0.5459 ask_up=0.53 ask_dn=0.48 bid_up=0.52 bid_dn=0.47 halted=False[0m
[2m2026-04-10 08:27:02.606 [INFO] __main__: STATUS t=177s delta=-0.0014% dir=down agree=True chain=71670.28 bin=71667.52 open=71671.28 obi=-0.3556 ask_up=0.52 ask_dn=0.49 bid_up=0.51 bid_dn=0.48 halted=False[0m
2026-04-10 08:27:30.230 [INFO] strategy.momentum_signal: signal_eval rank=1 side=up latest_pct=-0.0064 stddev=0.0125 n=438 min_delta=0.07 max_var=0.050
[37m2026-04-10 08:27:30.230 [INFO] strategy.momentum_signal: [SKIP] rank=1 side=up reason=conditions_not_met latest_pct=-0.0064 need=>=0.07 stddev=0.0125 max_var=0.050[0m
[2m2026-04-10 08:27:32.740 [INFO] __main__: STATUS t=147s delta=-0.0024% dir=down agree=True chain=71669.54 bin=71666.66 open=71671.28 obi=-0.6010 ask_up=0.47 ask_dn=0.54 bid_up=0.46 bid_dn=0.53 halted=False[0m
[2m2026-04-10 08:28:02.878 [INFO] __main__: STATUS t=117s delta=0.0027% dir=up agree=False chain=71673.22 bin=71664.76 open=71671.28 obi=-0.6169 ask_up=0.56 ask_dn=0.45 bid_up=0.55 bid_dn=0.44 halted=False[0m
[2m2026-04-10 08:28:33.006 [INFO] __main__: STATUS t=87s delta=-0.0246% dir=down agree=True chain=71653.68 bin=71650.97 open=71671.28 obi=-0.6773 ask_up=0.26 ask_dn=0.75 bid_up=0.25 bid_dn=0.74 halted=False[0m
[2m2026-04-10 08:29:03.138 [INFO] __main__: STATUS t=57s delta=-0.0305% dir=down agree=True chain=71649.41 bin=71643.14 open=71671.28 obi=0.2185 ask_up=0.17 ask_dn=0.84 bid_up=0.16 bid_dn=0.83 halted=False[0m
[2m2026-04-10 08:29:33.272 [INFO] __main__: STATUS t=27s delta=-0.0335% dir=down agree=True chain=71647.29 bin=71646.01 open=71671.28 obi=-0.1716 ask_up=0.05 ask_dn=0.96 bid_up=0.04 bid_dn=0.95 halted=False[0m
[37m2026-04-10 08:30:00.144 [INFO] execution.paper_trading: paper window_ts=1775809500 [SKIP] pnl=0.0000 direction=down outcome=down - balance=$1017.57 bid_up=0.01 ask_up=0.01 bid_dn=0.99 ask_dn=1.00[0m
[93m[1m2026-04-10 08:30:00.144 [INFO] risk.position_tracker: WINDOW_SUMMARY window_pnl=$0.0000 session_pnl=$15.8632 won=$17.9432 lost=$2.0800 wr=75.0% (3/4) consec_losses=0[0m
[96m2026-04-10 08:30:00.146 [INFO] strategy.window_handler: REGIME chop_detected flips=8 delta_range=0.0669% avg_flips=5.0 over=6_windows[0m
[37m2026-04-10 08:30:00.150 [INFO] strategy.window_handler: WINDOW_DECISION [SKIP] rank=1 side=up pnl=$0.0000 entry=0.00 size=$0.00 (conditions not met)[0m
[96m[1m2026-04-10 08:30:00.151 [INFO] strategy.window_tracker: new window: btc-updown-5m-1775809800 (ts=1775809800)[0m
[96m2026-04-10 08:30:00.265 [INFO] strategy.window_handler: REGIME vol_stddev=0.078% chop_flips=5.0 outcome=3U/3D over 6w sprt=dormant llr=0.00 age=22w bankroll=$866.06[0m
[96m2026-04-10 08:30:00.265 [INFO] strategy.window_handler: KELLY wr_adj=88.4% base=94.9% total_disc=3.4% vol=0.0% chop=28.6% outcome=0.0% feedback=+0.0%[0m
[96m2026-04-10 08:30:00.271 [INFO] __main__: window open price captured: 71644.69 (tier 0 — oracle boundary, oracle_age=1000ms)[0m
[96m2026-04-10 08:30:00.275 [INFO] __main__: window open price captured: 71643.27 (binance)[0m
2026-04-10 08:30:00.279 [INFO] strategy.momentum_signal: momentum_signal: waiting for full market data
2026-04-10 08:30:00.883 [INFO] market_data.clob_market_ws: CLOB market subscribed for tokens up=252233463218 down=909523625788
[2m2026-04-10 08:30:03.324 [INFO] __main__: STATUS t=297s delta=-0.0016% dir=down agree=True chain=71643.52 bin=71633.22 open=71644.69 obi=-0.8635 ask_up=0.41 ask_dn=0.60 bid_up=0.40 bid_dn=0.59 halted=False[0m
[2m2026-04-10 08:30:33.463 [INFO] __main__: STATUS t=267s delta=-0.0104% dir=down agree=True chain=71637.26 bin=71638.06 open=71644.69 obi=0.8148 ask_up=0.51 ask_dn=0.50 bid_up=0.50 bid_dn=0.49 halted=False[0m
[2m2026-04-10 08:31:03.593 [INFO] __main__: STATUS t=236s delta=0.0192% dir=up agree=True chain=71658.47 bin=71665.36 open=71644.69 obi=0.9920 ask_up=0.76 ask_dn=0.27 bid_up=0.73 bid_dn=0.24 halted=False[0m
[2m2026-04-10 08:31:33.723 [INFO] __main__: STATUS t=206s delta=0.0427% dir=up agree=True chain=71675.31 bin=71673.39 open=71644.69 obi=-0.6416 ask_up=0.75 ask_dn=0.26 bid_up=0.74 bid_dn=0.25 halted=False[0m
[2m2026-04-10 08:32:03.862 [INFO] __main__: STATUS t=176s delta=0.0452% dir=up agree=True chain=71677.10 bin=71676.78 open=71644.69 obi=-0.1464 ask_up=0.82 ask_dn=0.19 bid_up=0.81 bid_dn=0.18 halted=False[0m
2026-04-10 08:32:30.233 [INFO] strategy.momentum_signal: signal_eval rank=1 side=up latest_pct=0.0401 stddev=0.0167 n=438 min_delta=0.07 max_var=0.050
[37m2026-04-10 08:32:30.234 [INFO] strategy.momentum_signal: [SKIP] rank=1 side=up reason=conditions_not_met latest_pct=0.0401 need=>=0.07 stddev=0.0167 max_var=0.050[0m
[2m2026-04-10 08:32:34.000 [INFO] __main__: STATUS t=146s delta=0.0399% dir=up agree=True chain=71673.30 bin=71673.40 open=71644.69 obi=-0.8921 ask_up=0.77 ask_dn=0.24 bid_up=0.76 bid_dn=0.23 halted=False[0m
[2m2026-04-10 08:33:04.132 [INFO] __main__: STATUS t=116s delta=0.0400% dir=up agree=True chain=71673.38 bin=71673.41 open=71644.69 obi=-0.6791 ask_up=0.82 ask_dn=0.19 bid_up=0.81 bid_dn=0.18 halted=False[0m
[2m2026-04-10 08:33:34.259 [INFO] __main__: STATUS t=86s delta=0.0458% dir=up agree=True chain=71677.52 bin=71678.67 open=71644.69 obi=-0.3073 ask_up=0.90 ask_dn=0.11 bid_up=0.89 bid_dn=0.10 halted=False[0m
[2m2026-04-10 08:34:04.389 [INFO] __main__: STATUS t=56s delta=0.0024% dir=up agree=False chain=71646.45 bin=71641.61 open=71644.69 obi=0.1931 ask_up=0.62 ask_dn=0.39 bid_up=0.61 bid_dn=0.38 halted=False[0m
[2m2026-04-10 08:34:34.520 [INFO] __main__: STATUS t=25s delta=-0.0043% dir=down agree=True chain=71641.64 bin=71637.11 open=71644.69 obi=-0.9159 ask_up=0.31 ask_dn=0.70 bid_up=0.30 bid_dn=0.69 halted=False[0m
[37m2026-04-10 08:35:00.128 [INFO] execution.paper_trading: paper window_ts=1775809800 [SKIP] pnl=0.0000 direction=down outcome=down - balance=$1017.57 bid_up=0.01 ask_up=0.02 bid_dn=0.98 ask_dn=0.99[0m
[93m[1m2026-04-10 08:35:00.129 [INFO] risk.position_tracker: WINDOW_SUMMARY window_pnl=$0.0000 session_pnl=$15.8632 won=$17.9432 lost=$2.0800 wr=75.0% (3/4) consec_losses=0[0m
[96m2026-04-10 08:35:00.132 [INFO] strategy.window_handler: REGIME chop_detected flips=9 delta_range=0.0744% avg_flips=6.0 over=6_windows[0m
[37m2026-04-10 08:35:00.137 [INFO] strategy.window_handler: WINDOW_DECISION [SKIP] rank=1 side=up pnl=$0.0000 entry=0.00 size=$0.00 (conditions not met)[0m
[96m[1m2026-04-10 08:35:00.137 [INFO] strategy.window_tracker: new window: btc-updown-5m-1775810100 (ts=1775810100)[0m
[96m2026-04-10 08:35:00.200 [INFO] strategy.window_handler: REGIME vol_stddev=0.077% chop_flips=6.0 outcome=3U/3D over 6w sprt=dormant llr=0.00 age=23w bankroll=$866.06[0m
[96m2026-04-10 08:35:00.200 [INFO] strategy.window_handler: KELLY wr_adj=86.7% base=94.9% total_disc=5.1% vol=0.0% chop=42.9% outcome=0.0% feedback=+0.0%[0m
[96m2026-04-10 08:35:00.200 [INFO] __main__: window open price captured: 71640.94 (tier 0 — oracle boundary, oracle_age=1000ms)[0m
[96m2026-04-10 08:35:00.200 [INFO] __main__: window open price captured: 71636.00 (binance)[0m
2026-04-10 08:35:00.201 [INFO] strategy.momentum_signal: momentum_signal: waiting for full market data
2026-04-10 08:35:01.110 [INFO] market_data.clob_market_ws: CLOB market subscribed for tokens up=411337328265 down=784075373314
[2m2026-04-10 08:35:04.750 [INFO] __main__: STATUS t=295s delta=-0.0241% dir=down agree=True chain=71623.64 bin=71616.10 open=71640.94 obi=0.1028 ask_up=0.38 ask_dn=0.63 bid_up=0.37 bid_dn=0.62 halted=False[0m
[2m2026-04-10 08:35:34.875 [INFO] __main__: STATUS t=265s delta=-0.0304% dir=down agree=True chain=71619.16 bin=71614.09 open=71640.94 obi=-0.6590 ask_up=0.34 ask_dn=0.67 bid_up=0.33 bid_dn=0.66 halted=False[0m
[2m2026-04-10 08:36:05.033 [INFO] __main__: STATUS t=235s delta=0.0904% dir=up agree=True chain=71705.70 bin=71718.78 open=71640.94 obi=0.2055 ask_up=0.89 ask_dn=0.12 bid_up=0.88 bid_dn=0.11 halted=False[0m
[2m2026-04-10 08:36:35.161 [INFO] __main__: STATUS t=205s delta=0.0719% dir=up agree=True chain=71692.44 bin=71686.88 open=71640.94 obi=-0.5259 ask_up=0.79 ask_dn=0.22 bid_up=0.78 bid_dn=0.21 halted=False[0m
[2m2026-04-10 08:37:05.305 [INFO] __main__: STATUS t=175s delta=0.0714% dir=up agree=True chain=71692.08 bin=71686.88 open=71640.94 obi=0.5886 ask_up=0.85 ask_dn=0.16 bid_up=0.84 bid_dn=0.15 halted=False[0m
2026-04-10 08:37:30.165 [INFO] strategy.momentum_signal: signal_eval rank=1 side=up latest_pct=0.0579 stddev=0.0282 n=438 min_delta=0.07 max_var=0.050
[37m2026-04-10 08:37:30.165 [INFO] strategy.momentum_signal: [SKIP] rank=1 side=up reason=conditions_not_met latest_pct=0.0579 need=>=0.07 stddev=0.0282 max_var=0.050[0m
[2m2026-04-10 08:37:35.435 [INFO] __main__: STATUS t=145s delta=0.0589% dir=up agree=True chain=71683.14 bin=71682.42 open=71640.94 obi=-0.2397 ask_up=0.85 ask_dn=0.16 bid_up=0.84 bid_dn=0.15 halted=False[0m
[2m2026-04-10 08:38:05.565 [INFO] __main__: STATUS t=114s delta=0.0606% dir=up agree=True chain=71684.36 bin=71685.60 open=71640.94 obi=0.0249 ask_up=0.89 ask_dn=0.12 bid_up=0.88 bid_dn=0.11 halted=False[0m
[2m2026-04-10 08:38:35.692 [INFO] __main__: STATUS t=84s delta=0.1103% dir=up agree=True chain=71719.92 bin=71717.91 open=71640.94 obi=0.5304 ask_up=0.98 ask_dn=0.03 bid_up=0.97 bid_dn=0.02 halted=False[0m
[2m2026-04-10 08:39:05.844 [INFO] __main__: STATUS t=54s delta=0.1125% dir=up agree=True chain=71721.54 bin=71724.43 open=71640.94 obi=0.6578 ask_up=1.00 ask_dn=0.01 bid_up=0.99 bid_dn=0.01 halted=False[0m
[2m2026-04-10 08:39:35.981 [INFO] __main__: STATUS t=24s delta=0.1422% dir=up agree=True chain=71742.83 bin=71739.38 open=71640.94 obi=-0.3830 ask_up=1.00 ask_dn=0.01 bid_up=0.99 bid_dn=0.01 halted=False[0m
2026-04-10 08:39:54.852 [INFO] shared.ipc: IPC: received authenticated signal_update (summary=signals_summary_1775810394.json)
2026-04-10 08:39:54.852 [INFO] __main__: received new signal from orchestrator: rank=1 side=Up
[37m2026-04-10 08:40:00.094 [INFO] execution.paper_trading: paper window_ts=1775810100 [SKIP] pnl=0.0000 direction=up outcome=up - balance=$1017.57 bid_up=0.99 ask_up=1.00 bid_dn=0.01 ask_dn=0.01[0m
[93m[1m2026-04-10 08:40:00.095 [INFO] risk.position_tracker: WINDOW_SUMMARY window_pnl=$0.0000 session_pnl=$15.8632 won=$17.9432 lost=$2.0800 wr=75.0% (3/4) consec_losses=0[0m
[37m2026-04-10 08:40:00.104 [INFO] strategy.window_handler: WINDOW_DECISION [SKIP] rank=1 side=up pnl=$0.0000 entry=0.00 size=$0.00 (conditions not met)[0m
2026-04-10 08:40:00.104 [INFO] strategy.window_handler: Signal changed: up_260.0_150.0_0.07_0.05 -> up_250.0_160.0_0.07_0.05 (age was 24 windows)
2026-04-10 08:40:00.104 [INFO] strategy.window_handler: SIGNAL_SWAP_ACTIVE: {"rank":1,"side":"up","observeFromS":250.0,"observeToS":160.0,"minDeltaPct":0.07,"maxVariancePct":0.05,"trainWinRatePct":87.88,"oosWinRatePct":95.56,"oosBhAdjustedPValue":1.03285e-06,"oosMatches":45,"avgEntryPrice":0.8973,"evPerTrade":0.0282,"smartScore":14.83,"wfFoldsAppeared":5,"wfTotalTestFolds":6,"wfFoldIndices":[2,4,5,6,7]}
2026-04-10 08:40:00.105 [INFO] strategy.window_handler: switched to new signal: #1 up (previous: #1 up)
[96m[1m2026-04-10 08:40:00.105 [INFO] strategy.window_tracker: new window: btc-updown-5m-1775810400 (ts=1775810400)[0m
[96m2026-04-10 08:40:00.291 [INFO] strategy.window_handler: REGIME vol_stddev=0.085% chop_flips=5.5 outcome=3U/3D over 6w sprt=dormant llr=0.00 age=0w bankroll=$866.06[0m
[96m2026-04-10 08:40:00.294 [INFO] strategy.window_handler: KELLY wr_adj=88.3% base=95.6% total_disc=4.3% vol=0.0% chop=35.7% outcome=0.0% feedback=+0.0%[0m
[96m2026-04-10 08:40:00.303 [INFO] __main__: window open price captured: 71747.45 (tier 0 — oracle boundary, oracle_age=1000ms)[0m
[96m2026-04-10 08:40:00.304 [INFO] __main__: window open price captured: 71743.05 (binance)[0m
2026-04-10 08:40:00.306 [INFO] strategy.momentum_signal: momentum_signal: waiting for full market data
2026-04-10 08:40:00.320 [INFO] market_data.clob_market_ws: CLOB market subscribed for tokens up=385307511492 down=582184484835
[2m2026-04-10 08:40:06.148 [INFO] __main__: STATUS t=294s delta=-0.0123% dir=down agree=True chain=71738.64 bin=71728.28 open=71747.45 obi=-0.3812 ask_up=0.99 ask_dn=0.99 bid_up=0.01 bid_dn=0.01 halted=False[0m
[2m2026-04-10 08:40:36.277 [INFO] __main__: STATUS t=264s delta=-0.0081% dir=down agree=True chain=71741.64 bin=71741.61 open=71747.45 obi=0.5854 ask_up=0.48 ask_dn=0.53 bid_up=0.47 bid_dn=0.52 halted=False[0m
[2m2026-04-10 08:41:06.411 [INFO] __main__: STATUS t=234s delta=-0.0027% dir=down agree=True chain=71745.48 bin=71741.60 open=71747.45 obi=0.8038 ask_up=0.51 ask_dn=0.50 bid_up=0.50 bid_dn=0.49 halted=False[0m
[2m2026-04-10 08:41:36.543 [INFO] __main__: STATUS t=203s delta=0.0107% dir=up agree=True chain=71755.13 bin=71756.72 open=71747.45 obi=-0.6219 ask_up=0.59 ask_dn=0.42 bid_up=0.58 bid_dn=0.41 halted=False[0m
[2m2026-04-10 08:42:06.775 [INFO] __main__: STATUS t=173s delta=0.0077% dir=up agree=True chain=71752.97 bin=71749.78 open=71747.45 obi=-0.5625 ask_up=0.56 ask_dn=0.45 bid_up=0.55 bid_dn=0.44 halted=False[0m
2026-04-10 08:42:20.083 [INFO] strategy.momentum_signal: signal_eval rank=1 side=up latest_pct=0.0129 stddev=0.0083 n=358 min_delta=0.07 max_var=0.050
[37m2026-04-10 08:42:20.083 [INFO] strategy.momentum_signal: [SKIP] rank=1 side=up reason=conditions_not_met latest_pct=0.0129 need=>=0.07 stddev=0.0083 max_var=0.050[0m
[2m2026-04-10 08:42:36.901 [INFO] __main__: STATUS t=143s delta=0.0255% dir=up agree=True chain=71765.72 bin=71767.79 open=71747.45 obi=-0.2427 ask_up=0.74 ask_dn=0.27 bid_up=0.73 bid_dn=0.26 halted=False[0m
[2m2026-04-10 08:43:07.065 [INFO] __main__: STATUS t=113s delta=-0.0156% dir=down agree=True chain=71736.23 bin=71732.79 open=71747.45 obi=-0.1667 ask_up=0.45 ask_dn=0.56 bid_up=0.44 bid_dn=0.55 halted=False[0m
[2m2026-04-10 08:43:37.191 [INFO] __main__: STATUS t=83s delta=-0.0176% dir=down agree=True chain=71734.79 bin=71732.78 open=71747.45 obi=-0.2086 ask_up=0.35 ask_dn=0.66 bid_up=0.34 bid_dn=0.65 halted=False[0m
[2m2026-04-10 08:44:07.339 [INFO] __main__: STATUS t=53s delta=-0.0233% dir=down agree=True chain=71730.73 bin=71726.17 open=71747.45 obi=-0.4265 ask_up=0.18 ask_dn=0.83 bid_up=0.17 bid_dn=0.82 halted=False[0m
[2m2026-04-10 08:44:37.474 [INFO] __main__: STATUS t=23s delta=-0.0275% dir=down agree=True chain=71727.71 bin=71726.18 open=71747.45 obi=-0.6968 ask_up=0.04 ask_dn=0.97 bid_up=0.03 bid_dn=0.96 halted=False[0m
[37m2026-04-10 08:45:00.080 [INFO] execution.paper_trading: paper window_ts=1775810400 [SKIP] pnl=0.0000 direction=down outcome=down - balance=$1017.57 bid_up=0.01 ask_up=0.01 bid_dn=0.99 ask_dn=1.00[0m
[93m[1m2026-04-10 08:45:00.081 [INFO] risk.position_tracker: WINDOW_SUMMARY window_pnl=$0.0000 session_pnl=$15.8632 won=$17.9432 lost=$2.0800 wr=75.0% (3/4) consec_losses=0[0m
[96m2026-04-10 08:45:00.082 [INFO] strategy.window_handler: REGIME chop_detected flips=5 delta_range=0.0864% avg_flips=5.5 over=6_windows[0m
[37m2026-04-10 08:45:00.086 [INFO] strategy.window_handler: WINDOW_DECISION [SKIP] rank=1 side=up pnl=$0.0000 entry=0.00 size=$0.00 (conditions not met)[0m
[96m[1m2026-04-10 08:45:00.086 [INFO] strategy.window_tracker: new window: btc-updown-5m-1775810700 (ts=1775810700)[0m
[96m2026-04-10 08:45:00.159 [INFO] strategy.window_handler: REGIME vol_stddev=0.083% chop_flips=5.5 outcome=3U/3D over 6w sprt=dormant llr=0.00 age=1w bankroll=$866.06[0m
[96m2026-04-10 08:45:00.159 [INFO] strategy.window_handler: KELLY wr_adj=88.3% base=95.6% total_disc=4.3% vol=0.0% chop=35.7% outcome=0.0% feedback=+0.0%[0m
[96m2026-04-10 08:45:00.160 [INFO] __main__: window open price captured: 71707.65 (tier 0 — oracle boundary, oracle_age=2000ms)[0m
[96m2026-04-10 08:45:00.164 [INFO] __main__: window open price captured: 71700.24 (binance)[0m
2026-04-10 08:45:00.165 [INFO] strategy.momentum_signal: momentum_signal: waiting for full market data
2026-04-10 08:45:00.605 [INFO] market_data.clob_market_ws: CLOB market subscribed for tokens up=902344054830 down=967821430333
[2m2026-04-10 08:45:07.703 [INFO] __main__: STATUS t=292s delta=-0.0015% dir=down agree=True chain=71706.59 bin=71700.25 open=71707.65 obi=0.7676 ask_up=0.53 ask_dn=0.48 bid_up=0.52 bid_dn=0.47 halted=False[0m
[2m2026-04-10 08:45:37.828 [INFO] __main__: STATUS t=262s delta=-0.0176% dir=down agree=True chain=71695.06 bin=71690.68 open=71707.65 obi=0.1584 ask_up=0.50 ask_dn=0.51 bid_up=0.49 bid_dn=0.50 halted=False[0m
[2m2026-04-10 08:46:07.963 [INFO] __main__: STATUS t=232s delta=-0.0028% dir=down agree=True chain=71705.63 bin=71698.75 open=71707.65 obi=-0.8453 ask_up=0.52 ask_dn=0.50 bid_up=0.50 bid_dn=0.48 halted=False[0m
[2m2026-04-10 08:46:38.094 [INFO] __main__: STATUS t=202s delta=-0.0145% dir=down agree=True chain=71697.26 bin=71692.00 open=71707.65 obi=0.8591 ask_up=0.50 ask_dn=0.51 bid_up=0.49 bid_dn=0.50 halted=False[0m
[2m2026-04-10 08:47:08.231 [INFO] __main__: STATUS t=172s delta=0.0159% dir=up agree=True chain=71719.05 bin=71716.95 open=71707.65 obi=-0.4029 ask_up=0.68 ask_dn=0.33 bid_up=0.67 bid_dn=0.32 halted=False[0m
2026-04-10 08:47:20.031 [INFO] strategy.momentum_signal: signal_eval rank=1 side=up latest_pct=-0.0062 stddev=0.0129 n=358 min_delta=0.07 max_var=0.050
[37m2026-04-10 08:47:20.031 [INFO] strategy.momentum_signal: [SKIP] rank=1 side=up reason=conditions_not_met latest_pct=-0.0062 need=>=0.07 stddev=0.0129 max_var=0.050[0m
[2m2026-04-10 08:47:38.353 [INFO] __main__: STATUS t=142s delta=-0.0210% dir=down agree=True chain=71692.60 bin=71691.19 open=71707.65 obi=-0.9931 ask_up=0.36 ask_dn=0.65 bid_up=0.35 bid_dn=0.64 halted=False[0m
[2m2026-04-10 08:48:08.492 [INFO] __main__: STATUS t=112s delta=-0.1653% dir=down agree=True chain=71589.13 bin=71582.12 open=71707.65 obi=0.8737 ask_up=0.03 ask_dn=0.98 bid_up=0.02 bid_dn=0.97 halted=False[0m
[2m2026-04-10 08:48:38.639 [INFO] __main__: STATUS t=81s delta=-0.1832% dir=down agree=True chain=71576.27 bin=71571.44 open=71707.65 obi=-0.8858 ask_up=0.01 ask_dn=1.00 bid_up=0.01 bid_dn=0.99 halted=False[0m
[2m2026-04-10 08:49:08.790 [INFO] __main__: STATUS t=51s delta=-0.1964% dir=down agree=True chain=71566.79 bin=71556.00 open=71707.65 obi=-0.9880 ask_up=0.01 ask_dn=1.00 bid_up=0.01 bid_dn=0.99 halted=False[0m
[2m2026-04-10 08:49:38.922 [INFO] __main__: STATUS t=21s delta=-0.2136% dir=down agree=True chain=71554.49 bin=71550.29 open=71707.65 obi=-0.8719 ask_up=0.01 ask_dn=1.00 bid_up=0.01 bid_dn=0.99 halted=False[0m
[37m2026-04-10 08:50:00.020 [INFO] execution.paper_trading: paper window_ts=1775810700 [SKIP] pnl=0.0000 direction=down outcome=down - balance=$1017.57 bid_up=0.01 ask_up=0.01 bid_dn=0.99 ask_dn=1.00[0m
[93m[1m2026-04-10 08:50:00.020 [INFO] risk.position_tracker: WINDOW_SUMMARY window_pnl=$0.0000 session_pnl=$15.8632 won=$17.9432 lost=$2.0800 wr=75.0% (3/4) consec_losses=0[0m
[96m2026-04-10 08:50:00.022 [INFO] strategy.window_handler: REGIME chop_detected flips=4 delta_range=0.2499% avg_flips=5.2 over=6_windows[0m
[37m2026-04-10 08:50:00.026 [INFO] strategy.window_handler: WINDOW_DECISION [SKIP] rank=1 side=up pnl=$0.0000 entry=0.00 size=$0.00 (conditions not met)[0m
[96m[1m2026-04-10 08:50:00.026 [INFO] strategy.window_tracker: new window: btc-updown-5m-1775811000 (ts=1775811000)[0m
[96m2026-04-10 08:50:00.133 [INFO] strategy.window_handler: REGIME vol_stddev=0.092% chop_flips=5.2 outcome=2U/4D over 6w sprt=dormant llr=0.00 age=2w bankroll=$866.06[0m
[96m2026-04-10 08:50:00.133 [INFO] strategy.window_handler: KELLY wr_adj=88.0% base=95.6% total_disc=4.6% vol=0.0% chop=31.0% outcome=38.1% feedback=+0.0%[0m
[96m2026-04-10 08:50:00.134 [INFO] __main__: window open price captured: 71555.67 (tier 0 — oracle boundary, oracle_age=1000ms)[0m
[96m2026-04-10 08:50:00.134 [INFO] __main__: window open price captured: 71555.97 (binance)[0m
2026-04-10 08:50:00.137 [INFO] strategy.momentum_signal: momentum_signal: waiting for full market data
2026-04-10 08:50:00.896 [INFO] market_data.clob_market_ws: CLOB market subscribed for tokens up=444687777494 down=630297028072
[2m2026-04-10 08:50:09.024 [INFO] __main__: STATUS t=291s delta=-0.0032% dir=down agree=True chain=71553.38 bin=71546.33 open=71555.67 obi=-0.7986 ask_up=0.50 ask_dn=0.52 bid_up=0.48 bid_dn=0.50 halted=False[0m
[2m2026-04-10 08:50:39.144 [INFO] __main__: STATUS t=261s delta=-0.0473% dir=down agree=True chain=71521.83 bin=71518.41 open=71555.67 obi=-0.9422 ask_up=0.31 ask_dn=0.70 bid_up=0.30 bid_dn=0.69 halted=False[0m
[2m2026-04-10 08:51:09.286 [INFO] __main__: STATUS t=231s delta=-0.0393% dir=down agree=True chain=71527.52 bin=71525.55 open=71555.67 obi=-0.5348 ask_up=0.38 ask_dn=0.63 bid_up=0.37 bid_dn=0.62 halted=False[0m
[2m2026-04-10 08:51:39.410 [INFO] __main__: STATUS t=201s delta=-0.0441% dir=down agree=True chain=71524.07 bin=71519.03 open=71555.67 obi=0.0510 ask_up=0.31 ask_dn=0.70 bid_up=0.30 bid_dn=0.69 halted=False[0m
[2m2026-04-10 08:52:09.561 [INFO] __main__: STATUS t=170s delta=-0.0597% dir=down agree=True chain=71512.98 bin=71504.99 open=71555.67 obi=-0.1689 ask_up=0.21 ask_dn=0.80 bid_up=0.20 bid_dn=0.79 halted=False[0m
2026-04-10 08:52:20.107 [INFO] strategy.momentum_signal: signal_eval rank=1 side=up latest_pct=-0.0669 stddev=0.0128 n=358 min_delta=0.07 max_var=0.050
[37m2026-04-10 08:52:20.107 [INFO] strategy.momentum_signal: [SKIP] rank=1 side=up reason=conditions_not_met latest_pct=-0.0669 need=>=0.07 stddev=0.0128 max_var=0.050[0m
[2m2026-04-10 08:52:39.687 [INFO] __main__: STATUS t=140s delta=-0.0400% dir=down agree=True chain=71527.01 bin=71525.56 open=71555.67 obi=-0.0971 ask_up=0.31 ask_dn=0.70 bid_up=0.30 bid_dn=0.69 halted=False[0m
[2m2026-04-10 08:53:09.820 [INFO] __main__: STATUS t=110s delta=-0.0431% dir=down agree=True chain=71524.86 bin=71525.56 open=71555.67 obi=0.0566 ask_up=0.30 ask_dn=0.71 bid_up=0.29 bid_dn=0.70 halted=False[0m
[2m2026-04-10 08:53:39.946 [INFO] __main__: STATUS t=80s delta=-0.0484% dir=down agree=True chain=71521.02 bin=71520.83 open=71555.67 obi=0.9971 ask_up=0.23 ask_dn=0.79 bid_up=0.21 bid_dn=0.77 halted=False[0m
[2m2026-04-10 08:54:10.145 [INFO] __main__: STATUS t=50s delta=-0.0073% dir=down agree=True chain=71550.42 bin=71534.68 open=71555.67 obi=0.9759 ask_up=0.23 ask_dn=0.78 bid_up=0.22 bid_dn=0.77 halted=False[0m
[2m2026-04-10 08:54:40.277 [INFO] __main__: STATUS t=20s delta=0.0115% dir=up agree=False chain=71563.88 bin=71554.55 open=71555.67 obi=0.9983 ask_up=0.67 ask_dn=0.34 bid_up=0.66 bid_dn=0.33 halted=False[0m
[37m2026-04-10 08:55:00.122 [INFO] execution.paper_trading: paper window_ts=1775811000 [SKIP] pnl=0.0000 direction=up outcome=up - balance=$1017.57 bid_up=0.99 ask_up=1.00 bid_dn=0.01 ask_dn=0.01[0m
[93m[1m2026-04-10 08:55:00.122 [INFO] risk.position_tracker: WINDOW_SUMMARY window_pnl=$0.0000 session_pnl=$15.8632 won=$17.9432 lost=$2.0800 wr=75.0% (3/4) consec_losses=0[0m
[96m2026-04-10 08:55:00.124 [INFO] strategy.window_handler: REGIME chop_detected flips=4 delta_range=0.1320% avg_flips=5.2 over=6_windows[0m
[37m2026-04-10 08:55:00.129 [INFO] strategy.window_handler: WINDOW_DECISION [SKIP] rank=1 side=up pnl=$0.0000 entry=0.00 size=$0.00 (conditions not met)[0m
[96m[1m2026-04-10 08:55:00.130 [INFO] strategy.window_tracker: new window: btc-updown-5m-1775811300 (ts=1775811300)[0m
2026-04-10 08:55:00.170 [INFO] market_data.clob_market_ws: CLOB market subscribed for tokens up=837543222312 down=207337115530
[96m2026-04-10 08:55:00.192 [INFO] strategy.window_handler: REGIME vol_stddev=0.092% chop_flips=5.2 outcome=2U/4D over 6w sprt=dormant llr=0.00 age=3w bankroll=$866.06[0m
[96m2026-04-10 08:55:00.193 [INFO] strategy.window_handler: KELLY wr_adj=88.0% base=95.6% total_disc=4.6% vol=0.0% chop=31.0% outcome=38.1% feedback=+0.0%[0m
[96m2026-04-10 08:55:00.193 [INFO] __main__: window open price captured: 71595.40 (tier 0 — oracle boundary, oracle_age=1000ms)[0m
[96m2026-04-10 08:55:00.193 [INFO] __main__: window open price captured: 71593.11 (binance)[0m
2026-04-10 08:55:07.087 [INFO] shared.ipc: IPC: received authenticated signal_update (summary=signals_summary_1775811307.json)
2026-04-10 08:55:07.087 [INFO] __main__: received new signal from orchestrator: rank=1 side=Up
[2m2026-04-10 08:55:10.507 [INFO] __main__: STATUS t=289s delta=-0.0044% dir=down agree=True chain=71592.26 bin=71588.20 open=71595.40 obi=0.3058 ask_up=0.51 ask_dn=0.50 bid_up=0.50 bid_dn=0.49 halted=False[0m
[2m2026-04-10 08:55:40.641 [INFO] __main__: STATUS t=259s delta=-0.0155% dir=down agree=True chain=71584.33 bin=71576.51 open=71595.40 obi=0.7810 ask_up=0.48 ask_dn=0.53 bid_up=0.47 bid_dn=0.52 halted=False[0m
[2m2026-04-10 08:56:10.843 [INFO] __main__: STATUS t=229s delta=-0.0288% dir=down agree=True chain=71574.79 bin=71573.47 open=71595.40 obi=-0.6658 ask_up=0.38 ask_dn=0.63 bid_up=0.37 bid_dn=0.62 halted=False[0m
[2m2026-04-10 08:56:40.974 [INFO] __main__: STATUS t=199s delta=-0.0242% dir=down agree=True chain=71578.05 bin=71573.47 open=71595.40 obi=-0.0140 ask_up=0.39 ask_dn=0.62 bid_up=0.38 bid_dn=0.61 halted=False[0m
[2m2026-04-10 08:57:11.120 [INFO] __main__: STATUS t=169s delta=-0.0026% dir=down agree=True chain=71593.53 bin=71589.74 open=71595.40 obi=-0.3936 ask_up=0.50 ask_dn=0.51 bid_up=0.49 bid_dn=0.50 halted=False[0m
2026-04-10 08:57:20.162 [INFO] strategy.momentum_signal: signal_eval rank=1 side=up latest_pct=-0.0079 stddev=0.0092 n=358 min_delta=0.07 max_var=0.050
[37m2026-04-10 08:57:20.162 [INFO] strategy.momentum_signal: [SKIP] rank=1 side=up reason=conditions_not_met latest_pct=-0.0079 need=>=0.07 stddev=0.0092 max_var=0.050[0m
[2m2026-04-10 08:57:41.260 [INFO] __main__: STATUS t=139s delta=-0.0127% dir=down agree=True chain=71586.31 bin=71587.19 open=71595.40 obi=0.8059 ask_up=0.53 ask_dn=0.48 bid_up=0.52 bid_dn=0.47 halted=False[0m
[2m2026-04-10 08:58:11.391 [INFO] __main__: STATUS t=109s delta=0.0130% dir=up agree=True chain=71604.70 bin=71606.25 open=71595.40 obi=0.6189 ask_up=0.67 ask_dn=0.34 bid_up=0.66 bid_dn=0.33 halted=False[0m
[2m2026-04-10 08:58:41.520 [INFO] __main__: STATUS t=78s delta=0.0188% dir=up agree=True chain=71608.89 bin=71606.26 open=71595.40 obi=-0.3218 ask_up=0.68 ask_dn=0.33 bid_up=0.67 bid_dn=0.32 halted=False[0m
[2m2026-04-10 08:59:11.683 [INFO] __main__: STATUS t=48s delta=0.0076% dir=up agree=True chain=71600.85 bin=71599.25 open=71595.40 obi=-0.0851 ask_up=0.65 ask_dn=0.36 bid_up=0.64 bid_dn=0.35 halted=False[0m
[2m2026-04-10 08:59:41.813 [INFO] __main__: STATUS t=18s delta=0.0173% dir=up agree=True chain=71607.76 bin=71606.07 open=71595.40 obi=-0.3996 ask_up=0.87 ask_dn=0.14 bid_up=0.86 bid_dn=0.13 halted=False[0m
[37m2026-04-10 09:00:00.151 [INFO] execution.paper_trading: paper window_ts=1775811300 [SKIP] pnl=0.0000 direction=up outcome=up - balance=$1017.57 bid_up=0.99 ask_up=1.00 bid_dn=0.01 ask_dn=0.01[0m
[93m[1m2026-04-10 09:00:00.151 [INFO] risk.position_tracker: WINDOW_SUMMARY window_pnl=$0.0000 session_pnl=$15.8632 won=$17.9432 lost=$2.0800 wr=75.0% (3/4) consec_losses=0[0m
[96m2026-04-10 09:00:00.153 [INFO] strategy.window_handler: REGIME chop_detected flips=6 delta_range=0.0614% avg_flips=4.8 over=6_windows[0m
[37m2026-04-10 09:00:00.156 [INFO] strategy.window_handler: WINDOW_DECISION [SKIP] rank=1 side=up pnl=$0.0000 entry=0.00 size=$0.00 (conditions not met)[0m
[95m2026-04-10 09:00:00.156 [INFO] strategy.window_handler: Signal refreshed (same pattern): up_250.0_160.0_0.07_0.05 — rank 1->1, keeping SPRT state (age=4w, trades=0, LLR=0.00)[0m
2026-04-10 09:00:00.157 [INFO] strategy.window_handler: SIGNAL_SWAP_ACTIVE: {"rank":1,"side":"up","observeFromS":250.0,"observeToS":160.0,"minDeltaPct":0.07,"maxVariancePct":0.05,"trainWinRatePct":87.69,"oosWinRatePct":100.0,"oosBhAdjustedPValue":1.63724e-06,"oosMatches":35,"avgEntryPrice":0.8914,"evPerTrade":0.0786,"smartScore":59.77,"wfFoldsAppeared":5,"wfTotalTestFolds":6,"wfFoldIndices":[3,4,5,6,7]}
2026-04-10 09:00:00.157 [INFO] strategy.window_handler: switched to new signal: #1 up (previous: #1 up)
[96m[1m2026-04-10 09:00:00.157 [INFO] strategy.window_tracker: new window: btc-updown-5m-1775811600 (ts=1775811600)[0m
[96m2026-04-10 09:00:00.234 [INFO] strategy.window_handler: REGIME vol_stddev=0.092% chop_flips=4.8 outcome=3U/3D over 6w sprt=dormant llr=0.00 age=4w bankroll=$866.06[0m
[96m2026-04-10 09:00:00.235 [INFO] strategy.window_handler: KELLY wr_adj=93.9% base=100.0% total_disc=3.1% vol=0.0% chop=26.2% outcome=0.0% feedback=+0.0%[0m
[96m2026-04-10 09:00:00.237 [INFO] __main__: window open price captured: 71610.70 (tier 0 — oracle boundary, oracle_age=1000ms)[0m
[96m2026-04-10 09:00:00.238 [INFO] __main__: window open price captured: 71606.07 (binance)[0m
2026-04-10 09:00:00.238 [INFO] strategy.momentum_signal: momentum_signal: waiting for full market data
2026-04-10 09:00:00.364 [INFO] market_data.clob_market_ws: CLOB market subscribed for tokens up=869825228322 down=667880684916
[2m2026-04-10 09:00:11.856 [INFO] __main__: STATUS t=288s delta=0.0003% dir=up agree=False chain=71610.91 bin=71606.08 open=71610.70 obi=0.8102 ask_up=0.51 ask_dn=0.50 bid_up=0.50 bid_dn=0.49 halted=False[0m
[2m2026-04-10 09:00:41.985 [INFO] __main__: STATUS t=258s delta=0.0015% dir=up agree=False chain=71611.79 bin=71606.08 open=71610.70 obi=0.0445 ask_up=0.52 ask_dn=0.49 bid_up=0.51 bid_dn=0.48 halted=False[0m
[2m2026-04-10 09:01:12.166 [INFO] __main__: STATUS t=228s delta=-0.0111% dir=down agree=True chain=71602.76 bin=71596.53 open=71610.70 obi=0.5973 ask_up=0.46 ask_dn=0.55 bid_up=0.45 bid_dn=0.54 halted=False[0m
[2m2026-04-10 09:01:42.300 [INFO] __main__: STATUS t=198s delta=0.0129% dir=up agree=True chain=71619.97 bin=71618.32 open=71610.70 obi=0.0175 ask_up=0.58 ask_dn=0.43 bid_up=0.57 bid_dn=0.42 halted=False[0m
[2m2026-04-10 09:02:12.445 [INFO] __main__: STATUS t=168s delta=-0.0182% dir=down agree=True chain=71597.64 bin=71605.46 open=71610.70 obi=0.7519 ask_up=0.53 ask_dn=0.48 bid_up=0.52 bid_dn=0.47 halted=False[0m
2026-04-10 09:02:20.227 [INFO] strategy.momentum_signal: signal_eval rank=1 side=up latest_pct=0.0006 stddev=0.0139 n=359 min_delta=0.07 max_var=0.050
[37m2026-04-10 09:02:20.227 [INFO] strategy.momentum_signal: [SKIP] rank=1 side=up reason=conditions_not_met latest_pct=0.0006 need=>=0.07 stddev=0.0139 max_var=0.050[0m
[2m2026-04-10 09:02:42.577 [INFO] __main__: STATUS t=137s delta=0.0481% dir=up agree=True chain=71645.12 bin=71650.92 open=71610.70 obi=0.5463 ask_up=0.90 ask_dn=0.11 bid_up=0.89 bid_dn=0.10 halted=False[0m
2026-04-10 09:02:59.455 [INFO] utils.reconnect: rtds connected to wss://ws-live-data.polymarket.com
2026-04-10 09:02:59.455 [INFO] market_data.rtds_ws: RTDS subscribed to chainlink
[2m2026-04-10 09:03:12.708 [INFO] __main__: STATUS t=107s delta=0.0750% dir=up agree=True chain=71664.39 bin=71660.00 open=71610.70 obi=0.9006 ask_up=0.93 ask_dn=0.08 bid_up=0.92 bid_dn=0.07 halted=False[0m
[2m2026-04-10 09:03:42.836 [INFO] __main__: STATUS t=77s delta=0.0892% dir=up agree=True chain=71674.54 bin=71667.45 open=71610.70 obi=-0.1023 ask_up=0.97 ask_dn=0.04 bid_up=0.96 bid_dn=0.03 halted=False[0m
[2m2026-04-10 09:04:12.972 [INFO] __main__: STATUS t=47s delta=0.0923% dir=up agree=True chain=71676.78 bin=71678.67 open=71610.70 obi=0.9551 ask_up=0.99 ask_dn=0.02 bid_up=0.98 bid_dn=0.01 halted=False[0m
[2m2026-04-10 09:04:43.111 [INFO] __main__: STATUS t=17s delta=0.1151% dir=up agree=True chain=71693.11 bin=71690.01 open=71610.70 obi=0.1011 ask_up=1.00 ask_dn=0.01 bid_up=0.99 bid_dn=0.01 halted=False[0m
[37m2026-04-10 09:05:00.193 [INFO] execution.paper_trading: paper window_ts=1775811600 [SKIP] pnl=0.0000 direction=up outcome=up - balance=$1017.57 bid_up=0.99 ask_up=1.00 bid_dn=0.01 ask_dn=0.01[0m
[93m[1m2026-04-10 09:05:00.196 [INFO] risk.position_tracker: WINDOW_SUMMARY window_pnl=$0.0000 session_pnl=$15.8632 won=$17.9432 lost=$2.0800 wr=75.0% (3/4) consec_losses=0[0m
[96m2026-04-10 09:05:00.200 [INFO] strategy.window_handler: REGIME chop_detected flips=16 delta_range=0.1475% avg_flips=6.0 over=6_windows[0m
[37m2026-04-10 09:05:00.203 [INFO] strategy.window_handler: WINDOW_DECISION [SKIP] rank=1 side=up pnl=$0.0000 entry=0.00 size=$0.00 (conditions not met)[0m
[96m[1m2026-04-10 09:05:00.204 [INFO] strategy.window_tracker: new window: btc-updown-5m-1775811900 (ts=1775811900)[0m
[96m2026-04-10 09:05:00.287 [INFO] strategy.window_handler: REGIME vol_stddev=0.095% chop_flips=6.0 outcome=4U/2D over 6w sprt=dormant llr=0.00 age=5w bankroll=$866.06[0m
[96m2026-04-10 09:05:00.287 [INFO] strategy.window_handler: KELLY wr_adj=91.9% base=100.0% total_disc=5.1% vol=0.0% chop=42.9% outcome=0.0% feedback=+0.0%[0m
[96m2026-04-10 09:05:00.287 [INFO] __main__: window open price captured: 71678.24 (tier 0 — oracle boundary, oracle_age=2000ms)[0m
[96m2026-04-10 09:05:00.288 [INFO] __main__: window open price captured: 71675.92 (binance)[0m
2026-04-10 09:05:00.288 [INFO] strategy.momentum_signal: momentum_signal: waiting for full market data
2026-04-10 09:05:00.598 [INFO] market_data.clob_market_ws: CLOB market subscribed for tokens up=110672728353 down=114243201946
[2m2026-04-10 09:05:13.154 [INFO] __main__: STATUS t=287s delta=0.0005% dir=up agree=False chain=71678.59 bin=71675.93 open=71678.24 obi=-0.3578 ask_up=0.49 ask_dn=0.52 bid_up=0.48 bid_dn=0.51 halted=False[0m
[2m2026-04-10 09:05:43.287 [INFO] __main__: STATUS t=257s delta=-0.0078% dir=down agree=True chain=71672.67 bin=71668.07 open=71678.24 obi=-0.4417 ask_up=0.46 ask_dn=0.55 bid_up=0.45 bid_dn=0.54 halted=False[0m
[2m2026-04-10 09:06:13.532 [INFO] __main__: STATUS t=226s delta=0.0150% dir=up agree=True chain=71688.99 bin=71685.06 open=71678.24 obi=-0.4744 ask_up=0.58 ask_dn=0.43 bid_up=0.57 bid_dn=0.42 halted=False[0m
[2m2026-04-10 09:06:43.656 [INFO] __main__: STATUS t=196s delta=0.0081% dir=up agree=True chain=71684.01 bin=71678.67 open=71678.24 obi=0.8880 ask_up=0.59 ask_dn=0.42 bid_up=0.58 bid_dn=0.41 halted=False[0m
[2m2026-04-10 09:07:13.815 [INFO] __main__: STATUS t=166s delta=0.0089% dir=up agree=True chain=71684.59 bin=71678.67 open=71678.24 obi=0.0956 ask_up=0.55 ask_dn=0.46 bid_up=0.54 bid_dn=0.45 halted=False[0m
2026-04-10 09:07:20.094 [INFO] strategy.momentum_signal: signal_eval rank=1 side=up latest_pct=0.0006 stddev=0.0097 n=358 min_delta=0.07 max_var=0.050
[37m2026-04-10 09:07:20.094 [INFO] strategy.momentum_signal: [SKIP] rank=1 side=up reason=conditions_not_met latest_pct=0.0006 need=>=0.07 stddev=0.0097 max_var=0.050[0m
[2m2026-04-10 09:07:43.942 [INFO] __main__: STATUS t=136s delta=-0.0017% dir=down agree=True chain=71677.01 bin=71669.56 open=71678.24 obi=0.8172 ask_up=0.50 ask_dn=0.51 bid_up=0.49 bid_dn=0.50 halted=False[0m
[2m2026-04-10 09:08:14.071 [INFO] __main__: STATUS t=106s delta=-0.0042% dir=down agree=True chain=71675.24 bin=71670.35 open=71678.24 obi=-0.1786 ask_up=0.43 ask_dn=0.58 bid_up=0.42 bid_dn=0.57 halted=False[0m
[2m2026-04-10 09:08:44.198 [INFO] __main__: STATUS t=76s delta=0.0067% dir=up agree=True chain=71683.04 bin=71678.67 open=71678.24 obi=0.9538 ask_up=0.67 ask_dn=0.34 bid_up=0.66 bid_dn=0.33 halted=False[0m
[2m2026-04-10 09:09:14.369 [INFO] __main__: STATUS t=46s delta=0.0119% dir=up agree=True chain=71686.75 bin=71685.17 open=71678.24 obi=-0.1776 ask_up=0.70 ask_dn=0.31 bid_up=0.69 bid_dn=0.30 halted=False[0m
[2m2026-04-10 09:09:44.498 [INFO] __main__: STATUS t=16s delta=-0.0078% dir=down agree=True chain=71672.65 bin=71668.93 open=71678.24 obi=-0.6220 ask_up=0.16 ask_dn=0.85 bid_up=0.15 bid_dn=0.84 halted=False[0m
[37m2026-04-10 09:10:00.069 [INFO] execution.paper_trading: paper window_ts=1775811900 [SKIP] pnl=0.0000 direction=down outcome=down - balance=$1017.57 bid_up=0.01 ask_up=0.01 bid_dn=0.99 ask_dn=1.00[0m
[93m[1m2026-04-10 09:10:00.069 [INFO] risk.position_tracker: WINDOW_SUMMARY window_pnl=$0.0000 session_pnl=$15.8632 won=$17.9432 lost=$2.0800 wr=75.0% (3/4) consec_losses=0[0m
[96m2026-04-10 09:10:00.071 [INFO] strategy.window_handler: REGIME chop_detected flips=16 delta_range=0.0539% avg_flips=8.5 over=6_windows[0m
[37m2026-04-10 09:10:00.077 [INFO] strategy.window_handler: WINDOW_DECISION [SKIP] rank=1 side=up pnl=$0.0000 entry=0.00 size=$0.00 (conditions not met)[0m
[96m[1m2026-04-10 09:10:00.077 [INFO] strategy.window_tracker: new window: btc-updown-5m-1775812200 (ts=1775812200)[0m
[96m2026-04-10 09:10:00.142 [INFO] strategy.window_handler: REGIME vol_stddev=0.094% chop_flips=8.5 outcome=3U/3D over 6w sprt=dormant llr=0.00 age=6w bankroll=$866.06[0m
[96m2026-04-10 09:10:00.142 [INFO] strategy.window_handler: KELLY wr_adj=87.6% base=100.0% total_disc=9.4% vol=0.0% chop=78.6% outcome=0.0% feedback=+0.0%[0m
[96m2026-04-10 09:10:00.143 [INFO] __main__: window open price captured: 71668.77 (tier 0 — oracle boundary, oracle_age=1000ms)[0m
[96m2026-04-10 09:10:00.144 [INFO] __main__: window open price captured: 71666.88 (binance)[0m
2026-04-10 09:10:00.145 [INFO] strategy.momentum_signal: momentum_signal: waiting for full market data
2026-04-10 09:10:00.830 [INFO] market_data.clob_market_ws: CLOB market subscribed for tokens up=368521766761 down=954075694824
[2m2026-04-10 09:10:14.713 [INFO] __main__: STATUS t=285s delta=-0.0183% dir=down agree=True chain=71655.63 bin=71652.12 open=71668.77 obi=-0.9970 ask_up=0.41 ask_dn=0.60 bid_up=0.40 bid_dn=0.59 halted=False[0m
2026-04-10 09:10:19.421 [INFO] shared.ipc: IPC: received authenticated signal_update (summary=signals_summary_1775812219.json)
2026-04-10 09:10:19.421 [INFO] __main__: received new signal from orchestrator: rank=1 side=Up
[2m2026-04-10 09:10:44.843 [INFO] __main__: STATUS t=255s delta=-0.0242% dir=down agree=True chain=71651.45 bin=71644.01 open=71668.77 obi=0.3463 ask_up=0.40 ask_dn=0.61 bid_up=0.39 bid_dn=0.60 halted=False[0m
[2m2026-04-10 09:11:15.000 [INFO] __main__: STATUS t=225s delta=-0.0177% dir=down agree=True chain=71656.05 bin=71653.69 open=71668.77 obi=0.3499 ask_up=0.46 ask_dn=0.55 bid_up=0.45 bid_dn=0.54 halted=False[0m
[2m2026-04-10 09:11:45.129 [INFO] __main__: STATUS t=195s delta=-0.0022% dir=down agree=True chain=71667.16 bin=71664.53 open=71668.77 obi=0.1109 ask_up=0.51 ask_dn=0.50 bid_up=0.50 bid_dn=0.49 halted=False[0m
[2m2026-04-10 09:12:15.271 [INFO] __main__: STATUS t=165s delta=0.0063% dir=up agree=True chain=71673.27 bin=71671.46 open=71668.77 obi=-0.2675 ask_up=0.53 ask_dn=0.48 bid_up=0.52 bid_dn=0.47 halted=False[0m
2026-04-10 09:12:20.043 [INFO] strategy.momentum_signal: signal_eval rank=1 side=up latest_pct=0.0038 stddev=0.0128 n=358 min_delta=0.07 max_var=0.050
[37m2026-04-10 09:12:20.043 [INFO] strategy.momentum_signal: [SKIP] rank=1 side=up reason=conditions_not_met latest_pct=0.0038 need=>=0.07 stddev=0.0128 max_var=0.050[0m
[2m2026-04-10 09:12:45.401 [INFO] __main__: STATUS t=135s delta=0.0076% dir=up agree=True chain=71674.22 bin=71671.47 open=71668.77 obi=0.6441 ask_up=0.58 ask_dn=0.43 bid_up=0.57 bid_dn=0.42 halted=False[0m
[2m2026-04-10 09:13:15.558 [INFO] __main__: STATUS t=104s delta=0.0277% dir=up agree=True chain=71688.61 bin=71686.85 open=71668.77 obi=0.0929 ask_up=0.75 ask_dn=0.26 bid_up=0.74 bid_dn=0.25 halted=False[0m
[2m2026-04-10 09:13:45.693 [INFO] __main__: STATUS t=74s delta=0.0327% dir=up agree=True chain=71692.22 bin=71686.86 open=71668.77 obi=0.6980 ask_up=0.83 ask_dn=0.18 bid_up=0.82 bid_dn=0.17 halted=False[0m
[2m2026-04-10 09:14:15.853 [INFO] __main__: STATUS t=44s delta=0.0319% dir=up agree=True chain=71691.65 bin=71693.49 open=71668.77 obi=0.3783 ask_up=0.90 ask_dn=0.11 bid_up=0.89 bid_dn=0.10 halted=False[0m
[2m2026-04-10 09:14:45.988 [INFO] __main__: STATUS t=14s delta=0.0361% dir=up agree=True chain=71694.67 bin=71693.50 open=71668.77 obi=-0.2290 ask_up=0.99 ask_dn=0.02 bid_up=0.98 bid_dn=0.01 halted=False[0m
[37m2026-04-10 09:15:00.053 [INFO] execution.paper_trading: paper window_ts=1775812200 [SKIP] pnl=0.0000 direction=up outcome=up - balance=$1017.57 bid_up=0.99 ask_up=1.00 bid_dn=0.01 ask_dn=0.01[0m
[93m[1m2026-04-10 09:15:00.053 [INFO] risk.position_tracker: WINDOW_SUMMARY window_pnl=$0.0000 session_pnl=$15.8632 won=$17.9432 lost=$2.0800 wr=75.0% (3/4) consec_losses=0[0m
[96m2026-04-10 09:15:00.055 [INFO] strategy.window_handler: REGIME chop_detected flips=6 delta_range=0.0757% avg_flips=8.7 over=6_windows[0m
[37m2026-04-10 09:15:00.061 [INFO] strategy.window_handler: WINDOW_DECISION [SKIP] rank=1 side=up pnl=$0.0000 entry=0.00 size=$0.00 (conditions not met)[0m
[95m2026-04-10 09:15:00.061 [INFO] strategy.window_handler: Signal refreshed (same pattern): up_250.0_160.0_0.07_0.05 — rank 1->1, keeping SPRT state (age=7w, trades=0, LLR=0.00)[0m
2026-04-10 09:15:00.061 [INFO] strategy.window_handler: SIGNAL_SWAP_ACTIVE: {"rank":1,"side":"up","observeFromS":250.0,"observeToS":160.0,"minDeltaPct":0.07,"maxVariancePct":0.05,"trainWinRatePct":87.5,"oosWinRatePct":94.59,"oosBhAdjustedPValue":1.4751e-06,"oosMatches":37,"avgEntryPrice":0.8881,"evPerTrade":0.0278,"smartScore":11.45,"wfFoldsAppeared":5,"wfTotalTestFolds":6,"wfFoldIndices":[2,3,5,6,7]}
2026-04-10 09:15:00.061 [INFO] strategy.window_handler: switched to new signal: #1 up (previous: #1 up)
[96m[1m2026-04-10 09:15:00.062 [INFO] strategy.window_tracker: new window: btc-updown-5m-1775812500 (ts=1775812500)[0m
[96m2026-04-10 09:15:00.157 [INFO] strategy.window_handler: REGIME vol_stddev=0.094% chop_flips=8.7 outcome=4U/2D over 6w sprt=dormant llr=0.00 age=7w bankroll=$866.06[0m
[96m2026-04-10 09:15:00.157 [INFO] strategy.window_handler: KELLY wr_adj=81.9% base=94.6% total_disc=9.7% vol=0.0% chop=81.0% outcome=0.0% feedback=+0.0%[0m
[96m2026-04-10 09:15:00.157 [INFO] __main__: window open price captured: 71699.12 (tier 0 — oracle boundary, oracle_age=2000ms)[0m
[96m2026-04-10 09:15:00.158 [INFO] __main__: window open price captured: 71693.50 (binance)[0m
2026-04-10 09:15:00.158 [INFO] strategy.momentum_signal: momentum_signal: waiting for full market data
2026-04-10 09:15:01.071 [INFO] market_data.clob_market_ws: CLOB market subscribed for tokens up=207904415960 down=475180352744
[2m2026-04-10 09:15:16.019 [INFO] __main__: STATUS t=284s delta=-0.0028% dir=down agree=True chain=71697.13 bin=71693.49 open=71699.12 obi=-0.6761 ask_up=0.42 ask_dn=0.59 bid_up=0.41 bid_dn=0.58 halted=False[0m
[2m2026-04-10 09:15:46.142 [INFO] __main__: STATUS t=254s delta=-0.0064% dir=down agree=True chain=71694.50 bin=71693.49 open=71699.12 obi=-0.3141 ask_up=0.50 ask_dn=0.51 bid_up=0.49 bid_dn=0.50 halted=False[0m
[2m2026-04-10 09:16:16.284 [INFO] __main__: STATUS t=224s delta=0.0201% dir=up agree=True chain=71713.53 bin=71712.86 open=71699.12 obi=0.0455 ask_up=0.69 ask_dn=0.32 bid_up=0.68 bid_dn=0.31 halted=False[0m
[2m2026-04-10 09:16:46.409 [INFO] __main__: STATUS t=194s delta=0.0340% dir=up agree=True chain=71723.48 bin=71720.40 open=71699.12 obi=-0.8172 ask_up=0.65 ask_dn=0.36 bid_up=0.64 bid_dn=0.35 halted=False[0m
[2m2026-04-10 09:17:16.544 [INFO] __main__: STATUS t=163s delta=0.0013% dir=up agree=False chain=71700.05 bin=71697.49 open=71699.12 obi=-0.7702 ask_up=0.43 ask_dn=0.58 bid_up=0.42 bid_dn=0.57 halted=False[0m
2026-04-10 09:17:20.062 [INFO] strategy.momentum_signal: signal_eval rank=1 side=up latest_pct=-0.0023 stddev=0.0142 n=358 min_delta=0.07 max_var=0.050
[37m2026-04-10 09:17:20.062 [INFO] strategy.momentum_signal: [SKIP] rank=1 side=up reason=conditions_not_met latest_pct=-0.0023 need=>=0.07 stddev=0.0142 max_var=0.050[0m
[2m2026-04-10 09:17:46.677 [INFO] __main__: STATUS t=133s delta=-0.0026% dir=down agree=True chain=71697.24 bin=71696.61 open=71699.12 obi=0.5917 ask_up=0.53 ask_dn=0.48 bid_up=0.52 bid_dn=0.47 halted=False[0m
[2m2026-04-10 09:18:16.903 [INFO] __main__: STATUS t=103s delta=-0.0081% dir=down agree=True chain=71693.33 bin=71691.28 open=71699.12 obi=-0.7850 ask_up=0.38 ask_dn=0.63 bid_up=0.37 bid_dn=0.62 halted=False[0m
[2m2026-04-10 09:18:47.031 [INFO] __main__: STATUS t=73s delta=-0.0044% dir=down agree=True chain=71695.95 bin=71691.27 open=71699.12 obi=0.2419 ask_up=0.46 ask_dn=0.55 bid_up=0.45 bid_dn=0.54 halted=False[0m
[2m2026-04-10 09:19:17.164 [INFO] __main__: STATUS t=43s delta=0.1317% dir=up agree=True chain=71793.54 bin=71809.07 open=71699.12 obi=0.2771 ask_up=1.00 ask_dn=0.01 bid_up=0.99 bid_dn=0.01 halted=False[0m
[2m2026-04-10 09:19:47.313 [INFO] __main__: STATUS t=13s delta=0.1681% dir=up agree=True chain=71819.65 bin=71807.23 open=71699.12 obi=-0.8283 ask_up=1.00 ask_dn=0.01 bid_up=0.99 bid_dn=0.01 halted=False[0m
[37m2026-04-10 09:20:00.125 [INFO] execution.paper_trading: paper window_ts=1775812500 [SKIP] pnl=0.0000 direction=up outcome=up - balance=$1017.57 bid_up=0.99 ask_up=1.00 bid_dn=0.01 ask_dn=0.01[0m
[93m[1m2026-04-10 09:20:00.125 [INFO] risk.position_tracker: WINDOW_SUMMARY window_pnl=$0.0000 session_pnl=$15.8632 won=$17.9432 lost=$2.0800 wr=75.0% (3/4) consec_losses=0[0m
[96m2026-04-10 09:20:00.128 [INFO] strategy.window_handler: REGIME chop_detected flips=20 delta_range=0.2287% avg_flips=11.3 over=6_windows[0m
[37m2026-04-10 09:20:00.132 [INFO] strategy.window_handler: WINDOW_DECISION [SKIP] rank=1 side=up pnl=$0.0000 entry=0.00 size=$0.00 (conditions not met)[0m
[96m[1m2026-04-10 09:20:00.132 [INFO] strategy.window_tracker: new window: btc-updown-5m-1775812800 (ts=1775812800)[0m
[96m2026-04-10 09:20:00.191 [INFO] strategy.window_handler: REGIME vol_stddev=0.100% chop_flips=11.3 outcome=5U/1D over 6w sprt=dormant llr=0.00 age=8w bankroll=$866.06[0m
[96m2026-04-10 09:20:00.191 [INFO] strategy.window_handler: KELLY wr_adj=79.6% base=94.6% total_disc=12.0% vol=0.0% chop=100.0% outcome=0.0% feedback=+0.0%[0m
[96m2026-04-10 09:20:00.192 [INFO] __main__: window open price captured: 71820.15 (tier 0 — oracle boundary, oracle_age=1000ms)[0m
[96m2026-04-10 09:20:00.193 [INFO] __main__: window open price captured: 71821.32 (binance)[0m
2026-04-10 09:20:00.194 [INFO] strategy.momentum_signal: momentum_signal: waiting for full market data
2026-04-10 09:20:00.301 [INFO] market_data.clob_market_ws: CLOB market subscribed for tokens up=106254086946 down=201020186754
[2m2026-04-10 09:20:17.553 [INFO] __main__: STATUS t=282s delta=0.0308% dir=up agree=True chain=71842.28 bin=71824.73 open=71820.15 obi=0.9998 ask_up=0.54 ask_dn=0.48 bid_up=0.52 bid_dn=0.46 halted=False[0m
[2m2026-04-10 09:20:47.682 [INFO] __main__: STATUS t=252s delta=0.0416% dir=up agree=True chain=71850.02 bin=71835.72 open=71820.15 obi=-0.6373 ask_up=0.57 ask_dn=0.44 bid_up=0.56 bid_dn=0.43 halted=False[0m
[2m2026-04-10 09:21:17.831 [INFO] __main__: STATUS t=222s delta=-0.0016% dir=down agree=True chain=71818.98 bin=71808.74 open=71820.15 obi=-0.1961 ask_up=0.51 ask_dn=0.50 bid_up=0.50 bid_dn=0.49 halted=False[0m
[2m2026-04-10 09:21:47.952 [INFO] __main__: STATUS t=192s delta=-0.0389% dir=down agree=True chain=71792.21 bin=71788.21 open=71820.15 obi=-0.1421 ask_up=0.40 ask_dn=0.61 bid_up=0.39 bid_dn=0.60 halted=False[0m
[2m2026-04-10 09:22:18.088 [INFO] __main__: STATUS t=162s delta=-0.0152% dir=down agree=True chain=71809.27 bin=71799.16 open=71820.15 obi=-0.6142 ask_up=0.43 ask_dn=0.58 bid_up=0.42 bid_dn=0.57 halted=False[0m
2026-04-10 09:22:20.098 [INFO] strategy.momentum_signal: signal_eval rank=1 side=up latest_pct=-0.0351 stddev=0.0149 n=358 min_delta=0.07 max_var=0.050
[37m2026-04-10 09:22:20.098 [INFO] strategy.momentum_signal: [SKIP] rank=1 side=up reason=conditions_not_met latest_pct=-0.0351 need=>=0.07 stddev=0.0149 max_var=0.050[0m
[2m2026-04-10 09:22:48.216 [INFO] __main__: STATUS t=132s delta=-0.0218% dir=down agree=True chain=71804.51 bin=71801.04 open=71820.15 obi=-0.9740 ask_up=0.39 ask_dn=0.62 bid_up=0.38 bid_dn=0.61 halted=False[0m
[2m2026-04-10 09:23:18.352 [INFO] __main__: STATUS t=102s delta=-0.0053% dir=down agree=True chain=71816.36 bin=71812.59 open=71820.15 obi=0.8840 ask_up=0.49 ask_dn=0.52 bid_up=0.48 bid_dn=0.51 halted=False[0m
[2m2026-04-10 09:23:48.480 [INFO] __main__: STATUS t=72s delta=-0.0211% dir=down agree=True chain=71804.98 bin=71799.99 open=71820.15 obi=0.3807 ask_up=0.32 ask_dn=0.69 bid_up=0.31 bid_dn=0.68 halted=False[0m
[2m2026-04-10 09:24:18.681 [INFO] __main__: STATUS t=41s delta=-0.0685% dir=down agree=True chain=71770.98 bin=71762.49 open=71820.15 obi=-0.5819 ask_up=0.04 ask_dn=0.97 bid_up=0.03 bid_dn=0.96 halted=False[0m
[2m2026-04-10 09:24:48.825 [INFO] __main__: STATUS t=11s delta=-0.0745% dir=down agree=True chain=71766.66 bin=71760.01 open=71820.15 obi=-0.2557 ask_up=0.01 ask_dn=1.00 bid_up=0.01 bid_dn=0.99 halted=False[0m
[37m2026-04-10 09:25:00.131 [INFO] execution.paper_trading: paper window_ts=1775812800 [SKIP] pnl=0.0000 direction=down outcome=down - balance=$1017.57 bid_up=0.01 ask_up=0.01 bid_dn=0.99 ask_dn=1.00[0m
[93m[1m2026-04-10 09:25:00.131 [INFO] risk.position_tracker: WINDOW_SUMMARY window_pnl=$0.0000 session_pnl=$15.8632 won=$17.9432 lost=$2.0800 wr=75.0% (3/4) consec_losses=0[0m
[96m2026-04-10 09:25:00.135 [INFO] strategy.window_handler: REGIME chop_detected flips=7 delta_range=0.1328% avg_flips=11.8 over=6_windows[0m
[37m2026-04-10 09:25:00.138 [INFO] strategy.window_handler: WINDOW_DECISION [SKIP] rank=1 side=up pnl=$0.0000 entry=0.00 size=$0.00 (conditions not met)[0m
[96m[1m2026-04-10 09:25:00.138 [INFO] strategy.window_tracker: new window: btc-updown-5m-1775813100 (ts=1775813100)[0m
[96m2026-04-10 09:25:00.202 [INFO] strategy.window_handler: REGIME vol_stddev=0.101% chop_flips=11.8 outcome=4U/2D over 6w sprt=dormant llr=0.00 age=9w bankroll=$866.06[0m
[96m2026-04-10 09:25:00.206 [INFO] strategy.window_handler: KELLY wr_adj=79.6% base=94.6% total_disc=12.0% vol=0.3% chop=100.0% outcome=0.0% feedback=+0.0%[0m
[96m2026-04-10 09:25:00.207 [INFO] __main__: window open price captured: 71765.16 (tier 0 — oracle boundary, oracle_age=2000ms)[0m
[96m2026-04-10 09:25:00.209 [INFO] __main__: window open price captured: 71760.02 (binance)[0m
2026-04-10 09:25:00.210 [INFO] strategy.momentum_signal: momentum_signal: waiting for full market data
2026-04-10 09:25:00.509 [INFO] market_data.clob_market_ws: CLOB market subscribed for tokens up=106516126270 down=613483637375
[2m2026-04-10 09:25:19.059 [INFO] __main__: STATUS t=281s delta=-0.0045% dir=down agree=True chain=71761.90 bin=71756.70 open=71765.16 obi=-0.9960 ask_up=0.48 ask_dn=0.53 bid_up=0.47 bid_dn=0.52 halted=False[0m
2026-04-10 09:25:31.702 [INFO] shared.ipc: IPC: received authenticated signal_update (summary=signals_summary_1775813131.json)
2026-04-10 09:25:31.702 [INFO] __main__: received new signal from orchestrator: rank=1 side=Up
[2m2026-04-10 09:25:49.183 [INFO] __main__: STATUS t=251s delta=-0.0107% dir=down agree=True chain=71757.49 bin=71754.02 open=71765.16 obi=0.6872 ask_up=0.50 ask_dn=0.51 bid_up=0.49 bid_dn=0.50 halted=False[0m
[2m2026-04-10 09:26:19.332 [INFO] __main__: STATUS t=221s delta=0.0005% dir=up agree=False chain=71765.51 bin=71761.12 open=71765.16 obi=-0.0783 ask_up=0.53 ask_dn=0.48 bid_up=0.52 bid_dn=0.47 halted=False[0m
[2m2026-04-10 09:26:49.457 [INFO] __main__: STATUS t=191s delta=0.0016% dir=up agree=False chain=71766.32 bin=71764.61 open=71765.16 obi=-0.1847 ask_up=0.53 ask_dn=0.48 bid_up=0.52 bid_dn=0.47 halted=False[0m
[2m2026-04-10 09:27:19.642 [INFO] __main__: STATUS t=160s delta=-0.0032% dir=down agree=True chain=71762.83 bin=71762.82 open=71765.16 obi=-0.9219 ask_up=0.47 ask_dn=0.54 bid_up=0.46 bid_dn=0.53 halted=False[0m
2026-04-10 09:27:20.145 [INFO] strategy.momentum_signal: signal_eval rank=1 side=up latest_pct=-0.0032 stddev=0.0023 n=358 min_delta=0.07 max_var=0.050
[37m2026-04-10 09:27:20.145 [INFO] strategy.momentum_signal: [SKIP] rank=1 side=up reason=conditions_not_met latest_pct=-0.0032 need=>=0.07 stddev=0.0023 max_var=0.050[0m
[2m2026-04-10 09:27:49.777 [INFO] __main__: STATUS t=130s delta=-0.0096% dir=down agree=True chain=71758.30 bin=71759.70 open=71765.16 obi=-0.6791 ask_up=0.48 ask_dn=0.53 bid_up=0.47 bid_dn=0.52 halted=False[0m
[2m2026-04-10 09:28:19.927 [INFO] __main__: STATUS t=100s delta=-0.0096% dir=down agree=True chain=71758.27 bin=71755.36 open=71765.16 obi=-0.3174 ask_up=0.48 ask_dn=0.53 bid_up=0.47 bid_dn=0.52 halted=False[0m
[2m2026-04-10 09:28:50.054 [INFO] __main__: STATUS t=70s delta=-0.0094% dir=down agree=True chain=71758.38 bin=71744.70 open=71765.16 obi=-0.8440 ask_up=0.34 ask_dn=0.67 bid_up=0.33 bid_dn=0.66 halted=False[0m
[2m2026-04-10 09:29:20.212 [INFO] __main__: STATUS t=40s delta=-0.0207% dir=down agree=True chain=71750.32 bin=71746.32 open=71765.16 obi=0.8449 ask_up=0.36 ask_dn=0.65 bid_up=0.35 bid_dn=0.64 halted=False[0m
[2m2026-04-10 09:29:50.339 [INFO] __main__: STATUS t=10s delta=-0.0092% dir=down agree=True chain=71758.56 bin=71758.83 open=71765.16 obi=0.8987 ask_up=0.40 ask_dn=0.61 bid_up=0.39 bid_dn=0.60 halted=False[0m
[37m2026-04-10 09:30:00.135 [INFO] execution.paper_trading: paper window_ts=1775813100 [SKIP] pnl=0.0000 direction=up outcome=up - balance=$1017.57 bid_up=0.98 ask_up=0.99 bid_dn=0.01 ask_dn=0.02[0m
[93m[1m2026-04-10 09:30:00.135 [INFO] risk.position_tracker: WINDOW_SUMMARY window_pnl=$0.0000 session_pnl=$15.8632 won=$17.9432 lost=$2.0800 wr=75.0% (3/4) consec_losses=0[0m
[96m2026-04-10 09:30:00.136 [INFO] strategy.window_handler: REGIME chop_detected flips=17 delta_range=0.0378% avg_flips=13.7 over=6_windows[0m
[37m2026-04-10 09:30:00.141 [INFO] strategy.window_handler: WINDOW_DECISION [SKIP] rank=1 side=up pnl=$0.0000 entry=0.00 size=$0.00 (conditions not met)[0m
[95m2026-04-10 09:30:00.141 [INFO] strategy.window_handler: Signal refreshed (same pattern): up_250.0_160.0_0.07_0.05 — rank 1->1, keeping SPRT state (age=10w, trades=0, LLR=0.00)[0m
2026-04-10 09:30:00.141 [INFO] strategy.window_handler: SIGNAL_SWAP_ACTIVE: {"rank":1,"side":"up","observeFromS":250.0,"observeToS":160.0,"minDeltaPct":0.07,"maxVariancePct":0.05,"trainWinRatePct":87.5,"oosWinRatePct":100.0,"oosBhAdjustedPValue":1.2108e-06,"oosMatches":24,"avgEntryPrice":0.8796,"evPerTrade":0.0904,"smartScore":28.45,"wfFoldsAppeared":4,"wfTotalTestFolds":6,"wfFoldIndices":[3,5,6,7]}
2026-04-10 09:30:00.142 [INFO] strategy.window_handler: switched to new signal: #1 up (previous: #1 up)
[96m[1m2026-04-10 09:30:00.142 [INFO] strategy.window_tracker: new window: btc-updown-5m-1775813400 (ts=1775813400)[0m
[96m2026-04-10 09:30:00.245 [INFO] strategy.window_handler: REGIME vol_stddev=0.100% chop_flips=13.7 outcome=4U/2D over 6w sprt=dormant llr=0.00 age=10w bankroll=$866.06[0m
[96m2026-04-10 09:30:00.245 [INFO] strategy.window_handler: KELLY wr_adj=85.0% base=100.0% total_disc=12.0% vol=0.2% chop=100.0% outcome=0.0% feedback=+0.0%[0m
[96m2026-04-10 09:30:00.246 [INFO] __main__: window open price captured: 71768.82 (tier 0 — oracle boundary, oracle_age=1000ms)[0m
[96m2026-04-10 09:30:00.246 [INFO] __main__: window open price captured: 71765.29 (binance)[0m
2026-04-10 09:30:00.247 [INFO] strategy.momentum_signal: momentum_signal: waiting for full market data
2026-04-10 09:30:00.736 [INFO] market_data.clob_market_ws: CLOB market subscribed for tokens up=162092832673 down=562421480893
[2m2026-04-10 09:30:20.367 [INFO] __main__: STATUS t=280s delta=0.0004% dir=up agree=False chain=71769.14 bin=71765.29 open=71768.82 obi=0.6939 ask_up=0.52 ask_dn=0.49 bid_up=0.51 bid_dn=0.48 halted=False[0m
[2m2026-04-10 09:30:50.493 [INFO] __main__: STATUS t=250s delta=0.0251% dir=up agree=True chain=71786.84 bin=71783.79 open=71768.82 obi=0.5853 ask_up=0.67 ask_dn=0.34 bid_up=0.66 bid_dn=0.33 halted=False[0m
[2m2026-04-10 09:31:20.639 [INFO] __main__: STATUS t=219s delta=0.0418% dir=up agree=True chain=71798.80 bin=71794.55 open=71768.82 obi=-0.1461 ask_up=0.72 ask_dn=0.29 bid_up=0.71 bid_dn=0.28 halted=False[0m
[2m2026-04-10 09:31:50.769 [INFO] __main__: STATUS t=189s delta=0.0397% dir=up agree=True chain=71797.32 bin=71794.56 open=71768.82 obi=0.8861 ask_up=0.79 ask_dn=0.22 bid_up=0.78 bid_dn=0.21 halted=False[0m
2026-04-10 09:32:20.174 [INFO] strategy.momentum_signal: signal_eval rank=1 side=up latest_pct=0.0434 stddev=0.0074 n=358 min_delta=0.07 max_var=0.050
[37m2026-04-10 09:32:20.174 [INFO] strategy.momentum_signal: [SKIP] rank=1 side=up reason=conditions_not_met latest_pct=0.0434 need=>=0.07 stddev=0.0074 max_var=0.050[0m
[2m2026-04-10 09:32:20.928 [INFO] __main__: STATUS t=159s delta=0.0439% dir=up agree=True chain=71800.34 bin=71800.00 open=71768.82 obi=-0.1577 ask_up=0.77 ask_dn=0.24 bid_up=0.76 bid_dn=0.23 halted=False[0m
[2m2026-04-10 09:32:51.058 [INFO] __main__: STATUS t=129s delta=-0.0191% dir=down agree=True chain=71755.14 bin=71747.83 open=71768.82 obi=0.9768 ask_up=0.38 ask_dn=0.63 bid_up=0.37 bid_dn=0.62 halted=False[0m
[2m2026-04-10 09:33:21.210 [INFO] __main__: STATUS t=99s delta=0.0050% dir=up agree=False chain=71772.41 bin=71767.28 open=71768.82 obi=0.8431 ask_up=0.59 ask_dn=0.42 bid_up=0.58 bid_dn=0.41 halted=False[0m
[93m2026-04-10 09:33:50.239 [WARNING] utils.reconnect: rtds disconnected: no close frame received or sent — reconnecting in 1.4s[0m
[2m2026-04-10 09:33:51.330 [INFO] __main__: STATUS t=69s delta=-0.0003% dir=down agree=True chain=71768.61 bin=71767.15 open=71768.82 obi=0.0334 ask_up=0.56 ask_dn=0.45 bid_up=0.55 bid_dn=0.44 halted=False[0m
2026-04-10 09:33:51.749 [INFO] utils.reconnect: rtds connected to wss://ws-live-data.polymarket.com
2026-04-10 09:33:51.750 [INFO] market_data.rtds_ws: RTDS subscribed to chainlink
[2m2026-04-10 09:34:21.500 [INFO] __main__: STATUS t=38s delta=0.0574% dir=up agree=True chain=71809.98 bin=71806.33 open=71768.82 obi=0.9950 ask_up=0.98 ask_dn=0.03 bid_up=0.97 bid_dn=0.02 halted=False[0m
[2m2026-04-10 09:34:51.639 [INFO] __main__: STATUS t=8s delta=0.0478% dir=up agree=True chain=71803.09 bin=71801.06 open=71768.82 obi=-0.1116 ask_up=1.00 ask_dn=0.01 bid_up=0.99 bid_dn=0.01 halted=False[0m
[37m2026-04-10 09:35:00.183 [INFO] execution.paper_trading: paper window_ts=1775813400 [SKIP] pnl=0.0000 direction=up outcome=up - balance=$1017.57 bid_up=0.99 ask_up=1.00 bid_dn=0.01 ask_dn=0.01[0m
[93m[1m2026-04-10 09:35:00.183 [INFO] risk.position_tracker: WINDOW_SUMMARY window_pnl=$0.0000 session_pnl=$15.8632 won=$17.9432 lost=$2.0800 wr=75.0% (3/4) consec_losses=0[0m
[96m2026-04-10 09:35:00.186 [INFO] strategy.window_handler: REGIME chop_detected flips=11 delta_range=0.0947% avg_flips=12.8 over=6_windows[0m
[37m2026-04-10 09:35:00.191 [INFO] strategy.window_handler: WINDOW_DECISION [SKIP] rank=1 side=up pnl=$0.0000 entry=0.00 size=$0.00 (conditions not met)[0m
[96m[1m2026-04-10 09:35:00.191 [INFO] strategy.window_tracker: new window: btc-updown-5m-1775813700 (ts=1775813700)[0m
[96m2026-04-10 09:35:00.255 [INFO] strategy.window_handler: REGIME vol_stddev=0.101% chop_flips=12.8 outcome=4U/2D over 6w sprt=dormant llr=0.00 age=11w bankroll=$866.06[0m
[96m2026-04-10 09:35:00.255 [INFO] strategy.window_handler: KELLY wr_adj=85.0% base=100.0% total_disc=12.0% vol=0.5% chop=100.0% outcome=0.0% feedback=+0.0%[0m
[96m2026-04-10 09:35:00.255 [INFO] __main__: window open price captured: 71809.01 (tier 0 — oracle boundary, oracle_age=1000ms)[0m
[96m2026-04-10 09:35:00.255 [INFO] __main__: window open price captured: 71809.00 (binance)[0m
2026-04-10 09:35:00.257 [INFO] strategy.momentum_signal: momentum_signal: waiting for full market data
2026-04-10 09:35:00.972 [INFO] market_data.clob_market_ws: CLOB market subscribed for tokens up=104821063146 down=601699816136
[2m2026-04-10 09:35:21.868 [INFO] __main__: STATUS t=278s delta=0.0147% dir=up agree=True chain=71819.56 bin=71814.01 open=71809.01 obi=-0.9793 ask_up=0.54 ask_dn=0.47 bid_up=0.53 bid_dn=0.46 halted=False[0m
[2m2026-04-10 09:35:51.984 [INFO] __main__: STATUS t=248s delta=-0.0103% dir=down agree=True chain=71801.59 bin=71800.01 open=71809.01 obi=0.4562 ask_up=0.47 ask_dn=0.54 bid_up=0.46 bid_dn=0.53 halted=False[0m
[2m2026-04-10 09:36:22.118 [INFO] __main__: STATUS t=218s delta=-0.0142% dir=down agree=True chain=71798.82 bin=71798.21 open=71809.01 obi=-0.8109 ask_up=0.44 ask_dn=0.57 bid_up=0.43 bid_dn=0.56 halted=False[0m
[2m2026-04-10 09:36:52.238 [INFO] __main__: STATUS t=188s delta=-0.0202% dir=down agree=True chain=71794.53 bin=71790.15 open=71809.01 obi=0.2509 ask_up=0.42 ask_dn=0.59 bid_up=0.41 bid_dn=0.58 halted=False[0m
2026-04-10 09:37:20.119 [INFO] strategy.momentum_signal: signal_eval rank=1 side=up latest_pct=-0.0070 stddev=0.0119 n=358 min_delta=0.07 max_var=0.050
[37m2026-04-10 09:37:20.120 [INFO] strategy.momentum_signal: [SKIP] rank=1 side=up reason=conditions_not_met latest_pct=-0.0070 need=>=0.07 stddev=0.0119 max_var=0.050[0m
[2m2026-04-10 09:37:22.379 [INFO] __main__: STATUS t=158s delta=-0.0056% dir=down agree=False chain=71804.96 bin=71820.00 open=71809.01 obi=0.6775 ask_up=0.59 ask_dn=0.42 bid_up=0.58 bid_dn=0.41 halted=False[0m
[2m2026-04-10 09:37:52.498 [INFO] __main__: STATUS t=128s delta=0.0685% dir=up agree=True chain=71858.21 bin=71851.48 open=71809.01 obi=0.7020 ask_up=0.85 ask_dn=0.17 bid_up=0.83 bid_dn=0.15 halted=False[0m
[2m2026-04-10 09:38:22.656 [INFO] __main__: STATUS t=97s delta=0.0517% dir=up agree=True chain=71846.17 bin=71842.82 open=71809.01 obi=0.5351 ask_up=0.84 ask_dn=0.17 bid_up=0.83 bid_dn=0.16 halted=False[0m
[2m2026-04-10 09:38:52.786 [INFO] __main__: STATUS t=67s delta=0.0683% dir=up agree=True chain=71858.07 bin=71851.49 open=71809.01 obi=0.8438 ask_up=0.94 ask_dn=0.07 bid_up=0.93 bid_dn=0.06 halted=False[0m
[2m2026-04-10 09:39:22.950 [INFO] __main__: STATUS t=37s delta=0.0503% dir=up agree=True chain=71845.10 bin=71850.00 open=71809.01 obi=0.4798 ask_up=0.98 ask_dn=0.03 bid_up=0.97 bid_dn=0.02 halted=False[0m
[2m2026-04-10 09:39:53.087 [INFO] __main__: STATUS t=7s delta=0.0445% dir=up agree=True chain=71840.95 bin=71842.82 open=71809.01 obi=-0.1870 ask_up=1.00 ask_dn=0.01 bid_up=0.99 bid_dn=0.01 halted=False[0m
[37m2026-04-10 09:40:00.121 [INFO] execution.paper_trading: paper window_ts=1775813700 [SKIP] pnl=0.0000 direction=up outcome=up - balance=$1017.57 bid_up=0.99 ask_up=1.00 bid_dn=0.01 ask_dn=0.01[0m
[93m[1m2026-04-10 09:40:00.122 [INFO] risk.position_tracker: WINDOW_SUMMARY window_pnl=$0.0000 session_pnl=$15.8632 won=$17.9432 lost=$2.0800 wr=75.0% (3/4) consec_losses=0[0m
[37m2026-04-10 09:40:00.127 [INFO] strategy.window_handler: WINDOW_DECISION [SKIP] rank=1 side=up pnl=$0.0000 entry=0.00 size=$0.00 (conditions not met)[0m
[96m[1m2026-04-10 09:40:00.127 [INFO] strategy.window_tracker: new window: btc-updown-5m-1775814000 (ts=1775814000)[0m
2026-04-10 09:40:00.185 [INFO] market_data.clob_market_ws: CLOB market subscribed for tokens up=102033047151 down=604884046601
[96m2026-04-10 09:40:00.199 [INFO] strategy.window_handler: REGIME vol_stddev=0.101% chop_flips=10.5 outcome=5U/1D over 6w sprt=dormant llr=0.00 age=12w bankroll=$866.06[0m
[96m2026-04-10 09:40:00.200 [INFO] strategy.window_handler: KELLY wr_adj=85.0% base=100.0% total_disc=12.0% vol=0.5% chop=100.0% outcome=0.0% feedback=+0.0%[0m
[96m2026-04-10 09:40:00.200 [INFO] __main__: window open price captured: 71844.13 (tier 0 — oracle boundary, oracle_age=1000ms)[0m
[96m2026-04-10 09:40:00.200 [INFO] __main__: window open price captured: 71842.81 (binance)[0m
2026-04-10 09:40:00.201 [INFO] strategy.momentum_signal: momentum_signal: waiting for full market data
[2m2026-04-10 09:40:23.328 [INFO] __main__: STATUS t=277s delta=-0.0133% dir=down agree=True chain=71834.58 bin=71830.66 open=71844.13 obi=0.9497 ask_up=0.47 ask_dn=0.54 bid_up=0.46 bid_dn=0.53 halted=False[0m
[2m2026-04-10 09:40:53.454 [INFO] __main__: STATUS t=247s delta=-0.0060% dir=down agree=True chain=71839.83 bin=71837.86 open=71844.13 obi=-0.0899 ask_up=0.50 ask_dn=0.51 bid_up=0.49 bid_dn=0.50 halted=False[0m
[2m2026-04-10 09:41:23.596 [INFO] __main__: STATUS t=216s delta=-0.0032% dir=down agree=True chain=71841.86 bin=71840.04 open=71844.13 obi=-0.6657 ask_up=0.49 ask_dn=0.52 bid_up=0.48 bid_dn=0.51 halted=False[0m
[2m2026-04-10 09:41:53.725 [INFO] __main__: STATUS t=186s delta=-0.0332% dir=down agree=True chain=71820.25 bin=71810.00 open=71844.13 obi=0.2518 ask_up=0.33 ask_dn=0.68 bid_up=0.32 bid_dn=0.67 halted=False[0m
2026-04-10 09:42:20.112 [INFO] strategy.momentum_signal: signal_eval rank=1 side=up latest_pct=-0.0631 stddev=0.0194 n=358 min_delta=0.07 max_var=0.050
[37m2026-04-10 09:42:20.113 [INFO] strategy.momentum_signal: [SKIP] rank=1 side=up reason=conditions_not_met latest_pct=-0.0631 need=>=0.07 stddev=0.0194 max_var=0.050[0m
[2m2026-04-10 09:42:23.878 [INFO] __main__: STATUS t=156s delta=-0.0647% dir=down agree=True chain=71797.67 bin=71794.51 open=71844.13 obi=-0.7648 ask_up=0.17 ask_dn=0.84 bid_up=0.16 bid_dn=0.83 halted=False[0m
[2m2026-04-10 09:42:54.003 [INFO] __main__: STATUS t=126s delta=-0.0654% dir=down agree=True chain=71797.14 bin=71797.71 open=71844.13 obi=-0.6179 ask_up=0.15 ask_dn=0.86 bid_up=0.14 bid_dn=0.85 halted=False[0m
[2m2026-04-10 09:43:24.159 [INFO] __main__: STATUS t=96s delta=-0.0540% dir=down agree=True chain=71805.31 bin=71802.54 open=71844.13 obi=0.7858 ask_up=0.20 ask_dn=0.81 bid_up=0.19 bid_dn=0.80 halted=False[0m
[2m2026-04-10 09:43:54.283 [INFO] __main__: STATUS t=66s delta=-0.0566% dir=down agree=True chain=71803.49 bin=71804.00 open=71844.13 obi=-0.4708 ask_up=0.09 ask_dn=0.92 bid_up=0.08 bid_dn=0.91 halted=False[0m
[2m2026-04-10 09:44:24.441 [INFO] __main__: STATUS t=36s delta=-0.0637% dir=down agree=True chain=71798.33 bin=71799.25 open=71844.13 obi=0.9907 ask_up=0.06 ask_dn=0.95 bid_up=0.05 bid_dn=0.94 halted=False[0m
[2m2026-04-10 09:44:54.572 [INFO] __main__: STATUS t=5s delta=-0.0381% dir=down agree=True chain=71816.79 bin=71816.00 open=71844.13 obi=-0.1575 ask_up=0.02 ask_dn=0.99 bid_up=0.01 bid_dn=0.98 halted=False[0m
[37m2026-04-10 09:45:00.100 [INFO] execution.paper_trading: paper window_ts=1775814000 [SKIP] pnl=0.0000 direction=down outcome=down - balance=$1017.57 bid_up=0.01 ask_up=0.01 bid_dn=0.99 ask_dn=1.00[0m
[93m[1m2026-04-10 09:45:00.101 [INFO] risk.position_tracker: WINDOW_SUMMARY window_pnl=$0.0000 session_pnl=$15.8632 won=$17.9432 lost=$2.0800 wr=75.0% (3/4) consec_losses=0[0m
[37m2026-04-10 09:45:00.110 [INFO] strategy.window_handler: WINDOW_DECISION [SKIP] rank=1 side=up pnl=$0.0000 entry=0.00 size=$0.00 (conditions not met)[0m
[96m[1m2026-04-10 09:45:00.110 [INFO] strategy.window_tracker: new window: btc-updown-5m-1775814300 (ts=1775814300)[0m
[96m2026-04-10 09:45:00.172 [INFO] strategy.window_handler: REGIME vol_stddev=0.100% chop_flips=9.8 outcome=4U/2D over 6w sprt=dormant llr=0.00 age=13w bankroll=$866.06[0m
[96m2026-04-10 09:45:00.173 [INFO] strategy.window_handler: KELLY wr_adj=85.3% base=100.0% total_disc=11.7% vol=0.0% chop=97.6% outcome=0.0% feedback=+0.0%[0m
[96m2026-04-10 09:45:00.173 [INFO] __main__: window open price captured: 71814.75 (tier 0 — oracle boundary, oracle_age=1000ms)[0m
[96m2026-04-10 09:45:00.173 [INFO] __main__: window open price captured: 71811.18 (binance)[0m
2026-04-10 09:45:00.175 [INFO] strategy.momentum_signal: momentum_signal: waiting for full market data
2026-04-10 09:45:00.414 [INFO] market_data.clob_market_ws: CLOB market subscribed for tokens up=869704616333 down=108710383318
[2m2026-04-10 09:45:24.807 [INFO] __main__: STATUS t=275s delta=-0.0116% dir=down agree=True chain=71806.43 bin=71804.28 open=71814.75 obi=-0.5505 ask_up=0.44 ask_dn=0.57 bid_up=0.43 bid_dn=0.56 halted=False[0m
[2m2026-04-10 09:45:54.934 [INFO] __main__: STATUS t=245s delta=-0.0193% dir=down agree=True chain=71800.86 bin=71800.00 open=71814.75 obi=-0.4528 ask_up=0.41 ask_dn=0.60 bid_up=0.40 bid_dn=0.59 halted=False[0m
[2m2026-04-10 09:46:25.066 [INFO] __main__: STATUS t=215s delta=-0.0325% dir=down agree=True chain=71791.42 bin=71788.46 open=71814.75 obi=-0.8006 ask_up=0.33 ask_dn=0.68 bid_up=0.32 bid_dn=0.67 halted=False[0m
[2m2026-04-10 09:46:55.188 [INFO] __main__: STATUS t=185s delta=-0.0664% dir=down agree=True chain=71767.09 bin=71763.53 open=71814.75 obi=-0.9969 ask_up=0.16 ask_dn=0.85 bid_up=0.15 bid_dn=0.84 halted=False[0m
2026-04-10 09:47:20.063 [INFO] strategy.momentum_signal: signal_eval rank=1 side=up latest_pct=-0.0926 stddev=0.0242 n=358 min_delta=0.07 max_var=0.050
[37m2026-04-10 09:47:20.064 [INFO] strategy.momentum_signal: [SKIP] rank=1 side=up reason=conditions_not_met latest_pct=-0.0926 need=>=0.07 stddev=0.0242 max_var=0.050[0m
[2m2026-04-10 09:47:25.336 [INFO] __main__: STATUS t=155s delta=-0.0866% dir=down agree=True chain=71752.58 bin=71748.26 open=71814.75 obi=-0.6958 ask_up=0.11 ask_dn=0.90 bid_up=0.10 bid_dn=0.89 halted=False[0m
[2m2026-04-10 09:47:55.475 [INFO] __main__: STATUS t=125s delta=-0.0909% dir=down agree=True chain=71749.45 bin=71748.27 open=71814.75 obi=-0.9184 ask_up=0.09 ask_dn=0.92 bid_up=0.08 bid_dn=0.91 halted=False[0m
[2m2026-04-10 09:48:25.627 [INFO] __main__: STATUS t=94s delta=-0.0905% dir=down agree=True chain=71749.75 bin=71763.81 open=71814.75 obi=0.6322 ask_up=0.10 ask_dn=0.91 bid_up=0.09 bid_dn=0.90 halted=False[0m
