2026-04-15 16:45:49.967 [INFO    ] orchestrator: logging initialized — level=INFO file=C:\Users\operator\Desktop\PolySignalLab\SignalOrchestrator\logs\orchestrator.log
2026-04-15 16:45:49.968 [INFO    ] shared.keystore: credential backend: Windows Credential Manager (DPAPI) — secrets encrypted at rest, tied to user account
2026-04-15 16:45:49.970 [INFO    ] shared.keystore: HMAC key loaded from Windows Credential Manager
2026-04-15 16:45:49.970 [INFO    ] orchestrator: orchestrator started — interval=15m min_windows=400 min_score=4.00
2026-04-15 16:45:49.971 [INFO    ] orchestrator: --- cycle start [13:45:49 UTC] ---
2026-04-15 16:45:49.978 [INFO    ] orchestrator: data quality check passed: 600 windows available
2026-04-15 16:45:49.979 [INFO    ] orchestrator: starting engine: C:\Users\operator\Desktop\PolySignalLab\PolySignalEngine\build\Release\PolySignalEngine.exe C:\Users\operator\Desktop\PolySignalLab\PolyDataCollector\data --output-dir C:\Users\operator\Desktop\PolySignalLab\engine_output
2026-04-15 16:45:56.519 [INFO    ] orchestrator: engine: ==========================================================
2026-04-15 16:45:56.519 [INFO    ] orchestrator: engine:   SUMMARY
2026-04-15 16:45:56.520 [INFO    ] orchestrator: engine: ==========================================================
2026-04-15 16:45:56.520 [INFO    ] orchestrator: engine:   Total windows:         600 (306 UP, 294 DOWN)
2026-04-15 16:45:56.520 [INFO    ] orchestrator: engine:   Walk-forward folds:    8 (6 test iterations)
2026-04-15 16:45:56.521 [INFO    ] orchestrator: engine:   OOS base rate:         49.8% UP (450 test windows total)
2026-04-15 16:45:56.521 [INFO    ] orchestrator: engine:   Configs swept:         150480
2026-04-15 16:45:56.521 [INFO    ] orchestrator: engine:   Viable WF-OOS signals: 143
2026-04-15 16:45:56.522 [INFO    ] orchestrator: engine:   Compute time:          5.13s
2026-04-15 16:45:56.522 [INFO    ] orchestrator: engine: ==========================================================
2026-04-15 16:45:56.523 [INFO    ] orchestrator: engine produced: signals_summary_1776260756.json
2026-04-15 16:45:56.524 [INFO    ] orchestrator: cleaned up old summary: signals_summary_1776245678.json
2026-04-15 16:45:56.524 [INFO    ] orchestrator: ranked 20 signals — top candidates:
2026-04-15 16:45:56.525 [INFO    ] orchestrator:   #1 DOWN  score=  5.30  BRONZE  folds=4/6  WR=94.2%  consWR=91.2%  entry=$0.83  ev=$0.0783
2026-04-15 16:45:56.525 [INFO    ] orchestrator:   #2 DOWN  score=  4.96  BRONZE  folds=3/6  WR=97.6%  consWR=94.6%  entry=$0.86  ev=$0.0857
2026-04-15 16:45:56.525 [INFO    ] orchestrator:   #3 DOWN  score=  4.95  BRONZE  folds=4/6  WR=96.7%  consWR=93.7%  entry=$0.87  ev=$0.0623
2026-04-15 16:45:56.526 [INFO    ] orchestrator:   #4 DOWN  score=  4.54  BRONZE  folds=4/6  WR=97.3%  consWR=94.3%  entry=$0.88  ev=$0.0584
2026-04-15 16:45:56.526 [INFO    ] orchestrator:   #5 UP    score=  4.54  GOLDEN  folds=6/6  WR=94.1%  consWR=91.1%  entry=$0.86  ev=$0.0497
2026-04-15 16:45:56.959 [INFO    ] orchestrator: identity dedupe: pulled 0 paper fire(s) from bot
2026-04-15 16:45:56.960 [INFO    ] orchestrator: DELIVERING BRONZE signal: #1 Down [270s->170s] d>=0.09% v<=0.05%
2026-04-15 16:45:56.960 [INFO    ] orchestrator:   score=5.30  WR=94.2%  consWR=91.2%  entry=$0.83  ev=$0.0783  folds=[3, 4, 5, 7]
2026-04-15 16:45:57.123 [INFO    ] shared.ipc: IPC: signal delivered successfully (authenticated ack)
2026-04-15 16:45:57.124 [INFO    ] orchestrator: bronze signal delivered to bot
2026-04-15 17:00:57.131 [INFO    ] orchestrator: --- cycle start [14:00:57 UTC] ---
2026-04-15 17:00:57.140 [INFO    ] orchestrator: data quality check passed: 600 windows available
2026-04-15 17:00:57.140 [INFO    ] orchestrator: starting engine: C:\Users\operator\Desktop\PolySignalLab\PolySignalEngine\build\Release\PolySignalEngine.exe C:\Users\operator\Desktop\PolySignalLab\PolyDataCollector\data --output-dir C:\Users\operator\Desktop\PolySignalLab\engine_output
2026-04-15 17:01:04.085 [INFO    ] orchestrator: engine: ==========================================================
2026-04-15 17:01:04.086 [INFO    ] orchestrator: engine:   SUMMARY
2026-04-15 17:01:04.086 [INFO    ] orchestrator: engine: ==========================================================
2026-04-15 17:01:04.087 [INFO    ] orchestrator: engine:   Total windows:         600 (305 UP, 295 DOWN)
2026-04-15 17:01:04.087 [INFO    ] orchestrator: engine:   Walk-forward folds:    8 (6 test iterations)
2026-04-15 17:01:04.087 [INFO    ] orchestrator: engine:   OOS base rate:         49.6% UP (450 test windows total)
2026-04-15 17:01:04.088 [INFO    ] orchestrator: engine:   Configs swept:         150480
2026-04-15 17:01:04.088 [INFO    ] orchestrator: engine:   Viable WF-OOS signals: 146
2026-04-15 17:01:04.088 [INFO    ] orchestrator: engine:   Compute time:          5.58s
2026-04-15 17:01:04.089 [INFO    ] orchestrator: engine: ==========================================================
2026-04-15 17:01:04.089 [INFO    ] orchestrator: engine produced: signals_summary_1776261664.json
2026-04-15 17:01:04.090 [INFO    ] orchestrator: cleaned up old summary: signals_summary_1776246585.json
2026-04-15 17:01:04.091 [INFO    ] orchestrator: ranked 20 signals — top candidates:
2026-04-15 17:01:04.091 [INFO    ] orchestrator:   #1 DOWN  score=  5.39  BRONZE  folds=4/6  WR=94.2%  consWR=91.2%  entry=$0.83  ev=$0.0796
2026-04-15 17:01:04.091 [INFO    ] orchestrator:   #2 DOWN  score=  4.95  BRONZE  folds=4/6  WR=96.7%  consWR=93.7%  entry=$0.87  ev=$0.0623
2026-04-15 17:01:04.092 [INFO    ] orchestrator:   #3 UP    score=  4.94  BRONZE  folds=4/6  WR=96.0%  consWR=93.0%  entry=$0.87  ev=$0.0644
2026-04-15 17:01:04.092 [INFO    ] orchestrator:   #4 DOWN  score=  4.92  BRONZE  folds=4/6  WR=95.1%  consWR=92.1%  entry=$0.86  ev=$0.0613
2026-04-15 17:01:04.092 [INFO    ] orchestrator:   #5 UP    score=  4.85  GOLDEN  folds=6/6  WR=94.3%  consWR=91.3%  entry=$0.86  ev=$0.0531
2026-04-15 17:01:04.257 [INFO    ] orchestrator: identity dedupe: pulled 0 paper fire(s) from bot
2026-04-15 17:01:04.258 [INFO    ] orchestrator: DELIVERING BRONZE signal: #1 Down [270s->170s] d>=0.09% v<=0.05%
2026-04-15 17:01:04.259 [INFO    ] orchestrator:   score=5.39  WR=94.2%  consWR=91.2%  entry=$0.83  ev=$0.0796  folds=[3, 4, 5, 7]
2026-04-15 17:01:04.423 [INFO    ] shared.ipc: IPC: signal delivered successfully (authenticated ack)
2026-04-15 17:01:04.423 [INFO    ] orchestrator: bronze signal delivered to bot
2026-04-15 17:16:04.429 [INFO    ] orchestrator: --- cycle start [14:16:04 UTC] ---
2026-04-15 17:16:04.436 [INFO    ] orchestrator: data quality check passed: 600 windows available
2026-04-15 17:16:04.437 [INFO    ] orchestrator: starting engine: C:\Users\operator\Desktop\PolySignalLab\PolySignalEngine\build\Release\PolySignalEngine.exe C:\Users\operator\Desktop\PolySignalLab\PolyDataCollector\data --output-dir C:\Users\operator\Desktop\PolySignalLab\engine_output
2026-04-15 17:16:11.166 [INFO    ] orchestrator: engine: ==========================================================
2026-04-15 17:16:11.167 [INFO    ] orchestrator: engine:   SUMMARY
2026-04-15 17:16:11.167 [INFO    ] orchestrator: engine: ==========================================================
2026-04-15 17:16:11.168 [INFO    ] orchestrator: engine:   Total windows:         600 (306 UP, 294 DOWN)
2026-04-15 17:16:11.168 [INFO    ] orchestrator: engine:   Walk-forward folds:    8 (6 test iterations)
2026-04-15 17:16:11.168 [INFO    ] orchestrator: engine:   OOS base rate:         49.8% UP (450 test windows total)
2026-04-15 17:16:11.169 [INFO    ] orchestrator: engine:   Configs swept:         150480
2026-04-15 17:16:11.169 [INFO    ] orchestrator: engine:   Viable WF-OOS signals: 141
2026-04-15 17:16:11.169 [INFO    ] orchestrator: engine:   Compute time:          5.42s
2026-04-15 17:16:11.169 [INFO    ] orchestrator: engine: ==========================================================
2026-04-15 17:16:11.170 [INFO    ] orchestrator: engine produced: signals_summary_1776262571.json
2026-04-15 17:16:11.171 [INFO    ] orchestrator: cleaned up old summary: signals_summary_1776247491.json
2026-04-15 17:16:11.172 [INFO    ] orchestrator: ranked 20 signals — top candidates:
2026-04-15 17:16:11.173 [INFO    ] orchestrator:   #1 DOWN  score=  5.75  SILVER  folds=5/6  WR=100.0%  consWR=97.0%  entry=$0.91  ev=$0.0604
2026-04-15 17:16:11.173 [INFO    ] orchestrator:   #2 DOWN  score=  5.55  BRONZE  folds=4/6  WR=94.4%  consWR=91.4%  entry=$0.83  ev=$0.0819
2026-04-15 17:16:11.174 [INFO    ] orchestrator:   #3 DOWN  score=  4.95  BRONZE  folds=4/6  WR=96.7%  consWR=93.7%  entry=$0.87  ev=$0.0623
2026-04-15 17:16:11.174 [INFO    ] orchestrator:   #4 UP    score=  4.78  BRONZE  folds=4/6  WR=96.0%  consWR=93.0%  entry=$0.87  ev=$0.0644
2026-04-15 17:16:11.174 [INFO    ] orchestrator:   #5 UP    score=  4.75  GOLDEN  folds=6/6  WR=94.3%  consWR=91.3%  entry=$0.86  ev=$0.0531
2026-04-15 17:16:11.339 [INFO    ] orchestrator: identity dedupe: pulled 0 paper fire(s) from bot
2026-04-15 17:16:11.340 [INFO    ] orchestrator: DELIVERING SILVER signal: #1 Down [240s->160s] d>=0.14% v<=0.05%
2026-04-15 17:16:11.340 [INFO    ] orchestrator:   score=5.75  WR=100.0%  consWR=97.0%  entry=$0.91  ev=$0.0604  folds=[3, 4, 5, 6, 7]
2026-04-15 17:16:11.503 [INFO    ] shared.ipc: IPC: signal delivered successfully (authenticated ack)
2026-04-15 17:16:11.504 [INFO    ] orchestrator: silver signal delivered to bot
2026-04-15 17:31:11.519 [INFO    ] orchestrator: --- cycle start [14:31:11 UTC] ---
2026-04-15 17:31:11.526 [INFO    ] orchestrator: data quality check passed: 600 windows available
2026-04-15 17:31:11.527 [INFO    ] orchestrator: starting engine: C:\Users\operator\Desktop\PolySignalLab\PolySignalEngine\build\Release\PolySignalEngine.exe C:\Users\operator\Desktop\PolySignalLab\PolyDataCollector\data --output-dir C:\Users\operator\Desktop\PolySignalLab\engine_output
2026-04-15 17:31:18.459 [INFO    ] orchestrator: engine: ==========================================================
2026-04-15 17:31:18.459 [INFO    ] orchestrator: engine:   SUMMARY
2026-04-15 17:31:18.460 [INFO    ] orchestrator: engine: ==========================================================
2026-04-15 17:31:18.460 [INFO    ] orchestrator: engine:   Total windows:         600 (308 UP, 292 DOWN)
2026-04-15 17:31:18.460 [INFO    ] orchestrator: engine:   Walk-forward folds:    8 (6 test iterations)
2026-04-15 17:31:18.461 [INFO    ] orchestrator: engine:   OOS base rate:         50.0% UP (450 test windows total)
2026-04-15 17:31:18.461 [INFO    ] orchestrator: engine:   Configs swept:         150480
2026-04-15 17:31:18.462 [INFO    ] orchestrator: engine:   Viable WF-OOS signals: 142
2026-04-15 17:31:18.462 [INFO    ] orchestrator: engine:   Compute time:          5.63s
2026-04-15 17:31:18.462 [INFO    ] orchestrator: engine: ==========================================================
2026-04-15 17:31:18.463 [INFO    ] orchestrator: engine produced: signals_summary_1776263478.json
2026-04-15 17:31:18.464 [INFO    ] orchestrator: cleaned up old summary: signals_summary_1776248398.json
2026-04-15 17:31:18.465 [INFO    ] orchestrator: ranked 20 signals — top candidates:
2026-04-15 17:31:18.465 [INFO    ] orchestrator:   #1 DOWN  score=  6.27  BRONZE  folds=3/6  WR=84.6%  consWR=81.6%  entry=$0.72  ev=$0.0973
2026-04-15 17:31:18.465 [INFO    ] orchestrator:   #2 DOWN  score=  5.75  SILVER  folds=5/6  WR=100.0%  consWR=97.0%  entry=$0.91  ev=$0.0604
2026-04-15 17:31:18.466 [INFO    ] orchestrator:   #3 DOWN  score=  5.40  BRONZE  folds=4/6  WR=94.5%  consWR=91.5%  entry=$0.83  ev=$0.0816
2026-04-15 17:31:18.466 [INFO    ] orchestrator:   #4 UP    score=  5.28  BRONZE  folds=4/6  WR=96.4%  consWR=93.4%  entry=$0.86  ev=$0.0711
2026-04-15 17:31:18.466 [INFO    ] orchestrator:   #5 DOWN  score=  5.00  BRONZE  folds=4/6  WR=96.7%  consWR=93.7%  entry=$0.87  ev=$0.0623
2026-04-15 17:31:18.630 [INFO    ] orchestrator: identity dedupe: pulled 0 paper fire(s) from bot
2026-04-15 17:31:18.631 [INFO    ] orchestrator: DELIVERING BRONZE signal: #1 Down [290s->260s] d>=0.08% v<=0.1%
2026-04-15 17:31:18.631 [INFO    ] orchestrator:   score=6.27  WR=84.6%  consWR=81.6%  entry=$0.72  ev=$0.0973  folds=[5, 6, 7]
2026-04-15 17:31:18.795 [INFO    ] shared.ipc: IPC: signal delivered successfully (authenticated ack)
2026-04-15 17:31:18.796 [INFO    ] orchestrator: bronze signal delivered to bot
2026-04-15 17:46:18.801 [INFO    ] orchestrator: --- cycle start [14:46:18 UTC] ---
2026-04-15 17:46:18.808 [INFO    ] orchestrator: data quality check passed: 600 windows available
2026-04-15 17:46:18.809 [INFO    ] orchestrator: starting engine: C:\Users\operator\Desktop\PolySignalLab\PolySignalEngine\build\Release\PolySignalEngine.exe C:\Users\operator\Desktop\PolySignalLab\PolyDataCollector\data --output-dir C:\Users\operator\Desktop\PolySignalLab\engine_output
2026-04-15 17:46:25.754 [INFO    ] orchestrator: engine: ==========================================================
2026-04-15 17:46:25.755 [INFO    ] orchestrator: engine:   SUMMARY
2026-04-15 17:46:25.755 [INFO    ] orchestrator: engine: ==========================================================
2026-04-15 17:46:25.756 [INFO    ] orchestrator: engine:   Total windows:         600 (309 UP, 291 DOWN)
2026-04-15 17:46:25.756 [INFO    ] orchestrator: engine:   Walk-forward folds:    8 (6 test iterations)
2026-04-15 17:46:25.756 [INFO    ] orchestrator: engine:   OOS base rate:         50.0% UP (450 test windows total)
2026-04-15 17:46:25.757 [INFO    ] orchestrator: engine:   Configs swept:         150480
2026-04-15 17:46:25.757 [INFO    ] orchestrator: engine:   Viable WF-OOS signals: 138
2026-04-15 17:46:25.757 [INFO    ] orchestrator: engine:   Compute time:          5.64s
2026-04-15 17:46:25.758 [INFO    ] orchestrator: engine: ==========================================================
2026-04-15 17:46:25.759 [INFO    ] orchestrator: engine produced: signals_summary_1776264385.json
2026-04-15 17:46:25.760 [INFO    ] orchestrator: cleaned up old summary: signals_summary_1776249305.json
2026-04-15 17:46:25.761 [INFO    ] orchestrator: ranked 20 signals — top candidates:
2026-04-15 17:46:25.761 [INFO    ] orchestrator:   #1 DOWN  score=  6.18  BRONZE  folds=4/6  WR=96.9%  consWR=93.9%  entry=$0.85  ev=$0.0847
2026-04-15 17:46:25.762 [INFO    ] orchestrator:   #2 DOWN  score=  5.32  SILVER  folds=5/6  WR=97.1%  consWR=94.1%  entry=$0.88  ev=$0.0597
2026-04-15 17:46:25.762 [INFO    ] orchestrator:   #3 DOWN  score=  5.04  SILVER  folds=5/6  WR=92.9%  consWR=89.9%  entry=$0.84  ev=$0.0571
2026-04-15 17:46:25.762 [INFO    ] orchestrator:   #4 DOWN  score=  4.86  SILVER  folds=5/6  WR=94.5%  consWR=91.5%  entry=$0.86  ev=$0.0538
2026-04-15 17:46:25.763 [INFO    ] orchestrator:   #5 DOWN  score=  4.79  SILVER  folds=5/6  WR=91.2%  consWR=88.2%  entry=$0.83  ev=$0.0556
2026-04-15 17:46:25.949 [INFO    ] orchestrator: identity dedupe: pulled 0 paper fire(s) from bot
2026-04-15 17:46:25.949 [INFO    ] orchestrator: DELIVERING BRONZE signal: #1 Down [240s->160s] d>=0.11% v<=0.05%
2026-04-15 17:46:25.950 [INFO    ] orchestrator:   score=6.18  WR=96.9%  consWR=93.9%  entry=$0.85  ev=$0.0847  folds=[3, 4, 6, 7]
2026-04-15 17:46:26.116 [INFO    ] shared.ipc: IPC: signal delivered successfully (authenticated ack)
2026-04-15 17:46:26.116 [INFO    ] orchestrator: bronze signal delivered to bot
2026-04-15 18:01:26.123 [INFO    ] orchestrator: --- cycle start [15:01:26 UTC] ---
2026-04-15 18:01:26.131 [INFO    ] orchestrator: data quality check passed: 600 windows available
2026-04-15 18:01:26.131 [INFO    ] orchestrator: starting engine: C:\Users\operator\Desktop\PolySignalLab\PolySignalEngine\build\Release\PolySignalEngine.exe C:\Users\operator\Desktop\PolySignalLab\PolyDataCollector\data --output-dir C:\Users\operator\Desktop\PolySignalLab\engine_output
2026-04-15 18:01:33.133 [INFO    ] orchestrator: engine: ==========================================================
2026-04-15 18:01:33.133 [INFO    ] orchestrator: engine:   SUMMARY
2026-04-15 18:01:33.134 [INFO    ] orchestrator: engine: ==========================================================
2026-04-15 18:01:33.134 [INFO    ] orchestrator: engine:   Total windows:         600 (309 UP, 291 DOWN)
2026-04-15 18:01:33.134 [INFO    ] orchestrator: engine:   Walk-forward folds:    8 (6 test iterations)
2026-04-15 18:01:33.135 [INFO    ] orchestrator: engine:   OOS base rate:         49.8% UP (450 test windows total)
2026-04-15 18:01:33.135 [INFO    ] orchestrator: engine:   Configs swept:         150480
2026-04-15 18:01:33.135 [INFO    ] orchestrator: engine:   Viable WF-OOS signals: 158
2026-04-15 18:01:33.135 [INFO    ] orchestrator: engine:   Compute time:          5.68s
2026-04-15 18:01:33.136 [INFO    ] orchestrator: engine: ==========================================================
2026-04-15 18:01:33.137 [INFO    ] orchestrator: engine produced: signals_summary_1776265293.json
2026-04-15 18:01:33.138 [INFO    ] orchestrator: cleaned up old summary: signals_summary_1776250212.json
2026-04-15 18:01:33.139 [INFO    ] orchestrator: ranked 20 signals — top candidates:
2026-04-15 18:01:33.139 [INFO    ] orchestrator:   #1 DOWN  score=  5.03  BRONZE  folds=4/6  WR=94.6%  consWR=91.6%  entry=$0.84  ev=$0.0714
2026-04-15 18:01:33.139 [INFO    ] orchestrator:   #2 DOWN  score=  4.96  BRONZE  folds=3/6  WR=91.2%  consWR=88.2%  entry=$0.81  ev=$0.0753
2026-04-15 18:01:33.140 [INFO    ] orchestrator:   #3 DOWN  score=  4.80  SILVER  folds=5/6  WR=92.6%  consWR=89.6%  entry=$0.84  ev=$0.0544
2026-04-15 18:01:33.140 [INFO    ] orchestrator:   #4 DOWN  score=  4.59  SILVER  folds=5/6  WR=90.9%  consWR=87.9%  entry=$0.83  ev=$0.0533
2026-04-15 18:01:33.140 [INFO    ] orchestrator:   #5 DOWN  score=  4.49  BRONZE  folds=4/6  WR=85.0%  consWR=82.0%  entry=$0.76  ev=$0.0613
2026-04-15 18:01:33.303 [INFO    ] orchestrator: identity dedupe: pulled 0 paper fire(s) from bot
2026-04-15 18:01:33.303 [INFO    ] orchestrator: DELIVERING BRONZE signal: #1 Down [270s->160s] d>=0.1% v<=0.05%
2026-04-15 18:01:33.304 [INFO    ] orchestrator:   score=5.03  WR=94.6%  consWR=91.6%  entry=$0.84  ev=$0.0714  folds=[3, 4, 6, 7]
2026-04-15 18:01:33.479 [INFO    ] shared.ipc: IPC: signal delivered successfully (authenticated ack)
2026-04-15 18:01:33.479 [INFO    ] orchestrator: bronze signal delivered to bot
2026-04-15 18:16:33.486 [INFO    ] orchestrator: --- cycle start [15:16:33 UTC] ---
2026-04-15 18:16:33.493 [INFO    ] orchestrator: data quality check passed: 600 windows available
2026-04-15 18:16:33.494 [INFO    ] orchestrator: starting engine: C:\Users\operator\Desktop\PolySignalLab\PolySignalEngine\build\Release\PolySignalEngine.exe C:\Users\operator\Desktop\PolySignalLab\PolyDataCollector\data --output-dir C:\Users\operator\Desktop\PolySignalLab\engine_output
2026-04-15 18:16:40.416 [INFO    ] orchestrator: engine: ==========================================================
2026-04-15 18:16:40.417 [INFO    ] orchestrator: engine:   SUMMARY
2026-04-15 18:16:40.417 [INFO    ] orchestrator: engine: ==========================================================
2026-04-15 18:16:40.418 [INFO    ] orchestrator: engine:   Total windows:         600 (307 UP, 293 DOWN)
2026-04-15 18:16:40.418 [INFO    ] orchestrator: engine:   Walk-forward folds:    8 (6 test iterations)
2026-04-15 18:16:40.418 [INFO    ] orchestrator: engine:   OOS base rate:         49.6% UP (450 test windows total)
2026-04-15 18:16:40.419 [INFO    ] orchestrator: engine:   Configs swept:         150480
2026-04-15 18:16:40.419 [INFO    ] orchestrator: engine:   Viable WF-OOS signals: 149
2026-04-15 18:16:40.419 [INFO    ] orchestrator: engine:   Compute time:          5.51s
2026-04-15 18:16:40.420 [INFO    ] orchestrator: engine: ==========================================================
2026-04-15 18:16:40.421 [INFO    ] orchestrator: engine produced: signals_summary_1776266200.json
2026-04-15 18:16:40.422 [INFO    ] orchestrator: cleaned up old summary: signals_summary_1776251118.json
2026-04-15 18:16:40.422 [INFO    ] orchestrator: ranked 20 signals — top candidates:
2026-04-15 18:16:40.423 [INFO    ] orchestrator:   #1 DOWN  score=  7.93  SILVER  folds=6/6  WR=100.0%  consWR=97.0%  entry=$0.89  ev=$0.0793
2026-04-15 18:16:40.423 [INFO    ] orchestrator:   #2 DOWN  score=  7.15  BRONZE  folds=3/6  WR=96.0%  consWR=93.0%  entry=$0.81  ev=$0.1156
2026-04-15 18:16:40.424 [INFO    ] orchestrator:   #3 DOWN  score=  6.04  SILVER  folds=6/6  WR=100.0%  consWR=97.0%  entry=$0.91  ev=$0.0604
2026-04-15 18:16:40.424 [INFO    ] orchestrator:   #4 DOWN  score=  5.68  BRONZE  folds=4/6  WR=94.4%  consWR=91.4%  entry=$0.82  ev=$0.0953
2026-04-15 18:16:40.424 [INFO    ] orchestrator:   #5 DOWN  score=  5.39  GOLDEN  folds=6/6  WR=93.5%  consWR=90.5%  entry=$0.85  ev=$0.0590
2026-04-15 18:16:40.588 [INFO    ] orchestrator: identity dedupe: pulled 0 paper fire(s) from bot
2026-04-15 18:16:40.588 [INFO    ] orchestrator: DELIVERING SILVER signal: #1 Down [270s->160s] d>=0.13% v<=0.05%
2026-04-15 18:16:40.589 [INFO    ] orchestrator:   score=7.93  WR=100.0%  consWR=97.0%  entry=$0.89  ev=$0.0793  folds=[2, 3, 4, 5, 6, 7]
2026-04-15 18:16:40.752 [INFO    ] shared.ipc: IPC: signal delivered successfully (authenticated ack)
2026-04-15 18:16:40.752 [INFO    ] orchestrator: silver signal delivered to bot
2026-04-15 18:31:40.768 [INFO    ] orchestrator: --- cycle start [15:31:40 UTC] ---
2026-04-15 18:31:40.775 [INFO    ] orchestrator: data quality check passed: 600 windows available
2026-04-15 18:31:40.775 [INFO    ] orchestrator: starting engine: C:\Users\operator\Desktop\PolySignalLab\PolySignalEngine\build\Release\PolySignalEngine.exe C:\Users\operator\Desktop\PolySignalLab\PolyDataCollector\data --output-dir C:\Users\operator\Desktop\PolySignalLab\engine_output
2026-04-15 18:31:47.360 [INFO    ] orchestrator: engine: ==========================================================
2026-04-15 18:31:47.361 [INFO    ] orchestrator: engine:   SUMMARY
2026-04-15 18:31:47.361 [INFO    ] orchestrator: engine: ==========================================================
2026-04-15 18:31:47.361 [INFO    ] orchestrator: engine:   Total windows:         600 (306 UP, 294 DOWN)
2026-04-15 18:31:47.362 [INFO    ] orchestrator: engine:   Walk-forward folds:    8 (6 test iterations)
2026-04-15 18:31:47.362 [INFO    ] orchestrator: engine:   OOS base rate:         49.3% UP (450 test windows total)
2026-04-15 18:31:47.362 [INFO    ] orchestrator: engine:   Configs swept:         150480
2026-04-15 18:31:47.363 [INFO    ] orchestrator: engine:   Viable WF-OOS signals: 162
2026-04-15 18:31:47.363 [INFO    ] orchestrator: engine:   Compute time:          5.31s
2026-04-15 18:31:47.363 [INFO    ] orchestrator: engine: ==========================================================
2026-04-15 18:31:47.364 [INFO    ] orchestrator: engine produced: signals_summary_1776267107.json
2026-04-15 18:31:47.365 [INFO    ] orchestrator: cleaned up old summary: signals_summary_1776252025.json
2026-04-15 18:31:47.366 [INFO    ] orchestrator: ranked 20 signals — top candidates:
2026-04-15 18:31:47.366 [INFO    ] orchestrator:   #1 DOWN  score=  7.89  SILVER  folds=6/6  WR=100.0%  consWR=97.0%  entry=$0.89  ev=$0.0789
2026-04-15 18:31:47.366 [INFO    ] orchestrator:   #2 DOWN  score=  6.72  BRONZE  folds=3/6  WR=87.5%  consWR=84.5%  entry=$0.74  ev=$0.1067
2026-04-15 18:31:47.367 [INFO    ] orchestrator:   #3 DOWN  score=  6.07  SILVER  folds=5/6  WR=100.0%  consWR=97.0%  entry=$0.89  ev=$0.0796
2026-04-15 18:31:47.367 [INFO    ] orchestrator:   #4 DOWN  score=  6.04  SILVER  folds=6/6  WR=100.0%  consWR=97.0%  entry=$0.91  ev=$0.0604
2026-04-15 18:31:47.367 [INFO    ] orchestrator:   #5 DOWN  score=  5.34  GOLDEN  folds=6/6  WR=93.5%  consWR=90.5%  entry=$0.85  ev=$0.0590
2026-04-15 18:31:47.532 [INFO    ] orchestrator: identity dedupe: pulled 0 paper fire(s) from bot
2026-04-15 18:31:47.532 [INFO    ] orchestrator: DELIVERING SILVER signal: #1 Down [270s->160s] d>=0.13% v<=0.05%
2026-04-15 18:31:47.533 [INFO    ] orchestrator:   score=7.89  WR=100.0%  consWR=97.0%  entry=$0.89  ev=$0.0789  folds=[2, 3, 4, 5, 6, 7]
2026-04-15 18:31:47.696 [INFO    ] shared.ipc: IPC: signal delivered successfully (authenticated ack)
2026-04-15 18:31:47.696 [INFO    ] orchestrator: silver signal delivered to bot
2026-04-15 18:46:47.698 [INFO    ] orchestrator: --- cycle start [15:46:47 UTC] ---
2026-04-15 18:46:47.705 [INFO    ] orchestrator: data quality check passed: 600 windows available
2026-04-15 18:46:47.706 [INFO    ] orchestrator: starting engine: C:\Users\operator\Desktop\PolySignalLab\PolySignalEngine\build\Release\PolySignalEngine.exe C:\Users\operator\Desktop\PolySignalLab\PolyDataCollector\data --output-dir C:\Users\operator\Desktop\PolySignalLab\engine_output
2026-04-15 18:46:54.577 [INFO    ] orchestrator: engine: ==========================================================
2026-04-15 18:46:54.577 [INFO    ] orchestrator: engine:   SUMMARY
2026-04-15 18:46:54.578 [INFO    ] orchestrator: engine: ==========================================================
2026-04-15 18:46:54.578 [INFO    ] orchestrator: engine:   Total windows:         600 (306 UP, 294 DOWN)
2026-04-15 18:46:54.579 [INFO    ] orchestrator: engine:   Walk-forward folds:    8 (6 test iterations)
2026-04-15 18:46:54.579 [INFO    ] orchestrator: engine:   OOS base rate:         49.1% UP (450 test windows total)
2026-04-15 18:46:54.579 [INFO    ] orchestrator: engine:   Configs swept:         150480
2026-04-15 18:46:54.580 [INFO    ] orchestrator: engine:   Viable WF-OOS signals: 143
2026-04-15 18:46:54.580 [INFO    ] orchestrator: engine:   Compute time:          5.55s
2026-04-15 18:46:54.580 [INFO    ] orchestrator: engine: ==========================================================
2026-04-15 18:46:54.581 [INFO    ] orchestrator: engine produced: signals_summary_1776268014.json
2026-04-15 18:46:54.582 [INFO    ] orchestrator: cleaned up old summary: signals_summary_1776252932.json
2026-04-15 18:46:54.583 [INFO    ] orchestrator: ranked 20 signals — top candidates:
2026-04-15 18:46:54.583 [INFO    ] orchestrator:   #1 DOWN  score=  7.89  SILVER  folds=6/6  WR=100.0%  consWR=97.0%  entry=$0.89  ev=$0.0789
2026-04-15 18:46:54.584 [INFO    ] orchestrator:   #2 DOWN  score=  6.75  BRONZE  folds=3/6  WR=88.0%  consWR=85.0%  entry=$0.74  ev=$0.1056
2026-04-15 18:46:54.584 [INFO    ] orchestrator:   #3 DOWN  score=  6.08  BRONZE  folds=3/6  WR=95.7%  consWR=92.7%  entry=$0.83  ev=$0.1017
2026-04-15 18:46:54.584 [INFO    ] orchestrator:   #4 DOWN  score=  6.04  SILVER  folds=6/6  WR=100.0%  consWR=97.0%  entry=$0.91  ev=$0.0604
2026-04-15 18:46:54.585 [INFO    ] orchestrator:   #5 DOWN  score=  5.95  BRONZE  folds=4/6  WR=100.0%  consWR=97.0%  entry=$0.89  ev=$0.0833
2026-04-15 18:46:54.750 [INFO    ] orchestrator: identity dedupe: pulled 0 paper fire(s) from bot
2026-04-15 18:46:54.751 [INFO    ] orchestrator: DELIVERING SILVER signal: #1 Down [270s->160s] d>=0.13% v<=0.05%
2026-04-15 18:46:54.751 [INFO    ] orchestrator:   score=7.89  WR=100.0%  consWR=97.0%  entry=$0.89  ev=$0.0789  folds=[2, 3, 4, 5, 6, 7]
2026-04-15 18:46:54.915 [INFO    ] shared.ipc: IPC: signal delivered successfully (authenticated ack)
2026-04-15 18:46:54.915 [INFO    ] orchestrator: silver signal delivered to bot
2026-04-15 19:01:54.928 [INFO    ] orchestrator: --- cycle start [16:01:54 UTC] ---
2026-04-15 19:01:54.935 [INFO    ] orchestrator: data quality check passed: 600 windows available
2026-04-15 19:01:54.936 [INFO    ] orchestrator: starting engine: C:\Users\operator\Desktop\PolySignalLab\PolySignalEngine\build\Release\PolySignalEngine.exe C:\Users\operator\Desktop\PolySignalLab\PolyDataCollector\data --output-dir C:\Users\operator\Desktop\PolySignalLab\engine_output
2026-04-15 19:02:01.566 [INFO    ] orchestrator: engine: ==========================================================
2026-04-15 19:02:01.566 [INFO    ] orchestrator: engine:   SUMMARY
2026-04-15 19:02:01.567 [INFO    ] orchestrator: engine: ==========================================================
2026-04-15 19:02:01.567 [INFO    ] orchestrator: engine:   Total windows:         600 (307 UP, 293 DOWN)
2026-04-15 19:02:01.567 [INFO    ] orchestrator: engine:   Walk-forward folds:    8 (6 test iterations)
2026-04-15 19:02:01.568 [INFO    ] orchestrator: engine:   OOS base rate:         48.9% UP (450 test windows total)
2026-04-15 19:02:01.568 [INFO    ] orchestrator: engine:   Configs swept:         150480
2026-04-15 19:02:01.568 [INFO    ] orchestrator: engine:   Viable WF-OOS signals: 153
2026-04-15 19:02:01.569 [INFO    ] orchestrator: engine:   Compute time:          5.35s
2026-04-15 19:02:01.569 [INFO    ] orchestrator: engine: ==========================================================
2026-04-15 19:02:01.570 [INFO    ] orchestrator: engine produced: signals_summary_1776268921.json
2026-04-15 19:02:01.571 [INFO    ] orchestrator: cleaned up old summary: signals_summary_1776253839.json
2026-04-15 19:02:01.571 [INFO    ] orchestrator: ranked 20 signals — top candidates:
2026-04-15 19:02:01.572 [INFO    ] orchestrator:   #1 DOWN  score=  7.89  SILVER  folds=6/6  WR=100.0%  consWR=97.0%  entry=$0.89  ev=$0.0789
2026-04-15 19:02:01.573 [INFO    ] orchestrator:   #2 DOWN  score=  6.75  BRONZE  folds=3/6  WR=88.0%  consWR=85.0%  entry=$0.74  ev=$0.1056
2026-04-15 19:02:01.573 [INFO    ] orchestrator:   #3 DOWN  score=  6.14  BRONZE  folds=3/6  WR=95.7%  consWR=92.7%  entry=$0.82  ev=$0.1026
2026-04-15 19:02:01.573 [INFO    ] orchestrator:   #4 DOWN  score=  6.04  SILVER  folds=6/6  WR=100.0%  consWR=97.0%  entry=$0.91  ev=$0.0604
2026-04-15 19:02:01.574 [INFO    ] orchestrator:   #5 DOWN  score=  5.36  GOLDEN  folds=6/6  WR=92.3%  consWR=89.3%  entry=$0.83  ev=$0.0608
2026-04-15 19:02:01.736 [INFO    ] orchestrator: identity dedupe: pulled 0 paper fire(s) from bot
2026-04-15 19:02:01.737 [INFO    ] orchestrator: identity dedupe: down_270.0_160.0_0.13_0.05 has been top for 4 cycles but no paper fire history yet — no suppression
2026-04-15 19:02:01.737 [INFO    ] orchestrator: DELIVERING SILVER signal: #1 Down [270s->160s] d>=0.13% v<=0.05%
2026-04-15 19:02:01.737 [INFO    ] orchestrator:   score=7.89  WR=100.0%  consWR=97.0%  entry=$0.89  ev=$0.0789  folds=[2, 3, 4, 5, 6, 7]
2026-04-15 19:02:01.900 [INFO    ] shared.ipc: IPC: signal delivered successfully (authenticated ack)
2026-04-15 19:02:01.901 [INFO    ] orchestrator: silver signal delivered to bot
2026-04-15 19:17:01.915 [INFO    ] orchestrator: --- cycle start [16:17:01 UTC] ---
2026-04-15 19:17:01.922 [INFO    ] orchestrator: data quality check passed: 600 windows available
2026-04-15 19:17:01.923 [INFO    ] orchestrator: starting engine: C:\Users\operator\Desktop\PolySignalLab\PolySignalEngine\build\Release\PolySignalEngine.exe C:\Users\operator\Desktop\PolySignalLab\PolyDataCollector\data --output-dir C:\Users\operator\Desktop\PolySignalLab\engine_output
2026-04-15 19:17:08.415 [INFO    ] orchestrator: engine: ==========================================================
2026-04-15 19:17:08.416 [INFO    ] orchestrator: engine:   SUMMARY
2026-04-15 19:17:08.416 [INFO    ] orchestrator: engine: ==========================================================
2026-04-15 19:17:08.417 [INFO    ] orchestrator: engine:   Total windows:         600 (308 UP, 292 DOWN)
2026-04-15 19:17:08.417 [INFO    ] orchestrator: engine:   Walk-forward folds:    8 (6 test iterations)
2026-04-15 19:17:08.417 [INFO    ] orchestrator: engine:   OOS base rate:         49.3% UP (450 test windows total)
2026-04-15 19:17:08.418 [INFO    ] orchestrator: engine:   Configs swept:         150480
2026-04-15 19:17:08.418 [INFO    ] orchestrator: engine:   Viable WF-OOS signals: 140
2026-04-15 19:17:08.418 [INFO    ] orchestrator: engine:   Compute time:          5.20s
2026-04-15 19:17:08.418 [INFO    ] orchestrator: engine: ==========================================================
2026-04-15 19:17:08.419 [INFO    ] orchestrator: engine produced: signals_summary_1776269828.json
2026-04-15 19:17:08.421 [INFO    ] orchestrator: cleaned up old summary: signals_summary_1776260756.json
2026-04-15 19:17:08.422 [INFO    ] orchestrator: ranked 20 signals — top candidates:
2026-04-15 19:17:08.422 [INFO    ] orchestrator:   #1 DOWN  score=  7.89  SILVER  folds=6/6  WR=100.0%  consWR=97.0%  entry=$0.89  ev=$0.0789
2026-04-15 19:17:08.422 [INFO    ] orchestrator:   #2 DOWN  score=  5.87  BRONZE  folds=4/6  WR=94.2%  consWR=91.2%  entry=$0.82  ev=$0.0879
2026-04-15 19:17:08.423 [INFO    ] orchestrator:   #3 DOWN  score=  5.32  SILVER  folds=5/6  WR=100.0%  consWR=97.0%  entry=$0.91  ev=$0.0588
2026-04-15 19:17:08.423 [INFO    ] orchestrator:   #4 DOWN  score=  5.26  GOLDEN  folds=6/6  WR=92.3%  consWR=89.3%  entry=$0.83  ev=$0.0608
2026-04-15 19:17:08.424 [INFO    ] orchestrator:   #5 DOWN  score=  5.16  SILVER  folds=5/6  WR=97.0%  consWR=94.0%  entry=$0.88  ev=$0.0594
2026-04-15 19:17:08.586 [INFO    ] orchestrator: identity dedupe: pulled 0 paper fire(s) from bot
2026-04-15 19:17:08.587 [INFO    ] orchestrator: identity dedupe: down_270.0_160.0_0.13_0.05 has been top for 4 cycles but no paper fire history yet — no suppression
2026-04-15 19:17:08.587 [INFO    ] orchestrator: DELIVERING SILVER signal: #1 Down [270s->160s] d>=0.13% v<=0.05%
2026-04-15 19:17:08.587 [INFO    ] orchestrator:   score=7.89  WR=100.0%  consWR=97.0%  entry=$0.89  ev=$0.0789  folds=[2, 3, 4, 5, 6, 7]
2026-04-15 19:17:08.750 [INFO    ] shared.ipc: IPC: signal delivered successfully (authenticated ack)
2026-04-15 19:17:08.751 [INFO    ] orchestrator: silver signal delivered to bot
2026-04-15 19:32:08.757 [INFO    ] orchestrator: --- cycle start [16:32:08 UTC] ---
2026-04-15 19:32:08.764 [INFO    ] orchestrator: data quality check passed: 600 windows available
2026-04-15 19:32:08.765 [INFO    ] orchestrator: starting engine: C:\Users\operator\Desktop\PolySignalLab\PolySignalEngine\build\Release\PolySignalEngine.exe C:\Users\operator\Desktop\PolySignalLab\PolyDataCollector\data --output-dir C:\Users\operator\Desktop\PolySignalLab\engine_output
2026-04-15 19:32:15.451 [INFO    ] orchestrator: engine: ==========================================================
2026-04-15 19:32:15.452 [INFO    ] orchestrator: engine:   SUMMARY
2026-04-15 19:32:15.452 [INFO    ] orchestrator: engine: ==========================================================
2026-04-15 19:32:15.453 [INFO    ] orchestrator: engine:   Total windows:         600 (310 UP, 290 DOWN)
2026-04-15 19:32:15.453 [INFO    ] orchestrator: engine:   Walk-forward folds:    8 (6 test iterations)
2026-04-15 19:32:15.453 [INFO    ] orchestrator: engine:   OOS base rate:         49.6% UP (450 test windows total)
2026-04-15 19:32:15.454 [INFO    ] orchestrator: engine:   Configs swept:         150480
2026-04-15 19:32:15.454 [INFO    ] orchestrator: engine:   Viable WF-OOS signals: 159
2026-04-15 19:32:15.455 [INFO    ] orchestrator: engine:   Compute time:          5.26s
2026-04-15 19:32:15.455 [INFO    ] orchestrator: engine: ==========================================================
2026-04-15 19:32:15.456 [INFO    ] orchestrator: engine produced: signals_summary_1776270735.json
2026-04-15 19:32:15.457 [INFO    ] orchestrator: cleaned up old summary: signals_summary_1776261664.json
2026-04-15 19:32:15.458 [INFO    ] orchestrator: ranked 20 signals — top candidates:
2026-04-15 19:32:15.458 [INFO    ] orchestrator:   #1 DOWN  score=  7.89  SILVER  folds=6/6  WR=100.0%  consWR=97.0%  entry=$0.89  ev=$0.0789
2026-04-15 19:32:15.459 [INFO    ] orchestrator:   #2 DOWN  score=  6.11  BRONZE  folds=4/6  WR=97.5%  consWR=94.5%  entry=$0.87  ev=$0.0738
2026-04-15 19:32:15.459 [INFO    ] orchestrator:   #3 DOWN  score=  6.04  SILVER  folds=6/6  WR=100.0%  consWR=97.0%  entry=$0.91  ev=$0.0604
2026-04-15 19:32:15.460 [INFO    ] orchestrator:   #4 DOWN  score=  5.37  BRONZE  folds=2/6  WR=92.5%  consWR=89.5%  entry=$0.78  ev=$0.1175
2026-04-15 19:32:15.460 [INFO    ] orchestrator:   #5 DOWN  score=  5.26  SILVER  folds=5/6  WR=100.0%  consWR=97.0%  entry=$0.91  ev=$0.0582
2026-04-15 19:32:15.624 [INFO    ] orchestrator: identity dedupe: pulled 0 paper fire(s) from bot
2026-04-15 19:32:15.625 [INFO    ] orchestrator: identity dedupe: down_270.0_160.0_0.13_0.05 has been top for 4 cycles but no paper fire history yet — no suppression
2026-04-15 19:32:15.625 [INFO    ] orchestrator: DELIVERING SILVER signal: #1 Down [270s->160s] d>=0.13% v<=0.05%
2026-04-15 19:32:15.625 [INFO    ] orchestrator:   score=7.89  WR=100.0%  consWR=97.0%  entry=$0.89  ev=$0.0789  folds=[2, 3, 4, 5, 6, 7]
2026-04-15 19:32:15.790 [INFO    ] shared.ipc: IPC: signal delivered successfully (authenticated ack)
2026-04-15 19:32:15.791 [INFO    ] orchestrator: silver signal delivered to bot
2026-04-15 19:47:15.802 [INFO    ] orchestrator: --- cycle start [16:47:15 UTC] ---
2026-04-15 19:47:15.809 [INFO    ] orchestrator: data quality check passed: 600 windows available
2026-04-15 19:47:15.810 [INFO    ] orchestrator: starting engine: C:\Users\operator\Desktop\PolySignalLab\PolySignalEngine\build\Release\PolySignalEngine.exe C:\Users\operator\Desktop\PolySignalLab\PolyDataCollector\data --output-dir C:\Users\operator\Desktop\PolySignalLab\engine_output
2026-04-15 19:47:22.192 [INFO    ] orchestrator: engine: ==========================================================
2026-04-15 19:47:22.193 [INFO    ] orchestrator: engine:   SUMMARY
2026-04-15 19:47:22.193 [INFO    ] orchestrator: engine: ==========================================================
2026-04-15 19:47:22.194 [INFO    ] orchestrator: engine:   Total windows:         600 (308 UP, 292 DOWN)
2026-04-15 19:47:22.194 [INFO    ] orchestrator: engine:   Walk-forward folds:    8 (6 test iterations)
2026-04-15 19:47:22.195 [INFO    ] orchestrator: engine:   OOS base rate:         49.3% UP (450 test windows total)
2026-04-15 19:47:22.195 [INFO    ] orchestrator: engine:   Configs swept:         150480
2026-04-15 19:47:22.195 [INFO    ] orchestrator: engine:   Viable WF-OOS signals: 146
2026-04-15 19:47:22.196 [INFO    ] orchestrator: engine:   Compute time:          5.06s
2026-04-15 19:47:22.196 [INFO    ] orchestrator: engine: ==========================================================
2026-04-15 19:47:22.197 [INFO    ] orchestrator: engine produced: signals_summary_1776271642.json
2026-04-15 19:47:22.197 [INFO    ] orchestrator: cleaned up old summary: signals_summary_1776262571.json
2026-04-15 19:47:22.198 [INFO    ] orchestrator: ranked 20 signals — top candidates:
2026-04-15 19:47:22.199 [INFO    ] orchestrator:   #1 DOWN  score=  7.89  SILVER  folds=6/6  WR=100.0%  consWR=97.0%  entry=$0.89  ev=$0.0789
2026-04-15 19:47:22.199 [INFO    ] orchestrator:   #2 DOWN  score=  6.38  BRONZE  folds=3/6  WR=100.0%  consWR=97.0%  entry=$0.87  ev=$0.0958
2026-04-15 19:47:22.199 [INFO    ] orchestrator:   #3 DOWN  score=  5.53  BRONZE  folds=4/6  WR=85.0%  consWR=82.0%  entry=$0.74  ev=$0.0800
2026-04-15 19:47:22.200 [INFO    ] orchestrator:   #4 DOWN  score=  5.22  BRONZE  folds=2/6  WR=92.1%  consWR=89.1%  entry=$0.78  ev=$0.1147
2026-04-15 19:47:22.200 [INFO    ] orchestrator:   #5 DOWN  score=  5.20  GOLDEN  folds=6/6  WR=95.0%  consWR=92.0%  entry=$0.86  ev=$0.0552
2026-04-15 19:47:22.364 [INFO    ] orchestrator: identity dedupe: pulled 0 paper fire(s) from bot
2026-04-15 19:47:22.364 [INFO    ] orchestrator: identity dedupe: down_270.0_160.0_0.13_0.05 has been top for 4 cycles but no paper fire history yet — no suppression
2026-04-15 19:47:22.365 [INFO    ] orchestrator: DELIVERING SILVER signal: #1 Down [270s->160s] d>=0.13% v<=0.05%
2026-04-15 19:47:22.365 [INFO    ] orchestrator:   score=7.89  WR=100.0%  consWR=97.0%  entry=$0.89  ev=$0.0789  folds=[2, 3, 4, 5, 6, 7]
2026-04-15 19:47:22.529 [INFO    ] shared.ipc: IPC: signal delivered successfully (authenticated ack)
2026-04-15 19:47:22.529 [INFO    ] orchestrator: silver signal delivered to bot
2026-04-15 20:02:22.541 [INFO    ] orchestrator: --- cycle start [17:02:22 UTC] ---
2026-04-15 20:02:22.548 [INFO    ] orchestrator: data quality check passed: 600 windows available
2026-04-15 20:02:22.549 [INFO    ] orchestrator: starting engine: C:\Users\operator\Desktop\PolySignalLab\PolySignalEngine\build\Release\PolySignalEngine.exe C:\Users\operator\Desktop\PolySignalLab\PolyDataCollector\data --output-dir C:\Users\operator\Desktop\PolySignalLab\engine_output
2026-04-15 20:02:28.850 [INFO    ] orchestrator: engine: ==========================================================
2026-04-15 20:02:28.850 [INFO    ] orchestrator: engine:   SUMMARY
2026-04-15 20:02:28.850 [INFO    ] orchestrator: engine: ==========================================================
2026-04-15 20:02:28.851 [INFO    ] orchestrator: engine:   Total windows:         600 (306 UP, 294 DOWN)
2026-04-15 20:02:28.851 [INFO    ] orchestrator: engine:   Walk-forward folds:    8 (6 test iterations)
2026-04-15 20:02:28.851 [INFO    ] orchestrator: engine:   OOS base rate:         49.3% UP (450 test windows total)
2026-04-15 20:02:28.852 [INFO    ] orchestrator: engine:   Configs swept:         150480
2026-04-15 20:02:28.852 [INFO    ] orchestrator: engine:   Viable WF-OOS signals: 145
2026-04-15 20:02:28.852 [INFO    ] orchestrator: engine:   Compute time:          4.99s
2026-04-15 20:02:28.853 [INFO    ] orchestrator: engine: ==========================================================
2026-04-15 20:02:28.854 [INFO    ] orchestrator: engine produced: signals_summary_1776272548.json
2026-04-15 20:02:28.855 [INFO    ] orchestrator: cleaned up old summary: signals_summary_1776263478.json
2026-04-15 20:02:28.855 [INFO    ] orchestrator: ranked 20 signals — top candidates:
2026-04-15 20:02:28.856 [INFO    ] orchestrator:   #1 DOWN  score= 10.54  SILVER  folds=6/6  WR=100.0%  consWR=97.0%  entry=$0.86  ev=$0.1054
2026-04-15 20:02:28.856 [INFO    ] orchestrator:   #2 DOWN  score=  7.79  SILVER  folds=6/6  WR=100.0%  consWR=97.0%  entry=$0.89  ev=$0.0779
2026-04-15 20:02:28.856 [INFO    ] orchestrator:   #3 DOWN  score=  5.87  SILVER  folds=5/6  WR=100.0%  consWR=97.0%  entry=$0.91  ev=$0.0617
2026-04-15 20:02:28.857 [INFO    ] orchestrator:   #4 DOWN  score=  5.62  BRONZE  folds=4/6  WR=92.1%  consWR=89.1%  entry=$0.81  ev=$0.0850
2026-04-15 20:02:28.858 [INFO    ] orchestrator:   #5 DOWN  score=  5.18  GOLDEN  folds=6/6  WR=95.1%  consWR=92.1%  entry=$0.87  ev=$0.0554
2026-04-15 20:02:29.022 [INFO    ] orchestrator: identity dedupe: pulled 0 paper fire(s) from bot
2026-04-15 20:02:29.022 [INFO    ] orchestrator: DELIVERING SILVER signal: #1 Down [230s->200s] d>=0.13% v<=0.05%
2026-04-15 20:02:29.023 [INFO    ] orchestrator:   score=10.54  WR=100.0%  consWR=97.0%  entry=$0.86  ev=$0.1054  folds=[2, 3, 4, 5, 6, 7]
2026-04-15 20:02:29.189 [INFO    ] shared.ipc: IPC: signal delivered successfully (authenticated ack)
2026-04-15 20:02:29.189 [INFO    ] orchestrator: silver signal delivered to bot
2026-04-15 20:17:29.205 [INFO    ] orchestrator: --- cycle start [17:17:29 UTC] ---
2026-04-15 20:17:29.212 [INFO    ] orchestrator: data quality check passed: 600 windows available
2026-04-15 20:17:29.213 [INFO    ] orchestrator: starting engine: C:\Users\operator\Desktop\PolySignalLab\PolySignalEngine\build\Release\PolySignalEngine.exe C:\Users\operator\Desktop\PolySignalLab\PolyDataCollector\data --output-dir C:\Users\operator\Desktop\PolySignalLab\engine_output
2026-04-15 20:17:35.375 [INFO    ] orchestrator: engine: ==========================================================
2026-04-15 20:17:35.376 [INFO    ] orchestrator: engine:   SUMMARY
2026-04-15 20:17:35.376 [INFO    ] orchestrator: engine: ==========================================================
2026-04-15 20:17:35.376 [INFO    ] orchestrator: engine:   Total windows:         600 (306 UP, 294 DOWN)
2026-04-15 20:17:35.377 [INFO    ] orchestrator: engine:   Walk-forward folds:    8 (6 test iterations)
2026-04-15 20:17:35.377 [INFO    ] orchestrator: engine:   OOS base rate:         49.3% UP (450 test windows total)
2026-04-15 20:17:35.377 [INFO    ] orchestrator: engine:   Configs swept:         150480
2026-04-15 20:17:35.378 [INFO    ] orchestrator: engine:   Viable WF-OOS signals: 140
2026-04-15 20:17:35.378 [INFO    ] orchestrator: engine:   Compute time:          4.89s
2026-04-15 20:17:35.379 [INFO    ] orchestrator: engine: ==========================================================
2026-04-15 20:17:35.380 [INFO    ] orchestrator: engine produced: signals_summary_1776273455.json
2026-04-15 20:17:35.381 [INFO    ] orchestrator: cleaned up old summary: signals_summary_1776264385.json
2026-04-15 20:17:35.382 [INFO    ] orchestrator: ranked 20 signals — top candidates:
2026-04-15 20:17:35.383 [INFO    ] orchestrator:   #1 DOWN  score= 10.54  SILVER  folds=6/6  WR=100.0%  consWR=97.0%  entry=$0.86  ev=$0.1054
2026-04-15 20:17:35.383 [INFO    ] orchestrator:   #2 DOWN  score=  7.79  SILVER  folds=6/6  WR=100.0%  consWR=97.0%  entry=$0.89  ev=$0.0779
2026-04-15 20:17:35.383 [INFO    ] orchestrator:   #3 DOWN  score=  5.24  BRONZE  folds=4/6  WR=96.2%  consWR=93.2%  entry=$0.87  ev=$0.0630
2026-04-15 20:17:35.384 [INFO    ] orchestrator:   #4 DOWN  score=  5.17  BRONZE  folds=2/6  WR=100.0%  consWR=97.0%  entry=$0.85  ev=$0.1206
2026-04-15 20:17:35.384 [INFO    ] orchestrator:   #5 DOWN  score=  5.13  GOLDEN  folds=6/6  WR=95.1%  consWR=92.1%  entry=$0.87  ev=$0.0554
2026-04-15 20:17:35.549 [INFO    ] orchestrator: identity dedupe: pulled 0 paper fire(s) from bot
2026-04-15 20:17:35.549 [INFO    ] orchestrator: DELIVERING SILVER signal: #1 Down [230s->200s] d>=0.13% v<=0.05%
2026-04-15 20:17:35.550 [INFO    ] orchestrator:   score=10.54  WR=100.0%  consWR=97.0%  entry=$0.86  ev=$0.1054  folds=[2, 3, 4, 5, 6, 7]
2026-04-15 20:17:35.714 [INFO    ] shared.ipc: IPC: signal delivered successfully (authenticated ack)
2026-04-15 20:17:35.714 [INFO    ] orchestrator: silver signal delivered to bot
2026-04-15 20:32:35.720 [INFO    ] orchestrator: --- cycle start [17:32:35 UTC] ---
2026-04-15 20:32:35.728 [INFO    ] orchestrator: data quality check passed: 600 windows available
2026-04-15 20:32:35.728 [INFO    ] orchestrator: starting engine: C:\Users\operator\Desktop\PolySignalLab\PolySignalEngine\build\Release\PolySignalEngine.exe C:\Users\operator\Desktop\PolySignalLab\PolyDataCollector\data --output-dir C:\Users\operator\Desktop\PolySignalLab\engine_output
2026-04-15 20:32:41.923 [INFO    ] orchestrator: engine: ==========================================================
2026-04-15 20:32:41.923 [INFO    ] orchestrator: engine:   SUMMARY
2026-04-15 20:32:41.924 [INFO    ] orchestrator: engine: ==========================================================
2026-04-15 20:32:41.924 [INFO    ] orchestrator: engine:   Total windows:         600 (306 UP, 294 DOWN)
2026-04-15 20:32:41.924 [INFO    ] orchestrator: engine:   Walk-forward folds:    8 (6 test iterations)
2026-04-15 20:32:41.925 [INFO    ] orchestrator: engine:   OOS base rate:         48.7% UP (450 test windows total)
2026-04-15 20:32:41.925 [INFO    ] orchestrator: engine:   Configs swept:         150480
2026-04-15 20:32:41.925 [INFO    ] orchestrator: engine:   Viable WF-OOS signals: 132
2026-04-15 20:32:41.926 [INFO    ] orchestrator: engine:   Compute time:          4.89s
2026-04-15 20:32:41.926 [INFO    ] orchestrator: engine: ==========================================================
2026-04-15 20:32:41.927 [INFO    ] orchestrator: engine produced: signals_summary_1776274361.json
2026-04-15 20:32:41.927 [INFO    ] orchestrator: cleaned up old summary: signals_summary_1776265293.json
2026-04-15 20:32:41.928 [INFO    ] orchestrator: ranked 20 signals — top candidates:
2026-04-15 20:32:41.929 [INFO    ] orchestrator:   #1 DOWN  score=  7.79  SILVER  folds=6/6  WR=100.0%  consWR=97.0%  entry=$0.89  ev=$0.0779
2026-04-15 20:32:41.929 [INFO    ] orchestrator:   #2 DOWN  score=  5.77  BRONZE  folds=4/6  WR=97.5%  consWR=94.5%  entry=$0.87  ev=$0.0703
2026-04-15 20:32:41.930 [INFO    ] orchestrator:   #3 DOWN  score=  5.29  GOLDEN  folds=6/6  WR=92.3%  consWR=89.3%  entry=$0.84  ev=$0.0579
2026-04-15 20:32:41.930 [INFO    ] orchestrator:   #4 DOWN  score=  5.20  BRONZE  folds=2/6  WR=100.0%  consWR=97.0%  entry=$0.85  ev=$0.1213
2026-04-15 20:32:41.930 [INFO    ] orchestrator:   #5 DOWN  score=  5.18  GOLDEN  folds=6/6  WR=95.1%  consWR=92.1%  entry=$0.87  ev=$0.0554
2026-04-15 20:32:42.093 [INFO    ] orchestrator: identity dedupe: pulled 0 paper fire(s) from bot
2026-04-15 20:32:42.093 [INFO    ] orchestrator: DELIVERING SILVER signal: #1 Down [270s->160s] d>=0.13% v<=0.05%
2026-04-15 20:32:42.094 [INFO    ] orchestrator:   score=7.79  WR=100.0%  consWR=97.0%  entry=$0.89  ev=$0.0779  folds=[2, 3, 4, 5, 6, 7]
2026-04-15 20:32:42.258 [INFO    ] shared.ipc: IPC: signal delivered successfully (authenticated ack)
2026-04-15 20:32:42.258 [INFO    ] orchestrator: silver signal delivered to bot
2026-04-15 20:47:42.274 [INFO    ] orchestrator: --- cycle start [17:47:42 UTC] ---
2026-04-15 20:47:42.281 [INFO    ] orchestrator: data quality check passed: 600 windows available
2026-04-15 20:47:42.282 [INFO    ] orchestrator: starting engine: C:\Users\operator\Desktop\PolySignalLab\PolySignalEngine\build\Release\PolySignalEngine.exe C:\Users\operator\Desktop\PolySignalLab\PolyDataCollector\data --output-dir C:\Users\operator\Desktop\PolySignalLab\engine_output
2026-04-15 20:47:48.555 [INFO    ] orchestrator: engine: ==========================================================
2026-04-15 20:47:48.556 [INFO    ] orchestrator: engine:   SUMMARY
2026-04-15 20:47:48.556 [INFO    ] orchestrator: engine: ==========================================================
2026-04-15 20:47:48.556 [INFO    ] orchestrator: engine:   Total windows:         600 (306 UP, 294 DOWN)
2026-04-15 20:47:48.557 [INFO    ] orchestrator: engine:   Walk-forward folds:    8 (6 test iterations)
2026-04-15 20:47:48.557 [INFO    ] orchestrator: engine:   OOS base rate:         48.9% UP (450 test windows total)
2026-04-15 20:47:48.557 [INFO    ] orchestrator: engine:   Configs swept:         150480
2026-04-15 20:47:48.558 [INFO    ] orchestrator: engine:   Viable WF-OOS signals: 138
2026-04-15 20:47:48.558 [INFO    ] orchestrator: engine:   Compute time:          4.87s
2026-04-15 20:47:48.558 [INFO    ] orchestrator: engine: ==========================================================
2026-04-15 20:47:48.559 [INFO    ] orchestrator: engine produced: signals_summary_1776275268.json
2026-04-15 20:47:48.560 [INFO    ] orchestrator: cleaned up old summary: signals_summary_1776266200.json
2026-04-15 20:47:48.561 [INFO    ] orchestrator: ranked 20 signals — top candidates:
2026-04-15 20:47:48.561 [INFO    ] orchestrator:   #1 DOWN  score=  7.96  SILVER  folds=5/6  WR=100.0%  consWR=97.0%  entry=$0.89  ev=$0.0836
2026-04-15 20:47:48.561 [INFO    ] orchestrator:   #2 DOWN  score=  6.39  BRONZE  folds=3/6  WR=94.1%  consWR=91.1%  entry=$0.82  ev=$0.0956
2026-04-15 20:47:48.562 [INFO    ] orchestrator:   #3 DOWN  score=  5.77  BRONZE  folds=4/6  WR=97.5%  consWR=94.5%  entry=$0.87  ev=$0.0703
2026-04-15 20:47:48.562 [INFO    ] orchestrator:   #4 DOWN  score=  5.29  BRONZE  folds=4/6  WR=85.0%  consWR=82.0%  entry=$0.74  ev=$0.0761
2026-04-15 20:47:48.563 [INFO    ] orchestrator:   #5 DOWN  score=  5.22  BRONZE  folds=3/6  WR=95.8%  consWR=92.8%  entry=$0.85  ev=$0.0806
2026-04-15 20:47:48.727 [INFO    ] orchestrator: identity dedupe: pulled 0 paper fire(s) from bot
2026-04-15 20:47:48.728 [INFO    ] orchestrator: DELIVERING SILVER signal: #1 Down [270s->160s] d>=0.13% v<=0.05%
2026-04-15 20:47:48.728 [INFO    ] orchestrator:   score=7.96  WR=100.0%  consWR=97.0%  entry=$0.89  ev=$0.0836  folds=[3, 4, 5, 6, 7]
2026-04-15 20:47:48.891 [INFO    ] shared.ipc: IPC: signal delivered successfully (authenticated ack)
2026-04-15 20:47:48.892 [INFO    ] orchestrator: silver signal delivered to bot
2026-04-15 21:02:48.902 [INFO    ] orchestrator: --- cycle start [18:02:48 UTC] ---
2026-04-15 21:02:48.909 [INFO    ] orchestrator: data quality check passed: 600 windows available
2026-04-15 21:02:48.910 [INFO    ] orchestrator: starting engine: C:\Users\operator\Desktop\PolySignalLab\PolySignalEngine\build\Release\PolySignalEngine.exe C:\Users\operator\Desktop\PolySignalLab\PolyDataCollector\data --output-dir C:\Users\operator\Desktop\PolySignalLab\engine_output
2026-04-15 21:02:54.953 [INFO    ] orchestrator: engine: ==========================================================
2026-04-15 21:02:54.953 [INFO    ] orchestrator: engine:   SUMMARY
2026-04-15 21:02:54.954 [INFO    ] orchestrator: engine: ==========================================================
2026-04-15 21:02:54.955 [INFO    ] orchestrator: engine:   Total windows:         600 (307 UP, 293 DOWN)
2026-04-15 21:02:54.955 [INFO    ] orchestrator: engine:   Walk-forward folds:    8 (6 test iterations)
2026-04-15 21:02:54.956 [INFO    ] orchestrator: engine:   OOS base rate:         48.9% UP (450 test windows total)
2026-04-15 21:02:54.956 [INFO    ] orchestrator: engine:   Configs swept:         150480
2026-04-15 21:02:54.957 [INFO    ] orchestrator: engine:   Viable WF-OOS signals: 141
2026-04-15 21:02:54.957 [INFO    ] orchestrator: engine:   Compute time:          4.75s
2026-04-15 21:02:54.957 [INFO    ] orchestrator: engine: ==========================================================
2026-04-15 21:02:54.958 [INFO    ] orchestrator: engine produced: signals_summary_1776276174.json
2026-04-15 21:02:54.959 [INFO    ] orchestrator: cleaned up old summary: signals_summary_1776267107.json
2026-04-15 21:02:54.960 [INFO    ] orchestrator: ranked 20 signals — top candidates:
2026-04-15 21:02:54.961 [INFO    ] orchestrator:   #1 DOWN  score=  6.47  BRONZE  folds=4/6  WR=87.3%  consWR=84.3%  entry=$0.75  ev=$0.0894
2026-04-15 21:02:54.961 [INFO    ] orchestrator:   #2 DOWN  score=  6.31  SILVER  folds=5/6  WR=84.5%  consWR=81.5%  entry=$0.73  ev=$0.0810
2026-04-15 21:02:54.962 [INFO    ] orchestrator:   #3 DOWN  score=  5.84  BRONZE  folds=3/6  WR=97.8%  consWR=94.8%  entry=$0.86  ev=$0.0909
2026-04-15 21:02:54.962 [INFO    ] orchestrator:   #4 DOWN  score=  5.78  BRONZE  folds=4/6  WR=97.6%  consWR=94.6%  entry=$0.88  ev=$0.0702
2026-04-15 21:02:54.962 [INFO    ] orchestrator:   #5 UP    score=  5.16  SILVER  folds=6/6  WR=96.4%  consWR=93.4%  entry=$0.88  ev=$0.0539
2026-04-15 21:02:55.127 [INFO    ] orchestrator: identity dedupe: pulled 0 paper fire(s) from bot
2026-04-15 21:02:55.128 [INFO    ] orchestrator: DELIVERING BRONZE signal: #1 Down [240s->210s] d>=0.07% v<=0.05%
2026-04-15 21:02:55.129 [INFO    ] orchestrator:   score=6.47  WR=87.3%  consWR=84.3%  entry=$0.75  ev=$0.0894  folds=[3, 5, 6, 7]
2026-04-15 21:02:55.292 [INFO    ] shared.ipc: IPC: signal delivered successfully (authenticated ack)
2026-04-15 21:02:55.292 [INFO    ] orchestrator: bronze signal delivered to bot
2026-04-15 21:17:55.307 [INFO    ] orchestrator: --- cycle start [18:17:55 UTC] ---
2026-04-15 21:17:55.317 [INFO    ] orchestrator: data quality check passed: 600 windows available
2026-04-15 21:17:55.318 [INFO    ] orchestrator: starting engine: C:\Users\operator\Desktop\PolySignalLab\PolySignalEngine\build\Release\PolySignalEngine.exe C:\Users\operator\Desktop\PolySignalLab\PolyDataCollector\data --output-dir C:\Users\operator\Desktop\PolySignalLab\engine_output
2026-04-15 21:18:01.513 [INFO    ] orchestrator: engine: ==========================================================
2026-04-15 21:18:01.514 [INFO    ] orchestrator: engine:   SUMMARY
2026-04-15 21:18:01.514 [INFO    ] orchestrator: engine: ==========================================================
2026-04-15 21:18:01.514 [INFO    ] orchestrator: engine:   Total windows:         600 (308 UP, 292 DOWN)
2026-04-15 21:18:01.515 [INFO    ] orchestrator: engine:   Walk-forward folds:    8 (6 test iterations)
2026-04-15 21:18:01.515 [INFO    ] orchestrator: engine:   OOS base rate:         48.9% UP (450 test windows total)
2026-04-15 21:18:01.515 [INFO    ] orchestrator: engine:   Configs swept:         150480
2026-04-15 21:18:01.516 [INFO    ] orchestrator: engine:   Viable WF-OOS signals: 137
2026-04-15 21:18:01.516 [INFO    ] orchestrator: engine:   Compute time:          4.91s
2026-04-15 21:18:01.516 [INFO    ] orchestrator: engine: ==========================================================
2026-04-15 21:18:01.517 [INFO    ] orchestrator: engine produced: signals_summary_1776277081.json
2026-04-15 21:18:01.518 [INFO    ] orchestrator: cleaned up old summary: signals_summary_1776268014.json
2026-04-15 21:18:01.519 [INFO    ] orchestrator: ranked 20 signals — top candidates:
2026-04-15 21:18:01.519 [INFO    ] orchestrator:   #1 DOWN  score=  6.33  SILVER  folds=6/6  WR=100.0%  consWR=97.0%  entry=$0.91  ev=$0.0633
2026-04-15 21:18:01.520 [INFO    ] orchestrator:   #2 DOWN  score=  5.67  BRONZE  folds=4/6  WR=97.4%  consWR=94.4%  entry=$0.88  ev=$0.0685
2026-04-15 21:18:01.520 [INFO    ] orchestrator:   #3 DOWN  score=  5.41  GOLDEN  folds=6/6  WR=97.4%  consWR=94.4%  entry=$0.89  ev=$0.0584
2026-04-15 21:18:01.520 [INFO    ] orchestrator:   #4 DOWN  score=  5.23  SILVER  folds=5/6  WR=95.8%  consWR=92.8%  entry=$0.87  ev=$0.0579
2026-04-15 21:18:01.521 [INFO    ] orchestrator:   #5 DOWN  score=  5.15  GOLDEN  folds=6/6  WR=95.1%  consWR=92.1%  entry=$0.87  ev=$0.0551
2026-04-15 21:18:01.685 [INFO    ] orchestrator: identity dedupe: pulled 0 paper fire(s) from bot
2026-04-15 21:18:01.685 [INFO    ] orchestrator: DELIVERING SILVER signal: #1 Down [260s->160s] d>=0.15% v<=0.1%
2026-04-15 21:18:01.685 [INFO    ] orchestrator:   score=6.33  WR=100.0%  consWR=97.0%  entry=$0.91  ev=$0.0633  folds=[2, 3, 4, 5, 6, 7]
2026-04-15 21:18:01.849 [INFO    ] shared.ipc: IPC: signal delivered successfully (authenticated ack)
2026-04-15 21:18:01.850 [INFO    ] orchestrator: silver signal delivered to bot
2026-04-15 21:33:01.854 [INFO    ] orchestrator: --- cycle start [18:33:01 UTC] ---
2026-04-15 21:33:01.864 [INFO    ] orchestrator: data quality check passed: 600 windows available
2026-04-15 21:33:01.865 [INFO    ] orchestrator: starting engine: C:\Users\operator\Desktop\PolySignalLab\PolySignalEngine\build\Release\PolySignalEngine.exe C:\Users\operator\Desktop\PolySignalLab\PolyDataCollector\data --output-dir C:\Users\operator\Desktop\PolySignalLab\engine_output
2026-04-15 21:33:07.962 [INFO    ] orchestrator: engine: ==========================================================
2026-04-15 21:33:07.962 [INFO    ] orchestrator: engine:   SUMMARY
2026-04-15 21:33:07.963 [INFO    ] orchestrator: engine: ==========================================================
2026-04-15 21:33:07.963 [INFO    ] orchestrator: engine:   Total windows:         600 (308 UP, 292 DOWN)
2026-04-15 21:33:07.963 [INFO    ] orchestrator: engine:   Walk-forward folds:    8 (6 test iterations)
2026-04-15 21:33:07.964 [INFO    ] orchestrator: engine:   OOS base rate:         49.1% UP (450 test windows total)
2026-04-15 21:33:07.964 [INFO    ] orchestrator: engine:   Configs swept:         150480
2026-04-15 21:33:07.964 [INFO    ] orchestrator: engine:   Viable WF-OOS signals: 136
2026-04-15 21:33:07.965 [INFO    ] orchestrator: engine:   Compute time:          4.73s
2026-04-15 21:33:07.965 [INFO    ] orchestrator: engine: ==========================================================
2026-04-15 21:33:07.966 [INFO    ] orchestrator: engine produced: signals_summary_1776277987.json
2026-04-15 21:33:07.967 [INFO    ] orchestrator: cleaned up old summary: signals_summary_1776268921.json
2026-04-15 21:33:07.968 [INFO    ] orchestrator: ranked 20 signals — top candidates:
2026-04-15 21:33:07.969 [INFO    ] orchestrator:   #1 DOWN  score=  6.33  SILVER  folds=6/6  WR=100.0%  consWR=97.0%  entry=$0.91  ev=$0.0633
2026-04-15 21:33:07.969 [INFO    ] orchestrator:   #2 DOWN  score=  5.67  BRONZE  folds=4/6  WR=97.4%  consWR=94.4%  entry=$0.88  ev=$0.0685
2026-04-15 21:33:07.970 [INFO    ] orchestrator:   #3 DOWN  score=  5.41  GOLDEN  folds=6/6  WR=97.4%  consWR=94.4%  entry=$0.89  ev=$0.0584
2026-04-15 21:33:07.970 [INFO    ] orchestrator:   #4 DOWN  score=  5.33  GOLDEN  folds=6/6  WR=96.2%  consWR=93.2%  entry=$0.88  ev=$0.0562
2026-04-15 21:33:07.970 [INFO    ] orchestrator:   #5 DOWN  score=  5.11  GOLDEN  folds=6/6  WR=95.0%  consWR=92.0%  entry=$0.87  ev=$0.0547
2026-04-15 21:33:08.135 [INFO    ] orchestrator: identity dedupe: pulled 0 paper fire(s) from bot
2026-04-15 21:33:08.135 [INFO    ] orchestrator: DELIVERING SILVER signal: #1 Down [260s->160s] d>=0.15% v<=0.1%
2026-04-15 21:33:08.136 [INFO    ] orchestrator:   score=6.33  WR=100.0%  consWR=97.0%  entry=$0.91  ev=$0.0633  folds=[2, 3, 4, 5, 6, 7]
2026-04-15 21:33:08.300 [INFO    ] shared.ipc: IPC: signal delivered successfully (authenticated ack)
2026-04-15 21:33:08.300 [INFO    ] orchestrator: silver signal delivered to bot
2026-04-15 21:48:08.307 [INFO    ] orchestrator: --- cycle start [18:48:08 UTC] ---
2026-04-15 21:48:08.315 [INFO    ] orchestrator: data quality check passed: 600 windows available
2026-04-15 21:48:08.315 [INFO    ] orchestrator: starting engine: C:\Users\operator\Desktop\PolySignalLab\PolySignalEngine\build\Release\PolySignalEngine.exe C:\Users\operator\Desktop\PolySignalLab\PolyDataCollector\data --output-dir C:\Users\operator\Desktop\PolySignalLab\engine_output
2026-04-15 21:48:14.420 [INFO    ] orchestrator: engine: ==========================================================
2026-04-15 21:48:14.420 [INFO    ] orchestrator: engine:   SUMMARY
2026-04-15 21:48:14.420 [INFO    ] orchestrator: engine: ==========================================================
2026-04-15 21:48:14.421 [INFO    ] orchestrator: engine:   Total windows:         600 (306 UP, 294 DOWN)
2026-04-15 21:48:14.421 [INFO    ] orchestrator: engine:   Walk-forward folds:    8 (6 test iterations)
2026-04-15 21:48:14.421 [INFO    ] orchestrator: engine:   OOS base rate:         48.9% UP (450 test windows total)
2026-04-15 21:48:14.422 [INFO    ] orchestrator: engine:   Configs swept:         150480
2026-04-15 21:48:14.422 [INFO    ] orchestrator: engine:   Viable WF-OOS signals: 128
2026-04-15 21:48:14.422 [INFO    ] orchestrator: engine:   Compute time:          4.79s
2026-04-15 21:48:14.423 [INFO    ] orchestrator: engine: ==========================================================
2026-04-15 21:48:14.423 [INFO    ] orchestrator: engine produced: signals_summary_1776278894.json
2026-04-15 21:48:14.424 [INFO    ] orchestrator: cleaned up old summary: signals_summary_1776269828.json
2026-04-15 21:48:14.425 [INFO    ] orchestrator: ranked 20 signals — top candidates:
2026-04-15 21:48:14.425 [INFO    ] orchestrator:   #1 DOWN  score=  6.51  SILVER  folds=5/6  WR=96.5%  consWR=93.5%  entry=$0.86  ev=$0.0721
2026-04-15 21:48:14.426 [INFO    ] orchestrator:   #2 DOWN  score=  6.27  SILVER  folds=5/6  WR=97.0%  consWR=94.0%  entry=$0.87  ev=$0.0691
2026-04-15 21:48:14.426 [INFO    ] orchestrator:   #3 DOWN  score=  5.99  GOLDEN  folds=6/6  WR=93.3%  consWR=90.3%  entry=$0.84  ev=$0.0637
2026-04-15 21:48:14.426 [INFO    ] orchestrator:   #4 DOWN  score=  5.49  BRONZE  folds=3/6  WR=100.0%  consWR=97.0%  entry=$0.89  ev=$0.0824
2026-04-15 21:48:14.427 [INFO    ] orchestrator:   #5 DOWN  score=  5.46  GOLDEN  folds=6/6  WR=97.4%  consWR=94.4%  entry=$0.89  ev=$0.0584
2026-04-15 21:48:14.591 [INFO    ] orchestrator: identity dedupe: pulled 0 paper fire(s) from bot
2026-04-15 21:48:14.592 [INFO    ] orchestrator: DELIVERING SILVER signal: #1 Down [270s->170s] d>=0.13% v<=0.05%
2026-04-15 21:48:14.593 [INFO    ] orchestrator:   score=6.51  WR=96.5%  consWR=93.5%  entry=$0.86  ev=$0.0721  folds=[3, 4, 5, 6, 7]
2026-04-15 21:48:14.756 [INFO    ] shared.ipc: IPC: signal delivered successfully (authenticated ack)
2026-04-15 21:48:14.756 [INFO    ] orchestrator: silver signal delivered to bot
2026-04-15 22:03:14.767 [INFO    ] orchestrator: --- cycle start [19:03:14 UTC] ---
2026-04-15 22:03:14.774 [INFO    ] orchestrator: data quality check passed: 600 windows available
2026-04-15 22:03:14.774 [INFO    ] orchestrator: starting engine: C:\Users\operator\Desktop\PolySignalLab\PolySignalEngine\build\Release\PolySignalEngine.exe C:\Users\operator\Desktop\PolySignalLab\PolyDataCollector\data --output-dir C:\Users\operator\Desktop\PolySignalLab\engine_output
2026-04-15 22:03:20.736 [INFO    ] orchestrator: engine: ==========================================================
2026-04-15 22:03:20.736 [INFO    ] orchestrator: engine:   SUMMARY
2026-04-15 22:03:20.736 [INFO    ] orchestrator: engine: ==========================================================
2026-04-15 22:03:20.737 [INFO    ] orchestrator: engine:   Total windows:         600 (307 UP, 293 DOWN)
2026-04-15 22:03:20.737 [INFO    ] orchestrator: engine:   Walk-forward folds:    8 (6 test iterations)
2026-04-15 22:03:20.738 [INFO    ] orchestrator: engine:   OOS base rate:         49.3% UP (450 test windows total)
2026-04-15 22:03:20.738 [INFO    ] orchestrator: engine:   Configs swept:         150480
2026-04-15 22:03:20.739 [INFO    ] orchestrator: engine:   Viable WF-OOS signals: 129
2026-04-15 22:03:20.739 [INFO    ] orchestrator: engine:   Compute time:          4.69s
2026-04-15 22:03:20.740 [INFO    ] orchestrator: engine: ==========================================================
2026-04-15 22:03:20.741 [INFO    ] orchestrator: engine produced: signals_summary_1776279800.json
2026-04-15 22:03:20.742 [INFO    ] orchestrator: cleaned up old summary: signals_summary_1776270735.json
2026-04-15 22:03:20.743 [INFO    ] orchestrator: ranked 20 signals — top candidates:
2026-04-15 22:03:20.744 [INFO    ] orchestrator:   #1 DOWN  score=  6.51  SILVER  folds=5/6  WR=96.5%  consWR=93.5%  entry=$0.86  ev=$0.0721
2026-04-15 22:03:20.744 [INFO    ] orchestrator:   #2 DOWN  score=  6.27  SILVER  folds=5/6  WR=97.0%  consWR=94.0%  entry=$0.87  ev=$0.0691
2026-04-15 22:03:20.744 [INFO    ] orchestrator:   #3 DOWN  score=  5.51  BRONZE  folds=3/6  WR=100.0%  consWR=97.0%  entry=$0.89  ev=$0.0827
2026-04-15 22:03:20.745 [INFO    ] orchestrator:   #4 DOWN  score=  5.46  GOLDEN  folds=6/6  WR=97.4%  consWR=94.4%  entry=$0.89  ev=$0.0584
2026-04-15 22:03:20.745 [INFO    ] orchestrator:   #5 DOWN  score=  5.00  GOLDEN  folds=6/6  WR=92.3%  consWR=89.3%  entry=$0.84  ev=$0.0559
2026-04-15 22:03:20.909 [INFO    ] orchestrator: identity dedupe: pulled 0 paper fire(s) from bot
2026-04-15 22:03:20.910 [INFO    ] orchestrator: DELIVERING SILVER signal: #1 Down [270s->170s] d>=0.13% v<=0.05%
2026-04-15 22:03:20.910 [INFO    ] orchestrator:   score=6.51  WR=96.5%  consWR=93.5%  entry=$0.86  ev=$0.0721  folds=[3, 4, 5, 6, 7]
2026-04-15 22:03:21.073 [INFO    ] shared.ipc: IPC: signal delivered successfully (authenticated ack)
2026-04-15 22:03:21.074 [INFO    ] orchestrator: silver signal delivered to bot
2026-04-15 22:18:21.077 [INFO    ] orchestrator: --- cycle start [19:18:21 UTC] ---
2026-04-15 22:18:21.084 [INFO    ] orchestrator: data quality check passed: 600 windows available
2026-04-15 22:18:21.085 [INFO    ] orchestrator: starting engine: C:\Users\operator\Desktop\PolySignalLab\PolySignalEngine\build\Release\PolySignalEngine.exe C:\Users\operator\Desktop\PolySignalLab\PolyDataCollector\data --output-dir C:\Users\operator\Desktop\PolySignalLab\engine_output
2026-04-15 22:18:27.072 [INFO    ] orchestrator: engine: ==========================================================
2026-04-15 22:18:27.072 [INFO    ] orchestrator: engine:   SUMMARY
2026-04-15 22:18:27.072 [INFO    ] orchestrator: engine: ==========================================================
2026-04-15 22:18:27.073 [INFO    ] orchestrator: engine:   Total windows:         600 (308 UP, 292 DOWN)
2026-04-15 22:18:27.073 [INFO    ] orchestrator: engine:   Walk-forward folds:    8 (6 test iterations)
2026-04-15 22:18:27.073 [INFO    ] orchestrator: engine:   OOS base rate:         49.8% UP (450 test windows total)
2026-04-15 22:18:27.074 [INFO    ] orchestrator: engine:   Configs swept:         150480
2026-04-15 22:18:27.074 [INFO    ] orchestrator: engine:   Viable WF-OOS signals: 114
2026-04-15 22:18:27.074 [INFO    ] orchestrator: engine:   Compute time:          4.71s
2026-04-15 22:18:27.075 [INFO    ] orchestrator: engine: ==========================================================
2026-04-15 22:18:27.075 [INFO    ] orchestrator: engine produced: signals_summary_1776280707.json
2026-04-15 22:18:27.076 [INFO    ] orchestrator: cleaned up old summary: signals_summary_1776271642.json
2026-04-15 22:18:27.077 [INFO    ] orchestrator: ranked 20 signals — top candidates:
2026-04-15 22:18:27.077 [INFO    ] orchestrator:   #1 DOWN  score=  6.51  SILVER  folds=5/6  WR=96.5%  consWR=93.5%  entry=$0.86  ev=$0.0721
2026-04-15 22:18:27.077 [INFO    ] orchestrator:   #2 DOWN  score=  6.27  SILVER  folds=5/6  WR=97.0%  consWR=94.0%  entry=$0.87  ev=$0.0691
2026-04-15 22:18:27.077 [INFO    ] orchestrator:   #3 DOWN  score=  5.46  GOLDEN  folds=6/6  WR=97.4%  consWR=94.4%  entry=$0.89  ev=$0.0584
2026-04-15 22:18:27.078 [INFO    ] orchestrator:   #4 DOWN  score=  5.22  BRONZE  folds=4/6  WR=97.6%  consWR=94.6%  entry=$0.88  ev=$0.0632
2026-04-15 22:18:27.078 [INFO    ] orchestrator:   #5 DOWN  score=  5.06  GOLDEN  folds=6/6  WR=95.0%  consWR=92.0%  entry=$0.87  ev=$0.0547
2026-04-15 22:18:27.243 [INFO    ] orchestrator: identity dedupe: pulled 0 paper fire(s) from bot
2026-04-15 22:18:27.244 [INFO    ] orchestrator: DELIVERING SILVER signal: #1 Down [270s->170s] d>=0.13% v<=0.05%
2026-04-15 22:18:27.244 [INFO    ] orchestrator:   score=6.51  WR=96.5%  consWR=93.5%  entry=$0.86  ev=$0.0721  folds=[3, 4, 5, 6, 7]
2026-04-15 22:18:27.407 [INFO    ] shared.ipc: IPC: signal delivered successfully (authenticated ack)
2026-04-15 22:18:27.408 [INFO    ] orchestrator: silver signal delivered to bot
2026-04-15 22:33:26.381 [INFO    ] orchestrator: --- cycle start [19:33:26 UTC] ---
2026-04-15 22:33:26.388 [INFO    ] orchestrator: data quality check passed: 600 windows available
2026-04-15 22:33:26.389 [INFO    ] orchestrator: starting engine: C:\Users\operator\Desktop\PolySignalLab\PolySignalEngine\build\Release\PolySignalEngine.exe C:\Users\operator\Desktop\PolySignalLab\PolyDataCollector\data --output-dir C:\Users\operator\Desktop\PolySignalLab\engine_output
2026-04-15 22:33:32.446 [INFO    ] orchestrator: engine: ==========================================================
2026-04-15 22:33:32.447 [INFO    ] orchestrator: engine:   SUMMARY
2026-04-15 22:33:32.447 [INFO    ] orchestrator: engine: ==========================================================
2026-04-15 22:33:32.448 [INFO    ] orchestrator: engine:   Total windows:         600 (306 UP, 294 DOWN)
2026-04-15 22:33:32.448 [INFO    ] orchestrator: engine:   Walk-forward folds:    8 (6 test iterations)
2026-04-15 22:33:32.448 [INFO    ] orchestrator: engine:   OOS base rate:         49.8% UP (450 test windows total)
2026-04-15 22:33:32.449 [INFO    ] orchestrator: engine:   Configs swept:         150480
2026-04-15 22:33:32.449 [INFO    ] orchestrator: engine:   Viable WF-OOS signals: 136
2026-04-15 22:33:32.449 [INFO    ] orchestrator: engine:   Compute time:          4.80s
2026-04-15 22:33:32.450 [INFO    ] orchestrator: engine: ==========================================================
2026-04-15 22:33:32.451 [INFO    ] orchestrator: engine produced: signals_summary_1776281612.json
2026-04-15 22:33:32.451 [INFO    ] orchestrator: cleaned up old summary: signals_summary_1776272548.json
2026-04-15 22:33:32.452 [INFO    ] orchestrator: ranked 20 signals — top candidates:
2026-04-15 22:33:32.452 [INFO    ] orchestrator:   #1 DOWN  score=  6.28  GOLDEN  folds=6/6  WR=90.0%  consWR=87.0%  entry=$0.80  ev=$0.0688
2026-04-15 22:33:32.453 [INFO    ] orchestrator:   #2 DOWN  score=  6.27  SILVER  folds=5/6  WR=97.0%  consWR=94.0%  entry=$0.87  ev=$0.0691
2026-04-15 22:33:32.453 [INFO    ] orchestrator:   #3 DOWN  score=  5.96  GOLDEN  folds=6/6  WR=93.3%  consWR=90.3%  entry=$0.84  ev=$0.0637
2026-04-15 22:33:32.453 [INFO    ] orchestrator:   #4 DOWN  score=  5.84  BRONZE  folds=4/6  WR=100.0%  consWR=97.0%  entry=$0.90  ev=$0.0681
2026-04-15 22:33:32.454 [INFO    ] orchestrator:   #5 DOWN  score=  5.49  BRONZE  folds=4/6  WR=97.3%  consWR=94.3%  entry=$0.88  ev=$0.0676
2026-04-15 22:33:32.617 [INFO    ] orchestrator: identity dedupe: pulled 0 paper fire(s) from bot
2026-04-15 22:33:32.618 [INFO    ] orchestrator: DELIVERING GOLDEN signal: #1 Down [250s->200s] d>=0.09% v<=0.05%
2026-04-15 22:33:32.618 [INFO    ] orchestrator:   score=6.28  WR=90.0%  consWR=87.0%  entry=$0.80  ev=$0.0688  folds=[2, 3, 4, 5, 6, 7]
2026-04-15 22:33:32.781 [INFO    ] shared.ipc: IPC: signal delivered successfully (authenticated ack)
2026-04-15 22:33:32.782 [INFO    ] orchestrator: golden signal delivered to bot
2026-04-15 22:48:32.782 [INFO    ] orchestrator: --- cycle start [19:48:32 UTC] ---
2026-04-15 22:48:32.789 [INFO    ] orchestrator: data quality check passed: 600 windows available
2026-04-15 22:48:32.790 [INFO    ] orchestrator: starting engine: C:\Users\operator\Desktop\PolySignalLab\PolySignalEngine\build\Release\PolySignalEngine.exe C:\Users\operator\Desktop\PolySignalLab\PolyDataCollector\data --output-dir C:\Users\operator\Desktop\PolySignalLab\engine_output
2026-04-15 22:48:38.974 [INFO    ] orchestrator: engine: ==========================================================
2026-04-15 22:48:38.975 [INFO    ] orchestrator: engine:   SUMMARY
2026-04-15 22:48:38.975 [INFO    ] orchestrator: engine: ==========================================================
2026-04-15 22:48:38.975 [INFO    ] orchestrator: engine:   Total windows:         600 (307 UP, 293 DOWN)
2026-04-15 22:48:38.976 [INFO    ] orchestrator: engine:   Walk-forward folds:    8 (6 test iterations)
2026-04-15 22:48:38.976 [INFO    ] orchestrator: engine:   OOS base rate:         50.4% UP (450 test windows total)
2026-04-15 22:48:38.977 [INFO    ] orchestrator: engine:   Configs swept:         150480
2026-04-15 22:48:38.977 [INFO    ] orchestrator: engine:   Viable WF-OOS signals: 133
2026-04-15 22:48:38.977 [INFO    ] orchestrator: engine:   Compute time:          4.76s
2026-04-15 22:48:38.978 [INFO    ] orchestrator: engine: ==========================================================
2026-04-15 22:48:38.978 [INFO    ] orchestrator: engine produced: signals_summary_1776282518.json
2026-04-15 22:48:38.979 [INFO    ] orchestrator: cleaned up old summary: signals_summary_1776273455.json
2026-04-15 22:48:38.980 [INFO    ] orchestrator: ranked 20 signals — top candidates:
2026-04-15 22:48:38.980 [INFO    ] orchestrator:   #1 DOWN  score=  6.63  BRONZE  folds=3/6  WR=97.6%  consWR=94.6%  entry=$0.84  ev=$0.1020
2026-04-15 22:48:38.980 [INFO    ] orchestrator:   #2 DOWN  score=  6.30  SILVER  folds=5/6  WR=97.0%  consWR=94.0%  entry=$0.87  ev=$0.0691
2026-04-15 22:48:38.981 [INFO    ] orchestrator:   #3 DOWN  score=  5.84  BRONZE  folds=4/6  WR=100.0%  consWR=97.0%  entry=$0.90  ev=$0.0681
2026-04-15 22:48:38.981 [INFO    ] orchestrator:   #4 DOWN  score=  5.53  SILVER  folds=5/6  WR=97.0%  consWR=94.0%  entry=$0.88  ev=$0.0627
2026-04-15 22:48:38.982 [INFO    ] orchestrator:   #5 DOWN  score=  5.46  BRONZE  folds=4/6  WR=97.3%  consWR=94.3%  entry=$0.88  ev=$0.0676
2026-04-15 22:48:39.145 [INFO    ] orchestrator: identity dedupe: pulled 0 paper fire(s) from bot
2026-04-15 22:48:39.146 [INFO    ] orchestrator: DELIVERING BRONZE signal: #1 Down [230s->170s] d>=0.08% v<=0.05%
2026-04-15 22:48:39.146 [INFO    ] orchestrator:   score=6.63  WR=97.6%  consWR=94.6%  entry=$0.84  ev=$0.1020  folds=[4, 6, 7]
2026-04-15 22:48:39.309 [INFO    ] shared.ipc: IPC: signal delivered successfully (authenticated ack)
2026-04-15 22:48:39.310 [INFO    ] orchestrator: bronze signal delivered to bot
2026-04-15 23:03:39.323 [INFO    ] orchestrator: --- cycle start [20:03:39 UTC] ---
2026-04-15 23:03:39.330 [INFO    ] orchestrator: data quality check passed: 600 windows available
2026-04-15 23:03:39.331 [INFO    ] orchestrator: starting engine: C:\Users\operator\Desktop\PolySignalLab\PolySignalEngine\build\Release\PolySignalEngine.exe C:\Users\operator\Desktop\PolySignalLab\PolyDataCollector\data --output-dir C:\Users\operator\Desktop\PolySignalLab\engine_output
2026-04-15 23:03:45.496 [INFO    ] orchestrator: engine: ==========================================================
2026-04-15 23:03:45.497 [INFO    ] orchestrator: engine:   SUMMARY
2026-04-15 23:03:45.497 [INFO    ] orchestrator: engine: ==========================================================
2026-04-15 23:03:45.497 [INFO    ] orchestrator: engine:   Total windows:         600 (306 UP, 294 DOWN)
2026-04-15 23:03:45.498 [INFO    ] orchestrator: engine:   Walk-forward folds:    8 (6 test iterations)
2026-04-15 23:03:45.498 [INFO    ] orchestrator: engine:   OOS base rate:         50.2% UP (450 test windows total)
2026-04-15 23:03:45.498 [INFO    ] orchestrator: engine:   Configs swept:         150480
2026-04-15 23:03:45.499 [INFO    ] orchestrator: engine:   Viable WF-OOS signals: 129
2026-04-15 23:03:45.499 [INFO    ] orchestrator: engine:   Compute time:          4.90s
2026-04-15 23:03:45.499 [INFO    ] orchestrator: engine: ==========================================================
2026-04-15 23:03:45.500 [INFO    ] orchestrator: engine produced: signals_summary_1776283425.json
2026-04-15 23:03:45.501 [INFO    ] orchestrator: cleaned up old summary: signals_summary_1776274361.json
2026-04-15 23:03:45.502 [INFO    ] orchestrator: ranked 20 signals — top candidates:
2026-04-15 23:03:45.502 [INFO    ] orchestrator:   #1 DOWN  score=  8.45  SILVER  folds=5/6  WR=100.0%  consWR=97.0%  entry=$0.88  ev=$0.0888
2026-04-15 23:03:45.502 [INFO    ] orchestrator:   #2 DOWN  score=  6.36  BRONZE  folds=4/6  WR=100.0%  consWR=97.0%  entry=$0.90  ev=$0.0742
2026-04-15 23:03:45.503 [INFO    ] orchestrator:   #3 DOWN  score=  5.97  BRONZE  folds=4/6  WR=100.0%  consWR=97.0%  entry=$0.90  ev=$0.0696
2026-04-15 23:03:45.503 [INFO    ] orchestrator:   #4 DOWN  score=  5.59  BRONZE  folds=4/6  WR=97.4%  consWR=94.4%  entry=$0.88  ev=$0.0687
2026-04-15 23:03:45.503 [INFO    ] orchestrator:   #5 DOWN  score=  5.51  SILVER  folds=5/6  WR=91.1%  consWR=88.1%  entry=$0.81  ev=$0.0704
2026-04-15 23:03:45.669 [INFO    ] orchestrator: identity dedupe: pulled 0 paper fire(s) from bot
2026-04-15 23:03:45.669 [INFO    ] orchestrator: DELIVERING SILVER signal: #1 Down [290s->160s] d>=0.13% v<=0.05%
2026-04-15 23:03:45.670 [INFO    ] orchestrator:   score=8.45  WR=100.0%  consWR=97.0%  entry=$0.88  ev=$0.0888  folds=[3, 4, 5, 6, 7]
2026-04-15 23:03:45.834 [INFO    ] shared.ipc: IPC: signal delivered successfully (authenticated ack)
2026-04-15 23:03:45.834 [INFO    ] orchestrator: silver signal delivered to bot
2026-04-15 23:18:45.842 [INFO    ] orchestrator: --- cycle start [20:18:45 UTC] ---
2026-04-15 23:18:45.849 [INFO    ] orchestrator: data quality check passed: 600 windows available
2026-04-15 23:18:45.849 [INFO    ] orchestrator: starting engine: C:\Users\operator\Desktop\PolySignalLab\PolySignalEngine\build\Release\PolySignalEngine.exe C:\Users\operator\Desktop\PolySignalLab\PolyDataCollector\data --output-dir C:\Users\operator\Desktop\PolySignalLab\engine_output
2026-04-15 23:18:51.837 [INFO    ] orchestrator: engine: ==========================================================
2026-04-15 23:18:51.838 [INFO    ] orchestrator: engine:   SUMMARY
2026-04-15 23:18:51.838 [INFO    ] orchestrator: engine: ==========================================================
2026-04-15 23:18:51.839 [INFO    ] orchestrator: engine:   Total windows:         600 (306 UP, 294 DOWN)
2026-04-15 23:18:51.839 [INFO    ] orchestrator: engine:   Walk-forward folds:    8 (6 test iterations)
2026-04-15 23:18:51.839 [INFO    ] orchestrator: engine:   OOS base rate:         49.8% UP (450 test windows total)
2026-04-15 23:18:51.840 [INFO    ] orchestrator: engine:   Configs swept:         150480
2026-04-15 23:18:51.840 [INFO    ] orchestrator: engine:   Viable WF-OOS signals: 129
2026-04-15 23:18:51.841 [INFO    ] orchestrator: engine:   Compute time:          4.68s
2026-04-15 23:18:51.841 [INFO    ] orchestrator: engine: ==========================================================
2026-04-15 23:18:51.842 [INFO    ] orchestrator: engine produced: signals_summary_1776284331.json
2026-04-15 23:18:51.843 [INFO    ] orchestrator: cleaned up old summary: signals_summary_1776275268.json
2026-04-15 23:18:51.844 [INFO    ] orchestrator: ranked 20 signals — top candidates:
2026-04-15 23:18:51.844 [INFO    ] orchestrator:   #1 DOWN  score=  7.16  SILVER  folds=5/6  WR=93.3%  consWR=90.3%  entry=$0.81  ev=$0.0902
2026-04-15 23:18:51.845 [INFO    ] orchestrator:   #2 DOWN  score=  6.03  SILVER  folds=5/6  WR=94.9%  consWR=91.9%  entry=$0.84  ev=$0.0785
2026-04-15 23:18:51.845 [INFO    ] orchestrator:   #3 DOWN  score=  5.78  BRONZE  folds=3/6  WR=95.2%  consWR=92.2%  entry=$0.82  ev=$0.0998
2026-04-15 23:18:51.845 [INFO    ] orchestrator:   #4 DOWN  score=  5.72  GOLDEN  folds=6/6  WR=94.6%  consWR=91.6%  entry=$0.85  ev=$0.0618
2026-04-15 23:18:51.846 [INFO    ] orchestrator:   #5 DOWN  score=  5.62  BRONZE  folds=4/6  WR=97.4%  consWR=94.4%  entry=$0.88  ev=$0.0687
2026-04-15 23:18:52.008 [INFO    ] orchestrator: identity dedupe: pulled 1 paper fire(s) from bot
2026-04-15 23:18:52.009 [INFO    ] orchestrator: DELIVERING SILVER signal: #1 Down [250s->200s] d>=0.09% v<=0.05%
2026-04-15 23:18:52.009 [INFO    ] orchestrator:   score=7.16  WR=93.3%  consWR=90.3%  entry=$0.81  ev=$0.0902  folds=[2, 3, 5, 6, 7]
2026-04-15 23:18:52.173 [INFO    ] shared.ipc: IPC: signal delivered successfully (authenticated ack)
2026-04-15 23:18:52.174 [INFO    ] orchestrator: silver signal delivered to bot
2026-04-15 23:33:52.178 [INFO    ] orchestrator: --- cycle start [20:33:52 UTC] ---
2026-04-15 23:33:52.188 [INFO    ] orchestrator: data quality check passed: 600 windows available
2026-04-15 23:33:52.189 [INFO    ] orchestrator: starting engine: C:\Users\operator\Desktop\PolySignalLab\PolySignalEngine\build\Release\PolySignalEngine.exe C:\Users\operator\Desktop\PolySignalLab\PolyDataCollector\data --output-dir C:\Users\operator\Desktop\PolySignalLab\engine_output
2026-04-15 23:33:58.085 [INFO    ] orchestrator: engine: ==========================================================
2026-04-15 23:33:58.085 [INFO    ] orchestrator: engine:   SUMMARY
2026-04-15 23:33:58.085 [INFO    ] orchestrator: engine: ==========================================================
2026-04-15 23:33:58.086 [INFO    ] orchestrator: engine:   Total windows:         600 (304 UP, 296 DOWN)
2026-04-15 23:33:58.086 [INFO    ] orchestrator: engine:   Walk-forward folds:    8 (6 test iterations)
2026-04-15 23:33:58.087 [INFO    ] orchestrator: engine:   OOS base rate:         49.3% UP (450 test windows total)
2026-04-15 23:33:58.087 [INFO    ] orchestrator: engine:   Configs swept:         150480
2026-04-15 23:33:58.087 [INFO    ] orchestrator: engine:   Viable WF-OOS signals: 124
2026-04-15 23:33:58.088 [INFO    ] orchestrator: engine:   Compute time:          4.60s
2026-04-15 23:33:58.088 [INFO    ] orchestrator: engine: ==========================================================
2026-04-15 23:33:58.089 [INFO    ] orchestrator: engine produced: signals_summary_1776285238.json
2026-04-15 23:33:58.090 [INFO    ] orchestrator: cleaned up old summary: signals_summary_1776276174.json
2026-04-15 23:33:58.090 [INFO    ] orchestrator: ranked 20 signals — top candidates:
2026-04-15 23:33:58.091 [INFO    ] orchestrator:   #1 DOWN  score=  6.48  BRONZE  folds=4/6  WR=95.2%  consWR=92.2%  entry=$0.83  ev=$0.0913
2026-04-15 23:33:58.091 [INFO    ] orchestrator:   #2 DOWN  score=  5.93  BRONZE  folds=3/6  WR=95.8%  consWR=92.8%  entry=$0.84  ev=$0.0871
2026-04-15 23:33:58.091 [INFO    ] orchestrator:   #3 DOWN  score=  5.77  GOLDEN  folds=6/6  WR=94.7%  consWR=91.7%  entry=$0.85  ev=$0.0617
2026-04-15 23:33:58.092 [INFO    ] orchestrator:   #4 DOWN  score=  5.72  BRONZE  folds=3/6  WR=100.0%  consWR=97.0%  entry=$0.88  ev=$0.0859
2026-04-15 23:33:58.092 [INFO    ] orchestrator:   #5 DOWN  score=  5.56  SILVER  folds=5/6  WR=97.2%  consWR=94.2%  entry=$0.88  ev=$0.0631
2026-04-15 23:33:58.252 [INFO    ] orchestrator: identity dedupe: pulled 3 paper fire(s) from bot
2026-04-15 23:33:58.253 [INFO    ] orchestrator: DELIVERING BRONZE signal: #1 Down [270s->160s] d>=0.08% v<=0.05%
2026-04-15 23:33:58.253 [INFO    ] orchestrator:   score=6.48  WR=95.2%  consWR=92.2%  entry=$0.83  ev=$0.0913  folds=[3, 4, 6, 7]
2026-04-15 23:33:58.412 [INFO    ] shared.ipc: IPC: signal delivered successfully (authenticated ack)
2026-04-15 23:33:58.413 [INFO    ] orchestrator: bronze signal delivered to bot
2026-04-15 23:48:58.415 [INFO    ] orchestrator: --- cycle start [20:48:58 UTC] ---
2026-04-15 23:48:58.422 [INFO    ] orchestrator: data quality check passed: 600 windows available
2026-04-15 23:48:58.423 [INFO    ] orchestrator: starting engine: C:\Users\operator\Desktop\PolySignalLab\PolySignalEngine\build\Release\PolySignalEngine.exe C:\Users\operator\Desktop\PolySignalLab\PolyDataCollector\data --output-dir C:\Users\operator\Desktop\PolySignalLab\engine_output
2026-04-15 23:49:04.629 [INFO    ] orchestrator: engine: ==========================================================
2026-04-15 23:49:04.629 [INFO    ] orchestrator: engine:   SUMMARY
2026-04-15 23:49:04.630 [INFO    ] orchestrator: engine: ==========================================================
2026-04-15 23:49:04.630 [INFO    ] orchestrator: engine:   Total windows:         600 (305 UP, 295 DOWN)
2026-04-15 23:49:04.630 [INFO    ] orchestrator: engine:   Walk-forward folds:    8 (6 test iterations)
2026-04-15 23:49:04.631 [INFO    ] orchestrator: engine:   OOS base rate:         49.6% UP (450 test windows total)
2026-04-15 23:49:04.631 [INFO    ] orchestrator: engine:   Configs swept:         150480
2026-04-15 23:49:04.631 [INFO    ] orchestrator: engine:   Viable WF-OOS signals: 120
2026-04-15 23:49:04.632 [INFO    ] orchestrator: engine:   Compute time:          4.79s
2026-04-15 23:49:04.632 [INFO    ] orchestrator: engine: ==========================================================
2026-04-15 23:49:04.633 [INFO    ] orchestrator: engine produced: signals_summary_1776286144.json
2026-04-15 23:49:04.633 [INFO    ] orchestrator: cleaned up old summary: signals_summary_1776277081.json
2026-04-15 23:49:04.634 [INFO    ] orchestrator: ranked 20 signals — top candidates:
2026-04-15 23:49:04.634 [INFO    ] orchestrator:   #1 DOWN  score=  6.50  BRONZE  folds=4/6  WR=100.0%  consWR=97.0%  entry=$0.89  ev=$0.0803
2026-04-15 23:49:04.635 [INFO    ] orchestrator:   #2 DOWN  score=  5.89  GOLDEN  folds=6/6  WR=94.7%  consWR=91.7%  entry=$0.85  ev=$0.0617
2026-04-15 23:49:04.635 [INFO    ] orchestrator:   #3 DOWN  score=  5.20  BRONZE  folds=3/6  WR=100.0%  consWR=97.0%  entry=$0.89  ev=$0.0779
2026-04-15 23:49:04.636 [INFO    ] orchestrator:   #4 DOWN  score=  5.02  BRONZE  folds=4/6  WR=97.5%  consWR=94.5%  entry=$0.88  ev=$0.0618
2026-04-15 23:49:04.637 [INFO    ] orchestrator:   #5 DOWN  score=  4.92  GOLDEN  folds=6/6  WR=94.1%  consWR=91.1%  entry=$0.85  ev=$0.0568
2026-04-15 23:49:04.797 [INFO    ] orchestrator: identity dedupe: pulled 3 paper fire(s) from bot
2026-04-15 23:49:04.797 [INFO    ] orchestrator: DELIVERING BRONZE signal: #1 Down [190s->160s] d>=0.13% v<=0.05%
2026-04-15 23:49:04.798 [INFO    ] orchestrator:   score=6.50  WR=100.0%  consWR=97.0%  entry=$0.89  ev=$0.0803  folds=[3, 5, 6, 7]
2026-04-15 23:49:04.957 [INFO    ] shared.ipc: IPC: signal delivered successfully (authenticated ack)
2026-04-15 23:49:04.957 [INFO    ] orchestrator: bronze signal delivered to bot
2026-04-16 00:04:04.962 [INFO    ] orchestrator: --- cycle start [21:04:04 UTC] ---
2026-04-16 00:04:04.972 [INFO    ] orchestrator: data quality check passed: 600 windows available
2026-04-16 00:04:04.973 [INFO    ] orchestrator: starting engine: C:\Users\operator\Desktop\PolySignalLab\PolySignalEngine\build\Release\PolySignalEngine.exe C:\Users\operator\Desktop\PolySignalLab\PolyDataCollector\data --output-dir C:\Users\operator\Desktop\PolySignalLab\engine_output
2026-04-16 00:04:11.104 [INFO    ] orchestrator: engine: ==========================================================
2026-04-16 00:04:11.104 [INFO    ] orchestrator: engine:   SUMMARY
2026-04-16 00:04:11.105 [INFO    ] orchestrator: engine: ==========================================================
2026-04-16 00:04:11.105 [INFO    ] orchestrator: engine:   Total windows:         600 (305 UP, 295 DOWN)
2026-04-16 00:04:11.105 [INFO    ] orchestrator: engine:   Walk-forward folds:    8 (6 test iterations)
2026-04-16 00:04:11.106 [INFO    ] orchestrator: engine:   OOS base rate:         49.6% UP (450 test windows total)
2026-04-16 00:04:11.106 [INFO    ] orchestrator: engine:   Configs swept:         150480
2026-04-16 00:04:11.106 [INFO    ] orchestrator: engine:   Viable WF-OOS signals: 139
2026-04-16 00:04:11.107 [INFO    ] orchestrator: engine:   Compute time:          4.83s
2026-04-16 00:04:11.107 [INFO    ] orchestrator: engine: ==========================================================
2026-04-16 00:04:11.108 [INFO    ] orchestrator: engine produced: signals_summary_1776287051.json
2026-04-16 00:04:11.109 [INFO    ] orchestrator: cleaned up old summary: signals_summary_1776277987.json
2026-04-16 00:04:11.110 [INFO    ] orchestrator: ranked 20 signals — top candidates:
2026-04-16 00:04:11.110 [INFO    ] orchestrator:   #1 DOWN  score=  6.50  BRONZE  folds=4/6  WR=100.0%  consWR=97.0%  entry=$0.89  ev=$0.0803
2026-04-16 00:04:11.110 [INFO    ] orchestrator:   #2 DOWN  score=  5.97  GOLDEN  folds=6/6  WR=93.6%  consWR=90.6%  entry=$0.84  ev=$0.0645
2026-04-16 00:04:11.111 [INFO    ] orchestrator:   #3 DOWN  score=  5.68  GOLDEN  folds=6/6  WR=97.5%  consWR=94.5%  entry=$0.88  ev=$0.0608
2026-04-16 00:04:11.111 [INFO    ] orchestrator:   #4 DOWN  score=  5.39  GOLDEN  folds=6/6  WR=93.9%  consWR=90.9%  entry=$0.85  ev=$0.0582
2026-04-16 00:04:11.112 [INFO    ] orchestrator:   #5 UP    score=  5.33  BRONZE  folds=3/6  WR=100.0%  consWR=97.0%  entry=$0.87  ev=$0.1017
2026-04-16 00:04:11.272 [INFO    ] orchestrator: identity dedupe: pulled 3 paper fire(s) from bot
2026-04-16 00:04:11.273 [INFO    ] orchestrator: DELIVERING BRONZE signal: #1 Down [190s->160s] d>=0.13% v<=0.05%
2026-04-16 00:04:11.273 [INFO    ] orchestrator:   score=6.50  WR=100.0%  consWR=97.0%  entry=$0.89  ev=$0.0803  folds=[3, 5, 6, 7]
2026-04-16 00:04:11.434 [INFO    ] shared.ipc: IPC: signal delivered successfully (authenticated ack)
2026-04-16 00:04:11.434 [INFO    ] orchestrator: bronze signal delivered to bot
2026-04-16 00:19:11.449 [INFO    ] orchestrator: --- cycle start [21:19:11 UTC] ---
2026-04-16 00:19:11.459 [INFO    ] orchestrator: data quality check passed: 600 windows available
2026-04-16 00:19:11.460 [INFO    ] orchestrator: starting engine: C:\Users\operator\Desktop\PolySignalLab\PolySignalEngine\build\Release\PolySignalEngine.exe C:\Users\operator\Desktop\PolySignalLab\PolyDataCollector\data --output-dir C:\Users\operator\Desktop\PolySignalLab\engine_output
2026-04-16 00:19:17.640 [INFO    ] orchestrator: engine: ==========================================================
2026-04-16 00:19:17.640 [INFO    ] orchestrator: engine:   SUMMARY
2026-04-16 00:19:17.641 [INFO    ] orchestrator: engine: ==========================================================
2026-04-16 00:19:17.641 [INFO    ] orchestrator: engine:   Total windows:         600 (303 UP, 297 DOWN)
2026-04-16 00:19:17.642 [INFO    ] orchestrator: engine:   Walk-forward folds:    8 (6 test iterations)
2026-04-16 00:19:17.642 [INFO    ] orchestrator: engine:   OOS base rate:         49.3% UP (450 test windows total)
2026-04-16 00:19:17.642 [INFO    ] orchestrator: engine:   Configs swept:         150480
2026-04-16 00:19:17.643 [INFO    ] orchestrator: engine:   Viable WF-OOS signals: 136
2026-04-16 00:19:17.643 [INFO    ] orchestrator: engine:   Compute time:          4.88s
2026-04-16 00:19:17.643 [INFO    ] orchestrator: engine: ==========================================================
2026-04-16 00:19:17.644 [INFO    ] orchestrator: engine produced: signals_summary_1776287957.json
2026-04-16 00:19:17.645 [INFO    ] orchestrator: cleaned up old summary: signals_summary_1776278894.json
2026-04-16 00:19:17.646 [INFO    ] orchestrator: ranked 20 signals — top candidates:
2026-04-16 00:19:17.646 [INFO    ] orchestrator:   #1 DOWN  score=  6.50  BRONZE  folds=4/6  WR=100.0%  consWR=97.0%  entry=$0.89  ev=$0.0803
2026-04-16 00:19:17.647 [INFO    ] orchestrator:   #2 DOWN  score=  5.89  GOLDEN  folds=6/6  WR=93.6%  consWR=90.6%  entry=$0.84  ev=$0.0636
2026-04-16 00:19:17.647 [INFO    ] orchestrator:   #3 DOWN  score=  5.68  GOLDEN  folds=6/6  WR=97.5%  consWR=94.5%  entry=$0.88  ev=$0.0608
2026-04-16 00:19:17.648 [INFO    ] orchestrator:   #4 DOWN  score=  5.47  GOLDEN  folds=6/6  WR=92.5%  consWR=89.5%  entry=$0.83  ev=$0.0605
2026-04-16 00:19:17.648 [INFO    ] orchestrator:   #5 DOWN  score=  5.27  GOLDEN  folds=6/6  WR=93.9%  consWR=90.9%  entry=$0.85  ev=$0.0570
2026-04-16 00:19:17.817 [INFO    ] orchestrator: identity dedupe: pulled 3 paper fire(s) from bot
2026-04-16 00:19:17.818 [INFO    ] orchestrator: DELIVERING BRONZE signal: #1 Down [190s->160s] d>=0.13% v<=0.05%
2026-04-16 00:19:17.818 [INFO    ] orchestrator:   score=6.50  WR=100.0%  consWR=97.0%  entry=$0.89  ev=$0.0803  folds=[3, 5, 6, 7]
2026-04-16 00:19:17.986 [INFO    ] shared.ipc: IPC: signal delivered successfully (authenticated ack)
2026-04-16 00:19:17.986 [INFO    ] orchestrator: bronze signal delivered to bot
2026-04-16 00:34:17.989 [INFO    ] orchestrator: --- cycle start [21:34:17 UTC] ---
2026-04-16 00:34:17.997 [INFO    ] orchestrator: data quality check passed: 600 windows available
2026-04-16 00:34:17.997 [INFO    ] orchestrator: starting engine: C:\Users\operator\Desktop\PolySignalLab\PolySignalEngine\build\Release\PolySignalEngine.exe C:\Users\operator\Desktop\PolySignalLab\PolyDataCollector\data --output-dir C:\Users\operator\Desktop\PolySignalLab\engine_output
2026-04-16 00:34:24.239 [INFO    ] orchestrator: engine: ==========================================================
2026-04-16 00:34:24.240 [INFO    ] orchestrator: engine:   SUMMARY
2026-04-16 00:34:24.240 [INFO    ] orchestrator: engine: ==========================================================
2026-04-16 00:34:24.240 [INFO    ] orchestrator: engine:   Total windows:         600 (303 UP, 297 DOWN)
2026-04-16 00:34:24.240 [INFO    ] orchestrator: engine:   Walk-forward folds:    8 (6 test iterations)
2026-04-16 00:34:24.241 [INFO    ] orchestrator: engine:   OOS base rate:         49.6% UP (450 test windows total)
2026-04-16 00:34:24.241 [INFO    ] orchestrator: engine:   Configs swept:         150480
2026-04-16 00:34:24.242 [INFO    ] orchestrator: engine:   Viable WF-OOS signals: 139
2026-04-16 00:34:24.242 [INFO    ] orchestrator: engine:   Compute time:          4.98s
2026-04-16 00:34:24.242 [INFO    ] orchestrator: engine: ==========================================================
2026-04-16 00:34:24.243 [INFO    ] orchestrator: engine produced: signals_summary_1776288864.json
2026-04-16 00:34:24.244 [INFO    ] orchestrator: cleaned up old summary: signals_summary_1776279800.json
2026-04-16 00:34:24.244 [INFO    ] orchestrator: ranked 20 signals — top candidates:
2026-04-16 00:34:24.245 [INFO    ] orchestrator:   #1 DOWN  score=  6.31  SILVER  folds=5/6  WR=86.2%  consWR=83.2%  entry=$0.75  ev=$0.0805
2026-04-16 00:34:24.245 [INFO    ] orchestrator:   #2 DOWN  score=  5.74  GOLDEN  folds=6/6  WR=93.5%  consWR=90.5%  entry=$0.84  ev=$0.0619
2026-04-16 00:34:24.245 [INFO    ] orchestrator:   #3 DOWN  score=  5.73  GOLDEN  folds=6/6  WR=97.4%  consWR=94.4%  entry=$0.88  ev=$0.0613
2026-04-16 00:34:24.246 [INFO    ] orchestrator:   #4 DOWN  score=  5.65  GOLDEN  folds=6/6  WR=94.5%  consWR=91.5%  entry=$0.85  ev=$0.0619
2026-04-16 00:34:24.246 [INFO    ] orchestrator:   #5 DOWN  score=  5.65  BRONZE  folds=4/6  WR=100.0%  consWR=97.0%  entry=$0.90  ev=$0.0659
2026-04-16 00:34:24.427 [INFO    ] orchestrator: identity dedupe: pulled 3 paper fire(s) from bot
2026-04-16 00:34:24.427 [INFO    ] orchestrator: DELIVERING SILVER signal: #1 Down [260s->210s] d>=0.06% v<=0.05%
2026-04-16 00:34:24.427 [INFO    ] orchestrator:   score=6.31  WR=86.2%  consWR=83.2%  entry=$0.75  ev=$0.0805  folds=[2, 4, 5, 6, 7]
2026-04-16 00:34:24.593 [INFO    ] shared.ipc: IPC: signal delivered successfully (authenticated ack)
2026-04-16 00:34:24.593 [INFO    ] orchestrator: silver signal delivered to bot
2026-04-16 00:49:24.606 [INFO    ] orchestrator: --- cycle start [21:49:24 UTC] ---
2026-04-16 00:49:24.614 [INFO    ] orchestrator: data quality check passed: 600 windows available
2026-04-16 00:49:24.614 [INFO    ] orchestrator: starting engine: C:\Users\operator\Desktop\PolySignalLab\PolySignalEngine\build\Release\PolySignalEngine.exe C:\Users\operator\Desktop\PolySignalLab\PolyDataCollector\data --output-dir C:\Users\operator\Desktop\PolySignalLab\engine_output
2026-04-16 00:49:30.729 [INFO    ] orchestrator: engine: ==========================================================
2026-04-16 00:49:30.730 [INFO    ] orchestrator: engine:   SUMMARY
2026-04-16 00:49:30.730 [INFO    ] orchestrator: engine: ==========================================================
2026-04-16 00:49:30.731 [INFO    ] orchestrator: engine:   Total windows:         600 (301 UP, 299 DOWN)
2026-04-16 00:49:30.731 [INFO    ] orchestrator: engine:   Walk-forward folds:    8 (6 test iterations)
2026-04-16 00:49:30.731 [INFO    ] orchestrator: engine:   OOS base rate:         49.3% UP (450 test windows total)
2026-04-16 00:49:30.732 [INFO    ] orchestrator: engine:   Configs swept:         150480
2026-04-16 00:49:30.732 [INFO    ] orchestrator: engine:   Viable WF-OOS signals: 132
2026-04-16 00:49:30.732 [INFO    ] orchestrator: engine:   Compute time:          4.80s
2026-04-16 00:49:30.733 [INFO    ] orchestrator: engine: ==========================================================
2026-04-16 00:49:30.733 [INFO    ] orchestrator: engine produced: signals_summary_1776289770.json
2026-04-16 00:49:30.734 [INFO    ] orchestrator: cleaned up old summary: signals_summary_1776280707.json
2026-04-16 00:49:30.735 [INFO    ] orchestrator: ranked 20 signals — top candidates:
2026-04-16 00:49:30.735 [INFO    ] orchestrator:   #1 DOWN  score=  9.35  SILVER  folds=5/6  WR=100.0%  consWR=97.0%  entry=$0.87  ev=$0.0981
2026-04-16 00:49:30.736 [INFO    ] orchestrator:   #2 DOWN  score=  5.74  GOLDEN  folds=6/6  WR=93.5%  consWR=90.5%  entry=$0.84  ev=$0.0619
2026-04-16 00:49:30.736 [INFO    ] orchestrator:   #3 DOWN  score=  5.47  BRONZE  folds=4/6  WR=100.0%  consWR=97.0%  entry=$0.91  ev=$0.0639
2026-04-16 00:49:30.737 [INFO    ] orchestrator:   #4 DOWN  score=  5.31  GOLDEN  folds=6/6  WR=97.4%  consWR=94.4%  entry=$0.88  ev=$0.0613
2026-04-16 00:49:30.737 [INFO    ] orchestrator:   #5 DOWN  score=  5.20  GOLDEN  folds=6/6  WR=92.7%  consWR=89.7%  entry=$0.84  ev=$0.0600
2026-04-16 00:49:30.908 [INFO    ] orchestrator: identity dedupe: pulled 3 paper fire(s) from bot
2026-04-16 00:49:30.908 [INFO    ] orchestrator: DELIVERING SILVER signal: #1 Down [270s->170s] d>=0.13% v<=0.05%
2026-04-16 00:49:30.909 [INFO    ] orchestrator:   score=9.35  WR=100.0%  consWR=97.0%  entry=$0.87  ev=$0.0981  folds=[3, 4, 5, 6, 7]
2026-04-16 00:49:31.079 [INFO    ] shared.ipc: IPC: signal delivered successfully (authenticated ack)
2026-04-16 00:49:31.079 [INFO    ] orchestrator: silver signal delivered to bot
2026-04-16 01:04:31.090 [INFO    ] orchestrator: --- cycle start [22:04:31 UTC] ---
2026-04-16 01:04:31.098 [INFO    ] orchestrator: data quality check passed: 600 windows available
2026-04-16 01:04:31.099 [INFO    ] orchestrator: starting engine: C:\Users\operator\Desktop\PolySignalLab\PolySignalEngine\build\Release\PolySignalEngine.exe C:\Users\operator\Desktop\PolySignalLab\PolyDataCollector\data --output-dir C:\Users\operator\Desktop\PolySignalLab\engine_output
2026-04-16 01:04:36.889 [INFO    ] orchestrator: engine: ==========================================================
2026-04-16 01:04:36.889 [INFO    ] orchestrator: engine:   SUMMARY
2026-04-16 01:04:36.890 [INFO    ] orchestrator: engine: ==========================================================
2026-04-16 01:04:36.890 [INFO    ] orchestrator: engine:   Total windows:         600 (301 UP, 299 DOWN)
2026-04-16 01:04:36.890 [INFO    ] orchestrator: engine:   Walk-forward folds:    8 (6 test iterations)
2026-04-16 01:04:36.890 [INFO    ] orchestrator: engine:   OOS base rate:         49.6% UP (450 test windows total)
2026-04-16 01:04:36.890 [INFO    ] orchestrator: engine:   Configs swept:         150480
2026-04-16 01:04:36.890 [INFO    ] orchestrator: engine:   Viable WF-OOS signals: 115
2026-04-16 01:04:36.891 [INFO    ] orchestrator: engine:   Compute time:          4.52s
2026-04-16 01:04:36.891 [INFO    ] orchestrator: engine: ==========================================================
2026-04-16 01:04:36.892 [INFO    ] orchestrator: engine produced: signals_summary_1776290676.json
2026-04-16 01:04:36.892 [INFO    ] orchestrator: cleaned up old summary: signals_summary_1776281612.json
2026-04-16 01:04:36.893 [INFO    ] orchestrator: ranked 20 signals — top candidates:
2026-04-16 01:04:36.893 [INFO    ] orchestrator:   #1 DOWN  score=  9.35  SILVER  folds=5/6  WR=100.0%  consWR=97.0%  entry=$0.87  ev=$0.0981
2026-04-16 01:04:36.894 [INFO    ] orchestrator:   #2 DOWN  score=  8.27  SILVER  folds=5/6  WR=100.0%  consWR=97.0%  entry=$0.88  ev=$0.0869
2026-04-16 01:04:36.894 [INFO    ] orchestrator:   #3 DOWN  score=  6.85  SILVER  folds=5/6  WR=96.8%  consWR=93.8%  entry=$0.85  ev=$0.0874
2026-04-16 01:04:36.894 [INFO    ] orchestrator:   #4 DOWN  score=  5.47  BRONZE  folds=4/6  WR=100.0%  consWR=97.0%  entry=$0.91  ev=$0.0639
2026-04-16 01:04:36.895 [INFO    ] orchestrator:   #5 DOWN  score=  5.11  BRONZE  folds=4/6  WR=100.0%  consWR=97.0%  entry=$0.91  ev=$0.0596
2026-04-16 01:04:37.059 [INFO    ] orchestrator: identity dedupe: pulled 3 paper fire(s) from bot
2026-04-16 01:04:37.060 [INFO    ] orchestrator: DELIVERING SILVER signal: #1 Down [270s->170s] d>=0.13% v<=0.05%
2026-04-16 01:04:37.060 [INFO    ] orchestrator:   score=9.35  WR=100.0%  consWR=97.0%  entry=$0.87  ev=$0.0981  folds=[3, 4, 5, 6, 7]
2026-04-16 01:04:37.224 [INFO    ] shared.ipc: IPC: signal delivered successfully (authenticated ack)
2026-04-16 01:04:37.225 [INFO    ] orchestrator: silver signal delivered to bot
2026-04-16 01:19:37.238 [INFO    ] orchestrator: --- cycle start [22:19:37 UTC] ---
2026-04-16 01:19:37.247 [INFO    ] orchestrator: data quality check passed: 600 windows available
2026-04-16 01:19:37.248 [INFO    ] orchestrator: starting engine: C:\Users\operator\Desktop\PolySignalLab\PolySignalEngine\build\Release\PolySignalEngine.exe C:\Users\operator\Desktop\PolySignalLab\PolyDataCollector\data --output-dir C:\Users\operator\Desktop\PolySignalLab\engine_output
2026-04-16 01:19:42.844 [INFO    ] orchestrator: engine: ==========================================================
2026-04-16 01:19:42.845 [INFO    ] orchestrator: engine:   SUMMARY
2026-04-16 01:19:42.845 [INFO    ] orchestrator: engine: ==========================================================
2026-04-16 01:19:42.846 [INFO    ] orchestrator: engine:   Total windows:         600 (301 UP, 299 DOWN)
2026-04-16 01:19:42.846 [INFO    ] orchestrator: engine:   Walk-forward folds:    8 (6 test iterations)
2026-04-16 01:19:42.846 [INFO    ] orchestrator: engine:   OOS base rate:         49.6% UP (450 test windows total)
2026-04-16 01:19:42.847 [INFO    ] orchestrator: engine:   Configs swept:         150480
2026-04-16 01:19:42.847 [INFO    ] orchestrator: engine:   Viable WF-OOS signals: 125
2026-04-16 01:19:42.847 [INFO    ] orchestrator: engine:   Compute time:          4.34s
2026-04-16 01:19:42.848 [INFO    ] orchestrator: engine: ==========================================================
2026-04-16 01:19:42.848 [INFO    ] orchestrator: engine produced: signals_summary_1776291582.json
2026-04-16 01:19:42.849 [INFO    ] orchestrator: cleaned up old summary: signals_summary_1776282518.json
2026-04-16 01:19:42.850 [INFO    ] orchestrator: ranked 20 signals — top candidates:
2026-04-16 01:19:42.850 [INFO    ] orchestrator:   #1 DOWN  score=  6.06  BRONZE  folds=3/6  WR=91.7%  consWR=88.7%  entry=$0.78  ev=$0.1113
2026-04-16 01:19:42.850 [INFO    ] orchestrator:   #2 DOWN  score=  5.54  SILVER  folds=5/6  WR=96.9%  consWR=93.9%  entry=$0.88  ev=$0.0638
2026-04-16 01:19:42.851 [INFO    ] orchestrator:   #3 DOWN  score=  5.26  BRONZE  folds=4/6  WR=100.0%  consWR=97.0%  entry=$0.90  ev=$0.0690
2026-04-16 01:19:42.851 [INFO    ] orchestrator:   #4 DOWN  score=  5.21  SILVER  folds=5/6  WR=100.0%  consWR=97.0%  entry=$0.92  ev=$0.0547
2026-04-16 01:19:42.851 [INFO    ] orchestrator:   #5 DOWN  score=  5.08  SILVER  folds=5/6  WR=93.9%  consWR=90.9%  entry=$0.85  ev=$0.0627
2026-04-16 01:19:43.016 [INFO    ] orchestrator: identity dedupe: pulled 5 paper fire(s) from bot
2026-04-16 01:19:43.017 [INFO    ] orchestrator: DELIVERING SILVER signal: #2 Down [270s->170s] d>=0.13% v<=0.05%
2026-04-16 01:19:43.017 [INFO    ] orchestrator:   score=5.54  WR=96.9%  consWR=93.9%  entry=$0.88  ev=$0.0638  folds=[3, 4, 5, 6, 7]
2026-04-16 01:19:43.181 [INFO    ] shared.ipc: IPC: signal delivered successfully (authenticated ack)
2026-04-16 01:19:43.182 [INFO    ] orchestrator: silver signal delivered to bot
2026-04-16 01:34:43.194 [INFO    ] orchestrator: --- cycle start [22:34:43 UTC] ---
2026-04-16 01:34:43.203 [INFO    ] orchestrator: data quality check passed: 600 windows available
2026-04-16 01:34:43.204 [INFO    ] orchestrator: starting engine: C:\Users\operator\Desktop\PolySignalLab\PolySignalEngine\build\Release\PolySignalEngine.exe C:\Users\operator\Desktop\PolySignalLab\PolyDataCollector\data --output-dir C:\Users\operator\Desktop\PolySignalLab\engine_output
2026-04-16 01:34:49.085 [INFO    ] orchestrator: engine: ==========================================================
2026-04-16 01:34:49.085 [INFO    ] orchestrator: engine:   SUMMARY
2026-04-16 01:34:49.086 [INFO    ] orchestrator: engine: ==========================================================
2026-04-16 01:34:49.087 [INFO    ] orchestrator: engine:   Total windows:         600 (302 UP, 298 DOWN)
2026-04-16 01:34:49.087 [INFO    ] orchestrator: engine:   Walk-forward folds:    8 (6 test iterations)
2026-04-16 01:34:49.087 [INFO    ] orchestrator: engine:   OOS base rate:         49.6% UP (450 test windows total)
2026-04-16 01:34:49.087 [INFO    ] orchestrator: engine:   Configs swept:         150480
2026-04-16 01:34:49.088 [INFO    ] orchestrator: engine:   Viable WF-OOS signals: 130
2026-04-16 01:34:49.088 [INFO    ] orchestrator: engine:   Compute time:          4.50s
2026-04-16 01:34:49.088 [INFO    ] orchestrator: engine: ==========================================================
2026-04-16 01:34:49.089 [INFO    ] orchestrator: engine produced: signals_summary_1776292489.json
2026-04-16 01:34:49.090 [INFO    ] orchestrator: cleaned up old summary: signals_summary_1776283425.json
2026-04-16 01:34:49.091 [INFO    ] orchestrator: ranked 20 signals — top candidates:
2026-04-16 01:34:49.091 [INFO    ] orchestrator:   #1 DOWN  score=  5.13  BRONZE  folds=4/6  WR=100.0%  consWR=97.0%  entry=$0.90  ev=$0.0674
2026-04-16 01:34:49.091 [INFO    ] orchestrator:   #2 DOWN  score=  5.09  BRONZE  folds=2/6  WR=92.9%  consWR=89.9%  entry=$0.78  ev=$0.1232
2026-04-16 01:34:49.092 [INFO    ] orchestrator:   #3 DOWN  score=  4.89  SILVER  folds=5/6  WR=96.8%  consWR=93.8%  entry=$0.88  ev=$0.0555
2026-04-16 01:34:49.092 [INFO    ] orchestrator:   #4 DOWN  score=  4.76  BRONZE  folds=4/6  WR=87.7%  consWR=84.7%  entry=$0.78  ev=$0.0629
2026-04-16 01:34:49.092 [INFO    ] orchestrator:   #5 DOWN  score=  4.61  BRONZE  folds=3/6  WR=93.9%  consWR=90.9%  entry=$0.84  ev=$0.0697
2026-04-16 01:34:49.263 [INFO    ] orchestrator: identity dedupe: pulled 5 paper fire(s) from bot
2026-04-16 01:34:49.264 [INFO    ] orchestrator: DELIVERING BRONZE signal: #1 Down [270s->120s] d>=0.11% v<=0.05%
2026-04-16 01:34:49.264 [INFO    ] orchestrator:   score=5.13  WR=100.0%  consWR=97.0%  entry=$0.90  ev=$0.0674  folds=[3, 4, 6, 7]
2026-04-16 01:34:49.433 [INFO    ] shared.ipc: IPC: signal delivered successfully (authenticated ack)
2026-04-16 01:34:49.434 [INFO    ] orchestrator: bronze signal delivered to bot
2026-04-16 01:49:49.437 [INFO    ] orchestrator: --- cycle start [22:49:49 UTC] ---
2026-04-16 01:49:49.444 [INFO    ] orchestrator: data quality check passed: 600 windows available
2026-04-16 01:49:49.445 [INFO    ] orchestrator: starting engine: C:\Users\operator\Desktop\PolySignalLab\PolySignalEngine\build\Release\PolySignalEngine.exe C:\Users\operator\Desktop\PolySignalLab\PolyDataCollector\data --output-dir C:\Users\operator\Desktop\PolySignalLab\engine_output
2026-04-16 01:49:55.234 [INFO    ] orchestrator: engine: ==========================================================
2026-04-16 01:49:55.235 [INFO    ] orchestrator: engine:   SUMMARY
2026-04-16 01:49:55.235 [INFO    ] orchestrator: engine: ==========================================================
2026-04-16 01:49:55.235 [INFO    ] orchestrator: engine:   Total windows:         600 (302 UP, 298 DOWN)
2026-04-16 01:49:55.236 [INFO    ] orchestrator: engine:   Walk-forward folds:    8 (6 test iterations)
2026-04-16 01:49:55.236 [INFO    ] orchestrator: engine:   OOS base rate:         49.3% UP (450 test windows total)
2026-04-16 01:49:55.237 [INFO    ] orchestrator: engine:   Configs swept:         150480
2026-04-16 01:49:55.237 [INFO    ] orchestrator: engine:   Viable WF-OOS signals: 117
2026-04-16 01:49:55.238 [INFO    ] orchestrator: engine:   Compute time:          4.48s
2026-04-16 01:49:55.238 [INFO    ] orchestrator: engine: ==========================================================
2026-04-16 01:49:55.239 [INFO    ] orchestrator: engine produced: signals_summary_1776293395.json
2026-04-16 01:49:55.240 [INFO    ] orchestrator: cleaned up old summary: signals_summary_1776284331.json
2026-04-16 01:49:55.240 [INFO    ] orchestrator: ranked 20 signals — top candidates:
2026-04-16 01:49:55.241 [INFO    ] orchestrator:   #1 DOWN  score=  6.23  BRONZE  folds=4/6  WR=92.5%  consWR=89.5%  entry=$0.82  ev=$0.0781
2026-04-16 01:49:55.241 [INFO    ] orchestrator:   #2 DOWN  score=  5.43  SILVER  folds=5/6  WR=100.0%  consWR=97.0%  entry=$0.91  ev=$0.0570
2026-04-16 01:49:55.241 [INFO    ] orchestrator:   #3 DOWN  score=  4.97  BRONZE  folds=4/6  WR=100.0%  consWR=97.0%  entry=$0.90  ev=$0.0652
2026-04-16 01:49:55.242 [INFO    ] orchestrator:   #4 DOWN  score=  4.93  BRONZE  folds=2/6  WR=92.6%  consWR=89.6%  entry=$0.78  ev=$0.1196
2026-04-16 01:49:55.242 [INFO    ] orchestrator:   #5 DOWN  score=  4.79  GOLDEN  folds=6/6  WR=92.5%  consWR=89.5%  entry=$0.84  ev=$0.0513
2026-04-16 01:49:55.406 [INFO    ] orchestrator: identity dedupe: pulled 5 paper fire(s) from bot
2026-04-16 01:49:55.407 [INFO    ] orchestrator: DELIVERING BRONZE signal: #1 Down [230s->200s] d>=0.08% v<=0.1%
2026-04-16 01:49:55.407 [INFO    ] orchestrator:   score=6.23  WR=92.5%  consWR=89.5%  entry=$0.82  ev=$0.0781  folds=[4, 5, 6, 7]
2026-04-16 01:49:55.571 [INFO    ] shared.ipc: IPC: signal delivered successfully (authenticated ack)
2026-04-16 01:49:55.572 [INFO    ] orchestrator: bronze signal delivered to bot
2026-04-16 02:04:55.578 [INFO    ] orchestrator: --- cycle start [23:04:55 UTC] ---
2026-04-16 02:04:55.585 [INFO    ] orchestrator: data quality check passed: 600 windows available
2026-04-16 02:04:55.585 [INFO    ] orchestrator: starting engine: C:\Users\operator\Desktop\PolySignalLab\PolySignalEngine\build\Release\PolySignalEngine.exe C:\Users\operator\Desktop\PolySignalLab\PolyDataCollector\data --output-dir C:\Users\operator\Desktop\PolySignalLab\engine_output
2026-04-16 02:05:01.474 [INFO    ] orchestrator: engine: ==========================================================
2026-04-16 02:05:01.474 [INFO    ] orchestrator: engine:   SUMMARY
2026-04-16 02:05:01.475 [INFO    ] orchestrator: engine: ==========================================================
2026-04-16 02:05:01.475 [INFO    ] orchestrator: engine:   Total windows:         600 (301 UP, 299 DOWN)
2026-04-16 02:05:01.476 [INFO    ] orchestrator: engine:   Walk-forward folds:    8 (6 test iterations)
2026-04-16 02:05:01.476 [INFO    ] orchestrator: engine:   OOS base rate:         49.1% UP (450 test windows total)
2026-04-16 02:05:01.476 [INFO    ] orchestrator: engine:   Configs swept:         150480
2026-04-16 02:05:01.477 [INFO    ] orchestrator: engine:   Viable WF-OOS signals: 123
2026-04-16 02:05:01.477 [INFO    ] orchestrator: engine:   Compute time:          4.60s
2026-04-16 02:05:01.477 [INFO    ] orchestrator: engine: ==========================================================
2026-04-16 02:05:01.478 [INFO    ] orchestrator: engine produced: signals_summary_1776294301.json
2026-04-16 02:05:01.479 [INFO    ] orchestrator: cleaned up old summary: signals_summary_1776285238.json
2026-04-16 02:05:01.479 [INFO    ] orchestrator: ranked 20 signals — top candidates:
2026-04-16 02:05:01.480 [INFO    ] orchestrator:   #1 DOWN  score=  4.93  GOLDEN  folds=6/6  WR=92.7%  consWR=89.7%  entry=$0.84  ev=$0.0523
2026-04-16 02:05:01.480 [INFO    ] orchestrator:   #2 DOWN  score=  4.93  BRONZE  folds=2/6  WR=92.6%  consWR=89.6%  entry=$0.78  ev=$0.1196
2026-04-16 02:05:01.480 [INFO    ] orchestrator:   #3 DOWN  score=  4.87  BRONZE  folds=3/6  WR=94.3%  consWR=91.3%  entry=$0.84  ev=$0.0729
2026-04-16 02:05:01.480 [INFO    ] orchestrator:   #4 DOWN  score=  4.71  BRONZE  folds=3/6  WR=92.6%  consWR=89.6%  entry=$0.80  ev=$0.0970
2026-04-16 02:05:01.481 [INFO    ] orchestrator:   #5 DOWN  score=  4.28  SILVER  folds=5/6  WR=96.8%  consWR=93.8%  entry=$0.89  ev=$0.0481
2026-04-16 02:05:01.645 [INFO    ] orchestrator: identity dedupe: pulled 5 paper fire(s) from bot
2026-04-16 02:05:01.646 [INFO    ] orchestrator: DELIVERING GOLDEN signal: #1 Down [270s->170s] d>=0.09% v<=0.05%
2026-04-16 02:05:01.646 [INFO    ] orchestrator:   score=4.93  WR=92.7%  consWR=89.7%  entry=$0.84  ev=$0.0523  folds=[2, 3, 4, 5, 6, 7]
2026-04-16 02:05:01.819 [INFO    ] shared.ipc: IPC: signal delivered successfully (authenticated ack)
2026-04-16 02:05:01.820 [INFO    ] orchestrator: golden signal delivered to bot
2026-04-16 02:20:01.833 [INFO    ] orchestrator: --- cycle start [23:20:01 UTC] ---
2026-04-16 02:20:01.840 [INFO    ] orchestrator: data quality check passed: 600 windows available
2026-04-16 02:20:01.841 [INFO    ] orchestrator: starting engine: C:\Users\operator\Desktop\PolySignalLab\PolySignalEngine\build\Release\PolySignalEngine.exe C:\Users\operator\Desktop\PolySignalLab\PolyDataCollector\data --output-dir C:\Users\operator\Desktop\PolySignalLab\engine_output
2026-04-16 02:20:07.571 [INFO    ] orchestrator: engine: ==========================================================
2026-04-16 02:20:07.572 [INFO    ] orchestrator: engine:   SUMMARY
2026-04-16 02:20:07.572 [INFO    ] orchestrator: engine: ==========================================================
2026-04-16 02:20:07.572 [INFO    ] orchestrator: engine:   Total windows:         600 (300 UP, 300 DOWN)
2026-04-16 02:20:07.573 [INFO    ] orchestrator: engine:   Walk-forward folds:    8 (6 test iterations)
2026-04-16 02:20:07.573 [INFO    ] orchestrator: engine:   OOS base rate:         49.1% UP (450 test windows total)
2026-04-16 02:20:07.573 [INFO    ] orchestrator: engine:   Configs swept:         150480
2026-04-16 02:20:07.574 [INFO    ] orchestrator: engine:   Viable WF-OOS signals: 118
2026-04-16 02:20:07.574 [INFO    ] orchestrator: engine:   Compute time:          4.46s
2026-04-16 02:20:07.574 [INFO    ] orchestrator: engine: ==========================================================
2026-04-16 02:20:07.575 [INFO    ] orchestrator: engine produced: signals_summary_1776295207.json
2026-04-16 02:20:07.576 [INFO    ] orchestrator: cleaned up old summary: signals_summary_1776286144.json
2026-04-16 02:20:07.577 [INFO    ] orchestrator: ranked 20 signals — top candidates:
2026-04-16 02:20:07.577 [INFO    ] orchestrator:   #1 DOWN  score=  5.42  BRONZE  folds=4/6  WR=96.3%  consWR=93.3%  entry=$0.87  ev=$0.0663
2026-04-16 02:20:07.578 [INFO    ] orchestrator:   #2 DOWN  score=  5.20  SILVER  folds=5/6  WR=96.1%  consWR=93.1%  entry=$0.87  ev=$0.0571
2026-04-16 02:20:07.578 [INFO    ] orchestrator:   #3 DOWN  score=  5.10  SILVER  folds=5/6  WR=100.0%  consWR=97.0%  entry=$0.92  ev=$0.0535
2026-04-16 02:20:07.578 [INFO    ] orchestrator:   #4 DOWN  score=  4.76  BRONZE  folds=2/6  WR=92.6%  consWR=89.6%  entry=$0.78  ev=$0.1159
2026-04-16 02:20:07.579 [INFO    ] orchestrator:   #5 DOWN  score=  4.74  GOLDEN  folds=6/6  WR=92.8%  consWR=89.8%  entry=$0.85  ev=$0.0502
2026-04-16 02:20:07.743 [INFO    ] orchestrator: identity dedupe: pulled 5 paper fire(s) from bot
2026-04-16 02:20:07.744 [INFO    ] orchestrator: DELIVERING BRONZE signal: #1 Down [240s->210s] d>=0.1% v<=0.1%
2026-04-16 02:20:07.745 [INFO    ] orchestrator:   score=5.42  WR=96.3%  consWR=93.3%  entry=$0.87  ev=$0.0663  folds=[4, 5, 6, 7]
2026-04-16 02:20:07.910 [INFO    ] shared.ipc: IPC: signal delivered successfully (authenticated ack)
2026-04-16 02:20:07.910 [INFO    ] orchestrator: bronze signal delivered to bot
2026-04-16 02:35:07.925 [INFO    ] orchestrator: --- cycle start [23:35:07 UTC] ---
2026-04-16 02:35:07.936 [INFO    ] orchestrator: data quality check passed: 600 windows available
2026-04-16 02:35:07.937 [INFO    ] orchestrator: starting engine: C:\Users\operator\Desktop\PolySignalLab\PolySignalEngine\build\Release\PolySignalEngine.exe C:\Users\operator\Desktop\PolySignalLab\PolyDataCollector\data --output-dir C:\Users\operator\Desktop\PolySignalLab\engine_output
2026-04-16 02:35:13.714 [INFO    ] orchestrator: engine: ==========================================================
2026-04-16 02:35:13.715 [INFO    ] orchestrator: engine:   SUMMARY
2026-04-16 02:35:13.715 [INFO    ] orchestrator: engine: ==========================================================
2026-04-16 02:35:13.716 [INFO    ] orchestrator: engine:   Total windows:         600 (299 UP, 301 DOWN)
2026-04-16 02:35:13.716 [INFO    ] orchestrator: engine:   Walk-forward folds:    8 (6 test iterations)
2026-04-16 02:35:13.717 [INFO    ] orchestrator: engine:   OOS base rate:         49.1% UP (450 test windows total)
2026-04-16 02:35:13.717 [INFO    ] orchestrator: engine:   Configs swept:         150480
2026-04-16 02:35:13.717 [INFO    ] orchestrator: engine:   Viable WF-OOS signals: 130
2026-04-16 02:35:13.718 [INFO    ] orchestrator: engine:   Compute time:          4.47s
2026-04-16 02:35:13.718 [INFO    ] orchestrator: engine: ==========================================================
2026-04-16 02:35:13.719 [INFO    ] orchestrator: engine produced: signals_summary_1776296113.json
2026-04-16 02:35:13.720 [INFO    ] orchestrator: cleaned up old summary: signals_summary_1776287051.json
2026-04-16 02:35:13.721 [INFO    ] orchestrator: ranked 20 signals — top candidates:
2026-04-16 02:35:13.721 [INFO    ] orchestrator:   #1 DOWN  score=  5.95  BRONZE  folds=4/6  WR=90.5%  consWR=87.5%  entry=$0.79  ev=$0.0895
2026-04-16 02:35:13.722 [INFO    ] orchestrator:   #2 DOWN  score=  5.52  BRONZE  folds=4/6  WR=97.5%  consWR=94.5%  entry=$0.87  ev=$0.0710
2026-04-16 02:35:13.722 [INFO    ] orchestrator:   #3 DOWN  score=  5.38  BRONZE  folds=4/6  WR=96.3%  consWR=93.3%  entry=$0.87  ev=$0.0656
2026-04-16 02:35:13.723 [INFO    ] orchestrator:   #4 DOWN  score=  5.03  GOLDEN  folds=6/6  WR=92.8%  consWR=89.8%  entry=$0.84  ev=$0.0534
2026-04-16 02:35:13.723 [INFO    ] orchestrator:   #5 DOWN  score=  4.58  BRONZE  folds=2/6  WR=91.7%  consWR=88.7%  entry=$0.76  ev=$0.1264
2026-04-16 02:35:13.888 [INFO    ] orchestrator: identity dedupe: pulled 5 paper fire(s) from bot
2026-04-16 02:35:13.889 [INFO    ] orchestrator: DELIVERING BRONZE signal: #1 Down [230s->200s] d>=0.07% v<=0.05%
2026-04-16 02:35:13.889 [INFO    ] orchestrator:   score=5.95  WR=90.5%  consWR=87.5%  entry=$0.79  ev=$0.0895  folds=[2, 4, 6, 7]
2026-04-16 02:35:14.074 [INFO    ] shared.ipc: IPC: signal delivered successfully (authenticated ack)
2026-04-16 02:35:14.075 [INFO    ] orchestrator: bronze signal delivered to bot
2026-04-16 02:50:14.085 [INFO    ] orchestrator: --- cycle start [23:50:14 UTC] ---
2026-04-16 02:50:14.092 [INFO    ] orchestrator: data quality check passed: 600 windows available
2026-04-16 02:50:14.093 [INFO    ] orchestrator: starting engine: C:\Users\operator\Desktop\PolySignalLab\PolySignalEngine\build\Release\PolySignalEngine.exe C:\Users\operator\Desktop\PolySignalLab\PolyDataCollector\data --output-dir C:\Users\operator\Desktop\PolySignalLab\engine_output
2026-04-16 02:50:19.970 [INFO    ] orchestrator: engine: ==========================================================
2026-04-16 02:50:19.971 [INFO    ] orchestrator: engine:   SUMMARY
2026-04-16 02:50:19.971 [INFO    ] orchestrator: engine: ==========================================================
2026-04-16 02:50:19.972 [INFO    ] orchestrator: engine:   Total windows:         600 (298 UP, 302 DOWN)
2026-04-16 02:50:19.972 [INFO    ] orchestrator: engine:   Walk-forward folds:    8 (6 test iterations)
2026-04-16 02:50:19.972 [INFO    ] orchestrator: engine:   OOS base rate:         48.9% UP (450 test windows total)
2026-04-16 02:50:19.973 [INFO    ] orchestrator: engine:   Configs swept:         150480
2026-04-16 02:50:19.973 [INFO    ] orchestrator: engine:   Viable WF-OOS signals: 126
2026-04-16 02:50:19.973 [INFO    ] orchestrator: engine:   Compute time:          4.58s
2026-04-16 02:50:19.974 [INFO    ] orchestrator: engine: ==========================================================
2026-04-16 02:50:19.974 [INFO    ] orchestrator: engine produced: signals_summary_1776297019.json
2026-04-16 02:50:19.975 [INFO    ] orchestrator: cleaned up old summary: signals_summary_1776287957.json
2026-04-16 02:50:19.976 [INFO    ] orchestrator: ranked 20 signals — top candidates:
2026-04-16 02:50:19.977 [INFO    ] orchestrator:   #1 DOWN  score=  5.27  BRONZE  folds=4/6  WR=97.5%  consWR=94.5%  entry=$0.88  ev=$0.0678
2026-04-16 02:50:19.977 [INFO    ] orchestrator:   #2 DOWN  score=  4.99  GOLDEN  folds=6/6  WR=92.8%  consWR=89.8%  entry=$0.84  ev=$0.0534
2026-04-16 02:50:19.978 [INFO    ] orchestrator:   #3 DOWN  score=  4.70  GOLDEN  folds=6/6  WR=93.4%  consWR=90.4%  entry=$0.85  ev=$0.0499
2026-04-16 02:50:19.978 [INFO    ] orchestrator:   #4 DOWN  score=  4.46  BRONZE  folds=3/6  WR=96.0%  consWR=93.0%  entry=$0.87  ev=$0.0648
2026-04-16 02:50:19.978 [INFO    ] orchestrator:   #5 DOWN  score=  4.40  BRONZE  folds=3/6  WR=88.5%  consWR=85.5%  entry=$0.74  ev=$0.1113
2026-04-16 02:50:20.144 [INFO    ] orchestrator: identity dedupe: pulled 5 paper fire(s) from bot
2026-04-16 02:50:20.144 [INFO    ] orchestrator: DELIVERING BRONZE signal: #1 Down [290s->160s] d>=0.11% v<=0.05%
2026-04-16 02:50:20.145 [INFO    ] orchestrator:   score=5.27  WR=97.5%  consWR=94.5%  entry=$0.88  ev=$0.0678  folds=[3, 5, 6, 7]
2026-04-16 02:50:20.309 [INFO    ] shared.ipc: IPC: signal delivered successfully (authenticated ack)
2026-04-16 02:50:20.309 [INFO    ] orchestrator: bronze signal delivered to bot
2026-04-16 03:05:20.325 [INFO    ] orchestrator: --- cycle start [00:05:20 UTC] ---
2026-04-16 03:05:20.332 [INFO    ] orchestrator: data quality check passed: 600 windows available
2026-04-16 03:05:20.332 [INFO    ] orchestrator: starting engine: C:\Users\operator\Desktop\PolySignalLab\PolySignalEngine\build\Release\PolySignalEngine.exe C:\Users\operator\Desktop\PolySignalLab\PolyDataCollector\data --output-dir C:\Users\operator\Desktop\PolySignalLab\engine_output
2026-04-16 03:05:26.362 [INFO    ] orchestrator: engine: ==========================================================
2026-04-16 03:05:26.363 [INFO    ] orchestrator: engine:   SUMMARY
2026-04-16 03:05:26.363 [INFO    ] orchestrator: engine: ==========================================================
2026-04-16 03:05:26.363 [INFO    ] orchestrator: engine:   Total windows:         600 (300 UP, 300 DOWN)
2026-04-16 03:05:26.364 [INFO    ] orchestrator: engine:   Walk-forward folds:    8 (6 test iterations)
2026-04-16 03:05:26.364 [INFO    ] orchestrator: engine:   OOS base rate:         49.1% UP (450 test windows total)
2026-04-16 03:05:26.365 [INFO    ] orchestrator: engine:   Configs swept:         150480
2026-04-16 03:05:26.365 [INFO    ] orchestrator: engine:   Viable WF-OOS signals: 118
2026-04-16 03:05:26.365 [INFO    ] orchestrator: engine:   Compute time:          4.72s
2026-04-16 03:05:26.366 [INFO    ] orchestrator: engine: ==========================================================
2026-04-16 03:05:26.367 [INFO    ] orchestrator: engine produced: signals_summary_1776297926.json
2026-04-16 03:05:26.368 [INFO    ] orchestrator: cleaned up old summary: signals_summary_1776288864.json
2026-04-16 03:05:26.369 [INFO    ] orchestrator: ranked 20 signals — top candidates:
2026-04-16 03:05:26.369 [INFO    ] orchestrator:   #1 DOWN  score=  5.25  BRONZE  folds=4/6  WR=97.5%  consWR=94.5%  entry=$0.88  ev=$0.0678
2026-04-16 03:05:26.369 [INFO    ] orchestrator:   #2 DOWN  score=  4.99  GOLDEN  folds=6/6  WR=92.8%  consWR=89.8%  entry=$0.84  ev=$0.0534
2026-04-16 03:05:26.369 [INFO    ] orchestrator:   #3 DOWN  score=  4.70  GOLDEN  folds=6/6  WR=93.4%  consWR=90.4%  entry=$0.85  ev=$0.0499
2026-04-16 03:05:26.370 [INFO    ] orchestrator:   #4 DOWN  score=  4.28  BRONZE  folds=4/6  WR=100.0%  consWR=97.0%  entry=$0.91  ev=$0.0562
2026-04-16 03:05:26.370 [INFO    ] orchestrator:   #5 DOWN  score=  4.19  BRONZE  folds=3/6  WR=95.8%  consWR=92.8%  entry=$0.87  ev=$0.0608
2026-04-16 03:05:26.534 [INFO    ] orchestrator: identity dedupe: pulled 5 paper fire(s) from bot
2026-04-16 03:05:26.534 [INFO    ] orchestrator: DELIVERING BRONZE signal: #1 Down [290s->160s] d>=0.11% v<=0.05%
2026-04-16 03:05:26.535 [INFO    ] orchestrator:   score=5.25  WR=97.5%  consWR=94.5%  entry=$0.88  ev=$0.0678  folds=[3, 5, 6, 7]
2026-04-16 03:05:26.698 [INFO    ] shared.ipc: IPC: signal delivered successfully (authenticated ack)
2026-04-16 03:05:26.698 [INFO    ] orchestrator: bronze signal delivered to bot
2026-04-16 03:20:26.706 [INFO    ] orchestrator: --- cycle start [00:20:26 UTC] ---
2026-04-16 03:20:26.713 [INFO    ] orchestrator: data quality check passed: 600 windows available
2026-04-16 03:20:26.714 [INFO    ] orchestrator: starting engine: C:\Users\operator\Desktop\PolySignalLab\PolySignalEngine\build\Release\PolySignalEngine.exe C:\Users\operator\Desktop\PolySignalLab\PolyDataCollector\data --output-dir C:\Users\operator\Desktop\PolySignalLab\engine_output
2026-04-16 03:20:32.689 [INFO    ] orchestrator: engine: ==========================================================
2026-04-16 03:20:32.690 [INFO    ] orchestrator: engine:   SUMMARY
2026-04-16 03:20:32.690 [INFO    ] orchestrator: engine: ==========================================================
2026-04-16 03:20:32.691 [INFO    ] orchestrator: engine:   Total windows:         600 (299 UP, 301 DOWN)
2026-04-16 03:20:32.691 [INFO    ] orchestrator: engine:   Walk-forward folds:    8 (6 test iterations)
2026-04-16 03:20:32.691 [INFO    ] orchestrator: engine:   OOS base rate:         48.7% UP (450 test windows total)
2026-04-16 03:20:32.691 [INFO    ] orchestrator: engine:   Configs swept:         150480
2026-04-16 03:20:32.691 [INFO    ] orchestrator: engine:   Viable WF-OOS signals: 125
2026-04-16 03:20:32.692 [INFO    ] orchestrator: engine:   Compute time:          4.68s
2026-04-16 03:20:32.692 [INFO    ] orchestrator: engine: ==========================================================
2026-04-16 03:20:32.693 [INFO    ] orchestrator: engine produced: signals_summary_1776298832.json
2026-04-16 03:20:32.694 [INFO    ] orchestrator: cleaned up old summary: signals_summary_1776289770.json
2026-04-16 03:20:32.695 [INFO    ] orchestrator: ranked 20 signals — top candidates:
2026-04-16 03:20:32.695 [INFO    ] orchestrator:   #1 DOWN  score=  5.01  GOLDEN  folds=6/6  WR=92.8%  consWR=89.8%  entry=$0.84  ev=$0.0534
2026-04-16 03:20:32.696 [INFO    ] orchestrator:   #2 DOWN  score=  4.97  BRONZE  folds=4/6  WR=97.4%  consWR=94.4%  entry=$0.88  ev=$0.0641
2026-04-16 03:20:32.696 [INFO    ] orchestrator:   #3 DOWN  score=  4.86  SILVER  folds=5/6  WR=100.0%  consWR=97.0%  entry=$0.92  ev=$0.0511
2026-04-16 03:20:32.696 [INFO    ] orchestrator:   #4 DOWN  score=  4.24  BRONZE  folds=2/6  WR=100.0%  consWR=97.0%  entry=$0.89  ev=$0.0809
2026-04-16 03:20:32.696 [INFO    ] orchestrator:   #5 DOWN  score=  4.10  SILVER  folds=5/6  WR=93.7%  consWR=90.7%  entry=$0.86  ev=$0.0505
2026-04-16 03:20:32.862 [INFO    ] orchestrator: identity dedupe: pulled 5 paper fire(s) from bot
2026-04-16 03:20:32.862 [INFO    ] orchestrator: DELIVERING GOLDEN signal: #1 Down [270s->170s] d>=0.09% v<=0.05%
2026-04-16 03:20:32.863 [INFO    ] orchestrator:   score=5.01  WR=92.8%  consWR=89.8%  entry=$0.84  ev=$0.0534  folds=[2, 3, 4, 5, 6, 7]
2026-04-16 03:20:33.027 [INFO    ] shared.ipc: IPC: signal delivered successfully (authenticated ack)
2026-04-16 03:20:33.027 [INFO    ] orchestrator: golden signal delivered to bot
2026-04-16 03:35:33.033 [INFO    ] orchestrator: --- cycle start [00:35:33 UTC] ---
2026-04-16 03:35:33.040 [INFO    ] orchestrator: data quality check passed: 600 windows available
2026-04-16 03:35:33.041 [INFO    ] orchestrator: starting engine: C:\Users\operator\Desktop\PolySignalLab\PolySignalEngine\build\Release\PolySignalEngine.exe C:\Users\operator\Desktop\PolySignalLab\PolyDataCollector\data --output-dir C:\Users\operator\Desktop\PolySignalLab\engine_output
2026-04-16 03:35:38.675 [INFO    ] orchestrator: engine: ==========================================================
2026-04-16 03:35:38.676 [INFO    ] orchestrator: engine:   SUMMARY
2026-04-16 03:35:38.676 [INFO    ] orchestrator: engine: ==========================================================
2026-04-16 03:35:38.676 [INFO    ] orchestrator: engine:   Total windows:         600 (297 UP, 303 DOWN)
2026-04-16 03:35:38.677 [INFO    ] orchestrator: engine:   Walk-forward folds:    8 (6 test iterations)
2026-04-16 03:35:38.677 [INFO    ] orchestrator: engine:   OOS base rate:         48.7% UP (450 test windows total)
2026-04-16 03:35:38.678 [INFO    ] orchestrator: engine:   Configs swept:         150480
2026-04-16 03:35:38.678 [INFO    ] orchestrator: engine:   Viable WF-OOS signals: 114
2026-04-16 03:35:38.678 [INFO    ] orchestrator: engine:   Compute time:          4.31s
2026-04-16 03:35:38.679 [INFO    ] orchestrator: engine: ==========================================================
2026-04-16 03:35:38.680 [INFO    ] orchestrator: engine produced: signals_summary_1776299738.json
2026-04-16 03:35:38.681 [INFO    ] orchestrator: cleaned up old summary: signals_summary_1776290676.json
2026-04-16 03:35:38.682 [INFO    ] orchestrator: ranked 20 signals — top candidates:
2026-04-16 03:35:38.682 [INFO    ] orchestrator:   #1 DOWN  score=  5.13  GOLDEN  folds=6/6  WR=92.9%  consWR=89.9%  entry=$0.84  ev=$0.0543
2026-04-16 03:35:38.682 [INFO    ] orchestrator:   #2 DOWN  score=  4.95  SILVER  folds=5/6  WR=100.0%  consWR=97.0%  entry=$0.92  ev=$0.0519
2026-04-16 03:35:38.682 [INFO    ] orchestrator:   #3 DOWN  score=  4.63  BRONZE  folds=4/6  WR=97.3%  consWR=94.3%  entry=$0.88  ev=$0.0597
2026-04-16 03:35:38.683 [INFO    ] orchestrator:   #4 DOWN  score=  4.26  BRONZE  folds=3/6  WR=85.9%  consWR=82.9%  entry=$0.75  ev=$0.0755
2026-04-16 03:35:38.683 [INFO    ] orchestrator:   #5 DOWN  score=  3.96  SILVER  folds=5/6  WR=93.4%  consWR=90.4%  entry=$0.86  ev=$0.0487
2026-04-16 03:35:38.847 [INFO    ] orchestrator: identity dedupe: pulled 5 paper fire(s) from bot
2026-04-16 03:35:38.848 [INFO    ] orchestrator: DELIVERING GOLDEN signal: #1 Down [270s->170s] d>=0.09% v<=0.05%
2026-04-16 03:35:38.848 [INFO    ] orchestrator:   score=5.13  WR=92.9%  consWR=89.9%  entry=$0.84  ev=$0.0543  folds=[2, 3, 4, 5, 6, 7]
2026-04-16 03:35:39.012 [INFO    ] shared.ipc: IPC: signal delivered successfully (authenticated ack)
2026-04-16 03:35:39.013 [INFO    ] orchestrator: golden signal delivered to bot
2026-04-16 03:50:39.027 [INFO    ] orchestrator: --- cycle start [00:50:39 UTC] ---
2026-04-16 03:50:39.034 [INFO    ] orchestrator: data quality check passed: 600 windows available
2026-04-16 03:50:39.034 [INFO    ] orchestrator: starting engine: C:\Users\operator\Desktop\PolySignalLab\PolySignalEngine\build\Release\PolySignalEngine.exe C:\Users\operator\Desktop\PolySignalLab\PolyDataCollector\data --output-dir C:\Users\operator\Desktop\PolySignalLab\engine_output
2026-04-16 03:50:44.579 [INFO    ] orchestrator: engine: ==========================================================
2026-04-16 03:50:44.580 [INFO    ] orchestrator: engine:   SUMMARY
2026-04-16 03:50:44.580 [INFO    ] orchestrator: engine: ==========================================================
2026-04-16 03:50:44.581 [INFO    ] orchestrator: engine:   Total windows:         600 (296 UP, 304 DOWN)
2026-04-16 03:50:44.581 [INFO    ] orchestrator: engine:   Walk-forward folds:    8 (6 test iterations)
2026-04-16 03:50:44.582 [INFO    ] orchestrator: engine:   OOS base rate:         48.7% UP (450 test windows total)
2026-04-16 03:50:44.582 [INFO    ] orchestrator: engine:   Configs swept:         150480
2026-04-16 03:50:44.583 [INFO    ] orchestrator: engine:   Viable WF-OOS signals: 129
2026-04-16 03:50:44.583 [INFO    ] orchestrator: engine:   Compute time:          4.23s
2026-04-16 03:50:44.584 [INFO    ] orchestrator: engine: ==========================================================
2026-04-16 03:50:44.584 [INFO    ] orchestrator: engine produced: signals_summary_1776300644.json
2026-04-16 03:50:44.585 [INFO    ] orchestrator: cleaned up old summary: signals_summary_1776291582.json
2026-04-16 03:50:44.586 [INFO    ] orchestrator: ranked 20 signals — top candidates:
2026-04-16 03:50:44.586 [INFO    ] orchestrator:   #1 DOWN  score=  5.12  GOLDEN  folds=6/6  WR=92.9%  consWR=89.9%  entry=$0.84  ev=$0.0543
2026-04-16 03:50:44.587 [INFO    ] orchestrator:   #2 DOWN  score=  4.89  SILVER  folds=5/6  WR=96.0%  consWR=93.0%  entry=$0.88  ev=$0.0536
2026-04-16 03:50:44.587 [INFO    ] orchestrator:   #3 DOWN  score=  4.83  SILVER  folds=5/6  WR=100.0%  consWR=97.0%  entry=$0.92  ev=$0.0507
2026-04-16 03:50:44.587 [INFO    ] orchestrator:   #4 DOWN  score=  4.82  BRONZE  folds=4/6  WR=91.7%  consWR=88.7%  entry=$0.80  ev=$0.0917
2026-04-16 03:50:44.588 [INFO    ] orchestrator:   #5 DOWN  score=  4.24  BRONZE  folds=4/6  WR=90.8%  consWR=87.8%  entry=$0.82  ev=$0.0530
2026-04-16 03:50:44.751 [INFO    ] orchestrator: identity dedupe: pulled 5 paper fire(s) from bot
2026-04-16 03:50:44.752 [INFO    ] orchestrator: DELIVERING GOLDEN signal: #1 Down [270s->170s] d>=0.09% v<=0.05%
2026-04-16 03:50:44.752 [INFO    ] orchestrator:   score=5.12  WR=92.9%  consWR=89.9%  entry=$0.84  ev=$0.0543  folds=[2, 3, 4, 5, 6, 7]
2026-04-16 03:50:44.915 [INFO    ] shared.ipc: IPC: signal delivered successfully (authenticated ack)
2026-04-16 03:50:44.916 [INFO    ] orchestrator: golden signal delivered to bot
2026-04-16 04:05:44.926 [INFO    ] orchestrator: --- cycle start [01:05:44 UTC] ---
2026-04-16 04:05:44.933 [INFO    ] orchestrator: data quality check passed: 600 windows available
2026-04-16 04:05:44.934 [INFO    ] orchestrator: starting engine: C:\Users\operator\Desktop\PolySignalLab\PolySignalEngine\build\Release\PolySignalEngine.exe C:\Users\operator\Desktop\PolySignalLab\PolyDataCollector\data --output-dir C:\Users\operator\Desktop\PolySignalLab\engine_output
2026-04-16 04:05:50.653 [INFO    ] orchestrator: engine: ==========================================================
2026-04-16 04:05:50.654 [INFO    ] orchestrator: engine:   SUMMARY
2026-04-16 04:05:50.654 [INFO    ] orchestrator: engine: ==========================================================
2026-04-16 04:05:50.655 [INFO    ] orchestrator: engine:   Total windows:         600 (296 UP, 304 DOWN)
2026-04-16 04:05:50.655 [INFO    ] orchestrator: engine:   Walk-forward folds:    8 (6 test iterations)
2026-04-16 04:05:50.656 [INFO    ] orchestrator: engine:   OOS base rate:         48.7% UP (450 test windows total)
2026-04-16 04:05:50.656 [INFO    ] orchestrator: engine:   Configs swept:         150480
2026-04-16 04:05:50.656 [INFO    ] orchestrator: engine:   Viable WF-OOS signals: 117
2026-04-16 04:05:50.657 [INFO    ] orchestrator: engine:   Compute time:          4.43s
2026-04-16 04:05:50.657 [INFO    ] orchestrator: engine: ==========================================================
2026-04-16 04:05:50.658 [INFO    ] orchestrator: engine produced: signals_summary_1776301550.json
2026-04-16 04:05:50.658 [INFO    ] orchestrator: cleaned up old summary: signals_summary_1776292489.json
2026-04-16 04:05:50.660 [INFO    ] orchestrator: ranked 20 signals — top candidates:
2026-04-16 04:05:50.660 [INFO    ] orchestrator:   #1 DOWN  score=  5.10  GOLDEN  folds=6/6  WR=93.5%  consWR=90.5%  entry=$0.85  ev=$0.0538
2026-04-16 04:05:50.661 [INFO    ] orchestrator:   #2 DOWN  score=  5.01  BRONZE  folds=4/6  WR=95.8%  consWR=92.8%  entry=$0.84  ev=$0.0908
2026-04-16 04:05:50.661 [INFO    ] orchestrator:   #3 DOWN  score=  4.92  SILVER  folds=5/6  WR=100.0%  consWR=97.0%  entry=$0.92  ev=$0.0517
2026-04-16 04:05:50.661 [INFO    ] orchestrator:   #4 DOWN  score=  4.69  SILVER  folds=5/6  WR=93.8%  consWR=90.8%  entry=$0.84  ev=$0.0719
2026-04-16 04:05:50.661 [INFO    ] orchestrator:   #5 DOWN  score=  3.79  SILVER  folds=5/6  WR=94.0%  consWR=91.0%  entry=$0.85  ev=$0.0594
2026-04-16 04:05:50.825 [INFO    ] orchestrator: identity dedupe: pulled 5 paper fire(s) from bot
2026-04-16 04:05:50.826 [INFO    ] orchestrator: DELIVERING GOLDEN signal: #1 Down [290s->150s] d>=0.09% v<=0.05%
2026-04-16 04:05:50.826 [INFO    ] orchestrator:   score=5.10  WR=93.5%  consWR=90.5%  entry=$0.85  ev=$0.0538  folds=[2, 3, 4, 5, 6, 7]
2026-04-16 04:05:50.990 [INFO    ] shared.ipc: IPC: signal delivered successfully (authenticated ack)
2026-04-16 04:05:50.991 [INFO    ] orchestrator: golden signal delivered to bot
2026-04-16 04:20:50.992 [INFO    ] orchestrator: --- cycle start [01:20:50 UTC] ---
2026-04-16 04:20:51.000 [INFO    ] orchestrator: data quality check passed: 600 windows available
2026-04-16 04:20:51.000 [INFO    ] orchestrator: starting engine: C:\Users\operator\Desktop\PolySignalLab\PolySignalEngine\build\Release\PolySignalEngine.exe C:\Users\operator\Desktop\PolySignalLab\PolyDataCollector\data --output-dir C:\Users\operator\Desktop\PolySignalLab\engine_output
2026-04-16 04:20:56.722 [INFO    ] orchestrator: engine: ==========================================================
2026-04-16 04:20:56.723 [INFO    ] orchestrator: engine:   SUMMARY
2026-04-16 04:20:56.723 [INFO    ] orchestrator: engine: ==========================================================
2026-04-16 04:20:56.723 [INFO    ] orchestrator: engine:   Total windows:         600 (294 UP, 306 DOWN)
2026-04-16 04:20:56.724 [INFO    ] orchestrator: engine:   Walk-forward folds:    8 (6 test iterations)
2026-04-16 04:20:56.724 [INFO    ] orchestrator: engine:   OOS base rate:         48.7% UP (450 test windows total)
2026-04-16 04:20:56.725 [INFO    ] orchestrator: engine:   Configs swept:         150480
2026-04-16 04:20:56.725 [INFO    ] orchestrator: engine:   Viable WF-OOS signals: 115
2026-04-16 04:20:56.725 [INFO    ] orchestrator: engine:   Compute time:          4.42s
2026-04-16 04:20:56.726 [INFO    ] orchestrator: engine: ==========================================================
2026-04-16 04:20:56.727 [INFO    ] orchestrator: engine produced: signals_summary_1776302456.json
2026-04-16 04:20:56.727 [INFO    ] orchestrator: cleaned up old summary: signals_summary_1776293395.json
2026-04-16 04:20:56.728 [INFO    ] orchestrator: ranked 20 signals — top candidates:
2026-04-16 04:20:56.729 [INFO    ] orchestrator:   #1 DOWN  score=  5.36  BRONZE  folds=3/6  WR=100.0%  consWR=97.0%  entry=$0.89  ev=$0.0751
2026-04-16 04:20:56.729 [INFO    ] orchestrator:   #2 DOWN  score=  4.17  BRONZE  folds=3/6  WR=95.6%  consWR=92.6%  entry=$0.84  ev=$0.0838
2026-04-16 04:20:56.730 [INFO    ] orchestrator:   #3 DOWN  score=  3.76  BRONZE  folds=4/6  WR=94.3%  consWR=91.3%  entry=$0.85  ev=$0.0594
2026-04-16 04:20:56.730 [INFO    ] orchestrator:   #4 DOWN  score=  3.62  SILVER  folds=5/6  WR=97.1%  consWR=94.1%  entry=$0.90  ev=$0.0403
2026-04-16 04:20:56.731 [INFO    ] orchestrator:   #5 DOWN  score=  3.58  BRONZE  folds=4/6  WR=89.7%  consWR=86.7%  entry=$0.81  ev=$0.0579
2026-04-16 04:20:56.896 [INFO    ] orchestrator: identity dedupe: pulled 5 paper fire(s) from bot
2026-04-16 04:20:56.897 [INFO    ] orchestrator: DELIVERING BRONZE signal: #1 Down [280s->110s] d>=0.07% v<=0.05%
2026-04-16 04:20:56.897 [INFO    ] orchestrator:   score=5.36  WR=100.0%  consWR=97.0%  entry=$0.89  ev=$0.0751  folds=[5, 6, 7]
2026-04-16 04:20:57.062 [INFO    ] shared.ipc: IPC: signal delivered successfully (authenticated ack)
2026-04-16 04:20:57.062 [INFO    ] orchestrator: bronze signal delivered to bot
2026-04-16 04:35:57.065 [INFO    ] orchestrator: --- cycle start [01:35:57 UTC] ---
2026-04-16 04:35:57.075 [INFO    ] orchestrator: data quality check passed: 600 windows available
2026-04-16 04:35:57.076 [INFO    ] orchestrator: starting engine: C:\Users\operator\Desktop\PolySignalLab\PolySignalEngine\build\Release\PolySignalEngine.exe C:\Users\operator\Desktop\PolySignalLab\PolyDataCollector\data --output-dir C:\Users\operator\Desktop\PolySignalLab\engine_output
2026-04-16 04:36:02.653 [INFO    ] orchestrator: engine: ==========================================================
2026-04-16 04:36:02.654 [INFO    ] orchestrator: engine:   SUMMARY
2026-04-16 04:36:02.654 [INFO    ] orchestrator: engine: ==========================================================
2026-04-16 04:36:02.655 [INFO    ] orchestrator: engine:   Total windows:         600 (295 UP, 305 DOWN)
2026-04-16 04:36:02.655 [INFO    ] orchestrator: engine:   Walk-forward folds:    8 (6 test iterations)
2026-04-16 04:36:02.655 [INFO    ] orchestrator: engine:   OOS base rate:         48.7% UP (450 test windows total)
2026-04-16 04:36:02.655 [INFO    ] orchestrator: engine:   Configs swept:         150480
2026-04-16 04:36:02.656 [INFO    ] orchestrator: engine:   Viable WF-OOS signals: 108
2026-04-16 04:36:02.656 [INFO    ] orchestrator: engine:   Compute time:          4.31s
2026-04-16 04:36:02.656 [INFO    ] orchestrator: engine: ==========================================================
2026-04-16 04:36:02.657 [INFO    ] orchestrator: engine produced: signals_summary_1776303362.json
2026-04-16 04:36:02.658 [INFO    ] orchestrator: cleaned up old summary: signals_summary_1776294301.json
2026-04-16 04:36:02.659 [INFO    ] orchestrator: ranked 20 signals — top candidates:
2026-04-16 04:36:02.659 [INFO    ] orchestrator:   #1 DOWN  score=  4.67  SILVER  folds=5/6  WR=95.9%  consWR=92.9%  entry=$0.88  ev=$0.0516
2026-04-16 04:36:02.660 [INFO    ] orchestrator:   #2 DOWN  score=  4.47  BRONZE  folds=3/6  WR=100.0%  consWR=97.0%  entry=$0.91  ev=$0.0626
2026-04-16 04:36:02.660 [INFO    ] orchestrator:   #3 DOWN  score=  4.04  BRONZE  folds=4/6  WR=96.4%  consWR=93.4%  entry=$0.89  ev=$0.0493
2026-04-16 04:36:02.660 [INFO    ] orchestrator:   #4 DOWN  score=  3.86  BRONZE  folds=3/6  WR=95.3%  consWR=92.3%  entry=$0.82  ev=$0.1044
2026-04-16 04:36:02.661 [INFO    ] orchestrator:   #5 DOWN  score=  3.70  BRONZE  folds=2/6  WR=95.7%  consWR=92.7%  entry=$0.83  ev=$0.1009
2026-04-16 04:36:02.827 [INFO    ] orchestrator: identity dedupe: pulled 5 paper fire(s) from bot
2026-04-16 04:36:02.827 [INFO    ] orchestrator: DELIVERING SILVER signal: #1 Down [290s->160s] d>=0.11% v<=0.05%
2026-04-16 04:36:02.828 [INFO    ] orchestrator:   score=4.67  WR=95.9%  consWR=92.9%  entry=$0.88  ev=$0.0516  folds=[3, 4, 5, 6, 7]
2026-04-16 04:36:02.997 [INFO    ] shared.ipc: IPC: signal delivered successfully (authenticated ack)
2026-04-16 04:36:02.997 [INFO    ] orchestrator: silver signal delivered to bot
2026-04-16 04:51:03.006 [INFO    ] orchestrator: --- cycle start [01:51:03 UTC] ---
2026-04-16 04:51:03.013 [INFO    ] orchestrator: data quality check passed: 600 windows available
2026-04-16 04:51:03.014 [INFO    ] orchestrator: starting engine: C:\Users\operator\Desktop\PolySignalLab\PolySignalEngine\build\Release\PolySignalEngine.exe C:\Users\operator\Desktop\PolySignalLab\PolyDataCollector\data --output-dir C:\Users\operator\Desktop\PolySignalLab\engine_output
2026-04-16 04:51:08.473 [INFO    ] orchestrator: engine: ==========================================================
2026-04-16 04:51:08.474 [INFO    ] orchestrator: engine:   SUMMARY
2026-04-16 04:51:08.474 [INFO    ] orchestrator: engine: ==========================================================
2026-04-16 04:51:08.475 [INFO    ] orchestrator: engine:   Total windows:         600 (295 UP, 305 DOWN)
2026-04-16 04:51:08.475 [INFO    ] orchestrator: engine:   Walk-forward folds:    8 (6 test iterations)
2026-04-16 04:51:08.475 [INFO    ] orchestrator: engine:   OOS base rate:         48.7% UP (450 test windows total)
2026-04-16 04:51:08.476 [INFO    ] orchestrator: engine:   Configs swept:         150480
2026-04-16 04:51:08.476 [INFO    ] orchestrator: engine:   Viable WF-OOS signals: 98
2026-04-16 04:51:08.477 [INFO    ] orchestrator: engine:   Compute time:          4.16s
2026-04-16 04:51:08.477 [INFO    ] orchestrator: engine: ==========================================================
2026-04-16 04:51:08.478 [INFO    ] orchestrator: engine produced: signals_summary_1776304268.json
2026-04-16 04:51:08.479 [INFO    ] orchestrator: cleaned up old summary: signals_summary_1776295207.json
2026-04-16 04:51:08.480 [INFO    ] orchestrator: ranked 20 signals — top candidates:
2026-04-16 04:51:08.480 [INFO    ] orchestrator:   #1 DOWN  score=  4.76  SILVER  folds=5/6  WR=96.0%  consWR=93.0%  entry=$0.88  ev=$0.0530
2026-04-16 04:51:08.481 [INFO    ] orchestrator:   #2 DOWN  score=  4.51  BRONZE  folds=4/6  WR=100.0%  consWR=97.0%  entry=$0.90  ev=$0.0677
2026-04-16 04:51:08.481 [INFO    ] orchestrator:   #3 DOWN  score=  3.97  BRONZE  folds=2/6  WR=100.0%  consWR=97.0%  entry=$0.87  ev=$0.1041
2026-04-16 04:51:08.481 [INFO    ] orchestrator:   #4 DOWN  score=  3.62  SILVER  folds=5/6  WR=97.1%  consWR=94.1%  entry=$0.90  ev=$0.0403
2026-04-16 04:51:08.482 [INFO    ] orchestrator:   #5 DOWN  score=  3.35  BRONZE  folds=4/6  WR=97.1%  consWR=94.1%  entry=$0.90  ev=$0.0434
2026-04-16 04:51:08.647 [INFO    ] orchestrator: identity dedupe: pulled 5 paper fire(s) from bot
2026-04-16 04:51:08.647 [INFO    ] orchestrator: DELIVERING SILVER signal: #1 Down [290s->160s] d>=0.11% v<=0.05%
2026-04-16 04:51:08.648 [INFO    ] orchestrator:   score=4.76  WR=96.0%  consWR=93.0%  entry=$0.88  ev=$0.0530  folds=[3, 4, 5, 6, 7]
2026-04-16 04:51:08.811 [INFO    ] shared.ipc: IPC: signal delivered successfully (authenticated ack)
2026-04-16 04:51:08.811 [INFO    ] orchestrator: silver signal delivered to bot
2026-04-16 05:06:08.826 [INFO    ] orchestrator: --- cycle start [02:06:08 UTC] ---
2026-04-16 05:06:08.833 [INFO    ] orchestrator: data quality check passed: 600 windows available
2026-04-16 05:06:08.834 [INFO    ] orchestrator: starting engine: C:\Users\operator\Desktop\PolySignalLab\PolySignalEngine\build\Release\PolySignalEngine.exe C:\Users\operator\Desktop\PolySignalLab\PolyDataCollector\data --output-dir C:\Users\operator\Desktop\PolySignalLab\engine_output
2026-04-16 05:06:14.251 [INFO    ] orchestrator: engine: ==========================================================
2026-04-16 05:06:14.252 [INFO    ] orchestrator: engine:   SUMMARY
2026-04-16 05:06:14.252 [INFO    ] orchestrator: engine: ==========================================================
2026-04-16 05:06:14.253 [INFO    ] orchestrator: engine:   Total windows:         600 (297 UP, 303 DOWN)
2026-04-16 05:06:14.253 [INFO    ] orchestrator: engine:   Walk-forward folds:    8 (6 test iterations)
2026-04-16 05:06:14.253 [INFO    ] orchestrator: engine:   OOS base rate:         48.9% UP (450 test windows total)
2026-04-16 05:06:14.253 [INFO    ] orchestrator: engine:   Configs swept:         150480
2026-04-16 05:06:14.254 [INFO    ] orchestrator: engine:   Viable WF-OOS signals: 97
2026-04-16 05:06:14.254 [INFO    ] orchestrator: engine:   Compute time:          4.14s
2026-04-16 05:06:14.254 [INFO    ] orchestrator: engine: ==========================================================
2026-04-16 05:06:14.255 [INFO    ] orchestrator: engine produced: signals_summary_1776305174.json
2026-04-16 05:06:14.256 [INFO    ] orchestrator: cleaned up old summary: signals_summary_1776296113.json
2026-04-16 05:06:14.256 [INFO    ] orchestrator: ranked 20 signals — top candidates:
2026-04-16 05:06:14.257 [INFO    ] orchestrator:   #1 DOWN  score=  4.76  SILVER  folds=5/6  WR=96.0%  consWR=93.0%  entry=$0.88  ev=$0.0530
2026-04-16 05:06:14.257 [INFO    ] orchestrator:   #2 DOWN  score=  4.62  BRONZE  folds=4/6  WR=100.0%  consWR=97.0%  entry=$0.90  ev=$0.0692
2026-04-16 05:06:14.257 [INFO    ] orchestrator:   #3 DOWN  score=  4.28  GOLDEN  folds=6/6  WR=93.9%  consWR=90.9%  entry=$0.86  ev=$0.0462
2026-04-16 05:06:14.258 [INFO    ] orchestrator:   #4 DOWN  score=  3.59  SILVER  folds=5/6  WR=97.1%  consWR=94.1%  entry=$0.90  ev=$0.0403
2026-04-16 05:06:14.258 [INFO    ] orchestrator:   #5 DOWN  score=  3.13  BRONZE  folds=3/6  WR=92.0%  consWR=89.0%  entry=$0.84  ev=$0.0540
2026-04-16 05:06:14.425 [INFO    ] orchestrator: identity dedupe: pulled 5 paper fire(s) from bot
2026-04-16 05:06:14.425 [INFO    ] orchestrator: DELIVERING SILVER signal: #1 Down [290s->160s] d>=0.11% v<=0.05%
2026-04-16 05:06:14.426 [INFO    ] orchestrator:   score=4.76  WR=96.0%  consWR=93.0%  entry=$0.88  ev=$0.0530  folds=[3, 4, 5, 6, 7]
2026-04-16 05:06:14.591 [INFO    ] shared.ipc: IPC: signal delivered successfully (authenticated ack)
2026-04-16 05:06:14.591 [INFO    ] orchestrator: silver signal delivered to bot
2026-04-16 05:21:14.603 [INFO    ] orchestrator: --- cycle start [02:21:14 UTC] ---
2026-04-16 05:21:14.611 [INFO    ] orchestrator: data quality check passed: 600 windows available
2026-04-16 05:21:14.611 [INFO    ] orchestrator: starting engine: C:\Users\operator\Desktop\PolySignalLab\PolySignalEngine\build\Release\PolySignalEngine.exe C:\Users\operator\Desktop\PolySignalLab\PolyDataCollector\data --output-dir C:\Users\operator\Desktop\PolySignalLab\engine_output
2026-04-16 05:21:20.241 [INFO    ] orchestrator: engine: ==========================================================
2026-04-16 05:21:20.242 [INFO    ] orchestrator: engine:   SUMMARY
2026-04-16 05:21:20.242 [INFO    ] orchestrator: engine: ==========================================================
2026-04-16 05:21:20.243 [INFO    ] orchestrator: engine:   Total windows:         600 (297 UP, 303 DOWN)
2026-04-16 05:21:20.243 [INFO    ] orchestrator: engine:   Walk-forward folds:    8 (6 test iterations)
2026-04-16 05:21:20.243 [INFO    ] orchestrator: engine:   OOS base rate:         48.9% UP (450 test windows total)
2026-04-16 05:21:20.244 [INFO    ] orchestrator: engine:   Configs swept:         150480
2026-04-16 05:21:20.244 [INFO    ] orchestrator: engine:   Viable WF-OOS signals: 101
2026-04-16 05:21:20.244 [INFO    ] orchestrator: engine:   Compute time:          4.34s
2026-04-16 05:21:20.244 [INFO    ] orchestrator: engine: ==========================================================
2026-04-16 05:21:20.245 [INFO    ] orchestrator: engine produced: signals_summary_1776306080.json
2026-04-16 05:21:20.246 [INFO    ] orchestrator: cleaned up old summary: signals_summary_1776297019.json
2026-04-16 05:21:20.247 [INFO    ] orchestrator: ranked 20 signals — top candidates:
2026-04-16 05:21:20.248 [INFO    ] orchestrator:   #1 DOWN  score=  4.81  SILVER  folds=5/6  WR=96.0%  consWR=93.0%  entry=$0.88  ev=$0.0530
2026-04-16 05:21:20.248 [INFO    ] orchestrator:   #2 DOWN  score=  4.32  GOLDEN  folds=6/6  WR=93.8%  consWR=90.8%  entry=$0.86  ev=$0.0462
2026-04-16 05:21:20.248 [INFO    ] orchestrator:   #3 DOWN  score=  4.01  BRONZE  folds=3/6  WR=97.6%  consWR=94.6%  entry=$0.87  ev=$0.0798
2026-04-16 05:21:20.249 [INFO    ] orchestrator:   #4 DOWN  score=  4.01  BRONZE  folds=2/6  WR=100.0%  consWR=97.0%  entry=$0.86  ev=$0.1053
2026-04-16 05:21:20.249 [INFO    ] orchestrator:   #5 DOWN  score=  3.96  BRONZE  folds=2/6  WR=100.0%  consWR=97.0%  entry=$0.89  ev=$0.0756
2026-04-16 05:21:20.413 [INFO    ] orchestrator: identity dedupe: pulled 5 paper fire(s) from bot
2026-04-16 05:21:20.414 [INFO    ] orchestrator: identity dedupe: down_290.0_160.0_0.11_0.05 has been top for 4 cycles but no paper fire history yet — no suppression
2026-04-16 05:21:20.414 [INFO    ] orchestrator: DELIVERING SILVER signal: #1 Down [290s->160s] d>=0.11% v<=0.05%
2026-04-16 05:21:20.415 [INFO    ] orchestrator:   score=4.81  WR=96.0%  consWR=93.0%  entry=$0.88  ev=$0.0530  folds=[3, 4, 5, 6, 7]
2026-04-16 05:21:20.580 [INFO    ] shared.ipc: IPC: signal delivered successfully (authenticated ack)
2026-04-16 05:21:20.581 [INFO    ] orchestrator: silver signal delivered to bot
2026-04-16 05:36:20.587 [INFO    ] orchestrator: --- cycle start [02:36:20 UTC] ---
2026-04-16 05:36:20.593 [INFO    ] orchestrator: data quality check passed: 600 windows available
2026-04-16 05:36:20.594 [INFO    ] orchestrator: starting engine: C:\Users\operator\Desktop\PolySignalLab\PolySignalEngine\build\Release\PolySignalEngine.exe C:\Users\operator\Desktop\PolySignalLab\PolyDataCollector\data --output-dir C:\Users\operator\Desktop\PolySignalLab\engine_output
2026-04-16 05:36:26.125 [INFO    ] orchestrator: engine: ==========================================================
2026-04-16 05:36:26.125 [INFO    ] orchestrator: engine:   SUMMARY
2026-04-16 05:36:26.125 [INFO    ] orchestrator: engine: ==========================================================
2026-04-16 05:36:26.126 [INFO    ] orchestrator: engine:   Total windows:         600 (297 UP, 303 DOWN)
2026-04-16 05:36:26.126 [INFO    ] orchestrator: engine:   Walk-forward folds:    8 (6 test iterations)
2026-04-16 05:36:26.126 [INFO    ] orchestrator: engine:   OOS base rate:         49.1% UP (450 test windows total)
2026-04-16 05:36:26.127 [INFO    ] orchestrator: engine:   Configs swept:         150480
2026-04-16 05:36:26.127 [INFO    ] orchestrator: engine:   Viable WF-OOS signals: 109
2026-04-16 05:36:26.127 [INFO    ] orchestrator: engine:   Compute time:          4.26s
2026-04-16 05:36:26.128 [INFO    ] orchestrator: engine: ==========================================================
2026-04-16 05:36:26.129 [INFO    ] orchestrator: engine produced: signals_summary_1776306986.json
2026-04-16 05:36:26.129 [INFO    ] orchestrator: cleaned up old summary: signals_summary_1776297926.json
2026-04-16 05:36:26.130 [INFO    ] orchestrator: ranked 20 signals — top candidates:
2026-04-16 05:36:26.130 [INFO    ] orchestrator:   #1 DOWN  score=  5.21  GOLDEN  folds=6/6  WR=93.4%  consWR=90.4%  entry=$0.85  ev=$0.0557
2026-04-16 05:36:26.131 [INFO    ] orchestrator:   #2 DOWN  score=  4.29  SILVER  folds=5/6  WR=92.1%  consWR=89.1%  entry=$0.84  ev=$0.0489
2026-04-16 05:36:26.131 [INFO    ] orchestrator:   #3 DOWN  score=  3.91  BRONZE  folds=3/6  WR=97.7%  consWR=94.7%  entry=$0.87  ev=$0.0774
2026-04-16 05:36:26.131 [INFO    ] orchestrator:   #4 DOWN  score=  3.74  BRONZE  folds=2/6  WR=100.0%  consWR=97.0%  entry=$0.89  ev=$0.0785
2026-04-16 05:36:26.132 [INFO    ] orchestrator:   #5 DOWN  score=  3.57  BRONZE  folds=2/6  WR=100.0%  consWR=97.0%  entry=$0.90  ev=$0.0750
2026-04-16 05:36:26.296 [INFO    ] orchestrator: identity dedupe: pulled 5 paper fire(s) from bot
2026-04-16 05:36:26.297 [INFO    ] orchestrator: DELIVERING GOLDEN signal: #1 Down [290s->150s] d>=0.09% v<=0.05%
2026-04-16 05:36:26.297 [INFO    ] orchestrator:   score=5.21  WR=93.4%  consWR=90.4%  entry=$0.85  ev=$0.0557  folds=[2, 3, 4, 5, 6, 7]
2026-04-16 05:36:26.462 [INFO    ] shared.ipc: IPC: signal delivered successfully (authenticated ack)
2026-04-16 05:36:26.463 [INFO    ] orchestrator: golden signal delivered to bot
2026-04-16 05:51:26.478 [INFO    ] orchestrator: --- cycle start [02:51:26 UTC] ---
2026-04-16 05:51:26.488 [INFO    ] orchestrator: data quality check passed: 600 windows available
2026-04-16 05:51:26.489 [INFO    ] orchestrator: starting engine: C:\Users\operator\Desktop\PolySignalLab\PolySignalEngine\build\Release\PolySignalEngine.exe C:\Users\operator\Desktop\PolySignalLab\PolyDataCollector\data --output-dir C:\Users\operator\Desktop\PolySignalLab\engine_output
2026-04-16 05:51:32.054 [INFO    ] orchestrator: engine: ==========================================================
2026-04-16 05:51:32.055 [INFO    ] orchestrator: engine:   SUMMARY
2026-04-16 05:51:32.055 [INFO    ] orchestrator: engine: ==========================================================
2026-04-16 05:51:32.055 [INFO    ] orchestrator: engine:   Total windows:         600 (300 UP, 300 DOWN)
2026-04-16 05:51:32.056 [INFO    ] orchestrator: engine:   Walk-forward folds:    8 (6 test iterations)
2026-04-16 05:51:32.056 [INFO    ] orchestrator: engine:   OOS base rate:         49.1% UP (450 test windows total)
2026-04-16 05:51:32.057 [INFO    ] orchestrator: engine:   Configs swept:         150480
2026-04-16 05:51:32.057 [INFO    ] orchestrator: engine:   Viable WF-OOS signals: 105
2026-04-16 05:51:32.057 [INFO    ] orchestrator: engine:   Compute time:          4.23s
2026-04-16 05:51:32.057 [INFO    ] orchestrator: engine: ==========================================================
2026-04-16 05:51:32.058 [INFO    ] orchestrator: engine produced: signals_summary_1776307892.json
2026-04-16 05:51:32.059 [INFO    ] orchestrator: cleaned up old summary: signals_summary_1776298832.json
2026-04-16 05:51:32.060 [INFO    ] orchestrator: ranked 20 signals — top candidates:
2026-04-16 05:51:32.060 [INFO    ] orchestrator:   #1 DOWN  score=  4.76  SILVER  folds=5/6  WR=96.0%  consWR=93.0%  entry=$0.88  ev=$0.0530
2026-04-16 05:51:32.061 [INFO    ] orchestrator:   #2 DOWN  score=  4.51  SILVER  folds=5/6  WR=96.2%  consWR=93.2%  entry=$0.88  ev=$0.0519
2026-04-16 05:51:32.061 [INFO    ] orchestrator:   #3 DOWN  score=  4.29  SILVER  folds=5/6  WR=92.1%  consWR=89.1%  entry=$0.84  ev=$0.0489
2026-04-16 05:51:32.061 [INFO    ] orchestrator:   #4 DOWN  score=  4.04  SILVER  folds=5/6  WR=93.8%  consWR=90.8%  entry=$0.85  ev=$0.0597
2026-04-16 05:51:32.062 [INFO    ] orchestrator:   #5 DOWN  score=  3.86  BRONZE  folds=4/6  WR=96.3%  consWR=93.3%  entry=$0.89  ev=$0.0478
2026-04-16 05:51:32.227 [INFO    ] orchestrator: identity dedupe: pulled 5 paper fire(s) from bot
2026-04-16 05:51:32.228 [INFO    ] orchestrator: DELIVERING SILVER signal: #1 Down [290s->160s] d>=0.11% v<=0.05%
2026-04-16 05:51:32.228 [INFO    ] orchestrator:   score=4.76  WR=96.0%  consWR=93.0%  entry=$0.88  ev=$0.0530  folds=[3, 4, 5, 6, 7]
2026-04-16 05:51:32.392 [INFO    ] shared.ipc: IPC: signal delivered successfully (authenticated ack)
2026-04-16 05:51:32.393 [INFO    ] orchestrator: silver signal delivered to bot
2026-04-16 06:06:32.407 [INFO    ] orchestrator: --- cycle start [03:06:32 UTC] ---
2026-04-16 06:06:32.414 [INFO    ] orchestrator: data quality check passed: 600 windows available
2026-04-16 06:06:32.415 [INFO    ] orchestrator: starting engine: C:\Users\operator\Desktop\PolySignalLab\PolySignalEngine\build\Release\PolySignalEngine.exe C:\Users\operator\Desktop\PolySignalLab\PolyDataCollector\data --output-dir C:\Users\operator\Desktop\PolySignalLab\engine_output
2026-04-16 06:06:38.227 [INFO    ] orchestrator: engine: ==========================================================
2026-04-16 06:06:38.228 [INFO    ] orchestrator: engine:   SUMMARY
2026-04-16 06:06:38.228 [INFO    ] orchestrator: engine: ==========================================================
2026-04-16 06:06:38.228 [INFO    ] orchestrator: engine:   Total windows:         600 (298 UP, 302 DOWN)
2026-04-16 06:06:38.229 [INFO    ] orchestrator: engine:   Walk-forward folds:    8 (6 test iterations)
2026-04-16 06:06:38.229 [INFO    ] orchestrator: engine:   OOS base rate:         48.9% UP (450 test windows total)
2026-04-16 06:06:38.229 [INFO    ] orchestrator: engine:   Configs swept:         150480
2026-04-16 06:06:38.230 [INFO    ] orchestrator: engine:   Viable WF-OOS signals: 118
2026-04-16 06:06:38.230 [INFO    ] orchestrator: engine:   Compute time:          4.41s
2026-04-16 06:06:38.230 [INFO    ] orchestrator: engine: ==========================================================
2026-04-16 06:06:38.231 [INFO    ] orchestrator: engine produced: signals_summary_1776308798.json
2026-04-16 06:06:38.232 [INFO    ] orchestrator: cleaned up old summary: signals_summary_1776299738.json
2026-04-16 06:06:38.233 [INFO    ] orchestrator: ranked 20 signals — top candidates:
2026-04-16 06:06:38.233 [INFO    ] orchestrator:   #1 DOWN  score=  5.51  BRONZE  folds=4/6  WR=96.9%  consWR=93.9%  entry=$0.87  ev=$0.0672
2026-04-16 06:06:38.234 [INFO    ] orchestrator:   #2 DOWN  score=  4.82  SILVER  folds=5/6  WR=93.0%  consWR=90.0%  entry=$0.85  ev=$0.0541
2026-04-16 06:06:38.234 [INFO    ] orchestrator:   #3 DOWN  score=  4.49  SILVER  folds=5/6  WR=94.7%  consWR=91.7%  entry=$0.87  ev=$0.0495
2026-04-16 06:06:38.234 [INFO    ] orchestrator:   #4 DOWN  score=  4.34  SILVER  folds=5/6  WR=95.9%  consWR=92.9%  entry=$0.88  ev=$0.0484
2026-04-16 06:06:38.235 [INFO    ] orchestrator:   #5 DOWN  score=  3.82  SILVER  folds=5/6  WR=94.5%  consWR=91.5%  entry=$0.86  ev=$0.0564
2026-04-16 06:06:38.397 [INFO    ] orchestrator: identity dedupe: pulled 5 paper fire(s) from bot
2026-04-16 06:06:38.398 [INFO    ] orchestrator: DELIVERING BRONZE signal: #1 Down [230s->200s] d>=0.1% v<=0.1%
2026-04-16 06:06:38.398 [INFO    ] orchestrator:   score=5.51  WR=96.9%  consWR=93.9%  entry=$0.87  ev=$0.0672  folds=[4, 5, 6, 7]
2026-04-16 06:06:38.562 [INFO    ] shared.ipc: IPC: signal delivered successfully (authenticated ack)
2026-04-16 06:06:38.563 [INFO    ] orchestrator: bronze signal delivered to bot
2026-04-16 06:21:38.578 [INFO    ] orchestrator: --- cycle start [03:21:38 UTC] ---
2026-04-16 06:21:38.586 [INFO    ] orchestrator: data quality check passed: 600 windows available
2026-04-16 06:21:38.587 [INFO    ] orchestrator: starting engine: C:\Users\operator\Desktop\PolySignalLab\PolySignalEngine\build\Release\PolySignalEngine.exe C:\Users\operator\Desktop\PolySignalLab\PolyDataCollector\data --output-dir C:\Users\operator\Desktop\PolySignalLab\engine_output
2026-04-16 06:21:44.365 [INFO    ] orchestrator: engine: ==========================================================
2026-04-16 06:21:44.365 [INFO    ] orchestrator: engine:   SUMMARY
2026-04-16 06:21:44.365 [INFO    ] orchestrator: engine: ==========================================================
2026-04-16 06:21:44.366 [INFO    ] orchestrator: engine:   Total windows:         600 (298 UP, 302 DOWN)
2026-04-16 06:21:44.366 [INFO    ] orchestrator: engine:   Walk-forward folds:    8 (6 test iterations)
2026-04-16 06:21:44.366 [INFO    ] orchestrator: engine:   OOS base rate:         48.9% UP (450 test windows total)
2026-04-16 06:21:44.367 [INFO    ] orchestrator: engine:   Configs swept:         150480
2026-04-16 06:21:44.367 [INFO    ] orchestrator: engine:   Viable WF-OOS signals: 117
2026-04-16 06:21:44.367 [INFO    ] orchestrator: engine:   Compute time:          4.46s
2026-04-16 06:21:44.367 [INFO    ] orchestrator: engine: ==========================================================
2026-04-16 06:21:44.369 [INFO    ] orchestrator: engine produced: signals_summary_1776309704.json
2026-04-16 06:21:44.369 [INFO    ] orchestrator: cleaned up old summary: signals_summary_1776300644.json
2026-04-16 06:21:44.370 [INFO    ] orchestrator: ranked 20 signals — top candidates:
2026-04-16 06:21:44.370 [INFO    ] orchestrator:   #1 DOWN  score=  8.00  SILVER  folds=5/6  WR=100.0%  consWR=97.0%  entry=$0.89  ev=$0.0840
2026-04-16 06:21:44.370 [INFO    ] orchestrator:   #2 DOWN  score=  4.82  SILVER  folds=5/6  WR=93.0%  consWR=90.0%  entry=$0.85  ev=$0.0541
2026-04-16 06:21:44.371 [INFO    ] orchestrator:   #3 DOWN  score=  4.19  SILVER  folds=5/6  WR=94.4%  consWR=91.4%  entry=$0.87  ev=$0.0467
2026-04-16 06:21:44.371 [INFO    ] orchestrator:   #4 DOWN  score=  3.70  SILVER  folds=5/6  WR=100.0%  consWR=97.0%  entry=$0.93  ev=$0.0389
2026-04-16 06:21:44.371 [INFO    ] orchestrator:   #5 DOWN  score=  3.66  BRONZE  folds=3/6  WR=98.4%  consWR=95.4%  entry=$0.90  ev=$0.0524
2026-04-16 06:21:44.536 [INFO    ] orchestrator: identity dedupe: pulled 5 paper fire(s) from bot
2026-04-16 06:21:44.537 [INFO    ] orchestrator: DELIVERING SILVER signal: #1 Down [240s->210s] d>=0.12% v<=0.1%
2026-04-16 06:21:44.537 [INFO    ] orchestrator:   score=8.00  WR=100.0%  consWR=97.0%  entry=$0.89  ev=$0.0840  folds=[3, 4, 5, 6, 7]
2026-04-16 06:21:44.700 [INFO    ] shared.ipc: IPC: signal delivered successfully (authenticated ack)
2026-04-16 06:21:44.701 [INFO    ] orchestrator: silver signal delivered to bot
2026-04-16 06:36:44.710 [INFO    ] orchestrator: --- cycle start [03:36:44 UTC] ---
2026-04-16 06:36:44.717 [INFO    ] orchestrator: data quality check passed: 600 windows available
2026-04-16 06:36:44.718 [INFO    ] orchestrator: starting engine: C:\Users\operator\Desktop\PolySignalLab\PolySignalEngine\build\Release\PolySignalEngine.exe C:\Users\operator\Desktop\PolySignalLab\PolyDataCollector\data --output-dir C:\Users\operator\Desktop\PolySignalLab\engine_output
2026-04-16 06:36:50.436 [INFO    ] orchestrator: engine: ==========================================================
2026-04-16 06:36:50.436 [INFO    ] orchestrator: engine:   SUMMARY
2026-04-16 06:36:50.437 [INFO    ] orchestrator: engine: ==========================================================
2026-04-16 06:36:50.437 [INFO    ] orchestrator: engine:   Total windows:         600 (296 UP, 304 DOWN)
2026-04-16 06:36:50.437 [INFO    ] orchestrator: engine:   Walk-forward folds:    8 (6 test iterations)
2026-04-16 06:36:50.438 [INFO    ] orchestrator: engine:   OOS base rate:         48.7% UP (450 test windows total)
2026-04-16 06:36:50.438 [INFO    ] orchestrator: engine:   Configs swept:         150480
2026-04-16 06:36:50.438 [INFO    ] orchestrator: engine:   Viable WF-OOS signals: 109
2026-04-16 06:36:50.439 [INFO    ] orchestrator: engine:   Compute time:          4.40s
2026-04-16 06:36:50.439 [INFO    ] orchestrator: engine: ==========================================================
2026-04-16 06:36:50.440 [INFO    ] orchestrator: engine produced: signals_summary_1776310610.json
2026-04-16 06:36:50.440 [INFO    ] orchestrator: cleaned up old summary: signals_summary_1776301550.json
2026-04-16 06:36:50.441 [INFO    ] orchestrator: ranked 20 signals — top candidates:
2026-04-16 06:36:50.441 [INFO    ] orchestrator:   #1 DOWN  score=  8.00  SILVER  folds=5/6  WR=100.0%  consWR=97.0%  entry=$0.89  ev=$0.0840
2026-04-16 06:36:50.442 [INFO    ] orchestrator:   #2 DOWN  score=  4.87  SILVER  folds=5/6  WR=93.0%  consWR=90.0%  entry=$0.85  ev=$0.0548
2026-04-16 06:36:50.442 [INFO    ] orchestrator:   #3 DOWN  score=  4.16  SILVER  folds=5/6  WR=94.4%  consWR=91.4%  entry=$0.87  ev=$0.0467
2026-04-16 06:36:50.443 [INFO    ] orchestrator:   #4 DOWN  score=  4.08  SILVER  folds=5/6  WR=84.2%  consWR=81.2%  entry=$0.76  ev=$0.0490
2026-04-16 06:36:50.443 [INFO    ] orchestrator:   #5 DOWN  score=  3.87  BRONZE  folds=4/6  WR=100.0%  consWR=97.0%  entry=$0.92  ev=$0.0508
2026-04-16 06:36:50.608 [INFO    ] orchestrator: identity dedupe: pulled 5 paper fire(s) from bot
2026-04-16 06:36:50.609 [INFO    ] orchestrator: DELIVERING SILVER signal: #1 Down [240s->210s] d>=0.12% v<=0.1%
2026-04-16 06:36:50.609 [INFO    ] orchestrator:   score=8.00  WR=100.0%  consWR=97.0%  entry=$0.89  ev=$0.0840  folds=[3, 4, 5, 6, 7]
2026-04-16 06:36:50.773 [INFO    ] shared.ipc: IPC: signal delivered successfully (authenticated ack)
2026-04-16 06:36:50.774 [INFO    ] orchestrator: silver signal delivered to bot
2026-04-16 06:51:50.790 [INFO    ] orchestrator: --- cycle start [03:51:50 UTC] ---
2026-04-16 06:51:50.797 [INFO    ] orchestrator: data quality check passed: 600 windows available
2026-04-16 06:51:50.798 [INFO    ] orchestrator: starting engine: C:\Users\operator\Desktop\PolySignalLab\PolySignalEngine\build\Release\PolySignalEngine.exe C:\Users\operator\Desktop\PolySignalLab\PolyDataCollector\data --output-dir C:\Users\operator\Desktop\PolySignalLab\engine_output
2026-04-16 06:51:56.722 [INFO    ] orchestrator: engine: ==========================================================
2026-04-16 06:51:56.722 [INFO    ] orchestrator: engine:   SUMMARY
2026-04-16 06:51:56.723 [INFO    ] orchestrator: engine: ==========================================================
2026-04-16 06:51:56.723 [INFO    ] orchestrator: engine:   Total windows:         600 (297 UP, 303 DOWN)
2026-04-16 06:51:56.724 [INFO    ] orchestrator: engine:   Walk-forward folds:    8 (6 test iterations)
2026-04-16 06:51:56.724 [INFO    ] orchestrator: engine:   OOS base rate:         48.4% UP (450 test windows total)
2026-04-16 06:51:56.724 [INFO    ] orchestrator: engine:   Configs swept:         150480
2026-04-16 06:51:56.725 [INFO    ] orchestrator: engine:   Viable WF-OOS signals: 123
2026-04-16 06:51:56.725 [INFO    ] orchestrator: engine:   Compute time:          4.59s
2026-04-16 06:51:56.725 [INFO    ] orchestrator: engine: ==========================================================
2026-04-16 06:51:56.726 [INFO    ] orchestrator: engine produced: signals_summary_1776311516.json
2026-04-16 06:51:56.727 [INFO    ] orchestrator: cleaned up old summary: signals_summary_1776302456.json
2026-04-16 06:51:56.727 [INFO    ] orchestrator: ranked 20 signals — top candidates:
2026-04-16 06:51:56.728 [INFO    ] orchestrator:   #1 DOWN  score=  8.00  SILVER  folds=5/6  WR=100.0%  consWR=97.0%  entry=$0.89  ev=$0.0840
2026-04-16 06:51:56.728 [INFO    ] orchestrator:   #2 DOWN  score=  6.38  SILVER  folds=5/6  WR=96.7%  consWR=93.7%  entry=$0.86  ev=$0.0717
2026-04-16 06:51:56.728 [INFO    ] orchestrator:   #3 DOWN  score=  6.31  SILVER  folds=5/6  WR=97.1%  consWR=94.1%  entry=$0.87  ev=$0.0703
2026-04-16 06:51:56.729 [INFO    ] orchestrator:   #4 DOWN  score=  6.10  SILVER  folds=5/6  WR=97.1%  consWR=94.1%  entry=$0.87  ev=$0.0691
2026-04-16 06:51:56.729 [INFO    ] orchestrator:   #5 DOWN  score=  5.21  SILVER  folds=5/6  WR=85.7%  consWR=82.7%  entry=$0.77  ev=$0.0620
2026-04-16 06:51:56.893 [INFO    ] orchestrator: identity dedupe: pulled 5 paper fire(s) from bot
2026-04-16 06:51:56.894 [INFO    ] orchestrator: DELIVERING SILVER signal: #1 Down [240s->210s] d>=0.12% v<=0.1%
2026-04-16 06:51:56.894 [INFO    ] orchestrator:   score=8.00  WR=100.0%  consWR=97.0%  entry=$0.89  ev=$0.0840  folds=[3, 4, 5, 6, 7]
2026-04-16 06:51:57.057 [INFO    ] shared.ipc: IPC: signal delivered successfully (authenticated ack)
2026-04-16 06:51:57.058 [INFO    ] orchestrator: silver signal delivered to bot
2026-04-16 07:06:57.059 [INFO    ] orchestrator: --- cycle start [04:06:57 UTC] ---
2026-04-16 07:06:57.066 [INFO    ] orchestrator: data quality check passed: 600 windows available
2026-04-16 07:06:57.067 [INFO    ] orchestrator: starting engine: C:\Users\operator\Desktop\PolySignalLab\PolySignalEngine\build\Release\PolySignalEngine.exe C:\Users\operator\Desktop\PolySignalLab\PolyDataCollector\data --output-dir C:\Users\operator\Desktop\PolySignalLab\engine_output
2026-04-16 07:07:02.884 [INFO    ] orchestrator: engine: ==========================================================
2026-04-16 07:07:02.884 [INFO    ] orchestrator: engine:   SUMMARY
2026-04-16 07:07:02.885 [INFO    ] orchestrator: engine: ==========================================================
2026-04-16 07:07:02.885 [INFO    ] orchestrator: engine:   Total windows:         600 (295 UP, 305 DOWN)
2026-04-16 07:07:02.885 [INFO    ] orchestrator: engine:   Walk-forward folds:    8 (6 test iterations)
2026-04-16 07:07:02.886 [INFO    ] orchestrator: engine:   OOS base rate:         48.2% UP (450 test windows total)
2026-04-16 07:07:02.886 [INFO    ] orchestrator: engine:   Configs swept:         150480
2026-04-16 07:07:02.886 [INFO    ] orchestrator: engine:   Viable WF-OOS signals: 103
2026-04-16 07:07:02.887 [INFO    ] orchestrator: engine:   Compute time:          4.52s
2026-04-16 07:07:02.887 [INFO    ] orchestrator: engine: ==========================================================
2026-04-16 07:07:02.888 [INFO    ] orchestrator: engine produced: signals_summary_1776312422.json
2026-04-16 07:07:02.889 [INFO    ] orchestrator: cleaned up old summary: signals_summary_1776303362.json
2026-04-16 07:07:02.890 [INFO    ] orchestrator: ranked 20 signals — top candidates:
2026-04-16 07:07:02.890 [INFO    ] orchestrator:   #1 DOWN  score=  8.00  SILVER  folds=5/6  WR=100.0%  consWR=97.0%  entry=$0.89  ev=$0.0840
2026-04-16 07:07:02.891 [INFO    ] orchestrator:   #2 DOWN  score=  6.38  SILVER  folds=5/6  WR=96.7%  consWR=93.7%  entry=$0.86  ev=$0.0717
2026-04-16 07:07:02.891 [INFO    ] orchestrator:   #3 DOWN  score=  6.31  SILVER  folds=5/6  WR=97.1%  consWR=94.1%  entry=$0.87  ev=$0.0703
2026-04-16 07:07:02.891 [INFO    ] orchestrator:   #4 DOWN  score=  6.10  SILVER  folds=5/6  WR=97.1%  consWR=94.1%  entry=$0.87  ev=$0.0691
2026-04-16 07:07:02.891 [INFO    ] orchestrator:   #5 DOWN  score=  5.07  SILVER  folds=5/6  WR=94.6%  consWR=91.6%  entry=$0.85  ev=$0.0651
2026-04-16 07:07:03.056 [INFO    ] orchestrator: identity dedupe: pulled 5 paper fire(s) from bot
2026-04-16 07:07:03.056 [INFO    ] orchestrator: identity dedupe: down_240.0_210.0_0.12_0.1 has been top for 4 cycles but no paper fire history yet — no suppression
2026-04-16 07:07:03.057 [INFO    ] orchestrator: DELIVERING SILVER signal: #1 Down [240s->210s] d>=0.12% v<=0.1%
2026-04-16 07:07:03.057 [INFO    ] orchestrator:   score=8.00  WR=100.0%  consWR=97.0%  entry=$0.89  ev=$0.0840  folds=[3, 4, 5, 6, 7]
2026-04-16 07:07:03.221 [INFO    ] shared.ipc: IPC: signal delivered successfully (authenticated ack)
2026-04-16 07:07:03.221 [INFO    ] orchestrator: silver signal delivered to bot
2026-04-16 07:22:03.232 [INFO    ] orchestrator: --- cycle start [04:22:03 UTC] ---
2026-04-16 07:22:03.242 [INFO    ] orchestrator: data quality check passed: 600 windows available
2026-04-16 07:22:03.243 [INFO    ] orchestrator: starting engine: C:\Users\operator\Desktop\PolySignalLab\PolySignalEngine\build\Release\PolySignalEngine.exe C:\Users\operator\Desktop\PolySignalLab\PolyDataCollector\data --output-dir C:\Users\operator\Desktop\PolySignalLab\engine_output
2026-04-16 07:22:09.040 [INFO    ] orchestrator: engine: ==========================================================
2026-04-16 07:22:09.041 [INFO    ] orchestrator: engine:   SUMMARY
2026-04-16 07:22:09.041 [INFO    ] orchestrator: engine: ==========================================================
2026-04-16 07:22:09.042 [INFO    ] orchestrator: engine:   Total windows:         600 (295 UP, 305 DOWN)
2026-04-16 07:22:09.042 [INFO    ] orchestrator: engine:   Walk-forward folds:    8 (6 test iterations)
2026-04-16 07:22:09.042 [INFO    ] orchestrator: engine:   OOS base rate:         48.2% UP (450 test windows total)
2026-04-16 07:22:09.043 [INFO    ] orchestrator: engine:   Configs swept:         150480
2026-04-16 07:22:09.043 [INFO    ] orchestrator: engine:   Viable WF-OOS signals: 109
2026-04-16 07:22:09.044 [INFO    ] orchestrator: engine:   Compute time:          4.51s
2026-04-16 07:22:09.044 [INFO    ] orchestrator: engine: ==========================================================
2026-04-16 07:22:09.045 [INFO    ] orchestrator: engine produced: signals_summary_1776313328.json
2026-04-16 07:22:09.045 [INFO    ] orchestrator: cleaned up old summary: signals_summary_1776304268.json
2026-04-16 07:22:09.046 [INFO    ] orchestrator: ranked 20 signals — top candidates:
2026-04-16 07:22:09.046 [INFO    ] orchestrator:   #1 DOWN  score=  8.00  SILVER  folds=5/6  WR=100.0%  consWR=97.0%  entry=$0.89  ev=$0.0840
2026-04-16 07:22:09.047 [INFO    ] orchestrator:   #2 DOWN  score=  6.32  SILVER  folds=5/6  WR=96.7%  consWR=93.7%  entry=$0.86  ev=$0.0717
2026-04-16 07:22:09.047 [INFO    ] orchestrator:   #3 DOWN  score=  6.31  SILVER  folds=5/6  WR=97.1%  consWR=94.1%  entry=$0.87  ev=$0.0703
2026-04-16 07:22:09.048 [INFO    ] orchestrator:   #4 DOWN  score=  6.10  SILVER  folds=5/6  WR=97.1%  consWR=94.1%  entry=$0.87  ev=$0.0691
2026-04-16 07:22:09.048 [INFO    ] orchestrator:   #5 DOWN  score=  5.07  SILVER  folds=5/6  WR=94.6%  consWR=91.6%  entry=$0.85  ev=$0.0651
2026-04-16 07:22:09.213 [INFO    ] orchestrator: identity dedupe: pulled 5 paper fire(s) from bot
2026-04-16 07:22:09.213 [INFO    ] orchestrator: identity dedupe: down_240.0_210.0_0.12_0.1 has been top for 4 cycles but no paper fire history yet — no suppression
2026-04-16 07:22:09.214 [INFO    ] orchestrator: DELIVERING SILVER signal: #1 Down [240s->210s] d>=0.12% v<=0.1%
2026-04-16 07:22:09.214 [INFO    ] orchestrator:   score=8.00  WR=100.0%  consWR=97.0%  entry=$0.89  ev=$0.0840  folds=[3, 4, 5, 6, 7]
2026-04-16 07:22:09.380 [INFO    ] shared.ipc: IPC: signal delivered successfully (authenticated ack)
2026-04-16 07:22:09.380 [INFO    ] orchestrator: silver signal delivered to bot
2026-04-16 07:37:09.394 [INFO    ] orchestrator: --- cycle start [04:37:09 UTC] ---
2026-04-16 07:37:09.401 [INFO    ] orchestrator: data quality check passed: 600 windows available
2026-04-16 07:37:09.402 [INFO    ] orchestrator: starting engine: C:\Users\operator\Desktop\PolySignalLab\PolySignalEngine\build\Release\PolySignalEngine.exe C:\Users\operator\Desktop\PolySignalLab\PolyDataCollector\data --output-dir C:\Users\operator\Desktop\PolySignalLab\engine_output
2026-04-16 07:37:15.201 [INFO    ] orchestrator: engine: ==========================================================
2026-04-16 07:37:15.202 [INFO    ] orchestrator: engine:   SUMMARY
2026-04-16 07:37:15.202 [INFO    ] orchestrator: engine: ==========================================================
2026-04-16 07:37:15.203 [INFO    ] orchestrator: engine:   Total windows:         600 (294 UP, 306 DOWN)
2026-04-16 07:37:15.203 [INFO    ] orchestrator: engine:   Walk-forward folds:    8 (6 test iterations)
2026-04-16 07:37:15.203 [INFO    ] orchestrator: engine:   OOS base rate:         48.7% UP (450 test windows total)
2026-04-16 07:37:15.203 [INFO    ] orchestrator: engine:   Configs swept:         150480
2026-04-16 07:37:15.204 [INFO    ] orchestrator: engine:   Viable WF-OOS signals: 106
2026-04-16 07:37:15.204 [INFO    ] orchestrator: engine:   Compute time:          4.52s
2026-04-16 07:37:15.205 [INFO    ] orchestrator: engine: ==========================================================
2026-04-16 07:37:15.206 [INFO    ] orchestrator: engine produced: signals_summary_1776314235.json
2026-04-16 07:37:15.207 [INFO    ] orchestrator: cleaned up old summary: signals_summary_1776305174.json
2026-04-16 07:37:15.208 [INFO    ] orchestrator: ranked 20 signals — top candidates:
2026-04-16 07:37:15.208 [INFO    ] orchestrator:   #1 DOWN  score=  8.00  SILVER  folds=5/6  WR=100.0%  consWR=97.0%  entry=$0.89  ev=$0.0840
2026-04-16 07:37:15.208 [INFO    ] orchestrator:   #2 DOWN  score=  6.32  SILVER  folds=5/6  WR=96.7%  consWR=93.7%  entry=$0.86  ev=$0.0717
2026-04-16 07:37:15.208 [INFO    ] orchestrator:   #3 DOWN  score=  6.31  SILVER  folds=5/6  WR=97.1%  consWR=94.1%  entry=$0.87  ev=$0.0703
2026-04-16 07:37:15.209 [INFO    ] orchestrator:   #4 DOWN  score=  6.16  SILVER  folds=5/6  WR=97.1%  consWR=94.1%  entry=$0.87  ev=$0.0691
2026-04-16 07:37:15.209 [INFO    ] orchestrator:   #5 DOWN  score=  5.07  SILVER  folds=5/6  WR=94.6%  consWR=91.6%  entry=$0.85  ev=$0.0651
2026-04-16 07:37:15.373 [INFO    ] orchestrator: identity dedupe: pulled 5 paper fire(s) from bot
2026-04-16 07:37:15.373 [INFO    ] orchestrator: identity dedupe: down_240.0_210.0_0.12_0.1 has been top for 4 cycles but no paper fire history yet — no suppression
2026-04-16 07:37:15.374 [INFO    ] orchestrator: DELIVERING SILVER signal: #1 Down [240s->210s] d>=0.12% v<=0.1%
2026-04-16 07:37:15.374 [INFO    ] orchestrator:   score=8.00  WR=100.0%  consWR=97.0%  entry=$0.89  ev=$0.0840  folds=[3, 4, 5, 6, 7]
2026-04-16 07:37:15.537 [INFO    ] shared.ipc: IPC: signal delivered successfully (authenticated ack)
2026-04-16 07:37:15.537 [INFO    ] orchestrator: silver signal delivered to bot
2026-04-16 07:52:15.544 [INFO    ] orchestrator: --- cycle start [04:52:15 UTC] ---
2026-04-16 07:52:15.551 [INFO    ] orchestrator: data quality check passed: 600 windows available
2026-04-16 07:52:15.552 [INFO    ] orchestrator: starting engine: C:\Users\operator\Desktop\PolySignalLab\PolySignalEngine\build\Release\PolySignalEngine.exe C:\Users\operator\Desktop\PolySignalLab\PolyDataCollector\data --output-dir C:\Users\operator\Desktop\PolySignalLab\engine_output
2026-04-16 07:52:21.334 [INFO    ] orchestrator: engine: ==========================================================
2026-04-16 07:52:21.335 [INFO    ] orchestrator: engine:   SUMMARY
2026-04-16 07:52:21.335 [INFO    ] orchestrator: engine: ==========================================================
2026-04-16 07:52:21.335 [INFO    ] orchestrator: engine:   Total windows:         600 (297 UP, 303 DOWN)
2026-04-16 07:52:21.336 [INFO    ] orchestrator: engine:   Walk-forward folds:    8 (6 test iterations)
2026-04-16 07:52:21.336 [INFO    ] orchestrator: engine:   OOS base rate:         49.1% UP (450 test windows total)
2026-04-16 07:52:21.336 [INFO    ] orchestrator: engine:   Configs swept:         150480
2026-04-16 07:52:21.337 [INFO    ] orchestrator: engine:   Viable WF-OOS signals: 98
2026-04-16 07:52:21.337 [INFO    ] orchestrator: engine:   Compute time:          4.49s
2026-04-16 07:52:21.338 [INFO    ] orchestrator: engine: ==========================================================
2026-04-16 07:52:21.338 [INFO    ] orchestrator: engine produced: signals_summary_1776315141.json
2026-04-16 07:52:21.340 [INFO    ] orchestrator: cleaned up old summary: signals_summary_1776306080.json
2026-04-16 07:52:21.341 [INFO    ] orchestrator: ranked 20 signals — top candidates:
2026-04-16 07:52:21.341 [INFO    ] orchestrator:   #1 DOWN  score=  7.90  SILVER  folds=5/6  WR=100.0%  consWR=97.0%  entry=$0.89  ev=$0.0829
2026-04-16 07:52:21.341 [INFO    ] orchestrator:   #2 DOWN  score=  6.90  SILVER  folds=5/6  WR=96.3%  consWR=93.3%  entry=$0.86  ev=$0.0774
2026-04-16 07:52:21.342 [INFO    ] orchestrator:   #3 DOWN  score=  6.20  SILVER  folds=5/6  WR=97.0%  consWR=94.0%  entry=$0.87  ev=$0.0691
2026-04-16 07:52:21.342 [INFO    ] orchestrator:   #4 DOWN  score=  6.17  SILVER  folds=5/6  WR=96.5%  consWR=93.5%  entry=$0.87  ev=$0.0700
2026-04-16 07:52:21.343 [INFO    ] orchestrator:   #5 DOWN  score=  4.95  SILVER  folds=5/6  WR=94.4%  consWR=91.4%  entry=$0.85  ev=$0.0636
2026-04-16 07:52:21.516 [INFO    ] orchestrator: identity dedupe: pulled 5 paper fire(s) from bot
2026-04-16 07:52:21.516 [INFO    ] orchestrator: identity dedupe: down_240.0_210.0_0.12_0.1 has been top for 4 cycles but no paper fire history yet — no suppression
2026-04-16 07:52:21.517 [INFO    ] orchestrator: DELIVERING SILVER signal: #1 Down [240s->210s] d>=0.12% v<=0.1%
2026-04-16 07:52:21.517 [INFO    ] orchestrator:   score=7.90  WR=100.0%  consWR=97.0%  entry=$0.89  ev=$0.0829  folds=[3, 4, 5, 6, 7]
2026-04-16 07:52:21.690 [INFO    ] shared.ipc: IPC: signal delivered successfully (authenticated ack)
2026-04-16 07:52:21.690 [INFO    ] orchestrator: silver signal delivered to bot
2026-04-16 08:07:21.703 [INFO    ] orchestrator: --- cycle start [05:07:21 UTC] ---
2026-04-16 08:07:21.710 [INFO    ] orchestrator: data quality check passed: 600 windows available
2026-04-16 08:07:21.711 [INFO    ] orchestrator: starting engine: C:\Users\operator\Desktop\PolySignalLab\PolySignalEngine\build\Release\PolySignalEngine.exe C:\Users\operator\Desktop\PolySignalLab\PolyDataCollector\data --output-dir C:\Users\operator\Desktop\PolySignalLab\engine_output
2026-04-16 08:07:27.447 [INFO    ] orchestrator: engine: ==========================================================
2026-04-16 08:07:27.447 [INFO    ] orchestrator: engine:   SUMMARY
2026-04-16 08:07:27.447 [INFO    ] orchestrator: engine: ==========================================================
2026-04-16 08:07:27.448 [INFO    ] orchestrator: engine:   Total windows:         600 (296 UP, 304 DOWN)
2026-04-16 08:07:27.448 [INFO    ] orchestrator: engine:   Walk-forward folds:    8 (6 test iterations)
2026-04-16 08:07:27.449 [INFO    ] orchestrator: engine:   OOS base rate:         48.9% UP (450 test windows total)
2026-04-16 08:07:27.449 [INFO    ] orchestrator: engine:   Configs swept:         150480
2026-04-16 08:07:27.449 [INFO    ] orchestrator: engine:   Viable WF-OOS signals: 90
2026-04-16 08:07:27.450 [INFO    ] orchestrator: engine:   Compute time:          4.47s
2026-04-16 08:07:27.450 [INFO    ] orchestrator: engine: ==========================================================
2026-04-16 08:07:27.451 [INFO    ] orchestrator: engine produced: signals_summary_1776316047.json
2026-04-16 08:07:27.452 [INFO    ] orchestrator: cleaned up old summary: signals_summary_1776306986.json
2026-04-16 08:07:27.453 [INFO    ] orchestrator: ranked 20 signals — top candidates:
2026-04-16 08:07:27.454 [INFO    ] orchestrator:   #1 DOWN  score=  6.94  SILVER  folds=5/6  WR=96.2%  consWR=93.2%  entry=$0.85  ev=$0.0773
2026-04-16 08:07:27.454 [INFO    ] orchestrator:   #2 DOWN  score=  6.39  SILVER  folds=5/6  WR=96.5%  consWR=93.5%  entry=$0.86  ev=$0.0717
2026-04-16 08:07:27.455 [INFO    ] orchestrator:   #3 DOWN  score=  5.05  SILVER  folds=5/6  WR=94.4%  consWR=91.4%  entry=$0.85  ev=$0.0650
2026-04-16 08:07:27.455 [INFO    ] orchestrator:   #4 DOWN  score=  4.26  SILVER  folds=5/6  WR=91.5%  consWR=88.5%  entry=$0.83  ev=$0.0517
2026-04-16 08:07:27.456 [INFO    ] orchestrator:   #5 DOWN  score=  3.94  SILVER  folds=5/6  WR=93.0%  consWR=90.0%  entry=$0.85  ev=$0.0453
2026-04-16 08:07:27.630 [INFO    ] orchestrator: identity dedupe: pulled 5 paper fire(s) from bot
2026-04-16 08:07:27.630 [INFO    ] orchestrator: DELIVERING SILVER signal: #1 Down [290s->200s] d>=0.11% v<=0.05%
2026-04-16 08:07:27.631 [INFO    ] orchestrator:   score=6.94  WR=96.2%  consWR=93.2%  entry=$0.85  ev=$0.0773  folds=[3, 4, 5, 6, 7]
2026-04-16 08:07:27.804 [INFO    ] shared.ipc: IPC: signal delivered successfully (authenticated ack)
2026-04-16 08:07:27.804 [INFO    ] orchestrator: silver signal delivered to bot
2026-04-16 08:22:27.809 [INFO    ] orchestrator: --- cycle start [05:22:27 UTC] ---
2026-04-16 08:22:27.816 [INFO    ] orchestrator: data quality check passed: 600 windows available
2026-04-16 08:22:27.817 [INFO    ] orchestrator: starting engine: C:\Users\operator\Desktop\PolySignalLab\PolySignalEngine\build\Release\PolySignalEngine.exe C:\Users\operator\Desktop\PolySignalLab\PolyDataCollector\data --output-dir C:\Users\operator\Desktop\PolySignalLab\engine_output
2026-04-16 08:22:33.678 [INFO    ] orchestrator: engine: ==========================================================
2026-04-16 08:22:33.679 [INFO    ] orchestrator: engine:   SUMMARY
2026-04-16 08:22:33.679 [INFO    ] orchestrator: engine: ==========================================================
2026-04-16 08:22:33.679 [INFO    ] orchestrator: engine:   Total windows:         600 (297 UP, 303 DOWN)
2026-04-16 08:22:33.680 [INFO    ] orchestrator: engine:   Walk-forward folds:    8 (6 test iterations)
2026-04-16 08:22:33.680 [INFO    ] orchestrator: engine:   OOS base rate:         48.9% UP (450 test windows total)
2026-04-16 08:22:33.680 [INFO    ] orchestrator: engine:   Configs swept:         150480
2026-04-16 08:22:33.681 [INFO    ] orchestrator: engine:   Viable WF-OOS signals: 94
2026-04-16 08:22:33.681 [INFO    ] orchestrator: engine:   Compute time:          4.58s
2026-04-16 08:22:33.681 [INFO    ] orchestrator: engine: ==========================================================
2026-04-16 08:22:33.682 [INFO    ] orchestrator: engine produced: signals_summary_1776316953.json
2026-04-16 08:22:33.683 [INFO    ] orchestrator: cleaned up old summary: signals_summary_1776307892.json
2026-04-16 08:22:33.684 [INFO    ] orchestrator: ranked 20 signals — top candidates:
2026-04-16 08:22:33.684 [INFO    ] orchestrator:   #1 DOWN  score=  6.70  SILVER  folds=5/6  WR=96.0%  consWR=93.0%  entry=$0.85  ev=$0.0752
2026-04-16 08:22:33.684 [INFO    ] orchestrator:   #2 DOWN  score=  6.36  SILVER  folds=5/6  WR=96.4%  consWR=93.4%  entry=$0.86  ev=$0.0714
2026-04-16 08:22:33.684 [INFO    ] orchestrator:   #3 UP    score=  5.56  BRONZE  folds=3/6  WR=100.0%  consWR=97.0%  entry=$0.89  ev=$0.0833
2026-04-16 08:22:33.685 [INFO    ] orchestrator:   #4 DOWN  score=  4.77  BRONZE  folds=2/6  WR=94.1%  consWR=91.1%  entry=$0.80  ev=$0.1088
2026-04-16 08:22:33.685 [INFO    ] orchestrator:   #5 DOWN  score=  4.35  SILVER  folds=5/6  WR=91.3%  consWR=88.3%  entry=$0.83  ev=$0.0511
2026-04-16 08:22:33.850 [INFO    ] orchestrator: identity dedupe: pulled 5 paper fire(s) from bot
2026-04-16 08:22:33.850 [INFO    ] orchestrator: DELIVERING SILVER signal: #1 Down [290s->200s] d>=0.11% v<=0.05%
2026-04-16 08:22:33.851 [INFO    ] orchestrator:   score=6.70  WR=96.0%  consWR=93.0%  entry=$0.85  ev=$0.0752  folds=[3, 4, 5, 6, 7]
2026-04-16 08:22:34.014 [INFO    ] shared.ipc: IPC: signal delivered successfully (authenticated ack)
2026-04-16 08:22:34.014 [INFO    ] orchestrator: silver signal delivered to bot
2026-04-16 08:37:34.026 [INFO    ] orchestrator: --- cycle start [05:37:34 UTC] ---
2026-04-16 08:37:34.033 [INFO    ] orchestrator: data quality check passed: 600 windows available
2026-04-16 08:37:34.034 [INFO    ] orchestrator: starting engine: C:\Users\operator\Desktop\PolySignalLab\PolySignalEngine\build\Release\PolySignalEngine.exe C:\Users\operator\Desktop\PolySignalLab\PolyDataCollector\data --output-dir C:\Users\operator\Desktop\PolySignalLab\engine_output
2026-04-16 08:37:39.949 [INFO    ] orchestrator: engine: ==========================================================
2026-04-16 08:37:39.950 [INFO    ] orchestrator: engine:   SUMMARY
2026-04-16 08:37:39.950 [INFO    ] orchestrator: engine: ==========================================================
2026-04-16 08:37:39.950 [INFO    ] orchestrator: engine:   Total windows:         600 (298 UP, 302 DOWN)
2026-04-16 08:37:39.951 [INFO    ] orchestrator: engine:   Walk-forward folds:    8 (6 test iterations)
2026-04-16 08:37:39.951 [INFO    ] orchestrator: engine:   OOS base rate:         49.1% UP (450 test windows total)
2026-04-16 08:37:39.951 [INFO    ] orchestrator: engine:   Configs swept:         150480
2026-04-16 08:37:39.952 [INFO    ] orchestrator: engine:   Viable WF-OOS signals: 99
2026-04-16 08:37:39.952 [INFO    ] orchestrator: engine:   Compute time:          4.62s
2026-04-16 08:37:39.953 [INFO    ] orchestrator: engine: ==========================================================
2026-04-16 08:37:39.954 [INFO    ] orchestrator: engine produced: signals_summary_1776317859.json
2026-04-16 08:37:39.955 [INFO    ] orchestrator: cleaned up old summary: signals_summary_1776308798.json
2026-04-16 08:37:39.956 [INFO    ] orchestrator: ranked 20 signals — top candidates:
2026-04-16 08:37:39.957 [INFO    ] orchestrator:   #1 DOWN  score=  6.57  SILVER  folds=5/6  WR=95.8%  consWR=92.8%  entry=$0.85  ev=$0.0738
2026-04-16 08:37:39.957 [INFO    ] orchestrator:   #2 DOWN  score=  6.42  SILVER  folds=5/6  WR=96.3%  consWR=93.3%  entry=$0.86  ev=$0.0715
2026-04-16 08:37:39.957 [INFO    ] orchestrator:   #3 UP    score=  5.56  BRONZE  folds=3/6  WR=100.0%  consWR=97.0%  entry=$0.89  ev=$0.0833
2026-04-16 08:37:39.958 [INFO    ] orchestrator:   #4 DOWN  score=  4.32  SILVER  folds=5/6  WR=91.1%  consWR=88.1%  entry=$0.83  ev=$0.0507
2026-04-16 08:37:39.958 [INFO    ] orchestrator:   #5 DOWN  score=  3.91  BRONZE  folds=2/6  WR=100.0%  consWR=97.0%  entry=$0.88  ev=$0.0912
2026-04-16 08:37:40.123 [INFO    ] orchestrator: identity dedupe: pulled 5 paper fire(s) from bot
2026-04-16 08:37:40.123 [INFO    ] orchestrator: DELIVERING SILVER signal: #1 Down [290s->200s] d>=0.11% v<=0.05%
2026-04-16 08:37:40.124 [INFO    ] orchestrator:   score=6.57  WR=95.8%  consWR=92.8%  entry=$0.85  ev=$0.0738  folds=[3, 4, 5, 6, 7]
2026-04-16 08:37:40.288 [INFO    ] shared.ipc: IPC: signal delivered successfully (authenticated ack)
2026-04-16 08:37:40.288 [INFO    ] orchestrator: silver signal delivered to bot
2026-04-16 08:52:40.304 [INFO    ] orchestrator: --- cycle start [05:52:40 UTC] ---
2026-04-16 08:52:40.311 [INFO    ] orchestrator: data quality check passed: 600 windows available
2026-04-16 08:52:40.312 [INFO    ] orchestrator: starting engine: C:\Users\operator\Desktop\PolySignalLab\PolySignalEngine\build\Release\PolySignalEngine.exe C:\Users\operator\Desktop\PolySignalLab\PolyDataCollector\data --output-dir C:\Users\operator\Desktop\PolySignalLab\engine_output
2026-04-16 08:52:46.333 [INFO    ] orchestrator: engine: ==========================================================
2026-04-16 08:52:46.334 [INFO    ] orchestrator: engine:   SUMMARY
2026-04-16 08:52:46.334 [INFO    ] orchestrator: engine: ==========================================================
2026-04-16 08:52:46.334 [INFO    ] orchestrator: engine:   Total windows:         600 (298 UP, 302 DOWN)
2026-04-16 08:52:46.335 [INFO    ] orchestrator: engine:   Walk-forward folds:    8 (6 test iterations)
2026-04-16 08:52:46.335 [INFO    ] orchestrator: engine:   OOS base rate:         49.1% UP (450 test windows total)
2026-04-16 08:52:46.336 [INFO    ] orchestrator: engine:   Configs swept:         150480
2026-04-16 08:52:46.336 [INFO    ] orchestrator: engine:   Viable WF-OOS signals: 99
2026-04-16 08:52:46.336 [INFO    ] orchestrator: engine:   Compute time:          4.70s
2026-04-16 08:52:46.336 [INFO    ] orchestrator: engine: ==========================================================
2026-04-16 08:52:46.337 [INFO    ] orchestrator: engine produced: signals_summary_1776318766.json
2026-04-16 08:52:46.338 [INFO    ] orchestrator: cleaned up old summary: signals_summary_1776309704.json
2026-04-16 08:52:46.339 [INFO    ] orchestrator: ranked 20 signals — top candidates:
2026-04-16 08:52:46.339 [INFO    ] orchestrator:   #1 DOWN  score=  6.46  SILVER  folds=5/6  WR=96.3%  consWR=93.3%  entry=$0.86  ev=$0.0715
2026-04-16 08:52:46.339 [INFO    ] orchestrator:   #2 DOWN  score=  5.57  SILVER  folds=5/6  WR=96.7%  consWR=93.7%  entry=$0.88  ev=$0.0613
2026-04-16 08:52:46.339 [INFO    ] orchestrator:   #3 UP    score=  5.31  BRONZE  folds=3/6  WR=100.0%  consWR=97.0%  entry=$0.89  ev=$0.0796
2026-04-16 08:52:46.340 [INFO    ] orchestrator:   #4 UP    score=  4.28  BRONZE  folds=3/6  WR=100.0%  consWR=97.0%  entry=$0.90  ev=$0.0748
2026-04-16 08:52:46.340 [INFO    ] orchestrator:   #5 DOWN  score=  3.62  BRONZE  folds=4/6  WR=87.7%  consWR=84.7%  entry=$0.79  ev=$0.0603
2026-04-16 08:52:46.499 [INFO    ] orchestrator: identity dedupe: pulled 5 paper fire(s) from bot
2026-04-16 08:52:46.499 [INFO    ] orchestrator: DELIVERING SILVER signal: #1 Down [250s->220s] d>=0.11% v<=0.1%
2026-04-16 08:52:46.500 [INFO    ] orchestrator:   score=6.46  WR=96.3%  consWR=93.3%  entry=$0.86  ev=$0.0715  folds=[3, 4, 5, 6, 7]
2026-04-16 08:52:46.660 [INFO    ] shared.ipc: IPC: signal delivered successfully (authenticated ack)
2026-04-16 08:52:46.660 [INFO    ] orchestrator: silver signal delivered to bot
2026-04-16 09:07:46.665 [INFO    ] orchestrator: --- cycle start [06:07:46 UTC] ---
2026-04-16 09:07:46.672 [INFO    ] orchestrator: data quality check passed: 600 windows available
2026-04-16 09:07:46.673 [INFO    ] orchestrator: starting engine: C:\Users\operator\Desktop\PolySignalLab\PolySignalEngine\build\Release\PolySignalEngine.exe C:\Users\operator\Desktop\PolySignalLab\PolyDataCollector\data --output-dir C:\Users\operator\Desktop\PolySignalLab\engine_output
2026-04-16 09:07:52.587 [INFO    ] orchestrator: engine: ==========================================================
2026-04-16 09:07:52.588 [INFO    ] orchestrator: engine:   SUMMARY
2026-04-16 09:07:52.588 [INFO    ] orchestrator: engine: ==========================================================
2026-04-16 09:07:52.588 [INFO    ] orchestrator: engine:   Total windows:         600 (297 UP, 303 DOWN)
2026-04-16 09:07:52.589 [INFO    ] orchestrator: engine:   Walk-forward folds:    8 (6 test iterations)
2026-04-16 09:07:52.589 [INFO    ] orchestrator: engine:   OOS base rate:         49.1% UP (450 test windows total)
2026-04-16 09:07:52.589 [INFO    ] orchestrator: engine:   Configs swept:         150480
2026-04-16 09:07:52.590 [INFO    ] orchestrator: engine:   Viable WF-OOS signals: 85
2026-04-16 09:07:52.590 [INFO    ] orchestrator: engine:   Compute time:          4.61s
2026-04-16 09:07:52.590 [INFO    ] orchestrator: engine: ==========================================================
2026-04-16 09:07:52.591 [INFO    ] orchestrator: engine produced: signals_summary_1776319672.json
2026-04-16 09:07:52.592 [INFO    ] orchestrator: cleaned up old summary: signals_summary_1776310610.json
2026-04-16 09:07:52.593 [INFO    ] orchestrator: ranked 20 signals — top candidates:
2026-04-16 09:07:52.593 [INFO    ] orchestrator:   #1 DOWN  score=  6.08  SILVER  folds=5/6  WR=96.2%  consWR=93.2%  entry=$0.86  ev=$0.0673
2026-04-16 09:07:52.594 [INFO    ] orchestrator:   #2 DOWN  score=  5.14  SILVER  folds=5/6  WR=96.5%  consWR=93.5%  entry=$0.88  ev=$0.0566
2026-04-16 09:07:52.594 [INFO    ] orchestrator:   #3 UP    score=  4.15  BRONZE  folds=3/6  WR=100.0%  consWR=97.0%  entry=$0.90  ev=$0.0727
2026-04-16 09:07:52.595 [INFO    ] orchestrator:   #4 DOWN  score=  3.63  SILVER  folds=5/6  WR=91.5%  consWR=88.5%  entry=$0.84  ev=$0.0406
2026-04-16 09:07:52.595 [INFO    ] orchestrator:   #5 DOWN  score=  3.48  SILVER  folds=5/6  WR=90.7%  consWR=87.7%  entry=$0.83  ev=$0.0433
2026-04-16 09:07:52.754 [INFO    ] orchestrator: identity dedupe: pulled 5 paper fire(s) from bot
2026-04-16 09:07:52.754 [INFO    ] orchestrator: DELIVERING SILVER signal: #1 Down [250s->220s] d>=0.11% v<=0.1%
2026-04-16 09:07:52.755 [INFO    ] orchestrator:   score=6.08  WR=96.2%  consWR=93.2%  entry=$0.86  ev=$0.0673  folds=[3, 4, 5, 6, 7]
2026-04-16 09:07:52.913 [INFO    ] shared.ipc: IPC: signal delivered successfully (authenticated ack)
2026-04-16 09:07:52.914 [INFO    ] orchestrator: silver signal delivered to bot
2026-04-16 09:22:52.918 [INFO    ] orchestrator: --- cycle start [06:22:52 UTC] ---
2026-04-16 09:22:52.926 [INFO    ] orchestrator: data quality check passed: 600 windows available
2026-04-16 09:22:52.927 [INFO    ] orchestrator: starting engine: C:\Users\operator\Desktop\PolySignalLab\PolySignalEngine\build\Release\PolySignalEngine.exe C:\Users\operator\Desktop\PolySignalLab\PolyDataCollector\data --output-dir C:\Users\operator\Desktop\PolySignalLab\engine_output
2026-04-16 09:22:58.824 [INFO    ] orchestrator: engine: ==========================================================
2026-04-16 09:22:58.825 [INFO    ] orchestrator: engine:   SUMMARY
2026-04-16 09:22:58.825 [INFO    ] orchestrator: engine: ==========================================================
2026-04-16 09:22:58.826 [INFO    ] orchestrator: engine:   Total windows:         600 (297 UP, 303 DOWN)
2026-04-16 09:22:58.826 [INFO    ] orchestrator: engine:   Walk-forward folds:    8 (6 test iterations)
2026-04-16 09:22:58.826 [INFO    ] orchestrator: engine:   OOS base rate:         49.1% UP (450 test windows total)
2026-04-16 09:22:58.827 [INFO    ] orchestrator: engine:   Configs swept:         150480
2026-04-16 09:22:58.827 [INFO    ] orchestrator: engine:   Viable WF-OOS signals: 76
2026-04-16 09:22:58.827 [INFO    ] orchestrator: engine:   Compute time:          4.61s
2026-04-16 09:22:58.828 [INFO    ] orchestrator: engine: ==========================================================
2026-04-16 09:22:58.829 [INFO    ] orchestrator: engine produced: signals_summary_1776320578.json
2026-04-16 09:22:58.829 [INFO    ] orchestrator: cleaned up old summary: signals_summary_1776311516.json
2026-04-16 09:22:58.830 [INFO    ] orchestrator: ranked 20 signals — top candidates:
2026-04-16 09:22:58.830 [INFO    ] orchestrator:   #1 DOWN  score=  6.08  SILVER  folds=5/6  WR=96.2%  consWR=93.2%  entry=$0.86  ev=$0.0673
2026-04-16 09:22:58.831 [INFO    ] orchestrator:   #2 UP    score=  4.00  BRONZE  folds=3/6  WR=100.0%  consWR=97.0%  entry=$0.90  ev=$0.0700
2026-04-16 09:22:58.831 [INFO    ] orchestrator:   #3 DOWN  score=  3.48  SILVER  folds=5/6  WR=90.7%  consWR=87.7%  entry=$0.83  ev=$0.0433
2026-04-16 09:22:58.831 [INFO    ] orchestrator:   #4 DOWN  score=  3.44  BRONZE  folds=4/6  WR=95.8%  consWR=92.8%  entry=$0.89  ev=$0.0421
2026-04-16 09:22:58.832 [INFO    ] orchestrator:   #5 DOWN  score=  3.28  BRONZE  folds=3/6  WR=97.9%  consWR=94.9%  entry=$0.89  ev=$0.0591
2026-04-16 09:22:58.992 [INFO    ] orchestrator: identity dedupe: pulled 5 paper fire(s) from bot
2026-04-16 09:22:58.992 [INFO    ] orchestrator: DELIVERING SILVER signal: #1 Down [250s->220s] d>=0.11% v<=0.1%
2026-04-16 09:22:58.993 [INFO    ] orchestrator:   score=6.08  WR=96.2%  consWR=93.2%  entry=$0.86  ev=$0.0673  folds=[3, 4, 5, 6, 7]
2026-04-16 09:22:59.152 [INFO    ] shared.ipc: IPC: signal delivered successfully (authenticated ack)
2026-04-16 09:22:59.152 [INFO    ] orchestrator: silver signal delivered to bot
2026-04-16 09:37:59.160 [INFO    ] orchestrator: --- cycle start [06:37:59 UTC] ---
2026-04-16 09:37:59.167 [INFO    ] orchestrator: data quality check passed: 600 windows available
2026-04-16 09:37:59.168 [INFO    ] orchestrator: starting engine: C:\Users\operator\Desktop\PolySignalLab\PolySignalEngine\build\Release\PolySignalEngine.exe C:\Users\operator\Desktop\PolySignalLab\PolyDataCollector\data --output-dir C:\Users\operator\Desktop\PolySignalLab\engine_output
2026-04-16 09:38:05.044 [INFO    ] orchestrator: engine: ==========================================================
2026-04-16 09:38:05.045 [INFO    ] orchestrator: engine:   SUMMARY
2026-04-16 09:38:05.046 [INFO    ] orchestrator: engine: ==========================================================
2026-04-16 09:38:05.046 [INFO    ] orchestrator: engine:   Total windows:         600 (295 UP, 305 DOWN)
2026-04-16 09:38:05.046 [INFO    ] orchestrator: engine:   Walk-forward folds:    8 (6 test iterations)
2026-04-16 09:38:05.047 [INFO    ] orchestrator: engine:   OOS base rate:         49.1% UP (450 test windows total)
2026-04-16 09:38:05.047 [INFO    ] orchestrator: engine:   Configs swept:         150480
2026-04-16 09:38:05.047 [INFO    ] orchestrator: engine:   Viable WF-OOS signals: 90
2026-04-16 09:38:05.048 [INFO    ] orchestrator: engine:   Compute time:          4.59s
2026-04-16 09:38:05.048 [INFO    ] orchestrator: engine: ==========================================================
2026-04-16 09:38:05.049 [INFO    ] orchestrator: engine produced: signals_summary_1776321484.json
2026-04-16 09:38:05.050 [INFO    ] orchestrator: cleaned up old summary: signals_summary_1776312422.json
2026-04-16 09:38:05.051 [INFO    ] orchestrator: ranked 20 signals — top candidates:
2026-04-16 09:38:05.051 [INFO    ] orchestrator:   #1 DOWN  score=  6.08  SILVER  folds=5/6  WR=96.2%  consWR=93.2%  entry=$0.86  ev=$0.0673
2026-04-16 09:38:05.051 [INFO    ] orchestrator:   #2 DOWN  score=  3.48  BRONZE  folds=4/6  WR=97.4%  consWR=94.4%  entry=$0.89  ev=$0.0503
2026-04-16 09:38:05.051 [INFO    ] orchestrator:   #3 DOWN  score=  3.36  SILVER  folds=5/6  WR=90.7%  consWR=87.7%  entry=$0.83  ev=$0.0433
2026-04-16 09:38:05.052 [INFO    ] orchestrator:   #4 DOWN  score=  3.14  BRONZE  folds=4/6  WR=95.7%  consWR=92.7%  entry=$0.89  ev=$0.0379
2026-04-16 09:38:05.052 [INFO    ] orchestrator:   #5 DOWN  score=  2.97  BRONZE  folds=4/6  WR=100.0%  consWR=97.0%  entry=$0.93  ev=$0.0415
2026-04-16 09:38:05.217 [INFO    ] orchestrator: identity dedupe: pulled 5 paper fire(s) from bot
2026-04-16 09:38:05.218 [INFO    ] orchestrator: identity dedupe: down_250.0_220.0_0.11_0.1 has been top for 4 cycles but no paper fire history yet — no suppression
2026-04-16 09:38:05.218 [INFO    ] orchestrator: DELIVERING SILVER signal: #1 Down [250s->220s] d>=0.11% v<=0.1%
2026-04-16 09:38:05.219 [INFO    ] orchestrator:   score=6.08  WR=96.2%  consWR=93.2%  entry=$0.86  ev=$0.0673  folds=[3, 4, 5, 6, 7]
2026-04-16 09:38:05.383 [INFO    ] shared.ipc: IPC: signal delivered successfully (authenticated ack)
2026-04-16 09:38:05.383 [INFO    ] orchestrator: silver signal delivered to bot
2026-04-16 09:53:05.384 [INFO    ] orchestrator: --- cycle start [06:53:05 UTC] ---
2026-04-16 09:53:05.392 [INFO    ] orchestrator: data quality check passed: 600 windows available
2026-04-16 09:53:05.392 [INFO    ] orchestrator: starting engine: C:\Users\operator\Desktop\PolySignalLab\PolySignalEngine\build\Release\PolySignalEngine.exe C:\Users\operator\Desktop\PolySignalLab\PolyDataCollector\data --output-dir C:\Users\operator\Desktop\PolySignalLab\engine_output
2026-04-16 09:53:11.251 [INFO    ] orchestrator: engine: ==========================================================
2026-04-16 09:53:11.251 [INFO    ] orchestrator: engine:   SUMMARY
2026-04-16 09:53:11.253 [INFO    ] orchestrator: engine: ==========================================================
2026-04-16 09:53:11.253 [INFO    ] orchestrator: engine:   Total windows:         600 (295 UP, 305 DOWN)
2026-04-16 09:53:11.254 [INFO    ] orchestrator: engine:   Walk-forward folds:    8 (6 test iterations)
2026-04-16 09:53:11.254 [INFO    ] orchestrator: engine:   OOS base rate:         49.1% UP (450 test windows total)
2026-04-16 09:53:11.254 [INFO    ] orchestrator: engine:   Configs swept:         150480
2026-04-16 09:53:11.254 [INFO    ] orchestrator: engine:   Viable WF-OOS signals: 86
2026-04-16 09:53:11.255 [INFO    ] orchestrator: engine:   Compute time:          4.57s
2026-04-16 09:53:11.255 [INFO    ] orchestrator: engine: ==========================================================
2026-04-16 09:53:11.256 [INFO    ] orchestrator: engine produced: signals_summary_1776322391.json
2026-04-16 09:53:11.257 [INFO    ] orchestrator: cleaned up old summary: signals_summary_1776313328.json
2026-04-16 09:53:11.258 [INFO    ] orchestrator: ranked 20 signals — top candidates:
2026-04-16 09:53:11.258 [INFO    ] orchestrator:   #1 DOWN  score=  3.45  SILVER  folds=5/6  WR=96.4%  consWR=93.4%  entry=$0.88  ev=$0.0500
2026-04-16 09:53:11.259 [INFO    ] orchestrator:   #2 DOWN  score=  3.36  SILVER  folds=5/6  WR=90.7%  consWR=87.7%  entry=$0.83  ev=$0.0433
2026-04-16 09:53:11.259 [INFO    ] orchestrator:   #3 DOWN  score=  2.96  SILVER  folds=5/6  WR=92.3%  consWR=89.3%  entry=$0.86  ev=$0.0341
2026-04-16 09:53:11.260 [INFO    ] orchestrator:   #4 DOWN  score=  2.79  BRONZE  folds=3/6  WR=90.7%  consWR=87.7%  entry=$0.82  ev=$0.0565
2026-04-16 09:53:11.260 [INFO    ] orchestrator:   #5 DOWN  score=  2.70  BRONZE  folds=4/6  WR=100.0%  consWR=97.0%  entry=$0.92  ev=$0.0472
2026-04-16 09:53:11.423 [INFO    ] orchestrator: identity dedupe: pulled 5 paper fire(s) from bot
2026-04-16 09:53:11.423 [INFO    ] orchestrator: no signal passed all delivery gates — not sending to bot
2026-04-16 09:53:11.424 [INFO    ] orchestrator:   gate rejection breakdown (1 candidate(s) evaluated):
2026-04-16 09:53:11.425 [INFO    ] orchestrator:     #1 Down [240s->160s] d>=0.11% v<=0.05%       score=  3.45  failed: SCORE (got 3.45, need >= 4.00)
2026-04-16 09:53:11.425 [INFO    ] orchestrator:     (+ 19 lower-ranked candidate(s) implicitly failed SCORE gate)
2026-04-16 10:08:11.432 [INFO    ] orchestrator: --- cycle start [07:08:11 UTC] ---
2026-04-16 10:08:11.439 [INFO    ] orchestrator: data quality check passed: 600 windows available
2026-04-16 10:08:11.439 [INFO    ] orchestrator: starting engine: C:\Users\operator\Desktop\PolySignalLab\PolySignalEngine\build\Release\PolySignalEngine.exe C:\Users\operator\Desktop\PolySignalLab\PolyDataCollector\data --output-dir C:\Users\operator\Desktop\PolySignalLab\engine_output
2026-04-16 10:08:17.385 [INFO    ] orchestrator: engine: ==========================================================
2026-04-16 10:08:17.386 [INFO    ] orchestrator: engine:   SUMMARY
2026-04-16 10:08:17.386 [INFO    ] orchestrator: engine: ==========================================================
2026-04-16 10:08:17.386 [INFO    ] orchestrator: engine:   Total windows:         600 (295 UP, 305 DOWN)
2026-04-16 10:08:17.387 [INFO    ] orchestrator: engine:   Walk-forward folds:    8 (6 test iterations)
2026-04-16 10:08:17.387 [INFO    ] orchestrator: engine:   OOS base rate:         48.9% UP (450 test windows total)
2026-04-16 10:08:17.387 [INFO    ] orchestrator: engine:   Configs swept:         150480
2026-04-16 10:08:17.388 [INFO    ] orchestrator: engine:   Viable WF-OOS signals: 79
2026-04-16 10:08:17.388 [INFO    ] orchestrator: engine:   Compute time:          4.65s
2026-04-16 10:08:17.388 [INFO    ] orchestrator: engine: ==========================================================
2026-04-16 10:08:17.389 [INFO    ] orchestrator: engine produced: signals_summary_1776323297.json
2026-04-16 10:08:17.390 [INFO    ] orchestrator: cleaned up old summary: signals_summary_1776314235.json
2026-04-16 10:08:17.391 [INFO    ] orchestrator: ranked 20 signals — top candidates:
2026-04-16 10:08:17.391 [INFO    ] orchestrator:   #1 DOWN  score=  4.11  BRONZE  folds=4/6  WR=94.1%  consWR=91.1%  entry=$0.85  ev=$0.0606
2026-04-16 10:08:17.391 [INFO    ] orchestrator:   #2 DOWN  score=  4.07  BRONZE  folds=3/6  WR=98.1%  consWR=95.1%  entry=$0.89  ev=$0.0632
2026-04-16 10:08:17.392 [INFO    ] orchestrator:   #3 DOWN  score=  3.64  BRONZE  folds=4/6  WR=98.2%  consWR=95.2%  entry=$0.90  ev=$0.0535
2026-04-16 10:08:17.392 [INFO    ] orchestrator:   #4 DOWN  score=  3.45  SILVER  folds=5/6  WR=96.4%  consWR=93.4%  entry=$0.88  ev=$0.0500
2026-04-16 10:08:17.392 [INFO    ] orchestrator:   #5 DOWN  score=  3.28  BRONZE  folds=4/6  WR=100.0%  consWR=97.0%  entry=$0.92  ev=$0.0459
2026-04-16 10:08:17.557 [INFO    ] orchestrator: identity dedupe: pulled 5 paper fire(s) from bot
2026-04-16 10:08:17.557 [INFO    ] orchestrator: DELIVERING BRONZE signal: #1 Down [220s->180s] d>=0.08% v<=0.05%
2026-04-16 10:08:17.558 [INFO    ] orchestrator:   score=4.11  WR=94.1%  consWR=91.1%  entry=$0.85  ev=$0.0606  folds=[3, 4, 5, 7]
2026-04-16 10:08:17.723 [INFO    ] shared.ipc: IPC: signal delivered successfully (authenticated ack)
2026-04-16 10:08:17.724 [INFO    ] orchestrator: bronze signal delivered to bot
2026-04-16 10:23:17.736 [INFO    ] orchestrator: --- cycle start [07:23:17 UTC] ---
2026-04-16 10:23:17.744 [INFO    ] orchestrator: data quality check passed: 600 windows available
2026-04-16 10:23:17.745 [INFO    ] orchestrator: starting engine: C:\Users\operator\Desktop\PolySignalLab\PolySignalEngine\build\Release\PolySignalEngine.exe C:\Users\operator\Desktop\PolySignalLab\PolyDataCollector\data --output-dir C:\Users\operator\Desktop\PolySignalLab\engine_output
2026-04-16 10:23:23.631 [INFO    ] orchestrator: engine: ==========================================================
2026-04-16 10:23:23.632 [INFO    ] orchestrator: engine:   SUMMARY
2026-04-16 10:23:23.632 [INFO    ] orchestrator: engine: ==========================================================
2026-04-16 10:23:23.633 [INFO    ] orchestrator: engine:   Total windows:         600 (295 UP, 305 DOWN)
2026-04-16 10:23:23.633 [INFO    ] orchestrator: engine:   Walk-forward folds:    8 (6 test iterations)
2026-04-16 10:23:23.633 [INFO    ] orchestrator: engine:   OOS base rate:         49.1% UP (450 test windows total)
2026-04-16 10:23:23.634 [INFO    ] orchestrator: engine:   Configs swept:         150480
2026-04-16 10:23:23.634 [INFO    ] orchestrator: engine:   Viable WF-OOS signals: 84
2026-04-16 10:23:23.635 [INFO    ] orchestrator: engine:   Compute time:          4.62s
2026-04-16 10:23:23.635 [INFO    ] orchestrator: engine: ==========================================================
2026-04-16 10:23:23.636 [INFO    ] orchestrator: engine produced: signals_summary_1776324203.json
2026-04-16 10:23:23.637 [INFO    ] orchestrator: cleaned up old summary: signals_summary_1776315141.json
2026-04-16 10:23:23.638 [INFO    ] orchestrator: ranked 20 signals — top candidates:
2026-04-16 10:23:23.638 [INFO    ] orchestrator:   #1 DOWN  score=  3.84  BRONZE  folds=3/6  WR=98.2%  consWR=95.2%  entry=$0.89  ev=$0.0594
2026-04-16 10:23:23.639 [INFO    ] orchestrator:   #2 DOWN  score=  3.32  SILVER  folds=5/6  WR=96.4%  consWR=93.4%  entry=$0.89  ev=$0.0482
2026-04-16 10:23:23.639 [INFO    ] orchestrator:   #3 DOWN  score=  3.29  BRONZE  folds=2/6  WR=100.0%  consWR=97.0%  entry=$0.87  ev=$0.0988
2026-04-16 10:23:23.639 [INFO    ] orchestrator:   #4 DOWN  score=  3.27  BRONZE  folds=4/6  WR=87.3%  consWR=84.3%  entry=$0.79  ev=$0.0533
2026-04-16 10:23:23.640 [INFO    ] orchestrator:   #5 DOWN  score=  3.08  BRONZE  folds=4/6  WR=98.7%  consWR=95.7%  entry=$0.91  ev=$0.0446
2026-04-16 10:23:23.804 [INFO    ] orchestrator: identity dedupe: pulled 5 paper fire(s) from bot
2026-04-16 10:23:23.804 [INFO    ] orchestrator: no signal passed all delivery gates — not sending to bot
2026-04-16 10:23:23.805 [INFO    ] orchestrator:   gate rejection breakdown (1 candidate(s) evaluated):
2026-04-16 10:23:23.805 [INFO    ] orchestrator:     #1 Down [240s->120s] d>=0.07% v<=0.05%       score=  3.84  failed: SCORE (got 3.84, need >= 4.00)
2026-04-16 10:23:23.805 [INFO    ] orchestrator:     (+ 19 lower-ranked candidate(s) implicitly failed SCORE gate)
2026-04-16 10:38:23.807 [INFO    ] orchestrator: --- cycle start [07:38:23 UTC] ---
2026-04-16 10:38:23.814 [INFO    ] orchestrator: data quality check passed: 600 windows available
2026-04-16 10:38:23.815 [INFO    ] orchestrator: starting engine: C:\Users\operator\Desktop\PolySignalLab\PolySignalEngine\build\Release\PolySignalEngine.exe C:\Users\operator\Desktop\PolySignalLab\PolyDataCollector\data --output-dir C:\Users\operator\Desktop\PolySignalLab\engine_output
2026-04-16 10:38:29.765 [INFO    ] orchestrator: engine: ==========================================================
2026-04-16 10:38:29.766 [INFO    ] orchestrator: engine:   SUMMARY
2026-04-16 10:38:29.766 [INFO    ] orchestrator: engine: ==========================================================
2026-04-16 10:38:29.766 [INFO    ] orchestrator: engine:   Total windows:         600 (294 UP, 306 DOWN)
2026-04-16 10:38:29.767 [INFO    ] orchestrator: engine:   Walk-forward folds:    8 (6 test iterations)
2026-04-16 10:38:29.767 [INFO    ] orchestrator: engine:   OOS base rate:         48.7% UP (450 test windows total)
2026-04-16 10:38:29.767 [INFO    ] orchestrator: engine:   Configs swept:         150480
2026-04-16 10:38:29.768 [INFO    ] orchestrator: engine:   Viable WF-OOS signals: 84
2026-04-16 10:38:29.768 [INFO    ] orchestrator: engine:   Compute time:          4.66s
2026-04-16 10:38:29.769 [INFO    ] orchestrator: engine: ==========================================================
2026-04-16 10:38:29.769 [INFO    ] orchestrator: engine produced: signals_summary_1776325109.json
2026-04-16 10:38:29.770 [INFO    ] orchestrator: cleaned up old summary: signals_summary_1776316047.json
2026-04-16 10:38:29.771 [INFO    ] orchestrator: ranked 20 signals — top candidates:
2026-04-16 10:38:29.771 [INFO    ] orchestrator:   #1 DOWN  score=  5.72  SILVER  folds=5/6  WR=96.2%  consWR=93.2%  entry=$0.87  ev=$0.0627
2026-04-16 10:38:29.772 [INFO    ] orchestrator:   #2 DOWN  score=  3.25  BRONZE  folds=4/6  WR=100.0%  consWR=97.0%  entry=$0.92  ev=$0.0455
2026-04-16 10:38:29.772 [INFO    ] orchestrator:   #3 DOWN  score=  3.05  BRONZE  folds=3/6  WR=95.7%  consWR=92.7%  entry=$0.87  ev=$0.0517
2026-04-16 10:38:29.772 [INFO    ] orchestrator:   #4 DOWN  score=  3.01  BRONZE  folds=4/6  WR=100.0%  consWR=97.0%  entry=$0.93  ev=$0.0371
2026-04-16 10:38:29.773 [INFO    ] orchestrator:   #5 DOWN  score=  2.80  SILVER  folds=5/6  WR=90.5%  consWR=87.5%  entry=$0.84  ev=$0.0348
2026-04-16 10:38:29.937 [INFO    ] orchestrator: identity dedupe: pulled 5 paper fire(s) from bot
2026-04-16 10:38:29.937 [INFO    ] orchestrator: DELIVERING SILVER signal: #1 Down [250s->220s] d>=0.11% v<=0.1%
2026-04-16 10:38:29.938 [INFO    ] orchestrator:   score=5.72  WR=96.2%  consWR=93.2%  entry=$0.87  ev=$0.0627  folds=[3, 4, 5, 6, 7]
2026-04-16 10:38:30.101 [INFO    ] shared.ipc: IPC: signal delivered successfully (authenticated ack)
2026-04-16 10:38:30.101 [INFO    ] orchestrator: silver signal delivered to bot
2026-04-16 10:53:30.104 [INFO    ] orchestrator: --- cycle start [07:53:30 UTC] ---
2026-04-16 10:53:30.111 [INFO    ] orchestrator: data quality check passed: 600 windows available
2026-04-16 10:53:30.112 [INFO    ] orchestrator: starting engine: C:\Users\operator\Desktop\PolySignalLab\PolySignalEngine\build\Release\PolySignalEngine.exe C:\Users\operator\Desktop\PolySignalLab\PolyDataCollector\data --output-dir C:\Users\operator\Desktop\PolySignalLab\engine_output
2026-04-16 10:53:36.225 [INFO    ] orchestrator: engine: ==========================================================
2026-04-16 10:53:36.227 [INFO    ] orchestrator: engine:   SUMMARY
2026-04-16 10:53:36.227 [INFO    ] orchestrator: engine: ==========================================================
2026-04-16 10:53:36.228 [INFO    ] orchestrator: engine:   Total windows:         600 (294 UP, 306 DOWN)
2026-04-16 10:53:36.228 [INFO    ] orchestrator: engine:   Walk-forward folds:    8 (6 test iterations)
2026-04-16 10:53:36.229 [INFO    ] orchestrator: engine:   OOS base rate:         48.0% UP (450 test windows total)
2026-04-16 10:53:36.229 [INFO    ] orchestrator: engine:   Configs swept:         150480
2026-04-16 10:53:36.229 [INFO    ] orchestrator: engine:   Viable WF-OOS signals: 87
2026-04-16 10:53:36.230 [INFO    ] orchestrator: engine:   Compute time:          4.80s
2026-04-16 10:53:36.230 [INFO    ] orchestrator: engine: ==========================================================
2026-04-16 10:53:36.230 [INFO    ] orchestrator: engine produced: signals_summary_1776326016.json
2026-04-16 10:53:36.231 [INFO    ] orchestrator: cleaned up old summary: signals_summary_1776316953.json
2026-04-16 10:53:36.231 [INFO    ] orchestrator: ranked 20 signals — top candidates:
2026-04-16 10:53:36.232 [INFO    ] orchestrator:   #1 DOWN  score=  5.05  SILVER  folds=5/6  WR=95.8%  consWR=92.8%  entry=$0.87  ev=$0.0554
2026-04-16 10:53:36.232 [INFO    ] orchestrator:   #2 DOWN  score=  3.92  BRONZE  folds=2/6  WR=100.0%  consWR=97.0%  entry=$0.90  ev=$0.0748
2026-04-16 10:53:36.232 [INFO    ] orchestrator:   #3 DOWN  score=  3.15  BRONZE  folds=4/6  WR=97.7%  consWR=94.7%  entry=$0.89  ev=$0.0525
2026-04-16 10:53:36.234 [INFO    ] orchestrator:   #4 UP    score=  2.87  BRONZE  folds=3/6  WR=100.0%  consWR=97.0%  entry=$0.92  ev=$0.0548
2026-04-16 10:53:36.234 [INFO    ] orchestrator:   #5 DOWN  score=  2.80  BRONZE  folds=4/6  WR=100.0%  consWR=97.0%  entry=$0.93  ev=$0.0393
2026-04-16 10:53:36.399 [INFO    ] orchestrator: identity dedupe: pulled 5 paper fire(s) from bot
2026-04-16 10:53:36.399 [INFO    ] orchestrator: DELIVERING SILVER signal: #1 Down [250s->220s] d>=0.11% v<=0.1%
2026-04-16 10:53:36.400 [INFO    ] orchestrator:   score=5.05  WR=95.8%  consWR=92.8%  entry=$0.87  ev=$0.0554  folds=[3, 4, 5, 6, 7]
2026-04-16 10:53:36.577 [INFO    ] shared.ipc: IPC: signal delivered successfully (authenticated ack)
2026-04-16 10:53:36.577 [INFO    ] orchestrator: silver signal delivered to bot
2026-04-16 11:08:36.583 [INFO    ] orchestrator: --- cycle start [08:08:36 UTC] ---
2026-04-16 11:08:36.590 [INFO    ] orchestrator: data quality check passed: 600 windows available
2026-04-16 11:08:36.591 [INFO    ] orchestrator: starting engine: C:\Users\operator\Desktop\PolySignalLab\PolySignalEngine\build\Release\PolySignalEngine.exe C:\Users\operator\Desktop\PolySignalLab\PolyDataCollector\data --output-dir C:\Users\operator\Desktop\PolySignalLab\engine_output
2026-04-16 11:08:42.761 [INFO    ] orchestrator: engine: ==========================================================
2026-04-16 11:08:42.761 [INFO    ] orchestrator: engine:   SUMMARY
2026-04-16 11:08:42.762 [INFO    ] orchestrator: engine: ==========================================================
2026-04-16 11:08:42.762 [INFO    ] orchestrator: engine:   Total windows:         600 (294 UP, 306 DOWN)
2026-04-16 11:08:42.762 [INFO    ] orchestrator: engine:   Walk-forward folds:    8 (6 test iterations)
2026-04-16 11:08:42.763 [INFO    ] orchestrator: engine:   OOS base rate:         47.8% UP (450 test windows total)
2026-04-16 11:08:42.763 [INFO    ] orchestrator: engine:   Configs swept:         150480
2026-04-16 11:08:42.763 [INFO    ] orchestrator: engine:   Viable WF-OOS signals: 93
2026-04-16 11:08:42.764 [INFO    ] orchestrator: engine:   Compute time:          4.87s
2026-04-16 11:08:42.764 [INFO    ] orchestrator: engine: ==========================================================
2026-04-16 11:08:42.765 [INFO    ] orchestrator: engine produced: signals_summary_1776326922.json
2026-04-16 11:08:42.766 [INFO    ] orchestrator: cleaned up old summary: signals_summary_1776317859.json
2026-04-16 11:08:42.767 [INFO    ] orchestrator: ranked 20 signals — top candidates:
2026-04-16 11:08:42.767 [INFO    ] orchestrator:   #1 DOWN  score=  5.01  SILVER  folds=5/6  WR=96.0%  consWR=93.0%  entry=$0.87  ev=$0.0552
2026-04-16 11:08:42.768 [INFO    ] orchestrator:   #2 DOWN  score=  4.47  BRONZE  folds=4/6  WR=96.9%  consWR=93.9%  entry=$0.88  ev=$0.0627
2026-04-16 11:08:42.768 [INFO    ] orchestrator:   #3 DOWN  score=  3.77  BRONZE  folds=2/6  WR=100.0%  consWR=97.0%  entry=$0.90  ev=$0.0719
2026-04-16 11:08:42.769 [INFO    ] orchestrator:   #4 DOWN  score=  3.44  SILVER  folds=5/6  WR=100.0%  consWR=97.0%  entry=$0.92  ev=$0.0451
2026-04-16 11:08:42.769 [INFO    ] orchestrator:   #5 DOWN  score=  3.24  SILVER  folds=5/6  WR=96.5%  consWR=93.5%  entry=$0.89  ev=$0.0474
2026-04-16 11:08:42.943 [INFO    ] orchestrator: identity dedupe: pulled 5 paper fire(s) from bot
2026-04-16 11:08:42.943 [INFO    ] orchestrator: DELIVERING SILVER signal: #1 Down [250s->220s] d>=0.11% v<=0.1%
2026-04-16 11:08:42.944 [INFO    ] orchestrator:   score=5.01  WR=96.0%  consWR=93.0%  entry=$0.87  ev=$0.0552  folds=[3, 4, 5, 6, 7]
2026-04-16 11:08:43.118 [INFO    ] shared.ipc: IPC: signal delivered successfully (authenticated ack)
2026-04-16 11:08:43.118 [INFO    ] orchestrator: silver signal delivered to bot
2026-04-16 11:23:43.133 [INFO    ] orchestrator: --- cycle start [08:23:43 UTC] ---
2026-04-16 11:23:43.140 [INFO    ] orchestrator: data quality check passed: 600 windows available
2026-04-16 11:23:43.141 [INFO    ] orchestrator: starting engine: C:\Users\operator\Desktop\PolySignalLab\PolySignalEngine\build\Release\PolySignalEngine.exe C:\Users\operator\Desktop\PolySignalLab\PolyDataCollector\data --output-dir C:\Users\operator\Desktop\PolySignalLab\engine_output
2026-04-16 11:23:49.224 [INFO    ] orchestrator: engine: ==========================================================
2026-04-16 11:23:49.225 [INFO    ] orchestrator: engine:   SUMMARY
2026-04-16 11:23:49.225 [INFO    ] orchestrator: engine: ==========================================================
2026-04-16 11:23:49.226 [INFO    ] orchestrator: engine:   Total windows:         600 (293 UP, 307 DOWN)
2026-04-16 11:23:49.226 [INFO    ] orchestrator: engine:   Walk-forward folds:    8 (6 test iterations)
2026-04-16 11:23:49.227 [INFO    ] orchestrator: engine:   OOS base rate:         47.6% UP (450 test windows total)
2026-04-16 11:23:49.227 [INFO    ] orchestrator: engine:   Configs swept:         150480
2026-04-16 11:23:49.228 [INFO    ] orchestrator: engine:   Viable WF-OOS signals: 82
2026-04-16 11:23:49.228 [INFO    ] orchestrator: engine:   Compute time:          4.77s
2026-04-16 11:23:49.228 [INFO    ] orchestrator: engine: ==========================================================
2026-04-16 11:23:49.229 [INFO    ] orchestrator: engine produced: signals_summary_1776327829.json
2026-04-16 11:23:49.230 [INFO    ] orchestrator: cleaned up old summary: signals_summary_1776318766.json
2026-04-16 11:23:49.231 [INFO    ] orchestrator: ranked 20 signals — top candidates:
2026-04-16 11:23:49.232 [INFO    ] orchestrator:   #1 DOWN  score=  4.99  SILVER  folds=5/6  WR=96.0%  consWR=93.0%  entry=$0.87  ev=$0.0552
2026-04-16 11:23:49.232 [INFO    ] orchestrator:   #2 DOWN  score=  4.05  SILVER  folds=5/6  WR=100.0%  consWR=97.0%  entry=$0.92  ev=$0.0473
2026-04-16 11:23:49.233 [INFO    ] orchestrator:   #3 DOWN  score=  4.01  BRONZE  folds=2/6  WR=100.0%  consWR=97.0%  entry=$0.88  ev=$0.0936
2026-04-16 11:23:49.233 [INFO    ] orchestrator:   #4 DOWN  score=  3.22  BRONZE  folds=3/6  WR=100.0%  consWR=97.0%  entry=$0.89  ev=$0.0846
2026-04-16 11:23:49.233 [INFO    ] orchestrator:   #5 DOWN  score=  2.86  BRONZE  folds=4/6  WR=100.0%  consWR=97.0%  entry=$0.93  ev=$0.0400
2026-04-16 11:23:49.405 [INFO    ] orchestrator: identity dedupe: pulled 5 paper fire(s) from bot
2026-04-16 11:23:49.406 [INFO    ] orchestrator: identity dedupe: down_250.0_220.0_0.11_0.1 has been top for 4 cycles but no paper fire history yet — no suppression
2026-04-16 11:23:49.406 [INFO    ] orchestrator: DELIVERING SILVER signal: #1 Down [250s->220s] d>=0.11% v<=0.1%
2026-04-16 11:23:49.407 [INFO    ] orchestrator:   score=4.99  WR=96.0%  consWR=93.0%  entry=$0.87  ev=$0.0552  folds=[3, 4, 5, 6, 7]
2026-04-16 11:23:49.578 [INFO    ] shared.ipc: IPC: signal delivered successfully (authenticated ack)
2026-04-16 11:23:49.579 [INFO    ] orchestrator: silver signal delivered to bot
2026-04-16 11:38:49.590 [INFO    ] orchestrator: --- cycle start [08:38:49 UTC] ---
2026-04-16 11:38:49.597 [INFO    ] orchestrator: data quality check passed: 600 windows available
2026-04-16 11:38:49.598 [INFO    ] orchestrator: starting engine: C:\Users\operator\Desktop\PolySignalLab\PolySignalEngine\build\Release\PolySignalEngine.exe C:\Users\operator\Desktop\PolySignalLab\PolyDataCollector\data --output-dir C:\Users\operator\Desktop\PolySignalLab\engine_output
2026-04-16 11:38:55.709 [INFO    ] orchestrator: engine: ==========================================================
2026-04-16 11:38:55.710 [INFO    ] orchestrator: engine:   SUMMARY
2026-04-16 11:38:55.710 [INFO    ] orchestrator: engine: ==========================================================
2026-04-16 11:38:55.711 [INFO    ] orchestrator: engine:   Total windows:         600 (294 UP, 306 DOWN)
2026-04-16 11:38:55.711 [INFO    ] orchestrator: engine:   Walk-forward folds:    8 (6 test iterations)
2026-04-16 11:38:55.711 [INFO    ] orchestrator: engine:   OOS base rate:         48.0% UP (450 test windows total)
2026-04-16 11:38:55.712 [INFO    ] orchestrator: engine:   Configs swept:         150480
2026-04-16 11:38:55.712 [INFO    ] orchestrator: engine:   Viable WF-OOS signals: 86
2026-04-16 11:38:55.712 [INFO    ] orchestrator: engine:   Compute time:          4.84s
2026-04-16 11:38:55.713 [INFO    ] orchestrator: engine: ==========================================================
2026-04-16 11:38:55.714 [INFO    ] orchestrator: engine produced: signals_summary_1776328735.json
2026-04-16 11:38:55.714 [INFO    ] orchestrator: cleaned up old summary: signals_summary_1776319672.json
2026-04-16 11:38:55.715 [INFO    ] orchestrator: ranked 20 signals — top candidates:
2026-04-16 11:38:55.716 [INFO    ] orchestrator:   #1 DOWN  score=  4.19  BRONZE  folds=2/6  WR=100.0%  consWR=97.0%  entry=$0.87  ev=$0.0978
2026-04-16 11:38:55.716 [INFO    ] orchestrator:   #2 DOWN  score=  3.28  BRONZE  folds=4/6  WR=100.0%  consWR=97.0%  entry=$0.92  ev=$0.0492
2026-04-16 11:38:55.716 [INFO    ] orchestrator:   #3 DOWN  score=  3.18  BRONZE  folds=3/6  WR=100.0%  consWR=97.0%  entry=$0.89  ev=$0.0835
2026-04-16 11:38:55.716 [INFO    ] orchestrator:   #4 DOWN  score=  2.90  GOLDEN  folds=6/6  WR=98.0%  consWR=95.0%  entry=$0.92  ev=$0.0302
2026-04-16 11:38:55.717 [INFO    ] orchestrator:   #5 DOWN  score=  2.80  BRONZE  folds=2/6  WR=96.2%  consWR=93.2%  entry=$0.84  ev=$0.0865
2026-04-16 11:38:55.878 [INFO    ] orchestrator: identity dedupe: pulled 5 paper fire(s) from bot
2026-04-16 11:38:55.879 [INFO    ] orchestrator: no signal passed all delivery gates — not sending to bot
2026-04-16 11:38:55.880 [INFO    ] orchestrator:   gate rejection breakdown (2 candidate(s) evaluated):
2026-04-16 11:38:55.880 [INFO    ] orchestrator:     #1 Down [290s->110s] d>=0.07% v<=0.05%       score=  4.19  failed: RECENCY (folds=[5, 6], missing most-recent fold 7)
2026-04-16 11:38:55.880 [INFO    ] orchestrator:     #2 Down [270s->120s] d>=0.11% v<=0.05%       score=  3.28  failed: SCORE (got 3.28, need >= 4.00)
2026-04-16 11:38:55.881 [INFO    ] orchestrator:     (+ 18 lower-ranked candidate(s) implicitly failed SCORE gate)
2026-04-16 11:53:55.895 [INFO    ] orchestrator: --- cycle start [08:53:55 UTC] ---
2026-04-16 11:53:55.902 [INFO    ] orchestrator: data quality check passed: 600 windows available
2026-04-16 11:53:55.903 [INFO    ] orchestrator: starting engine: C:\Users\operator\Desktop\PolySignalLab\PolySignalEngine\build\Release\PolySignalEngine.exe C:\Users\operator\Desktop\PolySignalLab\PolyDataCollector\data --output-dir C:\Users\operator\Desktop\PolySignalLab\engine_output
2026-04-16 11:54:02.165 [INFO    ] orchestrator: engine: ==========================================================
2026-04-16 11:54:02.165 [INFO    ] orchestrator: engine:   SUMMARY
2026-04-16 11:54:02.165 [INFO    ] orchestrator: engine: ==========================================================
2026-04-16 11:54:02.166 [INFO    ] orchestrator: engine:   Total windows:         600 (294 UP, 306 DOWN)
2026-04-16 11:54:02.166 [INFO    ] orchestrator: engine:   Walk-forward folds:    8 (6 test iterations)
2026-04-16 11:54:02.166 [INFO    ] orchestrator: engine:   OOS base rate:         47.8% UP (450 test windows total)
2026-04-16 11:54:02.167 [INFO    ] orchestrator: engine:   Configs swept:         150480
2026-04-16 11:54:02.167 [INFO    ] orchestrator: engine:   Viable WF-OOS signals: 87
2026-04-16 11:54:02.167 [INFO    ] orchestrator: engine:   Compute time:          4.98s
2026-04-16 11:54:02.168 [INFO    ] orchestrator: engine: ==========================================================
2026-04-16 11:54:02.169 [INFO    ] orchestrator: engine produced: signals_summary_1776329642.json
2026-04-16 11:54:02.169 [INFO    ] orchestrator: cleaned up old summary: signals_summary_1776320578.json
2026-04-16 11:54:02.170 [INFO    ] orchestrator: ranked 20 signals — top candidates:
2026-04-16 11:54:02.170 [INFO    ] orchestrator:   #1 DOWN  score=  4.65  BRONZE  folds=3/6  WR=100.0%  consWR=97.0%  entry=$0.89  ev=$0.0813
2026-04-16 11:54:02.171 [INFO    ] orchestrator:   #2 DOWN  score=  4.37  BRONZE  folds=4/6  WR=96.3%  consWR=93.3%  entry=$0.87  ev=$0.0644
2026-04-16 11:54:02.171 [INFO    ] orchestrator:   #3 DOWN  score=  4.25  SILVER  folds=5/6  WR=96.7%  consWR=93.7%  entry=$0.89  ev=$0.0473
2026-04-16 11:54:02.171 [INFO    ] orchestrator:   #4 DOWN  score=  3.62  BRONZE  folds=2/6  WR=100.0%  consWR=97.0%  entry=$0.86  ev=$0.1085
2026-04-16 11:54:02.172 [INFO    ] orchestrator:   #5 DOWN  score=  3.19  BRONZE  folds=3/6  WR=95.7%  consWR=92.7%  entry=$0.86  ev=$0.0713
2026-04-16 11:54:02.343 [INFO    ] orchestrator: identity dedupe: pulled 5 paper fire(s) from bot
2026-04-16 11:54:02.344 [INFO    ] orchestrator: DELIVERING BRONZE signal: #2 Down [230s->200s] d>=0.1% v<=0.1%
2026-04-16 11:54:02.344 [INFO    ] orchestrator:   score=4.37  WR=96.3%  consWR=93.3%  entry=$0.87  ev=$0.0644  folds=[3, 4, 5, 7]
2026-04-16 11:54:02.506 [INFO    ] shared.ipc: IPC: signal delivered successfully (authenticated ack)
2026-04-16 11:54:02.507 [INFO    ] orchestrator: bronze signal delivered to bot
2026-04-16 12:09:02.515 [INFO    ] orchestrator: --- cycle start [09:09:02 UTC] ---
2026-04-16 12:09:02.525 [INFO    ] orchestrator: data quality check passed: 600 windows available
2026-04-16 12:09:02.526 [INFO    ] orchestrator: starting engine: C:\Users\operator\Desktop\PolySignalLab\PolySignalEngine\build\Release\PolySignalEngine.exe C:\Users\operator\Desktop\PolySignalLab\PolyDataCollector\data --output-dir C:\Users\operator\Desktop\PolySignalLab\engine_output
2026-04-16 12:09:08.758 [INFO    ] orchestrator: engine: ==========================================================
2026-04-16 12:09:08.759 [INFO    ] orchestrator: engine:   SUMMARY
2026-04-16 12:09:08.759 [INFO    ] orchestrator: engine: ==========================================================
2026-04-16 12:09:08.759 [INFO    ] orchestrator: engine:   Total windows:         600 (293 UP, 307 DOWN)
2026-04-16 12:09:08.760 [INFO    ] orchestrator: engine:   Walk-forward folds:    8 (6 test iterations)
2026-04-16 12:09:08.760 [INFO    ] orchestrator: engine:   OOS base rate:         47.6% UP (450 test windows total)
2026-04-16 12:09:08.761 [INFO    ] orchestrator: engine:   Configs swept:         150480
2026-04-16 12:09:08.761 [INFO    ] orchestrator: engine:   Viable WF-OOS signals: 77
2026-04-16 12:09:08.761 [INFO    ] orchestrator: engine:   Compute time:          4.93s
2026-04-16 12:09:08.762 [INFO    ] orchestrator: engine: ==========================================================
2026-04-16 12:09:08.762 [INFO    ] orchestrator: engine produced: signals_summary_1776330548.json
2026-04-16 12:09:08.763 [INFO    ] orchestrator: cleaned up old summary: signals_summary_1776321484.json
2026-04-16 12:09:08.764 [INFO    ] orchestrator: ranked 20 signals — top candidates:
2026-04-16 12:09:08.764 [INFO    ] orchestrator:   #1 DOWN  score=  4.69  BRONZE  folds=3/6  WR=100.0%  consWR=97.0%  entry=$0.89  ev=$0.0820
2026-04-16 12:09:08.765 [INFO    ] orchestrator:   #2 DOWN  score=  4.12  SILVER  folds=5/6  WR=96.5%  consWR=93.5%  entry=$0.89  ev=$0.0459
2026-04-16 12:09:08.765 [INFO    ] orchestrator:   #3 DOWN  score=  4.11  SILVER  folds=5/6  WR=94.7%  consWR=91.7%  entry=$0.87  ev=$0.0458
2026-04-16 12:09:08.765 [INFO    ] orchestrator:   #4 DOWN  score=  3.43  BRONZE  folds=3/6  WR=100.0%  consWR=97.0%  entry=$0.90  ev=$0.0719
2026-04-16 12:09:08.766 [INFO    ] orchestrator:   #5 DOWN  score=  3.39  SILVER  folds=5/6  WR=96.2%  consWR=93.2%  entry=$0.88  ev=$0.0519
2026-04-16 12:09:08.925 [INFO    ] orchestrator: identity dedupe: pulled 5 paper fire(s) from bot
2026-04-16 12:09:08.925 [INFO    ] orchestrator: DELIVERING SILVER signal: #2 Down [230s->200s] d>=0.11% v<=0.1%
2026-04-16 12:09:08.926 [INFO    ] orchestrator:   score=4.12  WR=96.5%  consWR=93.5%  entry=$0.89  ev=$0.0459  folds=[3, 4, 5, 6, 7]
2026-04-16 12:09:09.084 [INFO    ] shared.ipc: IPC: signal delivered successfully (authenticated ack)
2026-04-16 12:09:09.084 [INFO    ] orchestrator: silver signal delivered to bot
2026-04-16 12:24:09.091 [INFO    ] orchestrator: --- cycle start [09:24:09 UTC] ---
2026-04-16 12:24:09.098 [INFO    ] orchestrator: data quality check passed: 600 windows available
2026-04-16 12:24:09.099 [INFO    ] orchestrator: starting engine: C:\Users\operator\Desktop\PolySignalLab\PolySignalEngine\build\Release\PolySignalEngine.exe C:\Users\operator\Desktop\PolySignalLab\PolyDataCollector\data --output-dir C:\Users\operator\Desktop\PolySignalLab\engine_output
2026-04-16 12:24:15.481 [INFO    ] orchestrator: engine: ==========================================================
2026-04-16 12:24:15.482 [INFO    ] orchestrator: engine:   SUMMARY
2026-04-16 12:24:15.482 [INFO    ] orchestrator: engine: ==========================================================
2026-04-16 12:24:15.483 [INFO    ] orchestrator: engine:   Total windows:         600 (292 UP, 308 DOWN)
2026-04-16 12:24:15.483 [INFO    ] orchestrator: engine:   Walk-forward folds:    8 (6 test iterations)
2026-04-16 12:24:15.484 [INFO    ] orchestrator: engine:   OOS base rate:         47.8% UP (450 test windows total)
2026-04-16 12:24:15.484 [INFO    ] orchestrator: engine:   Configs swept:         150480
2026-04-16 12:24:15.485 [INFO    ] orchestrator: engine:   Viable WF-OOS signals: 94
2026-04-16 12:24:15.485 [INFO    ] orchestrator: engine:   Compute time:          5.10s
2026-04-16 12:24:15.485 [INFO    ] orchestrator: engine: ==========================================================
2026-04-16 12:24:15.486 [INFO    ] orchestrator: engine produced: signals_summary_1776331455.json
2026-04-16 12:24:15.487 [INFO    ] orchestrator: cleaned up old summary: signals_summary_1776322391.json
2026-04-16 12:24:15.488 [INFO    ] orchestrator: ranked 20 signals — top candidates:
2026-04-16 12:24:15.488 [INFO    ] orchestrator:   #1 DOWN  score=  6.31  SILVER  folds=5/6  WR=97.2%  consWR=94.2%  entry=$0.87  ev=$0.0692
2026-04-16 12:24:15.489 [INFO    ] orchestrator:   #2 DOWN  score=  4.57  BRONZE  folds=3/6  WR=100.0%  consWR=97.0%  entry=$0.89  ev=$0.0800
2026-04-16 12:24:15.489 [INFO    ] orchestrator:   #3 DOWN  score=  4.54  GOLDEN  folds=6/6  WR=94.1%  consWR=91.1%  entry=$0.86  ev=$0.0485
2026-04-16 12:24:15.490 [INFO    ] orchestrator:   #4 DOWN  score=  4.16  BRONZE  folds=3/6  WR=96.0%  consWR=93.0%  entry=$0.83  ev=$0.0956
2026-04-16 12:24:15.490 [INFO    ] orchestrator:   #5 DOWN  score=  4.07  SILVER  folds=5/6  WR=96.4%  consWR=93.4%  entry=$0.89  ev=$0.0454
2026-04-16 12:24:15.669 [INFO    ] orchestrator: identity dedupe: pulled 5 paper fire(s) from bot
2026-04-16 12:24:15.670 [INFO    ] orchestrator: DELIVERING SILVER signal: #1 Down [230s->200s] d>=0.1% v<=0.1%
2026-04-16 12:24:15.671 [INFO    ] orchestrator:   score=6.31  WR=97.2%  consWR=94.2%  entry=$0.87  ev=$0.0692  folds=[3, 4, 5, 6, 7]
2026-04-16 12:24:15.830 [INFO    ] shared.ipc: IPC: signal delivered successfully (authenticated ack)
2026-04-16 12:24:15.831 [INFO    ] orchestrator: silver signal delivered to bot
2026-04-16 12:39:15.836 [INFO    ] orchestrator: --- cycle start [09:39:15 UTC] ---
2026-04-16 12:39:15.846 [INFO    ] orchestrator: data quality check passed: 600 windows available
2026-04-16 12:39:15.847 [INFO    ] orchestrator: starting engine: C:\Users\operator\Desktop\PolySignalLab\PolySignalEngine\build\Release\PolySignalEngine.exe C:\Users\operator\Desktop\PolySignalLab\PolyDataCollector\data --output-dir C:\Users\operator\Desktop\PolySignalLab\engine_output
2026-04-16 12:39:22.174 [INFO    ] orchestrator: engine: ==========================================================
2026-04-16 12:39:22.175 [INFO    ] orchestrator: engine:   SUMMARY
2026-04-16 12:39:22.175 [INFO    ] orchestrator: engine: ==========================================================
2026-04-16 12:39:22.176 [INFO    ] orchestrator: engine:   Total windows:         600 (293 UP, 307 DOWN)
2026-04-16 12:39:22.176 [INFO    ] orchestrator: engine:   Walk-forward folds:    8 (6 test iterations)
2026-04-16 12:39:22.176 [INFO    ] orchestrator: engine:   OOS base rate:         47.8% UP (450 test windows total)
2026-04-16 12:39:22.177 [INFO    ] orchestrator: engine:   Configs swept:         150480
2026-04-16 12:39:22.177 [INFO    ] orchestrator: engine:   Viable WF-OOS signals: 83
2026-04-16 12:39:22.177 [INFO    ] orchestrator: engine:   Compute time:          5.04s
2026-04-16 12:39:22.178 [INFO    ] orchestrator: engine: ==========================================================
2026-04-16 12:39:22.179 [INFO    ] orchestrator: engine produced: signals_summary_1776332362.json
2026-04-16 12:39:22.180 [INFO    ] orchestrator: cleaned up old summary: signals_summary_1776323297.json
2026-04-16 12:39:22.180 [INFO    ] orchestrator: ranked 20 signals — top candidates:
2026-04-16 12:39:22.181 [INFO    ] orchestrator:   #1 DOWN  score=  6.31  SILVER  folds=5/6  WR=97.2%  consWR=94.2%  entry=$0.87  ev=$0.0692
2026-04-16 12:39:22.181 [INFO    ] orchestrator:   #2 DOWN  score=  4.54  GOLDEN  folds=6/6  WR=94.1%  consWR=91.1%  entry=$0.86  ev=$0.0485
2026-04-16 12:39:22.182 [INFO    ] orchestrator:   #3 DOWN  score=  4.07  SILVER  folds=5/6  WR=96.4%  consWR=93.4%  entry=$0.89  ev=$0.0454
2026-04-16 12:39:22.182 [INFO    ] orchestrator:   #4 DOWN  score=  3.66  BRONZE  folds=4/6  WR=100.0%  consWR=97.0%  entry=$0.92  ev=$0.0549
2026-04-16 12:39:22.182 [INFO    ] orchestrator:   #5 DOWN  score=  3.44  GOLDEN  folds=6/6  WR=90.4%  consWR=87.4%  entry=$0.84  ev=$0.0385
2026-04-16 12:39:22.343 [INFO    ] orchestrator: identity dedupe: pulled 5 paper fire(s) from bot
2026-04-16 12:39:22.344 [INFO    ] orchestrator: DELIVERING SILVER signal: #1 Down [230s->200s] d>=0.1% v<=0.1%
2026-04-16 12:39:22.344 [INFO    ] orchestrator:   score=6.31  WR=97.2%  consWR=94.2%  entry=$0.87  ev=$0.0692  folds=[3, 4, 5, 6, 7]
2026-04-16 12:39:22.503 [INFO    ] shared.ipc: IPC: signal delivered successfully (authenticated ack)
2026-04-16 12:39:22.504 [INFO    ] orchestrator: silver signal delivered to bot
2026-04-16 12:54:22.516 [INFO    ] orchestrator: --- cycle start [09:54:22 UTC] ---
2026-04-16 12:54:22.523 [INFO    ] orchestrator: data quality check passed: 600 windows available
2026-04-16 12:54:22.524 [INFO    ] orchestrator: starting engine: C:\Users\operator\Desktop\PolySignalLab\PolySignalEngine\build\Release\PolySignalEngine.exe C:\Users\operator\Desktop\PolySignalLab\PolyDataCollector\data --output-dir C:\Users\operator\Desktop\PolySignalLab\engine_output
2026-04-16 12:54:28.905 [INFO    ] orchestrator: engine: ==========================================================
2026-04-16 12:54:28.905 [INFO    ] orchestrator: engine:   SUMMARY
2026-04-16 12:54:28.906 [INFO    ] orchestrator: engine: ==========================================================
2026-04-16 12:54:28.906 [INFO    ] orchestrator: engine:   Total windows:         600 (293 UP, 307 DOWN)
2026-04-16 12:54:28.907 [INFO    ] orchestrator: engine:   Walk-forward folds:    8 (6 test iterations)
2026-04-16 12:54:28.907 [INFO    ] orchestrator: engine:   OOS base rate:         47.6% UP (450 test windows total)
2026-04-16 12:54:28.907 [INFO    ] orchestrator: engine:   Configs swept:         150480
2026-04-16 12:54:28.908 [INFO    ] orchestrator: engine:   Viable WF-OOS signals: 95
2026-04-16 12:54:28.908 [INFO    ] orchestrator: engine:   Compute time:          5.09s
2026-04-16 12:54:28.908 [INFO    ] orchestrator: engine: ==========================================================
2026-04-16 12:54:28.909 [INFO    ] orchestrator: engine produced: signals_summary_1776333268.json
2026-04-16 12:54:28.910 [INFO    ] orchestrator: cleaned up old summary: signals_summary_1776324203.json
2026-04-16 12:54:28.911 [INFO    ] orchestrator: ranked 20 signals — top candidates:
2026-04-16 12:54:28.911 [INFO    ] orchestrator:   #1 DOWN  score=  6.28  SILVER  folds=5/6  WR=97.2%  consWR=94.2%  entry=$0.87  ev=$0.0692
2026-04-16 12:54:28.911 [INFO    ] orchestrator:   #2 UP    score=  5.61  BRONZE  folds=3/6  WR=100.0%  consWR=97.0%  entry=$0.89  ev=$0.0785
2026-04-16 12:54:28.912 [INFO    ] orchestrator:   #3 DOWN  score=  4.54  GOLDEN  folds=6/6  WR=94.1%  consWR=91.1%  entry=$0.86  ev=$0.0485
2026-04-16 12:54:28.912 [INFO    ] orchestrator:   #4 UP    score=  3.57  BRONZE  folds=3/6  WR=100.0%  consWR=97.0%  entry=$0.92  ev=$0.0500
2026-04-16 12:54:28.912 [INFO    ] orchestrator:   #5 DOWN  score=  3.43  BRONZE  folds=3/6  WR=100.0%  consWR=97.0%  entry=$0.89  ev=$0.0800
2026-04-16 12:54:29.072 [INFO    ] orchestrator: identity dedupe: pulled 5 paper fire(s) from bot
2026-04-16 12:54:29.072 [INFO    ] orchestrator: DELIVERING SILVER signal: #1 Down [230s->200s] d>=0.1% v<=0.1%
2026-04-16 12:54:29.073 [INFO    ] orchestrator:   score=6.28  WR=97.2%  consWR=94.2%  entry=$0.87  ev=$0.0692  folds=[3, 4, 5, 6, 7]
2026-04-16 12:54:29.232 [INFO    ] shared.ipc: IPC: signal delivered successfully (authenticated ack)
2026-04-16 12:54:29.232 [INFO    ] orchestrator: silver signal delivered to bot
2026-04-16 13:09:29.244 [INFO    ] orchestrator: --- cycle start [10:09:29 UTC] ---
2026-04-16 13:09:29.251 [INFO    ] orchestrator: data quality check passed: 600 windows available
2026-04-16 13:09:29.252 [INFO    ] orchestrator: starting engine: C:\Users\operator\Desktop\PolySignalLab\PolySignalEngine\build\Release\PolySignalEngine.exe C:\Users\operator\Desktop\PolySignalLab\PolyDataCollector\data --output-dir C:\Users\operator\Desktop\PolySignalLab\engine_output
2026-04-16 13:09:35.606 [INFO    ] orchestrator: engine: ==========================================================
2026-04-16 13:09:35.607 [INFO    ] orchestrator: engine:   SUMMARY
2026-04-16 13:09:35.607 [INFO    ] orchestrator: engine: ==========================================================
2026-04-16 13:09:35.608 [INFO    ] orchestrator: engine:   Total windows:         600 (294 UP, 306 DOWN)
2026-04-16 13:09:35.608 [INFO    ] orchestrator: engine:   Walk-forward folds:    8 (6 test iterations)
2026-04-16 13:09:35.608 [INFO    ] orchestrator: engine:   OOS base rate:         47.3% UP (450 test windows total)
2026-04-16 13:09:35.609 [INFO    ] orchestrator: engine:   Configs swept:         150480
2026-04-16 13:09:35.609 [INFO    ] orchestrator: engine:   Viable WF-OOS signals: 90
2026-04-16 13:09:35.609 [INFO    ] orchestrator: engine:   Compute time:          5.05s
2026-04-16 13:09:35.610 [INFO    ] orchestrator: engine: ==========================================================
2026-04-16 13:09:35.610 [INFO    ] orchestrator: engine produced: signals_summary_1776334175.json
2026-04-16 13:09:35.611 [INFO    ] orchestrator: cleaned up old summary: signals_summary_1776325109.json
2026-04-16 13:09:35.612 [INFO    ] orchestrator: ranked 20 signals — top candidates:
2026-04-16 13:09:35.612 [INFO    ] orchestrator:   #1 DOWN  score=  6.89  GOLDEN  folds=6/6  WR=97.0%  consWR=94.0%  entry=$0.87  ev=$0.0736
2026-04-16 13:09:35.613 [INFO    ] orchestrator:   #2 DOWN  score=  5.99  SILVER  folds=5/6  WR=97.1%  consWR=94.1%  entry=$0.87  ev=$0.0668
2026-04-16 13:09:35.613 [INFO    ] orchestrator:   #3 UP    score=  5.61  BRONZE  folds=3/6  WR=100.0%  consWR=97.0%  entry=$0.89  ev=$0.0785
2026-04-16 13:09:35.613 [INFO    ] orchestrator:   #4 DOWN  score=  4.62  BRONZE  folds=3/6  WR=96.4%  consWR=93.4%  entry=$0.84  ev=$0.0904
2026-04-16 13:09:35.614 [INFO    ] orchestrator:   #5 DOWN  score=  4.45  GOLDEN  folds=6/6  WR=92.2%  consWR=89.2%  entry=$0.84  ev=$0.0545
2026-04-16 13:09:35.774 [INFO    ] orchestrator: identity dedupe: pulled 5 paper fire(s) from bot
2026-04-16 13:09:35.774 [INFO    ] orchestrator: DELIVERING GOLDEN signal: #1 Down [250s->220s] d>=0.11% v<=0.1%
2026-04-16 13:09:35.775 [INFO    ] orchestrator:   score=6.89  WR=97.0%  consWR=94.0%  entry=$0.87  ev=$0.0736  folds=[2, 3, 4, 5, 6, 7]
2026-04-16 13:09:35.933 [INFO    ] shared.ipc: IPC: signal delivered successfully (authenticated ack)
2026-04-16 13:09:35.934 [INFO    ] orchestrator: golden signal delivered to bot
2026-04-16 13:24:35.939 [INFO    ] orchestrator: --- cycle start [10:24:35 UTC] ---
2026-04-16 13:24:35.946 [INFO    ] orchestrator: data quality check passed: 600 windows available
2026-04-16 13:24:35.947 [INFO    ] orchestrator: starting engine: C:\Users\operator\Desktop\PolySignalLab\PolySignalEngine\build\Release\PolySignalEngine.exe C:\Users\operator\Desktop\PolySignalLab\PolyDataCollector\data --output-dir C:\Users\operator\Desktop\PolySignalLab\engine_output
2026-04-16 13:24:42.262 [INFO    ] orchestrator: engine: ==========================================================
2026-04-16 13:24:42.263 [INFO    ] orchestrator: engine:   SUMMARY
2026-04-16 13:24:42.263 [INFO    ] orchestrator: engine: ==========================================================
2026-04-16 13:24:42.264 [INFO    ] orchestrator: engine:   Total windows:         600 (292 UP, 308 DOWN)
2026-04-16 13:24:42.264 [INFO    ] orchestrator: engine:   Walk-forward folds:    8 (6 test iterations)
2026-04-16 13:24:42.264 [INFO    ] orchestrator: engine:   OOS base rate:         47.1% UP (450 test windows total)
2026-04-16 13:24:42.265 [INFO    ] orchestrator: engine:   Configs swept:         150480
2026-04-16 13:24:42.265 [INFO    ] orchestrator: engine:   Viable WF-OOS signals: 94
2026-04-16 13:24:42.265 [INFO    ] orchestrator: engine:   Compute time:          5.05s
2026-04-16 13:24:42.265 [INFO    ] orchestrator: engine: ==========================================================
2026-04-16 13:24:42.266 [INFO    ] orchestrator: engine produced: signals_summary_1776335082.json
2026-04-16 13:24:42.267 [INFO    ] orchestrator: cleaned up old summary: signals_summary_1776326016.json
2026-04-16 13:24:42.268 [INFO    ] orchestrator: ranked 20 signals — top candidates:
2026-04-16 13:24:42.269 [INFO    ] orchestrator:   #1 DOWN  score=  6.80  GOLDEN  folds=6/6  WR=97.1%  consWR=94.1%  entry=$0.87  ev=$0.0726
2026-04-16 13:24:42.269 [INFO    ] orchestrator:   #2 DOWN  score=  5.89  SILVER  folds=5/6  WR=97.2%  consWR=94.2%  entry=$0.88  ev=$0.0656
2026-04-16 13:24:42.270 [INFO    ] orchestrator:   #3 UP    score=  5.61  BRONZE  folds=3/6  WR=100.0%  consWR=97.0%  entry=$0.89  ev=$0.0785
2026-04-16 13:24:42.270 [INFO    ] orchestrator:   #4 DOWN  score=  4.59  BRONZE  folds=3/6  WR=96.5%  consWR=93.5%  entry=$0.85  ev=$0.0879
2026-04-16 13:24:42.271 [INFO    ] orchestrator:   #5 DOWN  score=  4.54  GOLDEN  folds=6/6  WR=92.5%  consWR=89.5%  entry=$0.84  ev=$0.0557
2026-04-16 13:24:42.432 [INFO    ] orchestrator: identity dedupe: pulled 6 paper fire(s) from bot
2026-04-16 13:24:42.433 [INFO    ] orchestrator: DELIVERING GOLDEN signal: #1 Down [250s->220s] d>=0.11% v<=0.1%
2026-04-16 13:24:42.433 [INFO    ] orchestrator:   score=6.80  WR=97.1%  consWR=94.1%  entry=$0.87  ev=$0.0726  folds=[2, 3, 4, 5, 6, 7]
2026-04-16 13:24:42.592 [INFO    ] shared.ipc: IPC: signal delivered successfully (authenticated ack)
2026-04-16 13:24:42.593 [INFO    ] orchestrator: golden signal delivered to bot
2026-04-16 13:39:42.602 [INFO    ] orchestrator: --- cycle start [10:39:42 UTC] ---
2026-04-16 13:39:42.610 [INFO    ] orchestrator: data quality check passed: 600 windows available
2026-04-16 13:39:42.610 [INFO    ] orchestrator: starting engine: C:\Users\operator\Desktop\PolySignalLab\PolySignalEngine\build\Release\PolySignalEngine.exe C:\Users\operator\Desktop\PolySignalLab\PolyDataCollector\data --output-dir C:\Users\operator\Desktop\PolySignalLab\engine_output
2026-04-16 13:39:49.053 [INFO    ] orchestrator: engine: ==========================================================
2026-04-16 13:39:49.053 [INFO    ] orchestrator: engine:   SUMMARY
2026-04-16 13:39:49.054 [INFO    ] orchestrator: engine: ==========================================================
2026-04-16 13:39:49.054 [INFO    ] orchestrator: engine:   Total windows:         600 (292 UP, 308 DOWN)
2026-04-16 13:39:49.054 [INFO    ] orchestrator: engine:   Walk-forward folds:    8 (6 test iterations)
2026-04-16 13:39:49.055 [INFO    ] orchestrator: engine:   OOS base rate:         47.3% UP (450 test windows total)
2026-04-16 13:39:49.055 [INFO    ] orchestrator: engine:   Configs swept:         150480
2026-04-16 13:39:49.055 [INFO    ] orchestrator: engine:   Viable WF-OOS signals: 99
2026-04-16 13:39:49.056 [INFO    ] orchestrator: engine:   Compute time:          5.15s
2026-04-16 13:39:49.056 [INFO    ] orchestrator: engine: ==========================================================
2026-04-16 13:39:49.057 [INFO    ] orchestrator: engine produced: signals_summary_1776335989.json
2026-04-16 13:39:49.058 [INFO    ] orchestrator: cleaned up old summary: signals_summary_1776326922.json
2026-04-16 13:39:49.059 [INFO    ] orchestrator: ranked 20 signals — top candidates:
2026-04-16 13:39:49.059 [INFO    ] orchestrator:   #1 UP    score=  5.98  BRONZE  folds=3/6  WR=100.0%  consWR=97.0%  entry=$0.89  ev=$0.0837
2026-04-16 13:39:49.060 [INFO    ] orchestrator:   #2 DOWN  score=  4.54  GOLDEN  folds=6/6  WR=92.5%  consWR=89.5%  entry=$0.84  ev=$0.0557
2026-04-16 13:39:49.060 [INFO    ] orchestrator:   #3 DOWN  score=  4.33  GOLDEN  folds=6/6  WR=94.0%  consWR=91.0%  entry=$0.86  ev=$0.0468
2026-04-16 13:39:49.060 [INFO    ] orchestrator:   #4 DOWN  score=  4.27  BRONZE  folds=3/6  WR=96.3%  consWR=93.3%  entry=$0.85  ev=$0.0819
2026-04-16 13:39:49.061 [INFO    ] orchestrator:   #5 DOWN  score=  4.08  SILVER  folds=5/6  WR=95.8%  consWR=92.8%  entry=$0.88  ev=$0.0462
2026-04-16 13:39:49.221 [INFO    ] orchestrator: identity dedupe: pulled 6 paper fire(s) from bot
2026-04-16 13:39:49.222 [INFO    ] orchestrator: DELIVERING BRONZE signal: #1 Up [230s->200s] d>=0.06% v<=0.1%
2026-04-16 13:39:49.222 [INFO    ] orchestrator:   score=5.98  WR=100.0%  consWR=97.0%  entry=$0.89  ev=$0.0837  folds=[5, 6, 7]
2026-04-16 13:39:49.382 [INFO    ] shared.ipc: IPC: signal delivered successfully (authenticated ack)
2026-04-16 13:39:49.383 [INFO    ] orchestrator: bronze signal delivered to bot
2026-04-16 13:54:49.391 [INFO    ] orchestrator: --- cycle start [10:54:49 UTC] ---
2026-04-16 13:54:49.398 [INFO    ] orchestrator: data quality check passed: 600 windows available
2026-04-16 13:54:49.400 [INFO    ] orchestrator: starting engine: C:\Users\operator\Desktop\PolySignalLab\PolySignalEngine\build\Release\PolySignalEngine.exe C:\Users\operator\Desktop\PolySignalLab\PolyDataCollector\data --output-dir C:\Users\operator\Desktop\PolySignalLab\engine_output
2026-04-16 13:54:55.773 [INFO    ] orchestrator: engine: ==========================================================
2026-04-16 13:54:55.774 [INFO    ] orchestrator: engine:   SUMMARY
2026-04-16 13:54:55.774 [INFO    ] orchestrator: engine: ==========================================================
2026-04-16 13:54:55.775 [INFO    ] orchestrator: engine:   Total windows:         600 (291 UP, 309 DOWN)
2026-04-16 13:54:55.775 [INFO    ] orchestrator: engine:   Walk-forward folds:    8 (6 test iterations)
2026-04-16 13:54:55.775 [INFO    ] orchestrator: engine:   OOS base rate:         47.3% UP (450 test windows total)
2026-04-16 13:54:55.776 [INFO    ] orchestrator: engine:   Configs swept:         150480
2026-04-16 13:54:55.776 [INFO    ] orchestrator: engine:   Viable WF-OOS signals: 93
2026-04-16 13:54:55.776 [INFO    ] orchestrator: engine:   Compute time:          5.08s
2026-04-16 13:54:55.776 [INFO    ] orchestrator: engine: ==========================================================
2026-04-16 13:54:55.777 [INFO    ] orchestrator: engine produced: signals_summary_1776336895.json
2026-04-16 13:54:55.778 [INFO    ] orchestrator: cleaned up old summary: signals_summary_1776327829.json
2026-04-16 13:54:55.778 [INFO    ] orchestrator: ranked 20 signals — top candidates:
2026-04-16 13:54:55.779 [INFO    ] orchestrator:   #1 DOWN  score=  5.91  BRONZE  folds=4/6  WR=97.1%  consWR=94.1%  entry=$0.85  ev=$0.0906
2026-04-16 13:54:55.779 [INFO    ] orchestrator:   #2 UP    score=  5.80  BRONZE  folds=3/6  WR=100.0%  consWR=97.0%  entry=$0.89  ev=$0.0812
2026-04-16 13:54:55.780 [INFO    ] orchestrator:   #3 DOWN  score=  4.82  GOLDEN  folds=6/6  WR=92.5%  consWR=89.5%  entry=$0.84  ev=$0.0557
2026-04-16 13:54:55.780 [INFO    ] orchestrator:   #4 DOWN  score=  4.33  GOLDEN  folds=6/6  WR=94.0%  consWR=91.0%  entry=$0.86  ev=$0.0468
2026-04-16 13:54:55.780 [INFO    ] orchestrator:   #5 DOWN  score=  4.08  SILVER  folds=5/6  WR=95.8%  consWR=92.8%  entry=$0.88  ev=$0.0462
2026-04-16 13:54:55.942 [INFO    ] orchestrator: identity dedupe: pulled 6 paper fire(s) from bot
2026-04-16 13:54:55.942 [INFO    ] orchestrator: DELIVERING BRONZE signal: #1 Down [240s->210s] d>=0.09% v<=0.1%
2026-04-16 13:54:55.943 [INFO    ] orchestrator:   score=5.91  WR=97.1%  consWR=94.1%  entry=$0.85  ev=$0.0906  folds=[2, 4, 6, 7]
2026-04-16 13:54:56.103 [INFO    ] shared.ipc: IPC: signal delivered successfully (authenticated ack)
2026-04-16 13:54:56.103 [INFO    ] orchestrator: bronze signal delivered to bot
2026-04-16 14:09:56.107 [INFO    ] orchestrator: --- cycle start [11:09:56 UTC] ---
2026-04-16 14:09:56.114 [INFO    ] orchestrator: data quality check passed: 600 windows available
2026-04-16 14:09:56.114 [INFO    ] orchestrator: starting engine: C:\Users\operator\Desktop\PolySignalLab\PolySignalEngine\build\Release\PolySignalEngine.exe C:\Users\operator\Desktop\PolySignalLab\PolyDataCollector\data --output-dir C:\Users\operator\Desktop\PolySignalLab\engine_output
2026-04-16 14:10:02.347 [INFO    ] orchestrator: engine: ==========================================================
2026-04-16 14:10:02.348 [INFO    ] orchestrator: engine:   SUMMARY
2026-04-16 14:10:02.348 [INFO    ] orchestrator: engine: ==========================================================
2026-04-16 14:10:02.348 [INFO    ] orchestrator: engine:   Total windows:         600 (292 UP, 308 DOWN)
2026-04-16 14:10:02.349 [INFO    ] orchestrator: engine:   Walk-forward folds:    8 (6 test iterations)
2026-04-16 14:10:02.349 [INFO    ] orchestrator: engine:   OOS base rate:         47.8% UP (450 test windows total)
2026-04-16 14:10:02.350 [INFO    ] orchestrator: engine:   Configs swept:         150480
2026-04-16 14:10:02.350 [INFO    ] orchestrator: engine:   Viable WF-OOS signals: 80
2026-04-16 14:10:02.350 [INFO    ] orchestrator: engine:   Compute time:          4.96s
2026-04-16 14:10:02.351 [INFO    ] orchestrator: engine: ==========================================================
2026-04-16 14:10:02.351 [INFO    ] orchestrator: engine produced: signals_summary_1776337802.json
2026-04-16 14:10:02.352 [INFO    ] orchestrator: cleaned up old summary: signals_summary_1776328735.json
2026-04-16 14:10:02.353 [INFO    ] orchestrator: ranked 20 signals — top candidates:
2026-04-16 14:10:02.353 [INFO    ] orchestrator:   #1 DOWN  score=  6.37  GOLDEN  folds=6/6  WR=96.9%  consWR=93.9%  entry=$0.87  ev=$0.0688
2026-04-16 14:10:02.353 [INFO    ] orchestrator:   #2 UP    score=  5.90  BRONZE  folds=3/6  WR=100.0%  consWR=97.0%  entry=$0.89  ev=$0.0826
2026-04-16 14:10:02.354 [INFO    ] orchestrator:   #3 DOWN  score=  4.55  GOLDEN  folds=6/6  WR=92.2%  consWR=89.2%  entry=$0.84  ev=$0.0525
2026-04-16 14:10:02.354 [INFO    ] orchestrator:   #4 UP    score=  4.46  SILVER  folds=5/6  WR=100.0%  consWR=97.0%  entry=$0.92  ev=$0.0468
2026-04-16 14:10:02.355 [INFO    ] orchestrator:   #5 DOWN  score=  4.15  GOLDEN  folds=6/6  WR=93.8%  consWR=90.8%  entry=$0.86  ev=$0.0454
2026-04-16 14:10:02.539 [INFO    ] orchestrator: identity dedupe: pulled 6 paper fire(s) from bot
2026-04-16 14:10:02.540 [INFO    ] orchestrator: DELIVERING GOLDEN signal: #1 Down [250s->220s] d>=0.11% v<=0.1%
2026-04-16 14:10:02.540 [INFO    ] orchestrator:   score=6.37  WR=96.9%  consWR=93.9%  entry=$0.87  ev=$0.0688  folds=[2, 3, 4, 5, 6, 7]
2026-04-16 14:10:02.701 [INFO    ] shared.ipc: IPC: signal delivered successfully (authenticated ack)
2026-04-16 14:10:02.702 [INFO    ] orchestrator: golden signal delivered to bot
2026-04-16 14:25:02.716 [INFO    ] orchestrator: --- cycle start [11:25:02 UTC] ---
2026-04-16 14:25:02.726 [INFO    ] orchestrator: data quality check passed: 600 windows available
2026-04-16 14:25:02.727 [INFO    ] orchestrator: starting engine: C:\Users\operator\Desktop\PolySignalLab\PolySignalEngine\build\Release\PolySignalEngine.exe C:\Users\operator\Desktop\PolySignalLab\PolyDataCollector\data --output-dir C:\Users\operator\Desktop\PolySignalLab\engine_output
2026-04-16 14:25:09.341 [INFO    ] orchestrator: engine: ==========================================================
2026-04-16 14:25:09.342 [INFO    ] orchestrator: engine:   SUMMARY
2026-04-16 14:25:09.342 [INFO    ] orchestrator: engine: ==========================================================
2026-04-16 14:25:09.342 [INFO    ] orchestrator: engine:   Total windows:         600 (291 UP, 309 DOWN)
2026-04-16 14:25:09.343 [INFO    ] orchestrator: engine:   Walk-forward folds:    8 (6 test iterations)
2026-04-16 14:25:09.343 [INFO    ] orchestrator: engine:   OOS base rate:         47.8% UP (450 test windows total)
2026-04-16 14:25:09.343 [INFO    ] orchestrator: engine:   Configs swept:         150480
2026-04-16 14:25:09.343 [INFO    ] orchestrator: engine:   Viable WF-OOS signals: 78
2026-04-16 14:25:09.344 [INFO    ] orchestrator: engine:   Compute time:          5.19s
2026-04-16 14:25:09.345 [INFO    ] orchestrator: engine: ==========================================================
2026-04-16 14:25:09.345 [INFO    ] orchestrator: engine produced: signals_summary_1776338709.json
2026-04-16 14:25:09.346 [INFO    ] orchestrator: cleaned up old summary: signals_summary_1776329642.json
2026-04-16 14:25:09.347 [INFO    ] orchestrator: ranked 20 signals — top candidates:
2026-04-16 14:25:09.347 [INFO    ] orchestrator:   #1 DOWN  score=  4.55  GOLDEN  folds=6/6  WR=92.2%  consWR=89.2%  entry=$0.84  ev=$0.0525
2026-04-16 14:25:09.347 [INFO    ] orchestrator:   #2 DOWN  score=  4.15  GOLDEN  folds=6/6  WR=93.8%  consWR=90.8%  entry=$0.86  ev=$0.0454
2026-04-16 14:25:09.348 [INFO    ] orchestrator:   #3 DOWN  score=  4.12  SILVER  folds=5/6  WR=95.8%  consWR=92.8%  entry=$0.88  ev=$0.0462
2026-04-16 14:25:09.348 [INFO    ] orchestrator:   #4 UP    score=  3.84  BRONZE  folds=3/6  WR=100.0%  consWR=97.0%  entry=$0.92  ev=$0.0538
2026-04-16 14:25:09.349 [INFO    ] orchestrator:   #5 DOWN  score=  3.65  BRONZE  folds=4/6  WR=100.0%  consWR=97.0%  entry=$0.92  ev=$0.0479
2026-04-16 14:25:09.509 [INFO    ] orchestrator: identity dedupe: pulled 6 paper fire(s) from bot
2026-04-16 14:25:09.509 [INFO    ] orchestrator: DELIVERING GOLDEN signal: #1 Down [250s->220s] d>=0.09% v<=0.1%
2026-04-16 14:25:09.510 [INFO    ] orchestrator:   score=4.55  WR=92.2%  consWR=89.2%  entry=$0.84  ev=$0.0525  folds=[2, 3, 4, 5, 6, 7]
2026-04-16 14:25:09.671 [INFO    ] shared.ipc: IPC: signal delivered successfully (authenticated ack)
2026-04-16 14:25:09.671 [INFO    ] orchestrator: golden signal delivered to bot
2026-04-16 14:40:09.679 [INFO    ] orchestrator: --- cycle start [11:40:09 UTC] ---
2026-04-16 14:40:09.686 [INFO    ] orchestrator: data quality check passed: 600 windows available
2026-04-16 14:40:09.687 [INFO    ] orchestrator: starting engine: C:\Users\operator\Desktop\PolySignalLab\PolySignalEngine\build\Release\PolySignalEngine.exe C:\Users\operator\Desktop\PolySignalLab\PolyDataCollector\data --output-dir C:\Users\operator\Desktop\PolySignalLab\engine_output
2026-04-16 14:40:16.070 [INFO    ] orchestrator: engine: ==========================================================
2026-04-16 14:40:16.070 [INFO    ] orchestrator: engine:   SUMMARY
2026-04-16 14:40:16.070 [INFO    ] orchestrator: engine: ==========================================================
2026-04-16 14:40:16.071 [INFO    ] orchestrator: engine:   Total windows:         600 (293 UP, 307 DOWN)
2026-04-16 14:40:16.071 [INFO    ] orchestrator: engine:   Walk-forward folds:    8 (6 test iterations)
2026-04-16 14:40:16.072 [INFO    ] orchestrator: engine:   OOS base rate:         48.2% UP (450 test windows total)
2026-04-16 14:40:16.072 [INFO    ] orchestrator: engine:   Configs swept:         150480
2026-04-16 14:40:16.072 [INFO    ] orchestrator: engine:   Viable WF-OOS signals: 76
2026-04-16 14:40:16.072 [INFO    ] orchestrator: engine:   Compute time:          5.11s
2026-04-16 14:40:16.073 [INFO    ] orchestrator: engine: ==========================================================
2026-04-16 14:40:16.074 [INFO    ] orchestrator: engine produced: signals_summary_1776339616.json
2026-04-16 14:40:16.074 [INFO    ] orchestrator: cleaned up old summary: signals_summary_1776330548.json
2026-04-16 14:40:16.075 [INFO    ] orchestrator: ranked 20 signals — top candidates:
2026-04-16 14:40:16.076 [INFO    ] orchestrator:   #1 DOWN  score=  6.45  GOLDEN  folds=6/6  WR=96.8%  consWR=93.8%  entry=$0.87  ev=$0.0684
2026-04-16 14:40:16.076 [INFO    ] orchestrator:   #2 DOWN  score=  5.86  SILVER  folds=5/6  WR=97.1%  consWR=94.1%  entry=$0.88  ev=$0.0643
2026-04-16 14:40:16.077 [INFO    ] orchestrator:   #3 DOWN  score=  4.65  GOLDEN  folds=6/6  WR=92.0%  consWR=89.0%  entry=$0.84  ev=$0.0520
2026-04-16 14:40:16.077 [INFO    ] orchestrator:   #4 UP    score=  3.84  BRONZE  folds=3/6  WR=100.0%  consWR=97.0%  entry=$0.92  ev=$0.0538
2026-04-16 14:40:16.077 [INFO    ] orchestrator:   #5 DOWN  score=  3.00  BRONZE  folds=3/6  WR=95.4%  consWR=92.4%  entry=$0.84  ev=$0.0829
2026-04-16 14:40:16.238 [INFO    ] orchestrator: identity dedupe: pulled 6 paper fire(s) from bot
2026-04-16 14:40:16.238 [INFO    ] orchestrator: DELIVERING GOLDEN signal: #1 Down [250s->220s] d>=0.11% v<=0.1%
2026-04-16 14:40:16.239 [INFO    ] orchestrator:   score=6.45  WR=96.8%  consWR=93.8%  entry=$0.87  ev=$0.0684  folds=[2, 3, 4, 5, 6, 7]
2026-04-16 14:40:16.399 [INFO    ] shared.ipc: IPC: signal delivered successfully (authenticated ack)
2026-04-16 14:40:16.400 [INFO    ] orchestrator: golden signal delivered to bot
2026-04-16 14:55:16.402 [INFO    ] orchestrator: --- cycle start [11:55:16 UTC] ---
2026-04-16 14:55:16.409 [INFO    ] orchestrator: data quality check passed: 600 windows available
2026-04-16 14:55:16.410 [INFO    ] orchestrator: starting engine: C:\Users\operator\Desktop\PolySignalLab\PolySignalEngine\build\Release\PolySignalEngine.exe C:\Users\operator\Desktop\PolySignalLab\PolyDataCollector\data --output-dir C:\Users\operator\Desktop\PolySignalLab\engine_output
2026-04-16 14:55:22.865 [INFO    ] orchestrator: engine: ==========================================================
2026-04-16 14:55:22.866 [INFO    ] orchestrator: engine:   SUMMARY
2026-04-16 14:55:22.866 [INFO    ] orchestrator: engine: ==========================================================
2026-04-16 14:55:22.866 [INFO    ] orchestrator: engine:   Total windows:         600 (294 UP, 306 DOWN)
2026-04-16 14:55:22.867 [INFO    ] orchestrator: engine:   Walk-forward folds:    8 (6 test iterations)
2026-04-16 14:55:22.867 [INFO    ] orchestrator: engine:   OOS base rate:         48.2% UP (450 test windows total)
2026-04-16 14:55:22.867 [INFO    ] orchestrator: engine:   Configs swept:         150480
2026-04-16 14:55:22.867 [INFO    ] orchestrator: engine:   Viable WF-OOS signals: 88
2026-04-16 14:55:22.868 [INFO    ] orchestrator: engine:   Compute time:          5.17s
2026-04-16 14:55:22.868 [INFO    ] orchestrator: engine: ==========================================================
2026-04-16 14:55:22.869 [INFO    ] orchestrator: engine produced: signals_summary_1776340522.json
2026-04-16 14:55:22.870 [INFO    ] orchestrator: cleaned up old summary: signals_summary_1776331455.json
2026-04-16 14:55:22.871 [INFO    ] orchestrator: ranked 20 signals — top candidates:
2026-04-16 14:55:22.871 [INFO    ] orchestrator:   #1 DOWN  score=  6.48  GOLDEN  folds=6/6  WR=96.7%  consWR=93.7%  entry=$0.87  ev=$0.0683
2026-04-16 14:55:22.871 [INFO    ] orchestrator:   #2 DOWN  score=  4.22  GOLDEN  folds=6/6  WR=91.8%  consWR=88.8%  entry=$0.84  ev=$0.0516
2026-04-16 14:55:22.872 [INFO    ] orchestrator:   #3 DOWN  score=  3.81  GOLDEN  folds=6/6  WR=93.5%  consWR=90.5%  entry=$0.86  ev=$0.0422
2026-04-16 14:55:22.872 [INFO    ] orchestrator:   #4 DOWN  score=  3.22  BRONZE  folds=3/6  WR=93.5%  consWR=90.5%  entry=$0.83  ev=$0.0723
2026-04-16 14:55:22.873 [INFO    ] orchestrator:   #5 DOWN  score=  3.21  BRONZE  folds=4/6  WR=96.4%  consWR=93.4%  entry=$0.86  ev=$0.0704
2026-04-16 14:55:23.033 [INFO    ] orchestrator: identity dedupe: pulled 6 paper fire(s) from bot
2026-04-16 14:55:23.034 [INFO    ] orchestrator: DELIVERING GOLDEN signal: #1 Down [250s->220s] d>=0.11% v<=0.1%
2026-04-16 14:55:23.034 [INFO    ] orchestrator:   score=6.48  WR=96.7%  consWR=93.7%  entry=$0.87  ev=$0.0683  folds=[2, 3, 4, 5, 6, 7]
2026-04-16 14:55:23.194 [INFO    ] shared.ipc: IPC: signal delivered successfully (authenticated ack)
2026-04-16 14:55:23.195 [INFO    ] orchestrator: golden signal delivered to bot
2026-04-16 15:10:23.197 [INFO    ] orchestrator: --- cycle start [12:10:23 UTC] ---
2026-04-16 15:10:23.204 [INFO    ] orchestrator: data quality check passed: 600 windows available
2026-04-16 15:10:23.205 [INFO    ] orchestrator: starting engine: C:\Users\operator\Desktop\PolySignalLab\PolySignalEngine\build\Release\PolySignalEngine.exe C:\Users\operator\Desktop\PolySignalLab\PolyDataCollector\data --output-dir C:\Users\operator\Desktop\PolySignalLab\engine_output
2026-04-16 15:10:29.712 [INFO    ] orchestrator: engine: ==========================================================
2026-04-16 15:10:29.713 [INFO    ] orchestrator: engine:   SUMMARY
2026-04-16 15:10:29.713 [INFO    ] orchestrator: engine: ==========================================================
2026-04-16 15:10:29.714 [INFO    ] orchestrator: engine:   Total windows:         600 (296 UP, 304 DOWN)
2026-04-16 15:10:29.714 [INFO    ] orchestrator: engine:   Walk-forward folds:    8 (6 test iterations)
2026-04-16 15:10:29.715 [INFO    ] orchestrator: engine:   OOS base rate:         48.9% UP (450 test windows total)
2026-04-16 15:10:29.715 [INFO    ] orchestrator: engine:   Configs swept:         150480
2026-04-16 15:10:29.716 [INFO    ] orchestrator: engine:   Viable WF-OOS signals: 69
2026-04-16 15:10:29.716 [INFO    ] orchestrator: engine:   Compute time:          5.22s
2026-04-16 15:10:29.716 [INFO    ] orchestrator: engine: ==========================================================
2026-04-16 15:10:29.717 [INFO    ] orchestrator: engine produced: signals_summary_1776341429.json
2026-04-16 15:10:29.718 [INFO    ] orchestrator: cleaned up old summary: signals_summary_1776332362.json
2026-04-16 15:10:29.719 [INFO    ] orchestrator: ranked 20 signals — top candidates:
2026-04-16 15:10:29.719 [INFO    ] orchestrator:   #1 DOWN  score=  6.12  SILVER  folds=6/6  WR=96.5%  consWR=93.5%  entry=$0.87  ev=$0.0645
2026-04-16 15:10:29.719 [INFO    ] orchestrator:   #2 DOWN  score=  5.15  BRONZE  folds=4/6  WR=95.8%  consWR=92.8%  entry=$0.86  ev=$0.0667
2026-04-16 15:10:29.720 [INFO    ] orchestrator:   #3 DOWN  score=  4.02  SILVER  folds=5/6  WR=96.5%  consWR=93.5%  entry=$0.88  ev=$0.0552
2026-04-16 15:10:29.720 [INFO    ] orchestrator:   #4 DOWN  score=  3.79  GOLDEN  folds=6/6  WR=91.5%  consWR=88.5%  entry=$0.84  ev=$0.0449
2026-04-16 15:10:29.720 [INFO    ] orchestrator:   #5 UP    score=  3.69  BRONZE  folds=3/6  WR=100.0%  consWR=97.0%  entry=$0.92  ev=$0.0517
2026-04-16 15:10:29.882 [INFO    ] orchestrator: identity dedupe: pulled 6 paper fire(s) from bot
2026-04-16 15:10:29.883 [INFO    ] orchestrator: DELIVERING SILVER signal: #1 Down [250s->220s] d>=0.11% v<=0.1%
2026-04-16 15:10:29.883 [INFO    ] orchestrator:   score=6.12  WR=96.5%  consWR=93.5%  entry=$0.87  ev=$0.0645  folds=[2, 3, 4, 5, 6, 7]
2026-04-16 15:10:30.044 [INFO    ] shared.ipc: IPC: signal delivered successfully (authenticated ack)
2026-04-16 15:10:30.045 [INFO    ] orchestrator: silver signal delivered to bot
2026-04-16 15:25:30.046 [INFO    ] orchestrator: --- cycle start [12:25:30 UTC] ---
2026-04-16 15:25:30.055 [INFO    ] orchestrator: data quality check passed: 600 windows available
2026-04-16 15:25:30.056 [INFO    ] orchestrator: starting engine: C:\Users\operator\Desktop\PolySignalLab\PolySignalEngine\build\Release\PolySignalEngine.exe C:\Users\operator\Desktop\PolySignalLab\PolyDataCollector\data --output-dir C:\Users\operator\Desktop\PolySignalLab\engine_output
2026-04-16 15:25:36.437 [INFO    ] orchestrator: engine: ==========================================================
2026-04-16 15:25:36.437 [INFO    ] orchestrator: engine:   SUMMARY
2026-04-16 15:25:36.438 [INFO    ] orchestrator: engine: ==========================================================
2026-04-16 15:25:36.438 [INFO    ] orchestrator: engine:   Total windows:         600 (296 UP, 304 DOWN)
2026-04-16 15:25:36.439 [INFO    ] orchestrator: engine:   Walk-forward folds:    8 (6 test iterations)
2026-04-16 15:25:36.439 [INFO    ] orchestrator: engine:   OOS base rate:         49.1% UP (450 test windows total)
2026-04-16 15:25:36.440 [INFO    ] orchestrator: engine:   Configs swept:         150480
2026-04-16 15:25:36.440 [INFO    ] orchestrator: engine:   Viable WF-OOS signals: 62
2026-04-16 15:25:36.440 [INFO    ] orchestrator: engine:   Compute time:          5.09s
2026-04-16 15:25:36.441 [INFO    ] orchestrator: engine: ==========================================================
2026-04-16 15:25:36.442 [INFO    ] orchestrator: engine produced: signals_summary_1776342336.json
2026-04-16 15:25:36.442 [INFO    ] orchestrator: cleaned up old summary: signals_summary_1776333268.json
2026-04-16 15:25:36.443 [INFO    ] orchestrator: ranked 20 signals — top candidates:
2026-04-16 15:25:36.443 [INFO    ] orchestrator:   #1 DOWN  score=  6.12  SILVER  folds=6/6  WR=96.5%  consWR=93.5%  entry=$0.87  ev=$0.0645
2026-04-16 15:25:36.444 [INFO    ] orchestrator:   #2 DOWN  score=  5.17  BRONZE  folds=4/6  WR=95.8%  consWR=92.8%  entry=$0.86  ev=$0.0667
2026-04-16 15:25:36.444 [INFO    ] orchestrator:   #3 DOWN  score=  3.79  GOLDEN  folds=6/6  WR=91.5%  consWR=88.5%  entry=$0.84  ev=$0.0449
2026-04-16 15:25:36.445 [INFO    ] orchestrator:   #4 DOWN  score=  3.70  SILVER  folds=5/6  WR=96.4%  consWR=93.4%  entry=$0.89  ev=$0.0407
2026-04-16 15:25:36.445 [INFO    ] orchestrator:   #5 UP    score=  3.69  BRONZE  folds=3/6  WR=100.0%  consWR=97.0%  entry=$0.92  ev=$0.0517
2026-04-16 15:25:36.607 [INFO    ] orchestrator: identity dedupe: pulled 6 paper fire(s) from bot
2026-04-16 15:25:36.607 [INFO    ] orchestrator: identity dedupe: down_250.0_220.0_0.11_0.1 has been top for 4 cycles but no paper fire history yet — no suppression
2026-04-16 15:25:36.608 [INFO    ] orchestrator: DELIVERING SILVER signal: #1 Down [250s->220s] d>=0.11% v<=0.1%
2026-04-16 15:25:36.608 [INFO    ] orchestrator:   score=6.12  WR=96.5%  consWR=93.5%  entry=$0.87  ev=$0.0645  folds=[2, 3, 4, 5, 6, 7]
2026-04-16 15:25:36.769 [INFO    ] shared.ipc: IPC: signal delivered successfully (authenticated ack)
2026-04-16 15:25:36.769 [INFO    ] orchestrator: silver signal delivered to bot
2026-04-16 15:40:36.784 [INFO    ] orchestrator: --- cycle start [12:40:36 UTC] ---
2026-04-16 15:40:36.793 [INFO    ] orchestrator: data quality check passed: 600 windows available
2026-04-16 15:40:36.794 [INFO    ] orchestrator: starting engine: C:\Users\operator\Desktop\PolySignalLab\PolySignalEngine\build\Release\PolySignalEngine.exe C:\Users\operator\Desktop\PolySignalLab\PolyDataCollector\data --output-dir C:\Users\operator\Desktop\PolySignalLab\engine_output
2026-04-16 15:40:43.293 [INFO    ] orchestrator: engine: ==========================================================
2026-04-16 15:40:43.294 [INFO    ] orchestrator: engine:   SUMMARY
2026-04-16 15:40:43.294 [INFO    ] orchestrator: engine: ==========================================================
2026-04-16 15:40:43.294 [INFO    ] orchestrator: engine:   Total windows:         600 (296 UP, 304 DOWN)
2026-04-16 15:40:43.295 [INFO    ] orchestrator: engine:   Walk-forward folds:    8 (6 test iterations)
2026-04-16 15:40:43.295 [INFO    ] orchestrator: engine:   OOS base rate:         49.1% UP (450 test windows total)
2026-04-16 15:40:43.296 [INFO    ] orchestrator: engine:   Configs swept:         150480
2026-04-16 15:40:43.296 [INFO    ] orchestrator: engine:   Viable WF-OOS signals: 76
2026-04-16 15:40:43.296 [INFO    ] orchestrator: engine:   Compute time:          5.21s
2026-04-16 15:40:43.297 [INFO    ] orchestrator: engine: ==========================================================
2026-04-16 15:40:43.297 [INFO    ] orchestrator: engine produced: signals_summary_1776343243.json
2026-04-16 15:40:43.298 [INFO    ] orchestrator: cleaned up old summary: signals_summary_1776334175.json
2026-04-16 15:40:43.299 [INFO    ] orchestrator: ranked 20 signals — top candidates:
2026-04-16 15:40:43.299 [INFO    ] orchestrator:   #1 DOWN  score=  6.12  SILVER  folds=6/6  WR=96.5%  consWR=93.5%  entry=$0.87  ev=$0.0645
2026-04-16 15:40:43.300 [INFO    ] orchestrator:   #2 UP    score=  3.69  BRONZE  folds=3/6  WR=100.0%  consWR=97.0%  entry=$0.92  ev=$0.0517
2026-04-16 15:40:43.300 [INFO    ] orchestrator:   #3 DOWN  score=  3.67  SILVER  folds=5/6  WR=96.3%  consWR=93.3%  entry=$0.89  ev=$0.0404
2026-04-16 15:40:43.300 [INFO    ] orchestrator:   #4 DOWN  score=  3.67  GOLDEN  folds=6/6  WR=91.5%  consWR=88.5%  entry=$0.84  ev=$0.0449
2026-04-16 15:40:43.301 [INFO    ] orchestrator:   #5 DOWN  score=  3.45  BRONZE  folds=4/6  WR=94.3%  consWR=91.3%  entry=$0.84  ev=$0.0694
2026-04-16 15:40:43.461 [INFO    ] orchestrator: identity dedupe: pulled 6 paper fire(s) from bot
2026-04-16 15:40:43.462 [INFO    ] orchestrator: identity dedupe: down_250.0_220.0_0.11_0.1 has been top for 4 cycles but no paper fire history yet — no suppression
2026-04-16 15:40:43.462 [INFO    ] orchestrator: DELIVERING SILVER signal: #1 Down [250s->220s] d>=0.11% v<=0.1%
2026-04-16 15:40:43.463 [INFO    ] orchestrator:   score=6.12  WR=96.5%  consWR=93.5%  entry=$0.87  ev=$0.0645  folds=[2, 3, 4, 5, 6, 7]
2026-04-16 15:40:43.624 [INFO    ] shared.ipc: IPC: signal delivered successfully (authenticated ack)
2026-04-16 15:40:43.625 [INFO    ] orchestrator: silver signal delivered to bot
2026-04-16 15:55:43.633 [INFO    ] orchestrator: --- cycle start [12:55:43 UTC] ---
2026-04-16 15:55:43.640 [INFO    ] orchestrator: data quality check passed: 600 windows available
2026-04-16 15:55:43.641 [INFO    ] orchestrator: starting engine: C:\Users\operator\Desktop\PolySignalLab\PolySignalEngine\build\Release\PolySignalEngine.exe C:\Users\operator\Desktop\PolySignalLab\PolyDataCollector\data --output-dir C:\Users\operator\Desktop\PolySignalLab\engine_output
2026-04-16 15:55:50.177 [INFO    ] orchestrator: engine: ==========================================================
2026-04-16 15:55:50.177 [INFO    ] orchestrator: engine:   SUMMARY
2026-04-16 15:55:50.178 [INFO    ] orchestrator: engine: ==========================================================
2026-04-16 15:55:50.178 [INFO    ] orchestrator: engine:   Total windows:         600 (296 UP, 304 DOWN)
2026-04-16 15:55:50.178 [INFO    ] orchestrator: engine:   Walk-forward folds:    8 (6 test iterations)
2026-04-16 15:55:50.179 [INFO    ] orchestrator: engine:   OOS base rate:         49.1% UP (450 test windows total)
2026-04-16 15:55:50.179 [INFO    ] orchestrator: engine:   Configs swept:         150480
2026-04-16 15:55:50.179 [INFO    ] orchestrator: engine:   Viable WF-OOS signals: 74
2026-04-16 15:55:50.180 [INFO    ] orchestrator: engine:   Compute time:          5.23s
2026-04-16 15:55:50.180 [INFO    ] orchestrator: engine: ==========================================================
2026-04-16 15:55:50.181 [INFO    ] orchestrator: engine produced: signals_summary_1776344150.json
2026-04-16 15:55:50.182 [INFO    ] orchestrator: cleaned up old summary: signals_summary_1776335082.json
2026-04-16 15:55:50.183 [INFO    ] orchestrator: ranked 20 signals — top candidates:
2026-04-16 15:55:50.184 [INFO    ] orchestrator:   #1 DOWN  score=  6.12  SILVER  folds=6/6  WR=96.5%  consWR=93.5%  entry=$0.87  ev=$0.0645
2026-04-16 15:55:50.184 [INFO    ] orchestrator:   #2 DOWN  score=  3.67  GOLDEN  folds=6/6  WR=91.5%  consWR=88.5%  entry=$0.84  ev=$0.0449
2026-04-16 15:55:50.185 [INFO    ] orchestrator:   #3 DOWN  score=  3.53  SILVER  folds=5/6  WR=96.2%  consWR=93.2%  entry=$0.89  ev=$0.0388
2026-04-16 15:55:50.185 [INFO    ] orchestrator:   #4 DOWN  score=  3.24  GOLDEN  folds=6/6  WR=93.2%  consWR=90.2%  entry=$0.87  ev=$0.0355
2026-04-16 15:55:50.186 [INFO    ] orchestrator:   #5 DOWN  score=  3.13  BRONZE  folds=4/6  WR=94.2%  consWR=91.2%  entry=$0.85  ev=$0.0631
2026-04-16 15:55:50.346 [INFO    ] orchestrator: identity dedupe: pulled 6 paper fire(s) from bot
2026-04-16 15:55:50.347 [INFO    ] orchestrator: identity dedupe: down_250.0_220.0_0.11_0.1 has been top for 4 cycles but no paper fire history yet — no suppression
2026-04-16 15:55:50.347 [INFO    ] orchestrator: DELIVERING SILVER signal: #1 Down [250s->220s] d>=0.11% v<=0.1%
2026-04-16 15:55:50.348 [INFO    ] orchestrator:   score=6.12  WR=96.5%  consWR=93.5%  entry=$0.87  ev=$0.0645  folds=[2, 3, 4, 5, 6, 7]
2026-04-16 15:55:50.508 [INFO    ] shared.ipc: IPC: signal delivered successfully (authenticated ack)
2026-04-16 15:55:50.509 [INFO    ] orchestrator: silver signal delivered to bot
2026-04-16 16:10:50.511 [INFO    ] orchestrator: --- cycle start [13:10:50 UTC] ---
2026-04-16 16:10:50.518 [INFO    ] orchestrator: data quality check passed: 600 windows available
2026-04-16 16:10:50.519 [INFO    ] orchestrator: starting engine: C:\Users\operator\Desktop\PolySignalLab\PolySignalEngine\build\Release\PolySignalEngine.exe C:\Users\operator\Desktop\PolySignalLab\PolyDataCollector\data --output-dir C:\Users\operator\Desktop\PolySignalLab\engine_output
2026-04-16 16:10:57.167 [INFO    ] orchestrator: engine: ==========================================================
2026-04-16 16:10:57.168 [INFO    ] orchestrator: engine:   SUMMARY
2026-04-16 16:10:57.168 [INFO    ] orchestrator: engine: ==========================================================
2026-04-16 16:10:57.168 [INFO    ] orchestrator: engine:   Total windows:         600 (298 UP, 302 DOWN)
2026-04-16 16:10:57.169 [INFO    ] orchestrator: engine:   Walk-forward folds:    8 (6 test iterations)
2026-04-16 16:10:57.169 [INFO    ] orchestrator: engine:   OOS base rate:         49.3% UP (450 test windows total)
2026-04-16 16:10:57.170 [INFO    ] orchestrator: engine:   Configs swept:         150480
2026-04-16 16:10:57.170 [INFO    ] orchestrator: engine:   Viable WF-OOS signals: 65
2026-04-16 16:10:57.170 [INFO    ] orchestrator: engine:   Compute time:          5.24s
2026-04-16 16:10:57.171 [INFO    ] orchestrator: engine: ==========================================================
2026-04-16 16:10:57.171 [INFO    ] orchestrator: engine produced: signals_summary_1776345057.json
2026-04-16 16:10:57.172 [INFO    ] orchestrator: cleaned up old summary: signals_summary_1776335989.json
2026-04-16 16:10:57.173 [INFO    ] orchestrator: ranked 20 signals — top candidates:
2026-04-16 16:10:57.174 [INFO    ] orchestrator:   #1 DOWN  score=  6.12  SILVER  folds=6/6  WR=96.5%  consWR=93.5%  entry=$0.87  ev=$0.0645
2026-04-16 16:10:57.174 [INFO    ] orchestrator:   #2 DOWN  score=  3.67  GOLDEN  folds=6/6  WR=91.5%  consWR=88.5%  entry=$0.84  ev=$0.0449
2026-04-16 16:10:57.174 [INFO    ] orchestrator:   #3 DOWN  score=  3.53  SILVER  folds=5/6  WR=96.2%  consWR=93.2%  entry=$0.89  ev=$0.0388
2026-04-16 16:10:57.175 [INFO    ] orchestrator:   #4 UP    score=  3.28  BRONZE  folds=3/6  WR=100.0%  consWR=97.0%  entry=$0.92  ev=$0.0492
2026-04-16 16:10:57.175 [INFO    ] orchestrator:   #5 DOWN  score=  3.24  GOLDEN  folds=6/6  WR=93.2%  consWR=90.2%  entry=$0.87  ev=$0.0355
2026-04-16 16:10:57.342 [INFO    ] orchestrator: identity dedupe: pulled 6 paper fire(s) from bot
2026-04-16 16:10:57.342 [INFO    ] orchestrator: identity dedupe: down_250.0_220.0_0.11_0.1 has been top for 4 cycles but no paper fire history yet — no suppression
2026-04-16 16:10:57.343 [INFO    ] orchestrator: DELIVERING SILVER signal: #1 Down [250s->220s] d>=0.11% v<=0.1%
2026-04-16 16:10:57.343 [INFO    ] orchestrator:   score=6.12  WR=96.5%  consWR=93.5%  entry=$0.87  ev=$0.0645  folds=[2, 3, 4, 5, 6, 7]
2026-04-16 16:10:57.511 [INFO    ] shared.ipc: IPC: signal delivered successfully (authenticated ack)
2026-04-16 16:10:57.511 [INFO    ] orchestrator: silver signal delivered to bot
2026-04-16 16:25:57.524 [INFO    ] orchestrator: --- cycle start [13:25:57 UTC] ---
2026-04-16 16:25:57.531 [INFO    ] orchestrator: data quality check passed: 600 windows available
2026-04-16 16:25:57.532 [INFO    ] orchestrator: starting engine: C:\Users\operator\Desktop\PolySignalLab\PolySignalEngine\build\Release\PolySignalEngine.exe C:\Users\operator\Desktop\PolySignalLab\PolyDataCollector\data --output-dir C:\Users\operator\Desktop\PolySignalLab\engine_output
2026-04-16 16:26:04.069 [INFO    ] orchestrator: engine: ==========================================================
2026-04-16 16:26:04.070 [INFO    ] orchestrator: engine:   SUMMARY
2026-04-16 16:26:04.070 [INFO    ] orchestrator: engine: ==========================================================
2026-04-16 16:26:04.070 [INFO    ] orchestrator: engine:   Total windows:         600 (299 UP, 301 DOWN)
2026-04-16 16:26:04.071 [INFO    ] orchestrator: engine:   Walk-forward folds:    8 (6 test iterations)
2026-04-16 16:26:04.071 [INFO    ] orchestrator: engine:   OOS base rate:         49.8% UP (450 test windows total)
2026-04-16 16:26:04.072 [INFO    ] orchestrator: engine:   Configs swept:         150480
2026-04-16 16:26:04.072 [INFO    ] orchestrator: engine:   Viable WF-OOS signals: 65
2026-04-16 16:26:04.072 [INFO    ] orchestrator: engine:   Compute time:          5.23s
2026-04-16 16:26:04.073 [INFO    ] orchestrator: engine: ==========================================================
2026-04-16 16:26:04.074 [INFO    ] orchestrator: engine produced: signals_summary_1776345964.json
2026-04-16 16:26:04.075 [INFO    ] orchestrator: cleaned up old summary: signals_summary_1776336895.json
2026-04-16 16:26:04.076 [INFO    ] orchestrator: ranked 20 signals — top candidates:
2026-04-16 16:26:04.076 [INFO    ] orchestrator:   #1 DOWN  score=  5.83  SILVER  folds=6/6  WR=96.4%  consWR=93.4%  entry=$0.87  ev=$0.0614
2026-04-16 16:26:04.077 [INFO    ] orchestrator:   #2 UP    score=  3.51  BRONZE  folds=3/6  WR=100.0%  consWR=97.0%  entry=$0.92  ev=$0.0492
2026-04-16 16:26:04.077 [INFO    ] orchestrator:   #3 DOWN  score=  3.05  GOLDEN  folds=6/6  WR=91.1%  consWR=88.1%  entry=$0.84  ev=$0.0373
2026-04-16 16:26:04.077 [INFO    ] orchestrator:   #4 DOWN  score=  2.90  GOLDEN  folds=6/6  WR=93.0%  consWR=90.0%  entry=$0.87  ev=$0.0321
2026-04-16 16:26:04.078 [INFO    ] orchestrator:   #5 DOWN  score=  2.76  SILVER  folds=5/6  WR=100.0%  consWR=97.0%  entry=$0.94  ev=$0.0323
2026-04-16 16:26:04.247 [INFO    ] orchestrator: identity dedupe: pulled 6 paper fire(s) from bot
2026-04-16 16:26:04.248 [INFO    ] orchestrator: identity dedupe: down_250.0_220.0_0.11_0.1 has been top for 4 cycles but no paper fire history yet — no suppression
2026-04-16 16:26:04.248 [INFO    ] orchestrator: DELIVERING SILVER signal: #1 Down [250s->220s] d>=0.11% v<=0.1%
2026-04-16 16:26:04.248 [INFO    ] orchestrator:   score=5.83  WR=96.4%  consWR=93.4%  entry=$0.87  ev=$0.0614  folds=[2, 3, 4, 5, 6, 7]
2026-04-16 16:26:04.415 [INFO    ] shared.ipc: IPC: signal delivered successfully (authenticated ack)
2026-04-16 16:26:04.416 [INFO    ] orchestrator: silver signal delivered to bot
2026-04-16 16:41:04.418 [INFO    ] orchestrator: --- cycle start [13:41:04 UTC] ---
2026-04-16 16:41:04.425 [INFO    ] orchestrator: data quality check passed: 600 windows available
2026-04-16 16:41:04.426 [INFO    ] orchestrator: starting engine: C:\Users\operator\Desktop\PolySignalLab\PolySignalEngine\build\Release\PolySignalEngine.exe C:\Users\operator\Desktop\PolySignalLab\PolyDataCollector\data --output-dir C:\Users\operator\Desktop\PolySignalLab\engine_output
2026-04-16 16:41:10.886 [INFO    ] orchestrator: engine: ==========================================================
2026-04-16 16:41:10.886 [INFO    ] orchestrator: engine:   SUMMARY
2026-04-16 16:41:10.886 [INFO    ] orchestrator: engine: ==========================================================
2026-04-16 16:41:10.887 [INFO    ] orchestrator: engine:   Total windows:         600 (299 UP, 301 DOWN)
2026-04-16 16:41:10.887 [INFO    ] orchestrator: engine:   Walk-forward folds:    8 (6 test iterations)
2026-04-16 16:41:10.888 [INFO    ] orchestrator: engine:   OOS base rate:         49.8% UP (450 test windows total)
2026-04-16 16:41:10.888 [INFO    ] orchestrator: engine:   Configs swept:         150480
2026-04-16 16:41:10.888 [INFO    ] orchestrator: engine:   Viable WF-OOS signals: 54
2026-04-16 16:41:10.889 [INFO    ] orchestrator: engine:   Compute time:          5.16s
2026-04-16 16:41:10.889 [INFO    ] orchestrator: engine: ==========================================================
2026-04-16 16:41:10.890 [INFO    ] orchestrator: engine produced: signals_summary_1776346870.json
2026-04-16 16:41:10.891 [INFO    ] orchestrator: cleaned up old summary: signals_summary_1776337802.json
2026-04-16 16:41:10.892 [INFO    ] orchestrator: ranked 20 signals — top candidates:
2026-04-16 16:41:10.892 [INFO    ] orchestrator:   #1 DOWN  score=  6.15  SILVER  folds=6/6  WR=96.5%  consWR=93.5%  entry=$0.87  ev=$0.0645
2026-04-16 16:41:10.892 [INFO    ] orchestrator:   #2 UP    score=  3.51  BRONZE  folds=3/6  WR=100.0%  consWR=97.0%  entry=$0.92  ev=$0.0492
2026-04-16 16:41:10.893 [INFO    ] orchestrator:   #3 DOWN  score=  3.25  GOLDEN  folds=6/6  WR=91.3%  consWR=88.3%  entry=$0.84  ev=$0.0398
2026-04-16 16:41:10.893 [INFO    ] orchestrator:   #4 DOWN  score=  2.90  GOLDEN  folds=6/6  WR=93.2%  consWR=90.2%  entry=$0.87  ev=$0.0320
2026-04-16 16:41:10.894 [INFO    ] orchestrator:   #5 DOWN  score=  2.76  SILVER  folds=5/6  WR=100.0%  consWR=97.0%  entry=$0.94  ev=$0.0323
2026-04-16 16:41:11.062 [INFO    ] orchestrator: identity dedupe: pulled 6 paper fire(s) from bot
2026-04-16 16:41:11.063 [INFO    ] orchestrator: identity dedupe: down_250.0_220.0_0.11_0.1 has been top for 4 cycles but no paper fire history yet — no suppression
2026-04-16 16:41:11.063 [INFO    ] orchestrator: DELIVERING SILVER signal: #1 Down [250s->220s] d>=0.11% v<=0.1%
2026-04-16 16:41:11.064 [INFO    ] orchestrator:   score=6.15  WR=96.5%  consWR=93.5%  entry=$0.87  ev=$0.0645  folds=[2, 3, 4, 5, 6, 7]
2026-04-16 16:41:11.231 [INFO    ] shared.ipc: IPC: signal delivered successfully (authenticated ack)
2026-04-16 16:41:11.232 [INFO    ] orchestrator: silver signal delivered to bot
2026-04-16 16:56:11.246 [INFO    ] orchestrator: --- cycle start [13:56:11 UTC] ---
2026-04-16 16:56:11.253 [INFO    ] orchestrator: data quality check passed: 600 windows available
2026-04-16 16:56:11.254 [INFO    ] orchestrator: starting engine: C:\Users\operator\Desktop\PolySignalLab\PolySignalEngine\build\Release\PolySignalEngine.exe C:\Users\operator\Desktop\PolySignalLab\PolyDataCollector\data --output-dir C:\Users\operator\Desktop\PolySignalLab\engine_output
2026-04-16 16:56:17.909 [INFO    ] orchestrator: engine: ==========================================================
2026-04-16 16:56:17.909 [INFO    ] orchestrator: engine:   SUMMARY
2026-04-16 16:56:17.910 [INFO    ] orchestrator: engine: ==========================================================
2026-04-16 16:56:17.910 [INFO    ] orchestrator: engine:   Total windows:         600 (298 UP, 302 DOWN)
2026-04-16 16:56:17.911 [INFO    ] orchestrator: engine:   Walk-forward folds:    8 (6 test iterations)
2026-04-16 16:56:17.911 [INFO    ] orchestrator: engine:   OOS base rate:         49.1% UP (450 test windows total)
2026-04-16 16:56:17.911 [INFO    ] orchestrator: engine:   Configs swept:         150480
2026-04-16 16:56:17.912 [INFO    ] orchestrator: engine:   Viable WF-OOS signals: 62
2026-04-16 16:56:17.912 [INFO    ] orchestrator: engine:   Compute time:          5.36s
2026-04-16 16:56:17.912 [INFO    ] orchestrator: engine: ==========================================================
2026-04-16 16:56:17.913 [INFO    ] orchestrator: engine produced: signals_summary_1776347777.json
2026-04-16 16:56:17.914 [INFO    ] orchestrator: cleaned up old summary: signals_summary_1776338709.json
2026-04-16 16:56:17.915 [INFO    ] orchestrator: ranked 20 signals — top candidates:
2026-04-16 16:56:17.915 [INFO    ] orchestrator:   #1 DOWN  score=  6.51  GOLDEN  folds=6/6  WR=96.7%  consWR=93.7%  entry=$0.87  ev=$0.0680
2026-04-16 16:56:17.916 [INFO    ] orchestrator:   #2 DOWN  score=  5.88  SILVER  folds=6/6  WR=100.0%  consWR=97.0%  entry=$0.91  ev=$0.0588
2026-04-16 16:56:17.916 [INFO    ] orchestrator:   #3 DOWN  score=  3.89  GOLDEN  folds=6/6  WR=91.7%  consWR=88.7%  entry=$0.84  ev=$0.0460
2026-04-16 16:56:17.917 [INFO    ] orchestrator:   #4 DOWN  score=  3.74  BRONZE  folds=3/6  WR=97.9%  consWR=94.9%  entry=$0.88  ev=$0.0677
2026-04-16 16:56:17.917 [INFO    ] orchestrator:   #5 UP    score=  3.51  BRONZE  folds=3/6  WR=100.0%  consWR=97.0%  entry=$0.92  ev=$0.0492
2026-04-16 16:56:18.084 [INFO    ] orchestrator: identity dedupe: pulled 6 paper fire(s) from bot
2026-04-16 16:56:18.085 [INFO    ] orchestrator: identity dedupe: down_250.0_220.0_0.11_0.1 has been top for 4 cycles but no paper fire history yet — no suppression
2026-04-16 16:56:18.085 [INFO    ] orchestrator: DELIVERING GOLDEN signal: #1 Down [250s->220s] d>=0.11% v<=0.1%
2026-04-16 16:56:18.085 [INFO    ] orchestrator:   score=6.51  WR=96.7%  consWR=93.7%  entry=$0.87  ev=$0.0680  folds=[2, 3, 4, 5, 6, 7]
2026-04-16 16:56:18.252 [INFO    ] shared.ipc: IPC: signal delivered successfully (authenticated ack)
2026-04-16 16:56:18.253 [INFO    ] orchestrator: golden signal delivered to bot
2026-04-16 17:11:18.258 [INFO    ] orchestrator: --- cycle start [14:11:18 UTC] ---
2026-04-16 17:11:18.265 [INFO    ] orchestrator: data quality check passed: 600 windows available
2026-04-16 17:11:18.266 [INFO    ] orchestrator: starting engine: C:\Users\operator\Desktop\PolySignalLab\PolySignalEngine\build\Release\PolySignalEngine.exe C:\Users\operator\Desktop\PolySignalLab\PolyDataCollector\data --output-dir C:\Users\operator\Desktop\PolySignalLab\engine_output
2026-04-16 17:11:24.908 [INFO    ] orchestrator: engine: ==========================================================
2026-04-16 17:11:24.909 [INFO    ] orchestrator: engine:   SUMMARY
2026-04-16 17:11:24.909 [INFO    ] orchestrator: engine: ==========================================================
2026-04-16 17:11:24.910 [INFO    ] orchestrator: engine:   Total windows:         600 (298 UP, 302 DOWN)
2026-04-16 17:11:24.910 [INFO    ] orchestrator: engine:   Walk-forward folds:    8 (6 test iterations)
2026-04-16 17:11:24.910 [INFO    ] orchestrator: engine:   OOS base rate:         49.1% UP (450 test windows total)
2026-04-16 17:11:24.911 [INFO    ] orchestrator: engine:   Configs swept:         150480
2026-04-16 17:11:24.911 [INFO    ] orchestrator: engine:   Viable WF-OOS signals: 70
2026-04-16 17:11:24.912 [INFO    ] orchestrator: engine:   Compute time:          5.37s
2026-04-16 17:11:24.912 [INFO    ] orchestrator: engine: ==========================================================
2026-04-16 17:11:24.913 [INFO    ] orchestrator: engine produced: signals_summary_1776348684.json
2026-04-16 17:11:24.914 [INFO    ] orchestrator: cleaned up old summary: signals_summary_1776339616.json
2026-04-16 17:11:24.915 [INFO    ] orchestrator: ranked 20 signals — top candidates:
2026-04-16 17:11:24.915 [INFO    ] orchestrator:   #1 DOWN  score=  6.26  GOLDEN  folds=6/6  WR=96.7%  consWR=93.7%  entry=$0.87  ev=$0.0653
2026-04-16 17:11:24.916 [INFO    ] orchestrator:   #2 DOWN  score=  5.68  SILVER  folds=6/6  WR=100.0%  consWR=97.0%  entry=$0.91  ev=$0.0568
2026-04-16 17:11:24.916 [INFO    ] orchestrator:   #3 DOWN  score=  3.75  GOLDEN  folds=6/6  WR=91.7%  consWR=88.7%  entry=$0.84  ev=$0.0444
2026-04-16 17:11:24.917 [INFO    ] orchestrator:   #4 UP    score=  3.75  BRONZE  folds=3/6  WR=100.0%  consWR=97.0%  entry=$0.92  ev=$0.0525
2026-04-16 17:11:24.917 [INFO    ] orchestrator:   #5 DOWN  score=  3.63  BRONZE  folds=3/6  WR=97.8%  consWR=94.8%  entry=$0.88  ev=$0.0657
2026-04-16 17:11:25.086 [INFO    ] orchestrator: identity dedupe: pulled 6 paper fire(s) from bot
2026-04-16 17:11:25.087 [INFO    ] orchestrator: identity dedupe: down_250.0_220.0_0.11_0.1 has been top for 4 cycles but no paper fire history yet — no suppression
2026-04-16 17:11:25.088 [INFO    ] orchestrator: DELIVERING GOLDEN signal: #1 Down [250s->220s] d>=0.11% v<=0.1%
2026-04-16 17:11:25.088 [INFO    ] orchestrator:   score=6.26  WR=96.7%  consWR=93.7%  entry=$0.87  ev=$0.0653  folds=[2, 3, 4, 5, 6, 7]
2026-04-16 17:11:25.255 [INFO    ] shared.ipc: IPC: signal delivered successfully (authenticated ack)
2026-04-16 17:11:25.255 [INFO    ] orchestrator: golden signal delivered to bot
2026-04-16 17:26:25.268 [INFO    ] orchestrator: --- cycle start [14:26:25 UTC] ---
2026-04-16 17:26:25.275 [INFO    ] orchestrator: data quality check passed: 600 windows available
2026-04-16 17:26:25.276 [INFO    ] orchestrator: starting engine: C:\Users\operator\Desktop\PolySignalLab\PolySignalEngine\build\Release\PolySignalEngine.exe C:\Users\operator\Desktop\PolySignalLab\PolyDataCollector\data --output-dir C:\Users\operator\Desktop\PolySignalLab\engine_output
2026-04-16 17:26:31.953 [INFO    ] orchestrator: engine: ==========================================================
2026-04-16 17:26:31.953 [INFO    ] orchestrator: engine:   SUMMARY
2026-04-16 17:26:31.953 [INFO    ] orchestrator: engine: ==========================================================
2026-04-16 17:26:31.954 [INFO    ] orchestrator: engine:   Total windows:         600 (297 UP, 303 DOWN)
2026-04-16 17:26:31.954 [INFO    ] orchestrator: engine:   Walk-forward folds:    8 (6 test iterations)
2026-04-16 17:26:31.954 [INFO    ] orchestrator: engine:   OOS base rate:         48.9% UP (450 test windows total)
2026-04-16 17:26:31.955 [INFO    ] orchestrator: engine:   Configs swept:         150480
2026-04-16 17:26:31.955 [INFO    ] orchestrator: engine:   Viable WF-OOS signals: 61
2026-04-16 17:26:31.955 [INFO    ] orchestrator: engine:   Compute time:          5.38s
2026-04-16 17:26:31.956 [INFO    ] orchestrator: engine: ==========================================================
2026-04-16 17:26:31.956 [INFO    ] orchestrator: engine produced: signals_summary_1776349591.json
2026-04-16 17:26:31.957 [INFO    ] orchestrator: cleaned up old summary: signals_summary_1776340522.json
2026-04-16 17:26:31.957 [INFO    ] orchestrator: ranked 20 signals — top candidates:
2026-04-16 17:26:31.958 [INFO    ] orchestrator:   #1 DOWN  score=  6.23  GOLDEN  folds=6/6  WR=96.7%  consWR=93.7%  entry=$0.87  ev=$0.0653
2026-04-16 17:26:31.958 [INFO    ] orchestrator:   #2 DOWN  score=  5.68  SILVER  folds=6/6  WR=100.0%  consWR=97.0%  entry=$0.91  ev=$0.0568
2026-04-16 17:26:31.958 [INFO    ] orchestrator:   #3 UP    score=  4.35  BRONZE  folds=3/6  WR=100.0%  consWR=97.0%  entry=$0.91  ev=$0.0608
2026-04-16 17:26:31.959 [INFO    ] orchestrator:   #4 DOWN  score=  3.84  GOLDEN  folds=6/6  WR=91.7%  consWR=88.7%  entry=$0.84  ev=$0.0444
2026-04-16 17:26:31.959 [INFO    ] orchestrator:   #5 DOWN  score=  3.74  BRONZE  folds=4/6  WR=95.8%  consWR=92.8%  entry=$0.88  ev=$0.0525
2026-04-16 17:26:32.127 [INFO    ] orchestrator: identity dedupe: pulled 6 paper fire(s) from bot
2026-04-16 17:26:32.128 [INFO    ] orchestrator: identity dedupe: down_250.0_220.0_0.11_0.1 has been top for 4 cycles but no paper fire history yet — no suppression
2026-04-16 17:26:32.128 [INFO    ] orchestrator: DELIVERING GOLDEN signal: #1 Down [250s->220s] d>=0.11% v<=0.1%
2026-04-16 17:26:32.128 [INFO    ] orchestrator:   score=6.23  WR=96.7%  consWR=93.7%  entry=$0.87  ev=$0.0653  folds=[2, 3, 4, 5, 6, 7]
2026-04-16 17:26:32.295 [INFO    ] shared.ipc: IPC: signal delivered successfully (authenticated ack)
2026-04-16 17:26:32.296 [INFO    ] orchestrator: golden signal delivered to bot
2026-04-16 17:41:32.298 [INFO    ] orchestrator: --- cycle start [14:41:32 UTC] ---
2026-04-16 17:41:32.305 [INFO    ] orchestrator: data quality check passed: 600 windows available
2026-04-16 17:41:32.306 [INFO    ] orchestrator: starting engine: C:\Users\operator\Desktop\PolySignalLab\PolySignalEngine\build\Release\PolySignalEngine.exe C:\Users\operator\Desktop\PolySignalLab\PolyDataCollector\data --output-dir C:\Users\operator\Desktop\PolySignalLab\engine_output
2026-04-16 17:41:38.901 [INFO    ] orchestrator: engine: ==========================================================
2026-04-16 17:41:38.901 [INFO    ] orchestrator: engine:   SUMMARY
2026-04-16 17:41:38.902 [INFO    ] orchestrator: engine: ==========================================================
2026-04-16 17:41:38.902 [INFO    ] orchestrator: engine:   Total windows:         600 (298 UP, 302 DOWN)
2026-04-16 17:41:38.902 [INFO    ] orchestrator: engine:   Walk-forward folds:    8 (6 test iterations)
2026-04-16 17:41:38.903 [INFO    ] orchestrator: engine:   OOS base rate:         49.1% UP (450 test windows total)
2026-04-16 17:41:38.903 [INFO    ] orchestrator: engine:   Configs swept:         150480
2026-04-16 17:41:38.904 [INFO    ] orchestrator: engine:   Viable WF-OOS signals: 61
2026-04-16 17:41:38.904 [INFO    ] orchestrator: engine:   Compute time:          5.30s
2026-04-16 17:41:38.904 [INFO    ] orchestrator: engine: ==========================================================
2026-04-16 17:41:38.905 [INFO    ] orchestrator: engine produced: signals_summary_1776350498.json
2026-04-16 17:41:38.906 [INFO    ] orchestrator: cleaned up old summary: signals_summary_1776341429.json
2026-04-16 17:41:38.907 [INFO    ] orchestrator: ranked 20 signals — top candidates:
2026-04-16 17:41:38.907 [INFO    ] orchestrator:   #1 DOWN  score=  6.16  GOLDEN  folds=6/6  WR=96.7%  consWR=93.7%  entry=$0.87  ev=$0.0653
2026-04-16 17:41:38.907 [INFO    ] orchestrator:   #2 DOWN  score=  5.68  SILVER  folds=6/6  WR=100.0%  consWR=97.0%  entry=$0.91  ev=$0.0568
2026-04-16 17:41:38.908 [INFO    ] orchestrator:   #3 DOWN  score=  5.42  BRONZE  folds=4/6  WR=95.8%  consWR=92.8%  entry=$0.86  ev=$0.0667
2026-04-16 17:41:38.908 [INFO    ] orchestrator:   #4 DOWN  score=  3.84  GOLDEN  folds=6/6  WR=91.7%  consWR=88.7%  entry=$0.84  ev=$0.0444
2026-04-16 17:41:38.909 [INFO    ] orchestrator:   #5 DOWN  score=  3.55  BRONZE  folds=3/6  WR=97.8%  consWR=94.8%  entry=$0.88  ev=$0.0644
2026-04-16 17:41:39.076 [INFO    ] orchestrator: identity dedupe: pulled 6 paper fire(s) from bot
2026-04-16 17:41:39.077 [INFO    ] orchestrator: identity dedupe: down_250.0_220.0_0.11_0.1 has been top for 4 cycles but no paper fire history yet — no suppression
2026-04-16 17:41:39.077 [INFO    ] orchestrator: DELIVERING GOLDEN signal: #1 Down [250s->220s] d>=0.11% v<=0.1%
2026-04-16 17:41:39.078 [INFO    ] orchestrator:   score=6.16  WR=96.7%  consWR=93.7%  entry=$0.87  ev=$0.0653  folds=[2, 3, 4, 5, 6, 7]
2026-04-16 17:41:39.244 [INFO    ] shared.ipc: IPC: signal delivered successfully (authenticated ack)
2026-04-16 17:41:39.245 [INFO    ] orchestrator: golden signal delivered to bot
2026-04-16 17:56:39.245 [INFO    ] orchestrator: --- cycle start [14:56:39 UTC] ---
2026-04-16 17:56:39.252 [INFO    ] orchestrator: data quality check passed: 600 windows available
2026-04-16 17:56:39.253 [INFO    ] orchestrator: starting engine: C:\Users\operator\Desktop\PolySignalLab\PolySignalEngine\build\Release\PolySignalEngine.exe C:\Users\operator\Desktop\PolySignalLab\PolyDataCollector\data --output-dir C:\Users\operator\Desktop\PolySignalLab\engine_output
2026-04-16 17:56:46.120 [INFO    ] orchestrator: engine: ==========================================================
2026-04-16 17:56:46.120 [INFO    ] orchestrator: engine:   SUMMARY
2026-04-16 17:56:46.120 [INFO    ] orchestrator: engine: ==========================================================
2026-04-16 17:56:46.121 [INFO    ] orchestrator: engine:   Total windows:         600 (298 UP, 302 DOWN)
2026-04-16 17:56:46.121 [INFO    ] orchestrator: engine:   Walk-forward folds:    8 (6 test iterations)
2026-04-16 17:56:46.121 [INFO    ] orchestrator: engine:   OOS base rate:         48.9% UP (450 test windows total)
2026-04-16 17:56:46.122 [INFO    ] orchestrator: engine:   Configs swept:         150480
2026-04-16 17:56:46.122 [INFO    ] orchestrator: engine:   Viable WF-OOS signals: 67
2026-04-16 17:56:46.123 [INFO    ] orchestrator: engine:   Compute time:          5.43s
2026-04-16 17:56:46.123 [INFO    ] orchestrator: engine: ==========================================================
2026-04-16 17:56:46.124 [INFO    ] orchestrator: engine produced: signals_summary_1776351406.json
2026-04-16 17:56:46.125 [INFO    ] orchestrator: cleaned up old summary: signals_summary_1776342336.json
2026-04-16 17:56:46.125 [INFO    ] orchestrator: ranked 20 signals — top candidates:
2026-04-16 17:56:46.126 [INFO    ] orchestrator:   #1 DOWN  score=  6.11  GOLDEN  folds=6/6  WR=96.7%  consWR=93.7%  entry=$0.87  ev=$0.0653
2026-04-16 17:56:46.126 [INFO    ] orchestrator:   #2 DOWN  score=  5.68  SILVER  folds=6/6  WR=100.0%  consWR=97.0%  entry=$0.91  ev=$0.0568
2026-04-16 17:56:46.126 [INFO    ] orchestrator:   #3 DOWN  score=  3.91  GOLDEN  folds=6/6  WR=91.7%  consWR=88.7%  entry=$0.84  ev=$0.0444
2026-04-16 17:56:46.127 [INFO    ] orchestrator:   #4 UP    score=  3.74  BRONZE  folds=3/6  WR=100.0%  consWR=97.0%  entry=$0.91  ev=$0.0604
2026-04-16 17:56:46.127 [INFO    ] orchestrator:   #5 UP    score=  3.47  BRONZE  folds=3/6  WR=96.2%  consWR=93.2%  entry=$0.88  ev=$0.0519
2026-04-16 17:56:46.294 [INFO    ] orchestrator: identity dedupe: pulled 6 paper fire(s) from bot
2026-04-16 17:56:46.295 [INFO    ] orchestrator: identity dedupe: down_250.0_220.0_0.11_0.1 has been top for 4 cycles but no paper fire history yet — no suppression
2026-04-16 17:56:46.295 [INFO    ] orchestrator: DELIVERING GOLDEN signal: #1 Down [250s->220s] d>=0.11% v<=0.1%
2026-04-16 17:56:46.296 [INFO    ] orchestrator:   score=6.11  WR=96.7%  consWR=93.7%  entry=$0.87  ev=$0.0653  folds=[2, 3, 4, 5, 6, 7]
2026-04-16 17:56:46.462 [INFO    ] shared.ipc: IPC: signal delivered successfully (authenticated ack)
2026-04-16 17:56:46.463 [INFO    ] orchestrator: golden signal delivered to bot
2026-04-16 18:11:46.474 [INFO    ] orchestrator: --- cycle start [15:11:46 UTC] ---
2026-04-16 18:11:46.481 [INFO    ] orchestrator: data quality check passed: 600 windows available
2026-04-16 18:11:46.482 [INFO    ] orchestrator: starting engine: C:\Users\operator\Desktop\PolySignalLab\PolySignalEngine\build\Release\PolySignalEngine.exe C:\Users\operator\Desktop\PolySignalLab\PolyDataCollector\data --output-dir C:\Users\operator\Desktop\PolySignalLab\engine_output
2026-04-16 18:11:53.300 [INFO    ] orchestrator: engine: ==========================================================
2026-04-16 18:11:53.300 [INFO    ] orchestrator: engine:   SUMMARY
2026-04-16 18:11:53.301 [INFO    ] orchestrator: engine: ==========================================================
2026-04-16 18:11:53.301 [INFO    ] orchestrator: engine:   Total windows:         600 (297 UP, 303 DOWN)
2026-04-16 18:11:53.302 [INFO    ] orchestrator: engine:   Walk-forward folds:    8 (6 test iterations)
2026-04-16 18:11:53.302 [INFO    ] orchestrator: engine:   OOS base rate:         48.9% UP (450 test windows total)
2026-04-16 18:11:53.302 [INFO    ] orchestrator: engine:   Configs swept:         150480
2026-04-16 18:11:53.303 [INFO    ] orchestrator: engine:   Viable WF-OOS signals: 68
2026-04-16 18:11:53.303 [INFO    ] orchestrator: engine:   Compute time:          5.50s
2026-04-16 18:11:53.303 [INFO    ] orchestrator: engine: ==========================================================
2026-04-16 18:11:53.304 [INFO    ] orchestrator: engine produced: signals_summary_1776352313.json
2026-04-16 18:11:53.306 [INFO    ] orchestrator: cleaned up old summary: signals_summary_1776343243.json
2026-04-16 18:11:53.307 [INFO    ] orchestrator: ranked 20 signals — top candidates:
2026-04-16 18:11:53.307 [INFO    ] orchestrator:   #1 DOWN  score=  6.31  GOLDEN  folds=6/6  WR=96.8%  consWR=93.8%  entry=$0.87  ev=$0.0674
2026-04-16 18:11:53.307 [INFO    ] orchestrator:   #2 DOWN  score=  5.64  SILVER  folds=6/6  WR=100.0%  consWR=97.0%  entry=$0.91  ev=$0.0564
2026-04-16 18:11:53.308 [INFO    ] orchestrator:   #3 DOWN  score=  5.45  SILVER  folds=5/6  WR=97.1%  consWR=94.1%  entry=$0.87  ev=$0.0715
2026-04-16 18:11:53.308 [INFO    ] orchestrator:   #4 DOWN  score=  4.07  GOLDEN  folds=6/6  WR=91.8%  consWR=88.8%  entry=$0.84  ev=$0.0461
2026-04-16 18:11:53.309 [INFO    ] orchestrator:   #5 DOWN  score=  3.99  BRONZE  folds=2/6  WR=95.8%  consWR=92.8%  entry=$0.80  ev=$0.1238
2026-04-16 18:11:53.472 [INFO    ] orchestrator: identity dedupe: pulled 6 paper fire(s) from bot
2026-04-16 18:11:53.473 [INFO    ] orchestrator: identity dedupe: down_250.0_220.0_0.11_0.1 has been top for 4 cycles but no paper fire history yet — no suppression
2026-04-16 18:11:53.474 [INFO    ] orchestrator: DELIVERING GOLDEN signal: #1 Down [250s->220s] d>=0.11% v<=0.1%
2026-04-16 18:11:53.474 [INFO    ] orchestrator:   score=6.31  WR=96.8%  consWR=93.8%  entry=$0.87  ev=$0.0674  folds=[2, 3, 4, 5, 6, 7]
2026-04-16 18:11:53.638 [INFO    ] shared.ipc: IPC: signal delivered successfully (authenticated ack)
2026-04-16 18:11:53.639 [INFO    ] orchestrator: golden signal delivered to bot
2026-04-16 18:26:53.645 [INFO    ] orchestrator: --- cycle start [15:26:53 UTC] ---
2026-04-16 18:26:53.652 [INFO    ] orchestrator: data quality check passed: 600 windows available
2026-04-16 18:26:53.653 [INFO    ] orchestrator: starting engine: C:\Users\operator\Desktop\PolySignalLab\PolySignalEngine\build\Release\PolySignalEngine.exe C:\Users\operator\Desktop\PolySignalLab\PolyDataCollector\data --output-dir C:\Users\operator\Desktop\PolySignalLab\engine_output
2026-04-16 18:27:00.351 [INFO    ] orchestrator: engine: ==========================================================
2026-04-16 18:27:00.352 [INFO    ] orchestrator: engine:   SUMMARY
2026-04-16 18:27:00.352 [INFO    ] orchestrator: engine: ==========================================================
2026-04-16 18:27:00.352 [INFO    ] orchestrator: engine:   Total windows:         600 (297 UP, 303 DOWN)
2026-04-16 18:27:00.353 [INFO    ] orchestrator: engine:   Walk-forward folds:    8 (6 test iterations)
2026-04-16 18:27:00.353 [INFO    ] orchestrator: engine:   OOS base rate:         49.1% UP (450 test windows total)
2026-04-16 18:27:00.354 [INFO    ] orchestrator: engine:   Configs swept:         150480
2026-04-16 18:27:00.354 [INFO    ] orchestrator: engine:   Viable WF-OOS signals: 59
2026-04-16 18:27:00.354 [INFO    ] orchestrator: engine:   Compute time:          5.43s
2026-04-16 18:27:00.355 [INFO    ] orchestrator: engine: ==========================================================
2026-04-16 18:27:00.355 [INFO    ] orchestrator: engine produced: signals_summary_1776353220.json
2026-04-16 18:27:00.356 [INFO    ] orchestrator: cleaned up old summary: signals_summary_1776344150.json
2026-04-16 18:27:00.357 [INFO    ] orchestrator: ranked 20 signals — top candidates:
2026-04-16 18:27:00.357 [INFO    ] orchestrator:   #1 DOWN  score=  5.92  GOLDEN  folds=6/6  WR=96.7%  consWR=93.7%  entry=$0.87  ev=$0.0633
2026-04-16 18:27:00.357 [INFO    ] orchestrator:   #2 DOWN  score=  5.63  SILVER  folds=6/6  WR=100.0%  consWR=97.0%  entry=$0.91  ev=$0.0563
2026-04-16 18:27:00.358 [INFO    ] orchestrator:   #3 DOWN  score=  5.11  GOLDEN  folds=6/6  WR=95.6%  consWR=92.6%  entry=$0.87  ev=$0.0547
2026-04-16 18:27:00.358 [INFO    ] orchestrator:   #4 UP    score=  4.77  BRONZE  folds=3/6  WR=100.0%  consWR=97.0%  entry=$0.90  ev=$0.0716
2026-04-16 18:27:00.358 [INFO    ] orchestrator:   #5 DOWN  score=  4.02  BRONZE  folds=2/6  WR=93.9%  consWR=90.9%  entry=$0.78  ev=$0.1276
2026-04-16 18:27:00.523 [INFO    ] orchestrator: identity dedupe: pulled 6 paper fire(s) from bot
2026-04-16 18:27:00.524 [INFO    ] orchestrator: identity dedupe: down_250.0_220.0_0.11_0.1 has been top for 4 cycles but no paper fire history yet — no suppression
2026-04-16 18:27:00.524 [INFO    ] orchestrator: DELIVERING GOLDEN signal: #1 Down [250s->220s] d>=0.11% v<=0.1%
2026-04-16 18:27:00.524 [INFO    ] orchestrator:   score=5.92  WR=96.7%  consWR=93.7%  entry=$0.87  ev=$0.0633  folds=[2, 3, 4, 5, 6, 7]
2026-04-16 18:27:00.689 [INFO    ] shared.ipc: IPC: signal delivered successfully (authenticated ack)
2026-04-16 18:27:00.690 [INFO    ] orchestrator: golden signal delivered to bot
2026-04-16 18:42:00.691 [INFO    ] orchestrator: --- cycle start [15:42:00 UTC] ---
2026-04-16 18:42:00.698 [INFO    ] orchestrator: data quality check passed: 600 windows available
2026-04-16 18:42:00.699 [INFO    ] orchestrator: starting engine: C:\Users\operator\Desktop\PolySignalLab\PolySignalEngine\build\Release\PolySignalEngine.exe C:\Users\operator\Desktop\PolySignalLab\PolyDataCollector\data --output-dir C:\Users\operator\Desktop\PolySignalLab\engine_output
2026-04-16 18:42:07.545 [INFO    ] orchestrator: engine: ==========================================================
2026-04-16 18:42:07.545 [INFO    ] orchestrator: engine:   SUMMARY
2026-04-16 18:42:07.546 [INFO    ] orchestrator: engine: ==========================================================
2026-04-16 18:42:07.546 [INFO    ] orchestrator: engine:   Total windows:         600 (297 UP, 303 DOWN)
2026-04-16 18:42:07.547 [INFO    ] orchestrator: engine:   Walk-forward folds:    8 (6 test iterations)
2026-04-16 18:42:07.547 [INFO    ] orchestrator: engine:   OOS base rate:         49.1% UP (450 test windows total)
2026-04-16 18:42:07.548 [INFO    ] orchestrator: engine:   Configs swept:         150480
2026-04-16 18:42:07.548 [INFO    ] orchestrator: engine:   Viable WF-OOS signals: 76
2026-04-16 18:42:07.549 [INFO    ] orchestrator: engine:   Compute time:          5.55s
2026-04-16 18:42:07.549 [INFO    ] orchestrator: engine: ==========================================================
2026-04-16 18:42:07.550 [INFO    ] orchestrator: engine produced: signals_summary_1776354127.json
2026-04-16 18:42:07.551 [INFO    ] orchestrator: cleaned up old summary: signals_summary_1776345057.json
2026-04-16 18:42:07.552 [INFO    ] orchestrator: ranked 20 signals — top candidates:
2026-04-16 18:42:07.552 [INFO    ] orchestrator:   #1 DOWN  score=  7.12  GOLDEN  folds=6/6  WR=97.7%  consWR=94.7%  entry=$0.87  ev=$0.0743
2026-04-16 18:42:07.552 [INFO    ] orchestrator:   #2 UP    score=  6.22  GOLDEN  folds=6/6  WR=100.0%  consWR=97.0%  entry=$0.91  ev=$0.0622
2026-04-16 18:42:07.552 [INFO    ] orchestrator:   #3 DOWN  score=  5.92  GOLDEN  folds=6/6  WR=96.7%  consWR=93.7%  entry=$0.87  ev=$0.0633
2026-04-16 18:42:07.553 [INFO    ] orchestrator:   #4 DOWN  score=  5.63  SILVER  folds=6/6  WR=100.0%  consWR=97.0%  entry=$0.91  ev=$0.0563
2026-04-16 18:42:07.553 [INFO    ] orchestrator:   #5 UP    score=  4.53  BRONZE  folds=4/6  WR=100.0%  consWR=97.0%  entry=$0.91  ev=$0.0635
2026-04-16 18:42:07.718 [INFO    ] orchestrator: identity dedupe: pulled 6 paper fire(s) from bot
2026-04-16 18:42:07.718 [INFO    ] orchestrator: DELIVERING GOLDEN signal: #1 Down [230s->200s] d>=0.1% v<=0.1%
2026-04-16 18:42:07.719 [INFO    ] orchestrator:   score=7.12  WR=97.7%  consWR=94.7%  entry=$0.87  ev=$0.0743  folds=[2, 3, 4, 5, 6, 7]
2026-04-16 18:42:07.882 [INFO    ] shared.ipc: IPC: signal delivered successfully (authenticated ack)
2026-04-16 18:42:07.882 [INFO    ] orchestrator: golden signal delivered to bot
2026-04-16 18:57:07.897 [INFO    ] orchestrator: --- cycle start [15:57:07 UTC] ---
2026-04-16 18:57:07.904 [INFO    ] orchestrator: data quality check passed: 600 windows available
2026-04-16 18:57:07.905 [INFO    ] orchestrator: starting engine: C:\Users\operator\Desktop\PolySignalLab\PolySignalEngine\build\Release\PolySignalEngine.exe C:\Users\operator\Desktop\PolySignalLab\PolyDataCollector\data --output-dir C:\Users\operator\Desktop\PolySignalLab\engine_output
2026-04-16 18:57:14.481 [INFO    ] orchestrator: engine: ==========================================================
2026-04-16 18:57:14.481 [INFO    ] orchestrator: engine:   SUMMARY
2026-04-16 18:57:14.482 [INFO    ] orchestrator: engine: ==========================================================
2026-04-16 18:57:14.482 [INFO    ] orchestrator: engine:   Total windows:         600 (296 UP, 304 DOWN)
2026-04-16 18:57:14.482 [INFO    ] orchestrator: engine:   Walk-forward folds:    8 (6 test iterations)
2026-04-16 18:57:14.482 [INFO    ] orchestrator: engine:   OOS base rate:         49.1% UP (450 test windows total)
2026-04-16 18:57:14.483 [INFO    ] orchestrator: engine:   Configs swept:         150480
2026-04-16 18:57:14.483 [INFO    ] orchestrator: engine:   Viable WF-OOS signals: 80
2026-04-16 18:57:14.484 [INFO    ] orchestrator: engine:   Compute time:          5.27s
2026-04-16 18:57:14.484 [INFO    ] orchestrator: engine: ==========================================================
2026-04-16 18:57:14.485 [INFO    ] orchestrator: engine produced: signals_summary_1776355034.json
2026-04-16 18:57:14.485 [INFO    ] orchestrator: cleaned up old summary: signals_summary_1776345964.json
2026-04-16 18:57:14.486 [INFO    ] orchestrator: ranked 20 signals — top candidates:
2026-04-16 18:57:14.487 [INFO    ] orchestrator:   #1 DOWN  score=  7.73  GOLDEN  folds=6/6  WR=97.8%  consWR=94.8%  entry=$0.87  ev=$0.0811
2026-04-16 18:57:14.487 [INFO    ] orchestrator:   #2 DOWN  score=  6.92  SILVER  folds=6/6  WR=100.0%  consWR=97.0%  entry=$0.90  ev=$0.0692
2026-04-16 18:57:14.487 [INFO    ] orchestrator:   #3 DOWN  score=  5.92  GOLDEN  folds=6/6  WR=96.7%  consWR=93.7%  entry=$0.87  ev=$0.0633
2026-04-16 18:57:14.488 [INFO    ] orchestrator:   #4 UP    score=  5.64  SILVER  folds=5/6  WR=100.0%  consWR=97.0%  entry=$0.90  ev=$0.0696
2026-04-16 18:57:14.488 [INFO    ] orchestrator:   #5 DOWN  score=  4.88  BRONZE  folds=3/6  WR=97.0%  consWR=94.0%  entry=$0.84  ev=$0.0964
2026-04-16 18:57:14.654 [INFO    ] orchestrator: identity dedupe: pulled 6 paper fire(s) from bot
2026-04-16 18:57:14.654 [INFO    ] orchestrator: DELIVERING GOLDEN signal: #1 Down [230s->200s] d>=0.1% v<=0.1%
2026-04-16 18:57:14.655 [INFO    ] orchestrator:   score=7.73  WR=97.8%  consWR=94.8%  entry=$0.87  ev=$0.0811  folds=[2, 3, 4, 5, 6, 7]
2026-04-16 18:57:14.820 [INFO    ] shared.ipc: IPC: signal delivered successfully (authenticated ack)
2026-04-16 18:57:14.820 [INFO    ] orchestrator: golden signal delivered to bot
2026-04-16 19:12:14.836 [INFO    ] orchestrator: --- cycle start [16:12:14 UTC] ---
2026-04-16 19:12:14.842 [INFO    ] orchestrator: data quality check passed: 600 windows available
2026-04-16 19:12:14.843 [INFO    ] orchestrator: starting engine: C:\Users\operator\Desktop\PolySignalLab\PolySignalEngine\build\Release\PolySignalEngine.exe C:\Users\operator\Desktop\PolySignalLab\PolyDataCollector\data --output-dir C:\Users\operator\Desktop\PolySignalLab\engine_output
2026-04-16 19:12:20.923 [INFO    ] orchestrator: engine: ==========================================================
2026-04-16 19:12:20.924 [INFO    ] orchestrator: engine:   SUMMARY
2026-04-16 19:12:20.924 [INFO    ] orchestrator: engine: ==========================================================
2026-04-16 19:12:20.924 [INFO    ] orchestrator: engine:   Total windows:         600 (297 UP, 303 DOWN)
2026-04-16 19:12:20.925 [INFO    ] orchestrator: engine:   Walk-forward folds:    8 (6 test iterations)
2026-04-16 19:12:20.925 [INFO    ] orchestrator: engine:   OOS base rate:         49.8% UP (450 test windows total)
2026-04-16 19:12:20.925 [INFO    ] orchestrator: engine:   Configs swept:         150480
2026-04-16 19:12:20.926 [INFO    ] orchestrator: engine:   Viable WF-OOS signals: 85
2026-04-16 19:12:20.926 [INFO    ] orchestrator: engine:   Compute time:          4.81s
2026-04-16 19:12:20.926 [INFO    ] orchestrator: engine: ==========================================================
2026-04-16 19:12:20.927 [INFO    ] orchestrator: engine produced: signals_summary_1776355940.json
2026-04-16 19:12:20.928 [INFO    ] orchestrator: cleaned up old summary: signals_summary_1776346870.json
2026-04-16 19:12:20.929 [INFO    ] orchestrator: ranked 20 signals — top candidates:
2026-04-16 19:12:20.929 [INFO    ] orchestrator:   #1 DOWN  score=  7.69  GOLDEN  folds=6/6  WR=97.8%  consWR=94.8%  entry=$0.87  ev=$0.0811
2026-04-16 19:12:20.929 [INFO    ] orchestrator:   #2 UP    score=  7.59  GOLDEN  folds=6/6  WR=100.0%  consWR=97.0%  entry=$0.89  ev=$0.0759
2026-04-16 19:12:20.929 [INFO    ] orchestrator:   #3 DOWN  score=  6.92  SILVER  folds=6/6  WR=100.0%  consWR=97.0%  entry=$0.90  ev=$0.0692
2026-04-16 19:12:20.930 [INFO    ] orchestrator:   #4 UP    score=  6.53  SILVER  folds=5/6  WR=100.0%  consWR=97.0%  entry=$0.89  ev=$0.0807
2026-04-16 19:12:20.930 [INFO    ] orchestrator:   #5 UP    score=  6.40  GOLDEN  folds=6/6  WR=100.0%  consWR=97.0%  entry=$0.91  ev=$0.0640
2026-04-16 19:12:21.109 [INFO    ] orchestrator: identity dedupe: pulled 6 paper fire(s) from bot
2026-04-16 19:12:21.110 [INFO    ] orchestrator: DELIVERING GOLDEN signal: #1 Down [230s->200s] d>=0.1% v<=0.1%
2026-04-16 19:12:21.110 [INFO    ] orchestrator:   score=7.69  WR=97.8%  consWR=94.8%  entry=$0.87  ev=$0.0811  folds=[2, 3, 4, 5, 6, 7]
2026-04-16 19:12:21.275 [INFO    ] shared.ipc: IPC: signal delivered successfully (authenticated ack)
2026-04-16 19:12:21.276 [INFO    ] orchestrator: golden signal delivered to bot
2026-04-16 19:27:21.292 [INFO    ] orchestrator: --- cycle start [16:27:21 UTC] ---
2026-04-16 19:27:21.302 [INFO    ] orchestrator: data quality check passed: 600 windows available
2026-04-16 19:27:21.303 [INFO    ] orchestrator: starting engine: C:\Users\operator\Desktop\PolySignalLab\PolySignalEngine\build\Release\PolySignalEngine.exe C:\Users\operator\Desktop\PolySignalLab\PolyDataCollector\data --output-dir C:\Users\operator\Desktop\PolySignalLab\engine_output
2026-04-16 19:27:27.359 [INFO    ] orchestrator: engine: ==========================================================
2026-04-16 19:27:27.360 [INFO    ] orchestrator: engine:   SUMMARY
2026-04-16 19:27:27.360 [INFO    ] orchestrator: engine: ==========================================================
2026-04-16 19:27:27.361 [INFO    ] orchestrator: engine:   Total windows:         600 (296 UP, 304 DOWN)
2026-04-16 19:27:27.361 [INFO    ] orchestrator: engine:   Walk-forward folds:    8 (6 test iterations)
2026-04-16 19:27:27.361 [INFO    ] orchestrator: engine:   OOS base rate:         50.0% UP (450 test windows total)
2026-04-16 19:27:27.362 [INFO    ] orchestrator: engine:   Configs swept:         150480
2026-04-16 19:27:27.362 [INFO    ] orchestrator: engine:   Viable WF-OOS signals: 84
2026-04-16 19:27:27.363 [INFO    ] orchestrator: engine:   Compute time:          4.78s
2026-04-16 19:27:27.363 [INFO    ] orchestrator: engine: ==========================================================
2026-04-16 19:27:27.364 [INFO    ] orchestrator: engine produced: signals_summary_1776356847.json
2026-04-16 19:27:27.364 [INFO    ] orchestrator: cleaned up old summary: signals_summary_1776347777.json
2026-04-16 19:27:27.365 [INFO    ] orchestrator: ranked 20 signals — top candidates:
2026-04-16 19:27:27.366 [INFO    ] orchestrator:   #1 UP    score=  7.62  GOLDEN  folds=6/6  WR=100.0%  consWR=97.0%  entry=$0.89  ev=$0.0762
2026-04-16 19:27:27.366 [INFO    ] orchestrator:   #2 DOWN  score=  7.52  GOLDEN  folds=6/6  WR=97.7%  consWR=94.7%  entry=$0.87  ev=$0.0798
2026-04-16 19:27:27.367 [INFO    ] orchestrator:   #3 DOWN  score=  6.92  SILVER  folds=6/6  WR=100.0%  consWR=97.0%  entry=$0.90  ev=$0.0692
2026-04-16 19:27:27.367 [INFO    ] orchestrator:   #4 UP    score=  6.64  SILVER  folds=5/6  WR=100.0%  consWR=97.0%  entry=$0.90  ev=$0.0698
2026-04-16 19:27:27.367 [INFO    ] orchestrator:   #5 UP    score=  6.56  SILVER  folds=5/6  WR=100.0%  consWR=97.0%  entry=$0.89  ev=$0.0810
2026-04-16 19:27:27.532 [INFO    ] orchestrator: identity dedupe: pulled 6 paper fire(s) from bot
2026-04-16 19:27:27.533 [INFO    ] orchestrator: DELIVERING GOLDEN signal: #1 Up [230s->170s] d>=0.06% v<=0.05%
2026-04-16 19:27:27.533 [INFO    ] orchestrator:   score=7.62  WR=100.0%  consWR=97.0%  entry=$0.89  ev=$0.0762  folds=[2, 3, 4, 5, 6, 7]
2026-04-16 19:27:27.697 [INFO    ] shared.ipc: IPC: signal delivered successfully (authenticated ack)
2026-04-16 19:27:27.698 [INFO    ] orchestrator: golden signal delivered to bot
2026-04-16 19:42:27.700 [INFO    ] orchestrator: --- cycle start [16:42:27 UTC] ---
2026-04-16 19:42:27.707 [INFO    ] orchestrator: data quality check passed: 600 windows available
2026-04-16 19:42:27.708 [INFO    ] orchestrator: starting engine: C:\Users\operator\Desktop\PolySignalLab\PolySignalEngine\build\Release\PolySignalEngine.exe C:\Users\operator\Desktop\PolySignalLab\PolyDataCollector\data --output-dir C:\Users\operator\Desktop\PolySignalLab\engine_output
2026-04-16 19:42:33.849 [INFO    ] orchestrator: engine: ==========================================================
2026-04-16 19:42:33.850 [INFO    ] orchestrator: engine:   SUMMARY
2026-04-16 19:42:33.850 [INFO    ] orchestrator: engine: ==========================================================
2026-04-16 19:42:33.851 [INFO    ] orchestrator: engine:   Total windows:         600 (294 UP, 306 DOWN)
2026-04-16 19:42:33.851 [INFO    ] orchestrator: engine:   Walk-forward folds:    8 (6 test iterations)
2026-04-16 19:42:33.851 [INFO    ] orchestrator: engine:   OOS base rate:         49.6% UP (450 test windows total)
2026-04-16 19:42:33.852 [INFO    ] orchestrator: engine:   Configs swept:         150480
2026-04-16 19:42:33.852 [INFO    ] orchestrator: engine:   Viable WF-OOS signals: 102
2026-04-16 19:42:33.852 [INFO    ] orchestrator: engine:   Compute time:          4.82s
2026-04-16 19:42:33.853 [INFO    ] orchestrator: engine: ==========================================================
2026-04-16 19:42:33.853 [INFO    ] orchestrator: engine produced: signals_summary_1776357753.json
2026-04-16 19:42:33.854 [INFO    ] orchestrator: cleaned up old summary: signals_summary_1776348684.json
2026-04-16 19:42:33.855 [INFO    ] orchestrator: ranked 20 signals — top candidates:
2026-04-16 19:42:33.855 [INFO    ] orchestrator:   #1 DOWN  score=  8.48  SILVER  folds=6/6  WR=100.0%  consWR=97.0%  entry=$0.89  ev=$0.0848
2026-04-16 19:42:33.855 [INFO    ] orchestrator:   #2 DOWN  score=  7.52  GOLDEN  folds=6/6  WR=97.7%  consWR=94.7%  entry=$0.87  ev=$0.0798
2026-04-16 19:42:33.856 [INFO    ] orchestrator:   #3 UP    score=  7.09  BRONZE  folds=4/6  WR=100.0%  consWR=97.0%  entry=$0.88  ev=$0.0930
2026-04-16 19:42:33.856 [INFO    ] orchestrator:   #4 UP    score=  6.27  SILVER  folds=5/6  WR=100.0%  consWR=97.0%  entry=$0.90  ev=$0.0731
2026-04-16 19:42:33.856 [INFO    ] orchestrator:   #5 UP    score=  5.78  GOLDEN  folds=6/6  WR=100.0%  consWR=97.0%  entry=$0.91  ev=$0.0578
2026-04-16 19:42:34.021 [INFO    ] orchestrator: identity dedupe: pulled 6 paper fire(s) from bot
2026-04-16 19:42:34.022 [INFO    ] orchestrator: DELIVERING SILVER signal: #1 Down [240s->210s] d>=0.12% v<=0.1%
2026-04-16 19:42:34.022 [INFO    ] orchestrator:   score=8.48  WR=100.0%  consWR=97.0%  entry=$0.89  ev=$0.0848  folds=[2, 3, 4, 5, 6, 7]
2026-04-16 19:42:34.186 [INFO    ] shared.ipc: IPC: signal delivered successfully (authenticated ack)
2026-04-16 19:42:34.187 [INFO    ] orchestrator: silver signal delivered to bot
2026-04-16 19:57:34.195 [INFO    ] orchestrator: --- cycle start [16:57:34 UTC] ---
2026-04-16 19:57:34.203 [INFO    ] orchestrator: data quality check passed: 600 windows available
2026-04-16 19:57:34.204 [INFO    ] orchestrator: starting engine: C:\Users\operator\Desktop\PolySignalLab\PolySignalEngine\build\Release\PolySignalEngine.exe C:\Users\operator\Desktop\PolySignalLab\PolyDataCollector\data --output-dir C:\Users\operator\Desktop\PolySignalLab\engine_output
2026-04-16 19:57:40.140 [INFO    ] orchestrator: engine: ==========================================================
2026-04-16 19:57:40.140 [INFO    ] orchestrator: engine:   SUMMARY
2026-04-16 19:57:40.141 [INFO    ] orchestrator: engine: ==========================================================
2026-04-16 19:57:40.141 [INFO    ] orchestrator: engine:   Total windows:         600 (294 UP, 306 DOWN)
2026-04-16 19:57:40.141 [INFO    ] orchestrator: engine:   Walk-forward folds:    8 (6 test iterations)
2026-04-16 19:57:40.141 [INFO    ] orchestrator: engine:   OOS base rate:         49.6% UP (450 test windows total)
2026-04-16 19:57:40.142 [INFO    ] orchestrator: engine:   Configs swept:         150480
2026-04-16 19:57:40.142 [INFO    ] orchestrator: engine:   Viable WF-OOS signals: 97
2026-04-16 19:57:40.143 [INFO    ] orchestrator: engine:   Compute time:          4.63s
2026-04-16 19:57:40.143 [INFO    ] orchestrator: engine: ==========================================================
2026-04-16 19:57:40.144 [INFO    ] orchestrator: engine produced: signals_summary_1776358660.json
2026-04-16 19:57:40.145 [INFO    ] orchestrator: cleaned up old summary: signals_summary_1776349591.json
2026-04-16 19:57:40.145 [INFO    ] orchestrator: ranked 20 signals — top candidates:
2026-04-16 19:57:40.146 [INFO    ] orchestrator:   #1 DOWN  score=  8.48  SILVER  folds=6/6  WR=100.0%  consWR=97.0%  entry=$0.89  ev=$0.0848
2026-04-16 19:57:40.146 [INFO    ] orchestrator:   #2 UP    score=  7.91  GOLDEN  folds=6/6  WR=100.0%  consWR=97.0%  entry=$0.89  ev=$0.0791
2026-04-16 19:57:40.146 [INFO    ] orchestrator:   #3 DOWN  score=  7.52  GOLDEN  folds=6/6  WR=97.7%  consWR=94.7%  entry=$0.87  ev=$0.0798
2026-04-16 19:57:40.147 [INFO    ] orchestrator:   #4 UP    score=  5.94  SILVER  folds=5/6  WR=100.0%  consWR=97.0%  entry=$0.91  ev=$0.0624
2026-04-16 19:57:40.147 [INFO    ] orchestrator:   #5 DOWN  score=  5.78  BRONZE  folds=2/6  WR=100.0%  consWR=97.0%  entry=$0.82  ev=$0.1519
2026-04-16 19:57:40.312 [INFO    ] orchestrator: identity dedupe: pulled 6 paper fire(s) from bot
2026-04-16 19:57:40.312 [INFO    ] orchestrator: DELIVERING SILVER signal: #1 Down [240s->210s] d>=0.12% v<=0.1%
2026-04-16 19:57:40.313 [INFO    ] orchestrator:   score=8.48  WR=100.0%  consWR=97.0%  entry=$0.89  ev=$0.0848  folds=[2, 3, 4, 5, 6, 7]
2026-04-16 19:57:40.477 [INFO    ] shared.ipc: IPC: signal delivered successfully (authenticated ack)
2026-04-16 19:57:40.477 [INFO    ] orchestrator: silver signal delivered to bot
2026-04-16 20:12:40.492 [INFO    ] orchestrator: --- cycle start [17:12:40 UTC] ---
2026-04-16 20:12:40.499 [INFO    ] orchestrator: data quality check passed: 600 windows available
2026-04-16 20:12:40.500 [INFO    ] orchestrator: starting engine: C:\Users\operator\Desktop\PolySignalLab\PolySignalEngine\build\Release\PolySignalEngine.exe C:\Users\operator\Desktop\PolySignalLab\PolyDataCollector\data --output-dir C:\Users\operator\Desktop\PolySignalLab\engine_output
2026-04-16 20:12:46.496 [INFO    ] orchestrator: engine: ==========================================================
2026-04-16 20:12:46.497 [INFO    ] orchestrator: engine:   SUMMARY
2026-04-16 20:12:46.497 [INFO    ] orchestrator: engine: ==========================================================
2026-04-16 20:12:46.498 [INFO    ] orchestrator: engine:   Total windows:         600 (294 UP, 306 DOWN)
2026-04-16 20:12:46.498 [INFO    ] orchestrator: engine:   Walk-forward folds:    8 (6 test iterations)
2026-04-16 20:12:46.498 [INFO    ] orchestrator: engine:   OOS base rate:         49.6% UP (450 test windows total)
2026-04-16 20:12:46.499 [INFO    ] orchestrator: engine:   Configs swept:         150480
2026-04-16 20:12:46.499 [INFO    ] orchestrator: engine:   Viable WF-OOS signals: 95
2026-04-16 20:12:46.499 [INFO    ] orchestrator: engine:   Compute time:          4.59s
2026-04-16 20:12:46.500 [INFO    ] orchestrator: engine: ==========================================================
2026-04-16 20:12:46.500 [INFO    ] orchestrator: engine produced: signals_summary_1776359566.json
2026-04-16 20:12:46.501 [INFO    ] orchestrator: cleaned up old summary: signals_summary_1776350498.json
2026-04-16 20:12:46.502 [INFO    ] orchestrator: ranked 20 signals — top candidates:
2026-04-16 20:12:46.502 [INFO    ] orchestrator:   #1 DOWN  score=  8.48  SILVER  folds=6/6  WR=100.0%  consWR=97.0%  entry=$0.89  ev=$0.0848
2026-04-16 20:12:46.503 [INFO    ] orchestrator:   #2 UP    score=  8.02  GOLDEN  folds=6/6  WR=100.0%  consWR=97.0%  entry=$0.89  ev=$0.0802
2026-04-16 20:12:46.503 [INFO    ] orchestrator:   #3 DOWN  score=  7.57  GOLDEN  folds=6/6  WR=97.7%  consWR=94.7%  entry=$0.87  ev=$0.0798
2026-04-16 20:12:46.503 [INFO    ] orchestrator:   #4 UP    score=  6.15  SILVER  folds=5/6  WR=100.0%  consWR=97.0%  entry=$0.91  ev=$0.0646
2026-04-16 20:12:46.503 [INFO    ] orchestrator:   #5 DOWN  score=  5.91  GOLDEN  folds=6/6  WR=97.1%  consWR=94.1%  entry=$0.88  ev=$0.0631
2026-04-16 20:12:46.668 [INFO    ] orchestrator: identity dedupe: pulled 6 paper fire(s) from bot
2026-04-16 20:12:46.669 [INFO    ] orchestrator: DELIVERING SILVER signal: #1 Down [240s->210s] d>=0.12% v<=0.1%
2026-04-16 20:12:46.669 [INFO    ] orchestrator:   score=8.48  WR=100.0%  consWR=97.0%  entry=$0.89  ev=$0.0848  folds=[2, 3, 4, 5, 6, 7]
2026-04-16 20:12:46.834 [INFO    ] shared.ipc: IPC: signal delivered successfully (authenticated ack)
2026-04-16 20:12:46.835 [INFO    ] orchestrator: silver signal delivered to bot
2026-04-16 20:27:46.844 [INFO    ] orchestrator: --- cycle start [17:27:46 UTC] ---
2026-04-16 20:27:46.851 [INFO    ] orchestrator: data quality check passed: 600 windows available
2026-04-16 20:27:46.852 [INFO    ] orchestrator: starting engine: C:\Users\operator\Desktop\PolySignalLab\PolySignalEngine\build\Release\PolySignalEngine.exe C:\Users\operator\Desktop\PolySignalLab\PolyDataCollector\data --output-dir C:\Users\operator\Desktop\PolySignalLab\engine_output
2026-04-16 20:27:52.688 [INFO    ] orchestrator: engine: ==========================================================
2026-04-16 20:27:52.688 [INFO    ] orchestrator: engine:   SUMMARY
2026-04-16 20:27:52.689 [INFO    ] orchestrator: engine: ==========================================================
2026-04-16 20:27:52.689 [INFO    ] orchestrator: engine:   Total windows:         600 (295 UP, 305 DOWN)
2026-04-16 20:27:52.689 [INFO    ] orchestrator: engine:   Walk-forward folds:    8 (6 test iterations)
2026-04-16 20:27:52.690 [INFO    ] orchestrator: engine:   OOS base rate:         49.6% UP (450 test windows total)
2026-04-16 20:27:52.690 [INFO    ] orchestrator: engine:   Configs swept:         150480
2026-04-16 20:27:52.690 [INFO    ] orchestrator: engine:   Viable WF-OOS signals: 104
2026-04-16 20:27:52.691 [INFO    ] orchestrator: engine:   Compute time:          4.57s
2026-04-16 20:27:52.691 [INFO    ] orchestrator: engine: ==========================================================
2026-04-16 20:27:52.692 [INFO    ] orchestrator: engine produced: signals_summary_1776360472.json
2026-04-16 20:27:52.693 [INFO    ] orchestrator: cleaned up old summary: signals_summary_1776351406.json
2026-04-16 20:27:52.693 [INFO    ] orchestrator: ranked 20 signals — top candidates:
2026-04-16 20:27:52.694 [INFO    ] orchestrator:   #1 DOWN  score=  8.48  SILVER  folds=6/6  WR=100.0%  consWR=97.0%  entry=$0.89  ev=$0.0848
2026-04-16 20:27:52.694 [INFO    ] orchestrator:   #2 UP    score=  7.64  SILVER  folds=5/6  WR=100.0%  consWR=97.0%  entry=$0.88  ev=$0.0891
2026-04-16 20:27:52.694 [INFO    ] orchestrator:   #3 DOWN  score=  7.57  GOLDEN  folds=6/6  WR=97.7%  consWR=94.7%  entry=$0.87  ev=$0.0798
2026-04-16 20:27:52.695 [INFO    ] orchestrator:   #4 UP    score=  6.30  SILVER  folds=5/6  WR=100.0%  consWR=97.0%  entry=$0.90  ev=$0.0661
2026-04-16 20:27:52.695 [INFO    ] orchestrator:   #5 DOWN  score=  5.86  BRONZE  folds=4/6  WR=87.5%  consWR=84.5%  entry=$0.76  ev=$0.0838
2026-04-16 20:27:52.860 [INFO    ] orchestrator: identity dedupe: pulled 6 paper fire(s) from bot
2026-04-16 20:27:52.860 [INFO    ] orchestrator: identity dedupe: down_240.0_210.0_0.12_0.1 has been top for 4 cycles but no paper fire history yet — no suppression
2026-04-16 20:27:52.861 [INFO    ] orchestrator: DELIVERING SILVER signal: #1 Down [240s->210s] d>=0.12% v<=0.1%
2026-04-16 20:27:52.861 [INFO    ] orchestrator:   score=8.48  WR=100.0%  consWR=97.0%  entry=$0.89  ev=$0.0848  folds=[2, 3, 4, 5, 6, 7]
2026-04-16 20:27:53.025 [INFO    ] shared.ipc: IPC: signal delivered successfully (authenticated ack)
2026-04-16 20:27:53.025 [INFO    ] orchestrator: silver signal delivered to bot
2026-04-16 20:42:53.026 [INFO    ] orchestrator: --- cycle start [17:42:53 UTC] ---
2026-04-16 20:42:53.033 [INFO    ] orchestrator: data quality check passed: 600 windows available
2026-04-16 20:42:53.034 [INFO    ] orchestrator: starting engine: C:\Users\operator\Desktop\PolySignalLab\PolySignalEngine\build\Release\PolySignalEngine.exe C:\Users\operator\Desktop\PolySignalLab\PolyDataCollector\data --output-dir C:\Users\operator\Desktop\PolySignalLab\engine_output
2026-04-16 20:42:58.897 [INFO    ] orchestrator: engine: ==========================================================
2026-04-16 20:42:58.898 [INFO    ] orchestrator: engine:   SUMMARY
2026-04-16 20:42:58.898 [INFO    ] orchestrator: engine: ==========================================================
2026-04-16 20:42:58.899 [INFO    ] orchestrator: engine:   Total windows:         600 (293 UP, 307 DOWN)
2026-04-16 20:42:58.899 [INFO    ] orchestrator: engine:   Walk-forward folds:    8 (6 test iterations)
2026-04-16 20:42:58.899 [INFO    ] orchestrator: engine:   OOS base rate:         49.3% UP (450 test windows total)
2026-04-16 20:42:58.900 [INFO    ] orchestrator: engine:   Configs swept:         150480
2026-04-16 20:42:58.900 [INFO    ] orchestrator: engine:   Viable WF-OOS signals: 96
2026-04-16 20:42:58.901 [INFO    ] orchestrator: engine:   Compute time:          4.57s
2026-04-16 20:42:58.901 [INFO    ] orchestrator: engine: ==========================================================
2026-04-16 20:42:58.902 [INFO    ] orchestrator: engine produced: signals_summary_1776361378.json
2026-04-16 20:42:58.903 [INFO    ] orchestrator: cleaned up old summary: signals_summary_1776352313.json
2026-04-16 20:42:58.903 [INFO    ] orchestrator: ranked 20 signals — top candidates:
2026-04-16 20:42:58.904 [INFO    ] orchestrator:   #1 DOWN  score=  8.48  SILVER  folds=6/6  WR=100.0%  consWR=97.0%  entry=$0.89  ev=$0.0848
2026-04-16 20:42:58.904 [INFO    ] orchestrator:   #2 DOWN  score=  7.61  GOLDEN  folds=6/6  WR=97.7%  consWR=94.7%  entry=$0.87  ev=$0.0798
2026-04-16 20:42:58.904 [INFO    ] orchestrator:   #3 UP    score=  6.21  GOLDEN  folds=6/6  WR=98.2%  consWR=95.2%  entry=$0.89  ev=$0.0645
2026-04-16 20:42:58.904 [INFO    ] orchestrator:   #4 DOWN  score=  6.17  BRONZE  folds=4/6  WR=96.3%  consWR=93.3%  entry=$0.86  ev=$0.0759
2026-04-16 20:42:58.905 [INFO    ] orchestrator:   #5 DOWN  score=  5.86  BRONZE  folds=4/6  WR=87.5%  consWR=84.5%  entry=$0.76  ev=$0.0838
2026-04-16 20:42:59.069 [INFO    ] orchestrator: identity dedupe: pulled 6 paper fire(s) from bot
2026-04-16 20:42:59.070 [INFO    ] orchestrator: identity dedupe: down_240.0_210.0_0.12_0.1 has been top for 4 cycles but no paper fire history yet — no suppression
2026-04-16 20:42:59.070 [INFO    ] orchestrator: DELIVERING SILVER signal: #1 Down [240s->210s] d>=0.12% v<=0.1%
2026-04-16 20:42:59.071 [INFO    ] orchestrator:   score=8.48  WR=100.0%  consWR=97.0%  entry=$0.89  ev=$0.0848  folds=[2, 3, 4, 5, 6, 7]
2026-04-16 20:42:59.234 [INFO    ] shared.ipc: IPC: signal delivered successfully (authenticated ack)
2026-04-16 20:42:59.235 [INFO    ] orchestrator: silver signal delivered to bot
2026-04-16 20:57:59.240 [INFO    ] orchestrator: --- cycle start [17:57:59 UTC] ---
2026-04-16 20:57:59.247 [INFO    ] orchestrator: data quality check passed: 600 windows available
2026-04-16 20:57:59.248 [INFO    ] orchestrator: starting engine: C:\Users\operator\Desktop\PolySignalLab\PolySignalEngine\build\Release\PolySignalEngine.exe C:\Users\operator\Desktop\PolySignalLab\PolyDataCollector\data --output-dir C:\Users\operator\Desktop\PolySignalLab\engine_output
2026-04-16 20:58:05.014 [INFO    ] orchestrator: engine: ==========================================================
2026-04-16 20:58:05.015 [INFO    ] orchestrator: engine:   SUMMARY
2026-04-16 20:58:05.015 [INFO    ] orchestrator: engine: ==========================================================
2026-04-16 20:58:05.016 [INFO    ] orchestrator: engine:   Total windows:         600 (293 UP, 307 DOWN)
2026-04-16 20:58:05.016 [INFO    ] orchestrator: engine:   Walk-forward folds:    8 (6 test iterations)
2026-04-16 20:58:05.016 [INFO    ] orchestrator: engine:   OOS base rate:         49.3% UP (450 test windows total)
2026-04-16 20:58:05.017 [INFO    ] orchestrator: engine:   Configs swept:         150480
2026-04-16 20:58:05.017 [INFO    ] orchestrator: engine:   Viable WF-OOS signals: 95
2026-04-16 20:58:05.017 [INFO    ] orchestrator: engine:   Compute time:          4.48s
2026-04-16 20:58:05.018 [INFO    ] orchestrator: engine: ==========================================================
2026-04-16 20:58:05.018 [INFO    ] orchestrator: engine produced: signals_summary_1776362284.json
2026-04-16 20:58:05.019 [INFO    ] orchestrator: cleaned up old summary: signals_summary_1776353220.json
2026-04-16 20:58:05.020 [INFO    ] orchestrator: ranked 20 signals — top candidates:
2026-04-16 20:58:05.021 [INFO    ] orchestrator:   #1 DOWN  score=  8.48  SILVER  folds=6/6  WR=100.0%  consWR=97.0%  entry=$0.89  ev=$0.0848
2026-04-16 20:58:05.021 [INFO    ] orchestrator:   #2 DOWN  score=  7.70  GOLDEN  folds=6/6  WR=97.7%  consWR=94.7%  entry=$0.87  ev=$0.0805
2026-04-16 20:58:05.021 [INFO    ] orchestrator:   #3 UP    score=  6.37  GOLDEN  folds=6/6  WR=98.2%  consWR=95.2%  entry=$0.89  ev=$0.0660
2026-04-16 20:58:05.022 [INFO    ] orchestrator:   #4 DOWN  score=  6.21  BRONZE  folds=4/6  WR=96.3%  consWR=93.3%  entry=$0.86  ev=$0.0759
2026-04-16 20:58:05.022 [INFO    ] orchestrator:   #5 DOWN  score=  6.16  BRONZE  folds=4/6  WR=87.5%  consWR=84.5%  entry=$0.76  ev=$0.0850
2026-04-16 20:58:05.186 [INFO    ] orchestrator: identity dedupe: pulled 6 paper fire(s) from bot
2026-04-16 20:58:05.187 [INFO    ] orchestrator: identity dedupe: down_240.0_210.0_0.12_0.1 has been top for 4 cycles but no paper fire history yet — no suppression
2026-04-16 20:58:05.187 [INFO    ] orchestrator: DELIVERING SILVER signal: #1 Down [240s->210s] d>=0.12% v<=0.1%
2026-04-16 20:58:05.187 [INFO    ] orchestrator:   score=8.48  WR=100.0%  consWR=97.0%  entry=$0.89  ev=$0.0848  folds=[2, 3, 4, 5, 6, 7]
2026-04-16 20:58:05.351 [INFO    ] shared.ipc: IPC: signal delivered successfully (authenticated ack)
2026-04-16 20:58:05.352 [INFO    ] orchestrator: silver signal delivered to bot
2026-04-16 21:13:05.354 [INFO    ] orchestrator: --- cycle start [18:13:05 UTC] ---
2026-04-16 21:13:05.361 [INFO    ] orchestrator: data quality check passed: 600 windows available
2026-04-16 21:13:05.362 [INFO    ] orchestrator: starting engine: C:\Users\operator\Desktop\PolySignalLab\PolySignalEngine\build\Release\PolySignalEngine.exe C:\Users\operator\Desktop\PolySignalLab\PolyDataCollector\data --output-dir C:\Users\operator\Desktop\PolySignalLab\engine_output
2026-04-16 21:13:11.013 [INFO    ] orchestrator: engine: ==========================================================
2026-04-16 21:13:11.013 [INFO    ] orchestrator: engine:   SUMMARY
2026-04-16 21:13:11.014 [INFO    ] orchestrator: engine: ==========================================================
2026-04-16 21:13:11.014 [INFO    ] orchestrator: engine:   Total windows:         600 (293 UP, 307 DOWN)
2026-04-16 21:13:11.014 [INFO    ] orchestrator: engine:   Walk-forward folds:    8 (6 test iterations)
2026-04-16 21:13:11.015 [INFO    ] orchestrator: engine:   OOS base rate:         49.8% UP (450 test windows total)
2026-04-16 21:13:11.015 [INFO    ] orchestrator: engine:   Configs swept:         150480
2026-04-16 21:13:11.015 [INFO    ] orchestrator: engine:   Viable WF-OOS signals: 76
2026-04-16 21:13:11.015 [INFO    ] orchestrator: engine:   Compute time:          4.36s
2026-04-16 21:13:11.016 [INFO    ] orchestrator: engine: ==========================================================
2026-04-16 21:13:11.017 [INFO    ] orchestrator: engine produced: signals_summary_1776363190.json
2026-04-16 21:13:11.018 [INFO    ] orchestrator: cleaned up old summary: signals_summary_1776354127.json
2026-04-16 21:13:11.018 [INFO    ] orchestrator: ranked 20 signals — top candidates:
2026-04-16 21:13:11.019 [INFO    ] orchestrator:   #1 DOWN  score=  8.36  SILVER  folds=6/6  WR=100.0%  consWR=97.0%  entry=$0.89  ev=$0.0836
2026-04-16 21:13:11.019 [INFO    ] orchestrator:   #2 UP    score=  6.48  GOLDEN  folds=6/6  WR=98.3%  consWR=95.3%  entry=$0.89  ev=$0.0669
2026-04-16 21:13:11.020 [INFO    ] orchestrator:   #3 DOWN  score=  6.16  BRONZE  folds=4/6  WR=87.5%  consWR=84.5%  entry=$0.76  ev=$0.0850
2026-04-16 21:13:11.020 [INFO    ] orchestrator:   #4 UP    score=  5.84  BRONZE  folds=4/6  WR=96.2%  consWR=93.2%  entry=$0.86  ev=$0.0712
2026-04-16 21:13:11.020 [INFO    ] orchestrator:   #5 DOWN  score=  5.57  GOLDEN  folds=6/6  WR=95.6%  consWR=92.6%  entry=$0.87  ev=$0.0587
2026-04-16 21:13:11.185 [INFO    ] orchestrator: identity dedupe: pulled 6 paper fire(s) from bot
2026-04-16 21:13:11.186 [INFO    ] orchestrator: identity dedupe: down_240.0_210.0_0.12_0.1 has been top for 4 cycles but no paper fire history yet — no suppression
2026-04-16 21:13:11.186 [INFO    ] orchestrator: DELIVERING SILVER signal: #1 Down [240s->210s] d>=0.12% v<=0.1%
2026-04-16 21:13:11.187 [INFO    ] orchestrator:   score=8.36  WR=100.0%  consWR=97.0%  entry=$0.89  ev=$0.0836  folds=[2, 3, 4, 5, 6, 7]
2026-04-16 21:13:11.366 [INFO    ] shared.ipc: IPC: signal delivered successfully (authenticated ack)
2026-04-16 21:13:11.367 [INFO    ] orchestrator: silver signal delivered to bot
2026-04-16 21:28:11.377 [INFO    ] orchestrator: --- cycle start [18:28:11 UTC] ---
2026-04-16 21:28:11.384 [INFO    ] orchestrator: data quality check passed: 600 windows available
2026-04-16 21:28:11.385 [INFO    ] orchestrator: starting engine: C:\Users\operator\Desktop\PolySignalLab\PolySignalEngine\build\Release\PolySignalEngine.exe C:\Users\operator\Desktop\PolySignalLab\PolyDataCollector\data --output-dir C:\Users\operator\Desktop\PolySignalLab\engine_output
2026-04-16 21:28:17.095 [INFO    ] orchestrator: engine: ==========================================================
2026-04-16 21:28:17.095 [INFO    ] orchestrator: engine:   SUMMARY
2026-04-16 21:28:17.095 [INFO    ] orchestrator: engine: ==========================================================
2026-04-16 21:28:17.096 [INFO    ] orchestrator: engine:   Total windows:         600 (293 UP, 307 DOWN)
2026-04-16 21:28:17.096 [INFO    ] orchestrator: engine:   Walk-forward folds:    8 (6 test iterations)
2026-04-16 21:28:17.096 [INFO    ] orchestrator: engine:   OOS base rate:         50.0% UP (450 test windows total)
2026-04-16 21:28:17.096 [INFO    ] orchestrator: engine:   Configs swept:         150480
2026-04-16 21:28:17.097 [INFO    ] orchestrator: engine:   Viable WF-OOS signals: 78
2026-04-16 21:28:17.097 [INFO    ] orchestrator: engine:   Compute time:          4.39s
2026-04-16 21:28:17.097 [INFO    ] orchestrator: engine: ==========================================================
2026-04-16 21:28:17.098 [INFO    ] orchestrator: engine produced: signals_summary_1776364097.json
2026-04-16 21:28:17.099 [INFO    ] orchestrator: cleaned up old summary: signals_summary_1776355034.json
2026-04-16 21:28:17.100 [INFO    ] orchestrator: ranked 20 signals — top candidates:
2026-04-16 21:28:17.100 [INFO    ] orchestrator:   #1 DOWN  score=  8.36  SILVER  folds=6/6  WR=100.0%  consWR=97.0%  entry=$0.89  ev=$0.0836
2026-04-16 21:28:17.100 [INFO    ] orchestrator:   #2 UP    score=  6.42  GOLDEN  folds=6/6  WR=98.3%  consWR=95.3%  entry=$0.89  ev=$0.0663
2026-04-16 21:28:17.101 [INFO    ] orchestrator:   #3 DOWN  score=  6.16  BRONZE  folds=4/6  WR=87.5%  consWR=84.5%  entry=$0.76  ev=$0.0850
2026-04-16 21:28:17.101 [INFO    ] orchestrator:   #4 UP    score=  6.14  BRONZE  folds=4/6  WR=96.3%  consWR=93.3%  entry=$0.86  ev=$0.0748
2026-04-16 21:28:17.101 [INFO    ] orchestrator:   #5 DOWN  score=  5.57  GOLDEN  folds=6/6  WR=95.6%  consWR=92.6%  entry=$0.87  ev=$0.0587
2026-04-16 21:28:17.267 [INFO    ] orchestrator: identity dedupe: pulled 6 paper fire(s) from bot
2026-04-16 21:28:17.267 [INFO    ] orchestrator: identity dedupe: down_240.0_210.0_0.12_0.1 has been top for 4 cycles but no paper fire history yet — no suppression
2026-04-16 21:28:17.268 [INFO    ] orchestrator: DELIVERING SILVER signal: #1 Down [240s->210s] d>=0.12% v<=0.1%
2026-04-16 21:28:17.268 [INFO    ] orchestrator:   score=8.36  WR=100.0%  consWR=97.0%  entry=$0.89  ev=$0.0836  folds=[2, 3, 4, 5, 6, 7]
2026-04-16 21:28:17.434 [INFO    ] shared.ipc: IPC: signal delivered successfully (authenticated ack)
2026-04-16 21:28:17.434 [INFO    ] orchestrator: silver signal delivered to bot
2026-04-16 21:43:17.448 [INFO    ] orchestrator: --- cycle start [18:43:17 UTC] ---
2026-04-16 21:43:17.455 [INFO    ] orchestrator: data quality check passed: 600 windows available
2026-04-16 21:43:17.456 [INFO    ] orchestrator: starting engine: C:\Users\operator\Desktop\PolySignalLab\PolySignalEngine\build\Release\PolySignalEngine.exe C:\Users\operator\Desktop\PolySignalLab\PolyDataCollector\data --output-dir C:\Users\operator\Desktop\PolySignalLab\engine_output
2026-04-16 21:43:23.088 [INFO    ] orchestrator: engine: ==========================================================
2026-04-16 21:43:23.089 [INFO    ] orchestrator: engine:   SUMMARY
2026-04-16 21:43:23.089 [INFO    ] orchestrator: engine: ==========================================================
2026-04-16 21:43:23.090 [INFO    ] orchestrator: engine:   Total windows:         600 (295 UP, 305 DOWN)
2026-04-16 21:43:23.090 [INFO    ] orchestrator: engine:   Walk-forward folds:    8 (6 test iterations)
2026-04-16 21:43:23.091 [INFO    ] orchestrator: engine:   OOS base rate:         49.8% UP (450 test windows total)
2026-04-16 21:43:23.091 [INFO    ] orchestrator: engine:   Configs swept:         150480
2026-04-16 21:43:23.091 [INFO    ] orchestrator: engine:   Viable WF-OOS signals: 91
2026-04-16 21:43:23.092 [INFO    ] orchestrator: engine:   Compute time:          4.34s
2026-04-16 21:43:23.092 [INFO    ] orchestrator: engine: ==========================================================
2026-04-16 21:43:23.093 [INFO    ] orchestrator: engine produced: signals_summary_1776365003.json
2026-04-16 21:43:23.093 [INFO    ] orchestrator: cleaned up old summary: signals_summary_1776355940.json
2026-04-16 21:43:23.094 [INFO    ] orchestrator: ranked 20 signals — top candidates:
2026-04-16 21:43:23.094 [INFO    ] orchestrator:   #1 DOWN  score=  8.36  SILVER  folds=6/6  WR=100.0%  consWR=97.0%  entry=$0.89  ev=$0.0836
2026-04-16 21:43:23.094 [INFO    ] orchestrator:   #2 UP    score=  6.54  GOLDEN  folds=6/6  WR=98.3%  consWR=95.3%  entry=$0.89  ev=$0.0675
2026-04-16 21:43:23.095 [INFO    ] orchestrator:   #3 DOWN  score=  6.16  BRONZE  folds=4/6  WR=87.5%  consWR=84.5%  entry=$0.76  ev=$0.0850
2026-04-16 21:43:23.095 [INFO    ] orchestrator:   #4 UP    score=  6.11  BRONZE  folds=4/6  WR=96.3%  consWR=93.3%  entry=$0.86  ev=$0.0748
2026-04-16 21:43:23.095 [INFO    ] orchestrator:   #5 DOWN  score=  5.57  GOLDEN  folds=6/6  WR=95.6%  consWR=92.6%  entry=$0.87  ev=$0.0587
2026-04-16 21:43:23.260 [INFO    ] orchestrator: identity dedupe: pulled 6 paper fire(s) from bot
2026-04-16 21:43:23.260 [INFO    ] orchestrator: identity dedupe: down_240.0_210.0_0.12_0.1 has been top for 4 cycles but no paper fire history yet — no suppression
2026-04-16 21:43:23.261 [INFO    ] orchestrator: DELIVERING SILVER signal: #1 Down [240s->210s] d>=0.12% v<=0.1%
2026-04-16 21:43:23.261 [INFO    ] orchestrator:   score=8.36  WR=100.0%  consWR=97.0%  entry=$0.89  ev=$0.0836  folds=[2, 3, 4, 5, 6, 7]
2026-04-16 21:43:23.438 [INFO    ] shared.ipc: IPC: signal delivered successfully (authenticated ack)
2026-04-16 21:43:23.438 [INFO    ] orchestrator: silver signal delivered to bot
2026-04-16 21:58:23.442 [INFO    ] orchestrator: --- cycle start [18:58:23 UTC] ---
2026-04-16 21:58:23.449 [INFO    ] orchestrator: data quality check passed: 600 windows available
2026-04-16 21:58:23.450 [INFO    ] orchestrator: starting engine: C:\Users\operator\Desktop\PolySignalLab\PolySignalEngine\build\Release\PolySignalEngine.exe C:\Users\operator\Desktop\PolySignalLab\PolyDataCollector\data --output-dir C:\Users\operator\Desktop\PolySignalLab\engine_output
2026-04-16 21:58:29.113 [INFO    ] orchestrator: engine: ==========================================================
2026-04-16 21:58:29.113 [INFO    ] orchestrator: engine:   SUMMARY
2026-04-16 21:58:29.114 [INFO    ] orchestrator: engine: ==========================================================
2026-04-16 21:58:29.114 [INFO    ] orchestrator: engine:   Total windows:         600 (296 UP, 304 DOWN)
2026-04-16 21:58:29.114 [INFO    ] orchestrator: engine:   Walk-forward folds:    8 (6 test iterations)
2026-04-16 21:58:29.115 [INFO    ] orchestrator: engine:   OOS base rate:         50.2% UP (450 test windows total)
2026-04-16 21:58:29.115 [INFO    ] orchestrator: engine:   Configs swept:         150480
2026-04-16 21:58:29.115 [INFO    ] orchestrator: engine:   Viable WF-OOS signals: 78
2026-04-16 21:58:29.116 [INFO    ] orchestrator: engine:   Compute time:          4.34s
2026-04-16 21:58:29.116 [INFO    ] orchestrator: engine: ==========================================================
2026-04-16 21:58:29.117 [INFO    ] orchestrator: engine produced: signals_summary_1776365909.json
2026-04-16 21:58:29.118 [INFO    ] orchestrator: cleaned up old summary: signals_summary_1776356847.json
2026-04-16 21:58:29.119 [INFO    ] orchestrator: ranked 20 signals — top candidates:
2026-04-16 21:58:29.119 [INFO    ] orchestrator:   #1 UP    score=  6.48  GOLDEN  folds=6/6  WR=98.3%  consWR=95.3%  entry=$0.89  ev=$0.0668
2026-04-16 21:58:29.119 [INFO    ] orchestrator:   #2 DOWN  score=  6.16  BRONZE  folds=4/6  WR=87.5%  consWR=84.5%  entry=$0.76  ev=$0.0850
2026-04-16 21:58:29.120 [INFO    ] orchestrator:   #3 UP    score=  5.92  BRONZE  folds=4/6  WR=96.4%  consWR=93.4%  entry=$0.86  ev=$0.0721
2026-04-16 21:58:29.120 [INFO    ] orchestrator:   #4 DOWN  score=  5.36  GOLDEN  folds=6/6  WR=95.3%  consWR=92.3%  entry=$0.87  ev=$0.0565
2026-04-16 21:58:29.120 [INFO    ] orchestrator:   #5 UP    score=  5.22  GOLDEN  folds=6/6  WR=97.6%  consWR=94.6%  entry=$0.89  ev=$0.0554
2026-04-16 21:58:29.286 [INFO    ] orchestrator: identity dedupe: pulled 6 paper fire(s) from bot
2026-04-16 21:58:29.286 [INFO    ] orchestrator: DELIVERING GOLDEN signal: #1 Up [230s->170s] d>=0.06% v<=0.05%
2026-04-16 21:58:29.287 [INFO    ] orchestrator:   score=6.48  WR=98.3%  consWR=95.3%  entry=$0.89  ev=$0.0668  folds=[2, 3, 4, 5, 6, 7]
2026-04-16 21:58:29.451 [INFO    ] shared.ipc: IPC: signal delivered successfully (authenticated ack)
2026-04-16 21:58:29.451 [INFO    ] orchestrator: golden signal delivered to bot
2026-04-16 22:13:29.454 [INFO    ] orchestrator: --- cycle start [19:13:29 UTC] ---
2026-04-16 22:13:29.461 [INFO    ] orchestrator: data quality check passed: 600 windows available
2026-04-16 22:13:29.462 [INFO    ] orchestrator: starting engine: C:\Users\operator\Desktop\PolySignalLab\PolySignalEngine\build\Release\PolySignalEngine.exe C:\Users\operator\Desktop\PolySignalLab\PolyDataCollector\data --output-dir C:\Users\operator\Desktop\PolySignalLab\engine_output
2026-04-16 22:13:35.022 [INFO    ] orchestrator: engine: ==========================================================
2026-04-16 22:13:35.023 [INFO    ] orchestrator: engine:   SUMMARY
2026-04-16 22:13:35.024 [INFO    ] orchestrator: engine: ==========================================================
2026-04-16 22:13:35.024 [INFO    ] orchestrator: engine:   Total windows:         600 (298 UP, 302 DOWN)
2026-04-16 22:13:35.024 [INFO    ] orchestrator: engine:   Walk-forward folds:    8 (6 test iterations)
2026-04-16 22:13:35.025 [INFO    ] orchestrator: engine:   OOS base rate:         50.4% UP (450 test windows total)
2026-04-16 22:13:35.025 [INFO    ] orchestrator: engine:   Configs swept:         150480
2026-04-16 22:13:35.026 [INFO    ] orchestrator: engine:   Viable WF-OOS signals: 79
2026-04-16 22:13:35.026 [INFO    ] orchestrator: engine:   Compute time:          4.30s
2026-04-16 22:13:35.026 [INFO    ] orchestrator: engine: ==========================================================
2026-04-16 22:13:35.027 [INFO    ] orchestrator: engine produced: signals_summary_1776366814.json
2026-04-16 22:13:35.028 [INFO    ] orchestrator: cleaned up old summary: signals_summary_1776357753.json
2026-04-16 22:13:35.028 [INFO    ] orchestrator: ranked 20 signals — top candidates:
2026-04-16 22:13:35.029 [INFO    ] orchestrator:   #1 UP    score=  6.44  GOLDEN  folds=6/6  WR=98.4%  consWR=95.4%  entry=$0.89  ev=$0.0662
2026-04-16 22:13:35.029 [INFO    ] orchestrator:   #2 DOWN  score=  6.16  BRONZE  folds=4/6  WR=87.5%  consWR=84.5%  entry=$0.76  ev=$0.0850
2026-04-16 22:13:35.029 [INFO    ] orchestrator:   #3 UP    score=  5.92  BRONZE  folds=4/6  WR=96.4%  consWR=93.4%  entry=$0.86  ev=$0.0721
2026-04-16 22:13:35.029 [INFO    ] orchestrator:   #4 DOWN  score=  5.31  GOLDEN  folds=6/6  WR=95.2%  consWR=92.2%  entry=$0.87  ev=$0.0560
2026-04-16 22:13:35.030 [INFO    ] orchestrator:   #5 UP    score=  5.22  GOLDEN  folds=6/6  WR=97.6%  consWR=94.6%  entry=$0.89  ev=$0.0554
2026-04-16 22:13:35.194 [INFO    ] orchestrator: identity dedupe: pulled 6 paper fire(s) from bot
2026-04-16 22:13:35.195 [INFO    ] orchestrator: DELIVERING GOLDEN signal: #1 Up [230s->170s] d>=0.06% v<=0.05%
2026-04-16 22:13:35.195 [INFO    ] orchestrator:   score=6.44  WR=98.4%  consWR=95.4%  entry=$0.89  ev=$0.0662  folds=[2, 3, 4, 5, 6, 7]
2026-04-16 22:13:35.360 [INFO    ] shared.ipc: IPC: signal delivered successfully (authenticated ack)
2026-04-16 22:13:35.361 [INFO    ] orchestrator: golden signal delivered to bot
2026-04-16 22:28:35.376 [INFO    ] orchestrator: --- cycle start [19:28:35 UTC] ---
2026-04-16 22:28:35.383 [INFO    ] orchestrator: data quality check passed: 600 windows available
2026-04-16 22:28:35.384 [INFO    ] orchestrator: starting engine: C:\Users\operator\Desktop\PolySignalLab\PolySignalEngine\build\Release\PolySignalEngine.exe C:\Users\operator\Desktop\PolySignalLab\PolyDataCollector\data --output-dir C:\Users\operator\Desktop\PolySignalLab\engine_output
2026-04-16 22:28:41.096 [INFO    ] orchestrator: engine: ==========================================================
2026-04-16 22:28:41.097 [INFO    ] orchestrator: engine:   SUMMARY
2026-04-16 22:28:41.097 [INFO    ] orchestrator: engine: ==========================================================
2026-04-16 22:28:41.098 [INFO    ] orchestrator: engine:   Total windows:         600 (297 UP, 303 DOWN)
2026-04-16 22:28:41.098 [INFO    ] orchestrator: engine:   Walk-forward folds:    8 (6 test iterations)
2026-04-16 22:28:41.099 [INFO    ] orchestrator: engine:   OOS base rate:         50.4% UP (450 test windows total)
2026-04-16 22:28:41.099 [INFO    ] orchestrator: engine:   Configs swept:         150480
2026-04-16 22:28:41.099 [INFO    ] orchestrator: engine:   Viable WF-OOS signals: 70
2026-04-16 22:28:41.099 [INFO    ] orchestrator: engine:   Compute time:          4.41s
2026-04-16 22:28:41.100 [INFO    ] orchestrator: engine: ==========================================================
2026-04-16 22:28:41.100 [INFO    ] orchestrator: engine produced: signals_summary_1776367721.json
2026-04-16 22:28:41.101 [INFO    ] orchestrator: cleaned up old summary: signals_summary_1776358660.json
2026-04-16 22:28:41.102 [INFO    ] orchestrator: ranked 20 signals — top candidates:
2026-04-16 22:28:41.102 [INFO    ] orchestrator:   #1 UP    score=  6.44  GOLDEN  folds=6/6  WR=98.4%  consWR=95.4%  entry=$0.89  ev=$0.0662
2026-04-16 22:28:41.103 [INFO    ] orchestrator:   #2 DOWN  score=  6.16  BRONZE  folds=4/6  WR=87.5%  consWR=84.5%  entry=$0.76  ev=$0.0850
2026-04-16 22:28:41.103 [INFO    ] orchestrator:   #3 UP    score=  5.92  BRONZE  folds=4/6  WR=96.4%  consWR=93.4%  entry=$0.86  ev=$0.0721
2026-04-16 22:28:41.103 [INFO    ] orchestrator:   #4 DOWN  score=  5.48  GOLDEN  folds=6/6  WR=95.3%  consWR=92.3%  entry=$0.87  ev=$0.0574
2026-04-16 22:28:41.104 [INFO    ] orchestrator:   #5 UP    score=  4.92  SILVER  folds=5/6  WR=97.2%  consWR=94.2%  entry=$0.88  ev=$0.0608
2026-04-16 22:28:41.272 [INFO    ] orchestrator: identity dedupe: pulled 6 paper fire(s) from bot
2026-04-16 22:28:41.273 [INFO    ] orchestrator: DELIVERING GOLDEN signal: #1 Up [230s->170s] d>=0.06% v<=0.05%
2026-04-16 22:28:41.274 [INFO    ] orchestrator:   score=6.44  WR=98.4%  consWR=95.4%  entry=$0.89  ev=$0.0662  folds=[2, 3, 4, 5, 6, 7]
2026-04-16 22:28:41.441 [INFO    ] shared.ipc: IPC: signal delivered successfully (authenticated ack)
2026-04-16 22:28:41.441 [INFO    ] orchestrator: golden signal delivered to bot
2026-04-16 22:43:41.446 [INFO    ] orchestrator: --- cycle start [19:43:41 UTC] ---
2026-04-16 22:43:41.453 [INFO    ] orchestrator: data quality check passed: 600 windows available
2026-04-16 22:43:41.454 [INFO    ] orchestrator: starting engine: C:\Users\operator\Desktop\PolySignalLab\PolySignalEngine\build\Release\PolySignalEngine.exe C:\Users\operator\Desktop\PolySignalLab\PolyDataCollector\data --output-dir C:\Users\operator\Desktop\PolySignalLab\engine_output
2026-04-16 22:43:47.051 [INFO    ] orchestrator: engine: ==========================================================
2026-04-16 22:43:47.052 [INFO    ] orchestrator: engine:   SUMMARY
2026-04-16 22:43:47.052 [INFO    ] orchestrator: engine: ==========================================================
2026-04-16 22:43:47.052 [INFO    ] orchestrator: engine:   Total windows:         600 (297 UP, 303 DOWN)
2026-04-16 22:43:47.053 [INFO    ] orchestrator: engine:   Walk-forward folds:    8 (6 test iterations)
2026-04-16 22:43:47.053 [INFO    ] orchestrator: engine:   OOS base rate:         50.4% UP (450 test windows total)
2026-04-16 22:43:47.054 [INFO    ] orchestrator: engine:   Configs swept:         150480
2026-04-16 22:43:47.054 [INFO    ] orchestrator: engine:   Viable WF-OOS signals: 70
2026-04-16 22:43:47.054 [INFO    ] orchestrator: engine:   Compute time:          4.31s
2026-04-16 22:43:47.054 [INFO    ] orchestrator: engine: ==========================================================
2026-04-16 22:43:47.055 [INFO    ] orchestrator: engine produced: signals_summary_1776368627.json
2026-04-16 22:43:47.056 [INFO    ] orchestrator: cleaned up old summary: signals_summary_1776359566.json
2026-04-16 22:43:47.057 [INFO    ] orchestrator: ranked 20 signals — top candidates:
2026-04-16 22:43:47.057 [INFO    ] orchestrator:   #1 UP    score=  6.43  GOLDEN  folds=6/6  WR=98.4%  consWR=95.4%  entry=$0.89  ev=$0.0662
2026-04-16 22:43:47.057 [INFO    ] orchestrator:   #2 UP    score=  5.92  BRONZE  folds=4/6  WR=96.4%  consWR=93.4%  entry=$0.86  ev=$0.0721
2026-04-16 22:43:47.058 [INFO    ] orchestrator:   #3 UP    score=  4.88  SILVER  folds=5/6  WR=97.2%  consWR=94.2%  entry=$0.88  ev=$0.0608
2026-04-16 22:43:47.058 [INFO    ] orchestrator:   #4 UP    score=  4.00  SILVER  folds=5/6  WR=97.4%  consWR=94.4%  entry=$0.90  ev=$0.0437
2026-04-16 22:43:47.058 [INFO    ] orchestrator:   #5 DOWN  score=  3.65  BRONZE  folds=2/6  WR=96.5%  consWR=93.5%  entry=$0.84  ev=$0.0990
2026-04-16 22:43:47.226 [INFO    ] orchestrator: identity dedupe: pulled 6 paper fire(s) from bot
2026-04-16 22:43:47.227 [INFO    ] orchestrator: identity dedupe: up_230.0_170.0_0.06_0.05 has been top for 4 cycles but no paper fire history yet — no suppression
2026-04-16 22:43:47.227 [INFO    ] orchestrator: DELIVERING GOLDEN signal: #1 Up [230s->170s] d>=0.06% v<=0.05%
2026-04-16 22:43:47.227 [INFO    ] orchestrator:   score=6.43  WR=98.4%  consWR=95.4%  entry=$0.89  ev=$0.0662  folds=[2, 3, 4, 5, 6, 7]
2026-04-16 22:43:47.394 [INFO    ] shared.ipc: IPC: signal delivered successfully (authenticated ack)
2026-04-16 22:43:47.395 [INFO    ] orchestrator: golden signal delivered to bot
2026-04-16 22:58:47.399 [INFO    ] orchestrator: --- cycle start [19:58:47 UTC] ---
2026-04-16 22:58:47.405 [INFO    ] orchestrator: data quality check passed: 600 windows available
2026-04-16 22:58:47.406 [INFO    ] orchestrator: starting engine: C:\Users\operator\Desktop\PolySignalLab\PolySignalEngine\build\Release\PolySignalEngine.exe C:\Users\operator\Desktop\PolySignalLab\PolyDataCollector\data --output-dir C:\Users\operator\Desktop\PolySignalLab\engine_output
2026-04-16 22:58:53.018 [INFO    ] orchestrator: engine: ==========================================================
2026-04-16 22:58:53.019 [INFO    ] orchestrator: engine:   SUMMARY
2026-04-16 22:58:53.020 [INFO    ] orchestrator: engine: ==========================================================
2026-04-16 22:58:53.020 [INFO    ] orchestrator: engine:   Total windows:         600 (299 UP, 301 DOWN)
2026-04-16 22:58:53.020 [INFO    ] orchestrator: engine:   Walk-forward folds:    8 (6 test iterations)
2026-04-16 22:58:53.021 [INFO    ] orchestrator: engine:   OOS base rate:         50.7% UP (450 test windows total)
2026-04-16 22:58:53.021 [INFO    ] orchestrator: engine:   Configs swept:         150480
2026-04-16 22:58:53.021 [INFO    ] orchestrator: engine:   Viable WF-OOS signals: 77
2026-04-16 22:58:53.022 [INFO    ] orchestrator: engine:   Compute time:          4.32s
2026-04-16 22:58:53.022 [INFO    ] orchestrator: engine: ==========================================================
2026-04-16 22:58:53.023 [INFO    ] orchestrator: engine produced: signals_summary_1776369532.json
2026-04-16 22:58:53.024 [INFO    ] orchestrator: cleaned up old summary: signals_summary_1776360472.json
2026-04-16 22:58:53.025 [INFO    ] orchestrator: ranked 20 signals — top candidates:
2026-04-16 22:58:53.025 [INFO    ] orchestrator:   #1 UP    score=  6.44  GOLDEN  folds=6/6  WR=98.4%  consWR=95.4%  entry=$0.89  ev=$0.0663
2026-04-16 22:58:53.026 [INFO    ] orchestrator:   #2 UP    score=  5.99  BRONZE  folds=4/6  WR=96.5%  consWR=93.5%  entry=$0.86  ev=$0.0728
2026-04-16 22:58:53.026 [INFO    ] orchestrator:   #3 UP    score=  5.51  BRONZE  folds=3/6  WR=100.0%  consWR=97.0%  entry=$0.89  ev=$0.0826
2026-04-16 22:58:53.026 [INFO    ] orchestrator:   #4 UP    score=  5.04  SILVER  folds=5/6  WR=97.1%  consWR=94.1%  entry=$0.88  ev=$0.0629
2026-04-16 22:58:53.026 [INFO    ] orchestrator:   #5 UP    score=  4.07  SILVER  folds=5/6  WR=97.4%  consWR=94.4%  entry=$0.90  ev=$0.0444
2026-04-16 22:58:53.193 [INFO    ] orchestrator: identity dedupe: pulled 6 paper fire(s) from bot
2026-04-16 22:58:53.193 [INFO    ] orchestrator: identity dedupe: up_230.0_170.0_0.06_0.05 has been top for 4 cycles but no paper fire history yet — no suppression
2026-04-16 22:58:53.194 [INFO    ] orchestrator: DELIVERING GOLDEN signal: #1 Up [230s->170s] d>=0.06% v<=0.05%
2026-04-16 22:58:53.195 [INFO    ] orchestrator:   score=6.44  WR=98.4%  consWR=95.4%  entry=$0.89  ev=$0.0663  folds=[2, 3, 4, 5, 6, 7]
2026-04-16 22:58:53.362 [INFO    ] shared.ipc: IPC: signal delivered successfully (authenticated ack)
2026-04-16 22:58:53.362 [INFO    ] orchestrator: golden signal delivered to bot
2026-04-16 23:13:53.371 [INFO    ] orchestrator: --- cycle start [20:13:53 UTC] ---
2026-04-16 23:13:53.378 [INFO    ] orchestrator: data quality check passed: 600 windows available
2026-04-16 23:13:53.379 [INFO    ] orchestrator: starting engine: C:\Users\operator\Desktop\PolySignalLab\PolySignalEngine\build\Release\PolySignalEngine.exe C:\Users\operator\Desktop\PolySignalLab\PolyDataCollector\data --output-dir C:\Users\operator\Desktop\PolySignalLab\engine_output
2026-04-16 23:13:59.050 [INFO    ] orchestrator: engine: ==========================================================
2026-04-16 23:13:59.051 [INFO    ] orchestrator: engine:   SUMMARY
2026-04-16 23:13:59.051 [INFO    ] orchestrator: engine: ==========================================================
2026-04-16 23:13:59.051 [INFO    ] orchestrator: engine:   Total windows:         600 (297 UP, 303 DOWN)
2026-04-16 23:13:59.052 [INFO    ] orchestrator: engine:   Walk-forward folds:    8 (6 test iterations)
2026-04-16 23:13:59.052 [INFO    ] orchestrator: engine:   OOS base rate:         50.7% UP (450 test windows total)
2026-04-16 23:13:59.053 [INFO    ] orchestrator: engine:   Configs swept:         150480
2026-04-16 23:13:59.053 [INFO    ] orchestrator: engine:   Viable WF-OOS signals: 83
2026-04-16 23:13:59.053 [INFO    ] orchestrator: engine:   Compute time:          4.37s
2026-04-16 23:13:59.054 [INFO    ] orchestrator: engine: ==========================================================
2026-04-16 23:13:59.054 [INFO    ] orchestrator: engine produced: signals_summary_1776370439.json
2026-04-16 23:13:59.056 [INFO    ] orchestrator: cleaned up old summary: signals_summary_1776361378.json
2026-04-16 23:13:59.056 [INFO    ] orchestrator: ranked 20 signals — top candidates:
2026-04-16 23:13:59.057 [INFO    ] orchestrator:   #1 UP    score=  6.44  GOLDEN  folds=6/6  WR=98.4%  consWR=95.4%  entry=$0.89  ev=$0.0663
2026-04-16 23:13:59.057 [INFO    ] orchestrator:   #2 UP    score=  5.99  BRONZE  folds=4/6  WR=96.5%  consWR=93.5%  entry=$0.86  ev=$0.0728
2026-04-16 23:13:59.057 [INFO    ] orchestrator:   #3 UP    score=  5.51  BRONZE  folds=3/6  WR=100.0%  consWR=97.0%  entry=$0.89  ev=$0.0826
2026-04-16 23:13:59.057 [INFO    ] orchestrator:   #4 UP    score=  4.11  SILVER  folds=5/6  WR=97.4%  consWR=94.4%  entry=$0.90  ev=$0.0447
2026-04-16 23:13:59.058 [INFO    ] orchestrator:   #5 DOWN  score=  3.57  BRONZE  folds=3/6  WR=97.4%  consWR=94.4%  entry=$0.86  ev=$0.0863
2026-04-16 23:13:59.227 [INFO    ] orchestrator: identity dedupe: pulled 6 paper fire(s) from bot
2026-04-16 23:13:59.227 [INFO    ] orchestrator: identity dedupe: up_230.0_170.0_0.06_0.05 has been top for 4 cycles but no paper fire history yet — no suppression
2026-04-16 23:13:59.228 [INFO    ] orchestrator: DELIVERING GOLDEN signal: #1 Up [230s->170s] d>=0.06% v<=0.05%
2026-04-16 23:13:59.228 [INFO    ] orchestrator:   score=6.44  WR=98.4%  consWR=95.4%  entry=$0.89  ev=$0.0663  folds=[2, 3, 4, 5, 6, 7]
2026-04-16 23:13:59.395 [INFO    ] shared.ipc: IPC: signal delivered successfully (authenticated ack)
2026-04-16 23:13:59.396 [INFO    ] orchestrator: golden signal delivered to bot
2026-04-16 23:28:59.399 [INFO    ] orchestrator: --- cycle start [20:28:59 UTC] ---
2026-04-16 23:28:59.406 [INFO    ] orchestrator: data quality check passed: 600 windows available
2026-04-16 23:28:59.407 [INFO    ] orchestrator: starting engine: C:\Users\operator\Desktop\PolySignalLab\PolySignalEngine\build\Release\PolySignalEngine.exe C:\Users\operator\Desktop\PolySignalLab\PolyDataCollector\data --output-dir C:\Users\operator\Desktop\PolySignalLab\engine_output
2026-04-16 23:29:05.046 [INFO    ] orchestrator: engine: ==========================================================
2026-04-16 23:29:05.047 [INFO    ] orchestrator: engine:   SUMMARY
2026-04-16 23:29:05.047 [INFO    ] orchestrator: engine: ==========================================================
2026-04-16 23:29:05.047 [INFO    ] orchestrator: engine:   Total windows:         600 (295 UP, 305 DOWN)
2026-04-16 23:29:05.048 [INFO    ] orchestrator: engine:   Walk-forward folds:    8 (6 test iterations)
2026-04-16 23:29:05.048 [INFO    ] orchestrator: engine:   OOS base rate:         50.7% UP (450 test windows total)
2026-04-16 23:29:05.048 [INFO    ] orchestrator: engine:   Configs swept:         150480
2026-04-16 23:29:05.049 [INFO    ] orchestrator: engine:   Viable WF-OOS signals: 80
2026-04-16 23:29:05.049 [INFO    ] orchestrator: engine:   Compute time:          4.34s
2026-04-16 23:29:05.049 [INFO    ] orchestrator: engine: ==========================================================
2026-04-16 23:29:05.050 [INFO    ] orchestrator: engine produced: signals_summary_1776371345.json
2026-04-16 23:29:05.051 [INFO    ] orchestrator: cleaned up old summary: signals_summary_1776362284.json
2026-04-16 23:29:05.052 [INFO    ] orchestrator: ranked 20 signals — top candidates:
2026-04-16 23:29:05.052 [INFO    ] orchestrator:   #1 UP    score=  6.44  GOLDEN  folds=6/6  WR=98.4%  consWR=95.4%  entry=$0.89  ev=$0.0663
2026-04-16 23:29:05.052 [INFO    ] orchestrator:   #2 UP    score=  5.85  BRONZE  folds=4/6  WR=96.5%  consWR=93.5%  entry=$0.86  ev=$0.0710
2026-04-16 23:29:05.053 [INFO    ] orchestrator:   #3 DOWN  score=  3.67  BRONZE  folds=4/6  WR=91.4%  consWR=88.4%  entry=$0.83  ev=$0.0494
2026-04-16 23:29:05.053 [INFO    ] orchestrator:   #4 UP    score=  3.48  BRONZE  folds=4/6  WR=100.0%  consWR=97.0%  entry=$0.93  ev=$0.0407
2026-04-16 23:29:05.053 [INFO    ] orchestrator:   #5 UP    score=  3.46  BRONZE  folds=3/6  WR=96.2%  consWR=93.2%  entry=$0.88  ev=$0.0508
2026-04-16 23:29:05.223 [INFO    ] orchestrator: identity dedupe: pulled 6 paper fire(s) from bot
2026-04-16 23:29:05.223 [INFO    ] orchestrator: identity dedupe: up_230.0_170.0_0.06_0.05 has been top for 4 cycles but no paper fire history yet — no suppression
2026-04-16 23:29:05.224 [INFO    ] orchestrator: DELIVERING GOLDEN signal: #1 Up [230s->170s] d>=0.06% v<=0.05%
2026-04-16 23:29:05.224 [INFO    ] orchestrator:   score=6.44  WR=98.4%  consWR=95.4%  entry=$0.89  ev=$0.0663  folds=[2, 3, 4, 5, 6, 7]
2026-04-16 23:29:05.390 [INFO    ] shared.ipc: IPC: signal delivered successfully (authenticated ack)
2026-04-16 23:29:05.391 [INFO    ] orchestrator: golden signal delivered to bot
2026-04-16 23:44:05.407 [INFO    ] orchestrator: --- cycle start [20:44:05 UTC] ---
2026-04-16 23:44:05.417 [INFO    ] orchestrator: data quality check passed: 600 windows available
2026-04-16 23:44:05.417 [INFO    ] orchestrator: starting engine: C:\Users\operator\Desktop\PolySignalLab\PolySignalEngine\build\Release\PolySignalEngine.exe C:\Users\operator\Desktop\PolySignalLab\PolyDataCollector\data --output-dir C:\Users\operator\Desktop\PolySignalLab\engine_output
2026-04-16 23:44:11.055 [INFO    ] orchestrator: engine: ==========================================================
2026-04-16 23:44:11.056 [INFO    ] orchestrator: engine:   SUMMARY
2026-04-16 23:44:11.056 [INFO    ] orchestrator: engine: ==========================================================
2026-04-16 23:44:11.057 [INFO    ] orchestrator: engine:   Total windows:         600 (294 UP, 306 DOWN)
2026-04-16 23:44:11.057 [INFO    ] orchestrator: engine:   Walk-forward folds:    8 (6 test iterations)
2026-04-16 23:44:11.058 [INFO    ] orchestrator: engine:   OOS base rate:         50.4% UP (450 test windows total)
2026-04-16 23:44:11.058 [INFO    ] orchestrator: engine:   Configs swept:         150480
2026-04-16 23:44:11.058 [INFO    ] orchestrator: engine:   Viable WF-OOS signals: 72
2026-04-16 23:44:11.058 [INFO    ] orchestrator: engine:   Compute time:          4.33s
2026-04-16 23:44:11.059 [INFO    ] orchestrator: engine: ==========================================================
2026-04-16 23:44:11.060 [INFO    ] orchestrator: engine produced: signals_summary_1776372251.json
2026-04-16 23:44:11.060 [INFO    ] orchestrator: cleaned up old summary: signals_summary_1776363190.json
2026-04-16 23:44:11.061 [INFO    ] orchestrator: ranked 20 signals — top candidates:
2026-04-16 23:44:11.061 [INFO    ] orchestrator:   #1 DOWN  score=  7.06  SILVER  folds=5/6  WR=100.0%  consWR=97.0%  entry=$0.90  ev=$0.0742
2026-04-16 23:44:11.062 [INFO    ] orchestrator:   #2 UP    score=  6.43  GOLDEN  folds=6/6  WR=98.4%  consWR=95.4%  entry=$0.89  ev=$0.0663
2026-04-16 23:44:11.062 [INFO    ] orchestrator:   #3 UP    score=  6.00  BRONZE  folds=3/6  WR=100.0%  consWR=97.0%  entry=$0.88  ev=$0.0900
2026-04-16 23:44:11.062 [INFO    ] orchestrator:   #4 UP    score=  5.98  BRONZE  folds=4/6  WR=96.4%  consWR=93.4%  entry=$0.86  ev=$0.0729
2026-04-16 23:44:11.063 [INFO    ] orchestrator:   #5 DOWN  score=  3.75  BRONZE  folds=4/6  WR=91.7%  consWR=88.7%  entry=$0.84  ev=$0.0489
2026-04-16 23:44:11.230 [INFO    ] orchestrator: identity dedupe: pulled 6 paper fire(s) from bot
2026-04-16 23:44:11.230 [INFO    ] orchestrator: DELIVERING SILVER signal: #1 Down [230s->200s] d>=0.13% v<=0.1%
2026-04-16 23:44:11.231 [INFO    ] orchestrator:   score=7.06  WR=100.0%  consWR=97.0%  entry=$0.90  ev=$0.0742  folds=[3, 4, 5, 6, 7]
2026-04-16 23:44:11.397 [INFO    ] shared.ipc: IPC: signal delivered successfully (authenticated ack)
2026-04-16 23:44:11.397 [INFO    ] orchestrator: silver signal delivered to bot
2026-04-16 23:59:11.411 [INFO    ] orchestrator: --- cycle start [20:59:11 UTC] ---
2026-04-16 23:59:11.419 [INFO    ] orchestrator: data quality check passed: 600 windows available
2026-04-16 23:59:11.419 [INFO    ] orchestrator: starting engine: C:\Users\operator\Desktop\PolySignalLab\PolySignalEngine\build\Release\PolySignalEngine.exe C:\Users\operator\Desktop\PolySignalLab\PolyDataCollector\data --output-dir C:\Users\operator\Desktop\PolySignalLab\engine_output
2026-04-16 23:59:16.995 [INFO    ] orchestrator: engine: ==========================================================
2026-04-16 23:59:16.995 [INFO    ] orchestrator: engine:   SUMMARY
2026-04-16 23:59:16.996 [INFO    ] orchestrator: engine: ==========================================================
2026-04-16 23:59:16.996 [INFO    ] orchestrator: engine:   Total windows:         600 (295 UP, 305 DOWN)
2026-04-16 23:59:16.997 [INFO    ] orchestrator: engine:   Walk-forward folds:    8 (6 test iterations)
2026-04-16 23:59:16.997 [INFO    ] orchestrator: engine:   OOS base rate:         50.7% UP (450 test windows total)
2026-04-16 23:59:16.998 [INFO    ] orchestrator: engine:   Configs swept:         150480
2026-04-16 23:59:16.998 [INFO    ] orchestrator: engine:   Viable WF-OOS signals: 74
2026-04-16 23:59:16.999 [INFO    ] orchestrator: engine:   Compute time:          4.29s
2026-04-16 23:59:16.999 [INFO    ] orchestrator: engine: ==========================================================
2026-04-16 23:59:17.000 [INFO    ] orchestrator: engine produced: signals_summary_1776373156.json
2026-04-16 23:59:17.001 [INFO    ] orchestrator: cleaned up old summary: signals_summary_1776364097.json
2026-04-16 23:59:17.002 [INFO    ] orchestrator: ranked 20 signals — top candidates:
2026-04-16 23:59:17.002 [INFO    ] orchestrator:   #1 UP    score=  6.42  GOLDEN  folds=6/6  WR=98.4%  consWR=95.4%  entry=$0.89  ev=$0.0663
2026-04-16 23:59:17.003 [INFO    ] orchestrator:   #2 UP    score=  6.24  BRONZE  folds=4/6  WR=96.3%  consWR=93.3%  entry=$0.86  ev=$0.0763
2026-04-16 23:59:17.003 [INFO    ] orchestrator:   #3 UP    score=  3.95  BRONZE  folds=4/6  WR=100.0%  consWR=97.0%  entry=$0.92  ev=$0.0461
2026-04-16 23:59:17.003 [INFO    ] orchestrator:   #4 UP    score=  3.69  BRONZE  folds=3/6  WR=96.3%  consWR=93.3%  entry=$0.88  ev=$0.0567
2026-04-16 23:59:17.004 [INFO    ] orchestrator:   #5 UP    score=  3.67  BRONZE  folds=4/6  WR=96.8%  consWR=93.8%  entry=$0.89  ev=$0.0452
2026-04-16 23:59:17.170 [INFO    ] orchestrator: identity dedupe: pulled 6 paper fire(s) from bot
2026-04-16 23:59:17.170 [INFO    ] orchestrator: DELIVERING GOLDEN signal: #1 Up [230s->170s] d>=0.06% v<=0.05%
2026-04-16 23:59:17.171 [INFO    ] orchestrator:   score=6.42  WR=98.4%  consWR=95.4%  entry=$0.89  ev=$0.0663  folds=[2, 3, 4, 5, 6, 7]
2026-04-16 23:59:17.337 [INFO    ] shared.ipc: IPC: signal delivered successfully (authenticated ack)
2026-04-16 23:59:17.337 [INFO    ] orchestrator: golden signal delivered to bot
2026-04-17 00:14:17.350 [INFO    ] orchestrator: --- cycle start [21:14:17 UTC] ---
2026-04-17 00:14:17.357 [INFO    ] orchestrator: data quality check passed: 600 windows available
2026-04-17 00:14:17.358 [INFO    ] orchestrator: starting engine: C:\Users\operator\Desktop\PolySignalLab\PolySignalEngine\build\Release\PolySignalEngine.exe C:\Users\operator\Desktop\PolySignalLab\PolyDataCollector\data --output-dir C:\Users\operator\Desktop\PolySignalLab\engine_output
2026-04-17 00:14:22.721 [INFO    ] orchestrator: engine: ==========================================================
2026-04-17 00:14:22.721 [INFO    ] orchestrator: engine:   SUMMARY
2026-04-17 00:14:22.722 [INFO    ] orchestrator: engine: ==========================================================
2026-04-17 00:14:22.722 [INFO    ] orchestrator: engine:   Total windows:         600 (295 UP, 305 DOWN)
2026-04-17 00:14:22.722 [INFO    ] orchestrator: engine:   Walk-forward folds:    8 (6 test iterations)
2026-04-17 00:14:22.723 [INFO    ] orchestrator: engine:   OOS base rate:         50.7% UP (450 test windows total)
2026-04-17 00:14:22.723 [INFO    ] orchestrator: engine:   Configs swept:         150480
2026-04-17 00:14:22.723 [INFO    ] orchestrator: engine:   Viable WF-OOS signals: 64
2026-04-17 00:14:22.724 [INFO    ] orchestrator: engine:   Compute time:          4.10s
2026-04-17 00:14:22.724 [INFO    ] orchestrator: engine: ==========================================================
2026-04-17 00:14:22.725 [INFO    ] orchestrator: engine produced: signals_summary_1776374062.json
2026-04-17 00:14:22.726 [INFO    ] orchestrator: cleaned up old summary: signals_summary_1776365003.json
2026-04-17 00:14:22.727 [INFO    ] orchestrator: ranked 20 signals — top candidates:
2026-04-17 00:14:22.727 [INFO    ] orchestrator:   #1 UP    score=  6.42  GOLDEN  folds=6/6  WR=98.4%  consWR=95.4%  entry=$0.89  ev=$0.0663
2026-04-17 00:14:22.727 [INFO    ] orchestrator:   #2 UP    score=  6.24  BRONZE  folds=4/6  WR=96.3%  consWR=93.3%  entry=$0.86  ev=$0.0763
2026-04-17 00:14:22.728 [INFO    ] orchestrator:   #3 UP    score=  5.57  BRONZE  folds=3/6  WR=100.0%  consWR=97.0%  entry=$0.88  ev=$0.0900
2026-04-17 00:14:22.728 [INFO    ] orchestrator:   #4 UP    score=  3.95  BRONZE  folds=4/6  WR=100.0%  consWR=97.0%  entry=$0.92  ev=$0.0461
2026-04-17 00:14:22.729 [INFO    ] orchestrator:   #5 UP    score=  3.84  BRONZE  folds=4/6  WR=97.6%  consWR=94.6%  entry=$0.89  ev=$0.0556
2026-04-17 00:14:22.896 [INFO    ] orchestrator: identity dedupe: pulled 6 paper fire(s) from bot
2026-04-17 00:14:22.897 [INFO    ] orchestrator: DELIVERING GOLDEN signal: #1 Up [230s->170s] d>=0.06% v<=0.05%
2026-04-17 00:14:22.897 [INFO    ] orchestrator:   score=6.42  WR=98.4%  consWR=95.4%  entry=$0.89  ev=$0.0663  folds=[2, 3, 4, 5, 6, 7]
2026-04-17 00:14:23.064 [INFO    ] shared.ipc: IPC: signal delivered successfully (authenticated ack)
2026-04-17 00:14:23.065 [INFO    ] orchestrator: golden signal delivered to bot
2026-04-17 00:29:23.081 [INFO    ] orchestrator: --- cycle start [21:29:23 UTC] ---
2026-04-17 00:29:23.088 [INFO    ] orchestrator: data quality check passed: 600 windows available
2026-04-17 00:29:23.089 [INFO    ] orchestrator: starting engine: C:\Users\operator\Desktop\PolySignalLab\PolySignalEngine\build\Release\PolySignalEngine.exe C:\Users\operator\Desktop\PolySignalLab\PolyDataCollector\data --output-dir C:\Users\operator\Desktop\PolySignalLab\engine_output
2026-04-17 00:29:28.453 [INFO    ] orchestrator: engine: ==========================================================
2026-04-17 00:29:28.453 [INFO    ] orchestrator: engine:   SUMMARY
2026-04-17 00:29:28.454 [INFO    ] orchestrator: engine: ==========================================================
2026-04-17 00:29:28.454 [INFO    ] orchestrator: engine:   Total windows:         600 (293 UP, 307 DOWN)
2026-04-17 00:29:28.454 [INFO    ] orchestrator: engine:   Walk-forward folds:    8 (6 test iterations)
2026-04-17 00:29:28.455 [INFO    ] orchestrator: engine:   OOS base rate:         50.4% UP (450 test windows total)
2026-04-17 00:29:28.455 [INFO    ] orchestrator: engine:   Configs swept:         150480
2026-04-17 00:29:28.456 [INFO    ] orchestrator: engine:   Viable WF-OOS signals: 62
2026-04-17 00:29:28.456 [INFO    ] orchestrator: engine:   Compute time:          4.08s
2026-04-17 00:29:28.456 [INFO    ] orchestrator: engine: ==========================================================
2026-04-17 00:29:28.457 [INFO    ] orchestrator: engine produced: signals_summary_1776374968.json
2026-04-17 00:29:28.458 [INFO    ] orchestrator: cleaned up old summary: signals_summary_1776365909.json
2026-04-17 00:29:28.458 [INFO    ] orchestrator: ranked 20 signals — top candidates:
2026-04-17 00:29:28.459 [INFO    ] orchestrator:   #1 UP    score=  6.40  SILVER  folds=5/6  WR=98.1%  consWR=95.1%  entry=$0.88  ev=$0.0694
2026-04-17 00:29:28.459 [INFO    ] orchestrator:   #2 UP    score=  5.97  BRONZE  folds=4/6  WR=96.3%  consWR=93.3%  entry=$0.86  ev=$0.0763
2026-04-17 00:29:28.459 [INFO    ] orchestrator:   #3 UP    score=  5.79  BRONZE  folds=3/6  WR=100.0%  consWR=97.0%  entry=$0.88  ev=$0.0868
2026-04-17 00:29:28.460 [INFO    ] orchestrator:   #4 DOWN  score=  5.46  BRONZE  folds=3/6  WR=100.0%  consWR=97.0%  entry=$0.88  ev=$0.0881
2026-04-17 00:29:28.460 [INFO    ] orchestrator:   #5 UP    score=  5.22  BRONZE  folds=4/6  WR=95.8%  consWR=92.8%  entry=$0.86  ev=$0.0646
2026-04-17 00:29:28.626 [INFO    ] orchestrator: identity dedupe: pulled 6 paper fire(s) from bot
2026-04-17 00:29:28.626 [INFO    ] orchestrator: DELIVERING SILVER signal: #1 Up [230s->170s] d>=0.06% v<=0.05%
2026-04-17 00:29:28.627 [INFO    ] orchestrator:   score=6.40  WR=98.1%  consWR=95.1%  entry=$0.88  ev=$0.0694  folds=[3, 4, 5, 6, 7]
2026-04-17 00:29:28.792 [INFO    ] shared.ipc: IPC: signal delivered successfully (authenticated ack)
2026-04-17 00:29:28.792 [INFO    ] orchestrator: silver signal delivered to bot
2026-04-17 00:44:28.804 [INFO    ] orchestrator: --- cycle start [21:44:28 UTC] ---
2026-04-17 00:44:28.814 [INFO    ] orchestrator: data quality check passed: 600 windows available
2026-04-17 00:44:28.815 [INFO    ] orchestrator: starting engine: C:\Users\operator\Desktop\PolySignalLab\PolySignalEngine\build\Release\PolySignalEngine.exe C:\Users\operator\Desktop\PolySignalLab\PolyDataCollector\data --output-dir C:\Users\operator\Desktop\PolySignalLab\engine_output
2026-04-17 00:44:34.332 [INFO    ] orchestrator: engine: ==========================================================
2026-04-17 00:44:34.332 [INFO    ] orchestrator: engine:   SUMMARY
2026-04-17 00:44:34.334 [INFO    ] orchestrator: engine: ==========================================================
2026-04-17 00:44:34.334 [INFO    ] orchestrator: engine:   Total windows:         600 (294 UP, 306 DOWN)
2026-04-17 00:44:34.335 [INFO    ] orchestrator: engine:   Walk-forward folds:    8 (6 test iterations)
2026-04-17 00:44:34.335 [INFO    ] orchestrator: engine:   OOS base rate:         50.4% UP (450 test windows total)
2026-04-17 00:44:34.335 [INFO    ] orchestrator: engine:   Configs swept:         150480
2026-04-17 00:44:34.336 [INFO    ] orchestrator: engine:   Viable WF-OOS signals: 61
2026-04-17 00:44:34.336 [INFO    ] orchestrator: engine:   Compute time:          4.22s
2026-04-17 00:44:34.336 [INFO    ] orchestrator: engine: ==========================================================
2026-04-17 00:44:34.337 [INFO    ] orchestrator: engine produced: signals_summary_1776375874.json
2026-04-17 00:44:34.337 [INFO    ] orchestrator: cleaned up old summary: signals_summary_1776366814.json
2026-04-17 00:44:34.338 [INFO    ] orchestrator: ranked 20 signals — top candidates:
2026-04-17 00:44:34.339 [INFO    ] orchestrator:   #1 UP    score=  6.21  BRONZE  folds=4/6  WR=97.4%  consWR=94.4%  entry=$0.87  ev=$0.0749
2026-04-17 00:44:34.339 [INFO    ] orchestrator:   #2 UP    score=  6.14  BRONZE  folds=4/6  WR=96.2%  consWR=93.2%  entry=$0.85  ev=$0.0785
2026-04-17 00:44:34.339 [INFO    ] orchestrator:   #3 UP    score=  5.97  BRONZE  folds=3/6  WR=100.0%  consWR=97.0%  entry=$0.88  ev=$0.0896
2026-04-17 00:44:34.340 [INFO    ] orchestrator:   #4 UP    score=  5.78  BRONZE  folds=3/6  WR=100.0%  consWR=97.0%  entry=$0.88  ev=$0.0867
2026-04-17 00:44:34.340 [INFO    ] orchestrator:   #5 DOWN  score=  4.75  BRONZE  folds=4/6  WR=92.6%  consWR=89.6%  entry=$0.84  ev=$0.0607
2026-04-17 00:44:34.505 [INFO    ] orchestrator: identity dedupe: pulled 6 paper fire(s) from bot
2026-04-17 00:44:34.505 [INFO    ] orchestrator: identity dedupe: up_230.0_170.0_0.06_0.05 has been top for 4 cycles but no paper fire history yet — no suppression
2026-04-17 00:44:34.506 [INFO    ] orchestrator: DELIVERING BRONZE signal: #1 Up [230s->170s] d>=0.06% v<=0.05%
2026-04-17 00:44:34.506 [INFO    ] orchestrator:   score=6.21  WR=97.4%  consWR=94.4%  entry=$0.87  ev=$0.0749  folds=[4, 5, 6, 7]
2026-04-17 00:44:34.672 [INFO    ] shared.ipc: IPC: signal delivered successfully (authenticated ack)
2026-04-17 00:44:34.672 [INFO    ] orchestrator: bronze signal delivered to bot
2026-04-17 00:59:34.683 [INFO    ] orchestrator: --- cycle start [21:59:34 UTC] ---
2026-04-17 00:59:34.691 [INFO    ] orchestrator: data quality check passed: 600 windows available
2026-04-17 00:59:34.691 [INFO    ] orchestrator: starting engine: C:\Users\operator\Desktop\PolySignalLab\PolySignalEngine\build\Release\PolySignalEngine.exe C:\Users\operator\Desktop\PolySignalLab\PolyDataCollector\data --output-dir C:\Users\operator\Desktop\PolySignalLab\engine_output
2026-04-17 00:59:40.187 [INFO    ] orchestrator: engine: ==========================================================
2026-04-17 00:59:40.188 [INFO    ] orchestrator: engine:   SUMMARY
2026-04-17 00:59:40.188 [INFO    ] orchestrator: engine: ==========================================================
2026-04-17 00:59:40.189 [INFO    ] orchestrator: engine:   Total windows:         600 (293 UP, 307 DOWN)
2026-04-17 00:59:40.189 [INFO    ] orchestrator: engine:   Walk-forward folds:    8 (6 test iterations)
2026-04-17 00:59:40.189 [INFO    ] orchestrator: engine:   OOS base rate:         50.4% UP (450 test windows total)
2026-04-17 00:59:40.190 [INFO    ] orchestrator: engine:   Configs swept:         150480
2026-04-17 00:59:40.190 [INFO    ] orchestrator: engine:   Viable WF-OOS signals: 56
2026-04-17 00:59:40.190 [INFO    ] orchestrator: engine:   Compute time:          4.19s
2026-04-17 00:59:40.191 [INFO    ] orchestrator: engine: ==========================================================
2026-04-17 00:59:40.192 [INFO    ] orchestrator: engine produced: signals_summary_1776376780.json
2026-04-17 00:59:40.192 [INFO    ] orchestrator: cleaned up old summary: signals_summary_1776367721.json
2026-04-17 00:59:40.193 [INFO    ] orchestrator: ranked 20 signals — top candidates:
2026-04-17 00:59:40.194 [INFO    ] orchestrator:   #1 UP    score=  6.20  BRONZE  folds=4/6  WR=97.4%  consWR=94.4%  entry=$0.87  ev=$0.0749
2026-04-17 00:59:40.194 [INFO    ] orchestrator:   #2 UP    score=  5.97  BRONZE  folds=3/6  WR=100.0%  consWR=97.0%  entry=$0.88  ev=$0.0896
2026-04-17 00:59:40.195 [INFO    ] orchestrator:   #3 DOWN  score=  4.75  BRONZE  folds=4/6  WR=92.6%  consWR=89.6%  entry=$0.84  ev=$0.0607
2026-04-17 00:59:40.195 [INFO    ] orchestrator:   #4 DOWN  score=  4.44  BRONZE  folds=2/6  WR=94.1%  consWR=91.1%  entry=$0.82  ev=$0.0900
2026-04-17 00:59:40.196 [INFO    ] orchestrator:   #5 DOWN  score=  4.19  BRONZE  folds=2/6  WR=100.0%  consWR=97.0%  entry=$0.89  ev=$0.0800
2026-04-17 00:59:40.360 [INFO    ] orchestrator: identity dedupe: pulled 6 paper fire(s) from bot
2026-04-17 00:59:40.360 [INFO    ] orchestrator: identity dedupe: up_230.0_170.0_0.06_0.05 has been top for 4 cycles but no paper fire history yet — no suppression
2026-04-17 00:59:40.361 [INFO    ] orchestrator: DELIVERING BRONZE signal: #1 Up [230s->170s] d>=0.06% v<=0.05%
2026-04-17 00:59:40.361 [INFO    ] orchestrator:   score=6.20  WR=97.4%  consWR=94.4%  entry=$0.87  ev=$0.0749  folds=[4, 5, 6, 7]
2026-04-17 00:59:40.524 [INFO    ] shared.ipc: IPC: signal delivered successfully (authenticated ack)
2026-04-17 00:59:40.524 [INFO    ] orchestrator: bronze signal delivered to bot
2026-04-17 01:14:40.525 [INFO    ] orchestrator: --- cycle start [22:14:40 UTC] ---
2026-04-17 01:14:40.532 [INFO    ] orchestrator: data quality check passed: 600 windows available
2026-04-17 01:14:40.533 [INFO    ] orchestrator: starting engine: C:\Users\operator\Desktop\PolySignalLab\PolySignalEngine\build\Release\PolySignalEngine.exe C:\Users\operator\Desktop\PolySignalLab\PolyDataCollector\data --output-dir C:\Users\operator\Desktop\PolySignalLab\engine_output
2026-04-17 01:14:46.115 [INFO    ] orchestrator: engine: ==========================================================
2026-04-17 01:14:46.115 [INFO    ] orchestrator: engine:   SUMMARY
2026-04-17 01:14:46.115 [INFO    ] orchestrator: engine: ==========================================================
2026-04-17 01:14:46.116 [INFO    ] orchestrator: engine:   Total windows:         600 (292 UP, 308 DOWN)
2026-04-17 01:14:46.116 [INFO    ] orchestrator: engine:   Walk-forward folds:    8 (6 test iterations)
2026-04-17 01:14:46.117 [INFO    ] orchestrator: engine:   OOS base rate:         50.0% UP (450 test windows total)
2026-04-17 01:14:46.117 [INFO    ] orchestrator: engine:   Configs swept:         150480
2026-04-17 01:14:46.117 [INFO    ] orchestrator: engine:   Viable WF-OOS signals: 57
2026-04-17 01:14:46.117 [INFO    ] orchestrator: engine:   Compute time:          4.19s
2026-04-17 01:14:46.118 [INFO    ] orchestrator: engine: ==========================================================
2026-04-17 01:14:46.119 [INFO    ] orchestrator: engine produced: signals_summary_1776377686.json
2026-04-17 01:14:46.120 [INFO    ] orchestrator: cleaned up old summary: signals_summary_1776368627.json
2026-04-17 01:14:46.120 [INFO    ] orchestrator: ranked 20 signals — top candidates:
2026-04-17 01:14:46.121 [INFO    ] orchestrator:   #1 UP    score=  6.03  BRONZE  folds=4/6  WR=96.3%  consWR=93.3%  entry=$0.86  ev=$0.0759
2026-04-17 01:14:46.121 [INFO    ] orchestrator:   #2 UP    score=  5.97  BRONZE  folds=3/6  WR=100.0%  consWR=97.0%  entry=$0.88  ev=$0.0896
2026-04-17 01:14:46.121 [INFO    ] orchestrator:   #3 DOWN  score=  4.66  BRONZE  folds=4/6  WR=92.6%  consWR=89.6%  entry=$0.84  ev=$0.0607
2026-04-17 01:14:46.121 [INFO    ] orchestrator:   #4 DOWN  score=  4.43  BRONZE  folds=2/6  WR=94.1%  consWR=91.1%  entry=$0.82  ev=$0.0900
2026-04-17 01:14:46.122 [INFO    ] orchestrator:   #5 UP    score=  4.11  SILVER  folds=5/6  WR=95.2%  consWR=92.2%  entry=$0.88  ev=$0.0467
2026-04-17 01:14:46.287 [INFO    ] orchestrator: identity dedupe: pulled 6 paper fire(s) from bot
2026-04-17 01:14:46.288 [INFO    ] orchestrator: DELIVERING BRONZE signal: #1 Up [230s->200s] d>=0.08% v<=0.1%
2026-04-17 01:14:46.288 [INFO    ] orchestrator:   score=6.03  WR=96.3%  consWR=93.3%  entry=$0.86  ev=$0.0759  folds=[4, 5, 6, 7]
2026-04-17 01:14:46.451 [INFO    ] shared.ipc: IPC: signal delivered successfully (authenticated ack)
2026-04-17 01:14:46.451 [INFO    ] orchestrator: bronze signal delivered to bot
2026-04-17 01:29:46.467 [INFO    ] orchestrator: --- cycle start [22:29:46 UTC] ---
2026-04-17 01:29:46.474 [INFO    ] orchestrator: data quality check passed: 600 windows available
2026-04-17 01:29:46.475 [INFO    ] orchestrator: starting engine: C:\Users\operator\Desktop\PolySignalLab\PolySignalEngine\build\Release\PolySignalEngine.exe C:\Users\operator\Desktop\PolySignalLab\PolyDataCollector\data --output-dir C:\Users\operator\Desktop\PolySignalLab\engine_output
2026-04-17 01:29:51.992 [INFO    ] orchestrator: engine: ==========================================================
2026-04-17 01:29:51.992 [INFO    ] orchestrator: engine:   SUMMARY
2026-04-17 01:29:51.992 [INFO    ] orchestrator: engine: ==========================================================
2026-04-17 01:29:51.992 [INFO    ] orchestrator: engine:   Total windows:         600 (290 UP, 310 DOWN)
2026-04-17 01:29:51.993 [INFO    ] orchestrator: engine:   Walk-forward folds:    8 (6 test iterations)
2026-04-17 01:29:51.993 [INFO    ] orchestrator: engine:   OOS base rate:         49.6% UP (450 test windows total)
2026-04-17 01:29:51.994 [INFO    ] orchestrator: engine:   Configs swept:         150480
2026-04-17 01:29:51.994 [INFO    ] orchestrator: engine:   Viable WF-OOS signals: 79
2026-04-17 01:29:51.994 [INFO    ] orchestrator: engine:   Compute time:          4.24s
2026-04-17 01:29:51.995 [INFO    ] orchestrator: engine: ==========================================================
2026-04-17 01:29:51.996 [INFO    ] orchestrator: engine produced: signals_summary_1776378591.json
2026-04-17 01:29:51.997 [INFO    ] orchestrator: cleaned up old summary: signals_summary_1776369532.json
2026-04-17 01:29:51.997 [INFO    ] orchestrator: ranked 20 signals — top candidates:
2026-04-17 01:29:51.998 [INFO    ] orchestrator:   #1 UP    score=  6.14  BRONZE  folds=4/6  WR=96.3%  consWR=93.3%  entry=$0.86  ev=$0.0759
2026-04-17 01:29:51.998 [INFO    ] orchestrator:   #2 UP    score=  5.97  BRONZE  folds=3/6  WR=100.0%  consWR=97.0%  entry=$0.88  ev=$0.0896
2026-04-17 01:29:51.998 [INFO    ] orchestrator:   #3 UP    score=  5.61  BRONZE  folds=3/6  WR=100.0%  consWR=97.0%  entry=$0.87  ev=$0.0981
2026-04-17 01:29:51.999 [INFO    ] orchestrator:   #4 UP    score=  5.44  BRONZE  folds=4/6  WR=100.0%  consWR=97.0%  entry=$0.90  ev=$0.0714
2026-04-17 01:29:51.999 [INFO    ] orchestrator:   #5 UP    score=  5.40  BRONZE  folds=4/6  WR=100.0%  consWR=97.0%  entry=$0.89  ev=$0.0811
2026-04-17 01:29:52.168 [INFO    ] orchestrator: identity dedupe: pulled 6 paper fire(s) from bot
2026-04-17 01:29:52.169 [INFO    ] orchestrator: DELIVERING BRONZE signal: #1 Up [230s->200s] d>=0.08% v<=0.1%
2026-04-17 01:29:52.169 [INFO    ] orchestrator:   score=6.14  WR=96.3%  consWR=93.3%  entry=$0.86  ev=$0.0759  folds=[4, 5, 6, 7]
2026-04-17 01:29:52.338 [INFO    ] shared.ipc: IPC: signal delivered successfully (authenticated ack)
2026-04-17 01:29:52.339 [INFO    ] orchestrator: bronze signal delivered to bot
2026-04-17 01:44:52.353 [INFO    ] orchestrator: --- cycle start [22:44:52 UTC] ---
2026-04-17 01:44:52.361 [INFO    ] orchestrator: data quality check passed: 600 windows available
2026-04-17 01:44:52.361 [INFO    ] orchestrator: starting engine: C:\Users\operator\Desktop\PolySignalLab\PolySignalEngine\build\Release\PolySignalEngine.exe C:\Users\operator\Desktop\PolySignalLab\PolyDataCollector\data --output-dir C:\Users\operator\Desktop\PolySignalLab\engine_output
2026-04-17 01:44:57.865 [INFO    ] orchestrator: engine: ==========================================================
2026-04-17 01:44:57.865 [INFO    ] orchestrator: engine:   SUMMARY
2026-04-17 01:44:57.865 [INFO    ] orchestrator: engine: ==========================================================
2026-04-17 01:44:57.866 [INFO    ] orchestrator: engine:   Total windows:         600 (291 UP, 309 DOWN)
2026-04-17 01:44:57.866 [INFO    ] orchestrator: engine:   Walk-forward folds:    8 (6 test iterations)
2026-04-17 01:44:57.867 [INFO    ] orchestrator: engine:   OOS base rate:         49.8% UP (450 test windows total)
2026-04-17 01:44:57.867 [INFO    ] orchestrator: engine:   Configs swept:         150480
2026-04-17 01:44:57.867 [INFO    ] orchestrator: engine:   Viable WF-OOS signals: 83
2026-04-17 01:44:57.867 [INFO    ] orchestrator: engine:   Compute time:          4.24s
2026-04-17 01:44:57.868 [INFO    ] orchestrator: engine: ==========================================================
2026-04-17 01:44:57.869 [INFO    ] orchestrator: engine produced: signals_summary_1776379497.json
2026-04-17 01:44:57.870 [INFO    ] orchestrator: cleaned up old summary: signals_summary_1776370439.json
2026-04-17 01:44:57.871 [INFO    ] orchestrator: ranked 20 signals — top candidates:
2026-04-17 01:44:57.871 [INFO    ] orchestrator:   #1 DOWN  score=  7.24  SILVER  folds=5/6  WR=100.0%  consWR=97.0%  entry=$0.89  ev=$0.0760
2026-04-17 01:44:57.872 [INFO    ] orchestrator:   #2 UP    score=  6.14  BRONZE  folds=4/6  WR=96.3%  consWR=93.3%  entry=$0.86  ev=$0.0759
2026-04-17 01:44:57.872 [INFO    ] orchestrator:   #3 UP    score=  5.92  BRONZE  folds=4/6  WR=100.0%  consWR=97.0%  entry=$0.89  ev=$0.0777
2026-04-17 01:44:57.872 [INFO    ] orchestrator:   #4 UP    score=  5.78  BRONZE  folds=3/6  WR=100.0%  consWR=97.0%  entry=$0.88  ev=$0.0867
2026-04-17 01:44:57.873 [INFO    ] orchestrator:   #5 UP    score=  5.59  BRONZE  folds=3/6  WR=100.0%  consWR=97.0%  entry=$0.87  ev=$0.0979
2026-04-17 01:44:58.040 [INFO    ] orchestrator: identity dedupe: pulled 6 paper fire(s) from bot
2026-04-17 01:44:58.040 [INFO    ] orchestrator: DELIVERING SILVER signal: #1 Down [240s->210s] d>=0.12% v<=0.05%
2026-04-17 01:44:58.041 [INFO    ] orchestrator:   score=7.24  WR=100.0%  consWR=97.0%  entry=$0.89  ev=$0.0760  folds=[3, 4, 5, 6, 7]
2026-04-17 01:44:58.207 [INFO    ] shared.ipc: IPC: signal delivered successfully (authenticated ack)
2026-04-17 01:44:58.207 [INFO    ] orchestrator: silver signal delivered to bot
2026-04-17 01:59:58.218 [INFO    ] orchestrator: --- cycle start [22:59:58 UTC] ---
2026-04-17 01:59:58.225 [INFO    ] orchestrator: data quality check passed: 600 windows available
2026-04-17 01:59:58.225 [INFO    ] orchestrator: starting engine: C:\Users\operator\Desktop\PolySignalLab\PolySignalEngine\build\Release\PolySignalEngine.exe C:\Users\operator\Desktop\PolySignalLab\PolyDataCollector\data --output-dir C:\Users\operator\Desktop\PolySignalLab\engine_output
2026-04-17 02:00:03.789 [INFO    ] orchestrator: engine: ==========================================================
2026-04-17 02:00:03.789 [INFO    ] orchestrator: engine:   SUMMARY
2026-04-17 02:00:03.789 [INFO    ] orchestrator: engine: ==========================================================
2026-04-17 02:00:03.790 [INFO    ] orchestrator: engine:   Total windows:         600 (291 UP, 309 DOWN)
2026-04-17 02:00:03.790 [INFO    ] orchestrator: engine:   Walk-forward folds:    8 (6 test iterations)
2026-04-17 02:00:03.790 [INFO    ] orchestrator: engine:   OOS base rate:         50.0% UP (450 test windows total)
2026-04-17 02:00:03.791 [INFO    ] orchestrator: engine:   Configs swept:         150480
2026-04-17 02:00:03.791 [INFO    ] orchestrator: engine:   Viable WF-OOS signals: 71
2026-04-17 02:00:03.791 [INFO    ] orchestrator: engine:   Compute time:          4.27s
2026-04-17 02:00:03.792 [INFO    ] orchestrator: engine: ==========================================================
2026-04-17 02:00:03.792 [INFO    ] orchestrator: engine produced: signals_summary_1776380403.json
2026-04-17 02:00:03.793 [INFO    ] orchestrator: cleaned up old summary: signals_summary_1776371345.json
2026-04-17 02:00:03.794 [INFO    ] orchestrator: ranked 20 signals — top candidates:
2026-04-17 02:00:03.794 [INFO    ] orchestrator:   #1 DOWN  score=  7.62  SILVER  folds=5/6  WR=100.0%  consWR=97.0%  entry=$0.89  ev=$0.0800
2026-04-17 02:00:03.795 [INFO    ] orchestrator:   #2 UP    score=  6.17  BRONZE  folds=4/6  WR=96.3%  consWR=93.3%  entry=$0.86  ev=$0.0759
2026-04-17 02:00:03.795 [INFO    ] orchestrator:   #3 UP    score=  5.92  BRONZE  folds=4/6  WR=100.0%  consWR=97.0%  entry=$0.89  ev=$0.0777
2026-04-17 02:00:03.795 [INFO    ] orchestrator:   #4 UP    score=  5.85  BRONZE  folds=3/6  WR=100.0%  consWR=97.0%  entry=$0.87  ev=$0.1024
2026-04-17 02:00:03.796 [INFO    ] orchestrator:   #5 UP    score=  5.78  BRONZE  folds=3/6  WR=100.0%  consWR=97.0%  entry=$0.88  ev=$0.0867
2026-04-17 02:00:03.977 [INFO    ] orchestrator: identity dedupe: pulled 6 paper fire(s) from bot
2026-04-17 02:00:03.978 [INFO    ] orchestrator: DELIVERING SILVER signal: #1 Down [240s->210s] d>=0.12% v<=0.05%
2026-04-17 02:00:03.978 [INFO    ] orchestrator:   score=7.62  WR=100.0%  consWR=97.0%  entry=$0.89  ev=$0.0800  folds=[3, 4, 5, 6, 7]
2026-04-17 02:00:04.145 [INFO    ] shared.ipc: IPC: signal delivered successfully (authenticated ack)
2026-04-17 02:00:04.145 [INFO    ] orchestrator: silver signal delivered to bot
2026-04-17 02:15:04.152 [INFO    ] orchestrator: --- cycle start [23:15:04 UTC] ---
2026-04-17 02:15:04.160 [INFO    ] orchestrator: data quality check passed: 600 windows available
2026-04-17 02:15:04.161 [INFO    ] orchestrator: starting engine: C:\Users\operator\Desktop\PolySignalLab\PolySignalEngine\build\Release\PolySignalEngine.exe C:\Users\operator\Desktop\PolySignalLab\PolyDataCollector\data --output-dir C:\Users\operator\Desktop\PolySignalLab\engine_output
2026-04-17 02:15:09.670 [INFO    ] orchestrator: engine: ==========================================================
2026-04-17 02:15:09.670 [INFO    ] orchestrator: engine:   SUMMARY
2026-04-17 02:15:09.671 [INFO    ] orchestrator: engine: ==========================================================
2026-04-17 02:15:09.671 [INFO    ] orchestrator: engine:   Total windows:         600 (293 UP, 307 DOWN)
2026-04-17 02:15:09.671 [INFO    ] orchestrator: engine:   Walk-forward folds:    8 (6 test iterations)
2026-04-17 02:15:09.672 [INFO    ] orchestrator: engine:   OOS base rate:         50.2% UP (450 test windows total)
2026-04-17 02:15:09.673 [INFO    ] orchestrator: engine:   Configs swept:         150480
2026-04-17 02:15:09.673 [INFO    ] orchestrator: engine:   Viable WF-OOS signals: 67
2026-04-17 02:15:09.673 [INFO    ] orchestrator: engine:   Compute time:          4.23s
2026-04-17 02:15:09.673 [INFO    ] orchestrator: engine: ==========================================================
2026-04-17 02:15:09.674 [INFO    ] orchestrator: engine produced: signals_summary_1776381309.json
2026-04-17 02:15:09.675 [INFO    ] orchestrator: cleaned up old summary: signals_summary_1776372251.json
2026-04-17 02:15:09.675 [INFO    ] orchestrator: ranked 20 signals — top candidates:
2026-04-17 02:15:09.676 [INFO    ] orchestrator:   #1 DOWN  score=  7.62  SILVER  folds=5/6  WR=100.0%  consWR=97.0%  entry=$0.89  ev=$0.0800
2026-04-17 02:15:09.676 [INFO    ] orchestrator:   #2 UP    score=  6.35  SILVER  folds=5/6  WR=96.9%  consWR=93.9%  entry=$0.87  ev=$0.0703
2026-04-17 02:15:09.676 [INFO    ] orchestrator:   #3 UP    score=  5.92  BRONZE  folds=4/6  WR=100.0%  consWR=97.0%  entry=$0.89  ev=$0.0777
2026-04-17 02:15:09.677 [INFO    ] orchestrator:   #4 UP    score=  5.85  BRONZE  folds=3/6  WR=100.0%  consWR=97.0%  entry=$0.87  ev=$0.1024
2026-04-17 02:15:09.677 [INFO    ] orchestrator:   #5 DOWN  score=  4.11  SILVER  folds=5/6  WR=90.0%  consWR=87.0%  entry=$0.82  ev=$0.0538
2026-04-17 02:15:09.840 [INFO    ] orchestrator: identity dedupe: pulled 6 paper fire(s) from bot
2026-04-17 02:15:09.840 [INFO    ] orchestrator: DELIVERING SILVER signal: #1 Down [240s->210s] d>=0.12% v<=0.05%
2026-04-17 02:15:09.841 [INFO    ] orchestrator:   score=7.62  WR=100.0%  consWR=97.0%  entry=$0.89  ev=$0.0800  folds=[3, 4, 5, 6, 7]
2026-04-17 02:15:10.002 [INFO    ] shared.ipc: IPC: signal delivered successfully (authenticated ack)
2026-04-17 02:15:10.002 [INFO    ] orchestrator: silver signal delivered to bot
2026-04-17 02:30:10.011 [INFO    ] orchestrator: --- cycle start [23:30:10 UTC] ---
2026-04-17 02:30:10.022 [INFO    ] orchestrator: data quality check passed: 600 windows available
2026-04-17 02:30:10.023 [INFO    ] orchestrator: starting engine: C:\Users\operator\Desktop\PolySignalLab\PolySignalEngine\build\Release\PolySignalEngine.exe C:\Users\operator\Desktop\PolySignalLab\PolyDataCollector\data --output-dir C:\Users\operator\Desktop\PolySignalLab\engine_output
2026-04-17 02:30:15.613 [INFO    ] orchestrator: engine: ==========================================================
2026-04-17 02:30:15.614 [INFO    ] orchestrator: engine:   SUMMARY
2026-04-17 02:30:15.614 [INFO    ] orchestrator: engine: ==========================================================
2026-04-17 02:30:15.614 [INFO    ] orchestrator: engine:   Total windows:         600 (293 UP, 307 DOWN)
2026-04-17 02:30:15.615 [INFO    ] orchestrator: engine:   Walk-forward folds:    8 (6 test iterations)
2026-04-17 02:30:15.615 [INFO    ] orchestrator: engine:   OOS base rate:         50.4% UP (450 test windows total)
2026-04-17 02:30:15.616 [INFO    ] orchestrator: engine:   Configs swept:         150480
2026-04-17 02:30:15.616 [INFO    ] orchestrator: engine:   Viable WF-OOS signals: 76
2026-04-17 02:30:15.616 [INFO    ] orchestrator: engine:   Compute time:          4.28s
2026-04-17 02:30:15.617 [INFO    ] orchestrator: engine: ==========================================================
2026-04-17 02:30:15.618 [INFO    ] orchestrator: engine produced: signals_summary_1776382215.json
2026-04-17 02:30:15.618 [INFO    ] orchestrator: cleaned up old summary: signals_summary_1776373156.json
2026-04-17 02:30:15.619 [INFO    ] orchestrator: ranked 20 signals — top candidates:
2026-04-17 02:30:15.620 [INFO    ] orchestrator:   #1 DOWN  score=  7.62  SILVER  folds=5/6  WR=100.0%  consWR=97.0%  entry=$0.89  ev=$0.0800
2026-04-17 02:30:15.620 [INFO    ] orchestrator:   #2 UP    score=  6.35  SILVER  folds=5/6  WR=96.9%  consWR=93.9%  entry=$0.87  ev=$0.0703
2026-04-17 02:30:15.621 [INFO    ] orchestrator:   #3 UP    score=  5.97  BRONZE  folds=3/6  WR=100.0%  consWR=97.0%  entry=$0.88  ev=$0.0896
2026-04-17 02:30:15.621 [INFO    ] orchestrator:   #4 UP    score=  5.92  BRONZE  folds=3/6  WR=100.0%  consWR=97.0%  entry=$0.87  ev=$0.1037
2026-04-17 02:30:15.621 [INFO    ] orchestrator:   #5 DOWN  score=  4.91  BRONZE  folds=4/6  WR=100.0%  consWR=97.0%  entry=$0.90  ev=$0.0688
2026-04-17 02:30:15.782 [INFO    ] orchestrator: identity dedupe: pulled 6 paper fire(s) from bot
2026-04-17 02:30:15.782 [INFO    ] orchestrator: identity dedupe: down_240.0_210.0_0.12_0.05 has been top for 4 cycles but no paper fire history yet — no suppression
2026-04-17 02:30:15.783 [INFO    ] orchestrator: DELIVERING SILVER signal: #1 Down [240s->210s] d>=0.12% v<=0.05%
2026-04-17 02:30:15.783 [INFO    ] orchestrator:   score=7.62  WR=100.0%  consWR=97.0%  entry=$0.89  ev=$0.0800  folds=[3, 4, 5, 6, 7]
2026-04-17 02:30:15.944 [INFO    ] shared.ipc: IPC: signal delivered successfully (authenticated ack)
2026-04-17 02:30:15.944 [INFO    ] orchestrator: silver signal delivered to bot
2026-04-17 02:45:15.959 [INFO    ] orchestrator: --- cycle start [23:45:15 UTC] ---
2026-04-17 02:45:15.966 [INFO    ] orchestrator: data quality check passed: 600 windows available
2026-04-17 02:45:15.967 [INFO    ] orchestrator: starting engine: C:\Users\operator\Desktop\PolySignalLab\PolySignalEngine\build\Release\PolySignalEngine.exe C:\Users\operator\Desktop\PolySignalLab\PolyDataCollector\data --output-dir C:\Users\operator\Desktop\PolySignalLab\engine_output
2026-04-17 02:45:21.519 [INFO    ] orchestrator: engine: ==========================================================
2026-04-17 02:45:21.520 [INFO    ] orchestrator: engine:   SUMMARY
2026-04-17 02:45:21.520 [INFO    ] orchestrator: engine: ==========================================================
2026-04-17 02:45:21.521 [INFO    ] orchestrator: engine:   Total windows:         600 (294 UP, 306 DOWN)
2026-04-17 02:45:21.521 [INFO    ] orchestrator: engine:   Walk-forward folds:    8 (6 test iterations)
2026-04-17 02:45:21.521 [INFO    ] orchestrator: engine:   OOS base rate:         50.4% UP (450 test windows total)
2026-04-17 02:45:21.522 [INFO    ] orchestrator: engine:   Configs swept:         150480
2026-04-17 02:45:21.522 [INFO    ] orchestrator: engine:   Viable WF-OOS signals: 77
2026-04-17 02:45:21.522 [INFO    ] orchestrator: engine:   Compute time:          4.26s
2026-04-17 02:45:21.523 [INFO    ] orchestrator: engine: ==========================================================
2026-04-17 02:45:21.524 [INFO    ] orchestrator: engine produced: signals_summary_1776383121.json
2026-04-17 02:45:21.524 [INFO    ] orchestrator: cleaned up old summary: signals_summary_1776374062.json
2026-04-17 02:45:21.525 [INFO    ] orchestrator: ranked 20 signals — top candidates:
2026-04-17 02:45:21.526 [INFO    ] orchestrator:   #1 DOWN  score=  7.62  SILVER  folds=5/6  WR=100.0%  consWR=97.0%  entry=$0.89  ev=$0.0800
2026-04-17 02:45:21.526 [INFO    ] orchestrator:   #2 UP    score=  6.35  SILVER  folds=5/6  WR=96.9%  consWR=93.9%  entry=$0.87  ev=$0.0703
2026-04-17 02:45:21.526 [INFO    ] orchestrator:   #3 UP    score=  6.11  BRONZE  folds=3/6  WR=100.0%  consWR=97.0%  entry=$0.86  ev=$0.1069
2026-04-17 02:45:21.527 [INFO    ] orchestrator:   #4 DOWN  score=  4.72  SILVER  folds=5/6  WR=85.7%  consWR=82.7%  entry=$0.77  ev=$0.0607
2026-04-17 02:45:21.527 [INFO    ] orchestrator:   #5 DOWN  score=  4.71  SILVER  folds=5/6  WR=89.5%  consWR=86.5%  entry=$0.81  ev=$0.0558
2026-04-17 02:45:21.688 [INFO    ] orchestrator: identity dedupe: pulled 6 paper fire(s) from bot
2026-04-17 02:45:21.689 [INFO    ] orchestrator: identity dedupe: down_240.0_210.0_0.12_0.05 has been top for 4 cycles but no paper fire history yet — no suppression
2026-04-17 02:45:21.689 [INFO    ] orchestrator: DELIVERING SILVER signal: #1 Down [240s->210s] d>=0.12% v<=0.05%
2026-04-17 02:45:21.689 [INFO    ] orchestrator:   score=7.62  WR=100.0%  consWR=97.0%  entry=$0.89  ev=$0.0800  folds=[3, 4, 5, 6, 7]
2026-04-17 02:45:21.850 [INFO    ] shared.ipc: IPC: signal delivered successfully (authenticated ack)
2026-04-17 02:45:21.851 [INFO    ] orchestrator: silver signal delivered to bot
2026-04-17 03:00:21.863 [INFO    ] orchestrator: --- cycle start [00:00:21 UTC] ---
2026-04-17 03:00:21.870 [INFO    ] orchestrator: data quality check passed: 600 windows available
2026-04-17 03:00:21.871 [INFO    ] orchestrator: starting engine: C:\Users\operator\Desktop\PolySignalLab\PolySignalEngine\build\Release\PolySignalEngine.exe C:\Users\operator\Desktop\PolySignalLab\PolyDataCollector\data --output-dir C:\Users\operator\Desktop\PolySignalLab\engine_output
2026-04-17 03:00:27.486 [INFO    ] orchestrator: engine: ==========================================================
2026-04-17 03:00:27.486 [INFO    ] orchestrator: engine:   SUMMARY
2026-04-17 03:00:27.487 [INFO    ] orchestrator: engine: ==========================================================
2026-04-17 03:00:27.487 [INFO    ] orchestrator: engine:   Total windows:         600 (293 UP, 307 DOWN)
2026-04-17 03:00:27.487 [INFO    ] orchestrator: engine:   Walk-forward folds:    8 (6 test iterations)
2026-04-17 03:00:27.488 [INFO    ] orchestrator: engine:   OOS base rate:         49.8% UP (450 test windows total)
2026-04-17 03:00:27.488 [INFO    ] orchestrator: engine:   Configs swept:         150480
2026-04-17 03:00:27.489 [INFO    ] orchestrator: engine:   Viable WF-OOS signals: 76
2026-04-17 03:00:27.489 [INFO    ] orchestrator: engine:   Compute time:          4.28s
2026-04-17 03:00:27.489 [INFO    ] orchestrator: engine: ==========================================================
2026-04-17 03:00:27.490 [INFO    ] orchestrator: engine produced: signals_summary_1776384027.json
2026-04-17 03:00:27.491 [INFO    ] orchestrator: cleaned up old summary: signals_summary_1776374968.json
2026-04-17 03:00:27.492 [INFO    ] orchestrator: ranked 20 signals — top candidates:
2026-04-17 03:00:27.492 [INFO    ] orchestrator:   #1 UP    score=  6.35  SILVER  folds=5/6  WR=96.9%  consWR=93.9%  entry=$0.87  ev=$0.0703
2026-04-17 03:00:27.492 [INFO    ] orchestrator:   #2 UP    score=  5.96  BRONZE  folds=4/6  WR=97.5%  consWR=94.5%  entry=$0.87  ev=$0.0733
2026-04-17 03:00:27.493 [INFO    ] orchestrator:   #3 DOWN  score=  4.75  SILVER  folds=5/6  WR=89.5%  consWR=86.5%  entry=$0.81  ev=$0.0558
2026-04-17 03:00:27.493 [INFO    ] orchestrator:   #4 DOWN  score=  4.72  SILVER  folds=5/6  WR=85.7%  consWR=82.7%  entry=$0.77  ev=$0.0607
2026-04-17 03:00:27.493 [INFO    ] orchestrator:   #5 DOWN  score=  4.26  BRONZE  folds=3/6  WR=94.6%  consWR=91.6%  entry=$0.83  ev=$0.0816
2026-04-17 03:00:27.652 [INFO    ] orchestrator: identity dedupe: pulled 6 paper fire(s) from bot
2026-04-17 03:00:27.653 [INFO    ] orchestrator: DELIVERING SILVER signal: #1 Up [230s->200s] d>=0.08% v<=0.1%
2026-04-17 03:00:27.653 [INFO    ] orchestrator:   score=6.35  WR=96.9%  consWR=93.9%  entry=$0.87  ev=$0.0703  folds=[3, 4, 5, 6, 7]
2026-04-17 03:00:27.812 [INFO    ] shared.ipc: IPC: signal delivered successfully (authenticated ack)
2026-04-17 03:00:27.813 [INFO    ] orchestrator: silver signal delivered to bot
2026-04-17 03:15:27.818 [INFO    ] orchestrator: --- cycle start [00:15:27 UTC] ---
2026-04-17 03:15:27.825 [INFO    ] orchestrator: data quality check passed: 600 windows available
2026-04-17 03:15:27.826 [INFO    ] orchestrator: starting engine: C:\Users\operator\Desktop\PolySignalLab\PolySignalEngine\build\Release\PolySignalEngine.exe C:\Users\operator\Desktop\PolySignalLab\PolyDataCollector\data --output-dir C:\Users\operator\Desktop\PolySignalLab\engine_output
2026-04-17 03:15:33.515 [INFO    ] orchestrator: engine: ==========================================================
2026-04-17 03:15:33.515 [INFO    ] orchestrator: engine:   SUMMARY
2026-04-17 03:15:33.516 [INFO    ] orchestrator: engine: ==========================================================
2026-04-17 03:15:33.516 [INFO    ] orchestrator: engine:   Total windows:         600 (294 UP, 306 DOWN)
2026-04-17 03:15:33.517 [INFO    ] orchestrator: engine:   Walk-forward folds:    8 (6 test iterations)
2026-04-17 03:15:33.517 [INFO    ] orchestrator: engine:   OOS base rate:         49.8% UP (450 test windows total)
2026-04-17 03:15:33.518 [INFO    ] orchestrator: engine:   Configs swept:         150480
2026-04-17 03:15:33.518 [INFO    ] orchestrator: engine:   Viable WF-OOS signals: 89
2026-04-17 03:15:33.518 [INFO    ] orchestrator: engine:   Compute time:          4.38s
2026-04-17 03:15:33.519 [INFO    ] orchestrator: engine: ==========================================================
2026-04-17 03:15:33.520 [INFO    ] orchestrator: engine produced: signals_summary_1776384933.json
2026-04-17 03:15:33.521 [INFO    ] orchestrator: cleaned up old summary: signals_summary_1776375874.json
2026-04-17 03:15:33.522 [INFO    ] orchestrator: ranked 20 signals — top candidates:
2026-04-17 03:15:33.522 [INFO    ] orchestrator:   #1 UP    score=  6.38  SILVER  folds=5/6  WR=96.9%  consWR=93.9%  entry=$0.87  ev=$0.0703
2026-04-17 03:15:33.522 [INFO    ] orchestrator:   #2 DOWN  score=  5.09  SILVER  folds=5/6  WR=89.7%  consWR=86.7%  entry=$0.81  ev=$0.0597
2026-04-17 03:15:33.522 [INFO    ] orchestrator:   #3 UP    score=  4.36  BRONZE  folds=3/6  WR=96.9%  consWR=93.9%  entry=$0.86  ev=$0.0791
2026-04-17 03:15:33.523 [INFO    ] orchestrator:   #4 DOWN  score=  4.12  BRONZE  folds=4/6  WR=100.0%  consWR=97.0%  entry=$0.92  ev=$0.0541
2026-04-17 03:15:33.523 [INFO    ] orchestrator:   #5 DOWN  score=  3.60  BRONZE  folds=4/6  WR=96.0%  consWR=93.0%  entry=$0.87  ev=$0.0572
2026-04-17 03:15:33.690 [INFO    ] orchestrator: identity dedupe: pulled 6 paper fire(s) from bot
2026-04-17 03:15:33.691 [INFO    ] orchestrator: DELIVERING SILVER signal: #1 Up [230s->200s] d>=0.08% v<=0.1%
2026-04-17 03:15:33.691 [INFO    ] orchestrator:   score=6.38  WR=96.9%  consWR=93.9%  entry=$0.87  ev=$0.0703  folds=[3, 4, 5, 6, 7]
2026-04-17 03:15:33.856 [INFO    ] shared.ipc: IPC: signal delivered successfully (authenticated ack)
2026-04-17 03:15:33.857 [INFO    ] orchestrator: silver signal delivered to bot
2026-04-17 03:30:33.866 [INFO    ] orchestrator: --- cycle start [00:30:33 UTC] ---
2026-04-17 03:30:33.873 [INFO    ] orchestrator: data quality check passed: 600 windows available
2026-04-17 03:30:33.874 [INFO    ] orchestrator: starting engine: C:\Users\operator\Desktop\PolySignalLab\PolySignalEngine\build\Release\PolySignalEngine.exe C:\Users\operator\Desktop\PolySignalLab\PolyDataCollector\data --output-dir C:\Users\operator\Desktop\PolySignalLab\engine_output
2026-04-17 03:30:39.521 [INFO    ] orchestrator: engine: ==========================================================
2026-04-17 03:30:39.522 [INFO    ] orchestrator: engine:   SUMMARY
2026-04-17 03:30:39.522 [INFO    ] orchestrator: engine: ==========================================================
2026-04-17 03:30:39.522 [INFO    ] orchestrator: engine:   Total windows:         600 (293 UP, 307 DOWN)
2026-04-17 03:30:39.523 [INFO    ] orchestrator: engine:   Walk-forward folds:    8 (6 test iterations)
2026-04-17 03:30:39.523 [INFO    ] orchestrator: engine:   OOS base rate:         50.0% UP (450 test windows total)
2026-04-17 03:30:39.524 [INFO    ] orchestrator: engine:   Configs swept:         150480
2026-04-17 03:30:39.524 [INFO    ] orchestrator: engine:   Viable WF-OOS signals: 87
2026-04-17 03:30:39.524 [INFO    ] orchestrator: engine:   Compute time:          4.36s
2026-04-17 03:30:39.525 [INFO    ] orchestrator: engine: ==========================================================
2026-04-17 03:30:39.526 [INFO    ] orchestrator: engine produced: signals_summary_1776385839.json
2026-04-17 03:30:39.527 [INFO    ] orchestrator: cleaned up old summary: signals_summary_1776376780.json
2026-04-17 03:30:39.528 [INFO    ] orchestrator: ranked 20 signals — top candidates:
2026-04-17 03:30:39.528 [INFO    ] orchestrator:   #1 UP    score=  6.38  SILVER  folds=5/6  WR=96.9%  consWR=93.9%  entry=$0.87  ev=$0.0703
2026-04-17 03:30:39.528 [INFO    ] orchestrator:   #2 DOWN  score=  5.13  SILVER  folds=5/6  WR=89.7%  consWR=86.7%  entry=$0.81  ev=$0.0597
2026-04-17 03:30:39.528 [INFO    ] orchestrator:   #3 DOWN  score=  5.00  SILVER  folds=5/6  WR=85.7%  consWR=82.7%  entry=$0.77  ev=$0.0621
2026-04-17 03:30:39.529 [INFO    ] orchestrator:   #4 DOWN  score=  4.68  SILVER  folds=5/6  WR=100.0%  consWR=97.0%  entry=$0.92  ev=$0.0491
2026-04-17 03:30:39.529 [INFO    ] orchestrator:   #5 UP    score=  4.28  SILVER  folds=5/6  WR=97.1%  consWR=94.1%  entry=$0.89  ev=$0.0471
2026-04-17 03:30:39.696 [INFO    ] orchestrator: identity dedupe: pulled 6 paper fire(s) from bot
2026-04-17 03:30:39.696 [INFO    ] orchestrator: DELIVERING SILVER signal: #1 Up [230s->200s] d>=0.08% v<=0.1%
2026-04-17 03:30:39.697 [INFO    ] orchestrator:   score=6.38  WR=96.9%  consWR=93.9%  entry=$0.87  ev=$0.0703  folds=[3, 4, 5, 6, 7]
2026-04-17 03:30:39.864 [INFO    ] shared.ipc: IPC: signal delivered successfully (authenticated ack)
2026-04-17 03:30:39.864 [INFO    ] orchestrator: silver signal delivered to bot
2026-04-17 03:45:39.879 [INFO    ] orchestrator: --- cycle start [00:45:39 UTC] ---
2026-04-17 03:45:39.886 [INFO    ] orchestrator: data quality check passed: 600 windows available
2026-04-17 03:45:39.887 [INFO    ] orchestrator: starting engine: C:\Users\operator\Desktop\PolySignalLab\PolySignalEngine\build\Release\PolySignalEngine.exe C:\Users\operator\Desktop\PolySignalLab\PolyDataCollector\data --output-dir C:\Users\operator\Desktop\PolySignalLab\engine_output
2026-04-17 03:45:45.542 [INFO    ] orchestrator: engine: ==========================================================
2026-04-17 03:45:45.543 [INFO    ] orchestrator: engine:   SUMMARY
2026-04-17 03:45:45.543 [INFO    ] orchestrator: engine: ==========================================================
2026-04-17 03:45:45.544 [INFO    ] orchestrator: engine:   Total windows:         600 (294 UP, 306 DOWN)
2026-04-17 03:45:45.544 [INFO    ] orchestrator: engine:   Walk-forward folds:    8 (6 test iterations)
2026-04-17 03:45:45.545 [INFO    ] orchestrator: engine:   OOS base rate:         49.8% UP (450 test windows total)
2026-04-17 03:45:45.545 [INFO    ] orchestrator: engine:   Configs swept:         150480
2026-04-17 03:45:45.545 [INFO    ] orchestrator: engine:   Viable WF-OOS signals: 88
2026-04-17 03:45:45.546 [INFO    ] orchestrator: engine:   Compute time:          4.37s
2026-04-17 03:45:45.546 [INFO    ] orchestrator: engine: ==========================================================
2026-04-17 03:45:45.547 [INFO    ] orchestrator: engine produced: signals_summary_1776386745.json
2026-04-17 03:45:45.548 [INFO    ] orchestrator: cleaned up old summary: signals_summary_1776377686.json
2026-04-17 03:45:45.548 [INFO    ] orchestrator: ranked 20 signals — top candidates:
2026-04-17 03:45:45.549 [INFO    ] orchestrator:   #1 UP    score=  6.52  SILVER  folds=5/6  WR=96.9%  consWR=93.9%  entry=$0.87  ev=$0.0713
2026-04-17 03:45:45.549 [INFO    ] orchestrator:   #2 DOWN  score=  5.09  SILVER  folds=5/6  WR=89.7%  consWR=86.7%  entry=$0.81  ev=$0.0597
2026-04-17 03:45:45.549 [INFO    ] orchestrator:   #3 DOWN  score=  3.62  BRONZE  folds=3/6  WR=100.0%  consWR=97.0%  entry=$0.92  ev=$0.0507
2026-04-17 03:45:45.550 [INFO    ] orchestrator:   #4 DOWN  score=  3.54  SILVER  folds=5/6  WR=100.0%  consWR=97.0%  entry=$0.93  ev=$0.0371
2026-04-17 03:45:45.551 [INFO    ] orchestrator:   #5 UP    score=  3.49  BRONZE  folds=3/6  WR=100.0%  consWR=97.0%  entry=$0.90  ev=$0.0732
2026-04-17 03:45:45.719 [INFO    ] orchestrator: identity dedupe: pulled 7 paper fire(s) from bot
2026-04-17 03:45:45.719 [INFO    ] orchestrator: identity dedupe: up_230.0_200.0_0.08_0.1 stale for 4 cycles but paper WR=100.0% (n=1) >= floor 70% — letting it fire
2026-04-17 03:45:45.720 [INFO    ] orchestrator: DELIVERING SILVER signal: #1 Up [230s->200s] d>=0.08% v<=0.1%
2026-04-17 03:45:45.720 [INFO    ] orchestrator:   score=6.52  WR=96.9%  consWR=93.9%  entry=$0.87  ev=$0.0713  folds=[3, 4, 5, 6, 7]
2026-04-17 03:45:45.887 [INFO    ] shared.ipc: IPC: signal delivered successfully (authenticated ack)
2026-04-17 03:45:45.887 [INFO    ] orchestrator: silver signal delivered to bot
2026-04-17 04:00:45.899 [INFO    ] orchestrator: --- cycle start [01:00:45 UTC] ---
2026-04-17 04:00:45.906 [INFO    ] orchestrator: data quality check passed: 600 windows available
2026-04-17 04:00:45.907 [INFO    ] orchestrator: starting engine: C:\Users\operator\Desktop\PolySignalLab\PolySignalEngine\build\Release\PolySignalEngine.exe C:\Users\operator\Desktop\PolySignalLab\PolyDataCollector\data --output-dir C:\Users\operator\Desktop\PolySignalLab\engine_output
2026-04-17 04:00:51.596 [INFO    ] orchestrator: engine: ==========================================================
2026-04-17 04:00:51.597 [INFO    ] orchestrator: engine:   SUMMARY
2026-04-17 04:00:51.597 [INFO    ] orchestrator: engine: ==========================================================
2026-04-17 04:00:51.597 [INFO    ] orchestrator: engine:   Total windows:         600 (294 UP, 306 DOWN)
2026-04-17 04:00:51.598 [INFO    ] orchestrator: engine:   Walk-forward folds:    8 (6 test iterations)
2026-04-17 04:00:51.598 [INFO    ] orchestrator: engine:   OOS base rate:         49.8% UP (450 test windows total)
2026-04-17 04:00:51.598 [INFO    ] orchestrator: engine:   Configs swept:         150480
2026-04-17 04:00:51.599 [INFO    ] orchestrator: engine:   Viable WF-OOS signals: 76
2026-04-17 04:00:51.599 [INFO    ] orchestrator: engine:   Compute time:          4.39s
2026-04-17 04:00:51.600 [INFO    ] orchestrator: engine: ==========================================================
2026-04-17 04:00:51.601 [INFO    ] orchestrator: engine produced: signals_summary_1776387651.json
2026-04-17 04:00:51.602 [INFO    ] orchestrator: cleaned up old summary: signals_summary_1776378591.json
2026-04-17 04:00:51.603 [INFO    ] orchestrator: ranked 20 signals — top candidates:
2026-04-17 04:00:51.603 [INFO    ] orchestrator:   #1 UP    score=  6.47  SILVER  folds=5/6  WR=96.9%  consWR=93.9%  entry=$0.87  ev=$0.0713
2026-04-17 04:00:51.603 [INFO    ] orchestrator:   #2 UP    score=  6.12  BRONZE  folds=3/6  WR=96.3%  consWR=93.3%  entry=$0.84  ev=$0.0885
2026-04-17 04:00:51.603 [INFO    ] orchestrator:   #3 UP    score=  5.90  BRONZE  folds=3/6  WR=100.0%  consWR=97.0%  entry=$0.87  ev=$0.0954
2026-04-17 04:00:51.604 [INFO    ] orchestrator:   #4 UP    score=  5.03  BRONZE  folds=4/6  WR=100.0%  consWR=97.0%  entry=$0.89  ev=$0.0754
2026-04-17 04:00:51.604 [INFO    ] orchestrator:   #5 DOWN  score=  5.00  SILVER  folds=5/6  WR=85.7%  consWR=82.7%  entry=$0.77  ev=$0.0621
2026-04-17 04:00:51.764 [INFO    ] orchestrator: identity dedupe: pulled 7 paper fire(s) from bot
2026-04-17 04:00:51.765 [INFO    ] orchestrator: identity dedupe: up_230.0_200.0_0.08_0.1 stale for 4 cycles but paper WR=100.0% (n=1) >= floor 70% — letting it fire
2026-04-17 04:00:51.765 [INFO    ] orchestrator: DELIVERING SILVER signal: #1 Up [230s->200s] d>=0.08% v<=0.1%
2026-04-17 04:00:51.766 [INFO    ] orchestrator:   score=6.47  WR=96.9%  consWR=93.9%  entry=$0.87  ev=$0.0713  folds=[3, 4, 5, 6, 7]
2026-04-17 04:00:51.924 [INFO    ] shared.ipc: IPC: signal delivered successfully (authenticated ack)
2026-04-17 04:00:51.925 [INFO    ] orchestrator: silver signal delivered to bot
2026-04-17 04:15:51.933 [INFO    ] orchestrator: --- cycle start [01:15:51 UTC] ---
2026-04-17 04:15:51.941 [INFO    ] orchestrator: data quality check passed: 600 windows available
2026-04-17 04:15:51.942 [INFO    ] orchestrator: starting engine: C:\Users\operator\Desktop\PolySignalLab\PolySignalEngine\build\Release\PolySignalEngine.exe C:\Users\operator\Desktop\PolySignalLab\PolyDataCollector\data --output-dir C:\Users\operator\Desktop\PolySignalLab\engine_output
2026-04-17 04:15:57.608 [INFO    ] orchestrator: engine: ==========================================================
2026-04-17 04:15:57.609 [INFO    ] orchestrator: engine:   SUMMARY
2026-04-17 04:15:57.609 [INFO    ] orchestrator: engine: ==========================================================
2026-04-17 04:15:57.610 [INFO    ] orchestrator: engine:   Total windows:         600 (294 UP, 306 DOWN)
2026-04-17 04:15:57.610 [INFO    ] orchestrator: engine:   Walk-forward folds:    8 (6 test iterations)
2026-04-17 04:15:57.610 [INFO    ] orchestrator: engine:   OOS base rate:         49.6% UP (450 test windows total)
2026-04-17 04:15:57.611 [INFO    ] orchestrator: engine:   Configs swept:         150480
2026-04-17 04:15:57.611 [INFO    ] orchestrator: engine:   Viable WF-OOS signals: 71
2026-04-17 04:15:57.611 [INFO    ] orchestrator: engine:   Compute time:          4.41s
2026-04-17 04:15:57.611 [INFO    ] orchestrator: engine: ==========================================================
2026-04-17 04:15:57.612 [INFO    ] orchestrator: engine produced: signals_summary_1776388557.json
2026-04-17 04:15:57.613 [INFO    ] orchestrator: cleaned up old summary: signals_summary_1776379497.json
2026-04-17 04:15:57.615 [INFO    ] orchestrator: ranked 20 signals — top candidates:
2026-04-17 04:15:57.615 [INFO    ] orchestrator:   #1 UP    score=  6.47  SILVER  folds=5/6  WR=96.9%  consWR=93.9%  entry=$0.87  ev=$0.0713
2026-04-17 04:15:57.615 [INFO    ] orchestrator:   #2 UP    score=  6.21  BRONZE  folds=4/6  WR=97.4%  consWR=94.4%  entry=$0.87  ev=$0.0749
2026-04-17 04:15:57.616 [INFO    ] orchestrator:   #3 UP    score=  5.80  BRONZE  folds=3/6  WR=100.0%  consWR=97.0%  entry=$0.88  ev=$0.0937
2026-04-17 04:15:57.616 [INFO    ] orchestrator:   #4 UP    score=  5.03  BRONZE  folds=4/6  WR=100.0%  consWR=97.0%  entry=$0.89  ev=$0.0754
2026-04-17 04:15:57.616 [INFO    ] orchestrator:   #5 DOWN  score=  5.00  SILVER  folds=5/6  WR=85.7%  consWR=82.7%  entry=$0.77  ev=$0.0621
2026-04-17 04:15:57.777 [INFO    ] orchestrator: identity dedupe: pulled 7 paper fire(s) from bot
2026-04-17 04:15:57.777 [INFO    ] orchestrator: identity dedupe: up_230.0_200.0_0.08_0.1 stale for 4 cycles but paper WR=100.0% (n=1) >= floor 70% — letting it fire
2026-04-17 04:15:57.778 [INFO    ] orchestrator: DELIVERING SILVER signal: #1 Up [230s->200s] d>=0.08% v<=0.1%
2026-04-17 04:15:57.779 [INFO    ] orchestrator:   score=6.47  WR=96.9%  consWR=93.9%  entry=$0.87  ev=$0.0713  folds=[3, 4, 5, 6, 7]
2026-04-17 04:15:57.940 [INFO    ] shared.ipc: IPC: signal delivered successfully (authenticated ack)
2026-04-17 04:15:57.940 [INFO    ] orchestrator: silver signal delivered to bot
2026-04-17 04:30:57.944 [INFO    ] orchestrator: --- cycle start [01:30:57 UTC] ---
2026-04-17 04:30:57.952 [INFO    ] orchestrator: data quality check passed: 600 windows available
2026-04-17 04:30:57.952 [INFO    ] orchestrator: starting engine: C:\Users\operator\Desktop\PolySignalLab\PolySignalEngine\build\Release\PolySignalEngine.exe C:\Users\operator\Desktop\PolySignalLab\PolyDataCollector\data --output-dir C:\Users\operator\Desktop\PolySignalLab\engine_output
2026-04-17 04:31:03.783 [INFO    ] orchestrator: engine: ==========================================================
2026-04-17 04:31:03.784 [INFO    ] orchestrator: engine:   SUMMARY
2026-04-17 04:31:03.784 [INFO    ] orchestrator: engine: ==========================================================
2026-04-17 04:31:03.785 [INFO    ] orchestrator: engine:   Total windows:         600 (293 UP, 307 DOWN)
2026-04-17 04:31:03.785 [INFO    ] orchestrator: engine:   Walk-forward folds:    8 (6 test iterations)
2026-04-17 04:31:03.786 [INFO    ] orchestrator: engine:   OOS base rate:         49.3% UP (450 test windows total)
2026-04-17 04:31:03.786 [INFO    ] orchestrator: engine:   Configs swept:         150480
2026-04-17 04:31:03.786 [INFO    ] orchestrator: engine:   Viable WF-OOS signals: 77
2026-04-17 04:31:03.787 [INFO    ] orchestrator: engine:   Compute time:          4.53s
2026-04-17 04:31:03.787 [INFO    ] orchestrator: engine: ==========================================================
2026-04-17 04:31:03.788 [INFO    ] orchestrator: engine produced: signals_summary_1776389463.json
2026-04-17 04:31:03.789 [INFO    ] orchestrator: cleaned up old summary: signals_summary_1776380403.json
2026-04-17 04:31:03.790 [INFO    ] orchestrator: ranked 20 signals — top candidates:
2026-04-17 04:31:03.791 [INFO    ] orchestrator:   #1 UP    score=  6.50  SILVER  folds=5/6  WR=96.9%  consWR=93.9%  entry=$0.87  ev=$0.0713
2026-04-17 04:31:03.791 [INFO    ] orchestrator:   #2 UP    score=  6.24  BRONZE  folds=4/6  WR=97.4%  consWR=94.4%  entry=$0.87  ev=$0.0749
2026-04-17 04:31:03.791 [INFO    ] orchestrator:   #3 UP    score=  5.90  BRONZE  folds=3/6  WR=100.0%  consWR=97.0%  entry=$0.87  ev=$0.0954
2026-04-17 04:31:03.792 [INFO    ] orchestrator:   #4 DOWN  score=  5.15  BRONZE  folds=2/6  WR=94.9%  consWR=91.9%  entry=$0.82  ev=$0.1010
2026-04-17 04:31:03.792 [INFO    ] orchestrator:   #5 DOWN  score=  5.00  SILVER  folds=5/6  WR=85.7%  consWR=82.7%  entry=$0.77  ev=$0.0621
2026-04-17 04:31:03.953 [INFO    ] orchestrator: identity dedupe: pulled 7 paper fire(s) from bot
2026-04-17 04:31:03.954 [INFO    ] orchestrator: identity dedupe: up_230.0_200.0_0.08_0.1 stale for 4 cycles but paper WR=100.0% (n=1) >= floor 70% — letting it fire
2026-04-17 04:31:03.954 [INFO    ] orchestrator: DELIVERING SILVER signal: #1 Up [230s->200s] d>=0.08% v<=0.1%
2026-04-17 04:31:03.955 [INFO    ] orchestrator:   score=6.50  WR=96.9%  consWR=93.9%  entry=$0.87  ev=$0.0713  folds=[3, 4, 5, 6, 7]
2026-04-17 04:31:04.113 [INFO    ] shared.ipc: IPC: signal delivered successfully (authenticated ack)
2026-04-17 04:31:04.114 [INFO    ] orchestrator: silver signal delivered to bot
2026-04-17 04:46:04.115 [INFO    ] orchestrator: --- cycle start [01:46:04 UTC] ---
2026-04-17 04:46:04.122 [INFO    ] orchestrator: data quality check passed: 600 windows available
2026-04-17 04:46:04.122 [INFO    ] orchestrator: starting engine: C:\Users\operator\Desktop\PolySignalLab\PolySignalEngine\build\Release\PolySignalEngine.exe C:\Users\operator\Desktop\PolySignalLab\PolyDataCollector\data --output-dir C:\Users\operator\Desktop\PolySignalLab\engine_output
2026-04-17 04:46:09.876 [INFO    ] orchestrator: engine: ==========================================================
2026-04-17 04:46:09.876 [INFO    ] orchestrator: engine:   SUMMARY
2026-04-17 04:46:09.877 [INFO    ] orchestrator: engine: ==========================================================
2026-04-17 04:46:09.877 [INFO    ] orchestrator: engine:   Total windows:         600 (293 UP, 307 DOWN)
2026-04-17 04:46:09.878 [INFO    ] orchestrator: engine:   Walk-forward folds:    8 (6 test iterations)
2026-04-17 04:46:09.878 [INFO    ] orchestrator: engine:   OOS base rate:         49.1% UP (450 test windows total)
2026-04-17 04:46:09.878 [INFO    ] orchestrator: engine:   Configs swept:         150480
2026-04-17 04:46:09.878 [INFO    ] orchestrator: engine:   Viable WF-OOS signals: 79
2026-04-17 04:46:09.879 [INFO    ] orchestrator: engine:   Compute time:          4.48s
2026-04-17 04:46:09.879 [INFO    ] orchestrator: engine: ==========================================================
2026-04-17 04:46:09.880 [INFO    ] orchestrator: engine produced: signals_summary_1776390369.json
2026-04-17 04:46:09.881 [INFO    ] orchestrator: cleaned up old summary: signals_summary_1776381309.json
2026-04-17 04:46:09.882 [INFO    ] orchestrator: ranked 20 signals — top candidates:
2026-04-17 04:46:09.882 [INFO    ] orchestrator:   #1 UP    score=  6.50  SILVER  folds=5/6  WR=96.9%  consWR=93.9%  entry=$0.87  ev=$0.0713
2026-04-17 04:46:09.883 [INFO    ] orchestrator:   #2 UP    score=  6.18  BRONZE  folds=4/6  WR=97.5%  consWR=94.5%  entry=$0.87  ev=$0.0743
2026-04-17 04:46:09.883 [INFO    ] orchestrator:   #3 DOWN  score=  5.00  SILVER  folds=5/6  WR=85.7%  consWR=82.7%  entry=$0.77  ev=$0.0621
2026-04-17 04:46:09.883 [INFO    ] orchestrator:   #4 DOWN  score=  4.93  SILVER  folds=5/6  WR=89.7%  consWR=86.7%  entry=$0.81  ev=$0.0597
2026-04-17 04:46:09.883 [INFO    ] orchestrator:   #5 UP    score=  4.69  BRONZE  folds=4/6  WR=100.0%  consWR=97.0%  entry=$0.90  ev=$0.0704
2026-04-17 04:46:10.044 [INFO    ] orchestrator: identity dedupe: pulled 7 paper fire(s) from bot
2026-04-17 04:46:10.045 [INFO    ] orchestrator: identity dedupe: up_230.0_200.0_0.08_0.1 stale for 4 cycles but paper WR=100.0% (n=1) >= floor 70% — letting it fire
2026-04-17 04:46:10.045 [INFO    ] orchestrator: DELIVERING SILVER signal: #1 Up [230s->200s] d>=0.08% v<=0.1%
2026-04-17 04:46:10.046 [INFO    ] orchestrator:   score=6.50  WR=96.9%  consWR=93.9%  entry=$0.87  ev=$0.0713  folds=[3, 4, 5, 6, 7]
2026-04-17 04:46:10.206 [INFO    ] shared.ipc: IPC: signal delivered successfully (authenticated ack)
2026-04-17 04:46:10.207 [INFO    ] orchestrator: silver signal delivered to bot
2026-04-17 05:01:10.210 [INFO    ] orchestrator: --- cycle start [02:01:10 UTC] ---
2026-04-17 05:01:10.217 [INFO    ] orchestrator: data quality check passed: 600 windows available
2026-04-17 05:01:10.218 [INFO    ] orchestrator: starting engine: C:\Users\operator\Desktop\PolySignalLab\PolySignalEngine\build\Release\PolySignalEngine.exe C:\Users\operator\Desktop\PolySignalLab\PolyDataCollector\data --output-dir C:\Users\operator\Desktop\PolySignalLab\engine_output
2026-04-17 05:01:15.990 [INFO    ] orchestrator: engine: ==========================================================
2026-04-17 05:01:15.991 [INFO    ] orchestrator: engine:   SUMMARY
2026-04-17 05:01:15.991 [INFO    ] orchestrator: engine: ==========================================================
2026-04-17 05:01:15.992 [INFO    ] orchestrator: engine:   Total windows:         600 (292 UP, 308 DOWN)
2026-04-17 05:01:15.992 [INFO    ] orchestrator: engine:   Walk-forward folds:    8 (6 test iterations)
2026-04-17 05:01:15.992 [INFO    ] orchestrator: engine:   OOS base rate:         48.9% UP (450 test windows total)
2026-04-17 05:01:15.993 [INFO    ] orchestrator: engine:   Configs swept:         150480
2026-04-17 05:01:15.993 [INFO    ] orchestrator: engine:   Viable WF-OOS signals: 67
2026-04-17 05:01:15.994 [INFO    ] orchestrator: engine:   Compute time:          4.46s
2026-04-17 05:01:15.994 [INFO    ] orchestrator: engine: ==========================================================
2026-04-17 05:01:15.995 [INFO    ] orchestrator: engine produced: signals_summary_1776391275.json
2026-04-17 05:01:15.996 [INFO    ] orchestrator: cleaned up old summary: signals_summary_1776382215.json
2026-04-17 05:01:15.997 [INFO    ] orchestrator: ranked 20 signals — top candidates:
2026-04-17 05:01:15.997 [INFO    ] orchestrator:   #1 UP    score=  6.50  SILVER  folds=5/6  WR=96.9%  consWR=93.9%  entry=$0.87  ev=$0.0713
2026-04-17 05:01:15.997 [INFO    ] orchestrator:   #2 UP    score=  6.38  BRONZE  folds=4/6  WR=97.4%  consWR=94.4%  entry=$0.87  ev=$0.0767
2026-04-17 05:01:15.998 [INFO    ] orchestrator:   #3 DOWN  score=  4.71  SILVER  folds=5/6  WR=85.2%  consWR=82.2%  entry=$0.76  ev=$0.0585
2026-04-17 05:01:15.998 [INFO    ] orchestrator:   #4 UP    score=  4.69  BRONZE  folds=4/6  WR=100.0%  consWR=97.0%  entry=$0.90  ev=$0.0704
2026-04-17 05:01:15.999 [INFO    ] orchestrator:   #5 DOWN  score=  4.41  SILVER  folds=5/6  WR=89.2%  consWR=86.2%  entry=$0.81  ev=$0.0535
2026-04-17 05:01:16.166 [INFO    ] orchestrator: identity dedupe: pulled 7 paper fire(s) from bot
2026-04-17 05:01:16.166 [INFO    ] orchestrator: identity dedupe: up_230.0_200.0_0.08_0.1 stale for 4 cycles but paper WR=100.0% (n=1) >= floor 70% — letting it fire
2026-04-17 05:01:16.167 [INFO    ] orchestrator: DELIVERING SILVER signal: #1 Up [230s->200s] d>=0.08% v<=0.1%
2026-04-17 05:01:16.167 [INFO    ] orchestrator:   score=6.50  WR=96.9%  consWR=93.9%  entry=$0.87  ev=$0.0713  folds=[3, 4, 5, 6, 7]
2026-04-17 05:01:16.333 [INFO    ] shared.ipc: IPC: signal delivered successfully (authenticated ack)
2026-04-17 05:01:16.334 [INFO    ] orchestrator: silver signal delivered to bot
2026-04-17 05:16:16.345 [INFO    ] orchestrator: --- cycle start [02:16:16 UTC] ---
2026-04-17 05:16:16.353 [INFO    ] orchestrator: data quality check passed: 600 windows available
2026-04-17 05:16:16.353 [INFO    ] orchestrator: starting engine: C:\Users\operator\Desktop\PolySignalLab\PolySignalEngine\build\Release\PolySignalEngine.exe C:\Users\operator\Desktop\PolySignalLab\PolyDataCollector\data --output-dir C:\Users\operator\Desktop\PolySignalLab\engine_output
2026-04-17 05:16:22.168 [INFO    ] orchestrator: engine: ==========================================================
2026-04-17 05:16:22.168 [INFO    ] orchestrator: engine:   SUMMARY
2026-04-17 05:16:22.169 [INFO    ] orchestrator: engine: ==========================================================
2026-04-17 05:16:22.169 [INFO    ] orchestrator: engine:   Total windows:         600 (293 UP, 307 DOWN)
2026-04-17 05:16:22.170 [INFO    ] orchestrator: engine:   Walk-forward folds:    8 (6 test iterations)
2026-04-17 05:16:22.170 [INFO    ] orchestrator: engine:   OOS base rate:         48.9% UP (450 test windows total)
2026-04-17 05:16:22.170 [INFO    ] orchestrator: engine:   Configs swept:         150480
2026-04-17 05:16:22.171 [INFO    ] orchestrator: engine:   Viable WF-OOS signals: 77
2026-04-17 05:16:22.171 [INFO    ] orchestrator: engine:   Compute time:          4.53s
2026-04-17 05:16:22.171 [INFO    ] orchestrator: engine: ==========================================================
2026-04-17 05:16:22.172 [INFO    ] orchestrator: engine produced: signals_summary_1776392182.json
2026-04-17 05:16:22.173 [INFO    ] orchestrator: cleaned up old summary: signals_summary_1776383121.json
2026-04-17 05:16:22.174 [INFO    ] orchestrator: ranked 20 signals — top candidates:
2026-04-17 05:16:22.174 [INFO    ] orchestrator:   #1 UP    score=  6.38  SILVER  folds=5/6  WR=97.0%  consWR=94.0%  entry=$0.87  ev=$0.0697
2026-04-17 05:16:22.174 [INFO    ] orchestrator:   #2 UP    score=  6.36  BRONZE  folds=4/6  WR=97.4%  consWR=94.4%  entry=$0.87  ev=$0.0764
2026-04-17 05:16:22.175 [INFO    ] orchestrator:   #3 UP    score=  6.06  BRONZE  folds=4/6  WR=100.0%  consWR=97.0%  entry=$0.90  ev=$0.0748
2026-04-17 05:16:22.175 [INFO    ] orchestrator:   #4 UP    score=  4.76  BRONZE  folds=4/6  WR=100.0%  consWR=97.0%  entry=$0.90  ev=$0.0714
2026-04-17 05:16:22.175 [INFO    ] orchestrator:   #5 DOWN  score=  4.71  SILVER  folds=5/6  WR=85.2%  consWR=82.2%  entry=$0.76  ev=$0.0585
2026-04-17 05:16:22.346 [INFO    ] orchestrator: identity dedupe: pulled 7 paper fire(s) from bot
2026-04-17 05:16:22.346 [INFO    ] orchestrator: identity dedupe: up_230.0_200.0_0.08_0.1 stale for 4 cycles but paper WR=100.0% (n=1) >= floor 70% — letting it fire
2026-04-17 05:16:22.347 [INFO    ] orchestrator: DELIVERING SILVER signal: #1 Up [230s->200s] d>=0.08% v<=0.1%
2026-04-17 05:16:22.347 [INFO    ] orchestrator:   score=6.38  WR=97.0%  consWR=94.0%  entry=$0.87  ev=$0.0697  folds=[3, 4, 5, 6, 7]
2026-04-17 05:16:22.516 [INFO    ] shared.ipc: IPC: signal delivered successfully (authenticated ack)
2026-04-17 05:16:22.516 [INFO    ] orchestrator: silver signal delivered to bot
2026-04-17 05:31:22.523 [INFO    ] orchestrator: --- cycle start [02:31:22 UTC] ---
2026-04-17 05:31:22.531 [INFO    ] orchestrator: data quality check passed: 600 windows available
2026-04-17 05:31:22.532 [INFO    ] orchestrator: starting engine: C:\Users\operator\Desktop\PolySignalLab\PolySignalEngine\build\Release\PolySignalEngine.exe C:\Users\operator\Desktop\PolySignalLab\PolyDataCollector\data --output-dir C:\Users\operator\Desktop\PolySignalLab\engine_output
2026-04-17 05:31:28.307 [INFO    ] orchestrator: engine: ==========================================================
2026-04-17 05:31:28.307 [INFO    ] orchestrator: engine:   SUMMARY
2026-04-17 05:31:28.308 [INFO    ] orchestrator: engine: ==========================================================
2026-04-17 05:31:28.308 [INFO    ] orchestrator: engine:   Total windows:         600 (293 UP, 307 DOWN)
2026-04-17 05:31:28.308 [INFO    ] orchestrator: engine:   Walk-forward folds:    8 (6 test iterations)
2026-04-17 05:31:28.309 [INFO    ] orchestrator: engine:   OOS base rate:         48.9% UP (450 test windows total)
2026-04-17 05:31:28.309 [INFO    ] orchestrator: engine:   Configs swept:         150480
2026-04-17 05:31:28.310 [INFO    ] orchestrator: engine:   Viable WF-OOS signals: 79
2026-04-17 05:31:28.310 [INFO    ] orchestrator: engine:   Compute time:          4.48s
2026-04-17 05:31:28.310 [INFO    ] orchestrator: engine: ==========================================================
2026-04-17 05:31:28.311 [INFO    ] orchestrator: engine produced: signals_summary_1776393088.json
2026-04-17 05:31:28.312 [INFO    ] orchestrator: cleaned up old summary: signals_summary_1776384027.json
2026-04-17 05:31:28.312 [INFO    ] orchestrator: ranked 20 signals — top candidates:
2026-04-17 05:31:28.313 [INFO    ] orchestrator:   #1 UP    score=  6.38  SILVER  folds=5/6  WR=97.0%  consWR=94.0%  entry=$0.87  ev=$0.0697
2026-04-17 05:31:28.313 [INFO    ] orchestrator:   #2 UP    score=  6.36  BRONZE  folds=4/6  WR=97.4%  consWR=94.4%  entry=$0.87  ev=$0.0764
2026-04-17 05:31:28.313 [INFO    ] orchestrator:   #3 UP    score=  6.06  BRONZE  folds=4/6  WR=100.0%  consWR=97.0%  entry=$0.90  ev=$0.0748
2026-04-17 05:31:28.314 [INFO    ] orchestrator:   #4 DOWN  score=  4.89  BRONZE  folds=4/6  WR=92.3%  consWR=89.3%  entry=$0.83  ev=$0.0631
2026-04-17 05:31:28.314 [INFO    ] orchestrator:   #5 UP    score=  4.76  BRONZE  folds=4/6  WR=100.0%  consWR=97.0%  entry=$0.90  ev=$0.0714
2026-04-17 05:31:28.485 [INFO    ] orchestrator: identity dedupe: pulled 7 paper fire(s) from bot
2026-04-17 05:31:28.485 [INFO    ] orchestrator: identity dedupe: up_230.0_200.0_0.08_0.1 stale for 4 cycles but paper WR=100.0% (n=1) >= floor 70% — letting it fire
2026-04-17 05:31:28.486 [INFO    ] orchestrator: DELIVERING SILVER signal: #1 Up [230s->200s] d>=0.08% v<=0.1%
2026-04-17 05:31:28.486 [INFO    ] orchestrator:   score=6.38  WR=97.0%  consWR=94.0%  entry=$0.87  ev=$0.0697  folds=[3, 4, 5, 6, 7]
2026-04-17 05:31:28.656 [INFO    ] shared.ipc: IPC: signal delivered successfully (authenticated ack)
2026-04-17 05:31:28.656 [INFO    ] orchestrator: silver signal delivered to bot
2026-04-17 05:46:28.666 [INFO    ] orchestrator: --- cycle start [02:46:28 UTC] ---
2026-04-17 05:46:28.673 [INFO    ] orchestrator: data quality check passed: 600 windows available
2026-04-17 05:46:28.674 [INFO    ] orchestrator: starting engine: C:\Users\operator\Desktop\PolySignalLab\PolySignalEngine\build\Release\PolySignalEngine.exe C:\Users\operator\Desktop\PolySignalLab\PolyDataCollector\data --output-dir C:\Users\operator\Desktop\PolySignalLab\engine_output
2026-04-17 05:46:34.466 [INFO    ] orchestrator: engine: ==========================================================
2026-04-17 05:46:34.466 [INFO    ] orchestrator: engine:   SUMMARY
2026-04-17 05:46:34.467 [INFO    ] orchestrator: engine: ==========================================================
2026-04-17 05:46:34.467 [INFO    ] orchestrator: engine:   Total windows:         600 (294 UP, 306 DOWN)
2026-04-17 05:46:34.467 [INFO    ] orchestrator: engine:   Walk-forward folds:    8 (6 test iterations)
2026-04-17 05:46:34.468 [INFO    ] orchestrator: engine:   OOS base rate:         49.1% UP (450 test windows total)
2026-04-17 05:46:34.468 [INFO    ] orchestrator: engine:   Configs swept:         150480
2026-04-17 05:46:34.468 [INFO    ] orchestrator: engine:   Viable WF-OOS signals: 79
2026-04-17 05:46:34.469 [INFO    ] orchestrator: engine:   Compute time:          4.50s
2026-04-17 05:46:34.469 [INFO    ] orchestrator: engine: ==========================================================
2026-04-17 05:46:34.470 [INFO    ] orchestrator: engine produced: signals_summary_1776393994.json
2026-04-17 05:46:34.471 [INFO    ] orchestrator: cleaned up old summary: signals_summary_1776384933.json
2026-04-17 05:46:34.472 [INFO    ] orchestrator: ranked 20 signals — top candidates:
2026-04-17 05:46:34.472 [INFO    ] orchestrator:   #1 UP    score=  6.38  SILVER  folds=5/6  WR=96.9%  consWR=93.9%  entry=$0.87  ev=$0.0697
2026-04-17 05:46:34.473 [INFO    ] orchestrator:   #2 UP    score=  6.36  BRONZE  folds=4/6  WR=97.4%  consWR=94.4%  entry=$0.87  ev=$0.0764
2026-04-17 05:46:34.473 [INFO    ] orchestrator:   #3 DOWN  score=  5.28  BRONZE  folds=4/6  WR=100.0%  consWR=97.0%  entry=$0.90  ev=$0.0739
2026-04-17 05:46:34.473 [INFO    ] orchestrator:   #4 DOWN  score=  4.77  BRONZE  folds=4/6  WR=92.3%  consWR=89.3%  entry=$0.83  ev=$0.0631
2026-04-17 05:46:34.473 [INFO    ] orchestrator:   #5 UP    score=  4.53  BRONZE  folds=3/6  WR=100.0%  consWR=97.0%  entry=$0.88  ev=$0.0865
2026-04-17 05:46:34.640 [INFO    ] orchestrator: identity dedupe: pulled 7 paper fire(s) from bot
2026-04-17 05:46:34.640 [INFO    ] orchestrator: identity dedupe: up_230.0_200.0_0.08_0.1 stale for 4 cycles but paper WR=100.0% (n=1) >= floor 70% — letting it fire
2026-04-17 05:46:34.641 [INFO    ] orchestrator: DELIVERING SILVER signal: #1 Up [230s->200s] d>=0.08% v<=0.1%
2026-04-17 05:46:34.641 [INFO    ] orchestrator:   score=6.38  WR=96.9%  consWR=93.9%  entry=$0.87  ev=$0.0697  folds=[3, 4, 5, 6, 7]
2026-04-17 05:46:34.807 [INFO    ] shared.ipc: IPC: signal delivered successfully (authenticated ack)
2026-04-17 05:46:34.807 [INFO    ] orchestrator: silver signal delivered to bot
2026-04-17 06:01:34.816 [INFO    ] orchestrator: --- cycle start [03:01:34 UTC] ---
2026-04-17 06:01:34.823 [INFO    ] orchestrator: data quality check passed: 600 windows available
2026-04-17 06:01:34.823 [INFO    ] orchestrator: starting engine: C:\Users\operator\Desktop\PolySignalLab\PolySignalEngine\build\Release\PolySignalEngine.exe C:\Users\operator\Desktop\PolySignalLab\PolyDataCollector\data --output-dir C:\Users\operator\Desktop\PolySignalLab\engine_output
2026-04-17 06:01:40.514 [INFO    ] orchestrator: engine: ==========================================================
2026-04-17 06:01:40.515 [INFO    ] orchestrator: engine:   SUMMARY
2026-04-17 06:01:40.515 [INFO    ] orchestrator: engine: ==========================================================
2026-04-17 06:01:40.515 [INFO    ] orchestrator: engine:   Total windows:         600 (293 UP, 307 DOWN)
2026-04-17 06:01:40.516 [INFO    ] orchestrator: engine:   Walk-forward folds:    8 (6 test iterations)
2026-04-17 06:01:40.516 [INFO    ] orchestrator: engine:   OOS base rate:         49.1% UP (450 test windows total)
2026-04-17 06:01:40.517 [INFO    ] orchestrator: engine:   Configs swept:         150480
2026-04-17 06:01:40.517 [INFO    ] orchestrator: engine:   Viable WF-OOS signals: 77
2026-04-17 06:01:40.517 [INFO    ] orchestrator: engine:   Compute time:          4.39s
2026-04-17 06:01:40.518 [INFO    ] orchestrator: engine: ==========================================================
2026-04-17 06:01:40.518 [INFO    ] orchestrator: engine produced: signals_summary_1776394900.json
2026-04-17 06:01:40.519 [INFO    ] orchestrator: cleaned up old summary: signals_summary_1776385839.json
2026-04-17 06:01:40.520 [INFO    ] orchestrator: ranked 20 signals — top candidates:
2026-04-17 06:01:40.520 [INFO    ] orchestrator:   #1 UP    score=  6.53  BRONZE  folds=4/6  WR=96.3%  consWR=93.3%  entry=$0.85  ev=$0.0796
2026-04-17 06:01:40.521 [INFO    ] orchestrator:   #2 UP    score=  6.35  BRONZE  folds=4/6  WR=97.4%  consWR=94.4%  entry=$0.87  ev=$0.0764
2026-04-17 06:01:40.521 [INFO    ] orchestrator:   #3 DOWN  score=  4.77  BRONZE  folds=4/6  WR=92.3%  consWR=89.3%  entry=$0.83  ev=$0.0631
2026-04-17 06:01:40.521 [INFO    ] orchestrator:   #4 DOWN  score=  4.76  BRONZE  folds=4/6  WR=100.0%  consWR=97.0%  entry=$0.90  ev=$0.0667
2026-04-17 06:01:40.521 [INFO    ] orchestrator:   #5 UP    score=  4.53  BRONZE  folds=3/6  WR=100.0%  consWR=97.0%  entry=$0.88  ev=$0.0865
2026-04-17 06:01:40.705 [INFO    ] orchestrator: identity dedupe: pulled 7 paper fire(s) from bot
2026-04-17 06:01:40.706 [INFO    ] orchestrator: identity dedupe: up_230.0_200.0_0.08_0.1 stale for 4 cycles but paper WR=100.0% (n=1) >= floor 70% — letting it fire
2026-04-17 06:01:40.706 [INFO    ] orchestrator: DELIVERING BRONZE signal: #1 Up [230s->200s] d>=0.08% v<=0.1%
2026-04-17 06:01:40.707 [INFO    ] orchestrator:   score=6.53  WR=96.3%  consWR=93.3%  entry=$0.85  ev=$0.0796  folds=[4, 5, 6, 7]
2026-04-17 06:01:40.869 [INFO    ] shared.ipc: IPC: signal delivered successfully (authenticated ack)
2026-04-17 06:01:40.870 [INFO    ] orchestrator: bronze signal delivered to bot
2026-04-17 06:16:40.884 [INFO    ] orchestrator: --- cycle start [03:16:40 UTC] ---
2026-04-17 06:16:40.891 [INFO    ] orchestrator: data quality check passed: 600 windows available
2026-04-17 06:16:40.892 [INFO    ] orchestrator: starting engine: C:\Users\operator\Desktop\PolySignalLab\PolySignalEngine\build\Release\PolySignalEngine.exe C:\Users\operator\Desktop\PolySignalLab\PolyDataCollector\data --output-dir C:\Users\operator\Desktop\PolySignalLab\engine_output
2026-04-17 06:16:46.597 [INFO    ] orchestrator: engine: ==========================================================
2026-04-17 06:16:46.597 [INFO    ] orchestrator: engine:   SUMMARY
2026-04-17 06:16:46.598 [INFO    ] orchestrator: engine: ==========================================================
2026-04-17 06:16:46.598 [INFO    ] orchestrator: engine:   Total windows:         600 (292 UP, 308 DOWN)
2026-04-17 06:16:46.598 [INFO    ] orchestrator: engine:   Walk-forward folds:    8 (6 test iterations)
2026-04-17 06:16:46.598 [INFO    ] orchestrator: engine:   OOS base rate:         49.1% UP (450 test windows total)
2026-04-17 06:16:46.599 [INFO    ] orchestrator: engine:   Configs swept:         150480
2026-04-17 06:16:46.599 [INFO    ] orchestrator: engine:   Viable WF-OOS signals: 74
2026-04-17 06:16:46.599 [INFO    ] orchestrator: engine:   Compute time:          4.44s
2026-04-17 06:16:46.600 [INFO    ] orchestrator: engine: ==========================================================
2026-04-17 06:16:46.601 [INFO    ] orchestrator: engine produced: signals_summary_1776395806.json
2026-04-17 06:16:46.602 [INFO    ] orchestrator: cleaned up old summary: signals_summary_1776386745.json
2026-04-17 06:16:46.603 [INFO    ] orchestrator: ranked 20 signals — top candidates:
2026-04-17 06:16:46.603 [INFO    ] orchestrator:   #1 UP    score=  6.53  BRONZE  folds=4/6  WR=96.3%  consWR=93.3%  entry=$0.85  ev=$0.0796
2026-04-17 06:16:46.603 [INFO    ] orchestrator:   #2 UP    score=  6.35  BRONZE  folds=4/6  WR=97.4%  consWR=94.4%  entry=$0.87  ev=$0.0764
2026-04-17 06:16:46.604 [INFO    ] orchestrator:   #3 DOWN  score=  4.84  BRONZE  folds=4/6  WR=92.3%  consWR=89.3%  entry=$0.83  ev=$0.0631
2026-04-17 06:16:46.604 [INFO    ] orchestrator:   #4 UP    score=  3.93  BRONZE  folds=3/6  WR=100.0%  consWR=97.0%  entry=$0.92  ev=$0.0550
2026-04-17 06:16:46.604 [INFO    ] orchestrator:   #5 DOWN  score=  3.76  SILVER  folds=5/6  WR=88.6%  consWR=85.6%  entry=$0.81  ev=$0.0451
2026-04-17 06:16:46.769 [INFO    ] orchestrator: identity dedupe: pulled 7 paper fire(s) from bot
2026-04-17 06:16:46.770 [INFO    ] orchestrator: identity dedupe: up_230.0_200.0_0.08_0.1 stale for 4 cycles but paper WR=100.0% (n=1) >= floor 70% — letting it fire
2026-04-17 06:16:46.770 [INFO    ] orchestrator: DELIVERING BRONZE signal: #1 Up [230s->200s] d>=0.08% v<=0.1%
2026-04-17 06:16:46.770 [INFO    ] orchestrator:   score=6.53  WR=96.3%  consWR=93.3%  entry=$0.85  ev=$0.0796  folds=[4, 5, 6, 7]
2026-04-17 06:16:46.934 [INFO    ] shared.ipc: IPC: signal delivered successfully (authenticated ack)
2026-04-17 06:16:46.935 [INFO    ] orchestrator: bronze signal delivered to bot
2026-04-17 06:31:46.944 [INFO    ] orchestrator: --- cycle start [03:31:46 UTC] ---
2026-04-17 06:31:46.951 [INFO    ] orchestrator: data quality check passed: 600 windows available
2026-04-17 06:31:46.952 [INFO    ] orchestrator: starting engine: C:\Users\operator\Desktop\PolySignalLab\PolySignalEngine\build\Release\PolySignalEngine.exe C:\Users\operator\Desktop\PolySignalLab\PolyDataCollector\data --output-dir C:\Users\operator\Desktop\PolySignalLab\engine_output
2026-04-17 06:31:52.732 [INFO    ] orchestrator: engine: ==========================================================
2026-04-17 06:31:52.733 [INFO    ] orchestrator: engine:   SUMMARY
2026-04-17 06:31:52.733 [INFO    ] orchestrator: engine: ==========================================================
2026-04-17 06:31:52.734 [INFO    ] orchestrator: engine:   Total windows:         600 (293 UP, 307 DOWN)
2026-04-17 06:31:52.734 [INFO    ] orchestrator: engine:   Walk-forward folds:    8 (6 test iterations)
2026-04-17 06:31:52.734 [INFO    ] orchestrator: engine:   OOS base rate:         49.8% UP (450 test windows total)
2026-04-17 06:31:52.734 [INFO    ] orchestrator: engine:   Configs swept:         150480
2026-04-17 06:31:52.735 [INFO    ] orchestrator: engine:   Viable WF-OOS signals: 78
2026-04-17 06:31:52.735 [INFO    ] orchestrator: engine:   Compute time:          4.52s
2026-04-17 06:31:52.736 [INFO    ] orchestrator: engine: ==========================================================
2026-04-17 06:31:52.737 [INFO    ] orchestrator: engine produced: signals_summary_1776396712.json
2026-04-17 06:31:52.738 [INFO    ] orchestrator: cleaned up old summary: signals_summary_1776387651.json
2026-04-17 06:31:52.738 [INFO    ] orchestrator: ranked 20 signals — top candidates:
2026-04-17 06:31:52.739 [INFO    ] orchestrator:   #1 DOWN  score=  6.64  BRONZE  folds=4/6  WR=88.9%  consWR=85.9%  entry=$0.77  ev=$0.0848
2026-04-17 06:31:52.739 [INFO    ] orchestrator:   #2 UP    score=  6.57  BRONZE  folds=4/6  WR=96.2%  consWR=93.2%  entry=$0.85  ev=$0.0804
2026-04-17 06:31:52.739 [INFO    ] orchestrator:   #3 UP    score=  6.31  SILVER  folds=5/6  WR=97.8%  consWR=94.8%  entry=$0.88  ev=$0.0684
2026-04-17 06:31:52.740 [INFO    ] orchestrator:   #4 DOWN  score=  4.84  BRONZE  folds=4/6  WR=92.3%  consWR=89.3%  entry=$0.83  ev=$0.0631
2026-04-17 06:31:52.740 [INFO    ] orchestrator:   #5 UP    score=  3.92  BRONZE  folds=4/6  WR=100.0%  consWR=97.0%  entry=$0.92  ev=$0.0457
2026-04-17 06:31:52.906 [INFO    ] orchestrator: identity dedupe: pulled 7 paper fire(s) from bot
2026-04-17 06:31:52.907 [INFO    ] orchestrator: DELIVERING BRONZE signal: #1 Down [290s->250s] d>=0.07% v<=0.05%
2026-04-17 06:31:52.907 [INFO    ] orchestrator:   score=6.64  WR=88.9%  consWR=85.9%  entry=$0.77  ev=$0.0848  folds=[4, 5, 6, 7]
2026-04-17 06:31:53.072 [INFO    ] shared.ipc: IPC: signal delivered successfully (authenticated ack)
2026-04-17 06:31:53.073 [INFO    ] orchestrator: bronze signal delivered to bot
2026-04-17 06:46:53.077 [INFO    ] orchestrator: --- cycle start [03:46:53 UTC] ---
2026-04-17 06:46:53.084 [INFO    ] orchestrator: data quality check passed: 600 windows available
2026-04-17 06:46:53.085 [INFO    ] orchestrator: starting engine: C:\Users\operator\Desktop\PolySignalLab\PolySignalEngine\build\Release\PolySignalEngine.exe C:\Users\operator\Desktop\PolySignalLab\PolyDataCollector\data --output-dir C:\Users\operator\Desktop\PolySignalLab\engine_output
2026-04-17 06:46:58.883 [INFO    ] orchestrator: engine: ==========================================================
2026-04-17 06:46:58.883 [INFO    ] orchestrator: engine:   SUMMARY
2026-04-17 06:46:58.884 [INFO    ] orchestrator: engine: ==========================================================
2026-04-17 06:46:58.884 [INFO    ] orchestrator: engine:   Total windows:         600 (294 UP, 306 DOWN)
2026-04-17 06:46:58.884 [INFO    ] orchestrator: engine:   Walk-forward folds:    8 (6 test iterations)
2026-04-17 06:46:58.885 [INFO    ] orchestrator: engine:   OOS base rate:         50.0% UP (450 test windows total)
2026-04-17 06:46:58.885 [INFO    ] orchestrator: engine:   Configs swept:         150480
2026-04-17 06:46:58.885 [INFO    ] orchestrator: engine:   Viable WF-OOS signals: 76
2026-04-17 06:46:58.886 [INFO    ] orchestrator: engine:   Compute time:          4.51s
2026-04-17 06:46:58.887 [INFO    ] orchestrator: engine: ==========================================================
2026-04-17 06:46:58.887 [INFO    ] orchestrator: engine produced: signals_summary_1776397618.json
2026-04-17 06:46:58.888 [INFO    ] orchestrator: cleaned up old summary: signals_summary_1776388557.json
2026-04-17 06:46:58.889 [INFO    ] orchestrator: ranked 20 signals — top candidates:
2026-04-17 06:46:58.889 [INFO    ] orchestrator:   #1 DOWN  score=  6.64  BRONZE  folds=4/6  WR=88.9%  consWR=85.9%  entry=$0.77  ev=$0.0848
2026-04-17 06:46:58.889 [INFO    ] orchestrator:   #2 UP    score=  6.46  SILVER  folds=5/6  WR=96.7%  consWR=93.7%  entry=$0.86  ev=$0.0743
2026-04-17 06:46:58.890 [INFO    ] orchestrator:   #3 UP    score=  6.31  SILVER  folds=5/6  WR=97.8%  consWR=94.8%  entry=$0.88  ev=$0.0684
2026-04-17 06:46:58.890 [INFO    ] orchestrator:   #4 DOWN  score=  4.84  BRONZE  folds=2/6  WR=96.0%  consWR=93.0%  entry=$0.83  ev=$0.0956
2026-04-17 06:46:58.890 [INFO    ] orchestrator:   #5 DOWN  score=  4.77  BRONZE  folds=4/6  WR=92.3%  consWR=89.3%  entry=$0.83  ev=$0.0631
2026-04-17 06:46:59.060 [INFO    ] orchestrator: identity dedupe: pulled 7 paper fire(s) from bot
2026-04-17 06:46:59.060 [INFO    ] orchestrator: DELIVERING BRONZE signal: #1 Down [290s->250s] d>=0.07% v<=0.05%
2026-04-17 06:46:59.061 [INFO    ] orchestrator:   score=6.64  WR=88.9%  consWR=85.9%  entry=$0.77  ev=$0.0848  folds=[4, 5, 6, 7]
2026-04-17 06:46:59.230 [INFO    ] shared.ipc: IPC: signal delivered successfully (authenticated ack)
2026-04-17 06:46:59.230 [INFO    ] orchestrator: bronze signal delivered to bot
2026-04-17 07:01:59.243 [INFO    ] orchestrator: --- cycle start [04:01:59 UTC] ---
2026-04-17 07:01:59.250 [INFO    ] orchestrator: data quality check passed: 600 windows available
2026-04-17 07:01:59.250 [INFO    ] orchestrator: starting engine: C:\Users\operator\Desktop\PolySignalLab\PolySignalEngine\build\Release\PolySignalEngine.exe C:\Users\operator\Desktop\PolySignalLab\PolyDataCollector\data --output-dir C:\Users\operator\Desktop\PolySignalLab\engine_output
2026-04-17 07:02:05.001 [INFO    ] orchestrator: engine: ==========================================================
2026-04-17 07:02:05.002 [INFO    ] orchestrator: engine:   SUMMARY
2026-04-17 07:02:05.002 [INFO    ] orchestrator: engine: ==========================================================
2026-04-17 07:02:05.002 [INFO    ] orchestrator: engine:   Total windows:         600 (293 UP, 307 DOWN)
2026-04-17 07:02:05.003 [INFO    ] orchestrator: engine:   Walk-forward folds:    8 (6 test iterations)
2026-04-17 07:02:05.004 [INFO    ] orchestrator: engine:   OOS base rate:         49.6% UP (450 test windows total)
2026-04-17 07:02:05.005 [INFO    ] orchestrator: engine:   Configs swept:         150480
2026-04-17 07:02:05.005 [INFO    ] orchestrator: engine:   Viable WF-OOS signals: 72
2026-04-17 07:02:05.006 [INFO    ] orchestrator: engine:   Compute time:          4.46s
2026-04-17 07:02:05.006 [INFO    ] orchestrator: engine: ==========================================================
2026-04-17 07:02:05.007 [INFO    ] orchestrator: engine produced: signals_summary_1776398524.json
2026-04-17 07:02:05.008 [INFO    ] orchestrator: cleaned up old summary: signals_summary_1776389463.json
2026-04-17 07:02:05.008 [INFO    ] orchestrator: ranked 20 signals — top candidates:
2026-04-17 07:02:05.008 [INFO    ] orchestrator:   #1 DOWN  score=  6.73  BRONZE  folds=4/6  WR=89.3%  consWR=86.3%  entry=$0.78  ev=$0.0861
2026-04-17 07:02:05.009 [INFO    ] orchestrator:   #2 UP    score=  6.46  SILVER  folds=5/6  WR=96.7%  consWR=93.7%  entry=$0.86  ev=$0.0743
2026-04-17 07:02:05.009 [INFO    ] orchestrator:   #3 UP    score=  6.31  SILVER  folds=5/6  WR=97.8%  consWR=94.8%  entry=$0.88  ev=$0.0684
2026-04-17 07:02:05.009 [INFO    ] orchestrator:   #4 DOWN  score=  5.80  BRONZE  folds=3/6  WR=97.4%  consWR=94.4%  entry=$0.84  ev=$0.1044
2026-04-17 07:02:05.010 [INFO    ] orchestrator:   #5 DOWN  score=  5.53  SILVER  folds=5/6  WR=90.6%  consWR=87.6%  entry=$0.81  ev=$0.0663
2026-04-17 07:02:05.197 [INFO    ] orchestrator: identity dedupe: pulled 7 paper fire(s) from bot
2026-04-17 07:02:05.197 [INFO    ] orchestrator: DELIVERING BRONZE signal: #1 Down [290s->250s] d>=0.07% v<=0.05%
2026-04-17 07:02:05.198 [INFO    ] orchestrator:   score=6.73  WR=89.3%  consWR=86.3%  entry=$0.78  ev=$0.0861  folds=[4, 5, 6, 7]
2026-04-17 07:02:05.367 [INFO    ] shared.ipc: IPC: signal delivered successfully (authenticated ack)
2026-04-17 07:02:05.367 [INFO    ] orchestrator: bronze signal delivered to bot
2026-04-17 07:17:05.375 [INFO    ] orchestrator: --- cycle start [04:17:05 UTC] ---
2026-04-17 07:17:05.382 [INFO    ] orchestrator: data quality check passed: 600 windows available
2026-04-17 07:17:05.382 [INFO    ] orchestrator: starting engine: C:\Users\operator\Desktop\PolySignalLab\PolySignalEngine\build\Release\PolySignalEngine.exe C:\Users\operator\Desktop\PolySignalLab\PolyDataCollector\data --output-dir C:\Users\operator\Desktop\PolySignalLab\engine_output
2026-04-17 07:17:11.271 [INFO    ] orchestrator: engine: ==========================================================
2026-04-17 07:17:11.271 [INFO    ] orchestrator: engine:   SUMMARY
2026-04-17 07:17:11.272 [INFO    ] orchestrator: engine: ==========================================================
2026-04-17 07:17:11.272 [INFO    ] orchestrator: engine:   Total windows:         600 (293 UP, 307 DOWN)
2026-04-17 07:17:11.272 [INFO    ] orchestrator: engine:   Walk-forward folds:    8 (6 test iterations)
2026-04-17 07:17:11.273 [INFO    ] orchestrator: engine:   OOS base rate:         49.3% UP (450 test windows total)
2026-04-17 07:17:11.273 [INFO    ] orchestrator: engine:   Configs swept:         150480
2026-04-17 07:17:11.273 [INFO    ] orchestrator: engine:   Viable WF-OOS signals: 73
2026-04-17 07:17:11.274 [INFO    ] orchestrator: engine:   Compute time:          4.58s
2026-04-17 07:17:11.274 [INFO    ] orchestrator: engine: ==========================================================
2026-04-17 07:17:11.275 [INFO    ] orchestrator: engine produced: signals_summary_1776399431.json
2026-04-17 07:17:11.275 [INFO    ] orchestrator: cleaned up old summary: signals_summary_1776390369.json
2026-04-17 07:17:11.276 [INFO    ] orchestrator: ranked 20 signals — top candidates:
2026-04-17 07:17:11.276 [INFO    ] orchestrator:   #1 DOWN  score=  6.73  BRONZE  folds=4/6  WR=89.3%  consWR=86.3%  entry=$0.78  ev=$0.0861
2026-04-17 07:17:11.277 [INFO    ] orchestrator:   #2 UP    score=  6.72  SILVER  folds=5/6  WR=96.5%  consWR=93.5%  entry=$0.86  ev=$0.0762
2026-04-17 07:17:11.277 [INFO    ] orchestrator:   #3 UP    score=  6.36  SILVER  folds=5/6  WR=97.7%  consWR=94.7%  entry=$0.88  ev=$0.0691
2026-04-17 07:17:11.277 [INFO    ] orchestrator:   #4 DOWN  score=  5.53  SILVER  folds=5/6  WR=90.6%  consWR=87.6%  entry=$0.81  ev=$0.0663
2026-04-17 07:17:11.278 [INFO    ] orchestrator:   #5 DOWN  score=  4.85  BRONZE  folds=2/6  WR=96.0%  consWR=93.0%  entry=$0.83  ev=$0.0956
2026-04-17 07:17:11.448 [INFO    ] orchestrator: identity dedupe: pulled 7 paper fire(s) from bot
2026-04-17 07:17:11.449 [INFO    ] orchestrator: identity dedupe: down_290.0_250.0_0.07_0.05 has been top for 4 cycles but no paper fire history yet — no suppression
2026-04-17 07:17:11.449 [INFO    ] orchestrator: DELIVERING BRONZE signal: #1 Down [290s->250s] d>=0.07% v<=0.05%
2026-04-17 07:17:11.449 [INFO    ] orchestrator:   score=6.73  WR=89.3%  consWR=86.3%  entry=$0.78  ev=$0.0861  folds=[4, 5, 6, 7]
2026-04-17 07:17:11.619 [INFO    ] shared.ipc: IPC: signal delivered successfully (authenticated ack)
2026-04-17 07:17:11.620 [INFO    ] orchestrator: bronze signal delivered to bot
2026-04-17 07:32:11.621 [INFO    ] orchestrator: --- cycle start [04:32:11 UTC] ---
2026-04-17 07:32:11.627 [INFO    ] orchestrator: data quality check passed: 600 windows available
2026-04-17 07:32:11.628 [INFO    ] orchestrator: starting engine: C:\Users\operator\Desktop\PolySignalLab\PolySignalEngine\build\Release\PolySignalEngine.exe C:\Users\operator\Desktop\PolySignalLab\PolyDataCollector\data --output-dir C:\Users\operator\Desktop\PolySignalLab\engine_output
2026-04-17 07:32:17.527 [INFO    ] orchestrator: engine: ==========================================================
2026-04-17 07:32:17.528 [INFO    ] orchestrator: engine:   SUMMARY
2026-04-17 07:32:17.528 [INFO    ] orchestrator: engine: ==========================================================
2026-04-17 07:32:17.529 [INFO    ] orchestrator: engine:   Total windows:         600 (294 UP, 306 DOWN)
2026-04-17 07:32:17.529 [INFO    ] orchestrator: engine:   Walk-forward folds:    8 (6 test iterations)
2026-04-17 07:32:17.530 [INFO    ] orchestrator: engine:   OOS base rate:         49.8% UP (450 test windows total)
2026-04-17 07:32:17.530 [INFO    ] orchestrator: engine:   Configs swept:         150480
2026-04-17 07:32:17.531 [INFO    ] orchestrator: engine:   Viable WF-OOS signals: 79
2026-04-17 07:32:17.531 [INFO    ] orchestrator: engine:   Compute time:          4.63s
2026-04-17 07:32:17.531 [INFO    ] orchestrator: engine: ==========================================================
2026-04-17 07:32:17.532 [INFO    ] orchestrator: engine produced: signals_summary_1776400337.json
2026-04-17 07:32:17.533 [INFO    ] orchestrator: cleaned up old summary: signals_summary_1776391275.json
2026-04-17 07:32:17.534 [INFO    ] orchestrator: ranked 20 signals — top candidates:
2026-04-17 07:32:17.534 [INFO    ] orchestrator:   #1 DOWN  score=  6.73  BRONZE  folds=4/6  WR=89.3%  consWR=86.3%  entry=$0.78  ev=$0.0861
2026-04-17 07:32:17.535 [INFO    ] orchestrator:   #2 DOWN  score=  5.53  SILVER  folds=5/6  WR=90.6%  consWR=87.6%  entry=$0.81  ev=$0.0663
2026-04-17 07:32:17.535 [INFO    ] orchestrator:   #3 DOWN  score=  4.64  BRONZE  folds=3/6  WR=97.7%  consWR=94.7%  entry=$0.88  ev=$0.0673
2026-04-17 07:32:17.535 [INFO    ] orchestrator:   #4 UP    score=  4.59  SILVER  folds=5/6  WR=96.7%  consWR=93.7%  entry=$0.88  ev=$0.0520
2026-04-17 07:32:17.535 [INFO    ] orchestrator:   #5 DOWN  score=  4.25  BRONZE  folds=2/6  WR=96.0%  consWR=93.0%  entry=$0.85  ev=$0.0840
2026-04-17 07:32:17.705 [INFO    ] orchestrator: identity dedupe: pulled 7 paper fire(s) from bot
2026-04-17 07:32:17.706 [INFO    ] orchestrator: identity dedupe: down_290.0_250.0_0.07_0.05 has been top for 4 cycles but no paper fire history yet — no suppression
2026-04-17 07:32:17.706 [INFO    ] orchestrator: DELIVERING BRONZE signal: #1 Down [290s->250s] d>=0.07% v<=0.05%
2026-04-17 07:32:17.706 [INFO    ] orchestrator:   score=6.73  WR=89.3%  consWR=86.3%  entry=$0.78  ev=$0.0861  folds=[4, 5, 6, 7]
2026-04-17 07:32:17.875 [INFO    ] shared.ipc: IPC: signal delivered successfully (authenticated ack)
2026-04-17 07:32:17.876 [INFO    ] orchestrator: bronze signal delivered to bot
2026-04-17 07:47:17.884 [INFO    ] orchestrator: --- cycle start [04:47:17 UTC] ---
2026-04-17 07:47:17.891 [INFO    ] orchestrator: data quality check passed: 600 windows available
2026-04-17 07:47:17.892 [INFO    ] orchestrator: starting engine: C:\Users\operator\Desktop\PolySignalLab\PolySignalEngine\build\Release\PolySignalEngine.exe C:\Users\operator\Desktop\PolySignalLab\PolyDataCollector\data --output-dir C:\Users\operator\Desktop\PolySignalLab\engine_output
2026-04-17 07:47:23.858 [INFO    ] orchestrator: engine: ==========================================================
2026-04-17 07:47:23.858 [INFO    ] orchestrator: engine:   SUMMARY
2026-04-17 07:47:23.859 [INFO    ] orchestrator: engine: ==========================================================
2026-04-17 07:47:23.859 [INFO    ] orchestrator: engine:   Total windows:         600 (296 UP, 304 DOWN)
2026-04-17 07:47:23.859 [INFO    ] orchestrator: engine:   Walk-forward folds:    8 (6 test iterations)
2026-04-17 07:47:23.860 [INFO    ] orchestrator: engine:   OOS base rate:         49.8% UP (450 test windows total)
2026-04-17 07:47:23.860 [INFO    ] orchestrator: engine:   Configs swept:         150480
2026-04-17 07:47:23.860 [INFO    ] orchestrator: engine:   Viable WF-OOS signals: 71
2026-04-17 07:47:23.861 [INFO    ] orchestrator: engine:   Compute time:          4.67s
2026-04-17 07:47:23.861 [INFO    ] orchestrator: engine: ==========================================================
2026-04-17 07:47:23.862 [INFO    ] orchestrator: engine produced: signals_summary_1776401243.json
2026-04-17 07:47:23.863 [INFO    ] orchestrator: cleaned up old summary: signals_summary_1776392182.json
2026-04-17 07:47:23.863 [INFO    ] orchestrator: ranked 20 signals — top candidates:
2026-04-17 07:47:23.864 [INFO    ] orchestrator:   #1 DOWN  score=  6.73  BRONZE  folds=4/6  WR=89.3%  consWR=86.3%  entry=$0.78  ev=$0.0861
2026-04-17 07:47:23.864 [INFO    ] orchestrator:   #2 UP    score=  5.74  BRONZE  folds=4/6  WR=100.0%  consWR=97.0%  entry=$0.89  ev=$0.0803
2026-04-17 07:47:23.865 [INFO    ] orchestrator:   #3 DOWN  score=  5.53  SILVER  folds=5/6  WR=90.6%  consWR=87.6%  entry=$0.81  ev=$0.0663
2026-04-17 07:47:23.865 [INFO    ] orchestrator:   #4 DOWN  score=  4.64  BRONZE  folds=3/6  WR=97.7%  consWR=94.7%  entry=$0.88  ev=$0.0673
2026-04-17 07:47:23.865 [INFO    ] orchestrator:   #5 UP    score=  4.59  SILVER  folds=5/6  WR=96.7%  consWR=93.7%  entry=$0.88  ev=$0.0520
2026-04-17 07:47:24.035 [INFO    ] orchestrator: identity dedupe: pulled 7 paper fire(s) from bot
2026-04-17 07:47:24.036 [INFO    ] orchestrator: identity dedupe: down_290.0_250.0_0.07_0.05 has been top for 4 cycles but no paper fire history yet — no suppression
2026-04-17 07:47:24.036 [INFO    ] orchestrator: DELIVERING BRONZE signal: #1 Down [290s->250s] d>=0.07% v<=0.05%
2026-04-17 07:47:24.036 [INFO    ] orchestrator:   score=6.73  WR=89.3%  consWR=86.3%  entry=$0.78  ev=$0.0861  folds=[4, 5, 6, 7]
2026-04-17 07:47:24.206 [INFO    ] shared.ipc: IPC: signal delivered successfully (authenticated ack)
2026-04-17 07:47:24.207 [INFO    ] orchestrator: bronze signal delivered to bot
2026-04-17 08:02:24.210 [INFO    ] orchestrator: --- cycle start [05:02:24 UTC] ---
2026-04-17 08:02:24.220 [INFO    ] orchestrator: data quality check passed: 600 windows available
2026-04-17 08:02:24.221 [INFO    ] orchestrator: starting engine: C:\Users\operator\Desktop\PolySignalLab\PolySignalEngine\build\Release\PolySignalEngine.exe C:\Users\operator\Desktop\PolySignalLab\PolyDataCollector\data --output-dir C:\Users\operator\Desktop\PolySignalLab\engine_output
2026-04-17 08:02:30.230 [INFO    ] orchestrator: engine: ==========================================================
2026-04-17 08:02:30.231 [INFO    ] orchestrator: engine:   SUMMARY
2026-04-17 08:02:30.231 [INFO    ] orchestrator: engine: ==========================================================
2026-04-17 08:02:30.232 [INFO    ] orchestrator: engine:   Total windows:         600 (298 UP, 302 DOWN)
2026-04-17 08:02:30.232 [INFO    ] orchestrator: engine:   Walk-forward folds:    8 (6 test iterations)
2026-04-17 08:02:30.232 [INFO    ] orchestrator: engine:   OOS base rate:         50.0% UP (450 test windows total)
2026-04-17 08:02:30.233 [INFO    ] orchestrator: engine:   Configs swept:         150480
2026-04-17 08:02:30.233 [INFO    ] orchestrator: engine:   Viable WF-OOS signals: 74
2026-04-17 08:02:30.234 [INFO    ] orchestrator: engine:   Compute time:          4.70s
2026-04-17 08:02:30.234 [INFO    ] orchestrator: engine: ==========================================================
2026-04-17 08:02:30.235 [INFO    ] orchestrator: engine produced: signals_summary_1776402150.json
2026-04-17 08:02:30.236 [INFO    ] orchestrator: cleaned up old summary: signals_summary_1776393088.json
2026-04-17 08:02:30.237 [INFO    ] orchestrator: ranked 20 signals — top candidates:
2026-04-17 08:02:30.237 [INFO    ] orchestrator:   #1 DOWN  score=  6.60  BRONZE  folds=4/6  WR=89.3%  consWR=86.3%  entry=$0.78  ev=$0.0861
2026-04-17 08:02:30.237 [INFO    ] orchestrator:   #2 UP    score=  6.43  BRONZE  folds=4/6  WR=100.0%  consWR=97.0%  entry=$0.88  ev=$0.0900
2026-04-17 08:02:30.238 [INFO    ] orchestrator:   #3 UP    score=  5.72  BRONZE  folds=4/6  WR=96.0%  consWR=93.0%  entry=$0.86  ev=$0.0692
2026-04-17 08:02:30.238 [INFO    ] orchestrator:   #4 DOWN  score=  5.13  SILVER  folds=5/6  WR=90.3%  consWR=87.3%  entry=$0.81  ev=$0.0623
2026-04-17 08:02:30.238 [INFO    ] orchestrator:   #5 DOWN  score=  4.65  BRONZE  folds=3/6  WR=97.7%  consWR=94.7%  entry=$0.88  ev=$0.0673
2026-04-17 08:02:30.409 [INFO    ] orchestrator: identity dedupe: pulled 7 paper fire(s) from bot
2026-04-17 08:02:30.409 [INFO    ] orchestrator: identity dedupe: down_290.0_250.0_0.07_0.05 has been top for 4 cycles but no paper fire history yet — no suppression
2026-04-17 08:02:30.410 [INFO    ] orchestrator: DELIVERING BRONZE signal: #1 Down [290s->250s] d>=0.07% v<=0.05%
2026-04-17 08:02:30.410 [INFO    ] orchestrator:   score=6.60  WR=89.3%  consWR=86.3%  entry=$0.78  ev=$0.0861  folds=[4, 5, 6, 7]
2026-04-17 08:02:30.582 [INFO    ] shared.ipc: IPC: signal delivered successfully (authenticated ack)
2026-04-17 08:02:30.582 [INFO    ] orchestrator: bronze signal delivered to bot
2026-04-17 08:17:30.590 [INFO    ] orchestrator: --- cycle start [05:17:30 UTC] ---
2026-04-17 08:17:30.598 [INFO    ] orchestrator: data quality check passed: 600 windows available
2026-04-17 08:17:30.599 [INFO    ] orchestrator: starting engine: C:\Users\operator\Desktop\PolySignalLab\PolySignalEngine\build\Release\PolySignalEngine.exe C:\Users\operator\Desktop\PolySignalLab\PolyDataCollector\data --output-dir C:\Users\operator\Desktop\PolySignalLab\engine_output
2026-04-17 08:17:36.586 [INFO    ] orchestrator: engine: ==========================================================
2026-04-17 08:17:36.587 [INFO    ] orchestrator: engine:   SUMMARY
2026-04-17 08:17:36.587 [INFO    ] orchestrator: engine: ==========================================================
2026-04-17 08:17:36.587 [INFO    ] orchestrator: engine:   Total windows:         600 (298 UP, 302 DOWN)
2026-04-17 08:17:36.588 [INFO    ] orchestrator: engine:   Walk-forward folds:    8 (6 test iterations)
2026-04-17 08:17:36.588 [INFO    ] orchestrator: engine:   OOS base rate:         50.2% UP (450 test windows total)
2026-04-17 08:17:36.589 [INFO    ] orchestrator: engine:   Configs swept:         150480
2026-04-17 08:17:36.589 [INFO    ] orchestrator: engine:   Viable WF-OOS signals: 65
2026-04-17 08:17:36.589 [INFO    ] orchestrator: engine:   Compute time:          4.68s
2026-04-17 08:17:36.590 [INFO    ] orchestrator: engine: ==========================================================
2026-04-17 08:17:36.590 [INFO    ] orchestrator: engine produced: signals_summary_1776403056.json
2026-04-17 08:17:36.591 [INFO    ] orchestrator: cleaned up old summary: signals_summary_1776393994.json
2026-04-17 08:17:36.592 [INFO    ] orchestrator: ranked 20 signals — top candidates:
2026-04-17 08:17:36.592 [INFO    ] orchestrator:   #1 DOWN  score=  7.72  SILVER  folds=5/6  WR=93.3%  consWR=90.3%  entry=$0.81  ev=$0.0897
2026-04-17 08:17:36.593 [INFO    ] orchestrator:   #2 DOWN  score=  6.60  BRONZE  folds=4/6  WR=89.3%  consWR=86.3%  entry=$0.78  ev=$0.0861
2026-04-17 08:17:36.593 [INFO    ] orchestrator:   #3 UP    score=  6.43  BRONZE  folds=4/6  WR=100.0%  consWR=97.0%  entry=$0.88  ev=$0.0900
2026-04-17 08:17:36.593 [INFO    ] orchestrator:   #4 DOWN  score=  6.21  BRONZE  folds=3/6  WR=97.1%  consWR=94.1%  entry=$0.85  ev=$0.0900
2026-04-17 08:17:36.593 [INFO    ] orchestrator:   #5 UP    score=  5.70  BRONZE  folds=4/6  WR=96.0%  consWR=93.0%  entry=$0.86  ev=$0.0692
2026-04-17 08:17:36.764 [INFO    ] orchestrator: identity dedupe: pulled 7 paper fire(s) from bot
2026-04-17 08:17:36.765 [INFO    ] orchestrator: DELIVERING SILVER signal: #1 Down [270s->240s] d>=0.08% v<=0.15%
2026-04-17 08:17:36.765 [INFO    ] orchestrator:   score=7.72  WR=93.3%  consWR=90.3%  entry=$0.81  ev=$0.0897  folds=[3, 4, 5, 6, 7]
2026-04-17 08:17:36.935 [INFO    ] shared.ipc: IPC: signal delivered successfully (authenticated ack)
2026-04-17 08:17:36.936 [INFO    ] orchestrator: silver signal delivered to bot
2026-04-17 08:32:36.952 [INFO    ] orchestrator: --- cycle start [05:32:36 UTC] ---
2026-04-17 08:32:36.959 [INFO    ] orchestrator: data quality check passed: 600 windows available
2026-04-17 08:32:36.959 [INFO    ] orchestrator: starting engine: C:\Users\operator\Desktop\PolySignalLab\PolySignalEngine\build\Release\PolySignalEngine.exe C:\Users\operator\Desktop\PolySignalLab\PolyDataCollector\data --output-dir C:\Users\operator\Desktop\PolySignalLab\engine_output
2026-04-17 08:32:42.838 [INFO    ] orchestrator: engine: ==========================================================
2026-04-17 08:32:42.838 [INFO    ] orchestrator: engine:   SUMMARY
2026-04-17 08:32:42.839 [INFO    ] orchestrator: engine: ==========================================================
2026-04-17 08:32:42.839 [INFO    ] orchestrator: engine:   Total windows:         600 (299 UP, 301 DOWN)
2026-04-17 08:32:42.839 [INFO    ] orchestrator: engine:   Walk-forward folds:    8 (6 test iterations)
2026-04-17 08:32:42.840 [INFO    ] orchestrator: engine:   OOS base rate:         50.4% UP (450 test windows total)
2026-04-17 08:32:42.840 [INFO    ] orchestrator: engine:   Configs swept:         150480
2026-04-17 08:32:42.841 [INFO    ] orchestrator: engine:   Viable WF-OOS signals: 77
2026-04-17 08:32:42.841 [INFO    ] orchestrator: engine:   Compute time:          4.60s
2026-04-17 08:32:42.841 [INFO    ] orchestrator: engine: ==========================================================
2026-04-17 08:32:42.842 [INFO    ] orchestrator: engine produced: signals_summary_1776403962.json
2026-04-17 08:32:42.843 [INFO    ] orchestrator: cleaned up old summary: signals_summary_1776394900.json
2026-04-17 08:32:42.844 [INFO    ] orchestrator: ranked 20 signals — top candidates:
2026-04-17 08:32:42.844 [INFO    ] orchestrator:   #1 DOWN  score=  7.72  SILVER  folds=5/6  WR=93.3%  consWR=90.3%  entry=$0.81  ev=$0.0897
2026-04-17 08:32:42.844 [INFO    ] orchestrator:   #2 DOWN  score=  6.99  BRONZE  folds=2/6  WR=100.0%  consWR=97.0%  entry=$0.82  ev=$0.1468
2026-04-17 08:32:42.845 [INFO    ] orchestrator:   #3 UP    score=  6.73  BRONZE  folds=4/6  WR=100.0%  consWR=97.0%  entry=$0.88  ev=$0.0942
2026-04-17 08:32:42.845 [INFO    ] orchestrator:   #4 DOWN  score=  6.60  BRONZE  folds=4/6  WR=89.3%  consWR=86.3%  entry=$0.78  ev=$0.0861
2026-04-17 08:32:42.845 [INFO    ] orchestrator:   #5 DOWN  score=  6.05  BRONZE  folds=3/6  WR=97.0%  consWR=94.0%  entry=$0.85  ev=$0.0879
2026-04-17 08:32:43.016 [INFO    ] orchestrator: identity dedupe: pulled 7 paper fire(s) from bot
2026-04-17 08:32:43.016 [INFO    ] orchestrator: DELIVERING SILVER signal: #1 Down [270s->240s] d>=0.08% v<=0.15%
2026-04-17 08:32:43.017 [INFO    ] orchestrator:   score=7.72  WR=93.3%  consWR=90.3%  entry=$0.81  ev=$0.0897  folds=[3, 4, 5, 6, 7]
2026-04-17 08:32:43.188 [INFO    ] shared.ipc: IPC: signal delivered successfully (authenticated ack)
2026-04-17 08:32:43.188 [INFO    ] orchestrator: silver signal delivered to bot
2026-04-17 08:47:43.203 [INFO    ] orchestrator: --- cycle start [05:47:43 UTC] ---
2026-04-17 08:47:43.210 [INFO    ] orchestrator: data quality check passed: 600 windows available
2026-04-17 08:47:43.210 [INFO    ] orchestrator: starting engine: C:\Users\operator\Desktop\PolySignalLab\PolySignalEngine\build\Release\PolySignalEngine.exe C:\Users\operator\Desktop\PolySignalLab\PolyDataCollector\data --output-dir C:\Users\operator\Desktop\PolySignalLab\engine_output
2026-04-17 08:47:49.156 [INFO    ] orchestrator: engine: ==========================================================
2026-04-17 08:47:49.156 [INFO    ] orchestrator: engine:   SUMMARY
2026-04-17 08:47:49.157 [INFO    ] orchestrator: engine: ==========================================================
2026-04-17 08:47:49.157 [INFO    ] orchestrator: engine:   Total windows:         600 (300 UP, 300 DOWN)
2026-04-17 08:47:49.157 [INFO    ] orchestrator: engine:   Walk-forward folds:    8 (6 test iterations)
2026-04-17 08:47:49.158 [INFO    ] orchestrator: engine:   OOS base rate:         50.2% UP (450 test windows total)
2026-04-17 08:47:49.158 [INFO    ] orchestrator: engine:   Configs swept:         150480
2026-04-17 08:47:49.158 [INFO    ] orchestrator: engine:   Viable WF-OOS signals: 85
2026-04-17 08:47:49.159 [INFO    ] orchestrator: engine:   Compute time:          4.66s
2026-04-17 08:47:49.159 [INFO    ] orchestrator: engine: ==========================================================
2026-04-17 08:47:49.160 [INFO    ] orchestrator: engine produced: signals_summary_1776404869.json
2026-04-17 08:47:49.160 [INFO    ] orchestrator: cleaned up old summary: signals_summary_1776395806.json
2026-04-17 08:47:49.161 [INFO    ] orchestrator: ranked 20 signals — top candidates:
2026-04-17 08:47:49.161 [INFO    ] orchestrator:   #1 DOWN  score= 10.36  SILVER  folds=5/6  WR=96.4%  consWR=93.4%  entry=$0.82  ev=$0.1154
2026-04-17 08:47:49.162 [INFO    ] orchestrator:   #2 DOWN  score=  6.92  BRONZE  folds=2/6  WR=100.0%  consWR=97.0%  entry=$0.82  ev=$0.1454
2026-04-17 08:47:49.162 [INFO    ] orchestrator:   #3 UP    score=  6.83  BRONZE  folds=4/6  WR=100.0%  consWR=97.0%  entry=$0.87  ev=$0.0956
2026-04-17 08:47:49.162 [INFO    ] orchestrator:   #4 DOWN  score=  6.15  BRONZE  folds=3/6  WR=97.0%  consWR=94.0%  entry=$0.85  ev=$0.0891
2026-04-17 08:47:49.162 [INFO    ] orchestrator:   #5 DOWN  score=  5.06  SILVER  folds=5/6  WR=92.9%  consWR=89.9%  entry=$0.84  ev=$0.0582
2026-04-17 08:47:49.335 [INFO    ] orchestrator: identity dedupe: pulled 7 paper fire(s) from bot
2026-04-17 08:47:49.335 [INFO    ] orchestrator: DELIVERING SILVER signal: #1 Down [270s->240s] d>=0.08% v<=0.15%
2026-04-17 08:47:49.336 [INFO    ] orchestrator:   score=10.36  WR=96.4%  consWR=93.4%  entry=$0.82  ev=$0.1154  folds=[3, 4, 5, 6, 7]
2026-04-17 08:47:49.507 [INFO    ] shared.ipc: IPC: signal delivered successfully (authenticated ack)
2026-04-17 08:47:49.507 [INFO    ] orchestrator: silver signal delivered to bot
2026-04-17 09:02:49.513 [INFO    ] orchestrator: --- cycle start [06:02:49 UTC] ---
2026-04-17 09:02:49.520 [INFO    ] orchestrator: data quality check passed: 600 windows available
2026-04-17 09:02:49.521 [INFO    ] orchestrator: starting engine: C:\Users\operator\Desktop\PolySignalLab\PolySignalEngine\build\Release\PolySignalEngine.exe C:\Users\operator\Desktop\PolySignalLab\PolyDataCollector\data --output-dir C:\Users\operator\Desktop\PolySignalLab\engine_output
2026-04-17 09:02:55.576 [INFO    ] orchestrator: engine: ==========================================================
2026-04-17 09:02:55.577 [INFO    ] orchestrator: engine:   SUMMARY
2026-04-17 09:02:55.577 [INFO    ] orchestrator: engine: ==========================================================
2026-04-17 09:02:55.578 [INFO    ] orchestrator: engine:   Total windows:         600 (301 UP, 299 DOWN)
2026-04-17 09:02:55.578 [INFO    ] orchestrator: engine:   Walk-forward folds:    8 (6 test iterations)
2026-04-17 09:02:55.578 [INFO    ] orchestrator: engine:   OOS base rate:         50.2% UP (450 test windows total)
2026-04-17 09:02:55.578 [INFO    ] orchestrator: engine:   Configs swept:         150480
2026-04-17 09:02:55.579 [INFO    ] orchestrator: engine:   Viable WF-OOS signals: 73
2026-04-17 09:02:55.579 [INFO    ] orchestrator: engine:   Compute time:          4.75s
2026-04-17 09:02:55.580 [INFO    ] orchestrator: engine: ==========================================================
2026-04-17 09:02:55.580 [INFO    ] orchestrator: engine produced: signals_summary_1776405775.json
2026-04-17 09:02:55.581 [INFO    ] orchestrator: cleaned up old summary: signals_summary_1776396712.json
2026-04-17 09:02:55.582 [INFO    ] orchestrator: ranked 20 signals — top candidates:
2026-04-17 09:02:55.582 [INFO    ] orchestrator:   #1 DOWN  score= 10.13  SILVER  folds=5/6  WR=96.3%  consWR=93.3%  entry=$0.82  ev=$0.1137
2026-04-17 09:02:55.582 [INFO    ] orchestrator:   #2 DOWN  score=  7.49  BRONZE  folds=2/6  WR=100.0%  consWR=97.0%  entry=$0.81  ev=$0.1573
2026-04-17 09:02:55.583 [INFO    ] orchestrator:   #3 UP    score=  7.14  BRONZE  folds=4/6  WR=100.0%  consWR=97.0%  entry=$0.87  ev=$0.1000
2026-04-17 09:02:55.583 [INFO    ] orchestrator:   #4 DOWN  score=  6.89  SILVER  folds=5/6  WR=89.7%  consWR=86.7%  entry=$0.79  ev=$0.0800
2026-04-17 09:02:55.583 [INFO    ] orchestrator:   #5 DOWN  score=  6.81  BRONZE  folds=2/6  WR=100.0%  consWR=97.0%  entry=$0.83  ev=$0.1431
2026-04-17 09:02:55.755 [INFO    ] orchestrator: identity dedupe: pulled 7 paper fire(s) from bot
2026-04-17 09:02:55.755 [INFO    ] orchestrator: identity dedupe: down_270.0_240.0_0.08_0.15 has been top for 4 cycles but no paper fire history yet — no suppression
2026-04-17 09:02:55.756 [INFO    ] orchestrator: DELIVERING SILVER signal: #1 Down [270s->240s] d>=0.08% v<=0.15%
2026-04-17 09:02:55.756 [INFO    ] orchestrator:   score=10.13  WR=96.3%  consWR=93.3%  entry=$0.82  ev=$0.1137  folds=[3, 4, 5, 6, 7]
2026-04-17 09:02:55.927 [INFO    ] shared.ipc: IPC: signal delivered successfully (authenticated ack)
2026-04-17 09:02:55.927 [INFO    ] orchestrator: silver signal delivered to bot
2026-04-17 09:17:55.941 [INFO    ] orchestrator: --- cycle start [06:17:55 UTC] ---
2026-04-17 09:17:55.949 [INFO    ] orchestrator: data quality check passed: 600 windows available
2026-04-17 09:17:55.949 [INFO    ] orchestrator: starting engine: C:\Users\operator\Desktop\PolySignalLab\PolySignalEngine\build\Release\PolySignalEngine.exe C:\Users\operator\Desktop\PolySignalLab\PolyDataCollector\data --output-dir C:\Users\operator\Desktop\PolySignalLab\engine_output
2026-04-17 09:18:01.964 [INFO    ] orchestrator: engine: ==========================================================
2026-04-17 09:18:01.965 [INFO    ] orchestrator: engine:   SUMMARY
2026-04-17 09:18:01.965 [INFO    ] orchestrator: engine: ==========================================================
2026-04-17 09:18:01.965 [INFO    ] orchestrator: engine:   Total windows:         600 (301 UP, 299 DOWN)
2026-04-17 09:18:01.966 [INFO    ] orchestrator: engine:   Walk-forward folds:    8 (6 test iterations)
2026-04-17 09:18:01.966 [INFO    ] orchestrator: engine:   OOS base rate:         50.0% UP (450 test windows total)
2026-04-17 09:18:01.966 [INFO    ] orchestrator: engine:   Configs swept:         150480
2026-04-17 09:18:01.967 [INFO    ] orchestrator: engine:   Viable WF-OOS signals: 74
2026-04-17 09:18:01.967 [INFO    ] orchestrator: engine:   Compute time:          4.76s
2026-04-17 09:18:01.967 [INFO    ] orchestrator: engine: ==========================================================
2026-04-17 09:18:01.968 [INFO    ] orchestrator: engine produced: signals_summary_1776406681.json
2026-04-17 09:18:01.969 [INFO    ] orchestrator: cleaned up old summary: signals_summary_1776397618.json
2026-04-17 09:18:01.970 [INFO    ] orchestrator: ranked 20 signals — top candidates:
2026-04-17 09:18:01.971 [INFO    ] orchestrator:   #1 DOWN  score=  9.90  SILVER  folds=5/6  WR=96.2%  consWR=93.2%  entry=$0.82  ev=$0.1112
2026-04-17 09:18:01.971 [INFO    ] orchestrator:   #2 DOWN  score=  7.45  BRONZE  folds=2/6  WR=100.0%  consWR=97.0%  entry=$0.81  ev=$0.1565
2026-04-17 09:18:01.972 [INFO    ] orchestrator:   #3 DOWN  score=  6.66  SILVER  folds=5/6  WR=89.5%  consWR=86.5%  entry=$0.79  ev=$0.0774
2026-04-17 09:18:01.972 [INFO    ] orchestrator:   #4 DOWN  score=  5.68  BRONZE  folds=3/6  WR=93.3%  consWR=90.3%  entry=$0.82  ev=$0.0867
2026-04-17 09:18:01.972 [INFO    ] orchestrator:   #5 DOWN  score=  5.32  BRONZE  folds=3/6  WR=95.8%  consWR=92.8%  entry=$0.85  ev=$0.0775
2026-04-17 09:18:02.148 [INFO    ] orchestrator: identity dedupe: pulled 7 paper fire(s) from bot
2026-04-17 09:18:02.148 [INFO    ] orchestrator: identity dedupe: down_270.0_240.0_0.08_0.15 has been top for 4 cycles but no paper fire history yet — no suppression
2026-04-17 09:18:02.149 [INFO    ] orchestrator: DELIVERING SILVER signal: #1 Down [270s->240s] d>=0.08% v<=0.15%
2026-04-17 09:18:02.149 [INFO    ] orchestrator:   score=9.90  WR=96.2%  consWR=93.2%  entry=$0.82  ev=$0.1112  folds=[3, 4, 5, 6, 7]
2026-04-17 09:18:02.323 [INFO    ] shared.ipc: IPC: signal delivered successfully (authenticated ack)
2026-04-17 09:18:02.324 [INFO    ] orchestrator: silver signal delivered to bot
2026-04-17 09:33:02.326 [INFO    ] orchestrator: --- cycle start [06:33:02 UTC] ---
2026-04-17 09:33:02.333 [INFO    ] orchestrator: data quality check passed: 600 windows available
2026-04-17 09:33:02.333 [INFO    ] orchestrator: starting engine: C:\Users\operator\Desktop\PolySignalLab\PolySignalEngine\build\Release\PolySignalEngine.exe C:\Users\operator\Desktop\PolySignalLab\PolyDataCollector\data --output-dir C:\Users\operator\Desktop\PolySignalLab\engine_output
2026-04-17 09:33:08.316 [INFO    ] orchestrator: engine: ==========================================================
2026-04-17 09:33:08.316 [INFO    ] orchestrator: engine:   SUMMARY
2026-04-17 09:33:08.317 [INFO    ] orchestrator: engine: ==========================================================
2026-04-17 09:33:08.317 [INFO    ] orchestrator: engine:   Total windows:         600 (300 UP, 300 DOWN)
2026-04-17 09:33:08.318 [INFO    ] orchestrator: engine:   Walk-forward folds:    8 (6 test iterations)
2026-04-17 09:33:08.318 [INFO    ] orchestrator: engine:   OOS base rate:         50.4% UP (450 test windows total)
2026-04-17 09:33:08.319 [INFO    ] orchestrator: engine:   Configs swept:         150480
2026-04-17 09:33:08.319 [INFO    ] orchestrator: engine:   Viable WF-OOS signals: 70
2026-04-17 09:33:08.319 [INFO    ] orchestrator: engine:   Compute time:          4.70s
2026-04-17 09:33:08.320 [INFO    ] orchestrator: engine: ==========================================================
2026-04-17 09:33:08.320 [INFO    ] orchestrator: engine produced: signals_summary_1776407588.json
2026-04-17 09:33:08.321 [INFO    ] orchestrator: cleaned up old summary: signals_summary_1776398524.json
2026-04-17 09:33:08.322 [INFO    ] orchestrator: ranked 20 signals — top candidates:
2026-04-17 09:33:08.322 [INFO    ] orchestrator:   #1 DOWN  score= 10.12  SILVER  folds=5/6  WR=96.0%  consWR=93.0%  entry=$0.82  ev=$0.1148
2026-04-17 09:33:08.322 [INFO    ] orchestrator:   #2 DOWN  score=  7.77  BRONZE  folds=2/6  WR=100.0%  consWR=97.0%  entry=$0.81  ev=$0.1632
2026-04-17 09:33:08.323 [INFO    ] orchestrator:   #3 DOWN  score=  6.86  SILVER  folds=5/6  WR=89.2%  consWR=86.2%  entry=$0.78  ev=$0.0789
2026-04-17 09:33:08.323 [INFO    ] orchestrator:   #4 DOWN  score=  5.28  BRONZE  folds=3/6  WR=95.8%  consWR=92.8%  entry=$0.85  ev=$0.0775
2026-04-17 09:33:08.323 [INFO    ] orchestrator:   #5 DOWN  score=  4.52  BRONZE  folds=3/6  WR=100.0%  consWR=97.0%  entry=$0.91  ev=$0.0633
2026-04-17 09:33:08.496 [INFO    ] orchestrator: identity dedupe: pulled 7 paper fire(s) from bot
2026-04-17 09:33:08.496 [INFO    ] orchestrator: identity dedupe: down_270.0_240.0_0.08_0.15 has been top for 4 cycles but no paper fire history yet — no suppression
2026-04-17 09:33:08.497 [INFO    ] orchestrator: DELIVERING SILVER signal: #1 Down [270s->240s] d>=0.08% v<=0.15%
2026-04-17 09:33:08.497 [INFO    ] orchestrator:   score=10.12  WR=96.0%  consWR=93.0%  entry=$0.82  ev=$0.1148  folds=[3, 4, 5, 6, 7]
2026-04-17 09:33:08.668 [INFO    ] shared.ipc: IPC: signal delivered successfully (authenticated ack)
2026-04-17 09:33:08.668 [INFO    ] orchestrator: silver signal delivered to bot
2026-04-17 09:48:08.674 [INFO    ] orchestrator: --- cycle start [06:48:08 UTC] ---
2026-04-17 09:48:08.681 [INFO    ] orchestrator: data quality check passed: 600 windows available
2026-04-17 09:48:08.681 [INFO    ] orchestrator: starting engine: C:\Users\operator\Desktop\PolySignalLab\PolySignalEngine\build\Release\PolySignalEngine.exe C:\Users\operator\Desktop\PolySignalLab\PolyDataCollector\data --output-dir C:\Users\operator\Desktop\PolySignalLab\engine_output
2026-04-17 09:48:14.792 [INFO    ] orchestrator: engine: ==========================================================
2026-04-17 09:48:14.793 [INFO    ] orchestrator: engine:   SUMMARY
2026-04-17 09:48:14.793 [INFO    ] orchestrator: engine: ==========================================================
2026-04-17 09:48:14.794 [INFO    ] orchestrator: engine:   Total windows:         600 (303 UP, 297 DOWN)
2026-04-17 09:48:14.794 [INFO    ] orchestrator: engine:   Walk-forward folds:    8 (6 test iterations)
2026-04-17 09:48:14.794 [INFO    ] orchestrator: engine:   OOS base rate:         50.7% UP (450 test windows total)
2026-04-17 09:48:14.795 [INFO    ] orchestrator: engine:   Configs swept:         150480
2026-04-17 09:48:14.795 [INFO    ] orchestrator: engine:   Viable WF-OOS signals: 71
2026-04-17 09:48:14.795 [INFO    ] orchestrator: engine:   Compute time:          4.81s
2026-04-17 09:48:14.796 [INFO    ] orchestrator: engine: ==========================================================
2026-04-17 09:48:14.796 [INFO    ] orchestrator: engine produced: signals_summary_1776408494.json
2026-04-17 09:48:14.797 [INFO    ] orchestrator: cleaned up old summary: signals_summary_1776399431.json
2026-04-17 09:48:14.798 [INFO    ] orchestrator: ranked 20 signals — top candidates:
2026-04-17 09:48:14.798 [INFO    ] orchestrator:   #1 DOWN  score= 10.18  SILVER  folds=5/6  WR=95.8%  consWR=92.8%  entry=$0.81  ev=$0.1171
2026-04-17 09:48:14.798 [INFO    ] orchestrator:   #2 DOWN  score=  6.64  SILVER  folds=5/6  WR=88.9%  consWR=85.9%  entry=$0.78  ev=$0.0794
2026-04-17 09:48:14.799 [INFO    ] orchestrator:   #3 DOWN  score=  5.60  BRONZE  folds=2/6  WR=96.3%  consWR=93.3%  entry=$0.81  ev=$0.1207
2026-04-17 09:48:14.799 [INFO    ] orchestrator:   #4 DOWN  score=  5.13  BRONZE  folds=3/6  WR=100.0%  consWR=97.0%  entry=$0.90  ev=$0.0718
2026-04-17 09:48:14.799 [INFO    ] orchestrator:   #5 DOWN  score=  4.52  BRONZE  folds=3/6  WR=100.0%  consWR=97.0%  entry=$0.91  ev=$0.0633
2026-04-17 09:48:14.971 [INFO    ] orchestrator: identity dedupe: pulled 7 paper fire(s) from bot
2026-04-17 09:48:14.972 [INFO    ] orchestrator: identity dedupe: down_270.0_240.0_0.08_0.15 has been top for 4 cycles but no paper fire history yet — no suppression
2026-04-17 09:48:14.972 [INFO    ] orchestrator: DELIVERING SILVER signal: #1 Down [270s->240s] d>=0.08% v<=0.15%
2026-04-17 09:48:14.973 [INFO    ] orchestrator:   score=10.18  WR=95.8%  consWR=92.8%  entry=$0.81  ev=$0.1171  folds=[3, 4, 5, 6, 7]
2026-04-17 09:48:15.145 [INFO    ] shared.ipc: IPC: signal delivered successfully (authenticated ack)
2026-04-17 09:48:15.146 [INFO    ] orchestrator: silver signal delivered to bot
2026-04-17 10:03:15.155 [INFO    ] orchestrator: --- cycle start [07:03:15 UTC] ---
2026-04-17 10:03:15.162 [INFO    ] orchestrator: data quality check passed: 600 windows available
2026-04-17 10:03:15.163 [INFO    ] orchestrator: starting engine: C:\Users\operator\Desktop\PolySignalLab\PolySignalEngine\build\Release\PolySignalEngine.exe C:\Users\operator\Desktop\PolySignalLab\PolyDataCollector\data --output-dir C:\Users\operator\Desktop\PolySignalLab\engine_output
2026-04-17 10:03:21.173 [INFO    ] orchestrator: engine: ==========================================================
2026-04-17 10:03:21.174 [INFO    ] orchestrator: engine:   SUMMARY
2026-04-17 10:03:21.174 [INFO    ] orchestrator: engine: ==========================================================
2026-04-17 10:03:21.174 [INFO    ] orchestrator: engine:   Total windows:         600 (306 UP, 294 DOWN)
2026-04-17 10:03:21.175 [INFO    ] orchestrator: engine:   Walk-forward folds:    8 (6 test iterations)
2026-04-17 10:03:21.175 [INFO    ] orchestrator: engine:   OOS base rate:         51.1% UP (450 test windows total)
2026-04-17 10:03:21.175 [INFO    ] orchestrator: engine:   Configs swept:         150480
2026-04-17 10:03:21.175 [INFO    ] orchestrator: engine:   Viable WF-OOS signals: 67
2026-04-17 10:03:21.176 [INFO    ] orchestrator: engine:   Compute time:          4.71s
2026-04-17 10:03:21.176 [INFO    ] orchestrator: engine: ==========================================================
2026-04-17 10:03:21.177 [INFO    ] orchestrator: engine produced: signals_summary_1776409401.json
2026-04-17 10:03:21.177 [INFO    ] orchestrator: cleaned up old summary: signals_summary_1776400337.json
2026-04-17 10:03:21.178 [INFO    ] orchestrator: ranked 20 signals — top candidates:
2026-04-17 10:03:21.178 [INFO    ] orchestrator:   #1 DOWN  score=  6.30  SILVER  folds=5/6  WR=88.6%  consWR=85.6%  entry=$0.78  ev=$0.0754
2026-04-17 10:03:21.179 [INFO    ] orchestrator:   #2 DOWN  score=  5.78  BRONZE  folds=4/6  WR=88.9%  consWR=85.9%  entry=$0.78  ev=$0.0826
2026-04-17 10:03:21.179 [INFO    ] orchestrator:   #3 DOWN  score=  5.60  BRONZE  folds=2/6  WR=96.3%  consWR=93.3%  entry=$0.81  ev=$0.1207
2026-04-17 10:03:21.180 [INFO    ] orchestrator:   #4 DOWN  score=  4.52  BRONZE  folds=3/6  WR=100.0%  consWR=97.0%  entry=$0.91  ev=$0.0633
2026-04-17 10:03:21.180 [INFO    ] orchestrator:   #5 UP    score=  4.14  BRONZE  folds=4/6  WR=96.7%  consWR=93.7%  entry=$0.87  ev=$0.0643
2026-04-17 10:03:21.342 [INFO    ] orchestrator: identity dedupe: pulled 7 paper fire(s) from bot
2026-04-17 10:03:21.342 [INFO    ] orchestrator: DELIVERING SILVER signal: #1 Down [270s->240s] d>=0.07% v<=0.15%
2026-04-17 10:03:21.343 [INFO    ] orchestrator:   score=6.30  WR=88.6%  consWR=85.6%  entry=$0.78  ev=$0.0754  folds=[3, 4, 5, 6, 7]
2026-04-17 10:03:21.504 [INFO    ] shared.ipc: IPC: signal delivered successfully (authenticated ack)
2026-04-17 10:03:21.504 [INFO    ] orchestrator: silver signal delivered to bot
2026-04-17 10:18:21.509 [INFO    ] orchestrator: --- cycle start [07:18:21 UTC] ---
2026-04-17 10:18:21.516 [INFO    ] orchestrator: data quality check passed: 600 windows available
2026-04-17 10:18:21.517 [INFO    ] orchestrator: starting engine: C:\Users\operator\Desktop\PolySignalLab\PolySignalEngine\build\Release\PolySignalEngine.exe C:\Users\operator\Desktop\PolySignalLab\PolyDataCollector\data --output-dir C:\Users\operator\Desktop\PolySignalLab\engine_output
2026-04-17 10:18:27.615 [INFO    ] orchestrator: engine: ==========================================================
2026-04-17 10:18:27.615 [INFO    ] orchestrator: engine:   SUMMARY
2026-04-17 10:18:27.616 [INFO    ] orchestrator: engine: ==========================================================
2026-04-17 10:18:27.616 [INFO    ] orchestrator: engine:   Total windows:         600 (306 UP, 294 DOWN)
2026-04-17 10:18:27.616 [INFO    ] orchestrator: engine:   Walk-forward folds:    8 (6 test iterations)
2026-04-17 10:18:27.617 [INFO    ] orchestrator: engine:   OOS base rate:         51.6% UP (450 test windows total)
2026-04-17 10:18:27.617 [INFO    ] orchestrator: engine:   Configs swept:         150480
2026-04-17 10:18:27.617 [INFO    ] orchestrator: engine:   Viable WF-OOS signals: 62
2026-04-17 10:18:27.618 [INFO    ] orchestrator: engine:   Compute time:          4.82s
2026-04-17 10:18:27.618 [INFO    ] orchestrator: engine: ==========================================================
2026-04-17 10:18:27.619 [INFO    ] orchestrator: engine produced: signals_summary_1776410307.json
2026-04-17 10:18:27.619 [INFO    ] orchestrator: cleaned up old summary: signals_summary_1776401243.json
2026-04-17 10:18:27.620 [INFO    ] orchestrator: ranked 20 signals — top candidates:
2026-04-17 10:18:27.620 [INFO    ] orchestrator:   #1 DOWN  score=  6.12  SILVER  folds=5/6  WR=88.2%  consWR=85.2%  entry=$0.78  ev=$0.0732
2026-04-17 10:18:27.621 [INFO    ] orchestrator:   #2 DOWN  score=  5.89  BRONZE  folds=2/6  WR=96.0%  consWR=93.0%  entry=$0.80  ev=$0.1272
2026-04-17 10:18:27.621 [INFO    ] orchestrator:   #3 DOWN  score=  5.79  BRONZE  folds=3/6  WR=93.3%  consWR=90.3%  entry=$0.82  ev=$0.0867
2026-04-17 10:18:27.621 [INFO    ] orchestrator:   #4 DOWN  score=  5.78  BRONZE  folds=4/6  WR=88.9%  consWR=85.9%  entry=$0.78  ev=$0.0826
2026-04-17 10:18:27.622 [INFO    ] orchestrator:   #5 DOWN  score=  4.03  BRONZE  folds=4/6  WR=92.0%  consWR=89.0%  entry=$0.84  ev=$0.0496
2026-04-17 10:18:27.783 [INFO    ] orchestrator: identity dedupe: pulled 7 paper fire(s) from bot
2026-04-17 10:18:27.784 [INFO    ] orchestrator: DELIVERING SILVER signal: #1 Down [270s->240s] d>=0.07% v<=0.15%
2026-04-17 10:18:27.785 [INFO    ] orchestrator:   score=6.12  WR=88.2%  consWR=85.2%  entry=$0.78  ev=$0.0732  folds=[3, 4, 5, 6, 7]
2026-04-17 10:18:27.945 [INFO    ] shared.ipc: IPC: signal delivered successfully (authenticated ack)
2026-04-17 10:18:27.946 [INFO    ] orchestrator: silver signal delivered to bot
2026-04-17 10:33:27.955 [INFO    ] orchestrator: --- cycle start [07:33:27 UTC] ---
2026-04-17 10:33:27.962 [INFO    ] orchestrator: data quality check passed: 600 windows available
2026-04-17 10:33:27.963 [INFO    ] orchestrator: starting engine: C:\Users\operator\Desktop\PolySignalLab\PolySignalEngine\build\Release\PolySignalEngine.exe C:\Users\operator\Desktop\PolySignalLab\PolyDataCollector\data --output-dir C:\Users\operator\Desktop\PolySignalLab\engine_output
2026-04-17 10:33:34.306 [INFO    ] orchestrator: engine: ==========================================================
2026-04-17 10:33:34.307 [INFO    ] orchestrator: engine:   SUMMARY
2026-04-17 10:33:34.307 [INFO    ] orchestrator: engine: ==========================================================
2026-04-17 10:33:34.308 [INFO    ] orchestrator: engine:   Total windows:         600 (304 UP, 296 DOWN)
2026-04-17 10:33:34.308 [INFO    ] orchestrator: engine:   Walk-forward folds:    8 (6 test iterations)
2026-04-17 10:33:34.308 [INFO    ] orchestrator: engine:   OOS base rate:         51.3% UP (450 test windows total)
2026-04-17 10:33:34.309 [INFO    ] orchestrator: engine:   Configs swept:         150480
2026-04-17 10:33:34.309 [INFO    ] orchestrator: engine:   Viable WF-OOS signals: 63
2026-04-17 10:33:34.309 [INFO    ] orchestrator: engine:   Compute time:          5.02s
2026-04-17 10:33:34.309 [INFO    ] orchestrator: engine: ==========================================================
2026-04-17 10:33:34.310 [INFO    ] orchestrator: engine produced: signals_summary_1776411214.json
2026-04-17 10:33:34.311 [INFO    ] orchestrator: cleaned up old summary: signals_summary_1776402150.json
2026-04-17 10:33:34.312 [INFO    ] orchestrator: ranked 20 signals — top candidates:
2026-04-17 10:33:34.312 [INFO    ] orchestrator:   #1 DOWN  score=  7.49  BRONZE  folds=4/6  WR=89.7%  consWR=86.7%  entry=$0.77  ev=$0.0997
2026-04-17 10:33:34.312 [INFO    ] orchestrator:   #2 DOWN  score=  5.78  BRONZE  folds=4/6  WR=88.9%  consWR=85.9%  entry=$0.78  ev=$0.0826
2026-04-17 10:33:34.313 [INFO    ] orchestrator:   #3 DOWN  score=  4.37  BRONZE  folds=2/6  WR=94.6%  consWR=91.6%  entry=$0.81  ev=$0.1049
2026-04-17 10:33:34.313 [INFO    ] orchestrator:   #4 DOWN  score=  4.04  BRONZE  folds=3/6  WR=93.9%  consWR=90.9%  entry=$0.85  ev=$0.0594
2026-04-17 10:33:34.314 [INFO    ] orchestrator:   #5 DOWN  score=  4.03  BRONZE  folds=4/6  WR=92.0%  consWR=89.0%  entry=$0.84  ev=$0.0496
2026-04-17 10:33:34.475 [INFO    ] orchestrator: identity dedupe: pulled 7 paper fire(s) from bot
2026-04-17 10:33:34.476 [INFO    ] orchestrator: DELIVERING BRONZE signal: #1 Down [270s->240s] d>=0.07% v<=0.15%
2026-04-17 10:33:34.476 [INFO    ] orchestrator:   score=7.49  WR=89.7%  consWR=86.7%  entry=$0.77  ev=$0.0997  folds=[4, 5, 6, 7]
2026-04-17 10:33:34.637 [INFO    ] shared.ipc: IPC: signal delivered successfully (authenticated ack)
2026-04-17 10:33:34.638 [INFO    ] orchestrator: bronze signal delivered to bot
2026-04-17 10:48:34.642 [INFO    ] orchestrator: --- cycle start [07:48:34 UTC] ---
2026-04-17 10:48:34.649 [INFO    ] orchestrator: data quality check passed: 600 windows available
2026-04-17 10:48:34.650 [INFO    ] orchestrator: starting engine: C:\Users\operator\Desktop\PolySignalLab\PolySignalEngine\build\Release\PolySignalEngine.exe C:\Users\operator\Desktop\PolySignalLab\PolyDataCollector\data --output-dir C:\Users\operator\Desktop\PolySignalLab\engine_output
2026-04-17 10:48:40.794 [INFO    ] orchestrator: engine: ==========================================================
2026-04-17 10:48:40.794 [INFO    ] orchestrator: engine:   SUMMARY
2026-04-17 10:48:40.795 [INFO    ] orchestrator: engine: ==========================================================
2026-04-17 10:48:40.795 [INFO    ] orchestrator: engine:   Total windows:         600 (305 UP, 295 DOWN)
2026-04-17 10:48:40.796 [INFO    ] orchestrator: engine:   Walk-forward folds:    8 (6 test iterations)
2026-04-17 10:48:40.796 [INFO    ] orchestrator: engine:   OOS base rate:         51.1% UP (450 test windows total)
2026-04-17 10:48:40.796 [INFO    ] orchestrator: engine:   Configs swept:         150480
2026-04-17 10:48:40.797 [INFO    ] orchestrator: engine:   Viable WF-OOS signals: 63
2026-04-17 10:48:40.797 [INFO    ] orchestrator: engine:   Compute time:          4.85s
2026-04-17 10:48:40.797 [INFO    ] orchestrator: engine: ==========================================================
2026-04-17 10:48:40.798 [INFO    ] orchestrator: engine produced: signals_summary_1776412120.json
2026-04-17 10:48:40.799 [INFO    ] orchestrator: cleaned up old summary: signals_summary_1776403056.json
2026-04-17 10:48:40.799 [INFO    ] orchestrator: ranked 20 signals — top candidates:
2026-04-17 10:48:40.800 [INFO    ] orchestrator:   #1 DOWN  score=  6.12  SILVER  folds=5/6  WR=88.2%  consWR=85.2%  entry=$0.78  ev=$0.0732
2026-04-17 10:48:40.800 [INFO    ] orchestrator:   #2 DOWN  score=  5.78  BRONZE  folds=4/6  WR=88.9%  consWR=85.9%  entry=$0.78  ev=$0.0826
2026-04-17 10:48:40.801 [INFO    ] orchestrator:   #3 DOWN  score=  4.60  BRONZE  folds=3/6  WR=100.0%  consWR=97.0%  entry=$0.91  ev=$0.0643
2026-04-17 10:48:40.801 [INFO    ] orchestrator:   #4 DOWN  score=  4.08  BRONZE  folds=3/6  WR=93.9%  consWR=90.9%  entry=$0.85  ev=$0.0594
2026-04-17 10:48:40.802 [INFO    ] orchestrator:   #5 DOWN  score=  4.03  BRONZE  folds=4/6  WR=92.0%  consWR=89.0%  entry=$0.84  ev=$0.0496
2026-04-17 10:48:40.965 [INFO    ] orchestrator: identity dedupe: pulled 7 paper fire(s) from bot
2026-04-17 10:48:40.965 [INFO    ] orchestrator: identity dedupe: down_270.0_240.0_0.07_0.15 has been top for 4 cycles but no paper fire history yet — no suppression
2026-04-17 10:48:40.966 [INFO    ] orchestrator: DELIVERING SILVER signal: #1 Down [270s->240s] d>=0.07% v<=0.15%
2026-04-17 10:48:40.966 [INFO    ] orchestrator:   score=6.12  WR=88.2%  consWR=85.2%  entry=$0.78  ev=$0.0732  folds=[3, 4, 5, 6, 7]
2026-04-17 10:48:41.129 [INFO    ] shared.ipc: IPC: signal delivered successfully (authenticated ack)
2026-04-17 10:48:41.129 [INFO    ] orchestrator: silver signal delivered to bot
2026-04-17 11:03:41.142 [INFO    ] orchestrator: --- cycle start [08:03:41 UTC] ---
2026-04-17 11:03:41.149 [INFO    ] orchestrator: data quality check passed: 600 windows available
2026-04-17 11:03:41.150 [INFO    ] orchestrator: starting engine: C:\Users\operator\Desktop\PolySignalLab\PolySignalEngine\build\Release\PolySignalEngine.exe C:\Users\operator\Desktop\PolySignalLab\PolyDataCollector\data --output-dir C:\Users\operator\Desktop\PolySignalLab\engine_output
2026-04-17 11:03:47.350 [INFO    ] orchestrator: engine: ==========================================================
2026-04-17 11:03:47.350 [INFO    ] orchestrator: engine:   SUMMARY
2026-04-17 11:03:47.350 [INFO    ] orchestrator: engine: ==========================================================
2026-04-17 11:03:47.351 [INFO    ] orchestrator: engine:   Total windows:         600 (306 UP, 294 DOWN)
2026-04-17 11:03:47.351 [INFO    ] orchestrator: engine:   Walk-forward folds:    8 (6 test iterations)
2026-04-17 11:03:47.352 [INFO    ] orchestrator: engine:   OOS base rate:         51.1% UP (450 test windows total)
2026-04-17 11:03:47.352 [INFO    ] orchestrator: engine:   Configs swept:         150480
2026-04-17 11:03:47.353 [INFO    ] orchestrator: engine:   Viable WF-OOS signals: 75
2026-04-17 11:03:47.353 [INFO    ] orchestrator: engine:   Compute time:          4.89s
2026-04-17 11:03:47.353 [INFO    ] orchestrator: engine: ==========================================================
2026-04-17 11:03:47.354 [INFO    ] orchestrator: engine produced: signals_summary_1776413027.json
2026-04-17 11:03:47.355 [INFO    ] orchestrator: cleaned up old summary: signals_summary_1776403962.json
2026-04-17 11:03:47.355 [INFO    ] orchestrator: ranked 20 signals — top candidates:
2026-04-17 11:03:47.356 [INFO    ] orchestrator:   #1 DOWN  score=  6.12  SILVER  folds=5/6  WR=88.2%  consWR=85.2%  entry=$0.78  ev=$0.0732
2026-04-17 11:03:47.356 [INFO    ] orchestrator:   #2 DOWN  score=  5.01  BRONZE  folds=4/6  WR=88.9%  consWR=85.9%  entry=$0.78  ev=$0.0826
2026-04-17 11:03:47.356 [INFO    ] orchestrator:   #3 DOWN  score=  4.01  BRONZE  folds=4/6  WR=92.0%  consWR=89.0%  entry=$0.84  ev=$0.0496
2026-04-17 11:03:47.357 [INFO    ] orchestrator:   #4 DOWN  score=  3.61  BRONZE  folds=4/6  WR=90.3%  consWR=87.3%  entry=$0.83  ev=$0.0468
2026-04-17 11:03:47.357 [INFO    ] orchestrator:   #5 DOWN  score=  3.20  SILVER  folds=5/6  WR=94.1%  consWR=91.1%  entry=$0.87  ev=$0.0393
2026-04-17 11:03:47.520 [INFO    ] orchestrator: identity dedupe: pulled 7 paper fire(s) from bot
2026-04-17 11:03:47.520 [INFO    ] orchestrator: identity dedupe: down_270.0_240.0_0.07_0.15 has been top for 4 cycles but no paper fire history yet — no suppression
2026-04-17 11:03:47.521 [INFO    ] orchestrator: DELIVERING SILVER signal: #1 Down [270s->240s] d>=0.07% v<=0.15%
2026-04-17 11:03:47.521 [INFO    ] orchestrator:   score=6.12  WR=88.2%  consWR=85.2%  entry=$0.78  ev=$0.0732  folds=[3, 4, 5, 6, 7]
2026-04-17 11:03:47.685 [INFO    ] shared.ipc: IPC: signal delivered successfully (authenticated ack)
2026-04-17 11:03:47.685 [INFO    ] orchestrator: silver signal delivered to bot
2026-04-17 11:18:47.700 [INFO    ] orchestrator: --- cycle start [08:18:47 UTC] ---
2026-04-17 11:18:47.707 [INFO    ] orchestrator: data quality check passed: 600 windows available
2026-04-17 11:18:47.708 [INFO    ] orchestrator: starting engine: C:\Users\operator\Desktop\PolySignalLab\PolySignalEngine\build\Release\PolySignalEngine.exe C:\Users\operator\Desktop\PolySignalLab\PolyDataCollector\data --output-dir C:\Users\operator\Desktop\PolySignalLab\engine_output
2026-04-17 11:18:53.983 [INFO    ] orchestrator: engine: ==========================================================
2026-04-17 11:18:53.983 [INFO    ] orchestrator: engine:   SUMMARY
2026-04-17 11:18:53.984 [INFO    ] orchestrator: engine: ==========================================================
2026-04-17 11:18:53.984 [INFO    ] orchestrator: engine:   Total windows:         600 (308 UP, 292 DOWN)
2026-04-17 11:18:53.985 [INFO    ] orchestrator: engine:   Walk-forward folds:    8 (6 test iterations)
2026-04-17 11:18:53.985 [INFO    ] orchestrator: engine:   OOS base rate:         51.6% UP (450 test windows total)
2026-04-17 11:18:53.985 [INFO    ] orchestrator: engine:   Configs swept:         150480
2026-04-17 11:18:53.985 [INFO    ] orchestrator: engine:   Viable WF-OOS signals: 68
2026-04-17 11:18:53.986 [INFO    ] orchestrator: engine:   Compute time:          4.99s
2026-04-17 11:18:53.986 [INFO    ] orchestrator: engine: ==========================================================
2026-04-17 11:18:53.987 [INFO    ] orchestrator: engine produced: signals_summary_1776413933.json
2026-04-17 11:18:53.988 [INFO    ] orchestrator: cleaned up old summary: signals_summary_1776404869.json
2026-04-17 11:18:53.989 [INFO    ] orchestrator: ranked 20 signals — top candidates:
2026-04-17 11:18:53.989 [INFO    ] orchestrator:   #1 DOWN  score=  3.21  BRONZE  folds=2/6  WR=92.3%  consWR=89.3%  entry=$0.81  ev=$0.0810
2026-04-17 11:18:53.989 [INFO    ] orchestrator:   #2 DOWN  score=  3.14  SILVER  folds=5/6  WR=85.7%  consWR=82.7%  entry=$0.78  ev=$0.0466
2026-04-17 11:18:53.990 [INFO    ] orchestrator:   #3 UP    score=  3.07  SILVER  folds=5/6  WR=95.9%  consWR=92.9%  entry=$0.89  ev=$0.0441
2026-04-17 11:18:53.990 [INFO    ] orchestrator:   #4 UP    score=  3.07  SILVER  folds=5/6  WR=96.9%  consWR=93.9%  entry=$0.90  ev=$0.0419
2026-04-17 11:18:53.990 [INFO    ] orchestrator:   #5 DOWN  score=  2.99  BRONZE  folds=2/6  WR=91.7%  consWR=88.7%  entry=$0.81  ev=$0.0733
2026-04-17 11:18:54.153 [INFO    ] orchestrator: identity dedupe: pulled 8 paper fire(s) from bot
2026-04-17 11:18:54.154 [INFO    ] orchestrator: no signal passed all delivery gates — not sending to bot
2026-04-17 11:18:54.154 [INFO    ] orchestrator:   gate rejection breakdown (1 candidate(s) evaluated):
2026-04-17 11:18:54.154 [INFO    ] orchestrator:     #1 Down [250s->180s] d>=0.06% v<=0.05%       score=  3.21  failed: SCORE (got 3.21, need >= 4.00)
2026-04-17 11:18:54.155 [INFO    ] orchestrator:     (+ 19 lower-ranked candidate(s) implicitly failed SCORE gate)
2026-04-17 11:33:54.166 [INFO    ] orchestrator: --- cycle start [08:33:54 UTC] ---
2026-04-17 11:33:54.173 [INFO    ] orchestrator: data quality check passed: 600 windows available
2026-04-17 11:33:54.173 [INFO    ] orchestrator: starting engine: C:\Users\operator\Desktop\PolySignalLab\PolySignalEngine\build\Release\PolySignalEngine.exe C:\Users\operator\Desktop\PolySignalLab\PolyDataCollector\data --output-dir C:\Users\operator\Desktop\PolySignalLab\engine_output
2026-04-17 11:34:00.353 [INFO    ] orchestrator: engine: ==========================================================
2026-04-17 11:34:00.354 [INFO    ] orchestrator: engine:   SUMMARY
2026-04-17 11:34:00.354 [INFO    ] orchestrator: engine: ==========================================================
2026-04-17 11:34:00.355 [INFO    ] orchestrator: engine:   Total windows:         600 (307 UP, 293 DOWN)
2026-04-17 11:34:00.355 [INFO    ] orchestrator: engine:   Walk-forward folds:    8 (6 test iterations)
2026-04-17 11:34:00.355 [INFO    ] orchestrator: engine:   OOS base rate:         51.3% UP (450 test windows total)
2026-04-17 11:34:00.356 [INFO    ] orchestrator: engine:   Configs swept:         150480
2026-04-17 11:34:00.356 [INFO    ] orchestrator: engine:   Viable WF-OOS signals: 68
2026-04-17 11:34:00.356 [INFO    ] orchestrator: engine:   Compute time:          4.89s
2026-04-17 11:34:00.357 [INFO    ] orchestrator: engine: ==========================================================
2026-04-17 11:34:00.358 [INFO    ] orchestrator: engine produced: signals_summary_1776414840.json
2026-04-17 11:34:00.358 [INFO    ] orchestrator: cleaned up old summary: signals_summary_1776405775.json
2026-04-17 11:34:00.359 [INFO    ] orchestrator: ranked 20 signals — top candidates:
2026-04-17 11:34:00.359 [INFO    ] orchestrator:   #1 UP    score=  3.91  GOLDEN  folds=6/6  WR=97.2%  consWR=94.2%  entry=$0.90  ev=$0.0406
2026-04-17 11:34:00.360 [INFO    ] orchestrator:   #2 UP    score=  3.90  GOLDEN  folds=6/6  WR=96.4%  consWR=93.4%  entry=$0.89  ev=$0.0436
2026-04-17 11:34:00.360 [INFO    ] orchestrator:   #3 DOWN  score=  3.24  BRONZE  folds=2/6  WR=91.9%  consWR=88.9%  entry=$0.81  ev=$0.0795
2026-04-17 11:34:00.361 [INFO    ] orchestrator:   #4 DOWN  score=  3.21  BRONZE  folds=2/6  WR=92.3%  consWR=89.3%  entry=$0.81  ev=$0.0810
2026-04-17 11:34:00.361 [INFO    ] orchestrator:   #5 DOWN  score=  3.14  SILVER  folds=5/6  WR=85.7%  consWR=82.7%  entry=$0.78  ev=$0.0466
2026-04-17 11:34:00.524 [INFO    ] orchestrator: identity dedupe: pulled 8 paper fire(s) from bot
2026-04-17 11:34:00.525 [INFO    ] orchestrator: no signal passed all delivery gates — not sending to bot
2026-04-17 11:34:00.525 [INFO    ] orchestrator:   gate rejection breakdown (1 candidate(s) evaluated):
2026-04-17 11:34:00.525 [INFO    ] orchestrator:     #1 Up [200s->170s] d>=0.08% v<=0.05%         score=  3.91  failed: SCORE (got 3.91, need >= 4.00)
2026-04-17 11:34:00.526 [INFO    ] orchestrator:     (+ 19 lower-ranked candidate(s) implicitly failed SCORE gate)
2026-04-17 11:49:00.530 [INFO    ] orchestrator: --- cycle start [08:49:00 UTC] ---
2026-04-17 11:49:00.536 [INFO    ] orchestrator: data quality check passed: 600 windows available
2026-04-17 11:49:00.537 [INFO    ] orchestrator: starting engine: C:\Users\operator\Desktop\PolySignalLab\PolySignalEngine\build\Release\PolySignalEngine.exe C:\Users\operator\Desktop\PolySignalLab\PolyDataCollector\data --output-dir C:\Users\operator\Desktop\PolySignalLab\engine_output
2026-04-17 11:49:06.807 [INFO    ] orchestrator: engine: ==========================================================
2026-04-17 11:49:06.807 [INFO    ] orchestrator: engine:   SUMMARY
2026-04-17 11:49:06.808 [INFO    ] orchestrator: engine: ==========================================================
2026-04-17 11:49:06.808 [INFO    ] orchestrator: engine:   Total windows:         600 (307 UP, 293 DOWN)
2026-04-17 11:49:06.808 [INFO    ] orchestrator: engine:   Walk-forward folds:    8 (6 test iterations)
2026-04-17 11:49:06.809 [INFO    ] orchestrator: engine:   OOS base rate:         51.1% UP (450 test windows total)
2026-04-17 11:49:06.809 [INFO    ] orchestrator: engine:   Configs swept:         150480
2026-04-17 11:49:06.810 [INFO    ] orchestrator: engine:   Viable WF-OOS signals: 57
2026-04-17 11:49:06.810 [INFO    ] orchestrator: engine:   Compute time:          5.00s
2026-04-17 11:49:06.810 [INFO    ] orchestrator: engine: ==========================================================
2026-04-17 11:49:06.811 [INFO    ] orchestrator: engine produced: signals_summary_1776415746.json
2026-04-17 11:49:06.812 [INFO    ] orchestrator: cleaned up old summary: signals_summary_1776406681.json
2026-04-17 11:49:06.812 [INFO    ] orchestrator: ranked 20 signals — top candidates:
2026-04-17 11:49:06.813 [INFO    ] orchestrator:   #1 DOWN  score=  5.13  BRONZE  folds=3/6  WR=96.0%  consWR=93.0%  entry=$0.86  ev=$0.0748
2026-04-17 11:49:06.813 [INFO    ] orchestrator:   #2 DOWN  score=  4.72  BRONZE  folds=3/6  WR=97.0%  consWR=94.0%  entry=$0.87  ev=$0.0682
2026-04-17 11:49:06.813 [INFO    ] orchestrator:   #3 UP    score=  4.34  BRONZE  folds=4/6  WR=100.0%  consWR=97.0%  entry=$0.92  ev=$0.0507
2026-04-17 11:49:06.814 [INFO    ] orchestrator:   #4 DOWN  score=  4.05  BRONZE  folds=4/6  WR=86.2%  consWR=83.2%  entry=$0.77  ev=$0.0669
2026-04-17 11:49:06.815 [INFO    ] orchestrator:   #5 UP    score=  3.98  GOLDEN  folds=6/6  WR=96.4%  consWR=93.4%  entry=$0.89  ev=$0.0436
2026-04-17 11:49:06.977 [INFO    ] orchestrator: identity dedupe: pulled 9 paper fire(s) from bot
2026-04-17 11:49:06.977 [INFO    ] orchestrator: DELIVERING BRONZE signal: #1 Down [290s->170s] d>=0.09% v<=0.05%
2026-04-17 11:49:06.978 [INFO    ] orchestrator:   score=5.13  WR=96.0%  consWR=93.0%  entry=$0.86  ev=$0.0748  folds=[5, 6, 7]
2026-04-17 11:49:07.162 [INFO    ] shared.ipc: IPC: signal delivered successfully (authenticated ack)
2026-04-17 11:49:07.162 [INFO    ] orchestrator: bronze signal delivered to bot
2026-04-17 12:04:07.171 [INFO    ] orchestrator: --- cycle start [09:04:07 UTC] ---
2026-04-17 12:04:07.181 [INFO    ] orchestrator: data quality check passed: 600 windows available
2026-04-17 12:04:07.182 [INFO    ] orchestrator: starting engine: C:\Users\operator\Desktop\PolySignalLab\PolySignalEngine\build\Release\PolySignalEngine.exe C:\Users\operator\Desktop\PolySignalLab\PolyDataCollector\data --output-dir C:\Users\operator\Desktop\PolySignalLab\engine_output
2026-04-17 12:04:13.417 [INFO    ] orchestrator: engine: ==========================================================
2026-04-17 12:04:13.417 [INFO    ] orchestrator: engine:   SUMMARY
2026-04-17 12:04:13.418 [INFO    ] orchestrator: engine: ==========================================================
2026-04-17 12:04:13.418 [INFO    ] orchestrator: engine:   Total windows:         600 (310 UP, 290 DOWN)
2026-04-17 12:04:13.418 [INFO    ] orchestrator: engine:   Walk-forward folds:    8 (6 test iterations)
2026-04-17 12:04:13.419 [INFO    ] orchestrator: engine:   OOS base rate:         51.3% UP (450 test windows total)
2026-04-17 12:04:13.419 [INFO    ] orchestrator: engine:   Configs swept:         150480
2026-04-17 12:04:13.419 [INFO    ] orchestrator: engine:   Viable WF-OOS signals: 53
2026-04-17 12:04:13.420 [INFO    ] orchestrator: engine:   Compute time:          4.98s
2026-04-17 12:04:13.420 [INFO    ] orchestrator: engine: ==========================================================
2026-04-17 12:04:13.421 [INFO    ] orchestrator: engine produced: signals_summary_1776416653.json
2026-04-17 12:04:13.421 [INFO    ] orchestrator: cleaned up old summary: signals_summary_1776407588.json
2026-04-17 12:04:13.422 [INFO    ] orchestrator: ranked 20 signals — top candidates:
2026-04-17 12:04:13.422 [INFO    ] orchestrator:   #1 DOWN  score=  5.50  BRONZE  folds=3/6  WR=100.0%  consWR=97.0%  entry=$0.89  ev=$0.0770
2026-04-17 12:04:13.423 [INFO    ] orchestrator:   #2 DOWN  score=  5.22  BRONZE  folds=3/6  WR=100.0%  consWR=97.0%  entry=$0.90  ev=$0.0731
2026-04-17 12:04:13.423 [INFO    ] orchestrator:   #3 DOWN  score=  5.19  BRONZE  folds=3/6  WR=95.8%  consWR=92.8%  entry=$0.85  ev=$0.0758
2026-04-17 12:04:13.423 [INFO    ] orchestrator:   #4 DOWN  score=  4.91  BRONZE  folds=3/6  WR=96.8%  consWR=93.8%  entry=$0.87  ev=$0.0713
2026-04-17 12:04:13.424 [INFO    ] orchestrator:   #5 DOWN  score=  3.90  BRONZE  folds=4/6  WR=100.0%  consWR=97.0%  entry=$0.92  ev=$0.0513
2026-04-17 12:04:13.587 [INFO    ] orchestrator: identity dedupe: pulled 9 paper fire(s) from bot
2026-04-17 12:04:13.587 [INFO    ] orchestrator: DELIVERING BRONZE signal: #1 Down [190s->160s] d>=0.09% v<=0.05%
2026-04-17 12:04:13.588 [INFO    ] orchestrator:   score=5.50  WR=100.0%  consWR=97.0%  entry=$0.89  ev=$0.0770  folds=[5, 6, 7]
2026-04-17 12:04:13.751 [INFO    ] shared.ipc: IPC: signal delivered successfully (authenticated ack)
2026-04-17 12:04:13.751 [INFO    ] orchestrator: bronze signal delivered to bot
2026-04-17 12:19:13.753 [INFO    ] orchestrator: --- cycle start [09:19:13 UTC] ---
2026-04-17 12:19:13.760 [INFO    ] orchestrator: data quality check passed: 600 windows available
2026-04-17 12:19:13.761 [INFO    ] orchestrator: starting engine: C:\Users\operator\Desktop\PolySignalLab\PolySignalEngine\build\Release\PolySignalEngine.exe C:\Users\operator\Desktop\PolySignalLab\PolyDataCollector\data --output-dir C:\Users\operator\Desktop\PolySignalLab\engine_output
2026-04-17 12:19:20.212 [INFO    ] orchestrator: engine: ==========================================================
2026-04-17 12:19:20.212 [INFO    ] orchestrator: engine:   SUMMARY
2026-04-17 12:19:20.213 [INFO    ] orchestrator: engine: ==========================================================
2026-04-17 12:19:20.213 [INFO    ] orchestrator: engine:   Total windows:         600 (310 UP, 290 DOWN)
2026-04-17 12:19:20.214 [INFO    ] orchestrator: engine:   Walk-forward folds:    8 (6 test iterations)
2026-04-17 12:19:20.214 [INFO    ] orchestrator: engine:   OOS base rate:         51.3% UP (450 test windows total)
2026-04-17 12:19:20.214 [INFO    ] orchestrator: engine:   Configs swept:         150480
2026-04-17 12:19:20.215 [INFO    ] orchestrator: engine:   Viable WF-OOS signals: 63
2026-04-17 12:19:20.215 [INFO    ] orchestrator: engine:   Compute time:          5.15s
2026-04-17 12:19:20.215 [INFO    ] orchestrator: engine: ==========================================================
2026-04-17 12:19:20.216 [INFO    ] orchestrator: engine produced: signals_summary_1776417560.json
2026-04-17 12:19:20.217 [INFO    ] orchestrator: cleaned up old summary: signals_summary_1776408494.json
2026-04-17 12:19:20.218 [INFO    ] orchestrator: ranked 20 signals — top candidates:
2026-04-17 12:19:20.218 [INFO    ] orchestrator:   #1 DOWN  score=  5.05  BRONZE  folds=3/6  WR=100.0%  consWR=97.0%  entry=$0.90  ev=$0.0707
2026-04-17 12:19:20.218 [INFO    ] orchestrator:   #2 DOWN  score=  4.77  BRONZE  folds=3/6  WR=100.0%  consWR=97.0%  entry=$0.90  ev=$0.0668
2026-04-17 12:19:20.219 [INFO    ] orchestrator:   #3 DOWN  score=  3.90  BRONZE  folds=4/6  WR=100.0%  consWR=97.0%  entry=$0.92  ev=$0.0513
2026-04-17 12:19:20.219 [INFO    ] orchestrator:   #4 UP    score=  3.25  BRONZE  folds=4/6  WR=96.7%  consWR=93.7%  entry=$0.89  ev=$0.0477
2026-04-17 12:19:20.219 [INFO    ] orchestrator:   #5 UP    score=  3.10  BRONZE  folds=4/6  WR=100.0%  consWR=97.0%  entry=$0.93  ev=$0.0434
2026-04-17 12:19:20.382 [INFO    ] orchestrator: identity dedupe: pulled 9 paper fire(s) from bot
2026-04-17 12:19:20.383 [INFO    ] orchestrator: DELIVERING BRONZE signal: #1 Down [210s->140s] d>=0.09% v<=0.05%
2026-04-17 12:19:20.383 [INFO    ] orchestrator:   score=5.05  WR=100.0%  consWR=97.0%  entry=$0.90  ev=$0.0707  folds=[5, 6, 7]
2026-04-17 12:19:20.545 [INFO    ] shared.ipc: IPC: signal delivered successfully (authenticated ack)
2026-04-17 12:19:20.546 [INFO    ] orchestrator: bronze signal delivered to bot
2026-04-17 12:34:20.555 [INFO    ] orchestrator: --- cycle start [09:34:20 UTC] ---
2026-04-17 12:34:20.563 [INFO    ] orchestrator: data quality check passed: 600 windows available
2026-04-17 12:34:20.564 [INFO    ] orchestrator: starting engine: C:\Users\operator\Desktop\PolySignalLab\PolySignalEngine\build\Release\PolySignalEngine.exe C:\Users\operator\Desktop\PolySignalLab\PolyDataCollector\data --output-dir C:\Users\operator\Desktop\PolySignalLab\engine_output
2026-04-17 12:34:26.901 [INFO    ] orchestrator: engine: ==========================================================
2026-04-17 12:34:26.902 [INFO    ] orchestrator: engine:   SUMMARY
2026-04-17 12:34:26.902 [INFO    ] orchestrator: engine: ==========================================================
2026-04-17 12:34:26.903 [INFO    ] orchestrator: engine:   Total windows:         600 (311 UP, 289 DOWN)
2026-04-17 12:34:26.903 [INFO    ] orchestrator: engine:   Walk-forward folds:    8 (6 test iterations)
2026-04-17 12:34:26.903 [INFO    ] orchestrator: engine:   OOS base rate:         51.3% UP (450 test windows total)
2026-04-17 12:34:26.903 [INFO    ] orchestrator: engine:   Configs swept:         150480
2026-04-17 12:34:26.904 [INFO    ] orchestrator: engine:   Viable WF-OOS signals: 61
2026-04-17 12:34:26.904 [INFO    ] orchestrator: engine:   Compute time:          5.04s
2026-04-17 12:34:26.904 [INFO    ] orchestrator: engine: ==========================================================
2026-04-17 12:34:26.905 [INFO    ] orchestrator: engine produced: signals_summary_1776418466.json
2026-04-17 12:34:26.906 [INFO    ] orchestrator: cleaned up old summary: signals_summary_1776409401.json
2026-04-17 12:34:26.907 [INFO    ] orchestrator: ranked 20 signals — top candidates:
2026-04-17 12:34:26.907 [INFO    ] orchestrator:   #1 DOWN  score=  5.12  BRONZE  folds=3/6  WR=95.8%  consWR=92.8%  entry=$0.85  ev=$0.0746
2026-04-17 12:34:26.907 [INFO    ] orchestrator:   #2 DOWN  score=  4.77  BRONZE  folds=3/6  WR=96.7%  consWR=93.7%  entry=$0.87  ev=$0.0693
2026-04-17 12:34:26.908 [INFO    ] orchestrator:   #3 DOWN  score=  4.17  BRONZE  folds=3/6  WR=100.0%  consWR=97.0%  entry=$0.91  ev=$0.0583
2026-04-17 12:34:26.908 [INFO    ] orchestrator:   #4 UP    score=  3.89  BRONZE  folds=3/6  WR=95.8%  consWR=92.8%  entry=$0.87  ev=$0.0608
2026-04-17 12:34:26.908 [INFO    ] orchestrator:   #5 DOWN  score=  3.06  BRONZE  folds=4/6  WR=98.0%  consWR=95.0%  entry=$0.91  ev=$0.0418
2026-04-17 12:34:27.071 [INFO    ] orchestrator: identity dedupe: pulled 9 paper fire(s) from bot
2026-04-17 12:34:27.071 [INFO    ] orchestrator: DELIVERING BRONZE signal: #1 Down [290s->170s] d>=0.09% v<=0.05%
2026-04-17 12:34:27.072 [INFO    ] orchestrator:   score=5.12  WR=95.8%  consWR=92.8%  entry=$0.85  ev=$0.0746  folds=[5, 6, 7]
2026-04-17 12:34:27.233 [INFO    ] shared.ipc: IPC: signal delivered successfully (authenticated ack)
2026-04-17 12:34:27.233 [INFO    ] orchestrator: bronze signal delivered to bot
2026-04-17 12:49:27.234 [INFO    ] orchestrator: --- cycle start [09:49:27 UTC] ---
2026-04-17 12:49:27.241 [INFO    ] orchestrator: data quality check passed: 600 windows available
2026-04-17 12:49:27.242 [INFO    ] orchestrator: starting engine: C:\Users\operator\Desktop\PolySignalLab\PolySignalEngine\build\Release\PolySignalEngine.exe C:\Users\operator\Desktop\PolySignalLab\PolyDataCollector\data --output-dir C:\Users\operator\Desktop\PolySignalLab\engine_output
2026-04-17 12:49:33.769 [INFO    ] orchestrator: engine: ==========================================================
2026-04-17 12:49:33.769 [INFO    ] orchestrator: engine:   SUMMARY
2026-04-17 12:49:33.770 [INFO    ] orchestrator: engine: ==========================================================
2026-04-17 12:49:33.770 [INFO    ] orchestrator: engine:   Total windows:         600 (311 UP, 289 DOWN)
2026-04-17 12:49:33.771 [INFO    ] orchestrator: engine:   Walk-forward folds:    8 (6 test iterations)
2026-04-17 12:49:33.771 [INFO    ] orchestrator: engine:   OOS base rate:         51.3% UP (450 test windows total)
2026-04-17 12:49:33.771 [INFO    ] orchestrator: engine:   Configs swept:         150480
2026-04-17 12:49:33.772 [INFO    ] orchestrator: engine:   Viable WF-OOS signals: 67
2026-04-17 12:49:33.772 [INFO    ] orchestrator: engine:   Compute time:          5.23s
2026-04-17 12:49:33.772 [INFO    ] orchestrator: engine: ==========================================================
2026-04-17 12:49:33.773 [INFO    ] orchestrator: engine produced: signals_summary_1776419373.json
2026-04-17 12:49:33.774 [INFO    ] orchestrator: cleaned up old summary: signals_summary_1776410307.json
2026-04-17 12:49:33.775 [INFO    ] orchestrator: ranked 20 signals — top candidates:
2026-04-17 12:49:33.775 [INFO    ] orchestrator:   #1 DOWN  score=  5.12  BRONZE  folds=3/6  WR=95.8%  consWR=92.8%  entry=$0.85  ev=$0.0746
2026-04-17 12:49:33.776 [INFO    ] orchestrator:   #2 DOWN  score=  4.62  BRONZE  folds=4/6  WR=100.0%  consWR=97.0%  entry=$0.92  ev=$0.0538
2026-04-17 12:49:33.776 [INFO    ] orchestrator:   #3 DOWN  score=  4.52  BRONZE  folds=3/6  WR=96.9%  consWR=93.9%  entry=$0.87  ev=$0.0656
2026-04-17 12:49:33.776 [INFO    ] orchestrator:   #4 DOWN  score=  3.56  BRONZE  folds=3/6  WR=92.3%  consWR=89.3%  entry=$0.83  ev=$0.0679
2026-04-17 12:49:33.777 [INFO    ] orchestrator:   #5 DOWN  score=  3.16  SILVER  folds=5/6  WR=90.3%  consWR=87.3%  entry=$0.84  ev=$0.0371
2026-04-17 12:49:33.940 [INFO    ] orchestrator: identity dedupe: pulled 9 paper fire(s) from bot
2026-04-17 12:49:33.940 [INFO    ] orchestrator: DELIVERING BRONZE signal: #1 Down [290s->170s] d>=0.09% v<=0.05%
2026-04-17 12:49:33.941 [INFO    ] orchestrator:   score=5.12  WR=95.8%  consWR=92.8%  entry=$0.85  ev=$0.0746  folds=[5, 6, 7]
2026-04-17 12:49:34.102 [INFO    ] shared.ipc: IPC: signal delivered successfully (authenticated ack)
2026-04-17 12:49:34.102 [INFO    ] orchestrator: bronze signal delivered to bot
2026-04-17 13:04:34.109 [INFO    ] orchestrator: --- cycle start [10:04:34 UTC] ---
2026-04-17 13:04:34.119 [INFO    ] orchestrator: data quality check passed: 600 windows available
2026-04-17 13:04:34.121 [INFO    ] orchestrator: starting engine: C:\Users\operator\Desktop\PolySignalLab\PolySignalEngine\build\Release\PolySignalEngine.exe C:\Users\operator\Desktop\PolySignalLab\PolyDataCollector\data --output-dir C:\Users\operator\Desktop\PolySignalLab\engine_output
2026-04-17 13:04:40.581 [INFO    ] orchestrator: engine: ==========================================================
2026-04-17 13:04:40.582 [INFO    ] orchestrator: engine:   SUMMARY
2026-04-17 13:04:40.582 [INFO    ] orchestrator: engine: ==========================================================
2026-04-17 13:04:40.584 [INFO    ] orchestrator: engine:   Total windows:         600 (312 UP, 288 DOWN)
2026-04-17 13:04:40.584 [INFO    ] orchestrator: engine:   Walk-forward folds:    8 (6 test iterations)
2026-04-17 13:04:40.584 [INFO    ] orchestrator: engine:   OOS base rate:         52.0% UP (450 test windows total)
2026-04-17 13:04:40.585 [INFO    ] orchestrator: engine:   Configs swept:         150480
2026-04-17 13:04:40.585 [INFO    ] orchestrator: engine:   Viable WF-OOS signals: 65
2026-04-17 13:04:40.585 [INFO    ] orchestrator: engine:   Compute time:          5.16s
2026-04-17 13:04:40.585 [INFO    ] orchestrator: engine: ==========================================================
2026-04-17 13:04:40.587 [INFO    ] orchestrator: engine produced: signals_summary_1776420280.json
2026-04-17 13:04:40.588 [INFO    ] orchestrator: cleaned up old summary: signals_summary_1776411214.json
2026-04-17 13:04:40.589 [INFO    ] orchestrator: ranked 20 signals — top candidates:
2026-04-17 13:04:40.590 [INFO    ] orchestrator:   #1 UP    score=  7.12  SILVER  folds=5/6  WR=96.2%  consWR=93.2%  entry=$0.85  ev=$0.0819
2026-04-17 13:04:40.590 [INFO    ] orchestrator:   #2 DOWN  score=  4.81  SILVER  folds=5/6  WR=100.0%  consWR=97.0%  entry=$0.92  ev=$0.0532
2026-04-17 13:04:40.590 [INFO    ] orchestrator:   #3 DOWN  score=  4.81  BRONZE  folds=3/6  WR=100.0%  consWR=97.0%  entry=$0.90  ev=$0.0673
2026-04-17 13:04:40.591 [INFO    ] orchestrator:   #4 DOWN  score=  4.79  BRONZE  folds=3/6  WR=94.0%  consWR=91.0%  entry=$0.82  ev=$0.0896
2026-04-17 13:04:40.591 [INFO    ] orchestrator:   #5 DOWN  score=  3.63  BRONZE  folds=3/6  WR=100.0%  consWR=97.0%  entry=$0.91  ev=$0.0586
2026-04-17 13:04:40.776 [INFO    ] orchestrator: identity dedupe: pulled 9 paper fire(s) from bot
2026-04-17 13:04:40.777 [INFO    ] orchestrator: DELIVERING SILVER signal: #1 Up [230s->200s] d>=0.08% v<=0.1%
2026-04-17 13:04:40.777 [INFO    ] orchestrator:   score=7.12  WR=96.2%  consWR=93.2%  entry=$0.85  ev=$0.0819  folds=[3, 4, 5, 6, 7]
2026-04-17 13:04:40.951 [INFO    ] shared.ipc: IPC: signal delivered successfully (authenticated ack)
2026-04-17 13:04:40.952 [INFO    ] orchestrator: silver signal delivered to bot
2026-04-17 13:19:40.960 [INFO    ] orchestrator: --- cycle start [10:19:40 UTC] ---
2026-04-17 13:19:40.967 [INFO    ] orchestrator: data quality check passed: 600 windows available
2026-04-17 13:19:40.968 [INFO    ] orchestrator: starting engine: C:\Users\operator\Desktop\PolySignalLab\PolySignalEngine\build\Release\PolySignalEngine.exe C:\Users\operator\Desktop\PolySignalLab\PolyDataCollector\data --output-dir C:\Users\operator\Desktop\PolySignalLab\engine_output
2026-04-17 13:19:47.495 [INFO    ] orchestrator: engine: ==========================================================
2026-04-17 13:19:47.496 [INFO    ] orchestrator: engine:   SUMMARY
2026-04-17 13:19:47.496 [INFO    ] orchestrator: engine: ==========================================================
2026-04-17 13:19:47.497 [INFO    ] orchestrator: engine:   Total windows:         600 (311 UP, 289 DOWN)
2026-04-17 13:19:47.497 [INFO    ] orchestrator: engine:   Walk-forward folds:    8 (6 test iterations)
2026-04-17 13:19:47.498 [INFO    ] orchestrator: engine:   OOS base rate:         51.8% UP (450 test windows total)
2026-04-17 13:19:47.498 [INFO    ] orchestrator: engine:   Configs swept:         150480
2026-04-17 13:19:47.498 [INFO    ] orchestrator: engine:   Viable WF-OOS signals: 71
2026-04-17 13:19:47.499 [INFO    ] orchestrator: engine:   Compute time:          5.24s
2026-04-17 13:19:47.499 [INFO    ] orchestrator: engine: ==========================================================
2026-04-17 13:19:47.500 [INFO    ] orchestrator: engine produced: signals_summary_1776421187.json
2026-04-17 13:19:47.501 [INFO    ] orchestrator: cleaned up old summary: signals_summary_1776412120.json
2026-04-17 13:19:47.501 [INFO    ] orchestrator: ranked 20 signals — top candidates:
2026-04-17 13:19:47.502 [INFO    ] orchestrator:   #1 UP    score=  7.27  SILVER  folds=5/6  WR=96.0%  consWR=93.0%  entry=$0.85  ev=$0.0836
2026-04-17 13:19:47.502 [INFO    ] orchestrator:   #2 DOWN  score=  5.16  BRONZE  folds=3/6  WR=96.7%  consWR=93.7%  entry=$0.86  ev=$0.0750
2026-04-17 13:19:47.502 [INFO    ] orchestrator:   #3 UP    score=  4.48  SILVER  folds=5/6  WR=100.0%  consWR=97.0%  entry=$0.92  ev=$0.0470
2026-04-17 13:19:47.503 [INFO    ] orchestrator:   #4 UP    score=  3.62  BRONZE  folds=4/6  WR=100.0%  consWR=97.0%  entry=$0.92  ev=$0.0506
2026-04-17 13:19:47.503 [INFO    ] orchestrator:   #5 DOWN  score=  3.53  BRONZE  folds=3/6  WR=100.0%  consWR=97.0%  entry=$0.91  ev=$0.0570
2026-04-17 13:19:47.664 [INFO    ] orchestrator: identity dedupe: pulled 9 paper fire(s) from bot
2026-04-17 13:19:47.665 [INFO    ] orchestrator: DELIVERING SILVER signal: #1 Up [230s->200s] d>=0.08% v<=0.1%
2026-04-17 13:19:47.665 [INFO    ] orchestrator:   score=7.27  WR=96.0%  consWR=93.0%  entry=$0.85  ev=$0.0836  folds=[3, 4, 5, 6, 7]
2026-04-17 13:19:47.827 [INFO    ] shared.ipc: IPC: signal delivered successfully (authenticated ack)
2026-04-17 13:19:47.827 [INFO    ] orchestrator: silver signal delivered to bot
2026-04-17 13:34:47.841 [INFO    ] orchestrator: --- cycle start [10:34:47 UTC] ---
2026-04-17 13:34:47.848 [INFO    ] orchestrator: data quality check passed: 600 windows available
2026-04-17 13:34:47.849 [INFO    ] orchestrator: starting engine: C:\Users\operator\Desktop\PolySignalLab\PolySignalEngine\build\Release\PolySignalEngine.exe C:\Users\operator\Desktop\PolySignalLab\PolyDataCollector\data --output-dir C:\Users\operator\Desktop\PolySignalLab\engine_output
2026-04-17 13:34:54.335 [INFO    ] orchestrator: engine: ==========================================================
2026-04-17 13:34:54.336 [INFO    ] orchestrator: engine:   SUMMARY
2026-04-17 13:34:54.336 [INFO    ] orchestrator: engine: ==========================================================
2026-04-17 13:34:54.336 [INFO    ] orchestrator: engine:   Total windows:         600 (311 UP, 289 DOWN)
2026-04-17 13:34:54.337 [INFO    ] orchestrator: engine:   Walk-forward folds:    8 (6 test iterations)
2026-04-17 13:34:54.337 [INFO    ] orchestrator: engine:   OOS base rate:         51.8% UP (450 test windows total)
2026-04-17 13:34:54.337 [INFO    ] orchestrator: engine:   Configs swept:         150480
2026-04-17 13:34:54.338 [INFO    ] orchestrator: engine:   Viable WF-OOS signals: 67
2026-04-17 13:34:54.338 [INFO    ] orchestrator: engine:   Compute time:          5.17s
2026-04-17 13:34:54.338 [INFO    ] orchestrator: engine: ==========================================================
2026-04-17 13:34:54.339 [INFO    ] orchestrator: engine produced: signals_summary_1776422094.json
2026-04-17 13:34:54.340 [INFO    ] orchestrator: cleaned up old summary: signals_summary_1776413027.json
2026-04-17 13:34:54.341 [INFO    ] orchestrator: ranked 20 signals — top candidates:
2026-04-17 13:34:54.342 [INFO    ] orchestrator:   #1 UP    score=  7.37  SILVER  folds=5/6  WR=96.0%  consWR=93.0%  entry=$0.85  ev=$0.0836
2026-04-17 13:34:54.342 [INFO    ] orchestrator:   #2 DOWN  score=  4.92  SILVER  folds=5/6  WR=100.0%  consWR=97.0%  entry=$0.91  ev=$0.0574
2026-04-17 13:34:54.342 [INFO    ] orchestrator:   #3 UP    score=  4.48  SILVER  folds=5/6  WR=100.0%  consWR=97.0%  entry=$0.92  ev=$0.0470
2026-04-17 13:34:54.342 [INFO    ] orchestrator:   #4 DOWN  score=  3.45  BRONZE  folds=3/6  WR=100.0%  consWR=97.0%  entry=$0.91  ev=$0.0558
2026-04-17 13:34:54.343 [INFO    ] orchestrator:   #5 DOWN  score=  3.43  BRONZE  folds=2/6  WR=100.0%  consWR=97.0%  entry=$0.90  ev=$0.0654
2026-04-17 13:34:54.504 [INFO    ] orchestrator: identity dedupe: pulled 9 paper fire(s) from bot
2026-04-17 13:34:54.505 [INFO    ] orchestrator: DELIVERING SILVER signal: #1 Up [230s->200s] d>=0.08% v<=0.1%
2026-04-17 13:34:54.505 [INFO    ] orchestrator:   score=7.37  WR=96.0%  consWR=93.0%  entry=$0.85  ev=$0.0836  folds=[3, 4, 5, 6, 7]
2026-04-17 13:34:54.666 [INFO    ] shared.ipc: IPC: signal delivered successfully (authenticated ack)
2026-04-17 13:34:54.667 [INFO    ] orchestrator: silver signal delivered to bot
2026-04-17 13:49:54.674 [INFO    ] orchestrator: --- cycle start [10:49:54 UTC] ---
2026-04-17 13:49:54.681 [INFO    ] orchestrator: data quality check passed: 600 windows available
2026-04-17 13:49:54.682 [INFO    ] orchestrator: starting engine: C:\Users\operator\Desktop\PolySignalLab\PolySignalEngine\build\Release\PolySignalEngine.exe C:\Users\operator\Desktop\PolySignalLab\PolyDataCollector\data --output-dir C:\Users\operator\Desktop\PolySignalLab\engine_output
2026-04-17 13:50:01.175 [INFO    ] orchestrator: engine: ==========================================================
2026-04-17 13:50:01.176 [INFO    ] orchestrator: engine:   SUMMARY
2026-04-17 13:50:01.176 [INFO    ] orchestrator: engine: ==========================================================
2026-04-17 13:50:01.176 [INFO    ] orchestrator: engine:   Total windows:         600 (310 UP, 290 DOWN)
2026-04-17 13:50:01.177 [INFO    ] orchestrator: engine:   Walk-forward folds:    8 (6 test iterations)
2026-04-17 13:50:01.177 [INFO    ] orchestrator: engine:   OOS base rate:         51.6% UP (450 test windows total)
2026-04-17 13:50:01.177 [INFO    ] orchestrator: engine:   Configs swept:         150480
2026-04-17 13:50:01.178 [INFO    ] orchestrator: engine:   Viable WF-OOS signals: 69
2026-04-17 13:50:01.178 [INFO    ] orchestrator: engine:   Compute time:          5.22s
2026-04-17 13:50:01.178 [INFO    ] orchestrator: engine: ==========================================================
2026-04-17 13:50:01.179 [INFO    ] orchestrator: engine produced: signals_summary_1776423001.json
2026-04-17 13:50:01.180 [INFO    ] orchestrator: cleaned up old summary: signals_summary_1776413933.json
2026-04-17 13:50:01.180 [INFO    ] orchestrator: ranked 20 signals — top candidates:
2026-04-17 13:50:01.180 [INFO    ] orchestrator:   #1 UP    score=  7.35  SILVER  folds=5/6  WR=95.8%  consWR=92.8%  entry=$0.84  ev=$0.0833
2026-04-17 13:50:01.181 [INFO    ] orchestrator:   #2 DOWN  score=  4.80  BRONZE  folds=4/6  WR=100.0%  consWR=97.0%  entry=$0.88  ev=$0.0917
2026-04-17 13:50:01.181 [INFO    ] orchestrator:   #3 DOWN  score=  4.44  BRONZE  folds=3/6  WR=93.9%  consWR=90.9%  entry=$0.82  ev=$0.0839
2026-04-17 13:50:01.181 [INFO    ] orchestrator:   #4 DOWN  score=  4.10  BRONZE  folds=3/6  WR=96.2%  consWR=93.2%  entry=$0.86  ev=$0.0742
2026-04-17 13:50:01.181 [INFO    ] orchestrator:   #5 UP    score=  3.62  BRONZE  folds=4/6  WR=100.0%  consWR=97.0%  entry=$0.92  ev=$0.0506
2026-04-17 13:50:01.344 [INFO    ] orchestrator: identity dedupe: pulled 9 paper fire(s) from bot
2026-04-17 13:50:01.344 [INFO    ] orchestrator: identity dedupe: up_230.0_200.0_0.08_0.1 stale for 4 cycles but paper WR=100.0% (n=1) >= floor 70% — letting it fire
2026-04-17 13:50:01.345 [INFO    ] orchestrator: DELIVERING SILVER signal: #1 Up [230s->200s] d>=0.08% v<=0.1%
2026-04-17 13:50:01.345 [INFO    ] orchestrator:   score=7.35  WR=95.8%  consWR=92.8%  entry=$0.84  ev=$0.0833  folds=[3, 4, 5, 6, 7]
2026-04-17 13:50:01.507 [INFO    ] shared.ipc: IPC: signal delivered successfully (authenticated ack)
2026-04-17 13:50:01.507 [INFO    ] orchestrator: silver signal delivered to bot
2026-04-17 14:05:01.510 [INFO    ] orchestrator: --- cycle start [11:05:01 UTC] ---
2026-04-17 14:05:01.518 [INFO    ] orchestrator: data quality check passed: 600 windows available
2026-04-17 14:05:01.520 [INFO    ] orchestrator: starting engine: C:\Users\operator\Desktop\PolySignalLab\PolySignalEngine\build\Release\PolySignalEngine.exe C:\Users\operator\Desktop\PolySignalLab\PolyDataCollector\data --output-dir C:\Users\operator\Desktop\PolySignalLab\engine_output
2026-04-17 14:05:08.138 [INFO    ] orchestrator: engine: ==========================================================
2026-04-17 14:05:08.138 [INFO    ] orchestrator: engine:   SUMMARY
2026-04-17 14:05:08.139 [INFO    ] orchestrator: engine: ==========================================================
2026-04-17 14:05:08.139 [INFO    ] orchestrator: engine:   Total windows:         600 (309 UP, 291 DOWN)
2026-04-17 14:05:08.139 [INFO    ] orchestrator: engine:   Walk-forward folds:    8 (6 test iterations)
2026-04-17 14:05:08.140 [INFO    ] orchestrator: engine:   OOS base rate:         52.0% UP (450 test windows total)
2026-04-17 14:05:08.140 [INFO    ] orchestrator: engine:   Configs swept:         150480
2026-04-17 14:05:08.140 [INFO    ] orchestrator: engine:   Viable WF-OOS signals: 63
2026-04-17 14:05:08.140 [INFO    ] orchestrator: engine:   Compute time:          5.28s
2026-04-17 14:05:08.141 [INFO    ] orchestrator: engine: ==========================================================
2026-04-17 14:05:08.141 [INFO    ] orchestrator: engine produced: signals_summary_1776423908.json
2026-04-17 14:05:08.142 [INFO    ] orchestrator: cleaned up old summary: signals_summary_1776414840.json
2026-04-17 14:05:08.143 [INFO    ] orchestrator: ranked 20 signals — top candidates:
2026-04-17 14:05:08.143 [INFO    ] orchestrator:   #1 UP    score=  7.48  SILVER  folds=5/6  WR=95.8%  consWR=92.8%  entry=$0.84  ev=$0.0833
2026-04-17 14:05:08.143 [INFO    ] orchestrator:   #2 UP    score=  6.71  SILVER  folds=5/6  WR=100.0%  consWR=97.0%  entry=$0.89  ev=$0.0829
2026-04-17 14:05:08.144 [INFO    ] orchestrator:   #3 DOWN  score=  5.14  BRONZE  folds=2/6  WR=100.0%  consWR=97.0%  entry=$0.83  ev=$0.1350
2026-04-17 14:05:08.144 [INFO    ] orchestrator:   #4 UP    score=  4.48  SILVER  folds=5/6  WR=100.0%  consWR=97.0%  entry=$0.92  ev=$0.0470
2026-04-17 14:05:08.144 [INFO    ] orchestrator:   #5 DOWN  score=  4.42  BRONZE  folds=3/6  WR=100.0%  consWR=97.0%  entry=$0.90  ev=$0.0663
2026-04-17 14:05:08.307 [INFO    ] orchestrator: identity dedupe: pulled 9 paper fire(s) from bot
2026-04-17 14:05:08.308 [INFO    ] orchestrator: identity dedupe: up_230.0_200.0_0.08_0.1 stale for 4 cycles but paper WR=100.0% (n=1) >= floor 70% — letting it fire
2026-04-17 14:05:08.308 [INFO    ] orchestrator: DELIVERING SILVER signal: #1 Up [230s->200s] d>=0.08% v<=0.1%
2026-04-17 14:05:08.308 [INFO    ] orchestrator:   score=7.48  WR=95.8%  consWR=92.8%  entry=$0.84  ev=$0.0833  folds=[3, 4, 5, 6, 7]
2026-04-17 14:05:08.469 [INFO    ] shared.ipc: IPC: signal delivered successfully (authenticated ack)
2026-04-17 14:05:08.470 [INFO    ] orchestrator: silver signal delivered to bot
2026-04-17 14:20:08.475 [INFO    ] orchestrator: --- cycle start [11:20:08 UTC] ---
2026-04-17 14:20:08.483 [INFO    ] orchestrator: data quality check passed: 600 windows available
2026-04-17 14:20:08.483 [INFO    ] orchestrator: starting engine: C:\Users\operator\Desktop\PolySignalLab\PolySignalEngine\build\Release\PolySignalEngine.exe C:\Users\operator\Desktop\PolySignalLab\PolyDataCollector\data --output-dir C:\Users\operator\Desktop\PolySignalLab\engine_output
2026-04-17 14:20:15.100 [INFO    ] orchestrator: engine: ==========================================================
2026-04-17 14:20:15.100 [INFO    ] orchestrator: engine:   SUMMARY
2026-04-17 14:20:15.101 [INFO    ] orchestrator: engine: ==========================================================
2026-04-17 14:20:15.101 [INFO    ] orchestrator: engine:   Total windows:         600 (310 UP, 290 DOWN)
2026-04-17 14:20:15.102 [INFO    ] orchestrator: engine:   Walk-forward folds:    8 (6 test iterations)
2026-04-17 14:20:15.102 [INFO    ] orchestrator: engine:   OOS base rate:         52.2% UP (450 test windows total)
2026-04-17 14:20:15.102 [INFO    ] orchestrator: engine:   Configs swept:         150480
2026-04-17 14:20:15.103 [INFO    ] orchestrator: engine:   Viable WF-OOS signals: 79
2026-04-17 14:20:15.103 [INFO    ] orchestrator: engine:   Compute time:          5.31s
2026-04-17 14:20:15.103 [INFO    ] orchestrator: engine: ==========================================================
2026-04-17 14:20:15.104 [INFO    ] orchestrator: engine produced: signals_summary_1776424815.json
2026-04-17 14:20:15.105 [INFO    ] orchestrator: cleaned up old summary: signals_summary_1776415746.json
2026-04-17 14:20:15.106 [INFO    ] orchestrator: ranked 20 signals — top candidates:
2026-04-17 14:20:15.107 [INFO    ] orchestrator:   #1 UP    score=  7.48  SILVER  folds=5/6  WR=95.8%  consWR=92.8%  entry=$0.84  ev=$0.0833
2026-04-17 14:20:15.107 [INFO    ] orchestrator:   #2 UP    score=  6.74  SILVER  folds=5/6  WR=100.0%  consWR=97.0%  entry=$0.89  ev=$0.0832
2026-04-17 14:20:15.107 [INFO    ] orchestrator:   #3 DOWN  score=  5.35  BRONZE  folds=4/6  WR=100.0%  consWR=97.0%  entry=$0.91  ev=$0.0624
2026-04-17 14:20:15.108 [INFO    ] orchestrator:   #4 DOWN  score=  4.68  BRONZE  folds=3/6  WR=96.8%  consWR=93.8%  entry=$0.87  ev=$0.0681
2026-04-17 14:20:15.108 [INFO    ] orchestrator:   #5 UP    score=  4.48  SILVER  folds=5/6  WR=100.0%  consWR=97.0%  entry=$0.92  ev=$0.0470
2026-04-17 14:20:15.271 [INFO    ] orchestrator: identity dedupe: pulled 9 paper fire(s) from bot
2026-04-17 14:20:15.271 [INFO    ] orchestrator: identity dedupe: up_230.0_200.0_0.08_0.1 stale for 4 cycles but paper WR=100.0% (n=1) >= floor 70% — letting it fire
2026-04-17 14:20:15.272 [INFO    ] orchestrator: DELIVERING SILVER signal: #1 Up [230s->200s] d>=0.08% v<=0.1%
2026-04-17 14:20:15.272 [INFO    ] orchestrator:   score=7.48  WR=95.8%  consWR=92.8%  entry=$0.84  ev=$0.0833  folds=[3, 4, 5, 6, 7]
2026-04-17 14:20:15.434 [INFO    ] shared.ipc: IPC: signal delivered successfully (authenticated ack)
2026-04-17 14:20:15.434 [INFO    ] orchestrator: silver signal delivered to bot
2026-04-17 14:35:15.447 [INFO    ] orchestrator: --- cycle start [11:35:15 UTC] ---
2026-04-17 14:35:15.455 [INFO    ] orchestrator: data quality check passed: 600 windows available
2026-04-17 14:35:15.455 [INFO    ] orchestrator: starting engine: C:\Users\operator\Desktop\PolySignalLab\PolySignalEngine\build\Release\PolySignalEngine.exe C:\Users\operator\Desktop\PolySignalLab\PolyDataCollector\data --output-dir C:\Users\operator\Desktop\PolySignalLab\engine_output
2026-04-17 14:35:22.036 [INFO    ] orchestrator: engine: ==========================================================
2026-04-17 14:35:22.036 [INFO    ] orchestrator: engine:   SUMMARY
2026-04-17 14:35:22.037 [INFO    ] orchestrator: engine: ==========================================================
2026-04-17 14:35:22.037 [INFO    ] orchestrator: engine:   Total windows:         600 (313 UP, 287 DOWN)
2026-04-17 14:35:22.037 [INFO    ] orchestrator: engine:   Walk-forward folds:    8 (6 test iterations)
2026-04-17 14:35:22.038 [INFO    ] orchestrator: engine:   OOS base rate:         52.4% UP (450 test windows total)
2026-04-17 14:35:22.038 [INFO    ] orchestrator: engine:   Configs swept:         150480
2026-04-17 14:35:22.039 [INFO    ] orchestrator: engine:   Viable WF-OOS signals: 65
2026-04-17 14:35:22.039 [INFO    ] orchestrator: engine:   Compute time:          5.18s
2026-04-17 14:35:22.039 [INFO    ] orchestrator: engine: ==========================================================
2026-04-17 14:35:22.040 [INFO    ] orchestrator: engine produced: signals_summary_1776425721.json
2026-04-17 14:35:22.041 [INFO    ] orchestrator: cleaned up old summary: signals_summary_1776416653.json
2026-04-17 14:35:22.042 [INFO    ] orchestrator: ranked 20 signals — top candidates:
2026-04-17 14:35:22.042 [INFO    ] orchestrator:   #1 UP    score=  7.48  SILVER  folds=5/6  WR=95.8%  consWR=92.8%  entry=$0.84  ev=$0.0833
2026-04-17 14:35:22.042 [INFO    ] orchestrator:   #2 UP    score=  6.74  SILVER  folds=5/6  WR=100.0%  consWR=97.0%  entry=$0.89  ev=$0.0832
2026-04-17 14:35:22.043 [INFO    ] orchestrator:   #3 UP    score=  4.22  SILVER  folds=5/6  WR=100.0%  consWR=97.0%  entry=$0.93  ev=$0.0444
2026-04-17 14:35:22.043 [INFO    ] orchestrator:   #4 DOWN  score=  3.89  BRONZE  folds=3/6  WR=100.0%  consWR=97.0%  entry=$0.92  ev=$0.0544
2026-04-17 14:35:22.043 [INFO    ] orchestrator:   #5 UP    score=  3.65  SILVER  folds=5/6  WR=100.0%  consWR=97.0%  entry=$0.93  ev=$0.0383
2026-04-17 14:35:22.206 [INFO    ] orchestrator: identity dedupe: pulled 9 paper fire(s) from bot
2026-04-17 14:35:22.207 [INFO    ] orchestrator: identity dedupe: up_230.0_200.0_0.08_0.1 stale for 4 cycles but paper WR=100.0% (n=1) >= floor 70% — letting it fire
2026-04-17 14:35:22.207 [INFO    ] orchestrator: DELIVERING SILVER signal: #1 Up [230s->200s] d>=0.08% v<=0.1%
2026-04-17 14:35:22.207 [INFO    ] orchestrator:   score=7.48  WR=95.8%  consWR=92.8%  entry=$0.84  ev=$0.0833  folds=[3, 4, 5, 6, 7]
2026-04-17 14:35:22.370 [INFO    ] shared.ipc: IPC: signal delivered successfully (authenticated ack)
2026-04-17 14:35:22.370 [INFO    ] orchestrator: silver signal delivered to bot
2026-04-17 14:50:22.378 [INFO    ] orchestrator: --- cycle start [11:50:22 UTC] ---
2026-04-17 14:50:22.385 [INFO    ] orchestrator: data quality check passed: 600 windows available
2026-04-17 14:50:22.385 [INFO    ] orchestrator: starting engine: C:\Users\operator\Desktop\PolySignalLab\PolySignalEngine\build\Release\PolySignalEngine.exe C:\Users\operator\Desktop\PolySignalLab\PolyDataCollector\data --output-dir C:\Users\operator\Desktop\PolySignalLab\engine_output
2026-04-17 14:50:29.004 [INFO    ] orchestrator: engine: ==========================================================
2026-04-17 14:50:29.004 [INFO    ] orchestrator: engine:   SUMMARY
2026-04-17 14:50:29.005 [INFO    ] orchestrator: engine: ==========================================================
2026-04-17 14:50:29.005 [INFO    ] orchestrator: engine:   Total windows:         600 (312 UP, 288 DOWN)
2026-04-17 14:50:29.005 [INFO    ] orchestrator: engine:   Walk-forward folds:    8 (6 test iterations)
2026-04-17 14:50:29.006 [INFO    ] orchestrator: engine:   OOS base rate:         52.2% UP (450 test windows total)
2026-04-17 14:50:29.006 [INFO    ] orchestrator: engine:   Configs swept:         150480
2026-04-17 14:50:29.007 [INFO    ] orchestrator: engine:   Viable WF-OOS signals: 53
2026-04-17 14:50:29.007 [INFO    ] orchestrator: engine:   Compute time:          5.35s
2026-04-17 14:50:29.007 [INFO    ] orchestrator: engine: ==========================================================
2026-04-17 14:50:29.008 [INFO    ] orchestrator: engine produced: signals_summary_1776426628.json
2026-04-17 14:50:29.009 [INFO    ] orchestrator: cleaned up old summary: signals_summary_1776417560.json
2026-04-17 14:50:29.009 [INFO    ] orchestrator: ranked 20 signals — top candidates:
2026-04-17 14:50:29.010 [INFO    ] orchestrator:   #1 UP    score=  7.30  SILVER  folds=5/6  WR=96.0%  consWR=93.0%  entry=$0.85  ev=$0.0808
2026-04-17 14:50:29.010 [INFO    ] orchestrator:   #2 UP    score=  6.57  SILVER  folds=5/6  WR=100.0%  consWR=97.0%  entry=$0.89  ev=$0.0812
2026-04-17 14:50:29.010 [INFO    ] orchestrator:   #3 UP    score=  5.22  SILVER  folds=5/6  WR=95.8%  consWR=92.8%  entry=$0.87  ev=$0.0613
2026-04-17 14:50:29.011 [INFO    ] orchestrator:   #4 DOWN  score=  4.60  BRONZE  folds=3/6  WR=100.0%  consWR=97.0%  entry=$0.90  ev=$0.0690
2026-04-17 14:50:29.011 [INFO    ] orchestrator:   #5 UP    score=  4.22  SILVER  folds=5/6  WR=100.0%  consWR=97.0%  entry=$0.93  ev=$0.0444
2026-04-17 14:50:29.172 [INFO    ] orchestrator: identity dedupe: pulled 9 paper fire(s) from bot
2026-04-17 14:50:29.172 [INFO    ] orchestrator: identity dedupe: up_230.0_200.0_0.08_0.1 stale for 4 cycles but paper WR=100.0% (n=1) >= floor 70% — letting it fire
2026-04-17 14:50:29.173 [INFO    ] orchestrator: DELIVERING SILVER signal: #1 Up [230s->200s] d>=0.08% v<=0.1%
2026-04-17 14:50:29.173 [INFO    ] orchestrator:   score=7.30  WR=96.0%  consWR=93.0%  entry=$0.85  ev=$0.0808  folds=[3, 4, 5, 6, 7]
2026-04-17 14:50:29.332 [INFO    ] shared.ipc: IPC: signal delivered successfully (authenticated ack)
2026-04-17 14:50:29.332 [INFO    ] orchestrator: silver signal delivered to bot
2026-04-17 15:05:29.347 [INFO    ] orchestrator: --- cycle start [12:05:29 UTC] ---
2026-04-17 15:05:29.354 [INFO    ] orchestrator: data quality check passed: 600 windows available
2026-04-17 15:05:29.355 [INFO    ] orchestrator: starting engine: C:\Users\operator\Desktop\PolySignalLab\PolySignalEngine\build\Release\PolySignalEngine.exe C:\Users\operator\Desktop\PolySignalLab\PolyDataCollector\data --output-dir C:\Users\operator\Desktop\PolySignalLab\engine_output
2026-04-17 15:05:36.316 [INFO    ] orchestrator: engine: ==========================================================
2026-04-17 15:05:36.317 [INFO    ] orchestrator: engine:   SUMMARY
2026-04-17 15:05:36.317 [INFO    ] orchestrator: engine: ==========================================================
2026-04-17 15:05:36.317 [INFO    ] orchestrator: engine:   Total windows:         600 (315 UP, 285 DOWN)
2026-04-17 15:05:36.317 [INFO    ] orchestrator: engine:   Walk-forward folds:    8 (6 test iterations)
2026-04-17 15:05:36.318 [INFO    ] orchestrator: engine:   OOS base rate:         52.7% UP (450 test windows total)
2026-04-17 15:05:36.318 [INFO    ] orchestrator: engine:   Configs swept:         150480
2026-04-17 15:05:36.318 [INFO    ] orchestrator: engine:   Viable WF-OOS signals: 64
2026-04-17 15:05:36.319 [INFO    ] orchestrator: engine:   Compute time:          5.64s
2026-04-17 15:05:36.319 [INFO    ] orchestrator: engine: ==========================================================
2026-04-17 15:05:36.320 [INFO    ] orchestrator: engine produced: signals_summary_1776427536.json
2026-04-17 15:05:36.321 [INFO    ] orchestrator: cleaned up old summary: signals_summary_1776418466.json
2026-04-17 15:05:36.322 [INFO    ] orchestrator: ranked 20 signals — top candidates:
2026-04-17 15:05:36.322 [INFO    ] orchestrator:   #1 UP    score=  7.30  SILVER  folds=5/6  WR=96.0%  consWR=93.0%  entry=$0.85  ev=$0.0808
2026-04-17 15:05:36.323 [INFO    ] orchestrator:   #2 UP    score=  6.88  SILVER  folds=5/6  WR=100.0%  consWR=97.0%  entry=$0.89  ev=$0.0850
2026-04-17 15:05:36.323 [INFO    ] orchestrator:   #3 DOWN  score=  5.36  BRONZE  folds=2/6  WR=100.0%  consWR=97.0%  entry=$0.83  ev=$0.1408
2026-04-17 15:05:36.324 [INFO    ] orchestrator:   #4 UP    score=  5.22  SILVER  folds=5/6  WR=95.8%  consWR=92.8%  entry=$0.87  ev=$0.0613
2026-04-17 15:05:36.324 [INFO    ] orchestrator:   #5 DOWN  score=  4.36  BRONZE  folds=4/6  WR=100.0%  consWR=97.0%  entry=$0.92  ev=$0.0509
2026-04-17 15:05:36.485 [INFO    ] orchestrator: identity dedupe: pulled 9 paper fire(s) from bot
2026-04-17 15:05:36.486 [INFO    ] orchestrator: identity dedupe: up_230.0_200.0_0.08_0.1 stale for 4 cycles but paper WR=100.0% (n=1) >= floor 70% — letting it fire
2026-04-17 15:05:36.486 [INFO    ] orchestrator: DELIVERING SILVER signal: #1 Up [230s->200s] d>=0.08% v<=0.1%
2026-04-17 15:05:36.486 [INFO    ] orchestrator:   score=7.30  WR=96.0%  consWR=93.0%  entry=$0.85  ev=$0.0808  folds=[3, 4, 5, 6, 7]
2026-04-17 15:05:36.646 [INFO    ] shared.ipc: IPC: signal delivered successfully (authenticated ack)
2026-04-17 15:05:36.647 [INFO    ] orchestrator: silver signal delivered to bot
2026-04-17 15:20:36.656 [INFO    ] orchestrator: --- cycle start [12:20:36 UTC] ---
2026-04-17 15:20:36.663 [INFO    ] orchestrator: data quality check passed: 600 windows available
2026-04-17 15:20:36.664 [INFO    ] orchestrator: starting engine: C:\Users\operator\Desktop\PolySignalLab\PolySignalEngine\build\Release\PolySignalEngine.exe C:\Users\operator\Desktop\PolySignalLab\PolyDataCollector\data --output-dir C:\Users\operator\Desktop\PolySignalLab\engine_output
2026-04-17 15:20:43.315 [INFO    ] orchestrator: engine: ==========================================================
2026-04-17 15:20:43.316 [INFO    ] orchestrator: engine:   SUMMARY
2026-04-17 15:20:43.316 [INFO    ] orchestrator: engine: ==========================================================
2026-04-17 15:20:43.316 [INFO    ] orchestrator: engine:   Total windows:         600 (315 UP, 285 DOWN)
2026-04-17 15:20:43.317 [INFO    ] orchestrator: engine:   Walk-forward folds:    8 (6 test iterations)
2026-04-17 15:20:43.317 [INFO    ] orchestrator: engine:   OOS base rate:         52.9% UP (450 test windows total)
2026-04-17 15:20:43.317 [INFO    ] orchestrator: engine:   Configs swept:         150480
2026-04-17 15:20:43.318 [INFO    ] orchestrator: engine:   Viable WF-OOS signals: 63
2026-04-17 15:20:43.318 [INFO    ] orchestrator: engine:   Compute time:          5.37s
2026-04-17 15:20:43.318 [INFO    ] orchestrator: engine: ==========================================================
2026-04-17 15:20:43.319 [INFO    ] orchestrator: engine produced: signals_summary_1776428443.json
2026-04-17 15:20:43.320 [INFO    ] orchestrator: cleaned up old summary: signals_summary_1776419373.json
2026-04-17 15:20:43.321 [INFO    ] orchestrator: ranked 20 signals — top candidates:
2026-04-17 15:20:43.321 [INFO    ] orchestrator:   #1 UP    score=  7.30  SILVER  folds=5/6  WR=96.0%  consWR=93.0%  entry=$0.85  ev=$0.0808
2026-04-17 15:20:43.322 [INFO    ] orchestrator:   #2 UP    score=  7.22  SILVER  folds=5/6  WR=100.0%  consWR=97.0%  entry=$0.88  ev=$0.0892
2026-04-17 15:20:43.322 [INFO    ] orchestrator:   #3 DOWN  score=  5.64  BRONZE  folds=2/6  WR=100.0%  consWR=97.0%  entry=$0.82  ev=$0.1481
2026-04-17 15:20:43.322 [INFO    ] orchestrator:   #4 UP    score=  5.22  SILVER  folds=5/6  WR=95.8%  consWR=92.8%  entry=$0.87  ev=$0.0613
2026-04-17 15:20:43.323 [INFO    ] orchestrator:   #5 DOWN  score=  4.36  BRONZE  folds=4/6  WR=100.0%  consWR=97.0%  entry=$0.92  ev=$0.0509
2026-04-17 15:20:43.483 [INFO    ] orchestrator: identity dedupe: pulled 9 paper fire(s) from bot
2026-04-17 15:20:43.484 [INFO    ] orchestrator: identity dedupe: up_230.0_200.0_0.08_0.1 stale for 4 cycles but paper WR=100.0% (n=1) >= floor 70% — letting it fire
2026-04-17 15:20:43.484 [INFO    ] orchestrator: DELIVERING SILVER signal: #1 Up [230s->200s] d>=0.08% v<=0.1%
2026-04-17 15:20:43.485 [INFO    ] orchestrator:   score=7.30  WR=96.0%  consWR=93.0%  entry=$0.85  ev=$0.0808  folds=[3, 4, 5, 6, 7]
2026-04-17 15:20:43.643 [INFO    ] shared.ipc: IPC: signal delivered successfully (authenticated ack)
2026-04-17 15:20:43.644 [INFO    ] orchestrator: silver signal delivered to bot
2026-04-17 15:35:43.648 [INFO    ] orchestrator: --- cycle start [12:35:43 UTC] ---
2026-04-17 15:35:43.655 [INFO    ] orchestrator: data quality check passed: 600 windows available
2026-04-17 15:35:43.656 [INFO    ] orchestrator: starting engine: C:\Users\operator\Desktop\PolySignalLab\PolySignalEngine\build\Release\PolySignalEngine.exe C:\Users\operator\Desktop\PolySignalLab\PolyDataCollector\data --output-dir C:\Users\operator\Desktop\PolySignalLab\engine_output
2026-04-17 15:35:50.303 [INFO    ] orchestrator: engine: ==========================================================
2026-04-17 15:35:50.303 [INFO    ] orchestrator: engine:   SUMMARY
2026-04-17 15:35:50.303 [INFO    ] orchestrator: engine: ==========================================================
2026-04-17 15:35:50.304 [INFO    ] orchestrator: engine:   Total windows:         600 (314 UP, 286 DOWN)
2026-04-17 15:35:50.304 [INFO    ] orchestrator: engine:   Walk-forward folds:    8 (6 test iterations)
2026-04-17 15:35:50.304 [INFO    ] orchestrator: engine:   OOS base rate:         52.9% UP (450 test windows total)
2026-04-17 15:35:50.305 [INFO    ] orchestrator: engine:   Configs swept:         150480
2026-04-17 15:35:50.305 [INFO    ] orchestrator: engine:   Viable WF-OOS signals: 56
2026-04-17 15:35:50.305 [INFO    ] orchestrator: engine:   Compute time:          5.37s
2026-04-17 15:35:50.305 [INFO    ] orchestrator: engine: ==========================================================
2026-04-17 15:35:50.306 [INFO    ] orchestrator: engine produced: signals_summary_1776429350.json
2026-04-17 15:35:50.307 [INFO    ] orchestrator: cleaned up old summary: signals_summary_1776420280.json
2026-04-17 15:35:50.308 [INFO    ] orchestrator: ranked 20 signals — top candidates:
2026-04-17 15:35:50.308 [INFO    ] orchestrator:   #1 UP    score=  7.08  SILVER  folds=5/6  WR=95.8%  consWR=92.8%  entry=$0.85  ev=$0.0783
2026-04-17 15:35:50.309 [INFO    ] orchestrator:   #2 UP    score=  5.22  SILVER  folds=5/6  WR=95.8%  consWR=92.8%  entry=$0.87  ev=$0.0613
2026-04-17 15:35:50.309 [INFO    ] orchestrator:   #3 DOWN  score=  4.44  BRONZE  folds=3/6  WR=93.5%  consWR=90.5%  entry=$0.82  ev=$0.0843
2026-04-17 15:35:50.310 [INFO    ] orchestrator:   #4 UP    score=  4.23  SILVER  folds=5/6  WR=96.3%  consWR=93.3%  entry=$0.88  ev=$0.0548
2026-04-17 15:35:50.310 [INFO    ] orchestrator:   #5 UP    score=  4.19  SILVER  folds=5/6  WR=100.0%  consWR=97.0%  entry=$0.93  ev=$0.0440
2026-04-17 15:35:50.470 [INFO    ] orchestrator: identity dedupe: pulled 10 paper fire(s) from bot
2026-04-17 15:35:50.470 [WARNING ] orchestrator: IDENTITY DEDUPE: suppressing up_230.0_200.0_0.08_0.1 this cycle (stale for 4 cycles, paper WR=50.0% over 2 fires < floor 70%) — forcing rotation to next-best candidate
2026-04-17 15:35:50.471 [INFO    ] orchestrator: DELIVERING SILVER signal: #2 Up [230s->200s] d>=0.09% v<=0.1%
2026-04-17 15:35:50.471 [INFO    ] orchestrator:   score=5.22  WR=95.8%  consWR=92.8%  entry=$0.87  ev=$0.0613  folds=[2, 4, 5, 6, 7]
2026-04-17 15:35:50.630 [INFO    ] shared.ipc: IPC: signal delivered successfully (authenticated ack)
2026-04-17 15:35:50.630 [INFO    ] orchestrator: silver signal delivered to bot
2026-04-17 15:50:50.633 [INFO    ] orchestrator: --- cycle start [12:50:50 UTC] ---
2026-04-17 15:50:50.640 [INFO    ] orchestrator: data quality check passed: 600 windows available
2026-04-17 15:50:50.641 [INFO    ] orchestrator: starting engine: C:\Users\operator\Desktop\PolySignalLab\PolySignalEngine\build\Release\PolySignalEngine.exe C:\Users\operator\Desktop\PolySignalLab\PolyDataCollector\data --output-dir C:\Users\operator\Desktop\PolySignalLab\engine_output
2026-04-17 15:50:57.390 [INFO    ] orchestrator: engine: ==========================================================
2026-04-17 15:50:57.391 [INFO    ] orchestrator: engine:   SUMMARY
2026-04-17 15:50:57.391 [INFO    ] orchestrator: engine: ==========================================================
2026-04-17 15:50:57.392 [INFO    ] orchestrator: engine:   Total windows:         600 (316 UP, 284 DOWN)
2026-04-17 15:50:57.392 [INFO    ] orchestrator: engine:   Walk-forward folds:    8 (6 test iterations)
2026-04-17 15:50:57.392 [INFO    ] orchestrator: engine:   OOS base rate:         53.3% UP (450 test windows total)
2026-04-17 15:50:57.393 [INFO    ] orchestrator: engine:   Configs swept:         150480
2026-04-17 15:50:57.393 [INFO    ] orchestrator: engine:   Viable WF-OOS signals: 61
2026-04-17 15:50:57.394 [INFO    ] orchestrator: engine:   Compute time:          5.34s
2026-04-17 15:50:57.394 [INFO    ] orchestrator: engine: ==========================================================
2026-04-17 15:50:57.395 [INFO    ] orchestrator: engine produced: signals_summary_1776430257.json
2026-04-17 15:50:57.396 [INFO    ] orchestrator: cleaned up old summary: signals_summary_1776421187.json
2026-04-17 15:50:57.396 [INFO    ] orchestrator: ranked 20 signals — top candidates:
2026-04-17 15:50:57.397 [INFO    ] orchestrator:   #1 UP    score=  7.26  SILVER  folds=5/6  WR=96.0%  consWR=93.0%  entry=$0.85  ev=$0.0800
2026-04-17 15:50:57.397 [INFO    ] orchestrator:   #2 UP    score=  5.43  SILVER  folds=5/6  WR=96.0%  consWR=93.0%  entry=$0.87  ev=$0.0636
2026-04-17 15:50:57.398 [INFO    ] orchestrator:   #3 DOWN  score=  4.46  BRONZE  folds=3/6  WR=93.5%  consWR=90.5%  entry=$0.82  ev=$0.0843
2026-04-17 15:50:57.398 [INFO    ] orchestrator:   #4 UP    score=  4.27  SILVER  folds=5/6  WR=96.4%  consWR=93.4%  entry=$0.88  ev=$0.0554
2026-04-17 15:50:57.398 [INFO    ] orchestrator:   #5 UP    score=  4.19  SILVER  folds=5/6  WR=100.0%  consWR=97.0%  entry=$0.93  ev=$0.0440
2026-04-17 15:50:57.562 [INFO    ] orchestrator: identity dedupe: pulled 11 paper fire(s) from bot
2026-04-17 15:50:57.562 [INFO    ] orchestrator: DELIVERING SILVER signal: #1 Up [230s->200s] d>=0.08% v<=0.1%
2026-04-17 15:50:57.563 [INFO    ] orchestrator:   score=7.26  WR=96.0%  consWR=93.0%  entry=$0.85  ev=$0.0800  folds=[3, 4, 5, 6, 7]
2026-04-17 15:50:57.726 [INFO    ] shared.ipc: IPC: signal delivered successfully (authenticated ack)
2026-04-17 15:50:57.726 [INFO    ] orchestrator: silver signal delivered to bot
2026-04-17 16:05:57.735 [INFO    ] orchestrator: --- cycle start [13:05:57 UTC] ---
2026-04-17 16:05:57.743 [INFO    ] orchestrator: data quality check passed: 600 windows available
2026-04-17 16:05:57.743 [INFO    ] orchestrator: starting engine: C:\Users\operator\Desktop\PolySignalLab\PolySignalEngine\build\Release\PolySignalEngine.exe C:\Users\operator\Desktop\PolySignalLab\PolyDataCollector\data --output-dir C:\Users\operator\Desktop\PolySignalLab\engine_output
2026-04-17 16:06:04.827 [INFO    ] orchestrator: engine: ==========================================================
2026-04-17 16:06:04.827 [INFO    ] orchestrator: engine:   SUMMARY
2026-04-17 16:06:04.828 [INFO    ] orchestrator: engine: ==========================================================
2026-04-17 16:06:04.828 [INFO    ] orchestrator: engine:   Total windows:         600 (318 UP, 282 DOWN)
2026-04-17 16:06:04.829 [INFO    ] orchestrator: engine:   Walk-forward folds:    8 (6 test iterations)
2026-04-17 16:06:04.829 [INFO    ] orchestrator: engine:   OOS base rate:         54.0% UP (450 test windows total)
2026-04-17 16:06:04.829 [INFO    ] orchestrator: engine:   Configs swept:         150480
2026-04-17 16:06:04.830 [INFO    ] orchestrator: engine:   Viable WF-OOS signals: 49
2026-04-17 16:06:04.830 [INFO    ] orchestrator: engine:   Compute time:          5.66s
2026-04-17 16:06:04.831 [INFO    ] orchestrator: engine: ==========================================================
2026-04-17 16:06:04.831 [INFO    ] orchestrator: engine produced: signals_summary_1776431164.json
2026-04-17 16:06:04.832 [INFO    ] orchestrator: cleaned up old summary: signals_summary_1776422094.json
2026-04-17 16:06:04.833 [INFO    ] orchestrator: ranked 20 signals — top candidates:
2026-04-17 16:06:04.834 [INFO    ] orchestrator:   #1 UP    score=  7.61  SILVER  folds=5/6  WR=96.2%  consWR=93.2%  entry=$0.85  ev=$0.0835
2026-04-17 16:06:04.834 [INFO    ] orchestrator:   #2 UP    score=  5.46  SILVER  folds=5/6  WR=96.0%  consWR=93.0%  entry=$0.87  ev=$0.0636
2026-04-17 16:06:04.835 [INFO    ] orchestrator:   #3 UP    score=  4.46  SILVER  folds=5/6  WR=96.5%  consWR=93.5%  entry=$0.88  ev=$0.0576
2026-04-17 16:06:04.835 [INFO    ] orchestrator:   #4 UP    score=  4.19  SILVER  folds=5/6  WR=100.0%  consWR=97.0%  entry=$0.93  ev=$0.0440
2026-04-17 16:06:04.835 [INFO    ] orchestrator:   #5 DOWN  score=  2.58  BRONZE  folds=2/6  WR=93.1%  consWR=90.1%  entry=$0.82  ev=$0.0807
2026-04-17 16:06:04.999 [INFO    ] orchestrator: identity dedupe: pulled 11 paper fire(s) from bot
2026-04-17 16:06:05.000 [INFO    ] orchestrator: DELIVERING SILVER signal: #1 Up [230s->200s] d>=0.08% v<=0.1%
2026-04-17 16:06:05.000 [INFO    ] orchestrator:   score=7.61  WR=96.2%  consWR=93.2%  entry=$0.85  ev=$0.0835  folds=[3, 4, 5, 6, 7]
2026-04-17 16:06:05.163 [INFO    ] shared.ipc: IPC: signal delivered successfully (authenticated ack)
2026-04-17 16:06:05.164 [INFO    ] orchestrator: silver signal delivered to bot
2026-04-17 16:21:05.166 [INFO    ] orchestrator: --- cycle start [13:21:05 UTC] ---
2026-04-17 16:21:05.173 [INFO    ] orchestrator: data quality check passed: 600 windows available
2026-04-17 16:21:05.174 [INFO    ] orchestrator: starting engine: C:\Users\operator\Desktop\PolySignalLab\PolySignalEngine\build\Release\PolySignalEngine.exe C:\Users\operator\Desktop\PolySignalLab\PolyDataCollector\data --output-dir C:\Users\operator\Desktop\PolySignalLab\engine_output
2026-04-17 16:21:11.879 [INFO    ] orchestrator: engine: ==========================================================
2026-04-17 16:21:11.879 [INFO    ] orchestrator: engine:   SUMMARY
2026-04-17 16:21:11.879 [INFO    ] orchestrator: engine: ==========================================================
2026-04-17 16:21:11.880 [INFO    ] orchestrator: engine:   Total windows:         600 (318 UP, 282 DOWN)
2026-04-17 16:21:11.880 [INFO    ] orchestrator: engine:   Walk-forward folds:    8 (6 test iterations)
2026-04-17 16:21:11.880 [INFO    ] orchestrator: engine:   OOS base rate:         54.2% UP (450 test windows total)
2026-04-17 16:21:11.881 [INFO    ] orchestrator: engine:   Configs swept:         150480
2026-04-17 16:21:11.881 [INFO    ] orchestrator: engine:   Viable WF-OOS signals: 50
2026-04-17 16:21:11.882 [INFO    ] orchestrator: engine:   Compute time:          5.30s
2026-04-17 16:21:11.882 [INFO    ] orchestrator: engine: ==========================================================
2026-04-17 16:21:11.883 [INFO    ] orchestrator: engine produced: signals_summary_1776432071.json
2026-04-17 16:21:11.884 [INFO    ] orchestrator: cleaned up old summary: signals_summary_1776423001.json
2026-04-17 16:21:11.885 [INFO    ] orchestrator: ranked 20 signals — top candidates:
2026-04-17 16:21:11.885 [INFO    ] orchestrator:   #1 UP    score=  7.97  SILVER  folds=5/6  WR=96.3%  consWR=93.3%  entry=$0.85  ev=$0.0874
2026-04-17 16:21:11.885 [INFO    ] orchestrator:   #2 UP    score=  5.49  SILVER  folds=5/6  WR=96.4%  consWR=93.4%  entry=$0.86  ev=$0.0789
2026-04-17 16:21:11.886 [INFO    ] orchestrator:   #3 UP    score=  5.01  SILVER  folds=5/6  WR=96.9%  consWR=93.9%  entry=$0.87  ev=$0.0647
2026-04-17 16:21:11.886 [INFO    ] orchestrator:   #4 DOWN  score=  4.48  BRONZE  folds=2/6  WR=96.3%  consWR=93.3%  entry=$0.81  ev=$0.1207
2026-04-17 16:21:11.886 [INFO    ] orchestrator:   #5 UP    score=  4.19  SILVER  folds=5/6  WR=100.0%  consWR=97.0%  entry=$0.93  ev=$0.0440
2026-04-17 16:21:12.049 [INFO    ] orchestrator: identity dedupe: pulled 11 paper fire(s) from bot
2026-04-17 16:21:12.050 [INFO    ] orchestrator: DELIVERING SILVER signal: #1 Up [230s->200s] d>=0.08% v<=0.1%
2026-04-17 16:21:12.050 [INFO    ] orchestrator:   score=7.97  WR=96.3%  consWR=93.3%  entry=$0.85  ev=$0.0874  folds=[3, 4, 5, 6, 7]
2026-04-17 16:21:12.213 [INFO    ] shared.ipc: IPC: signal delivered successfully (authenticated ack)
2026-04-17 16:21:12.214 [INFO    ] orchestrator: silver signal delivered to bot
2026-04-17 16:36:12.218 [INFO    ] orchestrator: --- cycle start [13:36:12 UTC] ---
2026-04-17 16:36:12.225 [INFO    ] orchestrator: data quality check passed: 600 windows available
2026-04-17 16:36:12.226 [INFO    ] orchestrator: starting engine: C:\Users\operator\Desktop\PolySignalLab\PolySignalEngine\build\Release\PolySignalEngine.exe C:\Users\operator\Desktop\PolySignalLab\PolyDataCollector\data --output-dir C:\Users\operator\Desktop\PolySignalLab\engine_output
2026-04-17 16:36:18.877 [INFO    ] orchestrator: engine: ==========================================================
2026-04-17 16:36:18.877 [INFO    ] orchestrator: engine:   SUMMARY
2026-04-17 16:36:18.878 [INFO    ] orchestrator: engine: ==========================================================
2026-04-17 16:36:18.878 [INFO    ] orchestrator: engine:   Total windows:         600 (317 UP, 283 DOWN)
2026-04-17 16:36:18.878 [INFO    ] orchestrator: engine:   Walk-forward folds:    8 (6 test iterations)
2026-04-17 16:36:18.879 [INFO    ] orchestrator: engine:   OOS base rate:         54.0% UP (450 test windows total)
2026-04-17 16:36:18.879 [INFO    ] orchestrator: engine:   Configs swept:         150480
2026-04-17 16:36:18.879 [INFO    ] orchestrator: engine:   Viable WF-OOS signals: 47
2026-04-17 16:36:18.880 [INFO    ] orchestrator: engine:   Compute time:          5.35s
2026-04-17 16:36:18.880 [INFO    ] orchestrator: engine: ==========================================================
2026-04-17 16:36:18.881 [INFO    ] orchestrator: engine produced: signals_summary_1776432978.json
2026-04-17 16:36:18.882 [INFO    ] orchestrator: cleaned up old summary: signals_summary_1776423908.json
2026-04-17 16:36:18.883 [INFO    ] orchestrator: ranked 20 signals — top candidates:
2026-04-17 16:36:18.883 [INFO    ] orchestrator:   #1 UP    score=  7.94  SILVER  folds=5/6  WR=96.3%  consWR=93.3%  entry=$0.85  ev=$0.0874
2026-04-17 16:36:18.883 [INFO    ] orchestrator:   #2 UP    score=  4.99  SILVER  folds=5/6  WR=96.9%  consWR=93.9%  entry=$0.87  ev=$0.0647
2026-04-17 16:36:18.884 [INFO    ] orchestrator:   #3 UP    score=  4.43  BRONZE  folds=4/6  WR=100.0%  consWR=97.0%  entry=$0.92  ev=$0.0516
2026-04-17 16:36:18.884 [INFO    ] orchestrator:   #4 UP    score=  4.19  SILVER  folds=5/6  WR=100.0%  consWR=97.0%  entry=$0.93  ev=$0.0440
2026-04-17 16:36:18.885 [INFO    ] orchestrator:   #5 UP    score=  4.02  BRONZE  folds=4/6  WR=96.0%  consWR=93.0%  entry=$0.87  ev=$0.0564
2026-04-17 16:36:19.048 [INFO    ] orchestrator: identity dedupe: pulled 11 paper fire(s) from bot
2026-04-17 16:36:19.049 [WARNING ] orchestrator: IDENTITY DEDUPE: suppressing up_230.0_200.0_0.08_0.1 this cycle (stale for 4 cycles, paper WR=50.0% over 2 fires < floor 70%) — forcing rotation to next-best candidate
2026-04-17 16:36:19.049 [INFO    ] orchestrator: DELIVERING SILVER signal: #2 Up [200s->170s] d>=0.08% v<=0.05%
2026-04-17 16:36:19.050 [INFO    ] orchestrator:   score=4.99  WR=96.9%  consWR=93.9%  entry=$0.87  ev=$0.0647  folds=[2, 3, 4, 6, 7]
2026-04-17 16:36:19.213 [INFO    ] shared.ipc: IPC: signal delivered successfully (authenticated ack)
2026-04-17 16:36:19.214 [INFO    ] orchestrator: silver signal delivered to bot
2026-04-17 16:51:19.221 [INFO    ] orchestrator: --- cycle start [13:51:19 UTC] ---
2026-04-17 16:51:19.228 [INFO    ] orchestrator: data quality check passed: 600 windows available
2026-04-17 16:51:19.229 [INFO    ] orchestrator: starting engine: C:\Users\operator\Desktop\PolySignalLab\PolySignalEngine\build\Release\PolySignalEngine.exe C:\Users\operator\Desktop\PolySignalLab\PolyDataCollector\data --output-dir C:\Users\operator\Desktop\PolySignalLab\engine_output
2026-04-17 16:51:25.813 [INFO    ] orchestrator: engine: ==========================================================
2026-04-17 16:51:25.813 [INFO    ] orchestrator: engine:   SUMMARY
2026-04-17 16:51:25.814 [INFO    ] orchestrator: engine: ==========================================================
2026-04-17 16:51:25.815 [INFO    ] orchestrator: engine:   Total windows:         600 (317 UP, 283 DOWN)
2026-04-17 16:51:25.815 [INFO    ] orchestrator: engine:   Walk-forward folds:    8 (6 test iterations)
2026-04-17 16:51:25.815 [INFO    ] orchestrator: engine:   OOS base rate:         54.0% UP (450 test windows total)
2026-04-17 16:51:25.816 [INFO    ] orchestrator: engine:   Configs swept:         150480
2026-04-17 16:51:25.816 [INFO    ] orchestrator: engine:   Viable WF-OOS signals: 48
2026-04-17 16:51:25.817 [INFO    ] orchestrator: engine:   Compute time:          5.28s
2026-04-17 16:51:25.817 [INFO    ] orchestrator: engine: ==========================================================
2026-04-17 16:51:25.818 [INFO    ] orchestrator: engine produced: signals_summary_1776433885.json
2026-04-17 16:51:25.819 [INFO    ] orchestrator: cleaned up old summary: signals_summary_1776424815.json
2026-04-17 16:51:25.819 [INFO    ] orchestrator: ranked 20 signals — top candidates:
2026-04-17 16:51:25.820 [INFO    ] orchestrator:   #1 UP    score=  7.97  SILVER  folds=5/6  WR=96.3%  consWR=93.3%  entry=$0.85  ev=$0.0874
2026-04-17 16:51:25.820 [INFO    ] orchestrator:   #2 UP    score=  5.28  SILVER  folds=5/6  WR=97.0%  consWR=94.0%  entry=$0.87  ev=$0.0682
2026-04-17 16:51:25.821 [INFO    ] orchestrator:   #3 UP    score=  4.43  BRONZE  folds=4/6  WR=100.0%  consWR=97.0%  entry=$0.92  ev=$0.0516
2026-04-17 16:51:25.821 [INFO    ] orchestrator:   #4 UP    score=  4.19  SILVER  folds=5/6  WR=100.0%  consWR=97.0%  entry=$0.93  ev=$0.0440
2026-04-17 16:51:25.821 [INFO    ] orchestrator:   #5 UP    score=  3.56  BRONZE  folds=3/6  WR=96.2%  consWR=93.2%  entry=$0.87  ev=$0.0615
2026-04-17 16:51:25.985 [INFO    ] orchestrator: identity dedupe: pulled 11 paper fire(s) from bot
2026-04-17 16:51:25.985 [INFO    ] orchestrator: DELIVERING SILVER signal: #1 Up [230s->200s] d>=0.08% v<=0.1%
2026-04-17 16:51:25.986 [INFO    ] orchestrator:   score=7.97  WR=96.3%  consWR=93.3%  entry=$0.85  ev=$0.0874  folds=[3, 4, 5, 6, 7]
2026-04-17 16:51:26.149 [INFO    ] shared.ipc: IPC: signal delivered successfully (authenticated ack)
2026-04-17 16:51:26.149 [INFO    ] orchestrator: silver signal delivered to bot
2026-04-17 17:06:26.154 [INFO    ] orchestrator: --- cycle start [14:06:26 UTC] ---
2026-04-17 17:06:26.164 [INFO    ] orchestrator: data quality check passed: 600 windows available
2026-04-17 17:06:26.165 [INFO    ] orchestrator: starting engine: C:\Users\operator\Desktop\PolySignalLab\PolySignalEngine\build\Release\PolySignalEngine.exe C:\Users\operator\Desktop\PolySignalLab\PolyDataCollector\data --output-dir C:\Users\operator\Desktop\PolySignalLab\engine_output
2026-04-17 17:06:32.918 [INFO    ] orchestrator: engine: ==========================================================
2026-04-17 17:06:32.919 [INFO    ] orchestrator: engine:   SUMMARY
2026-04-17 17:06:32.919 [INFO    ] orchestrator: engine: ==========================================================
2026-04-17 17:06:32.919 [INFO    ] orchestrator: engine:   Total windows:         600 (318 UP, 282 DOWN)
2026-04-17 17:06:32.920 [INFO    ] orchestrator: engine:   Walk-forward folds:    8 (6 test iterations)
2026-04-17 17:06:32.920 [INFO    ] orchestrator: engine:   OOS base rate:         54.7% UP (450 test windows total)
2026-04-17 17:06:32.920 [INFO    ] orchestrator: engine:   Configs swept:         150480
2026-04-17 17:06:32.921 [INFO    ] orchestrator: engine:   Viable WF-OOS signals: 45
2026-04-17 17:06:32.921 [INFO    ] orchestrator: engine:   Compute time:          5.46s
2026-04-17 17:06:32.922 [INFO    ] orchestrator: engine: ==========================================================
2026-04-17 17:06:32.923 [INFO    ] orchestrator: engine produced: signals_summary_1776434792.json
2026-04-17 17:06:32.924 [INFO    ] orchestrator: cleaned up old summary: signals_summary_1776425721.json
2026-04-17 17:06:32.924 [INFO    ] orchestrator: ranked 20 signals — top candidates:
2026-04-17 17:06:32.925 [INFO    ] orchestrator:   #1 UP    score=  7.62  SILVER  folds=5/6  WR=96.4%  consWR=93.4%  entry=$0.85  ev=$0.0836
2026-04-17 17:06:32.925 [INFO    ] orchestrator:   #2 UP    score=  5.58  SILVER  folds=5/6  WR=97.1%  consWR=94.1%  entry=$0.87  ev=$0.0717
2026-04-17 17:06:32.925 [INFO    ] orchestrator:   #3 UP    score=  4.43  BRONZE  folds=4/6  WR=100.0%  consWR=97.0%  entry=$0.92  ev=$0.0516
2026-04-17 17:06:32.926 [INFO    ] orchestrator:   #4 UP    score=  4.19  SILVER  folds=5/6  WR=100.0%  consWR=97.0%  entry=$0.93  ev=$0.0440
2026-04-17 17:06:32.926 [INFO    ] orchestrator:   #5 UP    score=  3.47  SILVER  folds=5/6  WR=94.2%  consWR=91.2%  entry=$0.87  ev=$0.0469
2026-04-17 17:06:33.090 [INFO    ] orchestrator: identity dedupe: pulled 11 paper fire(s) from bot
2026-04-17 17:06:33.091 [INFO    ] orchestrator: DELIVERING SILVER signal: #1 Up [230s->200s] d>=0.08% v<=0.1%
2026-04-17 17:06:33.091 [INFO    ] orchestrator:   score=7.62  WR=96.4%  consWR=93.4%  entry=$0.85  ev=$0.0836  folds=[3, 4, 5, 6, 7]
2026-04-17 17:06:33.254 [INFO    ] shared.ipc: IPC: signal delivered successfully (authenticated ack)
2026-04-17 17:06:33.254 [INFO    ] orchestrator: silver signal delivered to bot
2026-04-17 17:21:33.255 [INFO    ] orchestrator: --- cycle start [14:21:33 UTC] ---
2026-04-17 17:21:33.262 [INFO    ] orchestrator: data quality check passed: 600 windows available
2026-04-17 17:21:33.263 [INFO    ] orchestrator: starting engine: C:\Users\operator\Desktop\PolySignalLab\PolySignalEngine\build\Release\PolySignalEngine.exe C:\Users\operator\Desktop\PolySignalLab\PolyDataCollector\data --output-dir C:\Users\operator\Desktop\PolySignalLab\engine_output
2026-04-17 17:21:40.038 [INFO    ] orchestrator: engine: ==========================================================
2026-04-17 17:21:40.039 [INFO    ] orchestrator: engine:   SUMMARY
2026-04-17 17:21:40.039 [INFO    ] orchestrator: engine: ==========================================================
2026-04-17 17:21:40.040 [INFO    ] orchestrator: engine:   Total windows:         600 (315 UP, 285 DOWN)
2026-04-17 17:21:40.041 [INFO    ] orchestrator: engine:   Walk-forward folds:    8 (6 test iterations)
2026-04-17 17:21:40.041 [INFO    ] orchestrator: engine:   OOS base rate:         54.2% UP (450 test windows total)
2026-04-17 17:21:40.041 [INFO    ] orchestrator: engine:   Configs swept:         150480
2026-04-17 17:21:40.042 [INFO    ] orchestrator: engine:   Viable WF-OOS signals: 45
2026-04-17 17:21:40.042 [INFO    ] orchestrator: engine:   Compute time:          5.47s
2026-04-17 17:21:40.042 [INFO    ] orchestrator: engine: ==========================================================
2026-04-17 17:21:40.043 [INFO    ] orchestrator: engine produced: signals_summary_1776435699.json
2026-04-17 17:21:40.044 [INFO    ] orchestrator: cleaned up old summary: signals_summary_1776426628.json
2026-04-17 17:21:40.045 [INFO    ] orchestrator: ranked 20 signals — top candidates:
2026-04-17 17:21:40.045 [INFO    ] orchestrator:   #1 UP    score=  7.29  SILVER  folds=5/6  WR=96.0%  consWR=93.0%  entry=$0.85  ev=$0.0800
2026-04-17 17:21:40.046 [INFO    ] orchestrator:   #2 UP    score=  5.79  SILVER  folds=5/6  WR=97.1%  consWR=94.1%  entry=$0.87  ev=$0.0744
2026-04-17 17:21:40.046 [INFO    ] orchestrator:   #3 DOWN  score=  4.82  BRONZE  folds=3/6  WR=96.4%  consWR=93.4%  entry=$0.86  ev=$0.0711
2026-04-17 17:21:40.047 [INFO    ] orchestrator:   #4 DOWN  score=  4.37  BRONZE  folds=4/6  WR=100.0%  consWR=97.0%  entry=$0.91  ev=$0.0573
2026-04-17 17:21:40.047 [INFO    ] orchestrator:   #5 UP    score=  4.19  SILVER  folds=5/6  WR=100.0%  consWR=97.0%  entry=$0.93  ev=$0.0440
2026-04-17 17:21:40.210 [INFO    ] orchestrator: identity dedupe: pulled 11 paper fire(s) from bot
2026-04-17 17:21:40.210 [INFO    ] orchestrator: DELIVERING SILVER signal: #1 Up [230s->200s] d>=0.08% v<=0.05%
2026-04-17 17:21:40.211 [INFO    ] orchestrator:   score=7.29  WR=96.0%  consWR=93.0%  entry=$0.85  ev=$0.0800  folds=[3, 4, 5, 6, 7]
2026-04-17 17:21:40.373 [INFO    ] shared.ipc: IPC: signal delivered successfully (authenticated ack)
2026-04-17 17:21:40.373 [INFO    ] orchestrator: silver signal delivered to bot
2026-04-17 17:36:40.378 [INFO    ] orchestrator: --- cycle start [14:36:40 UTC] ---
2026-04-17 17:36:40.386 [INFO    ] orchestrator: data quality check passed: 600 windows available
2026-04-17 17:36:40.387 [INFO    ] orchestrator: starting engine: C:\Users\operator\Desktop\PolySignalLab\PolySignalEngine\build\Release\PolySignalEngine.exe C:\Users\operator\Desktop\PolySignalLab\PolyDataCollector\data --output-dir C:\Users\operator\Desktop\PolySignalLab\engine_output
2026-04-17 17:36:47.183 [INFO    ] orchestrator: engine: ==========================================================
2026-04-17 17:36:47.183 [INFO    ] orchestrator: engine:   SUMMARY
2026-04-17 17:36:47.184 [INFO    ] orchestrator: engine: ==========================================================
2026-04-17 17:36:47.184 [INFO    ] orchestrator: engine:   Total windows:         600 (316 UP, 284 DOWN)
2026-04-17 17:36:47.184 [INFO    ] orchestrator: engine:   Walk-forward folds:    8 (6 test iterations)
2026-04-17 17:36:47.185 [INFO    ] orchestrator: engine:   OOS base rate:         54.7% UP (450 test windows total)
2026-04-17 17:36:47.185 [INFO    ] orchestrator: engine:   Configs swept:         150480
2026-04-17 17:36:47.186 [INFO    ] orchestrator: engine:   Viable WF-OOS signals: 51
2026-04-17 17:36:47.186 [INFO    ] orchestrator: engine:   Compute time:          5.49s
2026-04-17 17:36:47.186 [INFO    ] orchestrator: engine: ==========================================================
2026-04-17 17:36:47.187 [INFO    ] orchestrator: engine produced: signals_summary_1776436607.json
2026-04-17 17:36:47.188 [INFO    ] orchestrator: cleaned up old summary: signals_summary_1776427536.json
2026-04-17 17:36:47.189 [INFO    ] orchestrator: ranked 20 signals — top candidates:
2026-04-17 17:36:47.189 [INFO    ] orchestrator:   #1 UP    score=  6.58  GOLDEN  folds=6/6  WR=97.5%  consWR=94.5%  entry=$0.88  ev=$0.0685
2026-04-17 17:36:47.190 [INFO    ] orchestrator:   #2 DOWN  score=  4.82  BRONZE  folds=3/6  WR=100.0%  consWR=97.0%  entry=$0.87  ev=$0.1013
2026-04-17 17:36:47.190 [INFO    ] orchestrator:   #3 DOWN  score=  4.37  BRONZE  folds=4/6  WR=100.0%  consWR=97.0%  entry=$0.91  ev=$0.0573
2026-04-17 17:36:47.190 [INFO    ] orchestrator:   #4 UP    score=  3.70  SILVER  folds=5/6  WR=92.6%  consWR=89.6%  entry=$0.85  ev=$0.0426
2026-04-17 17:36:47.190 [INFO    ] orchestrator:   #5 UP    score=  3.34  BRONZE  folds=4/6  WR=100.0%  consWR=97.0%  entry=$0.92  ev=$0.0468
2026-04-17 17:36:47.356 [INFO    ] orchestrator: identity dedupe: pulled 11 paper fire(s) from bot
2026-04-17 17:36:47.356 [INFO    ] orchestrator: DELIVERING GOLDEN signal: #1 Up [200s->170s] d>=0.08% v<=0.05%
2026-04-17 17:36:47.357 [INFO    ] orchestrator:   score=6.58  WR=97.5%  consWR=94.5%  entry=$0.88  ev=$0.0685  folds=[2, 3, 4, 5, 6, 7]
2026-04-17 17:36:47.520 [INFO    ] shared.ipc: IPC: signal delivered successfully (authenticated ack)
2026-04-17 17:36:47.520 [INFO    ] orchestrator: golden signal delivered to bot
2026-04-17 17:51:47.523 [INFO    ] orchestrator: --- cycle start [14:51:47 UTC] ---
2026-04-17 17:51:47.530 [INFO    ] orchestrator: data quality check passed: 600 windows available
2026-04-17 17:51:47.531 [INFO    ] orchestrator: starting engine: C:\Users\operator\Desktop\PolySignalLab\PolySignalEngine\build\Release\PolySignalEngine.exe C:\Users\operator\Desktop\PolySignalLab\PolyDataCollector\data --output-dir C:\Users\operator\Desktop\PolySignalLab\engine_output
2026-04-17 17:51:54.525 [INFO    ] orchestrator: engine: ==========================================================
2026-04-17 17:51:54.525 [INFO    ] orchestrator: engine:   SUMMARY
2026-04-17 17:51:54.526 [INFO    ] orchestrator: engine: ==========================================================
2026-04-17 17:51:54.526 [INFO    ] orchestrator: engine:   Total windows:         600 (317 UP, 283 DOWN)
2026-04-17 17:51:54.526 [INFO    ] orchestrator: engine:   Walk-forward folds:    8 (6 test iterations)
2026-04-17 17:51:54.527 [INFO    ] orchestrator: engine:   OOS base rate:         54.9% UP (450 test windows total)
2026-04-17 17:51:54.527 [INFO    ] orchestrator: engine:   Configs swept:         150480
2026-04-17 17:51:54.527 [INFO    ] orchestrator: engine:   Viable WF-OOS signals: 52
2026-04-17 17:51:54.528 [INFO    ] orchestrator: engine:   Compute time:          5.69s
2026-04-17 17:51:54.528 [INFO    ] orchestrator: engine: ==========================================================
2026-04-17 17:51:54.529 [INFO    ] orchestrator: engine produced: signals_summary_1776437514.json
2026-04-17 17:51:54.530 [INFO    ] orchestrator: cleaned up old summary: signals_summary_1776428443.json
2026-04-17 17:51:54.531 [INFO    ] orchestrator: ranked 20 signals — top candidates:
2026-04-17 17:51:54.531 [INFO    ] orchestrator:   #1 UP    score=  6.82  GOLDEN  folds=6/6  WR=97.5%  consWR=94.5%  entry=$0.87  ev=$0.0708
2026-04-17 17:51:54.531 [INFO    ] orchestrator:   #2 UP    score=  4.00  SILVER  folds=5/6  WR=92.9%  consWR=89.9%  entry=$0.85  ev=$0.0454
2026-04-17 17:51:54.532 [INFO    ] orchestrator:   #3 DOWN  score=  3.91  SILVER  folds=5/6  WR=100.0%  consWR=97.0%  entry=$0.93  ev=$0.0432
2026-04-17 17:51:54.532 [INFO    ] orchestrator:   #4 UP    score=  3.49  BRONZE  folds=4/6  WR=100.0%  consWR=97.0%  entry=$0.92  ev=$0.0488
2026-04-17 17:51:54.532 [INFO    ] orchestrator:   #5 UP    score=  3.48  BRONZE  folds=4/6  WR=100.0%  consWR=97.0%  entry=$0.92  ev=$0.0522
2026-04-17 17:51:54.693 [INFO    ] orchestrator: identity dedupe: pulled 11 paper fire(s) from bot
2026-04-17 17:51:54.693 [INFO    ] orchestrator: DELIVERING GOLDEN signal: #1 Up [200s->170s] d>=0.08% v<=0.05%
2026-04-17 17:51:54.694 [INFO    ] orchestrator:   score=6.82  WR=97.5%  consWR=94.5%  entry=$0.87  ev=$0.0708  folds=[2, 3, 4, 5, 6, 7]
2026-04-17 17:51:54.853 [INFO    ] shared.ipc: IPC: signal delivered successfully (authenticated ack)
2026-04-17 17:51:54.853 [INFO    ] orchestrator: golden signal delivered to bot
2026-04-17 18:06:54.859 [INFO    ] orchestrator: --- cycle start [15:06:54 UTC] ---
2026-04-17 18:06:54.866 [INFO    ] orchestrator: data quality check passed: 600 windows available
2026-04-17 18:06:54.867 [INFO    ] orchestrator: starting engine: C:\Users\operator\Desktop\PolySignalLab\PolySignalEngine\build\Release\PolySignalEngine.exe C:\Users\operator\Desktop\PolySignalLab\PolyDataCollector\data --output-dir C:\Users\operator\Desktop\PolySignalLab\engine_output
2026-04-17 18:07:01.808 [INFO    ] orchestrator: engine: ==========================================================
2026-04-17 18:07:01.808 [INFO    ] orchestrator: engine:   SUMMARY
2026-04-17 18:07:01.809 [INFO    ] orchestrator: engine: ==========================================================
2026-04-17 18:07:01.809 [INFO    ] orchestrator: engine:   Total windows:         600 (316 UP, 284 DOWN)
2026-04-17 18:07:01.809 [INFO    ] orchestrator: engine:   Walk-forward folds:    8 (6 test iterations)
2026-04-17 18:07:01.810 [INFO    ] orchestrator: engine:   OOS base rate:         54.9% UP (450 test windows total)
2026-04-17 18:07:01.810 [INFO    ] orchestrator: engine:   Configs swept:         150480
2026-04-17 18:07:01.810 [INFO    ] orchestrator: engine:   Viable WF-OOS signals: 56
2026-04-17 18:07:01.811 [INFO    ] orchestrator: engine:   Compute time:          5.60s
2026-04-17 18:07:01.811 [INFO    ] orchestrator: engine: ==========================================================
2026-04-17 18:07:01.812 [INFO    ] orchestrator: engine produced: signals_summary_1776438421.json
2026-04-17 18:07:01.812 [INFO    ] orchestrator: cleaned up old summary: signals_summary_1776429350.json
2026-04-17 18:07:01.813 [INFO    ] orchestrator: ranked 20 signals — top candidates:
2026-04-17 18:07:01.813 [INFO    ] orchestrator:   #1 UP    score=  6.82  GOLDEN  folds=6/6  WR=97.5%  consWR=94.5%  entry=$0.87  ev=$0.0708
2026-04-17 18:07:01.814 [INFO    ] orchestrator:   #2 UP    score=  4.00  SILVER  folds=5/6  WR=92.9%  consWR=89.9%  entry=$0.85  ev=$0.0454
2026-04-17 18:07:01.814 [INFO    ] orchestrator:   #3 DOWN  score=  3.99  BRONZE  folds=4/6  WR=96.9%  consWR=93.9%  entry=$0.88  ev=$0.0631
2026-04-17 18:07:01.814 [INFO    ] orchestrator:   #4 UP    score=  3.71  BRONZE  folds=4/6  WR=100.0%  consWR=97.0%  entry=$0.92  ev=$0.0520
2026-04-17 18:07:01.815 [INFO    ] orchestrator:   #5 UP    score=  3.52  GOLDEN  folds=6/6  WR=93.5%  consWR=90.5%  entry=$0.87  ev=$0.0381
2026-04-17 18:07:02.088 [INFO    ] orchestrator: identity dedupe: pulled 11 paper fire(s) from bot
2026-04-17 18:07:02.088 [INFO    ] orchestrator: DELIVERING GOLDEN signal: #1 Up [200s->170s] d>=0.08% v<=0.05%
2026-04-17 18:07:02.089 [INFO    ] orchestrator:   score=6.82  WR=97.5%  consWR=94.5%  entry=$0.87  ev=$0.0708  folds=[2, 3, 4, 5, 6, 7]
2026-04-17 18:07:02.255 [INFO    ] shared.ipc: IPC: signal delivered successfully (authenticated ack)
2026-04-17 18:07:02.255 [INFO    ] orchestrator: golden signal delivered to bot
2026-04-17 18:22:02.265 [INFO    ] orchestrator: --- cycle start [15:22:02 UTC] ---
2026-04-17 18:22:02.272 [INFO    ] orchestrator: data quality check passed: 600 windows available
2026-04-17 18:22:02.273 [INFO    ] orchestrator: starting engine: C:\Users\operator\Desktop\PolySignalLab\PolySignalEngine\build\Release\PolySignalEngine.exe C:\Users\operator\Desktop\PolySignalLab\PolyDataCollector\data --output-dir C:\Users\operator\Desktop\PolySignalLab\engine_output
2026-04-17 18:22:09.234 [INFO    ] orchestrator: engine: ==========================================================
2026-04-17 18:22:09.235 [INFO    ] orchestrator: engine:   SUMMARY
2026-04-17 18:22:09.235 [INFO    ] orchestrator: engine: ==========================================================
2026-04-17 18:22:09.235 [INFO    ] orchestrator: engine:   Total windows:         600 (318 UP, 282 DOWN)
2026-04-17 18:22:09.236 [INFO    ] orchestrator: engine:   Walk-forward folds:    8 (6 test iterations)
2026-04-17 18:22:09.236 [INFO    ] orchestrator: engine:   OOS base rate:         54.9% UP (450 test windows total)
2026-04-17 18:22:09.236 [INFO    ] orchestrator: engine:   Configs swept:         150480
2026-04-17 18:22:09.237 [INFO    ] orchestrator: engine:   Viable WF-OOS signals: 49
2026-04-17 18:22:09.237 [INFO    ] orchestrator: engine:   Compute time:          5.68s
2026-04-17 18:22:09.237 [INFO    ] orchestrator: engine: ==========================================================
2026-04-17 18:22:09.238 [INFO    ] orchestrator: engine produced: signals_summary_1776439329.json
2026-04-17 18:22:09.239 [INFO    ] orchestrator: cleaned up old summary: signals_summary_1776430257.json
2026-04-17 18:22:09.240 [INFO    ] orchestrator: ranked 20 signals — top candidates:
2026-04-17 18:22:09.240 [INFO    ] orchestrator:   #1 UP    score=  5.54  SILVER  folds=5/6  WR=100.0%  consWR=97.0%  entry=$0.91  ev=$0.0646
2026-04-17 18:22:09.240 [INFO    ] orchestrator:   #2 DOWN  score=  5.04  SILVER  folds=5/6  WR=100.0%  consWR=97.0%  entry=$0.92  ev=$0.0529
2026-04-17 18:22:09.241 [INFO    ] orchestrator:   #3 DOWN  score=  4.68  BRONZE  folds=3/6  WR=96.7%  consWR=93.7%  entry=$0.87  ev=$0.0687
2026-04-17 18:22:09.241 [INFO    ] orchestrator:   #4 UP    score=  4.00  SILVER  folds=5/6  WR=92.9%  consWR=89.9%  entry=$0.85  ev=$0.0454
2026-04-17 18:22:09.241 [INFO    ] orchestrator:   #5 UP    score=  3.96  BRONZE  folds=4/6  WR=95.8%  consWR=92.8%  entry=$0.88  ev=$0.0487
2026-04-17 18:22:09.402 [INFO    ] orchestrator: identity dedupe: pulled 11 paper fire(s) from bot
2026-04-17 18:22:09.403 [INFO    ] orchestrator: identity dedupe: up_200.0_170.0_0.08_0.05 has been top for 4 cycles but no paper fire history yet — no suppression
2026-04-17 18:22:09.404 [INFO    ] orchestrator: DELIVERING SILVER signal: #1 Up [200s->170s] d>=0.08% v<=0.05%
2026-04-17 18:22:09.404 [INFO    ] orchestrator:   score=5.54  WR=100.0%  consWR=97.0%  entry=$0.91  ev=$0.0646  folds=[2, 3, 5, 6, 7]
2026-04-17 18:22:09.562 [INFO    ] shared.ipc: IPC: signal delivered successfully (authenticated ack)
2026-04-17 18:22:09.563 [INFO    ] orchestrator: silver signal delivered to bot
2026-04-17 18:37:09.568 [INFO    ] orchestrator: --- cycle start [15:37:09 UTC] ---
2026-04-17 18:37:09.576 [INFO    ] orchestrator: data quality check passed: 600 windows available
2026-04-17 18:37:09.576 [INFO    ] orchestrator: starting engine: C:\Users\operator\Desktop\PolySignalLab\PolySignalEngine\build\Release\PolySignalEngine.exe C:\Users\operator\Desktop\PolySignalLab\PolyDataCollector\data --output-dir C:\Users\operator\Desktop\PolySignalLab\engine_output
2026-04-17 18:37:16.592 [INFO    ] orchestrator: engine: ==========================================================
2026-04-17 18:37:16.593 [INFO    ] orchestrator: engine:   SUMMARY
2026-04-17 18:37:16.593 [INFO    ] orchestrator: engine: ==========================================================
2026-04-17 18:37:16.594 [INFO    ] orchestrator: engine:   Total windows:         600 (318 UP, 282 DOWN)
2026-04-17 18:37:16.594 [INFO    ] orchestrator: engine:   Walk-forward folds:    8 (6 test iterations)
2026-04-17 18:37:16.594 [INFO    ] orchestrator: engine:   OOS base rate:         54.7% UP (450 test windows total)
2026-04-17 18:37:16.595 [INFO    ] orchestrator: engine:   Configs swept:         150480
2026-04-17 18:37:16.595 [INFO    ] orchestrator: engine:   Viable WF-OOS signals: 47
2026-04-17 18:37:16.595 [INFO    ] orchestrator: engine:   Compute time:          5.72s
2026-04-17 18:37:16.596 [INFO    ] orchestrator: engine: ==========================================================
2026-04-17 18:37:16.597 [INFO    ] orchestrator: engine produced: signals_summary_1776440236.json
2026-04-17 18:37:16.598 [INFO    ] orchestrator: cleaned up old summary: signals_summary_1776431164.json
2026-04-17 18:37:16.598 [INFO    ] orchestrator: ranked 20 signals — top candidates:
2026-04-17 18:37:16.599 [INFO    ] orchestrator:   #1 UP    score=  6.18  SILVER  folds=5/6  WR=100.0%  consWR=97.0%  entry=$0.90  ev=$0.0721
2026-04-17 18:37:16.599 [INFO    ] orchestrator:   #2 DOWN  score=  4.91  SILVER  folds=5/6  WR=100.0%  consWR=97.0%  entry=$0.92  ev=$0.0516
2026-04-17 18:37:16.600 [INFO    ] orchestrator:   #3 UP    score=  4.00  SILVER  folds=5/6  WR=92.9%  consWR=89.9%  entry=$0.85  ev=$0.0454
2026-04-17 18:37:16.600 [INFO    ] orchestrator:   #4 UP    score=  3.87  BRONZE  folds=4/6  WR=100.0%  consWR=97.0%  entry=$0.92  ev=$0.0541
2026-04-17 18:37:16.600 [INFO    ] orchestrator:   #5 UP    score=  3.60  BRONZE  folds=4/6  WR=100.0%  consWR=97.0%  entry=$0.92  ev=$0.0504
2026-04-17 18:37:16.759 [INFO    ] orchestrator: identity dedupe: pulled 11 paper fire(s) from bot
2026-04-17 18:37:16.760 [INFO    ] orchestrator: identity dedupe: up_200.0_170.0_0.08_0.05 has been top for 4 cycles but no paper fire history yet — no suppression
2026-04-17 18:37:16.761 [INFO    ] orchestrator: DELIVERING SILVER signal: #1 Up [200s->170s] d>=0.08% v<=0.05%
2026-04-17 18:37:16.761 [INFO    ] orchestrator:   score=6.18  WR=100.0%  consWR=97.0%  entry=$0.90  ev=$0.0721  folds=[2, 3, 5, 6, 7]
2026-04-17 18:37:16.920 [INFO    ] shared.ipc: IPC: signal delivered successfully (authenticated ack)
2026-04-17 18:37:16.920 [INFO    ] orchestrator: silver signal delivered to bot
2026-04-17 18:52:16.934 [INFO    ] orchestrator: --- cycle start [15:52:16 UTC] ---
2026-04-17 18:52:16.940 [INFO    ] orchestrator: data quality check passed: 600 windows available
2026-04-17 18:52:16.941 [INFO    ] orchestrator: starting engine: C:\Users\operator\Desktop\PolySignalLab\PolySignalEngine\build\Release\PolySignalEngine.exe C:\Users\operator\Desktop\PolySignalLab\PolyDataCollector\data --output-dir C:\Users\operator\Desktop\PolySignalLab\engine_output
2026-04-17 18:52:23.884 [INFO    ] orchestrator: engine: ==========================================================
2026-04-17 18:52:23.885 [INFO    ] orchestrator: engine:   SUMMARY
2026-04-17 18:52:23.885 [INFO    ] orchestrator: engine: ==========================================================
2026-04-17 18:52:23.886 [INFO    ] orchestrator: engine:   Total windows:         600 (318 UP, 282 DOWN)
2026-04-17 18:52:23.886 [INFO    ] orchestrator: engine:   Walk-forward folds:    8 (6 test iterations)
2026-04-17 18:52:23.887 [INFO    ] orchestrator: engine:   OOS base rate:         54.4% UP (450 test windows total)
2026-04-17 18:52:23.887 [INFO    ] orchestrator: engine:   Configs swept:         150480
2026-04-17 18:52:23.887 [INFO    ] orchestrator: engine:   Viable WF-OOS signals: 51
2026-04-17 18:52:23.888 [INFO    ] orchestrator: engine:   Compute time:          5.57s
2026-04-17 18:52:23.888 [INFO    ] orchestrator: engine: ==========================================================
2026-04-17 18:52:23.889 [INFO    ] orchestrator: engine produced: signals_summary_1776441143.json
2026-04-17 18:52:23.890 [INFO    ] orchestrator: cleaned up old summary: signals_summary_1776432071.json
2026-04-17 18:52:23.891 [INFO    ] orchestrator: ranked 20 signals — top candidates:
2026-04-17 18:52:23.891 [INFO    ] orchestrator:   #1 UP    score=  6.18  SILVER  folds=5/6  WR=100.0%  consWR=97.0%  entry=$0.90  ev=$0.0721
2026-04-17 18:52:23.891 [INFO    ] orchestrator:   #2 UP    score=  4.14  BRONZE  folds=3/6  WR=95.8%  consWR=92.8%  entry=$0.85  ev=$0.0733
2026-04-17 18:52:23.891 [INFO    ] orchestrator:   #3 UP    score=  3.98  SILVER  folds=5/6  WR=92.6%  consWR=89.6%  entry=$0.85  ev=$0.0452
2026-04-17 18:52:23.892 [INFO    ] orchestrator:   #4 UP    score=  2.77  BRONZE  folds=3/6  WR=100.0%  consWR=97.0%  entry=$0.91  ev=$0.0582
2026-04-17 18:52:23.892 [INFO    ] orchestrator:   #5 UP    score=  2.74  GOLDEN  folds=6/6  WR=100.0%  consWR=97.0%  entry=$0.94  ev=$0.0274
2026-04-17 18:52:24.051 [INFO    ] orchestrator: identity dedupe: pulled 11 paper fire(s) from bot
2026-04-17 18:52:24.051 [INFO    ] orchestrator: identity dedupe: up_200.0_170.0_0.08_0.05 has been top for 4 cycles but no paper fire history yet — no suppression
2026-04-17 18:52:24.052 [INFO    ] orchestrator: DELIVERING SILVER signal: #1 Up [200s->170s] d>=0.08% v<=0.05%
2026-04-17 18:52:24.053 [INFO    ] orchestrator:   score=6.18  WR=100.0%  consWR=97.0%  entry=$0.90  ev=$0.0721  folds=[2, 3, 5, 6, 7]
2026-04-17 18:52:24.212 [INFO    ] shared.ipc: IPC: signal delivered successfully (authenticated ack)
2026-04-17 18:52:24.212 [INFO    ] orchestrator: silver signal delivered to bot
2026-04-17 19:07:24.216 [INFO    ] orchestrator: --- cycle start [16:07:24 UTC] ---
2026-04-17 19:07:24.224 [INFO    ] orchestrator: data quality check passed: 600 windows available
2026-04-17 19:07:24.225 [INFO    ] orchestrator: starting engine: C:\Users\operator\Desktop\PolySignalLab\PolySignalEngine\build\Release\PolySignalEngine.exe C:\Users\operator\Desktop\PolySignalLab\PolyDataCollector\data --output-dir C:\Users\operator\Desktop\PolySignalLab\engine_output
2026-04-17 19:07:31.142 [INFO    ] orchestrator: engine: ==========================================================
2026-04-17 19:07:31.143 [INFO    ] orchestrator: engine:   SUMMARY
2026-04-17 19:07:31.143 [INFO    ] orchestrator: engine: ==========================================================
2026-04-17 19:07:31.144 [INFO    ] orchestrator: engine:   Total windows:         600 (318 UP, 282 DOWN)
2026-04-17 19:07:31.144 [INFO    ] orchestrator: engine:   Walk-forward folds:    8 (6 test iterations)
2026-04-17 19:07:31.144 [INFO    ] orchestrator: engine:   OOS base rate:         54.4% UP (450 test windows total)
2026-04-17 19:07:31.144 [INFO    ] orchestrator: engine:   Configs swept:         150480
2026-04-17 19:07:31.145 [INFO    ] orchestrator: engine:   Viable WF-OOS signals: 49
2026-04-17 19:07:31.145 [INFO    ] orchestrator: engine:   Compute time:          5.56s
2026-04-17 19:07:31.145 [INFO    ] orchestrator: engine: ==========================================================
2026-04-17 19:07:31.146 [INFO    ] orchestrator: engine produced: signals_summary_1776442051.json
2026-04-17 19:07:31.147 [INFO    ] orchestrator: cleaned up old summary: signals_summary_1776432978.json
2026-04-17 19:07:31.147 [INFO    ] orchestrator: ranked 20 signals — top candidates:
2026-04-17 19:07:31.148 [INFO    ] orchestrator:   #1 UP    score=  6.03  SILVER  folds=5/6  WR=100.0%  consWR=97.0%  entry=$0.90  ev=$0.0703
2026-04-17 19:07:31.148 [INFO    ] orchestrator:   #2 UP    score=  4.64  BRONZE  folds=4/6  WR=96.3%  consWR=93.3%  entry=$0.88  ev=$0.0570
2026-04-17 19:07:31.149 [INFO    ] orchestrator:   #3 UP    score=  4.06  SILVER  folds=5/6  WR=92.9%  consWR=89.9%  entry=$0.85  ev=$0.0461
2026-04-17 19:07:31.149 [INFO    ] orchestrator:   #4 UP    score=  3.84  BRONZE  folds=4/6  WR=100.0%  consWR=97.0%  entry=$0.92  ev=$0.0537
2026-04-17 19:07:31.149 [INFO    ] orchestrator:   #5 DOWN  score=  3.52  BRONZE  folds=3/6  WR=97.4%  consWR=94.4%  entry=$0.88  ev=$0.0636
2026-04-17 19:07:31.308 [INFO    ] orchestrator: identity dedupe: pulled 11 paper fire(s) from bot
2026-04-17 19:07:31.308 [INFO    ] orchestrator: identity dedupe: up_200.0_170.0_0.08_0.05 has been top for 4 cycles but no paper fire history yet — no suppression
2026-04-17 19:07:31.309 [INFO    ] orchestrator: DELIVERING SILVER signal: #1 Up [200s->170s] d>=0.08% v<=0.05%
2026-04-17 19:07:31.309 [INFO    ] orchestrator:   score=6.03  WR=100.0%  consWR=97.0%  entry=$0.90  ev=$0.0703  folds=[2, 3, 5, 6, 7]
2026-04-17 19:07:31.468 [INFO    ] shared.ipc: IPC: signal delivered successfully (authenticated ack)
2026-04-17 19:07:31.468 [INFO    ] orchestrator: silver signal delivered to bot
2026-04-17 19:22:31.481 [INFO    ] orchestrator: --- cycle start [16:22:31 UTC] ---
2026-04-17 19:22:31.488 [INFO    ] orchestrator: data quality check passed: 600 windows available
2026-04-17 19:22:31.489 [INFO    ] orchestrator: starting engine: C:\Users\operator\Desktop\PolySignalLab\PolySignalEngine\build\Release\PolySignalEngine.exe C:\Users\operator\Desktop\PolySignalLab\PolyDataCollector\data --output-dir C:\Users\operator\Desktop\PolySignalLab\engine_output
2026-04-17 19:22:38.281 [INFO    ] orchestrator: engine: ==========================================================
2026-04-17 19:22:38.281 [INFO    ] orchestrator: engine:   SUMMARY
2026-04-17 19:22:38.282 [INFO    ] orchestrator: engine: ==========================================================
2026-04-17 19:22:38.282 [INFO    ] orchestrator: engine:   Total windows:         600 (318 UP, 282 DOWN)
2026-04-17 19:22:38.283 [INFO    ] orchestrator: engine:   Walk-forward folds:    8 (6 test iterations)
2026-04-17 19:22:38.283 [INFO    ] orchestrator: engine:   OOS base rate:         54.0% UP (450 test windows total)
2026-04-17 19:22:38.283 [INFO    ] orchestrator: engine:   Configs swept:         150480
2026-04-17 19:22:38.284 [INFO    ] orchestrator: engine:   Viable WF-OOS signals: 49
2026-04-17 19:22:38.284 [INFO    ] orchestrator: engine:   Compute time:          5.43s
2026-04-17 19:22:38.284 [INFO    ] orchestrator: engine: ==========================================================
2026-04-17 19:22:38.285 [INFO    ] orchestrator: engine produced: signals_summary_1776442958.json
2026-04-17 19:22:38.285 [INFO    ] orchestrator: cleaned up old summary: signals_summary_1776433885.json
2026-04-17 19:22:38.286 [INFO    ] orchestrator: ranked 20 signals — top candidates:
2026-04-17 19:22:38.286 [INFO    ] orchestrator:   #1 UP    score=  7.27  SILVER  folds=5/6  WR=97.4%  consWR=94.4%  entry=$0.86  ev=$0.0792
2026-04-17 19:22:38.286 [INFO    ] orchestrator:   #2 DOWN  score=  5.32  SILVER  folds=5/6  WR=97.4%  consWR=94.4%  entry=$0.88  ev=$0.0592
2026-04-17 19:22:38.287 [INFO    ] orchestrator:   #3 UP    score=  4.64  BRONZE  folds=4/6  WR=96.3%  consWR=93.3%  entry=$0.88  ev=$0.0570
2026-04-17 19:22:38.287 [INFO    ] orchestrator:   #4 UP    score=  4.01  SILVER  folds=5/6  WR=92.9%  consWR=89.9%  entry=$0.85  ev=$0.0461
2026-04-17 19:22:38.287 [INFO    ] orchestrator:   #5 UP    score=  3.84  BRONZE  folds=4/6  WR=100.0%  consWR=97.0%  entry=$0.92  ev=$0.0537
2026-04-17 19:22:38.448 [INFO    ] orchestrator: identity dedupe: pulled 11 paper fire(s) from bot
2026-04-17 19:22:38.449 [INFO    ] orchestrator: identity dedupe: up_200.0_170.0_0.08_0.05 has been top for 4 cycles but no paper fire history yet — no suppression
2026-04-17 19:22:38.450 [INFO    ] orchestrator: DELIVERING SILVER signal: #1 Up [200s->170s] d>=0.08% v<=0.05%
2026-04-17 19:22:38.450 [INFO    ] orchestrator:   score=7.27  WR=97.4%  consWR=94.4%  entry=$0.86  ev=$0.0792  folds=[3, 4, 5, 6, 7]
2026-04-17 19:22:38.613 [INFO    ] shared.ipc: IPC: signal delivered successfully (authenticated ack)
2026-04-17 19:22:38.614 [INFO    ] orchestrator: silver signal delivered to bot
